,PedNYC1_scenario3,PedNYC1_scenario7,PedNYC1_scenario12,PedNYC1_scenario15,PedNYC1_scenario16,PedNYC1_scenario21,PedNYC2_scenario3,PedNYC2_scenario7,PedNYC2_scenario12,PedNYC2_scenario15,PedNYC2_scenario16,PedNYC2_scenario21,PedNYC3_scenario3,PedNYC3_scenario7,PedNYC3_scenario12,PedNYC3_scenario15,PedNYC3_scenario16,PedNYC3_scenario21,PedNYC4_scenario3,PedNYC4_scenario7,PedNYC4_scenario12,PedNYC4_scenario15,PedNYC4_scenario16,PedNYC4_scenario21,PedNYC5_scenario3,PedNYC5_scenario7,PedNYC5_scenario12,PedNYC5_scenario15,PedNYC5_scenario16,PedNYC5_scenario21,PedNYC6_scenario7,PedNYC6_scenario15_CSV_Scenario_Ped_15_Session_temp_2024_03_01_11_47_13_decoded,PedNYC6_scenario15_CSV_Scenario_Ped_15_Session_temp_2024_03_01_11_48_06_decoded,PedNYC6_scenario15_CSV_Scenario_Ped_15_Session_temp_2024_03_01_11_52_52_decoded,PedNYC6_scenario21_CSV_Scenario_Ped_21_Session_temp_2024_03_01_11_17_48_decoded,PedNYC6_scenario21_CSV_Scenario_Ped_21_Session_temp_2024_03_01_11_18_30_decoded,PedNYC7_scenario3,PedNYC7_scenario7,PedNYC7_scenario12_CSV_Scenario_Ped_12_Session_temp_2024_03_01_15_26_15_decoded,PedNYC7_scenario12_CSV_Scenario_Ped_12_Session_temp_2024_03_01_15_27_41_decoded,PedNYC7_scenario15,PedNYC7_scenario16,PedNYC7_scenario21,PedNYC8_scenario3,PedNYC8_scenario7,PedNYC8_scenario12,PedNYC8_scenario15,PedNYC8_scenario16,PedNYC9_scenario3,PedNYC9_scenario7,PedNYC9_scenario12,PedNYC9_scenario15,PedNYC9_scenario16,PedNYC9_scenario21,PedNYC10_scenario3,PedNYC10_scenario7,PedNYC10_scenario16,PedNYC11_scenario3,PedNYC11_scenario7,PedNYC11_scenario12,PedNYC11_scenario15,PedNYC11_scenario16,PedNYC11_scenario21,PedNYC12_scenario3,PedNYC12_scenario7,PedNYC12_scenario12,PedNYC12_scenario15,PedNYC12_scenario16,PedNYC12_scenario21,PedNYC13_scenario3,PedNYC13_scenario7,PedNYC13_scenario12,PedNYC13_scenario15,PedNYC13_scenario16,PedNYC13_scenario21,PedNYC15_scenario3,PedNYC15_scenario12,PedNYC15_scenario15,PedNYC15_scenario16,PedNYC16_scenario3,PedNYC16_scenario12,PedNYC16_scenario15,PedNYC16_scenario16_CSV_Scenario_Ped_16_Session_temp_2024_03_14_17_07_34_decoded,PedNYC16_scenario16_CSV_Scenario_Ped_16_Session_temp_2024_03_14_17_08_25_decoded,PedNYC16_scenario21_CSV_Scenario_Ped_21_Session_temp_2024_03_14_17_39_35_decoded,PedNYC16_scenario21_CSV_Scenario_Ped_21_Session_temp_2024_03_14_17_40_50_decoded,PedNYC17_scenario3,PedNYC17_scenario7,PedNYC17_scenario15,PedNYC17_scenario16,PedNYC17_scenario21,PedNYC18_scenario7,PedNYC18_scenario12,PedNYC18_scenario21,PedNYC19_scenario3,PedNYC19_scenario7,PedNYC19_scenario12,PedNYC19_scenario15,PedNYC19_scenario16,PedNYC19_scenario21,PedNYC20_scenario12,PedNYC20_scenario15,PedNYC20_scenario16,PedNYC20_scenario21,PedNYC21_scenario3,PedNYC21_scenario7,PedNYC21_scenario12,PedNYC22_scenario3,PedNYC22_scenario7,PedNYC22_scenario12,PedNYC22_scenario15,PedNYC22_scenario16,PedNYC22_scenario21,PedNYC23_scenario3,PedNYC23_scenario7,PedNYC23_scenario12,PedNYC23_scenario15,PedNYC23_scenario16,PedNYC23_scenario21,PedNYC24_scenario3,PedNYC24_scenario12,PedNYC24_scenario15,PedNYC24_scenario16,PedNYC24_scenario21,PedNYC25_scenario3,PedNYC25_scenario7,PedNYC25_scenario15,PedNYC25_scenario16,PedNYC25_scenario21,PedNYC26_scenario3,PedNYC26_scenario7,PedNYC26_scenario12,PedNYC26_scenario15,PedNYC26_scenario16,PedNYC26_scenario21,PedNYC27_scenario21,PedNYC28_scenario3,PedNYC28_scenario7,PedNYC28_scenario12,PedNYC28_scenario15,PedNYC28_scenario16,PedNYC28_scenario21,PedNYC29_scenario3,PedNYC29_scenario7,PedNYC29_scenario12,PedNYC29_scenario15,PedNYC29_scenario21,PedNYC30_scenario3,PedNYC30_scenario12,PedNYC30_scenario15,PedNYC30_scenario16,PedNYC30_scenario21,PedNYC31_scenario3,PedNYC31_scenario12,PedNYC31_scenario15
PedNYC1_scenario3,1.0,-0.35376481840157514,0.4861847308285203,-0.2595869540491067,-0.16523987532688622,-0.31805516296403646,0.025010030631087643,0.3899148989074288,0.1860724708592737,0.07567666511056903,0.09125723087630855,0.3866032608210035,0.018801578438129463,0.1437046819571134,-0.06368430260201552,0.34673336893964346,-0.39255203831990504,0.41525191350968516,0.6772013321675228,0.03251922176843047,0.18439986481835235,-0.45823827460323274,-0.03238901231801439,-0.5515339149346017,-0.14449290190601305,0.6089291450461273,0.37859838956555814,-0.531707236678157,-0.12545898706886338,0.04195063240775898,0.561940946809485,-0.14640709281682707,-0.27977334171214796,0.6015148146093185,-0.1730460841281889,-0.17142289343631534,0.398980385983571,0.012805662166971765,-0.19869906761895106,0.061626031227093314,-0.358095869053338,-0.2288601486070969,-0.1859530921580479,-0.35336109234051194,0.1077271132722406,0.36413015491894496,-0.009008968216171809,-0.15541787032664955,-0.48927635158043525,-0.20178995801792432,0.17342244244935834,0.14370696050910992,0.2789520076449318,0.5674373925948115,-0.40671096069068335,-0.28143368400123814,0.26168601763241006,-0.017399312057552185,0.15337685307154492,0.03019650161504228,0.12516156794006794,0.6909970680120257,0.37429082213690523,0.40376767465281527,0.043610284791559595,0.03415330245293213,-0.06190812075782315,0.12064310281829693,-0.0595658759345532,0.7108410514561003,0.045189232850088246,0.5995994192537175,-0.265947067058935,-0.31362934165787415,-0.21411682687918754,0.3186662877676689,-0.45940740797102375,-0.2481713249425641,-0.08121678131614574,-0.16722073046239339,-0.2889849297660636,-0.14372099164000307,-0.21387530866171356,0.1244811324948829,0.1171235543387833,-0.23463881409181075,-0.10639987778922588,0.06099010726743426,0.10276175188038006,0.04428968068536576,-0.04653104649446149,0.5586532657090751,0.11362150860175635,0.46954000139167784,-0.08667889677267482,-0.341886920945764,-0.2072051014719074,0.038681669279864495,0.08446643556231226,0.03449768289608823,0.3892951476591562,0.2293924944905985,0.12435216979193964,0.09976415526164417,-0.2371511084191107,0.5065658082403611,-0.14823838202364348,0.15092411850837617,-0.022546126777815756,0.09586415941690929,-0.2246254963130785,-0.21068061929704407,-0.43704021634057977,0.09410058628516582,-0.15064434798860882,-0.5085228569876337,-0.24903559797889407,0.3858111552370995,0.6024346242918157,0.6816152454205426,-0.12099425595035473,-0.6431301360952644,-0.14088554043191825,0.7307471379809469,-0.3392090316020462,-0.4541019475655541,-0.3060309692649328,0.11399031060486375,0.03769536905348814,-0.05329644066951067,-0.31717618757676336,-0.08255788738228675,-0.14773228322273413,0.43943785524704193,0.15794413067303048,-0.13623246569333602,0.10573511311205086,0.5552042481176971,0.5947567516405841,-0.020836371655134966,0.12798750796549485,-0.01929876917989204,-0.10610934838523911,-0.07754255441241731,0.030296141224616213,0.1521853595290863,0.011092384125349075,-0.06914678853950273,0.44373957998371605,-0.6449965352825036,-0.005261492924790723,-0.07535943488495467,-0.3230543563956678,-0.3929400782417636,-0.3568267892063006
PedNYC1_scenario7,-0.35376481840157514,1.0,0.3606074615341577,0.7689875673618313,0.517209168380117,0.1893408746296903,-0.10059676394115558,-0.7390679595561167,-0.20531967561989184,-0.02805186358671219,0.203951587954198,-0.7052225769349905,0.020433376047279683,-0.18621967876366785,0.016577736554042377,0.12721672922033855,0.02160689309374486,-0.21896037827300296,-0.16820978864031133,-0.21498107112868814,0.2816576941629345,0.46162386606593353,-0.09005746389540703,0.14678713009196265,-0.5305346721696462,-0.7639308873126631,0.17443658883791036,0.24407231211738156,0.5017878303773449,0.2964683839963711,-0.4380425689058669,-0.03904927613692566,0.10216641587838349,-0.11989506088956947,0.11596259640081807,0.27123711600809686,-0.5304903429316192,0.2691615914840264,-0.3507888928575511,0.25627154430474264,0.1649773697260376,0.544883323637684,0.6510333466416707,0.5042977358655089,0.02885004996162288,-0.04051238977875893,0.3719409907541007,-0.07626762238091689,-0.2739628512765444,0.01481487674016646,-0.06984020073885455,-0.4769700077666328,0.09983590457202507,-0.3171702363819473,-0.41714706699704873,-0.309355140031077,-0.04893612667693259,-0.36403487514491917,-0.1503208359547923,0.444133338642168,0.41460749585456336,0.13419273607648008,-0.1989692701562924,-0.5131747491638938,-0.009664915364173243,-0.011628542325230251,0.10747611883607111,0.11081851052864455,0.2300120140821159,-0.1023572250505429,0.21020581239822944,-0.18747579353923283,0.44483146972110243,0.31800949130279643,0.3177378452585067,-0.279944049745644,-0.2795824584321769,0.2126883381866158,-0.27754185708457557,-0.26552186468934735,-0.0340919101323629,0.41763667171690066,0.07195101633833123,0.4374859046026329,0.24384174674324544,0.46867319751398073,-0.051136800843161856,-0.04423417271369745,-0.00745248200422588,-0.26082978236348797,0.030426735897220447,-0.2835343046489318,-0.2433946308443331,0.16450741347840614,-0.6465728439372782,-0.2912151219949033,-0.20989065772242443,-0.19359858617029957,-0.5687112425529799,-0.44232413523391734,0.46219831365346054,0.5620070959367262,0.28672835916721806,0.03893512967214785,-0.5696382009804681,0.2623456972790357,0.7108994928021948,-0.02810965112611785,-0.08924374149353431,-0.18938564414643477,-0.7027189777124998,0.06644004052397445,0.19270667309905787,0.2529429382095817,-0.3388816188575332,-0.022839093754872808,0.49896744827668926,0.2073917039184111,0.0663446973705103,-0.09835968696235176,-0.01951462134752724,0.12620618691857255,-0.08361152886587697,-0.29912177073956814,0.2011721888343001,0.39641882191386957,0.0033574642385088005,-0.34028094482046267,-0.14129934414011536,-0.28323976252770855,-0.38977826577944175,-0.4744918785098178,-0.43147563008055023,-0.44187806861481205,-0.5520407754423655,0.5040654469142385,0.3312534544210295,0.31355701460064855,0.2671507048496895,0.5601317986158464,0.5028975127886948,0.4377907972984356,-0.42108481698407974,-0.007921670066728614,-0.17943493178053638,-0.16996100136931225,-0.21451607029016628,0.18759297663924723,0.021506275201539027,0.41641676697317476,-0.1593927107576507,-0.15575287463878618,0.24335348545472857,0.19388514785017008,0.18009562377756216
PedNYC1_scenario12,0.4861847308285203,0.3606074615341577,1.0,0.08541620696288044,0.12020759641372214,-0.28555769429433364,-0.16965134609603938,-0.36417239269978396,0.18928047020768557,-0.23209420081219312,0.3465313335825567,-0.34981716927862205,-0.25343342850059325,-0.0013346030798258024,0.450817492570191,0.326632696029874,0.15714040972215737,-0.042436967472815335,0.1861155021913654,-0.37462180613616347,0.7723440458812318,-0.2369220765461817,0.1931447103072097,-0.5066815205241029,-0.8302202123643085,-0.06654876777658503,0.7103369315808499,-0.31853974552363384,0.40477082289209265,0.019599257557171845,0.06911446216447703,0.1865085596284337,0.0380906462384103,0.2569033706030942,0.1783164350898394,-0.1343706817256125,-0.3301393505816195,0.508323418212768,-0.35103954606768006,0.5632185433868537,-0.30249010935637566,0.16671038646290204,0.15632900264784744,-0.1340359124559667,-0.12013559025031428,0.6153634310187169,0.050601698197353606,-0.09646239246813093,-0.6036268433444838,0.13358561592439266,0.40232719682422347,-0.31008422961162374,0.6856817229892224,-0.04611080971394532,-0.5652682913470848,-0.5064941782725765,0.30608776132267024,-0.4931642002258134,-0.2110744907277362,0.49217369601531047,0.22918630319478273,0.5930515437679601,-0.00985453568374206,-0.2598497163892177,0.2769025534702898,0.4280121470558651,-0.29532730867222967,0.4590747411226226,-0.15396146035812475,0.3062609247461442,0.30949494081961737,0.46047252950089534,-0.17457945657437457,0.02469253466986221,-0.11342115936796193,-0.14991358687537648,-0.4682428098579936,-0.18317875463212374,-0.3477556190436095,-0.30061845632951045,0.2216146690449694,0.03846313012155855,0.15807332877622415,0.43355699192573016,0.062278823505455216,-0.24217687277580757,-0.4899407821089927,-0.0754716360760248,-0.17118997368551847,-0.26948093827490927,-0.15922564652803595,0.1665136153798188,0.1207724523952135,0.32375729092415284,-0.521983669325992,-0.23925688524275168,0.229498399057791,-0.3181924342437359,-0.056426235301394234,-0.304543287545018,0.7017436820833289,0.47422798916930786,0.4286552083143107,-0.18072265753527317,-0.49754743754796804,0.7307771718349506,0.5011690370847479,0.008720191285605194,-0.018677802053981507,0.2589677787389151,-0.7200887072769286,-0.023801898086748707,-0.42172911331516083,-0.015962421751010147,-0.5059141601230226,-0.1610713054507904,-0.10354775432623375,0.4236518851776445,0.40989135670136545,0.37687649022952074,0.2582900061044686,-0.524366575063913,-0.11772718525238712,0.29435656161516843,-0.20867007174269436,0.15151963876163832,-0.09993322138279881,0.01922219105381917,-0.07105984926623066,-0.45019516345877886,-0.5517386216069249,-0.2578419074667755,-0.3858624500289012,0.23794505112238995,-0.33032176754117537,0.032545288116366256,0.12304666937509234,0.6749827243188926,0.9150681074334527,0.23647899041741804,0.38794926803980445,0.08983494053949304,-0.5320561778746136,-0.1524871604075817,-0.11756653428282937,-0.3568663541461783,-0.4273587492686466,0.1464429991973224,0.47426579759434695,-0.43082591599713527,-0.16994352969617554,-0.2582174850351062,-0.0872576814273689,-0.10682673190805336,-0.12459910626877102
PedNYC1_scenario15,-0.2595869540491067,0.7689875673618313,0.08541620696288044,1.0,0.84510391975953,0.44838048010787257,-0.3346529181210598,-0.4909741117213624,0.05199137122813291,0.13669966990906302,0.08859544757091631,-0.7364700396440629,-0.00671221593734761,-0.5580876651414051,-0.3399399399740357,-0.08985739734653042,-0.10260659628327096,0.14165254402225558,0.030322384288812954,-0.27119688118635477,-0.1355811836904155,0.4885806272083184,-0.1317482756323063,0.41696704428352216,-0.3718687765430597,-0.777184819951267,0.05168637515040109,0.3712195101208282,0.42140792925504544,0.4283161021578126,-0.5469111866334635,0.013766396596986086,0.2630293324578241,-0.05795723316360624,0.244848934281227,0.6339315385215777,-0.5551588155171001,-0.017248329607926438,-0.47599817583349946,-0.18382430247627646,-0.08022968270375674,0.27910526494342724,0.7822680217495876,0.43772443125919636,-0.21132634566841313,-0.33026473772248544,0.3069201135755004,-0.2774394097893218,-0.4535308300756584,-0.5066641629579762,-0.47200420946819155,-0.6571351649625661,-0.2957929775750827,-0.3687170406472884,-0.3636020732202141,-0.5425866429493804,0.09396613331745529,-0.5287930580811135,-0.18145362327943992,0.13248767065839662,0.5963302158510932,0.23773827519346902,0.09638327785568501,-0.5053610047171531,-0.46019216171568744,-0.5282306790677518,0.10614676017607982,0.11203498664674683,0.3952864614042352,-0.013068523451863712,-0.1741505483745489,-0.11523032193155491,0.7269053747872435,0.5012351738214307,0.4797192178224079,-0.26139587728314817,-0.26761490261615273,0.3998254857828226,-0.39339763339570366,0.057620821086479035,0.0035734442030468383,0.7289478718711953,0.15986493349382225,0.5496963509357731,0.25495878540670036,0.7869657438546622,-0.10793425783737098,-0.3162490743424189,0.0054130159883849505,-0.4184742489591815,0.19319323182299608,-0.5291873654369752,-0.6875624890885066,0.4334377350253795,-0.6405987464887581,-0.5451521076928478,-0.2355742478990721,-0.1762011819454643,-0.46934865722661945,-0.4248620598014541,0.2838809600322275,0.602436954303267,0.31469229620832895,0.3615501455334946,-0.48215694871892967,0.20760131679475813,0.6346963899585017,0.161751115229968,0.18327519144333304,-0.5527944507038502,-0.524698400197604,0.31591467702130105,0.5393501109362211,0.3092037616845251,-0.37906575514023344,-0.28428246619310604,0.8172672312219148,0.20971950243133053,0.4165397217354432,0.20397641722113058,-0.404681842737741,0.49079566921459783,0.4019746179090996,-0.009880462137664248,0.3278950652838436,-0.06928646665139837,0.32469013215741327,-0.008823491186607635,0.31284824090157004,0.01723801871556263,-0.5710063662080125,-0.5093052776030855,-0.1801276400152716,-0.4134391810454203,-0.592524960712481,0.7440554352030998,0.5081957421331548,0.1772565782295169,0.15055004473712752,0.6681038573979352,0.4878605800450344,0.6091254662910718,-0.4845021055509049,-0.25877744637276767,-0.32795184077457185,-0.14438949485928854,0.1508428351455604,0.1449104427584288,-0.05986701892086299,0.7143666631913568,-0.09628344962886559,0.1781759087778666,0.12247043594350948,0.21265860747676324,0.20523716959507987
PedNYC1_scenario16,-0.16523987532688622,0.517209168380117,0.12020759641372214,0.84510391975953,1.0,0.5039699526294265,-0.31765878184498764,-0.5821326248318748,0.21175772426529083,0.12414251126873521,0.3185539834142088,-0.5800305437704436,-0.19677648307180018,-0.742705169604581,-0.26012306647463634,-0.13031109356896664,-0.00939766827777011,0.0922697880393426,0.13585027779592518,-0.2395126033966528,-0.08159048909687217,0.39331326779551423,0.0558070835834541,0.40389922680596335,-0.34645645421180493,-0.6615666029693112,0.20724373346784952,0.4239798245068551,0.5202571855707916,0.43207737997795737,-0.5434977373415975,0.300153152230346,0.3109936551568705,-0.2145014310031581,0.5149947343130808,0.6052891691015377,-0.5634914804693798,-0.11949665047884683,-0.5634635641202181,-0.23205949481666255,-0.2972927489833892,0.08385828249869742,0.6568870296926512,0.33009113138449486,-0.40554638894748263,-0.38382092970162596,0.06401973612828549,-0.26152450668660854,-0.48691955383493113,-0.5591561569919938,-0.4911487857241843,-0.5240434960406177,-0.3322285620951866,-0.35980190740536777,-0.23438150359408683,-0.5551537850989408,0.32925106092230116,-0.5745030410927567,-0.16190258870088758,0.12641869657817595,0.4664830771988695,0.3481930975478902,0.10784927716079085,-0.4042590984921859,-0.5596852763032185,-0.4742956280252639,-0.08648835284178191,0.3460269372484559,0.4019124102540086,0.020007584280294477,-0.3035951839394162,0.14227421203772228,0.6766420330104476,0.5493149826042837,0.40068787515475,-0.15821920835441095,-0.23446979483460018,0.33881989799906453,-0.5213579984654264,0.05140497061337801,0.1797101592327559,0.8008340284327212,0.3859132588128078,0.6874880318603842,0.20071155124150297,0.7655504879563978,-0.24544231014738216,-0.44202085233879806,-0.09502706908403047,-0.4747787733189641,0.12702089836460484,-0.5538132693608195,-0.6886580686182109,0.5782181096676953,-0.5725713797696206,-0.5216703662047539,6.159846688058579e-05,-0.21029587891081225,-0.17923009836432335,-0.3457110417609881,0.2814024173290651,0.4674616659946115,0.4989624345508753,0.3295618983319123,-0.45999041625125425,0.11551583624612616,0.5326950374691654,0.3863597039380986,0.23488889876985342,-0.354745960187286,-0.32140090103490193,0.5924266425293018,0.4668156641451996,0.27310691409453536,-0.45158661744773454,-0.23792342679639078,0.7134267856640947,0.1378112059293558,0.38845309237957304,0.2654040182989703,-0.4287411495869349,0.4284773298466853,0.559373108861627,-0.016361285078781318,0.3274682104632338,-0.19118655531378548,0.46280036195023944,0.25700313577656164,0.4625074235227473,0.02133080139059451,-0.6000090823510544,-0.5871844658570171,-0.10914701297692919,-0.29923404554427924,-0.4999861746202239,0.6245701044731097,0.5314780185978011,0.1249634463477689,0.16773079698335136,0.6251186612934204,0.47358766522032525,0.6122127459608024,-0.6510295967825028,-0.46796871426961073,-0.45112792133084234,-0.4200674105989859,-0.023059492769232914,0.08285893517888876,-0.13063963322830707,0.6155110496626787,-0.06934952739459077,0.1330359873783965,-0.12788905897080594,-0.01955233787702082,-0.006125569070614123
PedNYC1_scenario21,-0.31805516296403646,0.1893408746296903,-0.28555769429433364,0.44838048010787257,0.5039699526294265,1.0,-0.598445691287018,-0.1893767691876156,0.40910467363581937,-0.5200726010566625,0.4894069409795021,-0.3521367135518525,-0.5600255568178614,-0.6555201212554462,-0.45875930929281994,0.23876986525052724,-0.2795328079202908,-0.4000120845629582,-0.18257378052047457,-0.4103109021744884,-0.10159046879602385,0.6913139920405073,0.4189067845970076,0.8843208428884867,0.12156185612679415,-0.2023585470574054,0.2947563061296945,0.8660047090856646,0.6643988521035905,0.8623715009873605,-0.1989324097194407,0.11176448634627145,0.32694825044103815,-0.15910035982996518,0.386450037539944,0.7606978985187749,-0.21384919627676569,0.04397251238272126,-0.5158353299349898,-0.41302436455769675,0.12019307935508983,-0.24122337281000394,0.5709045975933813,-0.1811081099759626,-0.7044102432538206,-0.4326680420350908,-0.5298151775771667,-0.5832430562876287,-0.11156118163434003,-0.333856740819928,-0.8345562187420921,-0.3444973485910656,-0.5300358239595351,-0.4739443441236686,0.42512784808994963,-0.10459686237711541,0.6628515154303904,-0.10670443882171754,0.38000376669420777,0.33819582719454144,0.554722185622916,0.025923887994329542,0.01411554968724038,-0.005017024564515138,-0.6296541338583406,-0.48561731936609465,-0.5395593387902284,0.4947626504917939,0.7479111045820203,0.06345047944201598,-0.11796505991914263,0.39504237746406445,0.8185991982614789,-0.006940852617582038,-0.2597225232393616,0.3005265603505223,-0.1011118249822629,0.7062998316506043,-0.513061496893989,0.620571072661614,0.18871532521419065,0.6229167097901871,0.29733943203220803,0.688113770790711,0.12999919006058902,0.5274881114152514,-0.3232839713687783,-0.6809872617593744,-0.2650765430984454,-0.6822313393826254,0.08134908402754992,-0.5649349006365305,-0.6305786642442226,0.5406280405194839,-0.35585342889713156,-0.3400696008541433,-0.05173336820355301,-0.3461142251171938,0.2672994279334395,-0.5472683044075346,0.13777546351440784,0.5144948876697688,0.673921122554303,0.7648486042696389,-0.48515504637386675,-0.353742756562752,0.199469826926728,0.6688413017776028,0.1930192998390119,-0.2351405061515639,-0.09686358319665933,0.7961080244463348,0.8917147055350089,0.6641697393636271,-0.4990494418203508,-0.22488035798638673,0.6129200452309963,-0.32431618225037373,0.06319071792894937,0.20052015582031402,-0.3034039690066137,0.33814854554688156,0.42455823143951854,-0.17063703537561903,0.11308513319745495,-0.12912916829318966,0.47058418460643503,0.23801985561406214,0.2903232156218638,-0.4203153525116421,-0.4700254027965185,-0.5114129970138825,0.02061010891312487,-0.7249320702412585,-0.4845962915062305,0.6850189578815196,0.8415432231323992,0.20566501339852583,-0.3310223928353617,0.7356136525611989,0.679217158623754,0.8432873327685528,-0.5063997834419518,-0.6280385886440221,-0.8081690635127088,-0.49841055126137523,0.22413568396233197,0.024578934898840443,-0.575914721766341,0.5717332809060299,-0.5630410611508792,0.026139200647934624,-0.12469462915255525,-0.0021516418293676676,-0.015583299404798412
PedNYC2_scenario3,0.025010030631087643,-0.10059676394115558,-0.16965134609603938,-0.3346529181210598,-0.31765878184498764,-0.598445691287018,1.0,-0.09569951955707356,-0.758254721511721,0.4844822972096152,-0.1944998499662729,0.5514498580515488,0.5891411637522873,0.4116518052126754,0.2815078618068477,-0.18704014467656638,0.18276071663308502,0.1542824729656228,0.13982601914820925,0.6600774523438153,-0.1446963821377576,-0.3603622115964924,-0.3812189377547268,-0.5759457895319056,0.20514160131857362,0.01855029169731326,-0.4612235861981153,-0.35687449856007314,-0.4983343188554661,-0.5184213961404791,0.05358265814806629,-0.257869171524731,-0.5644862668539585,-0.14125809680231094,-0.39287705137636997,-0.807409779252108,0.34769679142818166,-0.3444313696709336,0.42149229512724373,-0.03339512347472384,0.0037162981944873774,0.37073243902177944,-0.3977171261643859,0.4737203651789397,0.650365469597052,-0.09682735580944701,0.4665223221450294,0.7036482750437048,0.43306395017712784,0.22174324426962333,0.5135967428991023,0.4777125043157514,0.12368441890196735,0.3897711329045914,-0.13993187102659999,0.4182508859902505,-0.6141993804488504,0.45246367761995465,-0.15004661852747692,-0.3748211270754285,-0.5305397978197148,-0.27509475295106545,-0.07279029281014426,0.17759461916451347,0.44425875781646185,0.28519317859360793,0.711744555516491,-0.5458467136622278,-0.27496360780232365,-0.25918456629264885,-0.042775635641352894,-0.4129406379143876,-0.5575841526442906,0.016869402285117463,0.22904668468833955,-0.22853861717838164,0.21698912660874115,-0.6617058789019263,0.38465454501484786,-0.7185090741179687,-0.5923855817773185,-0.48629890024126454,-0.40252686148492645,-0.5628058226306667,-0.08767547917113405,-0.22360817210287087,0.579285093199573,0.7897242731546831,0.27871201001648505,0.7080025563955643,-0.09751074228129841,0.3426315745547168,0.5354509384829866,-0.3287778857232637,0.5439431403905475,0.4105071317566972,-0.18189733205783432,0.6018776412250493,-0.16604258895238244,0.8046259561411768,-0.3315052913748495,-0.5681138277701097,-0.5907898780161034,-0.6910972351893832,0.4180237171129315,-0.11470313186598236,-0.1841861514532228,-0.2240470462008075,-0.38390970068134833,0.4213405812045814,0.32260494904755266,-0.45457280301819125,-0.5893509262904515,-0.2783872397963729,0.5818251290630821,0.3299985303612095,-0.4686303157133094,0.14746897447848695,-0.38161544556970517,-0.573363871820781,0.03145561960526366,-0.3389741908205728,-0.5324939531813206,-0.27776626192103926,0.1424908464450808,0.285531855664362,-0.47405310965949243,-0.22471544915118358,-0.23067355720363603,0.46929540373957757,0.6554003196001713,0.24413721698870117,-0.052718279364421194,0.5058766223777422,0.5681458933653485,-0.5319425387211485,-0.6235380439504592,-0.3571046892974401,-0.13206080022027678,-0.6402444353625985,-0.6019035090204015,-0.6099205863733865,0.5072788001433374,0.5187429946552504,0.6830318297517626,0.4810262592609742,-0.2875881173631645,0.02616103736457509,0.2903430885900574,-0.2973064828970191,0.6905542894374086,-0.20169425562910126,0.09439723505974662,-0.14899575796730868,-0.11441085965621345
PedNYC2_scenario7,0.3899148989074288,-0.7390679595561167,-0.36417239269978396,-0.4909741117213624,-0.5821326248318748,-0.1893767691876156,-0.09569951955707356,1.0,0.27496401571499995,0.14114565674000934,-0.4114321371911913,0.4766378306235586,0.17134358086875168,0.3111338040785976,-0.25201941588933074,-0.07858436222660381,-0.3006180935466074,0.35682656848552174,0.11068980556418051,0.009712753166481236,-0.4141121023421084,-0.3959597440915137,-0.16972516224162848,-0.09575746565820809,0.4933129996599903,0.6891296853810275,-0.365995304358125,-0.36416272809332373,-0.6303193718882174,-0.23520261475571558,0.40597336048351496,-0.3143060622448033,-0.16493777208332405,0.3045515762190204,-0.4562521257130867,-0.033856829338696715,0.4788864037465783,-0.18274018548234716,0.2512372905165816,-0.2897586353798274,-0.04502867160887836,-0.497789173507152,-0.529953058923688,-0.38124419863863235,0.12621622678824274,0.11703293121269565,-0.08124508538034148,0.022954156913643553,0.24009553079860058,-0.15065912777668333,-0.08830428900735776,0.24423587917213063,-0.0968838863759025,0.37184160358136675,0.22474635947456423,0.21686074786642429,-0.15420085109127402,0.2350305843756485,0.05052464872272944,-0.49660861892693053,-0.2501673506278883,-0.13576261813147994,0.25433482689539,0.33023120601905687,-0.030311677286836147,-0.236325090251001,0.013625888033061084,-0.2907247793706351,-0.1308277593951308,0.2156479849058791,-0.12133218201246043,0.014098669016034182,-0.30719714093854256,-0.41571040366571954,-0.1543074309821164,0.290228862614036,0.28302619403305873,0.07459609165614967,0.45424530111203343,0.3652612629370695,-0.13081043620689958,-0.29624544276131104,-0.3634020310791324,-0.5207195089863657,0.06595802848213139,-0.2779232961549627,0.20154233197201987,0.14696226076276409,0.3185336303042794,0.3041377626522035,0.23781023853018501,0.3311406887787649,0.0974070733272071,-0.20352446809287383,0.4571012835613373,0.07067794459385568,-0.1681396126209458,0.07746621880881333,0.2298334301445667,0.23455647042876582,-0.34690180638185053,-0.30449153151801855,-0.4370024999308848,0.2539204602990287,0.4259425083470705,-0.1492305150401898,-0.6366884779559219,-0.19673493887482407,0.2063357545064135,-0.20871709577568698,0.45921345024649773,-0.3815535531518299,-0.09162463328707515,-0.10114852656635809,0.3911027660903128,-0.15078288940903395,-0.33764706583333837,-0.0032347984666289964,0.17381344698208134,0.2259240475336638,0.02273672729215037,-0.01342677047898011,-0.01628728930136014,0.42214279190424153,-0.15835883158025177,-0.35963555409271897,-0.060121892894130724,0.15916992013492037,0.06055880766168642,0.22120606056290715,0.292259842462226,0.6027484312695998,0.495644005333429,0.2858686603834799,0.4858897302222678,-0.32805971156400604,-0.21051225750927327,-0.2180767994876811,-0.2412782034482921,-0.37703229663424076,-0.3720469080433815,-0.33386230593608146,0.571440396396239,0.13088061660309058,0.2367143958250859,0.45473033224256043,0.4537635586358748,-0.17943276539182262,0.132535096229623,-0.2356940230669604,0.13508808576617815,0.40000153321541043,-0.05237780744838738,-0.023917612543371547,-0.011235877822207918
PedNYC2_scenario12,0.1860724708592737,-0.20531967561989184,0.18928047020768557,0.05199137122813291,0.21175772426529083,0.40910467363581937,-0.758254721511721,0.27496401571499995,1.0,-0.30699722696515197,0.24860492495573283,-0.2834946014726656,-0.41329180293430845,-0.5003000470513321,-0.2701745542143048,-0.06585774631445918,-0.1757377625813772,-0.016323838390553957,-0.08384319465407719,-0.6428118744448523,-0.013303415544552832,-0.11345647682449789,0.2610505556148327,0.27181406204148173,-0.18882247485128723,0.16780525740834085,0.3435655977364185,0.054536528300446974,0.2325875738314478,0.3588969535141828,0.08636446828077371,0.36794196868799833,0.41326835046447596,0.06290696384955408,0.3539719193944445,0.5751283755320109,-0.3705702769206185,0.012282513188814348,-0.5378426183821199,-0.19664507521533303,-0.4005995375619049,-0.6573064384043508,0.1378395622212264,-0.4978992224327825,-0.6849802642287974,-0.02226745340999292,-0.5697640910949291,-0.4568067802441287,-0.27666849836298835,-0.3835975221950274,-0.5623088446185005,-0.39188757206911706,-0.15233508857502076,-0.27509174832977923,0.2693249609588333,-0.4285477959549415,0.5501515826715372,-0.40397297392116727,-0.04608353992089409,0.04028562650355094,0.22158199371577014,0.233918448741253,0.3121170763374589,-0.12321935393335126,-0.5599128412119538,-0.34062982860894864,-0.6934008267091629,0.5636345863573686,0.3510710766312618,0.21133732993529908,-0.2879693473277207,0.5833071745601904,0.32601716144253656,0.020021727190917993,-0.10913924652492413,0.2575988402223931,0.04828229341248791,0.557540483925851,-0.27027362319163806,0.6281397370417392,0.552834708451912,0.46944127403549696,0.39571213571769004,0.40661942087917247,0.23277503555224377,0.06352355218411931,-0.47306823472777015,-0.4665448895412909,-0.1019599033020695,-0.5200335310766162,0.24783968102538945,-0.27567368260670877,-0.5308868108682867,0.3843445026251926,-0.3440631633621094,-0.45878468921726934,0.19759005924148287,-0.5557895670091977,0.41174316150748536,-0.4792073291101886,0.15152275925450542,0.3801257112424248,0.41966412519668395,0.596934647540804,-0.3377859214327108,-0.11548433913879608,-0.0923668020601296,0.31997932413359487,0.5497627632734821,-0.28992551696720037,-0.054401363137831504,0.44574085615372083,0.2801711013495104,0.3607341657806733,-0.4806604061122537,-0.37646497593510797,0.18602730111414512,0.1569147322890202,0.45446100256458477,0.5251122794523202,-0.1056718923514679,0.1161945480057931,0.5023379217662788,0.3245376576244614,0.03670317758109731,-0.29856714750895885,0.45236358955658007,0.6189321914877525,0.374223940535825,-0.4095295650314834,-0.5107390062012116,-0.006871238090299547,0.2408369009477126,-0.12933474793518873,-0.1450029576622336,0.18964895091195233,0.4897465202215654,0.23031805068561395,0.13403232932232778,0.3470112606835085,0.3990976710117724,0.36133797543758095,-0.40225700541636233,-0.6672673448186655,-0.6029660907642449,-0.5427358733701961,0.15601782526680974,0.12472822270575024,-0.12940843288818593,0.08705982708313653,-0.4115162138282833,0.3365473330831883,-0.05525873124633618,0.06229387209215387,0.06795931961678825
PedNYC2_scenario15,0.07567666511056903,-0.02805186358671219,-0.23209420081219312,0.13669966990906302,0.12414251126873521,-0.5200726010566625,0.4844822972096152,0.14114565674000934,-0.30699722696515197,1.0,-0.4217029549390974,0.23171273217457788,0.7042825531693848,0.24616157906017222,-0.1896881668965409,-0.4342395633423006,-0.08026228468647933,0.5631043949520779,0.3004501754259026,0.562416275952437,-0.48899191332587977,-0.2385622815897519,-0.5370768387595175,-0.34363574849902934,0.2616327382608846,-0.08812318466102487,-0.6325170771312782,-0.5354503873105716,-0.6053381254718695,-0.5281337305655842,-0.09433305691575833,-0.15253688710821667,-0.30895855140135375,-0.0011796453238104299,-0.2512440846116304,-0.15609259232578165,0.13852402970981736,-0.5034810799934069,0.306568954491088,-0.0797301357168545,-0.04878577732770206,0.2346527287689384,-0.2780298380174502,0.5820657737720217,0.6832931160843684,-0.1894593971400358,0.6715039843483755,0.4937043176338779,0.14620307930830645,-0.190206362750295,0.16193502102352397,0.2880974486587592,-0.10790167728807187,0.5110285483172752,-0.36978383205474064,0.07065220886511292,-0.6455564432816878,0.04186503804220454,-0.2951778066215156,-0.5233863751549559,-0.33996345889686674,0.05377516903173751,0.16972173798665102,-0.01895715664151143,0.00450365480027326,-0.23402401796370054,0.7567321525936779,-0.5264031489529153,-0.37343302380219323,0.05602874440503869,-0.1675995152621983,-0.5629644283875908,-0.1764271015221872,0.3412110817958951,0.7969059590553585,-0.1285299953795025,0.1395361666670074,-0.2736766385342324,0.5215263983284597,-0.5211553201244703,-0.3443505471483814,-0.053304564573201096,-0.2818664444838266,-0.4759347597313863,0.13423017105700152,0.2677655854426487,0.5677123378535299,0.48346775083433435,0.4947023123162001,0.6311775733591853,0.07695168588162482,0.26218184805641664,0.0623707135642092,-0.24127024653762175,0.2992064449223575,0.04525876237981419,-0.3034174013417057,0.4845385837699141,-0.43883366066653107,0.4532584236896,-0.3074452542669386,-0.44227713297071736,-0.5968291369114498,-0.26012853591877194,0.3128796508682825,0.006095612156545971,-0.22918694059060485,-0.43308077683083557,-0.11212587004200802,-0.30308664416913134,0.265590190708213,-0.4836571712836397,-0.42684117999417204,-0.34653158565622455,0.5561043084050461,0.04735413869699434,-0.07049144228919868,0.18081176787282893,0.01219865959393196,-0.09510433678181562,-0.2210524084139629,0.20600235392846378,-0.021090015484785063,0.08106462125117742,0.08510681517874652,-0.19480047299598402,-0.22587476174787247,-0.19570059402268725,-0.09505504578320578,0.7291245726407136,0.36060074658702834,0.286604469481483,0.10522344969686004,0.34653664089205094,0.4090162811249384,-0.29399559070172354,-0.4554071742205381,-0.4291793198920293,-0.07556455038872567,-0.38488360669326216,-0.4855995226379324,-0.4120693070828163,0.5075255320030583,0.5372316539465596,0.6559371123771256,0.6208331086522045,0.10921817942874457,-0.28090973390926277,0.24490362492368178,0.026112596171452118,0.6555402914045896,0.17869400858127782,-0.09715175734276582,-0.186342515001364,-0.13449848333236547
PedNYC2_scenario16,0.09125723087630855,0.203951587954198,0.3465313335825567,0.08859544757091631,0.3185539834142088,0.4894069409795021,-0.1944998499662729,-0.4114321371911913,0.24860492495573283,-0.4217029549390974,1.0,-0.13144852995137501,-0.6106926273463826,-0.2551905676282906,0.17369865429806874,0.6033731470860694,-0.013765362907881773,-0.6444270184836456,-0.13499752590919556,-0.38621999147069985,0.5910606163508741,0.37686282494980083,0.6947024546670416,0.2271340372696672,-0.18794766783098904,0.009078255342005237,0.6236029442032128,0.5134109653089399,0.7996477051499227,0.5560694202887919,-0.12298100989864946,0.06721475959732814,-0.2182629315480118,-0.25633080506989936,0.2714730960763696,0.2028210164705857,-0.179390149096182,0.39000432008324526,-0.4908706391986164,0.05289280478088498,0.049652587321107444,-0.007914653858776877,0.08095995778939036,-0.0697408204027603,-0.4368563654129156,0.21421532451597214,-0.30518347288640646,-0.04750047734200602,-0.058290292296133916,0.09049194489892398,-0.2109546665315949,-0.04247833192575001,0.28635688967518813,-0.1836194264864659,0.0758062989674132,0.08896832623055295,0.728753415212819,-0.2262511207081781,0.15901264080202893,0.6145737428626671,0.16676760484085784,0.3363158770261111,-0.25132717067722754,-0.048107224705624674,-0.007591960355235239,0.12982109932858943,-0.5808170990846395,0.8408704594573297,0.43310521155031423,0.24356892076199976,0.35901848476560827,0.6310057310740423,0.2230626274686145,-0.16012412179534974,-0.34523250941042716,0.29487907657108714,-0.1456433140854989,0.3439562360185815,-0.33363966778223464,-0.04522287467403352,0.20988270083816007,0.32825392589982105,0.07607055670418494,0.7040864911927017,0.2381094921980348,0.17020085251007966,-0.3830012303285175,-0.32596544379639614,-0.05042804881535767,-0.33256822417885257,-0.15384948565063494,-0.08775649018896758,0.00846403866941392,0.5650398356572084,-0.21304200965758957,0.00043644472389425815,0.1808031546830915,-0.2999160315521854,0.4834013269885672,-0.30578653807010325,0.5482356192644702,0.33925750013379297,0.8247945692233832,0.37124310603742394,-0.6114557485456706,-0.027839138097211613,0.27589882468643934,0.531829551667777,-0.14660518446002957,0.38756949894465076,-0.2364209330527074,0.6013808058321277,0.09666558375414624,0.49788942611053244,-0.3836900639426033,0.14915828680883192,-0.07059540567730682,-0.2010184923851992,-0.11160698463495966,0.09349006009816274,0.24963924880092914,-0.3312658016467165,-0.014962480815898571,-0.321692781095386,-0.20202475911703077,0.2972384708638556,0.1747586006866244,0.15032317893568636,-0.10769257207609684,-0.6645031961367138,-0.34735073807305117,-0.3727550186814206,-0.06723121673579624,-0.2730394903603264,-0.245673193783432,0.12259673775275814,0.5925521667801389,0.4252493742378287,0.18690163465740606,0.5218681239202241,0.6644944020182575,0.5210334478184002,-0.4989544282363627,-0.38965004594403485,-0.47535516183646886,-0.6012082771501821,-0.4863532622168485,-0.2583788671114071,-0.13137102157456448,-0.08139512773928304,-0.2522561745517371,-0.385137972517799,-0.5620291394523376,-0.6104695077480309,-0.6079614135965863
PedNYC2_scenario21,0.3866032608210035,-0.7052225769349905,-0.34981716927862205,-0.7364700396440629,-0.5800305437704436,-0.3521367135518525,0.5514498580515488,0.4766378306235586,-0.2834946014726656,0.23171273217457788,-0.13144852995137501,1.0,0.3325907891548705,0.5400245447472138,-0.10022529376998657,0.1371685759710486,-0.2775493116775858,0.13846267364316422,0.29512767167520937,0.6121025877671729,-0.2555255431904069,-0.3746179099580973,-0.15796157495328367,-0.37287133024671326,0.6553365244128092,0.7746259372545445,-0.2976140948365382,-0.3393751025736418,-0.5401263902049478,-0.25175087969782406,0.6190924495784789,-0.31556134607328645,-0.5668678225531167,0.08581648818562426,-0.4424608603171616,-0.505809598032368,0.8230483503577259,-0.3176617721024244,0.36650306109332575,-0.10235209603467132,0.08682605322502024,-0.31091124101077217,-0.6608832363981139,-0.23180672303161032,0.4711258165883061,-0.07077413754287387,-0.08992409200124452,0.23559468733567135,0.3924901356360415,0.26414562780399065,0.2481897186839911,0.8475571315085413,-0.05695349912941827,0.7552348590788387,0.3043688665178156,0.5604128868370595,-0.18029918716368654,0.7457346638145156,0.40152828178519906,-0.3034749508630501,-0.532429368334868,-0.06586883372747354,0.11254185452067778,0.7790201932063902,0.2689976392679583,0.2227872855315507,0.2246052564266524,-0.3097483190574013,-0.11088216291289932,0.17698592851951478,-0.042599949813066695,0.050160653962688206,-0.5202173734029232,-0.4550361986666427,-0.29626671827453466,0.5049678646829554,0.14384455026201082,-0.31373979842703514,0.4156660058428373,-0.19269667921021338,-0.43765479718347633,-0.49118166677964115,-0.45189276072204554,-0.5117169589804966,0.007265377140628804,-0.38547764344077007,0.49519562942636397,0.44363704176737573,0.26907274857335906,0.5747062864767136,-0.01700150460068106,0.6940516905006074,0.5157169334129135,-0.19957221391943625,0.5744211612695268,0.25741156639144647,-0.29453510159549867,0.3658101817445568,0.21267346387870278,0.4560294681522319,-0.2877315361782937,-0.5108440029280037,-0.3793700635650741,-0.1646961424685751,0.3815424386943451,-0.33809171931076976,-0.7752900455337604,-0.06595302659203228,-0.19906297293120745,0.3139162418644099,0.6354215824156069,-0.3590814588614273,-0.4554968411269007,-0.041393092886619076,0.5046118607254432,0.013034439340012804,-0.6284719966404211,-0.09720504674770347,-0.27709809682521236,-0.0630753296198836,0.01742685691365109,-0.4273026136184701,-0.4372070239052168,0.08428701103487879,-0.20035705450898367,-0.17369592177888737,-0.415173468361858,-0.0675157670849198,-0.25712060994572417,0.2277142501837931,0.6004907307533525,0.23720349336346258,0.13658671479696172,0.28053684984329896,0.7499110810062593,-0.6464838216674114,-0.3541608137871466,-0.19840980024539823,-0.3507362375123466,-0.5307128379201522,-0.44328459347697313,-0.44761865401126455,0.47380609106679916,0.2575724594049873,0.30067019637670667,0.3490879161795011,-0.10492351433364089,-0.17596095151018387,-0.07546941692889209,-0.543091081644774,0.18474358965522908,-0.08400662430171946,-0.16498318449170846,-0.3605237055914772,-0.2749867076147512
PedNYC3_scenario3,0.018801578438129463,0.020433376047279683,-0.25343342850059325,-0.00671221593734761,-0.19677648307180018,-0.5600255568178614,0.5891411637522873,0.17134358086875168,-0.41329180293430845,0.7042825531693848,-0.6106926273463826,0.3325907891548705,1.0,0.36491977972495426,-0.2779986169002284,-0.4400573252706188,-0.08213193127225593,0.5910601771404612,0.020748196539564945,0.5976411704466591,-0.5451513772731231,-0.36972492657321165,-0.6385322158174511,-0.42744538231168683,0.2608116379820813,-0.05895304803060286,-0.6466151888905527,-0.5840816023447957,-0.7270857074125767,-0.4482966082974942,0.1618870799279435,-0.2259394230869236,-0.3459025384723622,0.15296038469849627,-0.3754860257328685,-0.3435584302987549,0.1843634188981177,-0.6325214007838151,0.3990118485719436,-0.2411695513053198,0.03938809525507447,0.18641370836431925,-0.1510467127311237,0.3947901948916801,0.7354657214134851,-0.26581297796334713,0.6487947433186987,0.38445629417485483,0.2114105339678335,-0.10730121791239555,0.1787673408587489,0.19888708729124205,-0.1460995299875958,0.4406259393699564,-0.23747017088835642,0.09006447625886993,-0.7395483742725621,0.37070338628098276,-0.15253192724874554,-0.5659949829441686,-0.32390773833415953,-0.10392834948357743,0.3365062076664832,0.09443658351725825,0.05991134543713161,-0.19775586710635196,0.8621994168062428,-0.6424000348906613,-0.18256112613422926,-0.19986703464616018,-0.34892585260551057,-0.5934246851565792,-0.23267347190892806,0.35297571477114054,0.5967131222481686,-0.22047030201373086,0.11835022663652883,-0.3800956358534773,0.606029760634766,-0.462703432852551,-0.3764924826540308,-0.29798498037009935,-0.35027303806470567,-0.5880580048989961,0.04058929456340343,0.030683329588860886,0.7758535980733985,0.6949269170307225,0.4390184770350989,0.6852282204535664,0.12800556711432365,0.288730439461405,0.09919055304047741,-0.3268051159120402,0.21927298564991948,-0.014153054120527253,-0.42292777245184676,0.5700530192854163,-0.44450497569869873,0.4248149258972772,-0.350174502682147,-0.30572594430114,-0.7640780784028331,-0.38195166016292315,0.3219566149342057,-0.19745470419962308,-0.4289351124369216,-0.6032891676359387,-0.1853638691529964,-0.4001158300006298,0.2062332795320838,-0.6297899406650544,-0.39354779074810775,-0.18195050949073055,0.6038838577402267,-0.0545207283758431,-0.10297075772580233,0.3390721864510655,-0.027518704065710997,-0.250635462109736,-0.22902790645113824,0.09956528744983673,-0.15999769425999144,0.03491143107009698,0.12588868229044037,-0.10985994862636672,-0.5215222501291796,-0.2021704232570829,-0.2272400404533481,0.6011646214531967,0.49535442307150945,0.32442340213563914,-0.1076149914407778,0.31215405545245245,0.4156743697934011,-0.4007155363235957,-0.5185614895349868,-0.3538450952476728,-0.13521962127334097,-0.5474764587383483,-0.5672623151246703,-0.5322920023387496,0.5291314673599179,0.48012529769759404,0.5816800255015475,0.6041810824978845,0.07827259373719941,0.10119628975082806,0.008010704921472822,-0.1117208751700085,0.46368503313775866,0.10089375446702986,0.41141436607213544,0.21008134337152984,0.259779128676638
PedNYC3_scenario7,0.1437046819571134,-0.18621967876366785,-0.0013346030798258024,-0.5580876651414051,-0.742705169604581,-0.6555201212554462,0.4116518052126754,0.3111338040785976,-0.5003000470513321,0.24616157906017222,-0.2551905676282906,0.5400245447472138,0.36491977972495426,1.0,0.27358660100943666,0.29324403667708876,0.0027103833148961476,-0.05886828928115517,-0.0457834550359113,0.4356739148242138,0.18963950666829144,-0.2019905744382231,-0.12394845264761623,-0.49932111162655324,0.3191287712925638,0.4946764742022025,-0.27903166994685025,-0.48005705671361354,-0.4410625286524239,-0.5390250078124756,0.40317953449351285,-0.5051288296512557,-0.5897181933004665,0.10511899038849692,-0.6325942898857928,-0.5484044114743711,0.5751775058640933,0.27096019740686583,0.6188074485461247,0.5158697902062486,0.5000216583492575,0.17785750329682348,-0.6790756999416745,-0.03404494223100274,0.7821157338961416,0.48832049125197785,0.34776860777744356,0.40547943232386197,0.3976618868188838,0.7413901054855129,0.6992259220590632,0.6979759306167233,0.5266509220291608,0.644552305125816,-0.06185513275590293,0.6036782384574406,-0.45572845055887723,0.4856150452883331,0.13956081239840679,0.016828088057368906,-0.5211277670779939,-0.11908405887023177,-0.26786751537583187,0.3454301322958362,0.800146947905058,0.6031193733861309,0.30974198813406506,-0.342460547770685,-0.5441099912688521,0.08788507505009457,0.5548923479034051,-0.38873217832649165,-0.6789845608656613,-0.4250463487838849,-0.15133715180382445,0.21104583835918844,0.09358050894505432,-0.3059622012622589,0.6568584890584335,-0.39905550853121774,-0.23331239984033592,-0.6696456348124595,-0.6178164017077021,-0.6453409076776828,-0.012261139582822933,-0.5133941344766524,0.42631605149246843,0.5060649347702898,0.33952383167578204,0.6741554393001411,-0.13966779098771331,0.798465716862583,0.8282928912140542,-0.625026224087055,0.4283246967804434,0.5372213990016254,-0.17354126361677458,0.2475305404423549,-0.14171017720647328,0.21214292799951928,-0.052113228181696725,-0.4498057399422253,-0.4622280284390594,-0.3742236842014084,0.35992424280099167,0.07698954469724495,-0.4124724543568725,-0.6655950370956445,-0.38849168834997316,0.26525606945506175,0.20289920484652424,-0.7679484698887062,-0.6480994900979307,-0.3624275407195263,0.5808711590255653,0.34461291199878485,-0.7150233333746554,-0.1677860037312291,-0.4528058388377174,-0.23625521724704224,0.535895608258295,-0.3419933908970205,-0.6537484221343712,-0.08456925940569926,-0.437937755050976,0.28721491737047145,-0.5246782618150703,-0.5824149855232506,-0.7079265515591884,0.07193736446770549,0.633562661058307,0.43447038073981603,0.01798682684516928,0.17729911442479984,0.47358243101878605,-0.6765441435012567,-0.5870785328873183,-0.12204070968313352,-0.07808757606323313,-0.48569095239436955,-0.4147688656323092,-0.6011143203790739,0.6111352345626854,0.7359507999246401,0.609983940805096,0.5169599102877162,-0.23375911896386414,-0.356799547452439,0.1357754778363336,-0.5523972279929397,0.15411095762501414,-0.20519058395405954,-0.06653889589645745,-0.212032329566892,-0.1839991223780013
PedNYC3_scenario12,-0.06368430260201552,0.016577736554042377,0.450817492570191,-0.3399399399740357,-0.26012306647463634,-0.45875930929281994,0.2815078618068477,-0.25201941588933074,-0.2701745542143048,-0.1896881668965409,0.17369865429806874,-0.10022529376998657,-0.2779986169002284,0.27358660100943666,1.0,0.111621900598046,0.7430569244668476,-0.2785959953906292,-0.26028327487256275,-0.20748034388202585,0.6816101795491292,-0.25445354558751454,0.26177674342658985,-0.4211005012704543,-0.43645227547718823,-0.1066284120594978,0.17409023448276184,-0.0725107238146332,0.0857054488651583,-0.5227139717767499,-0.3366902994745493,0.02468175719128629,-0.16013544060428364,-0.3029977191501745,-0.1053510340752366,-0.5747211410982371,-0.1719751974978061,0.5730752894200467,0.25112963214849926,0.5211025857972185,-0.08226430542690832,0.2959448187181659,-0.4026797345084858,0.09894402274329805,-0.003130579614940343,0.6496562292635343,0.1342250056966987,0.5540600741373901,0.2144888126820459,0.5109361219029217,0.7237928180858356,-0.001468586010409778,0.7575311915864167,-0.26806520918845145,-0.12688283639844422,0.20982511706207796,-0.12939487879553657,-0.2775577605693349,-0.4803531804896597,0.1278522133511022,-0.40614960199812855,-0.21981329891329637,-0.4474733516824978,-0.3976902740069985,0.7513844965707295,0.6975181280310948,-0.12008417870530463,0.11066767870094663,-0.5055540754084631,-0.35590940404279037,0.4020005720148515,-0.09117241316093128,-0.6560229668524524,-0.10910763194488582,-0.2214236798135667,-0.47803142058306536,0.2530462753995817,-0.3711713988238283,0.017869085740657598,-0.2945790846355649,0.2606875060011671,-0.341295161538959,-0.06912225318132892,-0.19051928057903567,-0.1946309617573021,-0.49975962526922846,-0.3456236789876437,0.18291213692982544,-0.08414720937517517,0.13826846642458368,-0.15410130088104834,-0.0012105180969939067,0.5713476965441616,-0.3606285426329221,0.2551095930061734,0.6123405705135951,0.5931262879526434,-0.08401793228909304,0.2070182725175541,0.3491018971142086,0.10405563473781265,-0.3516884968503522,-0.022534690351856623,-0.617088569023506,0.3374171934457586,0.377888633830205,0.3499809452912155,-0.20574162067986412,-0.08054817924627411,0.6845191760706776,-0.010580809150388948,-0.1573666985438813,-0.46954818936455567,-0.5410508762069062,0.07120182306858258,0.6498288731421726,-0.5527833615707023,-0.03027478575576059,-0.30497872349573085,-0.39237454773615776,0.7036343633874623,-0.25019602002939934,-0.3209591971921193,-0.28943503832406425,-0.028485666077632477,0.6353263835331378,0.10584552661631785,-0.02319762610245557,-0.055653213635578735,-0.09488510786685822,0.20009197648558175,0.28407902882616864,0.18527372363499428,0.4810591738127865,0.07149060747520175,-0.4131329687627956,-0.49384800421506725,-0.11643148559883776,0.3215820341428559,-0.3018551817794508,-0.27057690275425106,-0.45822422993549994,0.035213249129539714,0.19421709669322718,0.363780033051991,-0.18317625822647088,-0.5298619479744116,-0.030633741097996436,0.5361646006185223,-0.2712033475571327,0.36463853812281766,-0.12256518980007503,-0.09969587388484102,-0.07432310961313804,-0.11631247847157788
PedNYC3_scenario15,0.34673336893964346,0.12721672922033855,0.326632696029874,-0.08985739734653042,-0.13031109356896664,0.23876986525052724,-0.18704014467656638,-0.07858436222660381,-0.06585774631445918,-0.4342395633423006,0.6033731470860694,0.1371685759710486,-0.4400573252706188,0.29324403667708876,0.111621900598046,1.0,-0.3245771850114785,-0.40451994713978134,0.09695985986445721,-0.1161052173796222,0.6215349189344523,0.4424181807317116,0.5245962907157018,0.10174980919646393,0.04206123755211544,0.39662200246339285,0.576751334927675,0.29623791698110524,0.5415088829047463,0.49882745686061525,0.28491854875157885,-0.4083730917346786,-0.4028270887163514,0.24914915094476608,-0.22269340436447504,0.14690445719426348,0.43223875514903964,0.6185696832679975,-0.1312148178041601,0.38456760067917606,0.4585726716911579,0.0896421678551157,-0.018369617828716267,-0.27317119645033383,-0.009056081610025135,0.4412305892520374,-0.16316355125193271,-0.24444090553629994,-0.08370379856535859,0.396598548871564,0.053912399192913685,0.2560549695419776,0.3738433186529153,0.24727113702087,-0.020233239825012683,0.30098692864819254,0.5137367966628568,0.1657986408898171,0.5760614225008053,0.7460783133498922,0.2681157552692772,0.4630155876840967,-0.1405225040195317,0.36591886986848987,0.32453497591565217,0.28617424379919254,-0.39995150127463397,0.45610187130538615,0.18193341517420292,0.5506915733581065,0.6915818070091082,0.4866818750261397,0.07240353939380939,-0.556178441655222,-0.6133475900576197,0.5132349108595092,-0.4466678493506555,0.25113931120727984,-0.1803330403082417,0.005114044050449573,-0.10374439739032604,-0.02650012679368552,-0.34992285408203516,0.42298080064952814,0.14904395430276252,-0.05917331892768063,-0.290274405428689,-0.3161242748173412,-0.05878084166570341,-0.22130437662668534,-0.24502537866607432,0.35438125521959807,0.2367471130618255,0.35700683281642465,-0.17313103882966385,0.041489681057464645,-0.18781942194657497,-0.14311413390156158,0.14669484702189006,-0.4360881294251324,0.6268174475178265,0.38044658116661245,0.6168177899232021,0.36464749679085695,-0.4827953948357844,0.2633829470080752,0.11213244241236264,0.2751835864767289,-0.3104391311388892,0.2731212711952016,-0.3046272962785612,0.06472506093292074,0.010589179577778385,0.37104421431366863,-0.3058517689867182,-0.05194982460687103,-0.14905108283662227,-0.3108383195714677,-0.08955979672064696,0.36069577995546187,0.30416250559152,-0.44499395727906466,-0.39924348495250994,0.03420876936916861,-0.5534030862217616,0.12498495189616476,-0.16201536422897567,-0.3875396618782112,-0.3986204600658718,-0.5761952648613087,-0.289023824758027,-0.42700483931983246,-0.23090256559623157,-0.35036228590989094,-0.23652629726290497,0.08627739582866945,0.47720679124393206,0.6510675519848652,0.17744319640536976,0.5072940745819688,0.6250683791977844,0.4458963261068085,-0.27033126957120657,-0.03112716078589961,-0.2979463987319835,-0.15472410591514185,-0.20894644629688686,-0.3714802776765913,-0.05491014104456049,-0.3359479081904453,-0.48060110777737464,-0.42697286962810943,-0.487107884405809,-0.5394359421149102,-0.5163280282851361
PedNYC3_scenario16,-0.39255203831990504,0.02160689309374486,0.15714040972215737,-0.10260659628327096,-0.00939766827777011,-0.2795328079202908,0.18276071663308502,-0.3006180935466074,-0.1757377625813772,-0.08026228468647933,-0.013765362907881773,-0.2775493116775858,-0.08213193127225593,0.0027103833148961476,0.7430569244668476,-0.3245771850114785,1.0,-0.08028974787494692,-0.4848358962040673,-0.15569594848390045,0.29479487415408845,-0.20772179778395583,0.2839510276887669,-0.18909137950455435,-0.37860842169818953,-0.41158773012555416,-0.02797242827948687,0.07729464234878236,0.040640960108618396,-0.5239052583487629,-0.47511876439405043,0.1899747016462856,0.02471542166401186,-0.3840056006469674,0.1461682413990435,-0.4033295597215045,-0.4695695196595424,0.26818460597446625,0.356565082117659,0.1410691504099133,-0.1475461709893644,0.24514258754023632,-0.17525770893027137,0.06738653048175691,-0.160081248729377,0.2814387340033401,0.1345431523638737,0.4513028976301102,0.17446299455337455,0.2704124024113612,0.4790433578762865,-0.24324344428195444,0.4690624823334628,-0.5491085708443388,0.028741378574807852,0.018065622876431986,-0.12463273665889663,-0.29551931095209305,-0.6051875681830898,-0.1708811259354035,-0.29460702972014685,-0.3665800628896163,-0.19456893327333935,-0.5324349450271786,0.4420749210651953,0.37799412616990247,0.036734814432100915,0.137151734603998,-0.4086605965022303,-0.6820872540963743,-0.013616731326202114,-0.3497235700897876,-0.40670654213867574,0.44461886972666487,0.11322860751319297,-0.753604693808624,0.35353933677984006,-0.33159867971043755,0.016105600925311103,-0.09555843900836436,0.5096021729454842,-0.1929335161532546,0.11540354365833383,-0.17859937090866973,-0.4362948674431115,-0.38035256805586215,-0.29267566240868215,0.06399080612937258,-0.2402474616174073,0.04920868561562963,-0.17647729885901642,-0.37575127849884904,0.23138411836761896,-0.3477825985520375,0.3148945276787144,0.590083917268473,0.7900337894142672,0.06663818826562817,0.35234298707644074,0.41069915196194795,-0.3031485831105989,-0.3878340222717105,-0.12947291489959212,-0.631065083383731,0.5092429449796987,0.126949468096749,0.2924111984042852,-0.31220609532774857,0.018734222410663914,0.3435156151908868,0.12700240454609468,0.13076403373987866,-0.15659828457091596,-0.5368259367546846,0.12473372608245081,0.606250669550767,-0.27029383076888136,-0.08873774221923103,-0.2779572108922659,-0.49672545154174963,0.39287216381289203,0.22738564126087724,0.23764234252326744,-0.31521818137715885,0.09951580916464331,0.46181724819616,0.33959394419096933,0.26377403641636676,0.18212213171735891,0.20835506819164584,0.2583568488502529,0.35598761497873355,0.2597877520311467,0.48330716979644117,-0.03446095926821058,-0.31213920508523696,-0.5497836960662075,-0.4015866564099173,0.12902185673618538,-0.4151249271524211,-0.4575459231672492,-0.5071827985509354,0.027329677486303106,0.08164397878421326,0.3060399827302578,-0.22989952085787824,-0.3253511465666863,0.09170933512628432,0.16996225231611028,0.033926484022115844,0.4006428672864535,-0.00017013084946970736,0.11264064541766294,0.2547720879220796,0.18052349059072625
PedNYC3_scenario21,0.41525191350968516,-0.21896037827300296,-0.042436967472815335,0.14165254402225558,0.0922697880393426,-0.4000120845629582,0.1542824729656228,0.35682656848552174,-0.016323838390553957,0.5631043949520779,-0.6444270184836456,0.13846267364316422,0.5910601771404612,-0.05886828928115517,-0.2785959953906292,-0.40451994713978134,-0.08028974787494692,1.0,0.46208220698859426,0.3051859580734535,-0.5268702110795938,-0.44879603568075277,-0.49506040338310053,-0.343666441970613,0.0016311286299028893,0.027872078919381482,-0.30511797528687534,-0.533023813935642,-0.5951268092892961,-0.28662286343894183,0.150336475662724,-0.11231234897709674,-0.023027545634859647,0.4997330287580447,-0.19292468583814082,-0.018848346059400223,0.15879720508108175,-0.4914985311191442,0.1741556531224535,-0.2854368874757436,-0.38884532565370034,-0.072166383158345,0.07247651785900211,0.027586363040216222,0.25559296078106875,-0.2170715583828735,0.3598973154983933,-0.040544855626093,-0.31393906028787866,-0.509778611691984,0.0034739268040708815,-0.13889163487837108,-0.24354917996354386,0.277622030052335,-0.32273336755422966,-0.3991990818059872,-0.35390530623876915,0.002043123715154027,-0.16924662866580653,-0.5960554156202051,0.09654580532356638,0.27093368965614184,0.7316568060425309,0.09271576514023949,-0.22962402948947802,-0.4423221844498708,0.5500115339531247,-0.46117349439301947,-0.19385419364804224,0.10697781787184568,-0.5433808748241411,-0.19677861423662701,-0.054323322751346215,0.3947681036438362,0.476402712292878,-0.2804009803141567,-0.1666010341384483,-0.30242399121794183,0.07718607961042345,-0.020261690672491728,-0.22451331630124427,-0.0099591633658207,-0.15832198703849332,-0.2736926862097484,-0.11827710065934305,0.03970097112317883,0.14384314849010105,0.15018536855356746,0.06855844090828067,0.1454451030045626,0.12042567448933561,0.02914629862995899,-0.343689957312334,0.10862629769744792,0.05810215099587668,-0.3299175241554415,-0.21794341004126516,0.38909116031196955,-0.2794104189006892,0.30622999687854213,-0.284041300735014,-0.03977089068607387,-0.4688470140121255,-0.1567425463747778,0.30767105427554786,0.2767028521259032,-0.16533767494051554,-0.20694410073673253,0.20662144794814663,-0.5062279127299416,0.08311579292709637,-0.3244707018012869,-0.12812497353536534,-0.22654498542976942,0.10091375291423199,-0.4910900057993881,0.20099824059268823,0.4367308818941389,0.5869349051023854,0.40913009905481745,-0.5427090812027404,0.21780651638731108,0.2872886940673256,0.6961610668765877,0.1020888738283603,-0.6156958256796423,-0.06192870767594738,0.17056909454333546,0.4037621599754724,0.7249398983295502,-0.08568367813780009,0.07238705775418275,0.029376093851826712,0.5233659695178424,0.14271201833536806,-0.02887333684863247,-0.270060405771942,-0.07674213049297807,0.19037674081163503,-0.27952637908643396,-0.3852683310649323,-0.27397671415034575,0.14118200205100417,0.062433110378962264,0.2970731657702852,0.43507275430571046,0.450334491738441,0.18596480116066338,0.2815121645936941,-0.03892328403430145,0.33030643706852514,0.3776354428155603,0.22591478328093517,0.2723024841341948,0.3058129153482827
PedNYC4_scenario3,0.6772013321675228,-0.16820978864031133,0.1861155021913654,0.030322384288812954,0.13585027779592518,-0.18257378052047457,0.13982601914820925,0.11068980556418051,-0.08384319465407719,0.3004501754259026,-0.13499752590919556,0.29512767167520937,0.020748196539564945,-0.0457834550359113,-0.26028327487256275,0.09695985986445721,-0.4848358962040673,0.46208220698859426,1.0,0.3563098120871836,-0.1328913405474248,-0.20193039627894005,-0.3320109766229482,-0.3475888043385966,-0.052916323850529245,0.3086691917132258,0.15817811929975245,-0.37701062965525756,-0.1303455728976659,0.0767665235112438,0.43696955409035043,-0.08548054843551212,-0.01589595624844642,0.5088627289073056,-0.041650928607803284,-0.06567125223059178,0.42321375236134817,-0.1443539307523094,-0.19210751153792294,0.12488894375460158,-0.32230141675405344,-0.04216462510653485,0.12285938252689887,-0.1066428996059543,0.17834553773203243,-0.13456493616867826,-0.05517477273360338,-0.3048800577220827,-0.5580545270137618,-0.23870267417704838,0.07345453410962288,0.22847705458814427,-0.16697671101460032,0.5690888225221477,-0.362494985207261,-0.366232342943382,0.07569629812305445,0.09766706546530413,0.28381515001380586,-0.018507177019857268,0.30543288926999645,0.5340460626437672,0.3352589022494896,0.48936825031538733,-0.17094788323444554,-0.03492768244539213,0.153833145615199,-0.23180140428243656,-0.08084090900406005,0.6775884961350167,-0.06806754343791299,0.31071402849631846,0.027324702184793437,-0.17625256298824588,0.038741834982971346,0.31769667545008295,-0.5475016218473632,-0.2942800226987463,-0.3584821915932954,-0.18316513321477523,-0.59730290607847,0.055941631608819264,-0.04841774165032264,0.11051519487289019,0.0008019105074088539,0.012325873632351159,-0.0576834033600091,-0.02418491661220079,-0.1367586074652969,-0.105738561359487,-0.1178331257103129,0.3930014169392184,-0.08139832036886596,0.4000674451256363,-0.11305550208517512,-0.43965848975154276,-0.38645057736457566,0.12870618876489892,-0.2952929585719657,0.06734493895176763,0.10872707492259848,0.19474005767687652,0.028586101974657274,0.011964396259418253,-0.19292606697414527,0.4884452133921313,0.09072588448989594,0.3710870965412507,0.017280188995611345,0.09798658539536842,-0.1958668992615027,-0.09080345309741178,-0.19043715529084926,0.060416428457227944,-0.264104865086207,-0.6435857362069257,0.14093530876864413,0.29251030741670614,0.5239582806066435,0.5972139914218527,-0.5524892236104404,-0.4150759504831385,-0.09145335886865613,0.6997125480221064,-0.08105314010262621,-0.5702198444750342,-0.16210209147076382,-0.06994415009203725,0.2022215120324018,0.24166600579059694,-0.33912331874297474,-0.41471006402233757,-0.28783738583539087,0.21063417366030945,0.08063253533932946,0.2435115657700172,0.12528316365148628,0.4173642644517709,0.33629648251507516,0.10467144272634743,0.10780396193082897,0.14588965473997728,-0.14783692624832767,0.0027107192589257423,0.015037378641382992,0.30705338716355945,0.2562121606821296,0.04873005274002562,0.37693547394178784,-0.25252900311245385,-0.00479346620232457,-0.049266458320987194,-0.21256896393277525,-0.21897665124773935,-0.1782340051208342
PedNYC4_scenario7,0.03251922176843047,-0.21498107112868814,-0.37462180613616347,-0.27119688118635477,-0.2395126033966528,-0.4103109021744884,0.6600774523438153,0.009712753166481236,-0.6428118744448523,0.562416275952437,-0.38621999147069985,0.6121025877671729,0.5976411704466591,0.4356739148242138,-0.20748034388202585,-0.1161052173796222,-0.15569594848390045,0.3051859580734535,0.3563098120871836,1.0,-0.34571652301877953,-0.008414758383274767,-0.2636319037890351,-0.2545940001864291,0.5572971237450748,0.23265210514371293,-0.3522565228191823,-0.33501408390538856,-0.4587197233176439,-0.2954895238556108,0.40257070753817636,-0.07819256429335408,-0.2680215707227289,0.2662096158417241,-0.11402610843059247,-0.40455973588839456,0.6296899272080405,-0.4933280883405333,0.6377685795831606,0.0564804644349679,0.376448747560274,0.3607674136844825,-0.2153471930194839,0.22002902315759776,0.7369547543224672,-0.27678995187693656,0.2818422449110174,0.1855910589300772,0.2071038318747931,0.21722898909684496,0.3145485453599106,0.6920619510672924,-0.21036752318101115,0.6137731238288122,-0.09509918137521534,0.3772834703896766,-0.4416188568356816,0.7204098262234327,0.39893263381779176,-0.16094206792251553,-0.1920443516162882,0.044167249475772774,0.16559823528619377,0.6056874064598077,0.12666839877924818,0.0828344563851755,0.7192249461820488,-0.5528389949981647,-0.4012100315274485,0.14466310860100084,0.028129689009460224,-0.42286278954550593,-0.16878616254451573,0.13464215435417426,0.30346346713606653,0.09999190238695654,-0.21552334415313235,-0.6050144272552824,0.37314120410991136,-0.5208775756119071,-0.49168527543458773,-0.5312382842252896,-0.1600644691490234,-0.4454665511802396,-0.39593049119523993,-0.11458358753130082,0.542815089609894,0.3287602944227416,-0.04339511194109913,0.5219728172357284,-0.4538550351700241,0.42939337807110745,0.3276714980157591,-0.2616970646809942,0.47621347648766477,0.2847513075993233,-0.24670154037701764,0.797575243182569,-0.2672733599032493,0.4449154729909919,-0.40611119081305147,-0.49219958532668207,-0.4753525257627149,-0.46836834689482343,0.32353078400852686,-0.13319264576038292,-0.4256204044011169,-0.22816239191247312,-0.5865741271019271,0.02818167838108898,0.30581080077797684,-0.35999438370395276,-0.3405555361184851,-0.291690523507524,0.46193682032203065,0.010066603444151112,-0.13047900309143845,-0.2608425030007335,-0.39091005879726004,-0.18479421111772076,-0.3111533089693135,-0.08686134979599669,-0.2175813089081784,0.043211968243044074,-0.29523550551542455,-0.304317152240555,-0.6092571955411863,-0.5084466759410557,-0.4213184969005377,0.6256994742689737,0.4904148343781123,-0.011527742533592678,-0.3779372658366362,0.1519883282491592,0.2876713326251634,-0.29393925077091976,-0.437224454092473,-0.20142687514226765,-0.24396979135144958,-0.4946316935896151,-0.45342092194231287,-0.3628144606937498,0.505501716698667,0.6384331926935257,0.5355700141038612,0.6379928024962105,0.18393037288156455,-0.2701603752668582,-0.19547681345626677,-0.34238763664008554,0.22686446060484577,-0.4130209692471185,-0.09045994928310508,-0.20067907716303623,-0.1770203207893739
PedNYC4_scenario12,0.18439986481835235,0.2816576941629345,0.7723440458812318,-0.1355811836904155,-0.08159048909687217,-0.10159046879602385,-0.1446963821377576,-0.4141121023421084,-0.013303415544552832,-0.48899191332587977,0.5910606163508741,-0.2555255431904069,-0.5451513772731231,0.18963950666829144,0.6816101795491292,0.6215349189344523,0.29479487415408845,-0.5268702110795938,-0.1328913405474248,-0.34571652301877953,1.0,0.13381290373054167,0.5852648754634231,-0.21057524161157914,-0.5334221120212053,0.03166506434081939,0.7430591033610442,0.07840839787291742,0.6094537323386986,0.0678932727809235,-0.04650007558964564,0.11840446915600578,-0.06258130315059551,0.02436990096097824,0.16299580703279737,-0.17645230461879158,-0.14838075669557438,0.7707218331707494,-0.08757648736184542,0.6794942503728827,0.15849911727591848,0.31806574983845604,-0.062277077732570296,-0.1287632602828661,-0.1390362493128099,0.7816056839387323,-0.06507278826687002,0.04165448445970199,-0.19981576431361558,0.5033326935219359,0.4803610063362731,-0.055791565481759786,0.8001183810603908,-0.16401625799864705,-0.2976057615573988,0.019845096906103588,0.40444852518669805,-0.30817509078495875,-0.013135514828771955,0.7554870790080576,0.08646609927610349,0.3426726188243572,-0.4210704006108714,-0.1895560842422852,0.5361600167255851,0.6434575407473176,-0.45584472370324924,0.5746247830809735,-0.23050462200925148,0.199238713560274,0.7137043263428259,0.38838547602423734,-0.23012075330725912,-0.22992765418201921,-0.4268163774819711,-0.0520426102147209,-0.31739543391896285,-0.11464968721261104,-0.21755176087700123,-0.2571795081745063,0.3274999719906655,-0.1765037712012527,0.10174375647823564,0.3941293369131319,-0.09368059450611654,-0.31419909490014364,-0.5332628325853657,-0.2174258223211234,-0.2392021309910244,-0.21490667094776872,-0.3765129110814902,0.14136913391438788,0.42352546333277097,0.11347515238093997,-0.22987390878429714,0.25305832376267157,0.43068455536331085,-0.26161698232512665,0.1865044656176258,-0.2805063557731744,0.6689205518759758,0.2190270172537624,0.563619040453289,-0.17016035638871152,-0.3617567514315452,0.5316637183082498,0.4506939105285279,0.03478174625758701,-0.30413652198838825,0.5362990099970897,-0.52007775827422,0.07821601318839588,-0.3020064155752329,-0.10564616183807174,-0.34552239310284305,0.30434911935100817,-0.2930828018826932,-0.13761435173082526,-0.13180190199554254,0.06067572239053021,0.626201027890101,-0.4844825561546955,-0.2773834570252589,-0.12863799530202957,-0.4353836753336817,0.4306022748421525,-0.09732464826131682,-0.22791740195536003,-0.35275932200584004,-0.6020192444424488,-0.29865732018827806,-0.17915185300790704,-0.29214300584383346,0.01125825178953388,-0.3751111202748194,-0.06094884800051559,0.1089782209383523,0.5302522819238026,0.6111548021769584,0.23432724831151863,0.4043507324701374,0.11472775371724364,-0.3598546561302962,0.0241972926566274,-0.0832887844637149,-0.3917102834061077,-0.5187624099677355,-0.20549008340822672,0.25225950192419433,-0.43618574700346,-0.24020481359388124,-0.5134413718321535,-0.3642410006977199,-0.3512452668313226,-0.4006207034560745
PedNYC4_scenario15,-0.45823827460323274,0.46162386606593353,-0.2369220765461817,0.4885806272083184,0.39331326779551423,0.6913139920405073,-0.3603622115964924,-0.3959597440915137,-0.11345647682449789,-0.2385622815897519,0.37686282494980083,-0.3746179099580973,-0.36972492657321165,-0.2019905744382231,-0.25445354558751454,0.4424181807317116,-0.20772179778395583,-0.44879603568075277,-0.20193039627894005,-0.008414758383274767,0.13381290373054167,1.0,0.45705046332392274,0.8022825151343644,0.23458659631949952,-0.29463326767091846,0.23728364752927333,0.7604504176318438,0.6468416937614044,0.6258372631683111,-0.2712831375850522,-0.008315065664933341,0.17396832035977094,-0.027807832028662327,0.28196616724905843,0.619640576513778,2.873209707154878e-06,0.22080614294356804,-0.02878005912959214,0.045647605073671826,0.6869156251276998,0.39716925315669593,0.4664995704108079,0.192751355945735,-0.15577725639049533,-0.1473070733073507,-0.06193043913081797,-0.3432091086268969,0.024350478487597194,0.05326992175243539,-0.4189340892294231,-0.07288545791055889,-0.2540485451792822,-0.2708082975961985,0.0662898842547388,0.21327562731263872,0.34202787809815327,0.027610676550602342,0.4770120263969345,0.6255615890640406,0.5167034632912969,0.11984251298781845,-0.2367100225500436,-0.00025848020771968017,-0.23267867014888166,-0.2480384134445548,-0.14802725491752966,0.26898522902552224,0.24937307421160515,0.17421485805533876,0.4266524374053504,-0.03501528932962494,0.7187312958480206,0.04923420388472011,-0.03865145614891641,0.16997185993279718,-0.32079363820055473,0.4222668347542686,-0.2044742417358658,0.1608402585114661,0.07931935698398107,0.2644827877113999,0.15316462277579945,0.5070498933167482,-0.0982904733013068,0.5442824543221758,-0.17599129470421482,-0.6164346205032909,-0.25770588668176364,-0.3914983190367727,-0.32935157419325667,-0.3512627512392754,-0.27503923629236926,0.23038209330017367,-0.20942289792802615,0.04561818267927298,-0.06351468987782849,0.04356837771003974,-0.10216689235144694,-0.5026765481453883,0.22755684870116932,0.2910203045679215,0.5382890365175842,0.4505871661254136,-0.4021347502702022,-0.09750156273047828,0.3063449710952093,0.2860532174497683,-0.35836167777047745,-0.22643123897139472,-0.24694165201155083,0.42431982353440334,0.6494541059692245,0.2747515468673477,-0.2497192949732241,0.09468965848949407,0.5558650220410452,-0.6693404183784795,-0.3204733653506562,0.020692969708484554,-0.07559988961093311,0.3796352156090146,0.1572339257870803,-0.3322984174820609,-0.2780043459058712,0.0006708109132076423,0.08174749105753887,-0.470338506777616,-0.25145922275353083,-0.2118965686829839,-0.2877890304721453,-0.5092702073503577,-0.2927994881965763,-0.7884505324433706,-0.6525792141609115,0.5992115955219119,0.5810825085715131,0.2006001138049257,-0.2588901032010509,0.6460286826769054,0.5949734838623804,0.7082511748448855,-0.2062421499560596,0.027142853166645997,-0.3482170556744444,-0.09168398403212108,0.232495475816891,-0.4263150475673534,-0.5302821515081073,0.41533495170826673,-0.45682522658327196,-0.37435235108957743,-0.3426668968533715,-0.22661251158622742,-0.2686861458944838
PedNYC4_scenario16,-0.03238901231801439,-0.09005746389540703,0.1931447103072097,-0.1317482756323063,0.0558070835834541,0.4189067845970076,-0.3812189377547268,-0.16972516224162848,0.2610505556148327,-0.5370768387595175,0.6947024546670416,-0.15796157495328367,-0.6385322158174511,-0.12394845264761623,0.26177674342658985,0.5245962907157018,0.2839510276887669,-0.49506040338310053,-0.3320109766229482,-0.2636319037890351,0.5852648754634231,0.45705046332392274,1.0,0.37278633924606996,-0.008829642583338071,0.1423683835979378,0.6579708265908902,0.5247412290188719,0.6897076670646767,0.38034953200496013,-0.019697220516935898,0.2104287996791997,0.015239632548220139,0.044470171669638514,0.4147061075936094,0.2184184266259901,-0.05875121198440758,0.44494072013588437,0.06811906500449083,0.1118712004200294,0.3422073650666808,0.09737397908834644,-0.007470926078579909,-0.36606269525648183,-0.46556501627310887,0.3913314080513086,-0.3831722220729872,-0.17916875180485015,-0.007388018777135796,0.22285838392320034,-0.07413151481855418,-0.042234600852841364,0.3382845415421538,-0.3595426434717963,0.17362872205658653,0.19299262870714096,0.7410864584354186,-0.08936044011627242,0.2664413052349144,0.6022785386712822,0.25532986658744505,0.28190969946097566,-0.10421357702157263,0.03444583789811462,0.05803575651591264,0.12403084622355565,-0.5455173757674565,0.8063578918264824,0.01538033532689509,0.1778687423459866,0.4548016776735033,0.4262637089390676,0.17616916302990138,0.026820659905396615,-0.37433317565945057,0.06118467036227826,-0.22738785564426878,0.14067895605743086,-0.19093618696452874,0.20043701863987928,0.5622808785455194,-0.06869058946069106,0.22626256082364238,0.5188514116487637,-0.3851778625209614,-0.14714398302701226,-0.6048907749610826,-0.6415482343825443,-0.44968405819567336,-0.3972469748500733,-0.5652747738146955,-0.2325964116780208,0.0402145720221021,0.3313484578637309,0.11047505152891501,0.3750694673934558,0.6248079850037355,0.00038420162431407334,0.7217242553971676,-0.23660694171986574,0.22095589750769928,0.08789790817998422,0.7043153124811382,0.19918150572226312,-0.21911892506628905,0.043485659440477775,0.11903474154451066,0.28223889860459095,-0.339688536544019,0.2383462722575077,-0.10908782791669225,0.603881605632525,0.22618255498377704,0.09139545226662227,-0.3011987579741988,0.2718346233765987,-0.06057221307589922,-0.6460909472518113,-0.27393556630763616,0.12097155894712674,0.29541543274863824,-0.025372491163863975,0.319324452643881,-0.13792742778738187,-0.6142807291844972,0.04603422260296197,0.16771753446158488,0.056945227711604485,-0.17095041965393887,-0.38276022473323423,-0.2519886696023592,-0.1384460626120474,-0.07999931016707795,-0.14673918057202284,-0.46181995407182486,0.05854582169223954,0.3404511571124448,0.3047268240036275,0.14397879386309276,0.24710492369471537,0.4024284277921869,0.30866760175879526,-0.2581607236029231,-0.16514224209291384,-0.30053822863537216,-0.4302807745451105,-0.08055514096634697,-0.482425338299608,-0.33704600474445034,-0.22969697754239027,-0.3620158112539478,-0.5208616107722805,-0.6124291446994456,-0.44506639922017177,-0.5245771920088549
PedNYC4_scenario21,-0.5515339149346017,0.14678713009196265,-0.5066815205241029,0.41696704428352216,0.40389922680596335,0.8843208428884867,-0.5759457895319056,-0.09575746565820809,0.27181406204148173,-0.34363574849902934,0.2271340372696672,-0.37287133024671326,-0.42744538231168683,-0.49932111162655324,-0.4211005012704543,0.10174980919646393,-0.18909137950455435,-0.343666441970613,-0.3475888043385966,-0.2545940001864291,-0.21057524161157914,0.8022825151343644,0.37278633924606996,1.0,0.33908346072444706,-0.2522720286946907,0.053801531640441436,0.8391111905886008,0.4679347735500716,0.631737807875481,-0.3438482378756864,0.1537983604513361,0.41853397768677825,-0.18933724969056764,0.36273239538347823,0.785305250637375,-0.1494859129580075,-0.021064009790819016,-0.16538497192945134,-0.3521306548762375,0.3768953548310694,-0.07277065927236426,0.43448221534369413,-0.003706780230340545,-0.5056710826508501,-0.3914765580673598,-0.3381751074466288,-0.4341773387046004,0.11660179097949808,-0.25659793870246217,-0.7497829948674526,-0.25709583911981837,-0.5750190127051398,-0.49294101307230154,0.41747981603119044,0.10686239350741777,0.3847574333281769,-0.062200284637139,0.3303446804284429,0.2529850162963777,0.4126093102252879,-0.14755264000106627,-0.09607748454830878,-0.08418485624080696,-0.5589182608800978,-0.5342778150330154,-0.34416540009230734,0.2580795613332323,0.4554075779329011,-0.060436252619432196,-0.024423682409535186,0.04319318601293565,0.7764395223742547,0.06937208098933456,-0.0939194611748182,0.16608500972717433,0.028889007263311006,0.645001204937869,-0.22461539334578928,0.6001136616930031,0.2856119750241567,0.4405412874426736,0.3185374854291334,0.4234248475991237,-0.021769773332630526,0.5738494307361729,-0.19864982501787387,-0.68463349425683,-0.21680274282841072,-0.4920937941205372,0.007297758845053792,-0.6143870162923311,-0.5538681195092936,0.20483005542251131,-0.16372563980255905,-0.09040554263259959,0.02962112574385989,-0.1607789639988173,0.1306319137143539,-0.4644344986686164,-0.037270953155385866,0.22147512025565064,0.43341120128637867,0.6510339988043486,-0.20204302358076953,-0.41887448475843536,0.08323002605499075,0.3843990272943978,0.06829747862439906,-0.40286045738687104,0.07014551791033785,0.5951146437441861,0.8993093564360715,0.33275980893424095,-0.23504923220529306,0.016180984812055654,0.6198148147624879,-0.5735579043527608,-0.1708873128837347,0.029175984732680238,-0.1871143403949309,0.6363820855639416,0.4483296388440471,-0.28385093499506264,0.033054897653901794,-0.14738648578630742,0.4043647973090856,0.0007109765627290043,0.14682412971791137,-0.1695201064582843,-0.25487171534110065,-0.2972985152433949,0.08694744520392106,-0.7525390370158587,-0.49874739081574804,0.5992578809129079,0.6073842626130513,-0.07876461518800237,-0.5101992956192984,0.5673722040278105,0.4501981952327151,0.6780465834395614,-0.20480067079284758,-0.3229129784820419,-0.5469090892893012,-0.26961412336986434,0.3964560210619892,-0.19750808672407905,-0.6414905968442488,0.6525499259236958,-0.4471311853214972,0.05352631472355762,-0.14312735143585664,0.03646328881287797,0.003365522635992546
PedNYC5_scenario3,-0.14449290190601305,-0.5305346721696462,-0.8302202123643085,-0.3718687765430597,-0.34645645421180493,0.12156185612679415,0.20514160131857362,0.4933129996599903,-0.18882247485128723,0.2616327382608846,-0.18794766783098904,0.6553365244128092,0.2608116379820813,0.3191287712925638,-0.43645227547718823,0.04206123755211544,-0.37860842169818953,0.0016311286299028893,-0.052916323850529245,0.5572971237450748,-0.5334221120212053,0.23458659631949952,-0.008829642583338071,0.33908346072444706,1.0,0.49166337787774106,-0.49898086979262435,0.11874054317112614,-0.40066241730912,-0.0032390537897544203,0.2715622765337664,-0.22998713407707694,-0.26404304440754656,-0.011845572094041135,-0.24803134131352556,0.05868078962086942,0.6900584032773851,-0.4330219540538012,0.48259242038479155,-0.3338511979558343,0.5268402062826845,-0.15060744067562637,-0.42049947539323185,0.0007940585919378185,0.3525659878773565,-0.3209660379601844,-0.048682237248553806,0.10006285941025084,0.6145725658232821,0.07582754865523123,-0.23283259807470102,0.6678160751385396,-0.4602857819389974,0.4316287890400312,0.4638833528010189,0.7220919145557535,-0.19175680166660425,0.6896236232588406,0.5038095865894657,-0.23590570938672917,-0.3083688891954386,-0.2570347578462624,0.021713246355162807,0.5894112886167417,-0.10373354299571669,-0.2611289976042501,0.2487717434447202,-0.3328670217638161,-0.00750174329351827,0.08672245090549535,0.008775078372438516,-0.2492435310789083,0.020324856637683797,-0.2575961779559979,-0.050012323948705806,0.4683371976432722,0.24231184152032037,0.08290122185826243,0.5417009611963827,0.11108866466932765,-0.24388763290397786,-0.2966317688497975,-0.27168594790720935,-0.4278808178057669,-0.06502351493063263,0.0963381675941879,0.5240995587334788,0.06719998793814219,0.23940057181307273,0.43146958002995217,-0.0662223236491648,0.24508253879652808,0.15157454618808952,-0.27512597683098683,0.5920410030817431,0.3292710222462585,-0.2895813721119307,0.4482310906589986,0.12644177523268463,0.2245159469564899,-0.4563002782654453,-0.5269172922577083,-0.3197852325097972,0.21009637028124972,0.3783035035617649,-0.6425907778016022,-0.759547543197318,-0.07337008309356552,-0.2777048555976931,-0.17445387106734755,0.708305204597822,-0.15341193495614425,0.11988370502146739,-0.00682608048318345,0.5716124175095002,0.15525123887609693,-0.16115586806457904,-0.577279439505312,-0.5045812214998828,-0.17430434854683963,-0.08661325292642696,0.21909040587336048,-0.09869214117987468,-0.17191568517940437,-0.2349983316219646,-0.27370280194722163,-0.2451207332796772,-0.26475534491189445,-0.3083481906950254,0.33257145289325896,0.5707746064982288,0.24562904687737475,0.20896223755308152,-0.21989795291304115,0.39679171028951576,-0.273817162558204,-0.10699713145270096,-0.437268456103844,-0.7699808168261604,-0.2723778232767402,-0.29295569090907403,-0.11475198481918114,0.6225436435010875,0.3387315547207981,0.20125924284972108,0.4467856700194044,0.34027253380338696,-0.48847528066910684,-0.4980767076219663,-0.027138655833063074,0.04473855732602572,-0.03510050219818606,-0.25288998654235884,-0.30728869137069603,-0.26716465415460755
PedNYC5_scenario7,0.6089291450461273,-0.7639308873126631,-0.06654876777658503,-0.777184819951267,-0.6615666029693112,-0.2023585470574054,0.01855029169731326,0.6891296853810275,0.16780525740834085,-0.08812318466102487,0.009078255342005237,0.7746259372545445,-0.05895304803060286,0.4946764742022025,-0.1066284120594978,0.39662200246339285,-0.41158773012555416,0.027872078919381482,0.3086691917132258,0.23265210514371293,0.03166506434081939,-0.29463326767091846,0.1423683835979378,-0.2522720286946907,0.49166337787774106,1.0,0.10131247583768677,-0.34080410772663705,-0.30025817543315636,-0.04330580662313355,0.7796379043080368,-0.21451607152337893,-0.32476660589579254,0.37887460373965276,-0.3115360178866071,-0.21330251860629312,0.7689094490865337,0.023934166787465738,0.21699891558975615,0.10409935394848602,0.12652908168775,-0.45820600037710135,-0.6067623433091676,-0.6063184684885794,0.1856984908441066,0.2699926550656446,-0.3664721733988201,-0.11210639831031854,0.14150481804119808,0.26997685392894166,0.1476650298088905,0.6697465588897213,0.12130715123214153,0.655016344680987,0.2676319407360298,0.3816278289112486,0.184309369305106,0.5228490912965011,0.5118140339212192,0.0156972512540412,-0.24814667458825945,0.19818620598843362,0.14741383537651453,0.7662504745865246,0.187265209983689,0.2257121736263823,-0.22186827403795917,0.01917285265150026,-0.14529721285499853,0.5310870499322987,0.2128417975801945,0.3986887113217674,-0.39856030913046947,-0.6505461102088623,-0.5291110790211453,0.6775738202946938,-0.07271998723624318,-0.08709529755019063,0.2681481692327744,0.12226869898737269,-0.15820189480938573,-0.45625385934568863,-0.2945341094127021,-0.2649639274924884,-0.01985078837374088,-0.5097969240818929,0.06877430351183567,0.04910462308248942,0.07946346650614855,0.22815775220117263,-0.12196950347305235,0.6942202502439687,0.4162544104007959,-0.03469224897841916,0.38084286499153097,0.13896955624697427,-0.13496558537242942,0.07887979018680025,0.375189175929698,0.06526465847988783,-0.023712600340602075,-0.22812443548526695,-0.05548203865829349,0.14969779060520672,0.1307418435554848,-0.08189695870448821,-0.6882137614369639,0.03385583489397037,-0.11446079896586858,0.23968306469070932,0.35721609589812386,-0.2554911975379923,-0.3474163326372435,0.03239155410187178,0.17177440548233358,-0.16751456582127888,-0.5712027074597019,-0.18584153621814625,-0.054307565066218144,0.3421480495255176,0.13927281685414072,-0.5097705607466847,-0.30361435762389677,0.3840556832828892,-0.5143134818533248,-0.32202282678518257,-0.3211719073985293,-0.04310074049604773,-0.28478238026930436,-0.11573762429886902,0.22016016371759217,0.21943363090346557,0.1041603218063345,0.16338347740591408,0.46489815051580896,-0.4637344982264193,-0.07313971742286185,0.17432278659393885,-0.08036477716816548,-0.2698476352913648,-0.10454709897916992,-0.20622204122959076,0.31032432896049134,0.11172320718275519,0.05754630279649575,0.2059587959458955,0.08583175775261209,-0.30558339202904383,-0.025561970680583634,-0.6908945920797942,-0.19445110762077955,-0.11873518594690213,-0.3475689858270048,-0.41823669334617075,-0.3741578885805883
PedNYC5_scenario12,0.37859838956555814,0.17443658883791036,0.7103369315808499,0.05168637515040109,0.20724373346784952,0.2947563061296945,-0.4612235861981153,-0.365995304358125,0.3435655977364185,-0.6325170771312782,0.6236029442032128,-0.2976140948365382,-0.6466151888905527,-0.27903166994685025,0.17409023448276184,0.576751334927675,-0.02797242827948687,-0.30511797528687534,0.15817811929975245,-0.3522565228191823,0.7430591033610442,0.23728364752927333,0.6579708265908902,0.053801531640441436,-0.49898086979262435,0.10131247583768677,1.0,0.21113357431063806,0.7758247482789922,0.5403198086453946,0.20559786056778018,0.36047509958554946,0.2604814715966879,0.36422051964329283,0.5238134542474169,0.2050212099745533,-0.1427791552384048,0.4700749726159743,-0.3684480102504879,0.3422335368444167,-0.02654740302230474,0.06781050942766709,0.36563563364133045,-0.43686858538233553,-0.4904815876102826,0.4055723878836781,-0.4291288482036273,-0.5279527647552955,-0.6127535596338864,0.05846221413143815,-0.002588754700819429,-0.2503396840607037,0.3435253368803377,-0.2170049257508091,-0.22152418181103606,-0.3733717541334345,0.8103079035868969,-0.2628769500330852,0.3183609168369457,0.7901969409375648,0.572030140797508,0.672605020620009,0.0368366474150964,0.0730126386600034,-0.0688609139406351,0.21591402515549218,-0.6102310610075137,0.7498632359761965,0.11357922277754373,0.4905076959389796,0.3558722808199468,0.7708375003206183,0.25380675525685836,-0.05639027922859041,-0.43867553783605917,0.1376157187832856,-0.6834319071524688,0.005532369707649698,-0.6010720920800288,0.06594665829502677,0.33253810810413476,0.080877036934204,0.4266502882009553,0.7885512028019519,-0.2181640426516691,-0.13406607097711332,-0.7197445298819383,-0.6152814339019934,-0.5714030964065846,-0.6471427119515787,-0.46138509115192505,-0.0623266486027354,-0.09887161753683826,0.6243643038395895,-0.4755126084307717,-0.22101238696084913,0.3488618931685288,-0.25202417715006287,0.2992387537240887,-0.5232268462069838,0.6608617797527856,0.5898205013187476,0.8447802704334042,0.17573190473599665,-0.657400730778301,0.4822505627228437,0.4063771723277332,0.46490134214871526,-0.19083963700377837,0.2394228987957222,-0.6433859702313591,0.4951807022975825,0.08857292644464443,0.24670063918926832,-0.7408594131260124,-0.2607236461330744,0.16463232949156859,-0.09823505753855111,0.2569192652733914,0.5210109971367564,0.04840469291010163,-0.4154398448468326,0.15796941489057148,0.27434499958194225,-0.46911135536891724,-0.13751057471509087,-0.014749381958697905,0.03746978911866394,-0.05321346724731746,-0.6011304717726338,-0.730477683434922,-0.557565221764547,-0.5189444711955413,-0.14859299862249986,-0.6381528993729471,0.3527005786934203,0.5529083771381242,0.8281881185143768,0.6582544345285267,0.5020528700052859,0.7010120025319588,0.5279962082176739,-0.691820511311009,-0.38587757235838294,-0.5273316161253283,-0.5373577253834407,-0.13903890534551056,-0.04608870026207601,-0.04112049778651694,-0.3659620021363146,-0.6039723553452387,-0.5333653572835246,-0.36551552492450434,-0.2697931324796534,-0.32333894763067095
PedNYC5_scenario15,-0.531707236678157,0.24407231211738156,-0.31853974552363384,0.3712195101208282,0.4239798245068551,0.8660047090856646,-0.35687449856007314,-0.36416272809332373,0.054536528300446974,-0.5354503873105716,0.5134109653089399,-0.3393751025736418,-0.5840816023447957,-0.48005705671361354,-0.0725107238146332,0.29623791698110524,0.07729464234878236,-0.533023813935642,-0.37701062965525756,-0.33501408390538856,0.07840839787291742,0.7604504176318438,0.5247412290188719,0.8391111905886008,0.11874054317112614,-0.34080410772663705,0.21113357431063806,1.0,0.6810890953616366,0.6397662249923312,-0.44204520363494315,0.0030829721441676394,0.1630002989199012,-0.3807626678679248,0.27378276184849026,0.5164419194195807,-0.1946767532145448,0.23439723487261155,-0.2520559797371562,-0.2722125896430303,0.27420806592917746,0.009780922702517847,0.4128639860833856,-0.008012932541017426,-0.5935558110411834,-0.2753125746430478,-0.35550723691935504,-0.2776909029246868,0.12521252606428446,-0.06839637836805013,-0.5365160362090751,-0.2586898304330012,-0.30902427455641224,-0.5877320513495996,0.43340342906882334,0.16207998304322735,0.5087507234749349,-0.08657026788984368,0.24847739899274723,0.35471318557799436,0.3522842387774765,-0.1897207230449498,-0.23875339100856063,-0.1385027308324096,-0.2616126492996136,-0.23444740402267072,-0.425534305175046,0.4266409998262073,0.5464880615346313,-0.21489429458715392,0.0661042571236955,0.15212018098550173,0.5900370121849092,-0.0003932147150813581,-0.3179963458570574,0.05548741752480879,0.052781838901179934,0.5430739404004619,-0.4254556737773796,0.46127900360063245,0.22078611186464758,0.4500022212975743,0.161652984141179,0.5371372092342289,-0.012042383223726638,0.4241835468733748,-0.32416925258720797,-0.5870355775602869,-0.2707588573195907,-0.5296059175184313,-0.01334389914121048,-0.6109775211233641,-0.36172925360343555,0.30257839808203524,-0.13893992869402405,0.05097778321932511,0.14177576346479626,-0.22784647437685157,0.30165963320907907,-0.32354346388837807,0.06967982496276937,0.2589713315291209,0.591999561638479,0.4693686482862446,-0.2214389463025257,-0.311026563384583,0.31986082964178086,0.5230109940276824,0.04429565382486045,0.012856037364772477,0.017823325534232937,0.7236248356268516,0.8040102673187556,0.4018957616097659,-0.31860187503450144,0.17614412592219908,0.42903963962028535,-0.5055096697421642,-0.2446918813166119,-0.12533544155927356,-0.024123510891406852,0.393060840536517,0.2770779878242159,-0.4566920636684555,0.11491382914029502,0.18315723874583067,0.5025921190529831,0.09707330382954382,0.2151776663326228,-0.31841036432575054,-0.22912075003986798,-0.41631561699404673,0.11523551722770331,-0.6172663622943317,-0.45572846950634927,0.5184805457542024,0.5794728561009935,0.00012068489894534462,-0.40323476121765744,0.5842824176877367,0.48212944235097055,0.6388812260398684,-0.39343097230224133,-0.4294612674504761,-0.581602357238727,-0.4756036168700173,0.02141673604742067,-0.0697951944412285,-0.49630863537337655,0.5909085015780441,-0.3475229959723898,-0.057985735489243684,-0.16597875925597627,-0.03161833440187167,-0.06036441741332865
PedNYC5_scenario16,-0.12545898706886338,0.5017878303773449,0.40477082289209265,0.42140792925504544,0.5202571855707916,0.6643988521035905,-0.4983343188554661,-0.6303193718882174,0.2325875738314478,-0.6053381254718695,0.7996477051499227,-0.5401263902049478,-0.7270857074125767,-0.4410625286524239,0.0857054488651583,0.5415088829047463,0.040640960108618396,-0.5951268092892961,-0.1303455728976659,-0.4587197233176439,0.6094537323386986,0.6468416937614044,0.6897076670646767,0.4679347735500716,-0.40066241730912,-0.30025817543315636,0.7758247482789922,0.6810890953616366,1.0,0.7113803391688474,-0.21891375063121443,0.22309023583529786,0.21684298009447156,-0.08150087322978394,0.5171671769371045,0.4588631444794724,-0.3760160090718916,0.5190804988828669,-0.49202519509878284,0.18859246156178877,0.15204143616820542,0.17245554342113156,0.5407084833113852,-0.12715854591052667,-0.5857265039150397,0.13029017225574513,-0.35430365200117064,-0.4351215105243851,-0.3809898567210399,0.051033468922592085,-0.2755106396223299,-0.3552552662511963,0.14889544863694282,-0.4679444233478298,-0.030056252020442598,-0.22045550049292606,0.7868238834252316,-0.35060300160878155,0.24171363956524972,0.806354054655065,0.5880657841552692,0.3795382446695368,-0.2158836335189187,-0.17760083983861885,-0.15563879671473568,0.0654614491997596,-0.6088010323831652,0.7988874780056684,0.3960136862805572,0.2082941808768909,0.36335016600646486,0.5187318499052318,0.5505455203258368,0.051529588385509584,-0.3002792517452506,0.10335647864781872,-0.4344386199567174,0.37354333856318556,-0.6334204971687099,0.1498668133465657,0.33871749606614665,0.4357590752346474,0.35729178429569275,0.8990856964387383,-0.012874197080874339,0.26336421163611656,-0.617791920504235,-0.6695237332243291,-0.43676362910286426,-0.705579986206019,-0.28985195223211946,-0.3647950502973287,-0.25794800713082555,0.587729645168356,-0.5191404951461873,-0.16155793793717965,0.2599245004421037,-0.3721525328073283,0.2375951578421075,-0.6128098617943261,0.5800740994527968,0.6200111576548543,0.9409097194608932,0.377872528421599,-0.7137352657314358,0.19646342360499558,0.6034147107168883,0.538781140923628,-0.11898503378708836,0.1633988957760022,-0.5653293299091864,0.728654257762464,0.44445917431851956,0.443442944370519,-0.6906361940374697,-0.03285969137230982,0.38240758336923664,-0.27157036360184783,0.020179742730503603,0.2202774576690255,0.05812497986729048,-0.06278014303295443,0.22547469872231884,-0.18786554385573817,-0.2030045289551019,0.16342193574623742,0.2833849823336696,0.009258143341203562,-0.006382484911768627,-0.6521292293219267,-0.6489482622513343,-0.6495679150502587,-0.33503269560607296,-0.5222010392678835,-0.7176615837547362,0.5649867534133537,0.726372046705079,0.5818048259704881,0.28739628048559895,0.7615698633817374,0.83087565968347,0.756819660959358,-0.7376925258682847,-0.44156799665856394,-0.6579239925891689,-0.6497376398568973,-0.22012730572744954,-0.09214094343887247,-0.2636899666397823,0.16619376314382261,-0.5622270971220762,-0.42071544404333894,-0.3441825038836057,-0.23788349522250019,-0.2856391864744423
PedNYC5_scenario21,0.04195063240775898,0.2964683839963711,0.019599257557171845,0.4283161021578126,0.43207737997795737,0.8623715009873605,-0.5184213961404791,-0.23520261475571558,0.3588969535141828,-0.5281337305655842,0.5560694202887919,-0.25175087969782406,-0.4482966082974942,-0.5390250078124756,-0.5227139717767499,0.49882745686061525,-0.5239052583487629,-0.28662286343894183,0.0767665235112438,-0.2954895238556108,0.0678932727809235,0.6258372631683111,0.38034953200496013,0.631737807875481,-0.0032390537897544203,-0.04330580662313355,0.5403198086453946,0.6397662249923312,0.7113803391688474,1.0,0.11758946789466729,0.022320216800634562,0.18624465802750778,0.2004702472895019,0.3093057791662617,0.6787141104972055,-0.034735110827858184,0.06717142960480449,-0.6010481024606398,-0.26042040443183323,0.13593505434327957,-0.1412302242254566,0.6708352773129597,-0.248683199819572,-0.5417333705031069,-0.3211009501566775,-0.47384548680326244,-0.7148603620013088,-0.3466056488158631,-0.3024348011586151,-0.7379312585973519,-0.2844491746196889,-0.4021056123645914,-0.21541873684728752,0.17817527457122329,-0.21874350365087292,0.7317633242720524,0.015039977738896093,0.5885295387893769,0.5509298943609531,0.7333046164887272,0.39273476809623586,0.2096816544041531,0.21148968899173026,-0.5832579290624502,-0.4116285040939769,-0.4730150448598749,0.5237003981183402,0.7737270386686731,0.39483702574006074,-0.0011129634494178031,0.611780501869605,0.812553748901668,-0.08708638569553373,-0.31160623843614155,0.4327896132197132,-0.4741365368108863,0.563189401546851,-0.588722136439539,0.4147748876369024,-0.026236130459504237,0.5277290045938138,0.20214496064291132,0.8172249192492004,0.1632543668156068,0.44155538137256123,-0.325690564866981,-0.6130509348560764,-0.3022424053180799,-0.7015222764730247,-0.05585656645927761,-0.3030292459950814,-0.5845658635913622,0.7663346634726809,-0.5330583040059715,-0.5419377211530896,-0.2723313851652125,-0.25382561748896126,0.12573746414660425,-0.6526883029201804,0.41129630356381575,0.7641980225346895,0.7713616465010267,0.7469294105741451,-0.7743189568880817,-0.11903754980890202,0.2228957575340651,0.7244696214894838,0.019013289672037748,-0.216157850844916,-0.3905953396634234,0.6539994949562469,0.6889164558541244,0.8225309887805321,-0.6616839524931213,-0.5051664832907679,0.6020325232346677,-0.13878530459162275,0.24242479610112855,0.4571856207096938,-0.4031483799649487,-0.018772450108565097,0.21897582424858641,0.0779287617009109,-0.08736067321015373,-0.2394505247641947,0.14616429377666273,0.06893919469806409,0.11253138637231164,-0.5391188105632652,-0.6639109044093339,-0.733787356275367,-0.33259086786598946,-0.6829255544238648,-0.5489126650709704,0.7037165531785435,0.9620837243102252,0.6202648625138757,-0.028006675373598577,0.8230720248907235,0.8766000995671543,0.9321148956513622,-0.6202239250148343,-0.5915540260129861,-0.8283874242470954,-0.4209695664495037,0.19321415119156515,0.06697725179159564,-0.4679119281689148,0.25160698457293584,-0.7052808166444042,-0.2060361561251134,-0.13962057898689872,-0.1159540185735144,-0.1112367886933292
PedNYC6_scenario7,0.561940946809485,-0.4380425689058669,0.06911446216447703,-0.5469111866334635,-0.5434977373415975,-0.1989324097194407,0.05358265814806629,0.40597336048351496,0.08636446828077371,-0.09433305691575833,-0.12298100989864946,0.6190924495784789,0.1618870799279435,0.40317953449351285,-0.3366902994745493,0.28491854875157885,-0.47511876439405043,0.150336475662724,0.43696955409035043,0.40257070753817636,-0.04650007558964564,-0.2712831375850522,-0.019697220516935898,-0.3438482378756864,0.2715622765337664,0.7796379043080368,0.20559786056778018,-0.44204520363494315,-0.21891375063121443,0.11758946789466729,1.0,-0.14915800287460335,-0.18744073283755092,0.6341843596917472,-0.17148058386970333,-0.2179271095872708,0.6415813279137045,-0.09438615648926096,0.14066682074197379,0.1566902585515053,0.11829553996039965,-0.2936513369800182,-0.1674957690078689,-0.6495358392428172,0.24702564213613065,0.008450454071317726,-0.37826111908978377,-0.40477563454932763,-0.17138891891430807,0.2641551305652854,0.11975993393723217,0.5251884465751275,-0.00547457695305309,0.6436310860348983,0.14490599330996878,0.05101384003353837,0.17523467859154973,0.6714035980437015,0.6592511217960421,0.11585048671266784,0.09306319349772296,0.3372549095973252,0.41905430912457164,0.8556756390710252,0.031321527571544494,0.2214353824015166,-0.04325862835034466,-0.039952113288213686,-0.03555387011046518,0.5551003348507743,0.06811596392725017,0.34302224391120784,-0.16282409108163431,-0.34847344961790405,-0.3357203118548764,0.5913149942980698,-0.4196233870209616,-0.22399435358358044,0.035009015404318555,0.028872775096844605,-0.2951689503288599,-0.41130287047181513,-0.16462167649280035,-0.11834222112983861,-0.17209997458625503,-0.5476497663567828,0.09023002454238016,0.07632959126703931,-0.20900462904053874,0.037209915701734375,-0.29005367165438734,0.6580804120968091,0.22699553699923225,0.1062568898355215,0.11330179873573487,-0.13725491356524033,-0.28188854442487843,0.17988869477717395,0.1396374799668415,-0.08267614554363978,-0.058676314033765165,0.09592800373910848,-0.05161176502356146,0.019972786305434087,-0.12482847861317814,0.0012804781264237342,-0.5208637531176201,0.05846121049135411,-0.19447461422407475,0.11708372277949564,0.012291456156540592,-0.19618863317068302,-0.28962135391663324,0.23946680353349747,-0.08623946418765471,-0.5268687877006941,-0.2777545892623414,0.02422532172636338,0.08642216086225107,0.41560281455578163,-0.24108295652131084,-0.5794871467024638,-0.23180669165523726,0.5357540182516981,-0.4914613728889301,-0.4156586858579463,-0.48539713492848,-0.12101299921669972,-0.32653316783594155,-0.11267253672359945,0.037855273143026946,-0.08931343128751923,-0.3556066099167241,0.06547892833855362,0.2570908073328262,-0.22540143174548422,0.016057666720160957,0.44401168738620167,0.07133236694544853,-0.19259744439891469,0.020078873217107884,-0.0973963885136988,0.10834921500216321,0.0828187134742907,-0.06167093230856713,0.2249458147447123,0.1787656797129229,0.031686379350829075,-0.17093139327945361,-0.6970181012686485,-0.42218582065784993,-0.314632838072022,0.00623247067989674,-0.09647112222824661,-0.06485827900901864
PedNYC6_scenario15_CSV_Scenario_Ped_15_Session_temp_2024_03_01_11_47_13_decoded,-0.14640709281682707,-0.03904927613692566,0.1865085596284337,0.013766396596986086,0.300153152230346,0.11176448634627145,-0.257869171524731,-0.3143060622448033,0.36794196868799833,-0.15253688710821667,0.06721475959732814,-0.31556134607328645,-0.2259394230869236,-0.5051288296512557,0.02468175719128629,-0.4083730917346786,0.1899747016462856,-0.11231234897709674,-0.08548054843551212,-0.07819256429335408,0.11840446915600578,-0.008315065664933341,0.2104287996791997,0.1537983604513361,-0.22998713407707694,-0.21451607152337893,0.36047509958554946,0.0030829721441676394,0.22309023583529786,0.022320216800634562,-0.14915800287460335,1.0,0.7651966379895083,-0.047779734811056684,0.909523483309952,0.12233574042046103,-0.45945123359121,-0.29150740782272866,-0.08632664826333403,-0.013810322577483047,-0.21871314644676731,0.03072603241006977,0.21523487603970282,0.0006751881266253701,-0.3703742671160737,-0.037201111810023724,-0.26668674437991324,-0.17990160526141308,-0.2733167932388474,-0.2581520620618405,-0.09083036650482978,-0.26259573811024883,-0.14524811389783854,-0.40437722663836073,-0.12018967486751975,-0.3710266838938725,0.2350105069888182,-0.32558711829670184,-0.1163740730921603,0.15569875395728683,0.1015866930129401,0.134166667682993,-0.08402697257235014,-0.2285681281872307,-0.4325483947260389,-0.08024786010318419,-0.21584699024194154,0.2581932442595207,-0.17228028605364964,-0.058292102195782736,-0.2039871632564474,0.22562848824060888,0.21157693645903974,0.4157870777333177,0.15821499858442756,-0.22116379760226978,-0.14214443975571345,-0.2337989649847545,-0.17470999299581091,-0.031185551836325764,0.5475658645855351,-0.021636613448730246,0.9616428207677369,0.2993061671550822,-0.3783434749985648,0.08010318606226485,-0.24951855436447934,-0.34641111892708865,-0.41646405202373793,-0.2450012756722908,-0.29380011019240904,-0.37552641833201683,-0.20430205830757786,0.07926937124618971,-0.21402422166683355,-0.09258998047893874,0.5742017129069915,-0.022573675038903174,0.11675911228928271,-0.13019766372361152,0.07624409254905962,-0.04228606856986161,0.2235861655895539,-0.16253689034610752,-0.12665623798848546,-0.03930314482579367,0.056858804034109256,0.12277980610346018,-0.09667499076654407,-0.06881761073049963,-0.14268596402835132,0.39108655901301503,0.06720899844575179,-0.27339910980421966,-0.22079228861945444,0.05456790636490272,0.2696681625805806,-0.10884256438237627,0.004122586381286597,-0.01344064007836332,-0.08977985914895781,0.13629716967130845,0.48656492122635076,-0.036979897402904305,-0.02145082179018032,-0.2827802262815067,-0.026833911779768016,0.20574622864150993,0.07785674518283714,-0.0331631651503379,-0.2621135943241235,-0.06831701424111114,-0.3308730703035594,-0.015062123653214687,-0.3918828424766714,0.16057445509219326,0.053403361001519434,-0.010710755308733555,0.26300732938926275,-0.05113349336765127,0.0477687306391672,0.10030699293476797,-0.25873467001661266,-0.19623213779258353,-0.17358643278875463,-0.3732814892651317,0.036958771702298776,0.03166697422937004,-0.2279946572601299,-0.04087365543549093,-0.15409116848756343,-0.24835329631142633,-0.07850484164517257,0.03789035696587839,-0.032035639142554695
PedNYC6_scenario15_CSV_Scenario_Ped_15_Session_temp_2024_03_01_11_48_06_decoded,-0.27977334171214796,0.10216641587838349,0.0380906462384103,0.2630293324578241,0.3109936551568705,0.32694825044103815,-0.5644862668539585,-0.16493777208332405,0.41326835046447596,-0.30895855140135375,-0.2182629315480118,-0.5668678225531167,-0.3459025384723622,-0.5897181933004665,-0.16013544060428364,-0.4028270887163514,0.02471542166401186,-0.023027545634859647,-0.01589595624844642,-0.2680215707227289,-0.06258130315059551,0.17396832035977094,0.015239632548220139,0.41853397768677825,-0.26404304440754656,-0.32476660589579254,0.2604814715966879,0.1630002989199012,0.21684298009447156,0.18624465802750778,-0.18744073283755092,0.7651966379895083,1.0,0.09574546307103526,0.7351994254503261,0.417202178997391,-0.4566298402108204,-0.11419508131039979,-0.17752383661851212,-0.00030125972533956435,-0.16370219599139668,-0.035784064466155785,0.5145244415054335,-0.11310669493236625,-0.5053111892759734,-0.1833480835356769,-0.36469721260456356,-0.5210216748157777,-0.39639346547066645,-0.3349963511772305,-0.2964150243062602,-0.4988185769541711,-0.3826740259725765,-0.5510644444703261,-0.02560800136484076,-0.5280963803862719,0.18365223815478804,-0.36355161630800903,-0.032126856988800245,0.139230244138543,0.4229284203045458,-0.018364401254852503,-0.01649279179929186,-0.27302478114390594,-0.5596494917906221,-0.2411816245063243,-0.29192933481148975,0.03952825036041274,-0.04812807895255178,-0.05297210303964017,-0.23026209268833098,0.10733764974229554,0.46562635012451736,0.27575709347107535,0.07323273322228596,-0.20874569079444782,-0.18703750094165317,0.046702071752662944,-0.40299520391326116,0.3845965598708645,0.4193857298628314,0.17700906825225782,0.8822236631826863,0.29537782812702673,-0.3323983840207152,0.1679418504014668,-0.39268176131585486,-0.5469443585532376,-0.5436330252758181,-0.5531251206734953,-0.10649926383127806,-0.5488073196378864,-0.48051718586648295,0.042336056052755144,-0.3948407990966878,-0.3035040003086005,0.3530905204870918,-0.24024915651022938,-0.13461198170357447,-0.3716568720362423,-0.0049055677973108835,0.22266897737593427,0.18688156043466386,0.08552789015133544,-0.1311134777809988,0.08055549299645026,0.2698475786178245,0.20303191190079417,0.19236621157257117,-0.2908427675840275,-0.27878707312732365,0.35976952453275135,0.4718377525026579,-0.15881747715950034,-0.4386307109609766,-0.21096095332731823,0.610260802793474,-0.07499166323133943,0.21621923745927119,0.15565943767849533,-0.2714654861161616,0.369791596629508,0.5216604671334292,0.15933104792594632,0.14132804989472614,-0.35133496853148927,0.21602612732346482,0.1298449881790691,0.3022263534707852,-0.05080642744259478,-0.4592215793052097,-0.1948396414399325,-0.2500787304352605,-0.2731219223935466,-0.5751760328606266,0.572831831389948,0.22650143321543192,0.06294922879238896,0.12493422160941559,0.2215357117953699,0.18391682568533319,0.3278644641952213,-0.32159609080048335,-0.2911811720928714,-0.356449779109798,-0.2691187074146584,0.42240163159114197,0.246398710466329,-0.18792721022016012,0.31981643956876105,-0.38607497249780076,0.04762524129584167,0.20491484040200814,0.4368377892568065,0.35391746347800845
PedNYC6_scenario15_CSV_Scenario_Ped_15_Session_temp_2024_03_01_11_52_52_decoded,0.6015148146093185,-0.11989506088956947,0.2569033706030942,-0.05795723316360624,-0.2145014310031581,-0.15910035982996518,-0.14125809680231094,0.3045515762190204,0.06290696384955408,-0.0011796453238104299,-0.25633080506989936,0.08581648818562426,0.15296038469849627,0.10511899038849692,-0.3029977191501745,0.24914915094476608,-0.3840056006469674,0.4997330287580447,0.5088627289073056,0.2662096158417241,0.02436990096097824,-0.027807832028662327,0.044470171669638514,-0.18933724969056764,-0.011845572094041135,0.37887460373965276,0.36422051964329283,-0.3807626678679248,-0.08150087322978394,0.2004702472895019,0.6341843596917472,-0.047779734811056684,0.09574546307103526,1.0,0.011335112770876954,0.0680095586366557,0.41159468849430225,-0.06762472085391469,0.18464461488623374,0.11231314063966102,0.13857173101691622,0.17265181975250665,0.24030098828106572,-0.3557367018887456,0.16359450594951008,0.15134751678145453,-0.009791187607558705,-0.49312622942045614,-0.4982976685142557,-0.1478991747541405,0.02860569675334046,-0.019319942389010025,0.004461804776934475,0.30742768038944823,-0.3829016593302128,-0.2920384346103,0.14867290659278976,0.24514813314535544,0.4494226682476766,0.2086681173276309,0.5770789243812388,0.6263980406982989,0.6100013017049903,0.46002930541564924,-0.164249706474072,-0.17960797148956442,0.174228997693456,-0.08620907231165176,-0.20417069354377593,0.6742030910750499,0.12415311097313197,0.23990131767439216,0.15482492600546138,0.026513943516399463,0.017438795315831368,0.08544925410768422,-0.7568669768777077,-0.31679168701227756,-0.1136206921304499,0.006486929104209227,-0.23461451066962757,-0.32931171335040843,0.003837645282443347,0.1098220234060645,-0.41654140018321595,-0.23518316034729003,-0.2048685474390517,-0.24082794270050578,-0.39745800937873255,-0.20431261832504766,-0.49368739603842293,0.22946997532233737,-0.1540546385807704,0.34739652728672543,-0.06198634034606587,-0.25325471318474935,-0.1537961349739212,0.4041922179244609,-0.12198140551202097,-0.12484786039914364,0.09610904314151836,0.3175295443739401,0.0377033274937012,0.03775761629287888,-0.21530392403253718,0.4956209119979835,-0.048634797841734745,0.05783089380109996,-0.3175699776407954,-0.2775420655759828,-0.4234501558584234,-0.17177736767013574,-0.048679686560600954,0.02907448484003161,-0.28524065230883044,-0.6296910283870218,0.22528890609031837,0.023149130972820675,0.4231257311841681,0.650228284538467,-0.42804452285230554,-0.2593747293095794,0.09178972219425996,0.8009478972956287,-0.5912898515239138,-0.6528769398035008,-0.4564312044071823,-0.2736333384744227,-0.1397449721925319,0.15857229257847805,-0.40718809043864623,-0.2198683258999048,-0.5550670601521865,0.1563304642065182,-0.3245715782807308,0.23216123241846187,0.14623033329629198,0.6284601195077263,0.45126194867743485,0.0244012634265095,0.17469568531090907,0.12692040753798595,0.02485128020675209,0.1716648093186952,0.05441358571797095,0.4215750481408338,0.607761467283709,-0.08937111777479001,0.08485259867102124,-0.5044018716949181,-0.3156690125262245,-0.34546809084765906,-0.08250137721020878,-0.012983390436752229,-0.058490513063363725
PedNYC6_scenario21_CSV_Scenario_Ped_21_Session_temp_2024_03_01_11_17_48_decoded,-0.1730460841281889,0.11596259640081807,0.1783164350898394,0.244848934281227,0.5149947343130808,0.386450037539944,-0.39287705137636997,-0.4562521257130867,0.3539719193944445,-0.2512440846116304,0.2714730960763696,-0.4424608603171616,-0.3754860257328685,-0.6325942898857928,-0.1053510340752366,-0.22269340436447504,0.1461682413990435,-0.19292468583814082,-0.041650928607803284,-0.11402610843059247,0.16299580703279737,0.28196616724905843,0.4147061075936094,0.36273239538347823,-0.24803134131352556,-0.3115360178866071,0.5238134542474169,0.27378276184849026,0.5171671769371045,0.3093057791662617,-0.17148058386970333,0.909523483309952,0.7351994254503261,0.011335112770876954,1.0,0.32302387963255197,-0.48793634755991033,-0.1779740321040455,-0.19038707938759902,-0.0693342615333632,-0.10448658341801087,0.11811204887177051,0.4512729201112827,-0.05018047343765475,-0.49761697723227805,-0.10715497021995835,-0.3200490999882748,-0.3794892283970184,-0.4332088136072825,-0.3045475303251628,-0.250932867359436,-0.3508620672565952,-0.18999129997767672,-0.4786779108192989,-0.13366183226429285,-0.4418012124258621,0.49535484047960177,-0.34580418554633807,0.044480662709018515,0.34460934300373847,0.39958825120039987,0.2895176615554629,-0.04387902286911016,-0.1861984243794732,-0.5321344189524726,-0.17895825745884153,-0.2867674155999804,0.4627387954536224,0.007124955952540146,0.06489011422243085,-0.12107342386849007,0.3127676517057141,0.47975789290782167,0.49230388138063774,0.1338066252614034,-0.16309182374694187,-0.3516857872444781,-0.0972024239464424,-0.37818465899205744,0.045352765433149034,0.5268577716084232,0.15048338643913894,0.9428771646807109,0.5867429668306453,-0.42501530454990144,0.2299663846898059,-0.381254083050772,-0.5856136957849929,-0.5584744768491294,-0.4672771301994052,-0.4236117030404758,-0.4812667623808431,-0.35593323920141273,0.3436864474593798,-0.3147700522922894,-0.16265956706337903,0.5538180483918143,-0.01909576332586127,0.18650126178145676,-0.28780427917545004,0.1536051924234968,0.18477352251281465,0.4943841922115553,0.027004217807599096,-0.33292485957993256,0.022699515950934557,0.2379446219598953,0.30521054199773556,-0.17442678753122443,-0.11200506656654907,-0.3046223492837654,0.6556946537091527,0.31407591837110527,-0.05987704193423227,-0.40156929142737985,-0.05149954350154062,0.4795278948017925,-0.24449725417238888,0.05613259718316288,0.1123509211817717,-0.23289048751267538,0.1906697964631694,0.6451571130122136,-0.018796136450536904,-0.13163306824707854,-0.3378793695375659,0.08022980385688638,0.18480249443509322,0.10717007977115756,-0.1065794408589813,-0.45490502603835914,-0.31786192162500937,-0.43214256866276335,-0.2005139211915412,-0.6266931420397854,0.42010914625262097,0.31886728102038797,0.16952529641557723,0.2792818541037936,0.21114078209561582,0.2996255952898096,0.3789987650334439,-0.4434562088655478,-0.28938302567510066,-0.36112734965811866,-0.43810612782526337,0.10192440447759232,-0.05073303670077922,-0.38051039044157653,0.07708183187589135,-0.31610718878495403,-0.38106308675376654,-0.21715331065368693,-0.04116983929071938,-0.1287683792466503
PedNYC6_scenario21_CSV_Scenario_Ped_21_Session_temp_2024_03_01_11_18_30_decoded,-0.17142289343631534,0.27123711600809686,-0.1343706817256125,0.6339315385215777,0.6052891691015377,0.7606978985187749,-0.807409779252108,-0.033856829338696715,0.5751283755320109,-0.15609259232578165,0.2028210164705857,-0.505809598032368,-0.3435584302987549,-0.5484044114743711,-0.5747211410982371,0.14690445719426348,-0.4033295597215045,-0.018848346059400223,-0.06567125223059178,-0.40455973588839456,-0.17645230461879158,0.619640576513778,0.2184184266259901,0.785305250637375,0.05868078962086942,-0.21330251860629312,0.2050212099745533,0.5164419194195807,0.4588631444794724,0.6787141104972055,-0.2179271095872708,0.12233574042046103,0.417202178997391,0.0680095586366557,0.32302387963255197,1.0,-0.2517274906918845,0.0175705258983333,-0.4510731025020962,-0.22473166688611546,0.11648974180580585,-0.22042205023590378,0.5559197537286305,-0.08331552504578044,-0.4873067584823416,-0.29851234538292903,-0.24722127022942586,-0.619091486160412,-0.2869821105564023,-0.44870923116247763,-0.8029693168395591,-0.4176061010333929,-0.48707022672203815,-0.2927202882058235,0.13357261640753781,-0.29463739987944804,0.45752887384588414,-0.32518948781517887,0.25195887558625896,0.27552799944262685,0.5827309495369778,0.29193251793291564,0.20656040529731112,-0.13030479575132237,-0.6845973176962503,-0.6478330012089688,-0.39796666351137056,0.3712899718679028,0.48588085752669063,0.26609371809446847,-0.10166437176827103,0.23468748520832539,0.8525430959203881,0.1529508708476004,0.08391324319250526,0.2675780055610172,-0.20993174711443552,0.7792543345495087,-0.328824468701689,0.5984766942872932,0.3206670847515747,0.7064507882509212,0.2781368833826776,0.5951058394861354,0.24528186771520488,0.6722512209815558,-0.3155096479220909,-0.732737247382601,-0.10045867443554246,-0.6115662965165405,0.16591798609005703,-0.46686521289348204,-0.7765875695707649,0.4564172515579479,-0.527316690400299,-0.5228011181065906,-0.1566050067102991,-0.3560121278522037,-0.06256424796430116,-0.7335125131646265,0.24966511655924262,0.5551080312278355,0.5361825910553303,0.8292100403747433,-0.48292872736830184,-0.10297576257609986,0.1584992275851409,0.3444721705170388,0.30354769669699144,-0.6648793413999374,-0.20353257910305467,0.48701048166081207,0.7521274240878553,0.4534710670810299,-0.47819041726190825,-0.38107544049804787,0.731364370870586,-0.19085552790965177,0.31527655618393,0.517122088433398,-0.3270334804317596,0.5672658441015928,0.5355134959784823,0.1387353914544861,0.008776300911509272,-0.373720925622115,0.4407821131832058,0.09451153536301704,0.25252038283938627,-0.22576307825903252,-0.6209207119903082,-0.43977942026493233,0.020506232390173018,-0.6811509209564064,-0.5496716919137701,0.6756935321082956,0.76711673830218,0.23022287181896617,-0.1370575471625064,0.7819584099912822,0.6614338920035319,0.7973035910599683,-0.4474121827886357,-0.46883297345142116,-0.6594986241963352,-0.3222453252839186,0.40499573735120786,-0.12478365313523287,-0.4284287339718016,0.5794717658678179,-0.5443480611468041,0.23697488831189206,-0.14292662319190041,0.02825465249257475,0.03774556264867013
PedNYC7_scenario3,0.398980385983571,-0.5304903429316192,-0.3301393505816195,-0.5551588155171001,-0.5634914804693798,-0.21384919627676569,0.34769679142818166,0.4788864037465783,-0.3705702769206185,0.13852402970981736,-0.179390149096182,0.8230483503577259,0.1843634188981177,0.5751775058640933,-0.1719751974978061,0.43223875514903964,-0.4695695196595424,0.15879720508108175,0.42321375236134817,0.6296899272080405,-0.14838075669557438,2.873209707154878e-06,-0.05875121198440758,-0.1494859129580075,0.6900584032773851,0.7689094490865337,-0.1427791552384048,-0.1946767532145448,-0.3760160090718916,-0.034735110827858184,0.6415813279137045,-0.45945123359121,-0.4566298402108204,0.41159468849430225,-0.48793634755991033,-0.2517274906918845,1.0,-0.09666734721054104,0.44891937042608565,0.09369917325446098,0.41075319586768533,-0.05858467838646897,-0.4347981880267522,-0.23040862220221214,0.5024390401553789,0.017629306961240876,-0.05972470364802507,-0.022100643544397558,0.2667311917160906,0.30143013112310313,0.18610443989627534,0.7894592285198078,-0.0944749147476831,0.7410118597832573,0.16821379895003663,0.5738483337253729,-0.12045306049492455,0.7721087366003871,0.667299779837594,0.002257756521943266,-0.15794351752631752,0.11120539076167979,0.15117782356374998,0.8556685316102045,0.24929523953781196,0.1339301402064661,0.22286604397509546,-0.36900553657694735,-0.18308580273901431,0.4558048018541072,0.261878530518292,0.030384995481882116,-0.26496955428186153,-0.5580905102810405,-0.3494914480731133,0.5499411048446137,-0.18397439805784277,-0.22829450079004476,0.2805557465859565,-0.08212542917410892,-0.5446153524306636,-0.5014125724360767,-0.4916192466026872,-0.37794007354179104,-0.12341021640318695,-0.2807384775635944,0.2907985989937045,0.13503035210629855,0.06369718222840526,0.34365795706432933,-0.22945463811389666,0.6397425959374379,0.3985169508867423,-0.11367199223200308,0.4736188577889918,0.22762403986124036,-0.4123565291273603,0.43826000749606586,-6.849145242227017e-05,0.22258267526406028,-0.150746392761135,-0.3100767351307716,-0.22954752051221972,-0.0018639053956230889,0.24110413415091525,-0.06890824599007761,-0.5607771873319656,0.02477616773158209,-0.3520130475593952,0.1687158973267444,0.38027554279718356,-0.39638109956474654,-0.22917958804531913,-0.0315635437801427,0.3006004776295057,-0.12527492549491992,-0.3522524463288381,-0.32380902385439025,-0.2363046526103485,0.17075755854734775,-0.06423157297142046,-0.34026257369982993,-0.47259346424850635,0.2593213566012983,-0.4478849118893651,-0.3096742765259046,-0.46490917896678785,-0.4357147022563326,-0.3550599367202092,0.21727510925621396,0.3440710888087427,-0.003880247538143866,-0.06860353241833117,0.04427777436622771,0.39554959437487924,-0.3036957317627269,-0.14273115340181475,0.07182476150542172,-0.2953948593746569,-0.23991174454179576,-0.18019559856488976,-0.1596095366939918,0.4443989544168583,0.38924947218209094,0.2536579361047938,0.5289089625077422,0.23279296682243333,-0.35279235003332676,-0.06052221283008463,-0.48541865257954653,-0.05451741292054835,-0.21909021464079426,-0.2818343999877895,-0.3824167666095919,-0.3265292443712966
PedNYC7_scenario7,0.012805662166971765,0.2691615914840264,0.508323418212768,-0.017248329607926438,-0.11949665047884683,0.04397251238272126,-0.3444313696709336,-0.18274018548234716,0.012282513188814348,-0.5034810799934069,0.39000432008324526,-0.3176617721024244,-0.6325214007838151,0.27096019740686583,0.5730752894200467,0.6185696832679975,0.26818460597446625,-0.4914985311191442,-0.1443539307523094,-0.4933280883405333,0.7707218331707494,0.22080614294356804,0.44494072013588437,-0.021064009790819016,-0.4330219540538012,0.023934166787465738,0.4700749726159743,0.23439723487261155,0.5190804988828669,0.06717142960480449,-0.09438615648926096,-0.29150740782272866,-0.11419508131039979,-0.06762472085391469,-0.1779740321040455,0.0175705258983333,-0.09666734721054104,1.0,-0.10073707126638864,0.6794689713323846,0.20263293199614096,0.10695749643294272,-0.04749775006876744,-0.282716788345182,-0.20210690704304013,0.6475169431228546,-0.15439088561246006,-0.09200362885449298,-0.12367475266893724,0.5847025495581223,0.3570282952242603,-0.0777591304122971,0.6719177945837761,-0.1811924324012706,-0.020491703126460203,0.05826703956947432,0.33179392641476313,-0.2857151632714263,-0.011143937410763138,0.5852788313864993,0.13285213911883276,0.07412061689202687,-0.4128640232544907,-0.19027848448955287,0.5830216369822799,0.6038767528657171,-0.5442434284866939,0.4273739528428645,-0.12757986235707097,0.10268531404498993,0.6918991356673412,0.17709067387919553,-0.16980948041315203,-0.39828305610247794,-0.5068495911043094,0.05250128729312231,-0.11615430162583484,0.23968880517067348,-0.28902136586279004,0.14508710496302435,0.24742532444088128,0.046734710701058835,-0.20768855984343615,0.24479162262831622,0.05795296747397738,-0.311385868943562,-0.5818345208172504,-0.2890817655818174,-0.1853906918286785,-0.3412697768978934,-0.09946332963312443,0.10218855894276246,0.3107884242741532,-0.03929053286722328,-0.18987933113451372,0.23352897681423956,0.2551001028566192,-0.5063615181345191,0.13740308145798308,-0.3811013593197874,0.4346473233501782,0.2735750409833486,0.45647692032593623,0.0581360826751095,-0.18875080788930632,0.5010432594348023,0.5043958462675419,0.008998169432352321,0.0613088252006635,0.4457546155137986,-0.3749094668713182,0.04767821116002591,-0.0274112757651237,-0.0048541998920601515,-0.36633215229559757,0.21523865382778762,-0.2255295426171573,-0.16106590689518785,-0.06787385095640275,0.11610161022634746,0.5846586648494333,-0.23160566070287314,-0.25592717977125545,-0.05916247959130305,-0.26417917687991577,0.503470745770655,0.2934635764011826,-0.18029597223524285,-0.13975172016045234,-0.5682459255065875,-0.24367610136394213,-0.12809617835820308,0.07841460422761237,-0.14754047659668212,-0.2658973081985223,0.07262304350284765,0.12909326927499643,0.3861354641789385,0.30547435648702115,0.36934043846594355,0.373835528086937,0.15150214307632626,-0.3079052620911791,-0.03167059154813101,-0.1751493607757495,-0.31310051831846053,-0.33213645679392734,-0.11000735994595834,0.264454552075168,-0.08669481441433513,-0.3129038394943937,-0.11269873909277073,-0.1916308659358641,-0.0833433461091837,-0.11539512765822835
PedNYC7_scenario12_CSV_Scenario_Ped_12_Session_temp_2024_03_01_15_26_15_decoded,-0.19869906761895106,-0.3507888928575511,-0.35103954606768006,-0.47599817583349946,-0.5634635641202181,-0.5158353299349898,0.42149229512724373,0.2512372905165816,-0.5378426183821199,0.306568954491088,-0.4908706391986164,0.36650306109332575,0.3990118485719436,0.6188074485461247,0.25112963214849926,-0.1312148178041601,0.356565082117659,0.1741556531224535,-0.19210751153792294,0.6377685795831606,-0.08757648736184542,-0.02878005912959214,0.06811906500449083,-0.16538497192945134,0.48259242038479155,0.21699891558975615,-0.3684480102504879,-0.2520559797371562,-0.49202519509878284,-0.6010481024606398,0.14066682074197379,-0.08632664826333403,-0.17752383661851212,0.18464461488623374,-0.19038707938759902,-0.4510731025020962,0.44891937042608565,-0.10073707126638864,1.0,0.18664314258879644,0.5512654657495271,0.41468780758484103,-0.4900275473150546,0.07531144651907296,0.5827040671535038,0.21521539107113663,0.3268882300840803,0.3870830589892895,0.4716110449378612,0.442345842714873,0.5359604893133771,0.47981961540951557,0.18392944370001674,0.2026440560102326,0.0076095012884870306,0.569410410091866,-0.49648622207155135,0.49115813418319987,0.07498213857529001,-0.18651442183898959,-0.3592742919392704,-0.263820178935251,-0.042410985940021684,0.22713254215729894,0.46441092473347434,0.23315750205571928,0.5395302161133265,-0.45160173677616045,-0.7490959512718716,-0.1814413969192179,0.2720209609397437,-0.6368339046744267,-0.4388575878908698,0.12104892854449822,0.15896433694773338,-0.2764833914052267,0.09978630610167016,-0.5677313898598957,0.6157997377579286,-0.2597993986462721,0.012410188199739158,-0.8014486423493881,-0.18646112883053823,-0.6758185440595008,-0.6512401679954047,-0.43026040100248286,0.26490052128751995,0.19590039321815078,-0.10344959073633775,0.5386184965783447,-0.5109072470181322,0.21114870851360001,0.512525735509107,-0.6476133218818387,0.7420066168585504,0.7790721689213775,0.2840316060380481,0.7189230043151729,0.034430069338542535,0.5117884532774306,-0.5331692333479041,-0.7434698708169818,-0.5732984254058564,-0.5877382920505221,0.7215312639875132,-0.04407939191204835,-0.391003940178837,-0.5971275930699811,-0.5512801681839774,0.045831999117471156,0.4012197354205088,-0.4550667616157833,-0.3053968448230693,-0.7017906376492073,0.62198269000556,0.47563620539819607,-0.3642619592688676,-0.5354208959447706,-0.5898138971644467,-0.39256775560865487,0.2226328238031432,0.1787639556807381,-0.09380203356420624,-0.08623796595546995,-0.46909586487429134,-0.03244362855677663,-0.39998042692782954,-0.4739853329910857,-0.4496197048083388,0.6008189299124338,0.6530070013991354,0.49634665162957825,-0.02329258379820831,0.32453166330451055,0.17706833732388227,-0.49847314215660976,-0.7298686196526769,-0.44031779231371604,-0.2365498239774455,-0.7089501857751088,-0.6861080432807485,-0.655035384984018,0.7447480963647011,0.7839504812275252,0.7374996949852767,0.6120173588257242,0.23944766621919844,-0.4432732982195715,-0.09710067513736043,-0.3530537169756669,0.31098766651238174,-0.2988932790462022,-0.09020289076176202,-0.030145164040411565,-0.0860457836923727
PedNYC7_scenario12_CSV_Scenario_Ped_12_Session_temp_2024_03_01_15_27_41_decoded,0.061626031227093314,0.25627154430474264,0.5632185433868537,-0.18382430247627646,-0.23205949481666255,-0.41302436455769675,-0.03339512347472384,-0.2897586353798274,-0.19664507521533303,-0.0797301357168545,0.05289280478088498,-0.10235209603467132,-0.2411695513053198,0.5158697902062486,0.5211025857972185,0.38456760067917606,0.1410691504099133,-0.2854368874757436,0.12488894375460158,0.0564804644349679,0.6794942503728827,0.045647605073671826,0.1118712004200294,-0.3521306548762375,-0.3338511979558343,0.10409935394848602,0.3422335368444167,-0.2722125896430303,0.18859246156178877,-0.26042040443183323,0.1566902585515053,-0.013810322577483047,-0.00030125972533956435,0.11231314063966102,-0.0693342615333632,-0.22473166688611546,0.09369917325446098,0.6794689713323846,0.18664314258879644,1.0,0.29019476613691686,0.32673863286343674,-0.1602375751675318,-0.07514508576517454,0.29120869850216025,0.5702899168509844,0.01779804910916405,0.008286650134002316,-0.13042728024748373,0.7458592391505221,0.6618390516991797,0.2864648903192799,0.6124583318429386,0.20746646170114236,-0.24646001117940308,0.08152093670592953,-0.06064994561964765,-0.033746552870508095,0.09370430485428838,0.569002578010729,-0.05249634686130933,0.1953248136109491,-0.3534051031857697,0.03203754569567907,0.6186905504907432,0.7750547631574211,-0.16493623236279853,0.0556417983284514,-0.5580785927441583,0.2426807621012017,0.7090036700484942,-0.053769355463150426,-0.32081425993473056,-0.25746040245914825,-0.17326522178939507,0.0868118969543823,-0.28916654663469443,-0.19381816829039833,-0.06154948009852923,-0.29364944960680295,0.10290557372579268,-0.26329543473822437,-0.016473003223266502,-0.03900009651024061,-0.10649242639638623,-0.4093351094466031,-0.3035841723188495,-0.04133368367387025,-0.22310981733731539,-0.03622145664577037,-0.34150327588285045,0.4159966590605879,0.5088299385952828,-0.3229175291095434,-0.1392550424202239,0.2507933094681558,0.15224556263412414,-0.1847806189183041,-0.2656475228553994,-0.2679009749931798,0.34915602488758457,0.008095770266608127,0.12887215911991556,-0.3542258450667348,-0.10840988465371426,0.5420077010815387,0.29210503730371684,-0.24358337992379342,-0.20916840834310824,0.4212784067277764,-0.3511104274610637,-0.3242549059935875,-0.46283189867416974,-0.33415621329105427,-0.2016431909590628,0.1693188856627842,-0.2913718909238403,-0.11757312074433446,-0.22683755513360637,0.06803868618081654,0.45985119047619927,-0.3472907923130848,-0.4483017395986022,0.03296606621530984,-0.38375880248948957,0.31188345418569163,-0.17014478978718595,-0.5406294581965758,-0.47067580380717855,-0.2781983440827924,-0.07035255100551074,-0.13588415203746007,-0.3112068055639121,-0.0428342724764883,-0.12924036723037347,-0.13847712241033694,-0.20494246567538466,0.3356320772575432,0.38494918680069334,0.06348878380985212,0.12811018579665467,-0.11566649489382597,-0.08955219408394721,0.3705932314533771,0.16455469912876786,-0.023607272869435647,-0.30370095180295165,-0.1664593751106096,0.2837583160506585,-0.3825561776103821,-0.23684193328584224,-0.34121420944821734,-0.13370660876681617,-0.12185822991253548,-0.12935049738827553
PedNYC7_scenario15,-0.358095869053338,0.1649773697260376,-0.30249010935637566,-0.08022968270375674,-0.2972927489833892,0.12019307935508983,0.0037162981944873774,-0.04502867160887836,-0.4005995375619049,-0.04878577732770206,0.049652587321107444,0.08682605322502024,0.03938809525507447,0.5000216583492575,-0.08226430542690832,0.4585726716911579,-0.1475461709893644,-0.38884532565370034,-0.32230141675405344,0.376448747560274,0.15849911727591848,0.6869156251276998,0.3422073650666808,0.3768953548310694,0.5268402062826845,0.12652908168775,-0.02654740302230474,0.27420806592917746,0.15204143616820542,0.13593505434327957,0.11829553996039965,-0.21871314644676731,-0.16370219599139668,0.13857173101691622,-0.10448658341801087,0.11648974180580585,0.41075319586768533,0.20263293199614096,0.5512654657495271,0.29019476613691686,1.0,0.4880925855940066,-0.08562334488270329,0.11562904051394152,0.4116323966592891,0.16025193079996547,0.15279672685013246,-0.0072886717503568565,0.3973388528706252,0.5210309699778382,0.08037196808921654,0.41425703616540166,0.06604042103535035,0.1466678611023342,0.0762198992509836,0.6526738847229981,-0.0730890908159445,0.47708240397710766,0.5379175473975178,0.4885398519293822,0.06608306479113724,-0.045483092162269534,-0.28853605787698555,0.2760972239788647,0.2614769393391396,0.11791786810681815,0.1594394207540838,-0.05592074950864401,-0.21641238832789833,0.1479651548078177,0.6731414415706468,-0.34600944942647716,0.1595459182284531,-0.14953991297671365,-0.07707035339741264,0.21387468151344635,-0.1839481712981934,0.05059906041630646,0.3925713561647859,-0.11728055660248882,-0.024248004664107814,-0.3993144565760782,-0.17903880189685606,-0.10012364523564488,-0.2664631693794748,0.03236514370611254,0.18926256649378048,-0.1661053000551287,-0.0706345466043834,0.17452817060580905,-0.49555037094432297,0.17368941865988163,0.3123064759495666,-0.3006313181791309,0.23876877717460632,0.4900711288162205,-0.08313657823047738,0.3764521314217304,-0.10845516989898218,-0.20098554657955603,0.009889069843652898,-0.1658440084334698,0.0384913079907796,0.057967676092313125,-0.0123020911109184,-0.166281670265358,-0.17017508446169138,-0.2653618020766799,-0.6800708868486276,-0.09119019833731601,-0.00032674776622743096,-0.17160676342337844,0.1204786776428467,-0.07047448893031194,0.26053989792721854,0.3454065786257423,-0.01109601198513066,-0.769114884788455,-0.6799764214017601,-0.22716823492245974,0.25869625614939085,0.14115622899276414,-0.24114070533827348,-0.3539454962655082,-0.6099390433246243,0.12008612683572806,-0.41436556986983564,-0.8007411529763901,-0.7677394910155773,-0.05172277344709619,0.27301557432557744,-0.01800855536563062,-0.30367453926239274,-0.5070300943683483,-0.24540906801845375,-0.013589600261996182,0.02108484547328504,0.01995856842585242,-0.33713148001406834,0.060867738280943495,0.11936098383305171,0.10798875267860619,0.38163104755654154,0.5889414040871555,0.18666060315600097,0.34461536547804617,0.17583026648578992,-0.6181194374554593,-0.4779283537678696,-0.10474701709864864,-0.28573658039268324,-0.5450149894762724,-0.2754731895005378,-0.274411972886476,-0.3143761275852901
PedNYC7_scenario16,-0.2288601486070969,0.544883323637684,0.16671038646290204,0.27910526494342724,0.08385828249869742,-0.24122337281000394,0.37073243902177944,-0.497789173507152,-0.6573064384043508,0.2346527287689384,-0.007914653858776877,-0.31091124101077217,0.18641370836431925,0.17785750329682348,0.2959448187181659,0.0896421678551157,0.24514258754023632,-0.072166383158345,-0.04216462510653485,0.3607674136844825,0.31806574983845604,0.39716925315669593,0.09737397908834644,-0.07277065927236426,-0.15060744067562637,-0.45820600037710135,0.06781050942766709,0.009780922702517847,0.17245554342113156,-0.1412302242254566,-0.2936513369800182,0.03072603241006977,-0.035784064466155785,0.17265181975250665,0.11811204887177051,-0.22042205023590378,-0.05858467838646897,0.10695749643294272,0.41468780758484103,0.32673863286343674,0.4880925855940066,1.0,0.19892625686462906,0.6241564763931196,0.43832788940679146,0.2410693142829543,0.6095384079283436,0.3042333826732173,0.00694823598105232,0.18625606204128164,0.3900202704095851,-0.05786322978834235,0.2953109349728211,-0.10831491093196255,-0.6170651037501318,0.12114596811834133,-0.2964429523600449,-0.03416861681748262,-0.08103533668524898,0.34698951238621234,0.2065444210617522,0.11318580619354646,-0.251114152910225,-0.2504880827391254,0.28855609961522233,0.12576636613854564,0.548146635067405,-0.19036147653224256,-0.44972693849942313,0.013182774552135013,0.509190828517922,-0.4448236645484478,0.052717998874630356,0.33519858339024267,0.4181342337650793,-0.5078265954195884,-0.356767062238154,-0.48972258322725404,0.13023886651966854,-0.6537088651100635,-0.1929689405562658,-0.3530258171284104,0.03858453260178829,0.011838490904138133,-0.4173390524107832,0.12221391300495321,0.056099097466039916,0.06998832507408037,-0.17106719484286192,0.17346524046545253,-0.60285741379615,-0.09585712960692439,0.22892237217484201,-0.11325222313540473,0.09823341165724164,0.37900539543150047,0.12390349126839106,0.5691490629865723,-0.40313199733498584,0.19603711762441045,0.10745266954950816,-0.10241855956167378,-0.059354548516143524,-0.47149897132623586,-0.05553899584452493,0.39654417613364856,0.475650278962952,-0.23412555386615508,-0.7373357560399949,0.05748962941511271,-0.4463048075495808,-0.18818156247013684,-0.14731361991006642,-0.37087020869830445,0.1328526759507639,0.34957738961229334,0.16934613900972495,-0.2695180380946325,-0.32602199396130205,-0.3325547431711522,0.08009614910945739,0.012525425397615808,-0.15432098911562142,-0.24970107891059756,-0.31002238723406705,0.21259933883759952,-0.44438745872576924,-0.6913524063041669,-0.45773525109260893,0.2611933569089261,0.025090585265303722,-0.0992511344087963,-0.5449413459703125,0.03654662788541729,-0.44839814462535266,0.1636135327851469,-0.1946293231059404,0.09258873047482374,0.2831982619368989,-0.05760592158064104,-0.010418904180011124,-0.03807178557721258,0.21343860729334918,0.6553697912929809,0.5130829690074625,0.42744798021660557,0.058956448644663095,-0.3437063505400195,0.16311010217264243,-0.07667215377950987,0.2572302366621627,-0.615416281857682,-0.17423832316753507,-0.1645891889473019,-0.2575727385681008
PedNYC7_scenario21,-0.1859530921580479,0.6510333466416707,0.15632900264784744,0.7822680217495876,0.6568870296926512,0.5709045975933813,-0.3977171261643859,-0.529953058923688,0.1378395622212264,-0.2780298380174502,0.08095995778939036,-0.6608832363981139,-0.1510467127311237,-0.6790756999416745,-0.4026797345084858,-0.018369617828716267,-0.17525770893027137,0.07247651785900211,0.12285938252689887,-0.2153471930194839,-0.062277077732570296,0.4664995704108079,-0.007470926078579909,0.43448221534369413,-0.42049947539323185,-0.6067623433091676,0.36563563364133045,0.4128639860833856,0.5407084833113852,0.6708352773129597,-0.1674957690078689,0.21523487603970282,0.5145244415054335,0.24030098828106572,0.4512729201112827,0.5559197537286305,-0.4347981880267522,-0.04749775006876744,-0.4900275473150546,-0.1602375751675318,-0.08562334488270329,0.19892625686462906,1.0,0.04966144379899751,-0.4274968042041871,-0.4434649327037321,-0.12969891152356983,-0.6584510257155876,-0.6103591592642412,-0.43573752115484377,-0.5162343167623464,-0.6660632471814742,-0.425855590721278,-0.4672941821724115,-0.1813722395005508,-0.654780375502527,0.33009896463804445,-0.24211130397514014,0.17170264407062286,0.3232094177171896,0.8543337626626842,0.28558013212371103,0.30129000093683134,-0.19421085646017944,-0.5955510248108207,-0.4260346685054288,-0.0740543961557818,0.1716745089682672,0.4929171197481359,0.0678224238341486,-0.24872112486997855,0.1685486923543278,0.8229029300363785,0.43273062893888425,0.171929019935385,-0.17962865633532288,-0.5385246267243415,0.23749500122845546,-0.7016685844302208,0.2342781727671831,-0.014131254077865085,0.5494982187918107,0.4203581343653845,0.6861004928315715,-0.07163390884681364,0.4731486034280683,-0.3262205242497329,-0.48318307323056287,-0.4819822414137458,-0.7290858020416882,-0.06793294677049944,-0.5769330098389729,-0.750825719654115,0.5740481944118924,-0.6980317140653576,-0.6385454914418953,-0.1522203712061121,-0.13875134448004078,-0.3156165163728937,-0.515550924781313,0.23028541548874826,0.7798597396786832,0.4522997258719308,0.2943479837916747,-0.6034850590908525,0.18777018576796478,0.606873511389821,0.4477522796683422,0.10834124613638108,-0.3993217025880582,-0.6473144036200245,0.5059624875816324,0.6596407740474267,0.468463121164876,-0.7036893741583119,-0.5563939350344975,0.9068456693623395,0.17311440750137286,0.43470021567723727,0.3163182944141891,-0.6177224442981637,0.25102820955923444,0.4087910630940206,0.17596088597573667,0.21119102766027908,-0.23216753979741922,0.19039314427795695,0.03895488316154527,0.32995154525478765,-0.1536916648442035,-0.7314910254737108,-0.7397696830576246,-0.515109859090169,-0.4640034307894694,-0.7494186371784717,0.8853494664954583,0.6425472814168618,0.4793557457093146,0.20731436951754134,0.6681134540360226,0.6111452965513551,0.7240048909747443,-0.6624489682330403,-0.4493900967276976,-0.5847448511994524,-0.2786870548154583,0.3082177154637029,0.4265046967925852,-0.23761110531174268,0.4887258908409512,-0.47451779266897853,-0.07996503776275476,0.30955425957711435,0.41343341369524134,0.37662503725291263
PedNYC8_scenario3,-0.35336109234051194,0.5042977358655089,-0.1340359124559667,0.43772443125919636,0.33009113138449486,-0.1811081099759626,0.4737203651789397,-0.38124419863863235,-0.4978992224327825,0.5820657737720217,-0.0697408204027603,-0.23180672303161032,0.3947901948916801,-0.03404494223100274,0.09894402274329805,-0.27317119645033383,0.06738653048175691,0.027586363040216222,-0.1066428996059543,0.22002902315759776,-0.1287632602828661,0.192751355945735,-0.36606269525648183,-0.003706780230340545,0.0007940585919378185,-0.6063184684885794,-0.43686858538233553,-0.008012932541017426,-0.12715854591052667,-0.248683199819572,-0.6495358392428172,0.0006751881266253701,-0.11310669493236625,-0.3557367018887456,-0.05018047343765475,-0.08331552504578044,-0.23040862220221214,-0.282716788345182,0.07531144651907296,-0.07514508576517454,0.11562904051394152,0.6241564763931196,0.04966144379899751,1.0,0.43129527147513136,-0.11745910373258783,0.7534461399704764,0.6138527691537042,0.2802655432991492,-0.1901484247269416,0.06337331459955486,-0.09048847902779511,-0.05744670423678899,-0.05225169726143797,-0.4578071035794453,0.15048871517876605,-0.5874712481883597,-0.23476853242221596,-0.4345676790727153,-0.1443291942139049,-0.20693875686470076,-0.1806497709873316,-0.33668015305209864,-0.4975323963354048,0.03605498431796894,-0.2067047906957622,0.6151146541561475,-0.39489658433645625,-0.1308056809504321,-0.25643865535263566,0.05233349772609042,-0.5440261406235485,0.054257970867337635,0.2965897125909571,0.6456364670883343,-0.4138373846930008,0.20570854406485173,-0.1484852118785034,0.325302117102517,-0.6163608205970319,-0.2866042135461151,0.07470563283679788,-0.05438868919827389,-0.1612739827998959,0.2200106565233726,0.5818995790399075,0.4620401886178671,0.3997585528024281,0.4551570222695287,0.4458532059939011,0.10675605083310113,-0.17835838789427982,0.03321136282905113,-0.20172070500706574,0.028130665089132867,0.11986377814525506,-0.20571293366761578,0.31063931734828343,-0.5740660022835196,0.31020049933135496,0.045261870113405434,-0.24893754152961756,-0.3014785632458039,-0.24150064443166053,0.042396880485907174,-0.02856177990199571,0.2708453703759519,-0.23162562765329997,-0.2673009397482786,-0.14852374293843118,-0.054150469605292795,-0.27895238144340806,-0.13404353728790408,-0.24967242912001875,0.40983328559206567,0.4172250475530477,0.16610494431653233,0.07739576473469545,-0.22808379191395156,-0.5045784625541643,0.05507617503702911,0.24972847499364292,-0.20385373255806583,-0.5039031815889361,0.32847651022925883,0.30777259546791735,-0.20264060747240586,-0.3711952991333112,-0.1562440654092101,0.3506735794231771,0.21591346916139031,0.08439201591579171,-0.05324822845637778,-0.002846395764759535,-0.011521222991826452,0.04322299164274501,-0.193816570633502,-0.37566550364872,-0.06662796227312295,-0.04705755018578217,-0.1551090850791561,-0.07083693429829152,0.2809658138548804,0.42962556132328733,0.48014155388020585,0.3358136214971279,-0.12401365535494002,-0.18604520027977034,0.24369348979367278,0.36154084588049407,0.615948486855922,-0.009223786186860261,-0.02519448944492253,-0.14914324697569992,-0.14564513929597367
PedNYC8_scenario7,0.1077271132722406,0.02885004996162288,-0.12013559025031428,-0.21132634566841313,-0.40554638894748263,-0.7044102432538206,0.650365469597052,0.12621622678824274,-0.6849802642287974,0.6832931160843684,-0.4368563654129156,0.4711258165883061,0.7354657214134851,0.7821157338961416,-0.003130579614940343,-0.009056081610025135,-0.160081248729377,0.25559296078106875,0.17834553773203243,0.7369547543224672,-0.1390362493128099,-0.15577725639049533,-0.46556501627310887,-0.5056710826508501,0.3525659878773565,0.1856984908441066,-0.4904815876102826,-0.5935558110411834,-0.5857265039150397,-0.5417333705031069,0.24702564213613065,-0.3703742671160737,-0.5053111892759734,0.16359450594951008,-0.49761697723227805,-0.4873067584823416,0.5024390401553789,-0.20210690704304013,0.5827040671535038,0.29120869850216025,0.4116323966592891,0.43832788940679146,-0.4274968042041871,0.43129527147513136,1.0,0.1404501265347532,0.6885184980636834,0.4853638136907312,0.28977930711673017,0.3611505239092042,0.5528758526315898,0.6071924973695189,0.20147007530990002,0.7231885294525516,-0.3740487519434328,0.4225465308681887,-0.7194624817338164,0.45126808764082327,0.05542143758388396,-0.16480525976122218,-0.41551245411680227,-0.006897226687607505,-0.10738916988684055,0.26856389819912363,0.4883828610845786,0.2450462572448473,0.7687066274256336,-0.6316374672316609,-0.5194276538215936,0.1121113384836736,0.29494459629043124,-0.5900457563113319,-0.44274474381456796,-0.06926248064905849,0.3547918453743395,0.039591956008085516,-0.032555049245573064,-0.4757272061163662,0.6927020090292527,-0.7028083910114029,-0.5043466496424025,-0.5486447891372102,-0.49414689117482236,-0.6334513857390736,0.012547338069095137,-0.10229577351261376,0.7162199948235829,0.6480709172531147,0.44542631385945164,0.8075064801790768,-0.13765158946804812,0.6766577642417,0.5789389696832425,-0.5065885741184042,0.3368167959520125,0.30341333733530607,-0.41677811041159285,0.5586705087128511,-0.5365957882860606,0.3575320915942004,-0.10881237212112893,-0.44954720412895854,-0.6395673268460045,-0.45574646544553477,0.2864204931768012,0.06444666723087134,-0.34304029296534866,-0.6533325374458037,-0.5086012860309035,-0.029704639761198637,0.12414055314586903,-0.8255860511351543,-0.633287470394714,-0.3872982536587486,0.674780449373772,0.19791827040899612,-0.37369877363893167,0.0031082999310038106,-0.3258753048065417,-0.26742028710728216,0.13666100590550234,-0.18062409927763357,-0.5526969348770254,-0.06257964838284469,-0.24305870405902685,0.06215941638019118,-0.707288445797875,-0.6877521726450104,-0.6441839094636399,0.44151996409888183,0.58287899511974,0.28640501688027165,-0.21085202816548443,0.1961330867749772,0.409407001685544,-0.48738859875205764,-0.5823494186178311,-0.2120238305120683,-0.060424602904866065,-0.49049687792872576,-0.4705945596421939,-0.5338169881553736,0.6606216964429464,0.8553761657314904,0.7675350072778107,0.7624887615583703,-0.06782007428983872,-0.32610269423608673,0.15887250892535565,-0.3650156925867618,0.4005086771212032,-0.21614608307561545,-0.005187610658345498,-0.20739513171775248,-0.1672176757308439
PedNYC8_scenario12,0.36413015491894496,-0.04051238977875893,0.6153634310187169,-0.33026473772248544,-0.38382092970162596,-0.4326680420350908,-0.09682735580944701,0.11703293121269565,-0.02226745340999292,-0.1894593971400358,0.21421532451597214,-0.07077413754287387,-0.26581297796334713,0.48832049125197785,0.6496562292635343,0.4412305892520374,0.2814387340033401,-0.2170715583828735,-0.13456493616867826,-0.27678995187693656,0.7816056839387323,-0.1473070733073507,0.3913314080513086,-0.3914765580673598,-0.3209660379601844,0.2699926550656446,0.4055723878836781,-0.2753125746430478,0.13029017225574513,-0.3211009501566775,0.008450454071317726,-0.037201111810023724,-0.1833480835356769,0.15134751678145453,-0.10715497021995835,-0.29851234538292903,0.017629306961240876,0.6475169431228546,0.21521539107113663,0.5702899168509844,0.16025193079996547,0.2410693142829543,-0.4434649327037321,-0.11745910373258783,0.1404501265347532,1.0,0.22836100444079255,0.27181266681118643,-0.06714299744946794,0.4112487254762265,0.6315923917903232,0.037304957142946904,0.9004127590381384,0.06191534990850833,-0.4318296607011871,0.12378993468459543,0.09912407096764086,-0.32488079531666436,-0.2233302803848951,0.37865862435429876,-0.16985913152394883,0.25463171589303013,-0.40061861219757255,-0.21091829027268516,0.6617130592000369,0.5331115136090222,-0.21764008494379938,0.2890617467326284,-0.5405343968918181,0.2240405592970609,0.6993155293007381,0.15134960997461966,-0.5347929748329707,-0.3075333891442227,-0.2931329503222837,-0.11653319000188112,-0.1177210524767438,-0.2309883924253402,0.2521877920300435,-0.2739443846268905,0.2981918852469998,-0.44838831904190046,-0.12727327978962077,-0.036720209768213996,-0.09082693826549804,-0.4135357085647233,-0.2751961091868318,-0.000715215447769868,0.09276150180758802,0.18132704580069336,-0.24855324544442015,0.36475085799702,0.598360074448186,-0.16775530028030006,0.061486762956982854,0.40456555101446423,0.40808101790191653,-0.10405464404072973,0.15704626964214674,-0.03651425654931728,0.48857436730568327,-0.09191784307784845,0.1413112012717075,-0.21140476111027096,0.011289118573474699,0.5761187727688478,0.13624387230819646,-0.3869106777331641,-0.2952271068733894,0.32549488477894606,-0.3065959609642197,-0.33560832668419516,-0.5053591918233791,-0.43738983820378863,0.09888614017723019,0.39756833419836646,-0.5252384352776067,-0.10696909459131732,-0.05096680033934553,0.06325589020181477,0.7669853532761788,-0.3858370432008007,-0.2653745763020352,0.05052806132641385,-0.5381190760165655,0.27949765009705985,-0.22793148251793216,-0.2542675942383559,-0.40933559948594644,-0.2937663856314745,-0.018941128188163514,0.337949395141947,-0.009252020331621535,0.3061703451681438,-0.11272787486788216,-0.34614144175115236,-0.23894543468348184,0.2547648400589253,0.587971856098068,-0.1316667263063016,0.007532080676694308,-0.2677927653478076,0.11107379847087817,0.3374033437023938,0.3254556716976795,0.027422607624389195,-0.3180450744009995,-0.4190246007942333,0.44246153053089576,-0.5635897767406839,0.06578226008751598,-0.2803288270564521,-0.4042472389039742,-0.3652842382160948,-0.42526546231960305
PedNYC8_scenario15,-0.009008968216171809,0.3719409907541007,0.050601698197353606,0.3069201135755004,0.06401973612828549,-0.5298151775771667,0.4665223221450294,-0.08124508538034148,-0.5697640910949291,0.6715039843483755,-0.30518347288640646,-0.08992409200124452,0.6487947433186987,0.34776860777744356,0.1342250056966987,-0.16316355125193271,0.1345431523638737,0.3598973154983933,-0.05517477273360338,0.2818422449110174,-0.06507278826687002,-0.06193043913081797,-0.3831722220729872,-0.3381751074466288,-0.048682237248553806,-0.3664721733988201,-0.4291288482036273,-0.35550723691935504,-0.35430365200117064,-0.47384548680326244,-0.37826111908978377,-0.26668674437991324,-0.36469721260456356,-0.009791187607558705,-0.3200490999882748,-0.24722127022942586,-0.05972470364802507,-0.15439088561246006,0.3268882300840803,0.01779804910916405,0.15279672685013246,0.6095384079283436,-0.12969891152356983,0.7534461399704764,0.6885184980636834,0.22836100444079255,1.0,0.6094439145345686,0.1041548619792263,-0.09100824037798039,0.36923708643711384,-0.05122830400225986,0.27763977561810815,0.2077396777322087,-0.6852428972927265,0.08098878837305423,-0.6524317053632476,-0.18619074133034008,-0.46351872166399666,-0.2456690642528221,-0.22303657234771213,0.033131043140730454,-0.14149929787825966,-0.394161345434793,0.32819550114380935,-0.10017128667593322,0.7748136524979277,-0.4359689359250738,-0.37188216334130386,-0.133534286856702,0.13561309331136762,-0.6163406687834241,-0.23359917978193812,0.3054727820130704,0.6128446051994213,-0.47648241678523906,0.045301729683014824,-0.3273942291147476,0.5560164649286345,-0.6705435109039661,-0.2575777229909306,-0.1942921777096942,-0.36805577581776583,-0.34268368527892745,0.11776752976975013,0.29696864486065055,0.5275331130801323,0.5066624110925765,0.5529014565529298,0.6385504817546471,0.06002746891260036,0.1548680507344844,0.2262947318312536,-0.2638180745185954,0.08710227293171569,0.1667877593874747,-0.20765625268763932,0.4360095991032722,-0.5564533971916903,0.34127188913020257,0.0881940055782251,-0.23587380438883443,-0.47719274215557683,-0.35205623769093464,0.19276352934897512,0.2655320431243653,0.10971584007714563,-0.6494326123382261,-0.33983605732523015,-0.2877235014576405,-0.13906423197525286,-0.6108199170901218,-0.3802678549220413,-0.420243752932169,0.5735060761085952,0.3144123282009835,-0.052166768422173604,0.19340626264635208,-0.01962234084605008,-0.28806546620075957,0.17091233425593066,0.15753613470365768,-0.19317375101435097,-0.15656699675678687,0.02396634195292069,0.17112446969123263,-0.38882747832896536,-0.4288852902630611,-0.2812108136004188,0.4796765421196738,0.2816967639386738,0.2982394410679725,-0.055942287099043586,0.2825419405655718,0.05501219102403798,-0.2030949642196953,-0.43381044353104814,-0.26637855230307506,0.19443623673699517,-0.2667281461527613,-0.34704509804247685,-0.3636079999394466,0.42463970209536883,0.6332713889262841,0.7103435107017292,0.573374411976425,-0.09812397976562437,-0.2607219016849698,0.35775798739231157,0.03546852186825877,0.6454311187144848,0.005473793919524739,0.004749583065261187,-0.09763185803640884,-0.10076884038059486
PedNYC8_scenario16,-0.15541787032664955,-0.07626762238091689,-0.09646239246813093,-0.2774394097893218,-0.26152450668660854,-0.5832430562876287,0.7036482750437048,0.022954156913643553,-0.4568067802441287,0.4937043176338779,-0.04750047734200602,0.23559468733567135,0.38445629417485483,0.40547943232386197,0.5540600741373901,-0.24444090553629994,0.4513028976301102,-0.040544855626093,-0.3048800577220827,0.1855910589300772,0.04165448445970199,-0.3432091086268969,-0.17916875180485015,-0.4341773387046004,0.10006285941025084,-0.11210639831031854,-0.5279527647552955,-0.2776909029246868,-0.4351215105243851,-0.7148603620013088,-0.40477563454932763,-0.17990160526141308,-0.5210216748157777,-0.49312622942045614,-0.3794892283970184,-0.619091486160412,-0.022100643544397558,-0.09200362885449298,0.3870830589892895,0.008286650134002316,-0.0072886717503568565,0.3042333826732173,-0.6584510257155876,0.6138527691537042,0.4853638136907312,0.27181266681118643,0.6094439145345686,1.0,0.6445429217389133,0.20863632877552596,0.4976682477796175,0.2535959782271877,0.41124729057498133,0.10378606627069831,-0.1499890882660564,0.5058136074381293,-0.6227668997382803,-0.050775023233718075,-0.6115282015874541,-0.4081197561081593,-0.7831487832177593,-0.42804025268748047,-0.39178568829605,-0.35264508878756606,0.5554494287561319,0.25107577084628063,0.4677339291564657,-0.30417203984211505,-0.400446828098576,-0.4482801943576158,0.11977692832626796,-0.5002252868115868,-0.6635424308416491,0.022782505890886928,0.30989275669721217,-0.3926028296972852,0.621983661451097,-0.34994042067975295,0.6460350056169062,-0.5974738932629289,-0.11210508496862204,-0.35066577202827975,-0.37743055182533913,-0.5974708555899377,0.13471753775843953,-0.09913348711895154,0.4511601057235918,0.7136019138565226,0.5871388104363088,0.7880857033549007,0.13003860903793507,0.15851017686676017,0.5723160411872252,-0.5289348343797653,0.565530708726901,0.6185255349960757,0.13407003874115153,0.3022539562125558,-0.005257281828906946,0.7233800811469213,-0.20922557633583083,-0.7158433631168077,-0.5403777125964888,-0.536540301878675,0.5241695339127315,-0.13176119218732762,-0.12678184864574238,-0.48245018592867384,-0.19696891537676864,0.32040830709733836,0.40099623055693046,-0.4698957773958701,-0.6015917968342526,-0.4908978097360488,0.7411071211811062,0.7585771704636871,-0.6193671508685941,0.05707754532559939,-0.4524628173922989,-0.7015497800910486,0.5303558846812704,-0.054346996250262514,-0.3944724108785196,-0.5323471744654171,0.17787510817872265,0.5651791155400208,-0.17099277602316287,-0.08791125548993128,-0.21942538501564046,0.32956496699493976,0.6971740991885802,0.6531817099612587,0.3957111495178387,0.5217756829355593,0.5471644503695439,-0.6799622219115213,-0.684161467172588,-0.6213186578909595,-0.1112757965836797,-0.6069041532512909,-0.6224595086505782,-0.6880489448471792,0.599271709436989,0.5182630052145948,0.759676000115227,0.3070426165033914,-0.4427850718880444,-0.24430406305841457,0.4251994398435237,-0.1144073097299887,0.8708617499854068,0.06646869312079506,-0.09440028603947215,-0.25621273620139084,-0.24364302949873617
PedNYC9_scenario3,-0.48927635158043525,-0.2739628512765444,-0.6036268433444838,-0.4535308300756584,-0.48691955383493113,-0.11156118163434003,0.43306395017712784,0.24009553079860058,-0.27666849836298835,0.14620307930830645,-0.058290292296133916,0.3924901356360415,0.2114105339678335,0.3976618868188838,0.2144888126820459,-0.08370379856535859,0.17446299455337455,-0.31393906028787866,-0.5580545270137618,0.2071038318747931,-0.19981576431361558,0.024350478487597194,-0.007388018777135796,0.11660179097949808,0.6145725658232821,0.14150481804119808,-0.6127535596338864,0.12521252606428446,-0.3809898567210399,-0.3466056488158631,-0.17138891891430807,-0.2733167932388474,-0.39639346547066645,-0.4982976685142557,-0.4332088136072825,-0.2869821105564023,0.2667311917160906,-0.12367475266893724,0.4716110449378612,-0.13042728024748373,0.3973388528706252,0.00694823598105232,-0.6103591592642412,0.2802655432991492,0.28977930711673017,-0.06714299744946794,0.1041548619792263,0.6445429217389133,1.0,0.3725415226295401,0.06862210071656805,0.45748505875233936,-0.031388552270751546,0.030258244125955458,0.5278531178550667,0.8773175279937703,-0.4688664335610282,0.42352478973592955,-0.07144085523237775,-0.29313860582162965,-0.7017666676760186,-0.7173035820088276,-0.3141498644963343,0.022501545856596472,0.3262326487806436,0.10612279779869016,0.1893911691989718,-0.2999965517342602,-0.0998052703388379,-0.4806047011583148,0.11259325629321892,-0.470323172980168,-0.3529620173359469,-0.24125982575278182,-0.027347330068155484,0.01976418247215106,0.750095136642479,0.06953679773688026,0.6304674789412967,-0.04481428776614371,-0.051968471849104025,-0.3260356112124583,-0.37488220996391153,-0.6277376849029297,0.08792428009974729,-0.12378139567812974,0.4329685064785951,0.43091432251972217,0.39490653468620884,0.5626347787319264,0.13201216583263375,0.036405523815750684,0.4061730363755218,-0.6312897884861446,0.6834344257894338,0.675235289449615,-0.008675128939526378,0.229080445857334,0.19057180725549816,0.4574495753743043,-0.4721244180583093,-0.7083044293285063,-0.45799532709741864,-0.15207133588941257,0.5499164241783169,-0.6691169360853491,-0.4688989411780322,-0.26175506353753963,-0.1270710260788901,0.2007974976865996,0.7236988343782954,-0.27556188059146236,-0.13384820222629346,-0.1664661224636168,0.6596469395159985,0.6860999506571884,-0.4996535260006474,-0.379187389894585,-0.7814247121260378,-0.7212670316289618,0.4353691272114879,0.16425160557641816,-0.39639562633955694,-0.6680294208722932,0.10531549230115589,0.495022171908033,-0.060609811383375956,-0.15303346997759326,-0.3024160888675309,0.1371462463336619,0.8024984196570604,0.5661649797566751,0.486994344821452,0.006344931194810388,0.5497711401363364,-0.5649430761142187,-0.4159661437750395,-0.6829203064413312,-0.7309943730146666,-0.4423078248621637,-0.4663479152728749,-0.43042948289051175,0.6738633858365479,0.3628127158941076,0.396453165361101,0.21608559510497338,-0.132700227232871,-0.25806338323364475,-0.13720515521533305,0.05987535153300538,0.3892332964400318,0.0960796766064822,0.01342872178186072,-0.11972261313989829,-0.09133801007280806
PedNYC9_scenario7,-0.20178995801792432,0.01481487674016646,0.13358561592439266,-0.5066641629579762,-0.5591561569919938,-0.333856740819928,0.22174324426962333,-0.15065912777668333,-0.3835975221950274,-0.190206362750295,0.09049194489892398,0.26414562780399065,-0.10730121791239555,0.7413901054855129,0.5109361219029217,0.396598548871564,0.2704124024113612,-0.509778611691984,-0.23870267417704838,0.21722898909684496,0.5033326935219359,0.05326992175243539,0.22285838392320034,-0.25659793870246217,0.07582754865523123,0.26997685392894166,0.05846221413143815,-0.06839637836805013,0.051033468922592085,-0.3024348011586151,0.2641551305652854,-0.2581520620618405,-0.3349963511772305,-0.1478991747541405,-0.3045475303251628,-0.44870923116247763,0.30143013112310313,0.5847025495581223,0.442345842714873,0.7458592391505221,0.5210309699778382,0.18625606204128164,-0.43573752115484377,-0.1901484247269416,0.3611505239092042,0.4112487254762265,-0.09100824037798039,0.20863632877552596,0.3725415226295401,1.0,0.6461969336890072,0.5822761143731304,0.5488192929848321,0.23042853020267717,0.23714796232890756,0.5645288501031539,-0.12425929403511815,0.4162751711307633,0.232314129248944,0.38419781946718423,-0.3708924841336432,-0.22750609057548887,-0.42978747935265926,0.24841302095210505,0.792245267859904,0.8686141479892814,-0.11190575585559781,0.01719034334047531,-0.4025425080717231,-0.09487890425987477,0.6498961031370365,-0.222543997863637,-0.4933368283602566,-0.371791065839421,-0.37987947325914706,0.186679096843834,0.07402733994940447,-0.15600687707885563,0.20729022110816975,-0.2072859210199236,0.0625934994995464,-0.471779198118367,-0.2959569033131175,-0.3117394409105332,-0.15496277152083038,-0.6096097784264036,-0.013338304288587954,0.18332068665780088,-0.11287705242191737,0.21752284831518276,-0.30582806307892585,0.4781022622361213,0.7449148991520214,-0.5557031512115678,0.26887818861783475,0.6128187536572084,0.15089091176696035,-0.035094731812209456,0.07507189171491457,-0.021467813250500845,-0.009947593891176831,-0.2920434390232405,-0.05410770995287195,-0.40303234343001937,0.18270713894461021,0.020076880650787055,-0.08553456582357599,-0.3312601461980802,-0.3041281400788196,0.5887346418712441,0.09920112996364272,-0.29748302501758817,-0.4170907047595862,-0.21679890367301424,0.14755359599367823,0.45130569982040325,-0.6023301996252075,-0.35742682950463056,-0.6692116020349628,-0.34500439262835103,0.6005931573027512,-0.32898714103350146,-0.5722683391334376,-0.33607435446108447,-0.3684686073371619,0.5568724942719162,-0.19736524658775667,-0.47317922770360443,-0.6157620756358755,-0.2745282208584663,0.44033292895700393,0.11343593761373039,-0.07622493872860447,-0.07662416093653057,0.2101192312945831,-0.4748235481529903,-0.3773892380744679,0.00571959513089737,-0.11283131948077285,-0.2194935757860117,-0.13352052430418238,-0.34786175221607696,0.198035550153553,0.431171391203085,0.22277345766445322,-0.0001397418964745878,-0.43493614128153,-0.18016914878870782,-0.056680869948388724,-0.40217173641118054,-0.17019331788205916,-0.37375492892108064,-0.030809690831006264,-0.101790759324907,-0.09576694225246296
PedNYC9_scenario12,0.17342244244935834,-0.06984020073885455,0.40232719682422347,-0.47200420946819155,-0.4911487857241843,-0.8345562187420921,0.5135967428991023,-0.08830428900735776,-0.5623088446185005,0.16193502102352397,-0.2109546665315949,0.2481897186839911,0.1787673408587489,0.6992259220590632,0.7237928180858356,0.053912399192913685,0.4790433578762865,0.0034739268040708815,0.07345453410962288,0.3145485453599106,0.4803610063362731,-0.4189340892294231,-0.07413151481855418,-0.7497829948674526,-0.23283259807470102,0.1476650298088905,-0.002588754700819429,-0.5365160362090751,-0.2755106396223299,-0.7379312585973519,0.11975993393723217,-0.09083036650482978,-0.2964150243062602,0.02860569675334046,-0.250932867359436,-0.8029693168395591,0.18610443989627534,0.3570282952242603,0.5359604893133771,0.6618390516991797,0.08037196808921654,0.3900202704095851,-0.5162343167623464,0.06337331459955486,0.5528758526315898,0.6315923917903232,0.36923708643711384,0.4976682477796175,0.06862210071656805,0.6461969336890072,1.0,0.377599820747347,0.7486774907858559,0.299407126795028,-0.368242929636341,0.20783415045121756,-0.3984865183121984,0.08339230248469809,-0.24708531646502685,0.032716451383892564,-0.4558375980255478,-0.047981967244707935,-0.34699740340960705,-0.0024539429427117287,0.868990026675493,0.8136253728226197,0.2878048347650317,-0.24655204557897004,-0.7740672571433467,-0.09987128669156986,0.44676048870183527,-0.30276782477011044,-0.8188554247312736,-0.12275126445611018,-0.06932418731517198,-0.28721651093335665,-0.0166124084023207,-0.7089542956437793,0.30117581526569714,-0.605282517597038,-0.05865468482391334,-0.6724138764225982,-0.22268455303302126,-0.4751672277513963,-0.2978783498656121,-0.6354159914404578,0.08092213164118556,0.4509137218793293,0.011624396856254271,0.49118670268123965,-0.30037203338144236,0.5319674754640316,0.8269344895430643,-0.5332251554261092,0.31350415677203536,0.5570785470693699,0.2906869239531046,0.21809239014698645,-0.11703974556695496,0.4057846773026672,0.02640785379041566,-0.4495006936040138,-0.36173490492271076,-0.8161646528883284,0.40557626665563307,0.4734844350488251,0.046610049290079725,-0.5599390302174241,-0.35275845917079307,0.5582897243742334,-0.04108720457725168,-0.5772099177792087,-0.780870147751553,-0.6854305357470925,0.3459824556081764,0.43573943365176415,-0.6546094141355714,0.03727441454661973,-0.2810476173103744,-0.30067631594210953,0.5371795574677687,-0.4287726847393092,-0.4762509222346465,-0.03153249696532079,-0.27044037615423133,0.3539592296254035,-0.3811630467681326,-0.3629104302189887,-0.40057567218350076,0.1634717767594538,0.41671185042821324,0.3310290640019291,-0.12170278988819905,0.5471825072728829,0.25508777733908006,-0.5836422694710941,-0.7556913140976622,-0.07422373961613427,0.3773484967881975,-0.5791714352543704,-0.5064903593550047,-0.710390578974399,0.31157728780050986,0.6103224871979945,0.6674892508061967,0.28009601313637833,-0.4250552305110793,-0.11166891070581375,0.4726842139599188,-0.5857019829376622,0.35843713517092857,-0.2947744424242176,-0.031762737143678166,-0.0855971104157669,-0.10965847553723918
PedNYC9_scenario15,0.14370696050910992,-0.4769700077666328,-0.31008422961162374,-0.6571351649625661,-0.5240434960406177,-0.3444973485910656,0.4777125043157514,0.24423587917213063,-0.39188757206911706,0.2880974486587592,-0.04247833192575001,0.8475571315085413,0.19888708729124205,0.6979759306167233,-0.001468586010409778,0.2560549695419776,-0.24324344428195444,-0.13889163487837108,0.22847705458814427,0.6920619510672924,-0.055791565481759786,-0.07288545791055889,-0.042234600852841364,-0.25709583911981837,0.6678160751385396,0.6697465588897213,-0.2503396840607037,-0.2586898304330012,-0.3552552662511963,-0.2844491746196889,0.5251884465751275,-0.26259573811024883,-0.4988185769541711,-0.019319942389010025,-0.3508620672565952,-0.4176061010333929,0.7894592285198078,-0.0777591304122971,0.47981961540951557,0.2864648903192799,0.41425703616540166,-0.05786322978834235,-0.6660632471814742,-0.09048847902779511,0.6071924973695189,0.037304957142946904,-0.05122830400225986,0.2535959782271877,0.45748505875233936,0.5822761143731304,0.377599820747347,1.0,0.06282349071843418,0.7714323089869071,0.2608524457785182,0.7077522526833327,-0.2127286158364774,0.7259771975404592,0.48426269845584846,0.004740523235778449,-0.5268068353633772,-0.06450517801206845,-0.17384555161059945,0.7302410689081766,0.4162533858729751,0.4385858864608656,0.18462946077586717,-0.26262299880335305,-0.3185731635435731,0.24655949598412896,0.3310818064567589,-0.12502151389505656,-0.44870433036240853,-0.4638958303685716,-0.21394842263432023,0.5789417925929741,0.07568695713875162,-0.25461285578726534,0.4542449648661464,-0.3162198514462169,-0.34351068047512,-0.5003756039339453,-0.3758813916495758,-0.47842965275158233,-0.03511583764838333,-0.33159895030797015,0.43701165049000923,0.3233150683599033,0.19224105291439664,0.5580246825362438,-0.22175968282390968,0.7461682787341392,0.660875559991313,-0.3857130163685061,0.5417204429439919,0.4390228264893592,-0.22858556087659454,0.32749646161404034,0.05585936776725209,0.268650150684999,-0.2069580684770549,-0.5647612025621447,-0.2754477305447438,-0.20754611516936805,0.29703468779237796,-0.2737553713236176,-0.6297916437589284,-0.1650387078992419,-0.3814809799170149,0.3886548799781706,0.5341487376108356,-0.37744255728632115,-0.48613281154200405,-0.161040241198676,0.4830893017679173,0.2135339096905431,-0.6082106496991169,-0.3768170644481861,-0.5673088970934765,-0.16071685225350918,0.18770859237496273,-0.3550272650775348,-0.5275295435123624,-0.11672511521587148,-0.3746343853348715,-0.010390144681987623,-0.43151903925177626,-0.4147550258327841,-0.5543255310065012,0.13975157105878988,0.619578330260873,0.1524833941881235,0.005967394619369015,0.02525906194576666,0.6006248776826664,-0.5918618260216828,-0.35812735270091656,-0.18754087322663304,-0.38353290453871836,-0.4030521056713776,-0.32465991326025234,-0.3689265766777483,0.49482744224505504,0.49935064357959313,0.35674284869708006,0.3607566021673194,-0.16971917612428378,-0.4316414781274023,-0.15773999381636705,-0.4967569253863502,0.06518153543058858,-0.28737466836514103,-0.33091800158422546,-0.4920535501468719,-0.42097793656011606
PedNYC9_scenario16,0.2789520076449318,0.09983590457202507,0.6856817229892224,-0.2957929775750827,-0.3322285620951866,-0.5300358239595351,0.12368441890196735,-0.0968838863759025,-0.15233508857502076,-0.10790167728807187,0.28635688967518813,-0.05695349912941827,-0.1460995299875958,0.5266509220291608,0.7575311915864167,0.3738433186529153,0.4690624823334628,-0.24354917996354386,-0.16697671101460032,-0.21036752318101115,0.8001183810603908,-0.2540485451792822,0.3382845415421538,-0.5750190127051398,-0.4602857819389974,0.12130715123214153,0.3435253368803377,-0.30902427455641224,0.14889544863694282,-0.4021056123645914,-0.00547457695305309,-0.14524811389783854,-0.3826740259725765,0.004461804776934475,-0.18999129997767672,-0.48707022672203815,-0.0944749147476831,0.6719177945837761,0.18392944370001674,0.6124583318429386,0.06604042103535035,0.2953109349728211,-0.425855590721278,-0.05744670423678899,0.20147007530990002,0.9004127590381384,0.27763977561810815,0.41124729057498133,-0.031388552270751546,0.5488192929848321,0.7486774907858559,0.06282349071843418,1.0,0.06432778098328595,-0.39096860864892347,0.10664269035553064,0.033671770844836635,-0.26882354732599856,-0.333700284498776,0.31585077517303706,-0.2551199453248325,0.18133594077847282,-0.35898467651777555,-0.2500812523227369,0.7960656686508758,0.6965361992307,-0.11931165232649632,0.3173820187589249,-0.4836774292564443,0.051155218509390754,0.6286044084416188,0.05177062689977985,-0.6294954953092138,-0.15993798534068837,-0.18569464054722085,-0.2163190392898251,-0.0470775679418971,-0.29881483780813567,0.19406705634885324,-0.4268236415062674,0.2313440330230202,-0.3879751848204578,-0.2552547769409159,-0.06109364294186315,-0.052771219543019,-0.5126030520883409,-0.22957306792283072,0.2037813991792542,0.09463522984395478,0.22777330517627092,-0.23745610899647973,0.38103980379894853,0.6613266409988394,-0.1788629925212264,0.08964126586718613,0.44822073679923435,0.40379878136400493,-0.08865062587168282,0.18288074286207645,0.08889847843192134,0.38998194059302216,-0.093349013278472,0.09589594173814142,-0.4024260782382105,0.012388784301942346,0.5416869444413173,0.23243552235716813,-0.4073122936995677,-0.2648144300191875,0.4968176345024531,-0.3027902298033729,-0.29860543223068503,-0.6380746851697052,-0.3487789806084465,0.0898055683992367,0.4356106439400471,-0.6269178045336845,0.046123884095100154,-0.1171335614316451,-0.0957836299898871,0.7400711253024793,-0.4744960679462973,-0.332711658822316,-0.06907578155996541,-0.40680044109105307,0.5053375045867775,-0.17194486154840294,-0.16738093346619598,-0.3914233306408432,-0.2824515823992475,0.08267638553569767,0.2988858215023589,-0.012252274045285283,0.4144409739115318,0.019636895378291497,-0.45965429450514206,-0.3453954077369179,0.2207317502895898,0.5927108068847428,-0.20437910841428297,-0.06166321244096107,-0.38811162247735087,0.047578214741099134,0.3240119111055144,0.3655217281989206,-0.04705751841159356,-0.5537657695148064,-0.24878675721215093,0.47929915221409214,-0.5592111067849566,0.1823590825965502,-0.30559401370086237,-0.2643759451027894,-0.29148670630644036,-0.333149306506868
PedNYC9_scenario21,0.5674373925948115,-0.3171702363819473,-0.04611080971394532,-0.3687170406472884,-0.35980190740536777,-0.4739443441236686,0.3897711329045914,0.37184160358136675,-0.27509174832977923,0.5110285483172752,-0.1836194264864659,0.7552348590788387,0.4406259393699564,0.644552305125816,-0.26806520918845145,0.24727113702087,-0.5491085708443388,0.277622030052335,0.5690888225221477,0.6137731238288122,-0.16401625799864705,-0.2708082975961985,-0.3595426434717963,-0.49294101307230154,0.4316287890400312,0.655016344680987,-0.2170049257508091,-0.5877320513495996,-0.4679444233478298,-0.21541873684728752,0.6436310860348983,-0.40437722663836073,-0.5510644444703261,0.30742768038944823,-0.4786779108192989,-0.2927202882058235,0.7410118597832573,-0.1811924324012706,0.2026440560102326,0.20746646170114236,0.1466678611023342,-0.10831491093196255,-0.4672941821724115,-0.05225169726143797,0.7231885294525516,0.06191534990850833,0.2077396777322087,0.10378606627069831,0.030258244125955458,0.23042853020267717,0.299407126795028,0.7714323089869071,0.06432778098328595,1.0,-0.15510716366004074,0.27878130012569824,-0.24964317731376484,0.5160733725498069,0.3853792781371702,-0.09688218222129796,-0.2945479904752948,0.31513142405563976,0.11776689716963817,0.6855204423320449,0.25569593111330247,0.19553620924322446,0.3394100478217027,-0.33789599060240194,-0.2099361448277104,0.5468863365980742,0.17701214873540327,-0.004740337314406817,-0.3592424875454272,-0.3995792381151837,-0.007795729887025038,0.5997126363327618,-0.19318616254156584,-0.22824219139655355,0.4048539199801018,-0.40441319859566205,-0.5572475443122391,-0.30874138948455765,-0.5074506974553632,-0.36530963165819363,0.2336668738282225,-0.14674903225052516,0.5263173203600753,0.4216588894695972,0.4091139483516488,0.5512922226339996,-0.0073233808058834615,0.9065777593617271,0.44082179128484267,-0.09843158267643637,0.1975845968759794,-0.050847435344764325,-0.5778425867917534,0.26658693625760876,-0.2572815221896563,0.12984935027397715,0.05392535795091469,-0.2020473382010317,-0.3090827605784676,-0.0405922432304211,0.033561103583026664,0.046752259349810865,-0.5416782761887022,-0.22652050656352607,-0.23557606804060605,0.05893023320197743,0.19959616418242998,-0.5787026727568323,-0.5764980668326158,-0.008611562122013083,0.3733751063278934,-0.2346234225938919,-0.4233378016580134,0.09905733802411298,-1.655148462398337e-05,0.24676460927965138,-0.05777035338637493,-0.46230349207158117,-0.49170313628049445,0.31074564431417095,-0.3164174596787164,-0.2727129660280281,-0.5468983872489832,-0.37132876304965867,-0.43443141480607084,0.1833300734923078,0.311969703135315,0.04655297857775753,-0.11684577296118959,0.1306959623961832,0.5553609757223829,-0.43105963333187614,-0.21344909905890952,0.09872140151294295,-0.02275160709498425,-0.24905804632135053,-0.18355584161146532,-0.26487286088909245,0.3643386660053931,0.43010220992608095,0.34185373156718923,0.5159342470943655,-0.06510685048203335,-0.28981367590088203,0.10229643728047522,-0.5253310503757551,0.08756116102393086,-0.10730738277906005,-0.23141087176493835,-0.4375979963039103,-0.3390090316251071
PedNYC10_scenario3,-0.40671096069068335,-0.41714706699704873,-0.5652682913470848,-0.3636020732202141,-0.23438150359408683,0.42512784808994963,-0.13993187102659999,0.22474635947456423,0.2693249609588333,-0.36978383205474064,0.0758062989674132,0.3043688665178156,-0.23747017088835642,-0.06185513275590293,-0.12688283639844422,-0.020233239825012683,0.028741378574807852,-0.32273336755422966,-0.362494985207261,-0.09509918137521534,-0.2976057615573988,0.0662898842547388,0.17362872205658653,0.41747981603119044,0.4638833528010189,0.2676319407360298,-0.22152418181103606,0.43340342906882334,-0.030056252020442598,0.17817527457122329,0.14490599330996878,-0.12018967486751975,-0.02560800136484076,-0.3829016593302128,-0.13366183226429285,0.13357261640753781,0.16821379895003663,-0.020491703126460203,0.0076095012884870306,-0.24646001117940308,0.0762198992509836,-0.6170651037501318,-0.1813722395005508,-0.4578071035794453,-0.3740487519434328,-0.4318296607011871,-0.6852428972927265,-0.1499890882660564,0.5278531178550667,0.23714796232890756,-0.368242929636341,0.2608524457785182,-0.39096860864892347,-0.15510716366004074,1.0,0.4200132315611149,0.1700580117195074,0.44413513952677763,0.3029424897743471,-0.17041944705474155,-0.25137086856789415,-0.5515121726443639,0.06350173068825804,0.31319495966441246,-0.11611805825751254,0.020449377125020596,-0.42424198586761186,0.10123556411653656,0.3884500371994327,-0.3573696425773667,-0.26036607313987536,0.054730205172706214,0.05014147601239238,-0.259025802296903,-0.43362844732915407,0.36950016195626456,0.5176245189390009,0.46033785270600514,-0.06685063895966614,0.656972603996136,0.1858808106264911,0.1396582121031933,-0.08036007933664746,-0.15186685281794365,0.056976040669643124,-0.21277229793234453,-0.05577252942388222,-0.1214945529544662,-0.12046100788281966,-0.17619417758950284,0.23633817439055316,-0.1690507865452311,-0.0916076986223866,-0.18972343746486864,0.2914550073294504,0.1729646225573963,0.036409911381774296,-0.2557495581234812,0.5155242437788552,-0.034289529829387266,-0.48790387081248743,-0.18825602362290184,0.015598337003349672,0.26346831428991035,0.27039773787419663,-0.7384956121286665,-0.42635661558997473,0.2731594060804411,0.39153039810759394,0.1594106492445161,0.6674788042894271,0.3359595183179176,0.36915339904869193,0.3305111889007296,-0.021532044444707577,0.07899221029829318,-0.16302313788790324,-0.30050827715052386,-0.3850252002646435,-0.1979459259840488,0.00722982166263364,0.204172123052359,0.03250206447734594,-0.27391530725849833,0.21475781160024576,0.14410262989452505,0.44686457949101943,0.364996147968882,0.19680945467395017,-0.18853123053495802,0.31474749523891765,0.07521013292340495,0.48348929927062934,-0.28279679051048534,0.3578502854194201,-0.16638589874764453,0.08614477605341997,-0.3366327080244176,-0.7708839564073426,-0.021832788296588967,-0.07374180710835554,0.019761146308113098,0.019360299582874108,-0.39028597361317274,-0.4064177562900928,-0.35906121586787654,0.006534699841798441,0.19422676950436535,-0.5052931240335254,0.2317455223659819,-0.283367357607043,0.28941011990400334,0.20121816862772357,0.21205603973801068,0.26401245755665115
PedNYC10_scenario7,-0.28143368400123814,-0.309355140031077,-0.5064941782725765,-0.5425866429493804,-0.5551537850989408,-0.10459686237711541,0.4182508859902505,0.21686074786642429,-0.4285477959549415,0.07065220886511292,0.08896832623055295,0.5604128868370595,0.09006447625886993,0.6036782384574406,0.20982511706207796,0.30098692864819254,0.018065622876431986,-0.3991990818059872,-0.366232342943382,0.3772834703896766,0.019845096906103588,0.21327562731263872,0.19299262870714096,0.10686239350741777,0.7220919145557535,0.3816278289112486,-0.3733717541334345,0.16207998304322735,-0.22045550049292606,-0.21874350365087292,0.05101384003353837,-0.3710266838938725,-0.5280963803862719,-0.2920384346103,-0.4418012124258621,-0.29463739987944804,0.5738483337253729,0.05826703956947432,0.569410410091866,0.08152093670592953,0.6526738847229981,0.12114596811834133,-0.654780375502527,0.15048871517876605,0.4225465308681887,0.12378993468459543,0.08098878837305423,0.5058136074381293,0.8773175279937703,0.5645288501031539,0.20783415045121756,0.7077522526833327,0.10664269035553064,0.27878130012569824,0.4200132315611149,1.0,-0.2786236807685021,0.5818834649074522,0.26629808174778113,0.017557524216270326,-0.5798529986234282,-0.4361970251824472,-0.3838575190966482,0.3174332726533047,0.4800109215611945,0.2681914327176298,0.14150427429398382,-0.19453425907310207,-0.19162260031873157,-0.1505200877991406,0.4361003420985977,-0.32158945559996077,-0.3581570407656005,-0.4327786613480673,-0.24374717842729643,0.262168596824091,0.42624615627425677,-0.01120799618787105,0.6021922450235697,-0.15112413051616058,-0.14345988543615817,-0.4765866121596529,-0.46009829764533827,-0.49981076763534005,-0.016056348642212948,-0.17790898958969348,0.38319205695249803,0.2740512627295073,0.2986216075489798,0.5504965119671689,-0.1291110952979746,0.3077714612334892,0.5951282896321719,-0.5190009645545564,0.6783230383817054,0.7408569553385932,-0.05910224708990364,0.3248668692162541,0.20046535544125899,0.32803671814970614,-0.25579408313701046,-0.6477580731152144,-0.2573803949739375,-0.10647807645541363,0.420109193532176,-0.48819524183550955,-0.49330455455122113,-0.21704899387063636,-0.4095623570240703,0.3127038743882248,0.6116659014200276,-0.29458910835945984,-0.1924699683678026,-0.16280128683506145,0.6146973303058709,0.6449227984197917,-0.5611882836818423,-0.6087030771088902,-0.8439879001297594,-0.5347853567707481,0.4921057169069365,-0.03329506688864026,-0.5159085728207078,-0.5637968002736871,-0.26376298023537603,0.3768388509767946,-0.25771730616844835,-0.4275952580047968,-0.5493275123288619,0.05118840289012194,0.7340632298602657,0.3708459296994675,0.26817672097618295,-0.10036935426386218,0.43935143382830666,-0.5477605355084418,-0.3162915242628239,-0.4260247971145157,-0.6238780419695926,-0.3361812718300783,-0.30526934993514265,-0.31357219484177534,0.6327478295330872,0.4995777155234803,0.3819413400309639,0.28920854577621125,-0.15262272497935991,-0.5252651934051458,-0.21334612293584398,-0.18475358915937834,0.19628564502316448,-0.20696194236788634,-0.2858693493590523,-0.4126392254558102,-0.38517417457239356
PedNYC10_scenario16,0.26168601763241006,-0.04893612667693259,0.30608776132267024,0.09396613331745529,0.32925106092230116,0.6628515154303904,-0.6141993804488504,-0.15420085109127402,0.5501515826715372,-0.6455564432816878,0.728753415212819,-0.18029918716368654,-0.7395483742725621,-0.45572845055887723,-0.12939487879553657,0.5137367966628568,-0.12463273665889663,-0.35390530623876915,0.07569629812305445,-0.4416188568356816,0.40444852518669805,0.34202787809815327,0.7410864584354186,0.3847574333281769,-0.19175680166660425,0.184309369305106,0.8103079035868969,0.5087507234749349,0.7868238834252316,0.7317633242720524,0.17523467859154973,0.2350105069888182,0.18365223815478804,0.14867290659278976,0.49535484047960177,0.45752887384588414,-0.12045306049492455,0.33179392641476313,-0.49648622207155135,-0.06064994561964765,-0.0730890908159445,-0.2964429523600449,0.33009896463804445,-0.5874712481883597,-0.7194624817338164,0.09912407096764086,-0.6524317053632476,-0.6227668997382803,-0.4688664335610282,-0.12425929403511815,-0.3984865183121984,-0.2127286158364774,0.033671770844836635,-0.24964317731376484,0.1700580117195074,-0.2786236807685021,1.0,-0.1954146922240243,0.4000913648994753,0.571858526476403,0.5476036573900592,0.5121149403819315,0.10795852241871062,0.1775187400961945,-0.32732672838269994,-0.06493417825340986,-0.7642176297636185,0.8743927184001916,0.45276119938346815,0.4227923019627724,0.11799341739980429,0.8244396030608574,0.4413439743630916,-0.08776959764076375,-0.49822554391082363,0.368160661881088,-0.4370067117317127,0.36603626365491126,-0.608211686123028,0.4175501619688635,0.3682859553713196,0.3533435829022541,0.33156102743559335,0.8343017237152813,-0.06680825904980692,0.04403303898222788,-0.650323836078905,-0.7390391291620872,-0.4553685627205757,-0.7125663903564967,-0.24252238895232758,-0.1876990063733619,-0.30992422047557877,0.7420044614493225,-0.3497318562318914,-0.2719936831476679,0.28006762508344574,-0.3616992352131063,0.5931594538693635,-0.5339942991603082,0.42548637167447634,0.5636043330230909,0.9102346137254345,0.5471341572112196,-0.5917996115609094,0.1011345538288686,0.19525274041726315,0.6476408085728191,0.04452044074209793,0.12030836189528504,-0.30781509699404186,0.7904320270899302,0.4166708730501706,0.5182559165564673,-0.6738537927690558,-0.30775148685228815,0.22305074020461002,-0.22942324518107782,0.2561518491518019,0.5390197323252808,-0.10224708870755439,-0.18261581978206287,0.41071055981470594,0.20223021900620508,-0.33498463308894366,-0.23824177294576798,0.31302701868945726,0.34932291469606835,0.1753609945514425,-0.5869800853960871,-0.6437885055902712,-0.5065922845521882,-0.1552091454844866,-0.30784616042744317,-0.4771252133614281,0.4003562143726973,0.739348444476538,0.6104426595063778,0.2630457727289064,0.5905183655547722,0.714369961568563,0.6613078938361701,-0.6817223729225084,-0.635753392517743,-0.7560093534373746,-0.6397026459694013,-0.04019324812986835,-0.09223408308247927,-0.3264167727665406,-0.08671870322138853,-0.6342178158989595,-0.2822190922720118,-0.44339537449591937,-0.30474840201439113,-0.33436884630201513
PedNYC11_scenario3,-0.017399312057552185,-0.36403487514491917,-0.4931642002258134,-0.5287930580811135,-0.5745030410927567,-0.10670443882171754,0.45246367761995465,0.2350305843756485,-0.40397297392116727,0.04186503804220454,-0.2262511207081781,0.7457346638145156,0.37070338628098276,0.4856150452883331,-0.2775577605693349,0.1657986408898171,-0.29551931095209305,0.002043123715154027,0.09766706546530413,0.7204098262234327,-0.30817509078495875,0.027610676550602342,-0.08936044011627242,-0.062200284637139,0.6896236232588406,0.5228490912965011,-0.2628769500330852,-0.08657026788984368,-0.35060300160878155,0.015039977738896093,0.6714035980437015,-0.32558711829670184,-0.36355161630800903,0.24514813314535544,-0.34580418554633807,-0.32518948781517887,0.7721087366003871,-0.2857151632714263,0.49115813418319987,-0.033746552870508095,0.47708240397710766,-0.03416861681748262,-0.24211130397514014,-0.23476853242221596,0.45126808764082327,-0.32488079531666436,-0.18619074133034008,-0.050775023233718075,0.42352478973592955,0.4162751711307633,0.08339230248469809,0.7259771975404592,-0.26882354732599856,0.5160733725498069,0.44413513952677763,0.5818834649074522,-0.1954146922240243,1.0,0.6877054218813569,-0.05592739321283147,-0.17316029222002616,-0.18246333869416875,0.2196984572584455,0.827382023828424,0.1427595134997801,0.16039399320625036,0.30366851521292837,-0.37406057564932116,-0.007237583480637522,0.07749352886970329,0.035950075044520635,-0.16438476790308343,-0.14056175452842945,-0.264373966321062,-0.2224324865347458,0.4180915497487636,-0.052912118383986684,-0.23688769933861575,0.268344490741228,-0.05613896813625674,-0.4539720563756,-0.5031661321438277,-0.3431020237660889,-0.4155131119119837,-0.2543540118825214,-0.36893471777419684,0.42588519081210063,0.26334054042835175,-0.10675000907446441,0.3049407182837969,-0.2798025157940749,0.43696957052878416,0.31566809800852513,-0.240239824437263,0.47850147455142655,0.2677372139538017,-0.3548109724617725,0.5001637968416287,0.05862317896027247,0.23542320967184827,-0.438783031509528,-0.30607739806492607,-0.3282624708980011,-0.15968452364986452,0.24043250778645442,-0.4480036774094125,-0.6127030114240937,-0.019610283702220288,-0.37557292667790243,0.15445451167234203,0.43026651955250195,-0.2330575265303645,-0.1114246193887578,0.13846252039551454,0.2943290637640401,-0.0854389636836268,-0.2698825390135582,-0.3159575843225866,-0.4842775155545307,-0.1720482330462274,-0.1967246496521613,-0.23276392515231303,-0.38902620558013234,-0.025729045015799423,-0.277414684389127,-0.12041363029973806,-0.47905877807790187,-0.34626618101217144,-0.4179696363053096,0.17676928051356944,0.5187758249959566,-0.011953680159819235,-0.2063319149911793,-0.09079414566648758,0.39932143537787346,-0.32290085434623705,-0.1967044544964094,-0.0666257962049639,-0.5284099518943224,-0.35663207980016765,-0.2591992766606921,-0.2218066105851595,0.4278722345877144,0.32431445330054953,0.15455827911356712,0.39001071544120414,0.16730502272711223,-0.0503252943750887,-0.41923670163926063,-0.3618707683150859,-0.15709548740839185,-0.31976987439856464,0.1176288953386625,-0.03802147266681999,0.0056894780027696434
PedNYC11_scenario7,0.15337685307154492,-0.1503208359547923,-0.2110744907277362,-0.18145362327943992,-0.16190258870088758,0.38000376669420777,-0.15004661852747692,0.05052464872272944,-0.04608353992089409,-0.2951778066215156,0.15901264080202893,0.40152828178519906,-0.15253192724874554,0.13956081239840679,-0.4803531804896597,0.5760614225008053,-0.6051875681830898,-0.16924662866580653,0.28381515001380586,0.39893263381779176,-0.013135514828771955,0.4770120263969345,0.2664413052349144,0.3303446804284429,0.5038095865894657,0.5118140339212192,0.3183609168369457,0.24847739899274723,0.24171363956524972,0.5885295387893769,0.6592511217960421,-0.1163740730921603,-0.032126856988800245,0.4494226682476766,0.044480662709018515,0.25195887558625896,0.667299779837594,-0.011143937410763138,0.07498213857529001,0.09370430485428838,0.5379175473975178,-0.08103533668524898,0.17170264407062286,-0.4345676790727153,0.05542143758388396,-0.2233302803848951,-0.46351872166399666,-0.6115282015874541,-0.07144085523237775,0.232314129248944,-0.24708531646502685,0.48426269845584846,-0.333700284498776,0.3853792781371702,0.3029424897743471,0.26629808174778113,0.4000913648994753,0.6877054218813569,1.0,0.4986717393553797,0.3797748083456912,0.32893819164413496,0.206772212957267,0.8408983730089236,-0.18008959033379202,-0.005783962575319768,-0.17201446359040573,0.09937057048617337,0.2305470264636934,0.5502043034277954,0.24732370146050853,0.333018744216919,0.3705966536858749,-0.3432491085068303,-0.44043872274980167,0.7027658586029095,-0.5418016915938884,0.11811153844320665,-0.182242516520152,0.19857605756921037,-0.24199521654163392,-0.12791071288619182,-0.01808090828715736,0.2527439663468427,-0.1867047280622416,-0.039390453696013905,-0.023124150963104384,-0.3911078668298926,-0.3684174149648214,-0.2569419430188269,-0.40007562822775533,0.2963159939045754,-0.029665964072289386,0.270514175673945,-0.043800531043313606,-0.11869815720561494,-0.3423221144078603,0.17458576736177633,0.05655793833898293,-0.3963911084411633,0.09724514480781488,0.23905047878630004,0.3465940811923629,0.3490354111480769,-0.3282862523492338,-0.17340284432769848,-0.3124081544283428,0.3760773637921322,-0.3528378803212806,-0.01545935072298521,-0.009068739903961287,0.1719405431466281,0.267129539937093,0.41885796422884725,-0.25842011348424765,-0.39780295047668535,0.16290540836134282,-0.47212270512503407,-0.18200394816266763,0.37074606618342165,-0.306703087050904,-0.21064293984051607,-0.13453556488672258,0.19715124856687294,-0.5118623631672088,-0.40717211296751077,-0.3182377837604684,-0.38901548637795536,-0.3548383555214909,-0.21777501389917275,-0.14309711650411083,-0.5373316613290839,-0.46669417774501043,-0.5362485980356015,-0.16877046709223764,0.21790626378943245,0.44880403374310607,0.4623443036278809,-0.25070042305624085,0.3070767863902676,0.4176676064581921,0.4524169859811902,-0.11315443878441656,-0.02187424154926565,-0.3860258800957017,0.046293694417164355,0.2841242497646721,-0.20851431236149898,-0.5804623444816848,-0.2568451750701921,-0.7013628539103238,-0.4680702215996537,-0.22269570569001096,-0.24938428762547948,-0.22116316644398326
PedNYC11_scenario12,0.03019650161504228,0.444133338642168,0.49217369601531047,0.13248767065839662,0.12641869657817595,0.33819582719454144,-0.3748211270754285,-0.49660861892693053,0.04028562650355094,-0.5233863751549559,0.6145737428626671,-0.3034749508630501,-0.5659949829441686,0.016828088057368906,0.1278522133511022,0.7460783133498922,-0.1708811259354035,-0.5960554156202051,-0.018507177019857268,-0.16094206792251553,0.7554870790080576,0.6255615890640406,0.6022785386712822,0.2529850162963777,-0.23590570938672917,0.0156972512540412,0.7901969409375648,0.35471318557799436,0.806354054655065,0.5509298943609531,0.11585048671266784,0.15569875395728683,0.139230244138543,0.2086681173276309,0.34460934300373847,0.27552799944262685,0.002257756521943266,0.5852788313864993,-0.18651442183898959,0.569002578010729,0.4885398519293822,0.34698951238621234,0.3232094177171896,-0.1443291942139049,-0.16480525976122218,0.37865862435429876,-0.2456690642528221,-0.4081197561081593,-0.29313860582162965,0.38419781946718423,0.032716451383892564,0.004740523235778449,0.31585077517303706,-0.09688218222129796,-0.17041944705474155,0.017557524216270326,0.571858526476403,-0.05592739321283147,0.4986717393553797,1.0,0.48337978580602514,0.4869254539195096,-0.2852660699129954,0.10309643666603496,0.10714541547769563,0.3201297344992088,-0.4649788396758767,0.5688388961390837,0.05499572994906521,0.46694518959761366,0.7139398473443214,0.4307069526644739,0.3411141071677948,-0.20247362889836773,-0.3771871835799061,0.2901860781083305,-0.619506786688997,0.15169183024206356,-0.3617618305883332,-0.07688146171383026,0.18886438633616187,0.021788532903695423,0.25254695707505515,0.6517726674086192,-0.10413188830732789,0.0361021935237138,-0.4648908899475952,-0.534401636442781,-0.41296550137236987,-0.46593054995235517,-0.5079874980058001,0.05524132584730379,0.08749444679084784,0.32539380897668435,-0.433688880173291,-0.0171441557134957,0.1100088257046068,-0.1901101006491439,-0.0006855879088729644,-0.65295358831354,0.6816686635085527,0.4871629698418076,0.7674402477518708,0.2132835642465286,-0.6873601534755851,0.3198186216881802,0.3946061550357407,0.28781955157785555,-0.4335815446484885,0.20928614559750391,-0.6192135079425172,0.2907211306135864,0.12200720244828511,0.24535005751782035,-0.5421104583184684,-0.012353884051090613,0.171928502846733,-0.39199105924774136,-0.1686251828522345,0.25377767645486116,0.22621296817960823,-0.30160853705022017,-0.15212705799642512,-0.09476591721210781,-0.547931759120686,0.12235221038908639,-0.18037141997415507,-0.46952709829271555,-0.47360249481129935,-0.658738668619864,-0.5027351996285689,-0.5823218643115502,-0.6011384836037292,-0.5423842005937258,-0.6500353790094353,0.3636155688592577,0.5429509931388349,0.7166581011856562,0.3531495250412664,0.6056710570516473,0.7651968942461932,0.5961260878714788,-0.46931426380101615,-0.03351502194567857,-0.4012728070675484,-0.3405868797388165,-0.16722202465460922,-0.2949632215469944,-0.2145593280164686,-0.22019928408105383,-0.6677830071644739,-0.6744723181545469,-0.3964517949373976,-0.36676584811852897,-0.408257470272829
PedNYC11_scenario15,0.12516156794006794,0.41460749585456336,0.22918630319478273,0.5963302158510932,0.4664830771988695,0.554722185622916,-0.5305397978197148,-0.2501673506278883,0.22158199371577014,-0.33996345889686674,0.16676760484085784,-0.532429368334868,-0.32390773833415953,-0.5211277670779939,-0.40614960199812855,0.2681157552692772,-0.29460702972014685,0.09654580532356638,0.30543288926999645,-0.1920443516162882,0.08646609927610349,0.5167034632912969,0.25532986658744505,0.4126093102252879,-0.3083688891954386,-0.24814667458825945,0.572030140797508,0.3522842387774765,0.5880657841552692,0.7333046164887272,0.09306319349772296,0.1015866930129401,0.4229284203045458,0.5770789243812388,0.39958825120039987,0.5827309495369778,-0.15794351752631752,0.13285213911883276,-0.3592742919392704,-0.05249634686130933,0.06608306479113724,0.2065444210617522,0.8543337626626842,-0.20693875686470076,-0.41551245411680227,-0.16985913152394883,-0.22303657234771213,-0.7831487832177593,-0.7017666676760186,-0.3708924841336432,-0.4558375980255478,-0.5268068353633772,-0.2551199453248325,-0.2945479904752948,-0.25137086856789415,-0.5798529986234282,0.5476036573900592,-0.17316029222002616,0.3797748083456912,0.48337978580602514,1.0,0.5372615204244008,0.3815059822164051,0.04488863558385381,-0.5237496037174831,-0.3968675714976171,-0.18639310680619126,0.30387493748704897,0.3343278133944958,0.45836400198901506,0.034155427455940135,0.3590633421572236,0.7747492676322618,0.2354880139176725,0.010516325444441588,-0.0002340082945306854,-0.7633081034261586,0.1921634605998913,-0.6770973459057879,0.30040720030534374,-0.039945495052449376,0.358685173140447,0.31550412899151703,0.7286226173741616,-0.23792650513078684,0.2942900015135841,-0.5160417387399177,-0.6795869528282683,-0.5950870687557064,-0.7827345435284161,-0.3345394047344261,-0.38615213088906297,-0.641900413233093,0.702149649193942,-0.5311567047356252,-0.5261671962511278,-0.08124319704366689,-0.031515639036930665,-0.11596551660874699,-0.5351355629180681,0.28473193518173723,0.7840795242324275,0.5818246524465126,0.4190232290557876,-0.6308498818488786,0.40557335633635283,0.538566427625731,0.5094958904691962,-0.0647813767868779,-0.33898679726364755,-0.7047030391031834,0.49820004860923817,0.6129992864113974,0.43770490523412175,-0.7479581643149664,-0.6424055426780613,0.7948130282493,-0.040971419458047276,0.4950546893284913,0.5964453233580115,-0.5815274654932325,0.08213196863384087,0.4309978296372503,0.4590926931466992,-0.2153181462769751,-0.43899690419174364,0.10319959304624826,-0.06279061695744925,0.20897235613759435,-0.175921450700935,-0.8293832295424068,-0.6954269409447895,-0.5411749541488775,-0.37961325302929705,-0.8121326285245933,0.879884919160497,0.711937223766087,0.7089712872292945,0.3503825180338862,0.6767994921302263,0.6990296489225429,0.7619389130357914,-0.5574345872575153,-0.3273766548540169,-0.5292715007169155,-0.10863279256002056,0.516161032523998,0.10956245238131257,-0.16528541998366486,0.19515588182409405,-0.5780666525562999,-0.2593674220290916,-0.03961422530953773,0.14123801125746982,0.072751677088572
PedNYC11_scenario16,0.6909970680120257,0.13419273607648008,0.5930515437679601,0.23773827519346902,0.3481930975478902,0.025923887994329542,-0.27509475295106545,-0.13576261813147994,0.233918448741253,0.05377516903173751,0.3363158770261111,-0.06586883372747354,-0.10392834948357743,-0.11908405887023177,-0.21981329891329637,0.4630155876840967,-0.3665800628896163,0.27093368965614184,0.5340460626437672,0.044167249475772774,0.3426726188243572,0.11984251298781845,0.28190969946097566,-0.14755264000106627,-0.2570347578462624,0.19818620598843362,0.672605020620009,-0.1897207230449498,0.3795382446695368,0.39273476809623586,0.3372549095973252,0.134166667682993,-0.018364401254852503,0.6263980406982989,0.2895176615554629,0.29193251793291564,0.11120539076167979,0.07412061689202687,-0.263820178935251,0.1953248136109491,-0.045483092162269534,0.11318580619354646,0.28558013212371103,-0.1806497709873316,-0.006897226687607505,0.25463171589303013,0.033131043140730454,-0.42804025268748047,-0.7173035820088276,-0.22750609057548887,-0.047981967244707935,-0.06450517801206845,0.18133594077847282,0.31513142405563976,-0.5515121726443639,-0.4361970251824472,0.5121149403819315,-0.18246333869416875,0.32893819164413496,0.4869254539195096,0.5372615204244008,1.0,0.38713472088538514,0.2467305886709068,-0.20504143914252793,-0.13182934150845393,-0.10493364559711504,0.4459687293613678,0.009948182371196546,0.7966994397680477,0.19817468038244468,0.5620735395691376,0.28374657577371687,0.13073038482423516,0.049760854100284635,0.24463581970050385,-0.8254596353523671,-0.06877327135967093,-0.2858049954476065,-0.20037325229373937,0.02024908538634229,0.13366066674023191,0.1335228197740438,0.6069483269187214,-0.03070891592000402,0.16027166656666214,-0.31570012035712014,-0.40204587476312104,-0.18753990057937964,-0.2919385475226086,-0.3679886287952978,0.23472252401708626,-0.21218215346852776,0.7037924224079949,-0.4370668743142778,-0.4486594675674782,-0.08200266979283755,0.08534457426938824,-0.05054189646197238,-0.4041504212083895,0.6168121715465897,0.521208838625486,0.5475883892132475,0.2432270412498414,-0.6212796637389784,0.5610054225497765,0.15114678332485376,0.22144320572549292,-0.25362153913802543,-0.2004228598066211,-0.5625943641444682,0.1474834175585087,-0.12357129778511866,0.19932760285657936,-0.45938202719450416,-0.5280499042677609,0.24281823301146166,0.09197710683044691,0.513036279717177,0.792967022907749,-0.26693104696566405,-0.3028532156405648,0.20013512016421364,0.5959479235324019,-0.5406280827654397,-0.5407144589185076,-0.2494312386591897,-0.11220571910559474,-0.1087063304821172,-0.1318626631288633,-0.6760373419972032,-0.5263883242495675,-0.543002531602077,0.0015665413464770461,-0.43198270582381326,0.25638897463533283,0.4554936518898691,0.7636146980943465,0.6873520734468452,0.41022316043814055,0.5477704725870974,0.4270834607010241,-0.45306178092528215,-0.11674697860786143,-0.22596989773766119,-0.07541443229344691,0.06133224473480514,-0.27081396678555913,0.046867922986306376,-0.4082061817594935,-0.3352891608616053,-0.3894379281673188,-0.48554174463647715,-0.4599539241983528,-0.4521632270709244
PedNYC11_scenario21,0.37429082213690523,-0.1989692701562924,-0.00985453568374206,0.09638327785568501,0.10784927716079085,0.01411554968724038,-0.07279029281014426,0.25433482689539,0.3121170763374589,0.16972173798665102,-0.25132717067722754,0.11254185452067778,0.3365062076664832,-0.26786751537583187,-0.4474733516824978,-0.1405225040195317,-0.19456893327333935,0.7316568060425309,0.3352589022494896,0.16559823528619377,-0.4210704006108714,-0.2367100225500436,-0.10421357702157263,-0.09607748454830878,0.021713246355162807,0.14741383537651453,0.0368366474150964,-0.23875339100856063,-0.2158836335189187,0.2096816544041531,0.41905430912457164,-0.08402697257235014,-0.01649279179929186,0.6100013017049903,-0.04387902286911016,0.20656040529731112,0.15117782356374998,-0.4128640232544907,-0.042410985940021684,-0.3534051031857697,-0.28853605787698555,-0.251114152910225,0.30129000093683134,-0.33668015305209864,-0.10738916988684055,-0.40061861219757255,-0.14149929787825966,-0.39178568829605,-0.3141498644963343,-0.42978747935265926,-0.34699740340960705,-0.17384555161059945,-0.35898467651777555,0.11776689716963817,0.06350173068825804,-0.3838575190966482,0.10795852241871062,0.2196984572584455,0.206772212957267,-0.2852660699129954,0.3815059822164051,0.38713472088538514,1.0,0.33058252359568385,-0.46303067616811777,-0.48875416165285857,0.1772157512181256,-0.028692727438105692,0.2064743659750241,0.22925742656571635,-0.5466028446800282,0.17516994435949462,0.26399747534025075,0.3872402074816217,0.25089342711783513,-0.021372164195358367,-0.3134786283163171,-0.021888720030581066,-0.22404361255523852,0.2780217595888349,-0.09534405137970325,0.15030096268825233,-0.06781113414613982,0.08607552363869642,-0.16589734217707952,-0.07009425465917252,-0.15723133189053606,-0.13124422066483254,-0.2660430324567158,-0.2709744861710073,-0.0611425369557832,-0.13054123925468852,-0.5790657083798181,0.4500297971681917,-0.027132138838735553,-0.43613259607663535,-0.18658848916161386,0.28978863314829983,0.09900228704724312,0.03546292591532807,-0.2751904473700413,0.27248955300240973,-0.057897819221682356,0.12651419654916474,-0.04585445598703264,0.03903240967824817,-0.18649228134078544,0.20958230017359825,0.2170688197321199,-0.432708457061435,0.014636855543854188,0.11926840531478744,0.12457661826740718,0.2975425321255907,-0.31450821424044806,-0.7137978062849006,0.30268381137955847,0.30011284484309786,0.5217337069677709,0.566057820339935,-0.7090229767768745,0.09334640987636189,0.38885245075179564,0.6936827523247829,-0.0500061381256367,-0.613367500638683,0.04767158156834661,0.34005524972506884,0.3892541496314543,0.34343813053746697,-0.3200771213892837,-0.2194017075010768,-0.11671285494646177,0.2651670992275382,-0.011338104961390982,0.11876086016255993,0.15763456375104423,0.2618167782000067,0.09932948163688526,0.0005650043031955043,0.022034469293754744,0.07710870689868554,-0.14825080950198677,-0.2972756858737078,-0.17121291833430075,0.0835538566886257,0.4853505366923422,0.28626511364104323,-0.06851273162070592,-0.10541708038128572,-0.11984475128063021,0.16043330715851623,0.2167380865404106,0.25144445671166626,0.28588457461537076
PedNYC12_scenario3,0.40376767465281527,-0.5131747491638938,-0.2598497163892177,-0.5053610047171531,-0.4042590984921859,-0.005017024564515138,0.17759461916451347,0.33023120601905687,-0.12321935393335126,-0.01895715664151143,-0.048107224705624674,0.7790201932063902,0.09443658351725825,0.3454301322958362,-0.3976902740069985,0.36591886986848987,-0.5324349450271786,0.09271576514023949,0.48936825031538733,0.6056874064598077,-0.1895560842422852,-0.00025848020771968017,0.03444583789811462,-0.08418485624080696,0.5894112886167417,0.7662504745865246,0.0730126386600034,-0.1385027308324096,-0.17760083983861885,0.21148968899173026,0.8556756390710252,-0.2285681281872307,-0.27302478114390594,0.46002930541564924,-0.1861984243794732,-0.13030479575132237,0.8556685316102045,-0.19027848448955287,0.22713254215729894,0.03203754569567907,0.2760972239788647,-0.2504880827391254,-0.19421085646017944,-0.4975323963354048,0.26856389819912363,-0.21091829027268516,-0.394161345434793,-0.35264508878756606,0.022501545856596472,0.24841302095210505,-0.0024539429427117287,0.7302410689081766,-0.2500812523227369,0.6855204423320449,0.31319495966441246,0.3174332726533047,0.1775187400961945,0.827382023828424,0.8408983730089236,0.10309643666603496,0.04488863558385381,0.2467305886709068,0.33058252359568385,1.0,-0.019172898818577977,0.11632350060724761,0.02525505614879875,-0.12195959153528779,0.040343418971535816,0.5229255073906183,0.06944092531231594,0.2657107750523626,-0.04385369986828702,-0.40252275663956905,-0.3785679808060327,0.6999167781578808,-0.35536007211391274,-0.16037258067429883,0.013592660209198693,0.049330368510858924,-0.4247387690836908,-0.3351621554176649,-0.22682707839831773,-0.11151512927140428,-0.18667065504846092,-0.3197694356177041,0.17165459549219264,-0.028369883962705345,-0.19557611131672514,0.0702983498490336,-0.3114082126503317,0.5788670521521014,0.1997444125108665,0.12037675080581423,0.27406387723985526,-0.014693112991227553,-0.3615235469327016,0.3180328947091654,0.14985982518411034,0.014286955970650439,-0.16404878754803098,-0.07268205587694476,-0.00784357238895117,0.09509492295723576,-0.00682821962697977,-0.18091798379460688,-0.5734651452579942,0.23781700370218462,-0.2707464135865818,0.15880281466154367,0.27811990120133046,-0.06685396634216212,-0.10306514473839745,0.24142575720275317,0.013706151131917421,-0.400349661515111,-0.19845636021845237,-0.2609316547859204,-0.12683651879262148,0.3212139008033006,-0.3229182248323501,-0.4065509211789595,-0.2416511885829018,0.3583342307005668,-0.44575718544471044,-0.4623250533497212,-0.39231733977871297,-0.21446063192031195,-0.27426982733749683,0.049903768058437215,0.15276040291966442,-0.2382160795048882,-0.25964447599226914,-0.0889093094205824,0.2956921337172571,-0.16332417056163195,0.07590685618865234,0.25968379517991713,-0.25087288019354625,-0.1176752023374612,0.0064558074353482375,0.02169057569120869,0.15003698010798172,0.10269216258707614,-0.08078298362820568,0.258303645161712,0.21833694277507643,-0.14969491145973657,-0.3338309349839417,-0.5027456881763279,-0.3574514982393211,-0.32328568479612896,-0.19190419005346881,-0.2808418123908727,-0.22414085760402358
PedNYC12_scenario7,0.043610284791559595,-0.009664915364173243,0.2769025534702898,-0.46019216171568744,-0.5596852763032185,-0.6296541338583406,0.44425875781646185,-0.030311677286836147,-0.5599128412119538,0.00450365480027326,-0.007591960355235239,0.2689976392679583,0.05991134543713161,0.800146947905058,0.7513844965707295,0.32453497591565217,0.4420749210651953,-0.22962402948947802,-0.17094788323444554,0.12666839877924818,0.5361600167255851,-0.23267867014888166,0.05803575651591264,-0.5589182608800978,-0.10373354299571669,0.187265209983689,-0.0688609139406351,-0.2616126492996136,-0.15563879671473568,-0.5832579290624502,0.031321527571544494,-0.4325483947260389,-0.5596494917906221,-0.164249706474072,-0.5321344189524726,-0.6845973176962503,0.24929523953781196,0.5830216369822799,0.46441092473347434,0.6186905504907432,0.2614769393391396,0.28855609961522233,-0.5955510248108207,0.03605498431796894,0.4883828610845786,0.6617130592000369,0.32819550114380935,0.5554494287561319,0.3262326487806436,0.792245267859904,0.868990026675493,0.4162533858729751,0.7960656686508758,0.25569593111330247,-0.11611805825751254,0.4800109215611945,-0.32732672838269994,0.1427595134997801,-0.18008959033379202,0.10714541547769563,-0.5237496037174831,-0.20504143914252793,-0.46303067616811777,-0.019172898818577977,1.0,0.8241243088786768,0.12507355987934465,-0.12575740370747024,-0.5321485416117946,-0.18653413139426056,0.5875451301788085,-0.3002301565080878,-0.7918832668708988,-0.3517896274093446,-0.280381383547361,-0.13265071124719352,0.18326046439859756,-0.3590659771263234,0.35098542546161315,-0.4280379030459658,-0.06218121662462006,-0.5387465218480645,-0.5350365463555082,-0.45708476101766093,-0.04892452883168996,-0.5764029203733538,0.08952305315077302,0.4456034526478254,0.19581443698524525,0.4789238617912782,-0.1131844761174996,0.5219624307404334,0.8592819507695026,-0.5497773677736975,0.3456934563596047,0.6509461676961059,0.15927517042465422,0.047341656141046906,0.004536600693651249,0.299014674811491,0.08195045425457526,-0.39173946769315693,-0.25394287467319,-0.5671197029205082,0.3727191382947306,0.2952297591051123,0.025812010671707797,-0.5203677302368945,-0.26160017188818796,0.5989021591571705,0.07055778226769394,-0.5461700905942,-0.6346622688708248,-0.4492484835387138,0.37910709617667315,0.572423712123247,-0.7532990123475838,-0.07389839766049011,-0.4302192515518717,-0.384330786305366,0.7427708630950707,-0.38294307186388643,-0.6347622194414055,-0.2572926326541398,-0.23473853747509765,0.6269843357952218,-0.2207240255809395,-0.3755663459147236,-0.4487158836862384,-0.06049516760030893,0.500913250152166,0.3497630283204227,0.12377240570543768,0.34005034570425696,0.33249839137435533,-0.6196863542113529,-0.6086003494247598,-0.10638341034454846,0.13409506721647435,-0.40051921667673396,-0.3660240662562002,-0.5955295261573448,0.31740382256691435,0.5283889861085498,0.5358354950755909,0.17835109024384854,-0.5471610059468872,-0.1773029331145506,0.3880022578761082,-0.4377960985653484,0.28918141092748906,-0.18197461032510298,-0.05726178525413972,-0.14859248251649748,-0.14537408761617732
PedNYC12_scenario12,0.03415330245293213,-0.011628542325230251,0.4280121470558651,-0.5282306790677518,-0.4742956280252639,-0.48561731936609465,0.28519317859360793,-0.236325090251001,-0.34062982860894864,-0.23402401796370054,0.12982109932858943,0.2227872855315507,-0.19775586710635196,0.6031193733861309,0.6975181280310948,0.28617424379919254,0.37799412616990247,-0.4423221844498708,-0.03492768244539213,0.0828344563851755,0.6434575407473176,-0.2480384134445548,0.12403084622355565,-0.5342778150330154,-0.2611289976042501,0.2257121736263823,0.21591402515549218,-0.23444740402267072,0.0654614491997596,-0.4116285040939769,0.2214353824015166,-0.08024786010318419,-0.2411816245063243,-0.17960797148956442,-0.17895825745884153,-0.6478330012089688,0.1339301402064661,0.6038767528657171,0.23315750205571928,0.7750547631574211,0.11791786810681815,0.12576636613854564,-0.4260346685054288,-0.2067047906957622,0.2450462572448473,0.5331115136090222,-0.10017128667593322,0.25107577084628063,0.10612279779869016,0.8686141479892814,0.8136253728226197,0.4385858864608656,0.6965361992307,0.19553620924322446,0.020449377125020596,0.2681914327176298,-0.06493417825340986,0.16039399320625036,-0.005783962575319768,0.3201297344992088,-0.3968675714976171,-0.13182934150845393,-0.48875416165285857,0.11632350060724761,0.8241243088786768,1.0,-0.18251259236764916,0.06337819223659191,-0.44306622103944404,-0.09182052933760598,0.5309234078477666,-0.01841144267244621,-0.6692655397217004,-0.3781034888435988,-0.4328030391655018,0.05905489271341002,0.028223295230278778,-0.3606378344939125,0.022020568208172664,-0.33977354402474313,0.04741505743102359,-0.44491316321489416,-0.1458984673408854,-0.2263014667964096,-0.1224173816275187,-0.6923307065745687,-0.11368926483350439,0.27341890437016336,-0.1280768549463298,0.18471560239742157,-0.2213477403040749,0.5104340308386838,0.7980173041813584,-0.4380513053419124,0.13190602937304186,0.470239409544422,0.2703935318327382,-0.1798303759115112,0.07831363024693405,0.07879330655480332,0.14421358968563547,-0.2276843847933956,-0.015512949750585925,-0.5640550403336309,0.1384902817494269,0.2628390301101742,0.08828421954316668,-0.2468440249016819,-0.1802757965221824,0.7892978579907963,-0.04878781447252778,-0.2730305727396314,-0.5952969384445468,-0.3095141415997291,0.04177647226593961,0.38640687235035187,-0.6705809496323927,-0.04753081097259204,-0.4070864133852383,-0.28450862689106904,0.6123516904848234,-0.5647398385456297,-0.5705011481438054,-0.20762021891185856,-0.20752178170351354,0.5559414490228552,-0.16696657706644324,-0.25272815976327934,-0.4086941733516485,-0.3190481004183945,0.3059184631744709,0.09654328210840069,-0.09850703917916559,0.18558421854354235,0.23827230132700072,-0.4780275677472856,-0.4377904419164602,0.09481351728441001,0.21479790751783678,-0.2773967349982094,-0.1711618725643631,-0.42483877046566176,0.01266362043682967,0.28216683519512864,0.2197245656172897,-0.13163698922438982,-0.6232066763639046,0.02964177958402936,0.24300464015050705,-0.5048092059421618,-0.038210894416511154,-0.3256737597376316,-0.004778114104943221,-0.08337108295578899,-0.08287658772032303
PedNYC12_scenario15,-0.06190812075782315,0.10747611883607111,-0.29532730867222967,0.10614676017607982,-0.08648835284178191,-0.5395593387902284,0.711744555516491,0.013625888033061084,-0.6934008267091629,0.7567321525936779,-0.5808170990846395,0.2246052564266524,0.8621994168062428,0.30974198813406506,-0.12008417870530463,-0.39995150127463397,0.036734814432100915,0.5500115339531247,0.153833145615199,0.7192249461820488,-0.45584472370324924,-0.14802725491752966,-0.5455173757674565,-0.34416540009230734,0.2487717434447202,-0.22186827403795917,-0.6102310610075137,-0.425534305175046,-0.6088010323831652,-0.4730150448598749,-0.04325862835034466,-0.21584699024194154,-0.29192933481148975,0.174228997693456,-0.2867674155999804,-0.39796666351137056,0.22286604397509546,-0.5442434284866939,0.5395302161133265,-0.16493623236279853,0.1594394207540838,0.548146635067405,-0.0740543961557818,0.6151146541561475,0.7687066274256336,-0.21764008494379938,0.7748136524979277,0.4677339291564657,0.1893911691989718,-0.11190575585559781,0.2878048347650317,0.18462946077586717,-0.11931165232649632,0.3394100478217027,-0.42424198586761186,0.14150427429398382,-0.7642176297636185,0.30366851521292837,-0.17201446359040573,-0.4649788396758767,-0.18639310680619126,-0.10493364559711504,0.1772157512181256,0.02525505614879875,0.12507355987934465,-0.18251259236764916,1.0,-0.7312854849985873,-0.3659638414208062,-0.15664433390820554,-0.15196200280068783,-0.7104900684768385,-0.18037459858966343,0.3966949385432921,0.6717990628887827,-0.40785976112931466,-0.0059015962841162395,-0.5700789601036778,0.4994409917938283,-0.610640883843893,-0.5190955658364178,-0.37603938025302996,-0.30018587101142113,-0.5418414360122585,-0.19536444073168924,0.1183998882415066,0.6629425335252707,0.5802158420025588,0.271768310521993,0.644469554832614,-0.12845509629528906,0.15644251754089122,0.14921445734222494,-0.30568686557906455,0.35740882431911836,0.17941004936561722,-0.3036141708049285,0.7746961059734029,-0.5191960634422681,0.5924283599514273,-0.3869291007760558,-0.4050570232746171,-0.7211263180730518,-0.5192910001961741,0.38876367490158836,0.01798840177615635,-0.1413907555648326,-0.4882605116707306,-0.4103663593704885,-0.2569691907978986,0.11517759288823526,-0.5572465548371461,-0.3153577857527725,-0.3770138266908849,0.6021294081882609,0.09165816079390554,0.017956724675405322,0.12339183839437395,-0.12507300228225438,-0.3429061370346109,-0.2681015192822984,0.14391427934712453,-0.14648917459212285,-0.016890101173414163,0.05162699490313771,-0.10076205782677894,-0.5137839504032335,-0.4016905204280239,-0.2107952218416298,0.7843218437879366,0.45860657758459256,0.23213373274026672,-0.19706086760920516,0.3525263860835959,0.22408388897947884,-0.20668404934133955,-0.5518629308413896,-0.3673582153675157,-0.08562244460124124,-0.5209910700883724,-0.5769911326313668,-0.4741042769304513,0.5883164671359009,0.6748040913442304,0.7501895259877421,0.7781559937520558,0.2066014552883646,-0.08354987827775906,0.1503301521884718,-0.03620117366910436,0.6191381041202533,-0.08439128415920027,0.19566485726257754,0.079921953739858,0.08040413761130938
PedNYC12_scenario16,0.12064310281829693,0.11081851052864455,0.4590747411226226,0.11203498664674683,0.3460269372484559,0.4947626504917939,-0.5458467136622278,-0.2907247793706351,0.5636345863573686,-0.5264031489529153,0.8408704594573297,-0.3097483190574013,-0.6424000348906613,-0.342460547770685,0.11066767870094663,0.45610187130538615,0.137151734603998,-0.46117349439301947,-0.23180140428243656,-0.5528389949981647,0.5746247830809735,0.26898522902552224,0.8063578918264824,0.2580795613332323,-0.3328670217638161,0.01917285265150026,0.7498632359761965,0.4266409998262073,0.7988874780056684,0.5237003981183402,-0.039952113288213686,0.2581932442595207,0.03952825036041274,-0.08620907231165176,0.4627387954536224,0.3712899718679028,-0.36900553657694735,0.4273739528428645,-0.45160173677616045,0.0556417983284514,-0.05592074950864401,-0.19036147653224256,0.1716745089682672,-0.39489658433645625,-0.6316374672316609,0.2890617467326284,-0.4359689359250738,-0.30417203984211505,-0.2999965517342602,0.01719034334047531,-0.24655204557897004,-0.26262299880335305,0.3173820187589249,-0.33789599060240194,0.10123556411653656,-0.19453425907310207,0.8743927184001916,-0.37406057564932116,0.09937057048617337,0.5688388961390837,0.30387493748704897,0.4459687293613678,-0.028692727438105692,-0.12195959153528779,-0.12575740370747024,0.06337819223659191,-0.7312854849985873,1.0,0.34389981440437845,0.2182547101461061,0.21031303344608476,0.6701284106457706,0.2796754761092737,0.06967545810982012,-0.318114829546712,0.18565283941281285,-0.22683346094189427,0.3910901279435227,-0.39006422475600866,0.22960001707604427,0.599822194202404,0.35578642811360184,0.2763820292921453,0.7648632132404578,0.05148141881984225,0.03096669689929099,-0.6033664389434481,-0.5687117309943104,-0.25509280856359706,-0.5317539013399977,-0.18999168438749048,-0.20479206633747626,-0.17540750426541551,0.5785326823684585,-0.3307019403805673,-0.0973640020487716,0.43682613698994555,-0.4064676619004419,0.6247099063011617,-0.49354130494269555,0.48963516238259275,0.4477252358549233,0.8649293059810238,0.4073063831117685,-0.5599993394656009,0.0668857447739375,0.22729221606696015,0.3792626361154263,0.024123086655998716,0.14411122886748085,-0.30212246388200836,0.6979916840667028,0.195428380065501,0.40628658835006104,-0.529801283414592,-0.006031456725327677,0.03176438898613809,-0.17740238862702618,0.10114351924858656,0.32401571335696766,0.20069164771134995,-0.12991890927359062,0.3682159837817327,-0.05339004230033706,-0.3139267064064373,0.07417310001539335,0.3312562456599044,0.36044593393546465,0.03029565865231265,-0.6434813775873853,-0.5103897039713878,-0.29958688713853276,-0.049514534600372695,-0.21274672593005017,-0.41271627946255807,0.15061996424908852,0.5740585958076592,0.47021746054891,0.3361534785428113,0.49584434563096824,0.6358539819998709,0.4799817398900059,-0.6257556879218809,-0.5351063724317822,-0.6013157289917159,-0.7418190202273904,-0.33674841852547166,-0.17387778308657342,-0.25835055890921477,-0.10289073411472871,-0.4507189245920058,-0.272688847608181,-0.447203616129213,-0.3579578088881161,-0.38375181258321445
PedNYC12_scenario21,-0.0595658759345532,0.2300120140821159,-0.15396146035812475,0.3952864614042352,0.4019124102540086,0.7479111045820203,-0.27496360780232365,-0.1308277593951308,0.3510710766312618,-0.37343302380219323,0.43310521155031423,-0.11088216291289932,-0.18256112613422926,-0.5441099912688521,-0.5055540754084631,0.18193341517420292,-0.4086605965022303,-0.19385419364804224,-0.08084090900406005,-0.4012100315274485,-0.23050462200925148,0.24937307421160515,0.01538033532689509,0.4554075779329011,-0.00750174329351827,-0.14529721285499853,0.11357922277754373,0.5464880615346313,0.3960136862805572,0.7737270386686731,-0.03555387011046518,-0.17228028605364964,-0.04812807895255178,-0.20417069354377593,0.007124955952540146,0.48588085752669063,-0.18308580273901431,-0.12757986235707097,-0.7490959512718716,-0.5580785927441583,-0.21641238832789833,-0.44972693849942313,0.4929171197481359,-0.1308056809504321,-0.5194276538215936,-0.5405343968918181,-0.37188216334130386,-0.400446828098576,-0.0998052703388379,-0.4025425080717231,-0.7740672571433467,-0.3185731635435731,-0.4836774292564443,-0.2099361448277104,0.3884500371994327,-0.19162260031873157,0.45276119938346815,-0.007237583480637522,0.2305470264636934,0.05499572994906521,0.3343278133944958,0.009948182371196546,0.2064743659750241,0.040343418971535816,-0.5321485416117946,-0.44306622103944404,-0.3659638414208062,0.34389981440437845,1.0,-0.02911507647886058,-0.40637463492530124,0.4522686108032634,0.5745082374829112,-0.09056017715000642,-0.24036424209337248,0.35074824501652735,0.035959164364212204,0.6714744698214152,-0.43934362546511085,0.4342908584032774,-0.1233251674155178,0.6954551163072623,-0.051586173983327654,0.5372067001313561,0.5363863933922056,0.4560571035983224,-0.00444894603491619,-0.16040690030257876,0.10929822763177144,-0.43685801864455787,0.47961736982653513,-0.30271973825708165,-0.5707616365581623,0.5949351851491983,-0.46294121366401786,-0.6052353742413894,-0.439008062379322,-0.42368083015016644,0.13926453443832054,-0.3953773060539316,0.20125577748995904,0.6227997886390549,0.4469395367594854,0.6901133084866663,-0.5443693431625078,-0.4288981228848856,0.06663734966220802,0.5987357805487894,0.4061462455577899,-0.18867146004117696,-0.07061919850046339,0.5267824315588016,0.5851121210201887,0.9147442231305927,-0.40159765609319953,-0.4176071446649916,0.3930704368567913,0.2534796237150294,0.28710118445837174,0.1763987389702696,-0.35468104499184716,0.026716644008950796,0.11014487615828772,-0.12094734205247204,0.43484210168225523,0.024999657308325207,0.3325655932104894,0.4293423356017667,0.3633644115518544,-0.47229162002283576,-0.35088230551796484,-0.4651978078687349,0.0879998259656729,-0.5017372948738719,-0.07684580868911017,0.43006924944474356,0.7510819860693914,0.23796729315352572,-0.267928536692966,0.612780345913486,0.5759103525934729,0.653545410843546,-0.5282460943484883,-0.7524720034058181,-0.7711908722735328,-0.4918893419752879,-0.07892597168317583,0.4144886961664096,-0.35469946525479035,0.46210680989460795,-0.3686169403405797,0.2519215061000464,0.21627551550176438,0.11378700459570268,0.181010667462704
PedNYC13_scenario3,0.7108410514561003,-0.1023572250505429,0.3062609247461442,-0.013068523451863712,0.020007584280294477,0.06345047944201598,-0.25918456629264885,0.2156479849058791,0.21133732993529908,0.05602874440503869,0.24356892076199976,0.17698592851951478,-0.19986703464616018,0.08788507505009457,-0.35590940404279037,0.5506915733581065,-0.6820872540963743,0.10697781787184568,0.6775884961350167,0.14466310860100084,0.199238713560274,0.17421485805533876,0.1778687423459866,-0.060436252619432196,0.08672245090549535,0.5310870499322987,0.4905076959389796,-0.21489429458715392,0.2082941808768909,0.39483702574006074,0.5551003348507743,-0.058292102195782736,-0.05297210303964017,0.6742030910750499,0.06489011422243085,0.26609371809446847,0.4558048018541072,0.10268531404498993,-0.1814413969192179,0.2426807621012017,0.1479651548078177,0.013182774552135013,0.0678224238341486,-0.25643865535263566,0.1121113384836736,0.2240405592970609,-0.133534286856702,-0.4482801943576158,-0.4806047011583148,-0.09487890425987477,-0.09987128669156986,0.24655949598412896,0.051155218509390754,0.5468863365980742,-0.3573696425773667,-0.1505200877991406,0.4227923019627724,0.07749352886970329,0.5502043034277954,0.46694518959761366,0.45836400198901506,0.7966994397680477,0.22925742656571635,0.5229255073906183,-0.18653413139426056,-0.09182052933760598,-0.15664433390820554,0.2182547101461061,-0.02911507647886058,1.0,0.3938878520476832,0.5393255439573627,0.22887306786677408,-0.3197761654069984,-0.11832916210123523,0.5930861421456912,-0.7120659957534143,0.017495043299598834,-0.1535373676463505,-0.08587852135163665,-0.27858431762375035,-0.018178515456255928,-0.019327526230064507,0.37101114404491664,0.0371936927673725,0.06762415131349209,-0.19027058531862862,-0.3342935941994791,-0.10423393564570627,-0.19117382845743713,-0.3518295207022577,0.4608939056291602,-0.038946777916543995,0.5213668786965875,-0.1922105948831494,-0.3374213266043493,-0.30270535517323083,0.07234924747286464,-0.07543962784263902,-0.35121547318077573,0.4531370335606595,0.3650451216085273,0.403188120930126,0.4040788399294193,-0.5407615162340424,0.4265017435204985,-0.03592875793220229,0.3150576808879637,-0.28196936373778936,-0.0711084056457647,-0.3866092820866096,-0.008138150036728131,-0.10549143780346992,0.24407534641690698,-0.320583413014232,-0.5361324544883084,0.10861276421865629,-0.0890258517265421,0.35234040503447717,0.7548691887607506,-0.24764377850444452,-0.44183450828764537,-0.06304912663951212,0.602326079799173,-0.6119997286898191,-0.5554372696314742,-0.3358589164400525,-0.30161645720500063,-0.2589978933139503,-0.1770561773964725,-0.4892213541679342,-0.37651098307551467,-0.4179286067742871,-0.13248240518488008,-0.20997404037970724,0.2545504093582809,0.4602201203901105,0.706203205945038,0.40269180837978036,0.3633387350539041,0.5136317037640054,0.42605167244168884,-0.1278863676884061,0.0698764404817045,-0.14337676918327347,0.21569039563502412,0.29381321645999314,-0.4258452149893097,0.0880631222768804,-0.4517005597629298,-0.37639301635414824,-0.3689547628371297,-0.583363569895013,-0.5764698368697694,-0.5692712279907504
PedNYC13_scenario7,0.045189232850088246,0.21020581239822944,0.30949494081961737,-0.1741505483745489,-0.3035951839394162,-0.11796505991914263,-0.042775635641352894,-0.12133218201246043,-0.2879693473277207,-0.1675995152621983,0.35901848476560827,-0.042599949813066695,-0.34892585260551057,0.5548923479034051,0.4020005720148515,0.6915818070091082,-0.013616731326202114,-0.5433808748241411,-0.06806754343791299,0.028129689009460224,0.7137043263428259,0.4266524374053504,0.4548016776735033,-0.024423682409535186,0.008775078372438516,0.2128417975801945,0.3558722808199468,0.0661042571236955,0.36335016600646486,-0.0011129634494178031,0.06811596392725017,-0.2039871632564474,-0.23026209268833098,0.12415311097313197,-0.12107342386849007,-0.10166437176827103,0.261878530518292,0.6918991356673412,0.2720209609397437,0.7090036700484942,0.6731414415706468,0.509190828517922,-0.24872112486997855,0.05233349772609042,0.29494459629043124,0.6993155293007381,0.13561309331136762,0.11977692832626796,0.11259325629321892,0.6498961031370365,0.44676048870183527,0.3310818064567589,0.6286044084416188,0.17701214873540327,-0.26036607313987536,0.4361003420985977,0.11799341739980429,0.035950075044520635,0.24732370146050853,0.7139398473443214,0.034155427455940135,0.19817468038244468,-0.5466028446800282,0.06944092531231594,0.5875451301788085,0.5309234078477666,-0.15196200280068783,0.21031303344608476,-0.40637463492530124,0.3938878520476832,1.0,0.0031463219933864917,-0.16919368311688987,-0.4255073672795828,-0.27383950627196896,0.1976508331231488,-0.2810350103685779,-0.05725705259902769,0.17115872497394635,-0.31346981700402665,-0.001430716336472626,-0.37568346420563614,-0.1916791374342981,0.06887503162849928,-0.10792593718024479,-0.18885854270420532,-0.17898307323973373,-0.13922802732167217,-0.0450815065931931,0.0829118407802173,-0.49092216232427344,0.38079249088442113,0.5838065435551945,-0.16811067272936864,0.09454773983791853,0.4822821229949996,0.11419798671305714,0.03196805042129558,-0.04041092823119885,-0.21139127355700604,0.427342853645748,-0.038665144758303516,0.2859368884132152,-0.04420053661286838,-0.20075481218616842,0.38130813577523703,0.21411851413176108,-0.1566008238728993,-0.5810316275802494,0.3721088446517328,-0.3278999638215794,-0.21258668647533918,-0.25253281078713696,-0.18393599181312514,0.02918987525418182,0.39737215267434256,-0.30082632253792374,-0.5103550019268781,-0.43324079608814703,-0.04690453266754546,0.5923223943719091,-0.33586507346845496,-0.4526133034262423,-0.2013865429003261,-0.6646279036618341,0.34635264549273614,-0.3189140577967371,-0.7104184660182198,-0.7115033044860382,-0.36043668954776353,0.017533824562754208,-0.012496884212017001,-0.25555552420306293,-0.2140957242469257,-0.24523146455444822,-0.065705951566436,0.017787341791853373,0.3357683340757417,0.2222675719335857,0.1567165426728382,0.28137995735803134,0.07655896197633205,0.1587418482447347,0.5285999339405597,0.22419974133812914,0.17217625618120191,-0.16983427889456082,-0.6350352753958952,0.12410503026057018,-0.3783941979936767,-0.17990054858817484,-0.5836004720495689,-0.5404170201564293,-0.5308821669838204,-0.5845097918318323
PedNYC13_scenario12,0.5995994192537175,-0.18747579353923283,0.46047252950089534,-0.11523032193155491,0.14227421203772228,0.39504237746406445,-0.4129406379143876,0.014098669016034182,0.5833071745601904,-0.5629644283875908,0.6310057310740423,0.050160653962688206,-0.5934246851565792,-0.38873217832649165,-0.09117241316093128,0.4866818750261397,-0.3497235700897876,-0.19677861423662701,0.31071402849631846,-0.42286278954550593,0.38838547602423734,-0.03501528932962494,0.4262637089390676,0.04319318601293565,-0.2492435310789083,0.3986887113217674,0.7708375003206183,0.15212018098550173,0.5187318499052318,0.611780501869605,0.34302224391120784,0.22562848824060888,0.10733764974229554,0.23990131767439216,0.3127676517057141,0.23468748520832539,0.030384995481882116,0.17709067387919553,-0.6368339046744267,-0.053769355463150426,-0.34600944942647716,-0.4448236645484478,0.1685486923543278,-0.5440261406235485,-0.5900457563113319,0.15134960997461966,-0.6163406687834241,-0.5002252868115868,-0.470323172980168,-0.222543997863637,-0.30276782477011044,-0.12502151389505656,0.05177062689977985,-0.004740337314406817,0.054730205172706214,-0.32158945559996077,0.8244396030608574,-0.16438476790308343,0.333018744216919,0.4307069526644739,0.3590633421572236,0.5620735395691376,0.17516994435949462,0.2657107750523626,-0.3002301565080878,-0.01841144267244621,-0.7104900684768385,0.6701284106457706,0.4522686108032634,0.5393255439573627,0.0031463219933864917,1.0,0.19731704421137786,-0.33780212992682745,-0.5682735823476948,0.46816020078402676,-0.3923277666532283,0.22171396870362547,-0.5448445117646328,0.2624778185871971,0.11903278368104686,0.2591697791959331,0.25983735512866646,0.6771667926913395,0.1661950354113788,-0.048237842657721686,-0.5039986199229172,-0.4260865549233235,-0.2345623954873084,-0.5311045953444524,-0.02636155325236511,0.05638490627176951,-0.20409961706462632,0.7386277807845744,-0.39297524484142743,-0.4559483142836316,0.04803123324830383,-0.4072802437641092,0.44099141744643366,-0.3989234217123543,0.5560940884148982,0.5411815388593884,0.733374143667253,0.47157627852655004,-0.612068011808004,0.15503614242741826,0.05788993737736725,0.6838873657631586,0.15017025540963214,0.21958066522374753,-0.2890804892638572,0.4941706477909382,0.10246616581121837,0.519682732597116,-0.6255872390600725,-0.44885976431713837,0.03330562526333791,0.13733510312399666,0.4388291432117235,0.6134319590543253,-0.09042345697439158,-0.5192868143391907,0.08710609278730541,0.3554269790993341,-0.17935455944808432,-0.26901523745839784,0.09215045833335067,0.39431954938002733,0.20278858965841162,-0.6226674106738956,-0.6254390786631325,-0.43517919519323467,-0.1601058740677106,-0.08949896514999067,-0.19989461173939072,0.22777966037557462,0.6573858834881616,0.6850998301360725,0.40096413893621574,0.4622845691886489,0.6377246362206782,0.5282921002951242,-0.621900456959606,-0.6644925477867889,-0.6641908967619821,-0.560665972250775,-0.1318666241012525,0.0912182337685683,-0.002762100913400456,-0.3115383279086896,-0.4940078125985916,-0.16045766679041074,-0.3364645783781093,-0.34381505813813784,-0.326174569576132
PedNYC13_scenario15,-0.265947067058935,0.44483146972110243,-0.17457945657437457,0.7269053747872435,0.6766420330104476,0.8185991982614789,-0.5575841526442906,-0.30719714093854256,0.32601716144253656,-0.1764271015221872,0.2230626274686145,-0.5202173734029232,-0.23267347190892806,-0.6789845608656613,-0.6560229668524524,0.07240353939380939,-0.40670654213867574,-0.054323322751346215,0.027324702184793437,-0.16878616254451573,-0.23012075330725912,0.7187312958480206,0.17616916302990138,0.7764395223742547,0.020324856637683797,-0.39856030913046947,0.25380675525685836,0.5900370121849092,0.5505455203258368,0.812553748901668,-0.16282409108163431,0.21157693645903974,0.46562635012451736,0.15482492600546138,0.47975789290782167,0.8525430959203881,-0.26496955428186153,-0.16980948041315203,-0.4388575878908698,-0.32081425993473056,0.1595459182284531,0.052717998874630356,0.8229029300363785,0.054257970867337635,-0.44274474381456796,-0.5347929748329707,-0.23359917978193812,-0.6635424308416491,-0.3529620173359469,-0.4933368283602566,-0.8188554247312736,-0.44870433036240853,-0.6294954953092138,-0.3592424875454272,0.05014147601239238,-0.3581570407656005,0.4413439743630916,-0.14056175452842945,0.3705966536858749,0.3411141071677948,0.7747492676322618,0.28374657577371687,0.26399747534025075,-0.04385369986828702,-0.7918832668708988,-0.6692655397217004,-0.18037459858966343,0.2796754761092737,0.5745082374829112,0.22887306786677408,-0.16919368311688987,0.19731704421137786,1.0,0.32795880896520946,0.19053241306199276,0.14105374962299333,-0.4057852026124158,0.5305005208245721,-0.4820623315718642,0.39266360822983726,0.07422559357702341,0.6231642860788832,0.4026573603591881,0.6905890066795654,0.032061214985475206,0.6936063374046334,-0.23358506184511785,-0.6566814827972132,-0.323344374988757,-0.6606454142345775,-0.07176155408261398,-0.5693507661688981,-0.8183283820766709,0.5829455719825213,-0.5227123655913282,-0.5475681433596393,-0.207781329592841,-0.0958973082586827,-0.14774620683979656,-0.6010883055937286,0.1574947449122892,0.625661094142633,0.5356173088484194,0.6467465350069833,-0.6029075239598645,-0.1347935170694199,0.30419604713158477,0.5148871909500411,0.05081093572906081,-0.568962003565799,-0.3610361619005187,0.6151480523570961,0.8147025207871117,0.5636590728967625,-0.5491524594891577,-0.4620353640214967,0.9072552908201085,-0.18144766323478545,0.2395100389129199,0.3583733532100427,-0.5989356901077953,0.44779525031403367,0.5154799958228019,0.060675333184078695,0.04581416525848725,-0.377008280854614,0.24014774960724894,-0.0014737399481214997,0.20495391490916515,-0.15225813237126262,-0.6352815600326773,-0.6482200784471923,-0.32669211803877696,-0.7018453071161896,-0.6781581264946344,0.8504463112760843,0.8089466226437861,0.3287123238196583,-0.12033445238162921,0.7531321220516439,0.6912106793625682,0.8711569299429256,-0.48300729924745567,-0.41663428614778275,-0.6444771239176319,-0.23584738342019218,0.4622191678325188,0.02406970475438186,-0.5165402361715556,0.5689014110931884,-0.5361145185251244,-0.0630064400105641,-0.027034346615692373,0.09591110063119612,0.07556397669018089
PedNYC13_scenario16,-0.31362934165787415,0.31800949130279643,0.02469253466986221,0.5012351738214307,0.5493149826042837,-0.006940852617582038,0.016869402285117463,-0.41571040366571954,0.020021727190917993,0.3412110817958951,-0.16012412179534974,-0.4550361986666427,0.35297571477114054,-0.4250463487838849,-0.10910763194488582,-0.556178441655222,0.44461886972666487,0.3947681036438362,-0.17625256298824588,0.13464215435417426,-0.22992765418201921,0.04923420388472011,0.026820659905396615,0.06937208098933456,-0.2575961779559979,-0.6505461102088623,-0.05639027922859041,-0.0003932147150813581,0.051529588385509584,-0.08708638569553373,-0.34847344961790405,0.4157870777333177,0.27575709347107535,0.026513943516399463,0.49230388138063774,0.1529508708476004,-0.5580905102810405,-0.39828305610247794,0.12104892854449822,-0.25746040245914825,-0.14953991297671365,0.33519858339024267,0.43273062893888425,0.2965897125909571,-0.06926248064905849,-0.3075333891442227,0.3054727820130704,0.022782505890886928,-0.24125982575278182,-0.371791065839421,-0.12275126445611018,-0.4638958303685716,-0.15993798534068837,-0.3995792381151837,-0.259025802296903,-0.4327786613480673,-0.08776959764076375,-0.264373966321062,-0.3432491085068303,-0.20247362889836773,0.2354880139176725,0.13073038482423516,0.3872402074816217,-0.40252275663956905,-0.3517896274093446,-0.3781034888435988,0.3966949385432921,0.06967545810982012,-0.09056017715000642,-0.3197761654069984,-0.4255073672795828,-0.33780212992682745,0.32795880896520946,1.0,0.7446654523712468,-0.6488381336066347,-0.12438172743312093,-0.2082936460878433,-0.061105731741674774,-0.14994380263817453,0.3450154379591225,0.17963101483246213,0.39085922617288915,0.16550592478791892,-0.3767028012661475,0.25880021834853806,-0.051208321800944256,-0.12207317517562455,-0.2604405033943007,-0.10828523549848557,-0.23966906485427364,-0.5492408376157005,-0.4655663301245312,0.14105857291385981,-0.09091699119279073,-0.07630786089539954,0.3449131885139285,0.3651549551756872,-0.05527845973230905,0.11259988749069716,-0.2607491631696113,0.022620897505932547,-0.0612297140985385,-0.27726967533727365,0.042500671707406124,0.022983936909413805,0.22382064446301153,-0.17691927232345783,-0.07652818102551517,-0.44663086401143914,-0.14663619661048277,0.2884856197476813,0.14707366098703933,-0.16999189028570139,-0.06094775944412101,-0.029170723419001066,0.4639822888724412,0.07557991778158146,0.12203895223605277,-0.07784376313972685,-0.40302635640741213,0.5338209720742201,0.6837476167852898,0.012664445231262644,0.09522504845060575,-0.2033964995847124,0.11952221457072365,0.20116811846109817,0.22476219712172174,0.47931991004923,-0.1505303318285851,-0.07196520775446835,-0.223090094115713,0.18071536273063882,-0.3660345670346139,0.1699112934007746,-0.1101613040785212,-0.17359847485676583,0.17524840363476557,-0.09917934899303704,-0.14681892763944626,-0.04829909372297081,-0.14348349682663564,-0.017162734021926696,0.09541496411188555,-0.055916802600833204,0.1515315136421057,0.10272740528285895,-0.2045495600032925,0.2622017054761979,0.20320713210980557,-0.0608178762278857,0.1737114940984632,0.29209011222699355,0.24079262437942517
PedNYC13_scenario21,-0.21411682687918754,0.3177378452585067,-0.11342115936796193,0.4797192178224079,0.40068787515475,-0.2597225232393616,0.22904668468833955,-0.1543074309821164,-0.10913924652492413,0.7969059590553585,-0.34523250941042716,-0.29626671827453466,0.5967131222481686,-0.15133715180382445,-0.2214236798135667,-0.6133475900576197,0.11322860751319297,0.476402712292878,0.038741834982971346,0.30346346713606653,-0.4268163774819711,-0.03865145614891641,-0.37433317565945057,-0.0939194611748182,-0.050012323948705806,-0.5291110790211453,-0.43867553783605917,-0.3179963458570574,-0.3002792517452506,-0.31160623843614155,-0.3357203118548764,0.15821499858442756,0.07323273322228596,0.017438795315831368,0.1338066252614034,0.08391324319250526,-0.3494914480731133,-0.5068495911043094,0.15896433694773338,-0.17326522178939507,-0.07707035339741264,0.4181342337650793,0.171929019935385,0.6456364670883343,0.3547918453743395,-0.2931329503222837,0.6128446051994213,0.30989275669721217,-0.027347330068155484,-0.37987947325914706,-0.06932418731517198,-0.21394842263432023,-0.18569464054722085,-0.007795729887025038,-0.43362844732915407,-0.24374717842729643,-0.49822554391082363,-0.2224324865347458,-0.44043872274980167,-0.3771871835799061,0.010516325444441588,0.049760854100284635,0.25089342711783513,-0.3785679808060327,-0.280381383547361,-0.4328030391655018,0.6717990628887827,-0.318114829546712,-0.24036424209337248,-0.11832916210123523,-0.27383950627196896,-0.5682735823476948,0.19053241306199276,0.7446654523712468,1.0,-0.4686875041227021,0.036833678343835,-0.18684014481461864,0.2834949144804443,-0.39440655029210836,-0.062315627667656415,0.13065197254974303,0.09959115133161,-0.1719500502333957,-0.044089841177076705,0.4045209957664667,0.30956535646203476,0.23773874409946816,0.19069117035736238,0.27314840256336326,-0.05192847291303515,-0.23564855857391387,-0.2971957167661583,-0.082189859209582,0.053034900968956133,-0.07554562021961075,-0.05946311540141935,0.4322576993549567,-0.422691639899891,0.2655891248366993,-0.2948116371582743,-0.16988982288511245,-0.3996605089503189,-0.2276428385050615,0.09194575268032112,0.025842975127704726,0.10989711258784285,-0.3358005361753176,-0.09995536566065599,-0.4988999821694726,-0.05990156860796869,-0.15795544108925075,-0.11517783490096778,-0.24348134515827669,0.25551625915606835,0.0025663336518495505,0.3256648193644123,0.19275638052100652,0.09116487380791927,-0.1417522744012234,-0.3635604320057626,0.4402418263666361,0.32703045039945144,0.0027445225961589825,0.16514533698020717,-0.15314545854060957,-0.08180113152212831,-0.08058049349119001,0.027353660906369925,0.624256474362061,0.060429508559858514,0.1583426297766939,-0.09368719796529867,0.20744336798893015,-0.04319663051569611,0.0595763998852783,-0.2476386933125616,-0.3179488585119761,0.06440403273507123,-0.18941203562772801,-0.2698682780893056,-0.176511074289047,0.2649029757707052,0.3502748718045079,0.4489134532332213,0.40052505337673994,0.2457802538560636,-0.1002296726896097,0.10851617540909897,0.2661409406594579,0.5011822275748778,0.088443557353028,0.08949417597384934,0.09535377967794267,0.07933838753489797
PedNYC15_scenario3,0.3186662877676689,-0.279944049745644,-0.14991358687537648,-0.26139587728314817,-0.15821920835441095,0.3005265603505223,-0.22853861717838164,0.290228862614036,0.2575988402223931,-0.1285299953795025,0.29487907657108714,0.5049678646829554,-0.22047030201373086,0.21104583835918844,-0.47803142058306536,0.5132349108595092,-0.753604693808624,-0.2804009803141567,0.31769667545008295,0.09999190238695654,-0.0520426102147209,0.16997185993279718,0.06118467036227826,0.16608500972717433,0.4683371976432722,0.6775738202946938,0.1376157187832856,0.05548741752480879,0.10335647864781872,0.4327896132197132,0.5913149942980698,-0.22116379760226978,-0.20874569079444782,0.08544925410768422,-0.16309182374694187,0.2675780055610172,0.5499411048446137,0.05250128729312231,-0.2764833914052267,0.0868118969543823,0.21387468151344635,-0.5078265954195884,-0.17962865633532288,-0.4138373846930008,0.039591956008085516,-0.11653319000188112,-0.47648241678523906,-0.3926028296972852,0.01976418247215106,0.186679096843834,-0.28721651093335665,0.5789417925929741,-0.2163190392898251,0.5997126363327618,0.36950016195626456,0.262168596824091,0.368160661881088,0.4180915497487636,0.7027658586029095,0.2901860781083305,-0.0002340082945306854,0.24463581970050385,-0.021372164195358367,0.6999167781578808,-0.13265071124719352,0.05905489271341002,-0.40785976112931466,0.18565283941281285,0.35074824501652735,0.5930861421456912,0.1976508331231488,0.46816020078402676,0.14105374962299333,-0.6488381336066347,-0.4686875041227021,1.0,-0.1503535342500446,0.430986076952127,-0.015404903733987396,0.21764403462409665,-0.22847442944101548,0.13623487820774638,-0.1897888859997623,0.15085619599583056,0.4113907898553042,0.0437726867323055,0.133706322026803,-0.1383510427604131,0.16732994660698408,-0.05110744071295481,0.11649074882714949,0.5565732849581111,0.09017602873197139,0.19541128151896348,-0.1134514316783648,-0.26476283896823705,-0.5015351202737259,-0.2840675563172166,0.0924689222075803,-0.43625024692031844,0.2387620796550236,0.18634819746451892,0.30054689183065053,0.5889689299737685,-0.3709805625009668,-0.2860282529367255,-0.4590801193299061,0.31661574086837474,0.044028630003762226,0.06818998042980073,0.16597212961590424,0.042051573117844354,0.030515882811695483,0.5197170870094067,-0.10655563834144277,-0.33988553376016917,-0.1486951528238909,-0.17004573839270698,-0.03982019548728544,0.3969303917096292,-0.0524661612951407,-0.3485867054403249,-0.28891592828628476,0.12472925629425158,-0.24877435463705178,-0.22736598910309502,-0.11643585198159379,-0.11874275667243239,-0.27511778006711674,-0.4403949658583073,-0.040852852052572164,-0.26724687492894117,-0.013207589709467227,-0.4919498681951555,0.2624044337927047,-0.023191399827367398,0.4470681373138239,0.3038503175356182,-0.28314467825178946,0.3288011078086517,0.4028473618921373,0.3621228893587223,-0.08282943228306827,-0.16344187848969538,-0.41561924905918834,-0.08474380450931207,-0.03702890021723815,-0.21885105019084228,-0.3370306651915429,-0.19937892656528033,-0.5254533089628195,-0.058730405241252726,-0.30986855156893167,-0.4305747295710063,-0.3360336772923138
PedNYC15_scenario12,-0.45940740797102375,-0.2795824584321769,-0.4682428098579936,-0.26761490261615273,-0.23446979483460018,-0.1011118249822629,0.21698912660874115,0.28302619403305873,0.04828229341248791,0.1395361666670074,-0.1456433140854989,0.14384455026201082,0.11835022663652883,0.09358050894505432,0.2530462753995817,-0.4466678493506555,0.35353933677984006,-0.1666010341384483,-0.5475016218473632,-0.21552334415313235,-0.31739543391896285,-0.32079363820055473,-0.22738785564426878,0.028889007263311006,0.24231184152032037,-0.07271998723624318,-0.6834319071524688,0.052781838901179934,-0.4344386199567174,-0.4741365368108863,-0.4196233870209616,-0.14214443975571345,-0.18703750094165317,-0.7568669768777077,-0.3516857872444781,-0.20993174711443552,-0.18397439805784277,-0.11615430162583484,0.09978630610167016,-0.28916654663469443,-0.1839481712981934,-0.356767062238154,-0.5385246267243415,0.20570854406485173,-0.032555049245573064,-0.1177210524767438,0.045301729683014824,0.621983661451097,0.750095136642479,0.07402733994940447,-0.0166124084023207,0.07568695713875162,-0.0470775679418971,-0.19318616254156584,0.5176245189390009,0.42624615627425677,-0.4370067117317127,-0.052912118383986684,-0.5418016915938884,-0.619506786688997,-0.7633081034261586,-0.8254596353523671,-0.3134786283163171,-0.35536007211391274,0.18326046439859756,0.028223295230278778,-0.0059015962841162395,-0.22683346094189427,0.035959164364212204,-0.7120659957534143,-0.2810350103685779,-0.3923277666532283,-0.4057852026124158,-0.12438172743312093,0.036833678343835,-0.1503535342500446,1.0,0.23493862479215166,0.43877789668064204,0.17262500513003776,0.15183550478061947,0.04489639548856894,-0.23951486869344363,-0.5739850668317916,0.34080049032603976,-0.05397875397208951,0.32091723440158026,0.46051104197008064,0.5240264741389751,0.4267271672171017,0.5934093636653236,-0.14814631879423978,0.18402701200115235,-0.584185600126284,0.4350590847403255,0.3772693176041846,0.1047856116967516,-0.21551974762018045,0.2195759089314553,0.42271514397441967,-0.47046640974878384,-0.5768792893589954,-0.48390565088344895,-0.08349157046271438,0.5966998856602084,-0.5921146889991165,-0.3073439740222621,-0.2661906816018498,0.43606405846903895,0.13010976044406186,0.7108098027038237,-0.15913133452100547,-0.07408965989521343,-0.1732684951628254,0.5446747596108771,0.5733684234664764,-0.4367467765041879,0.059670363854733455,-0.3625749124180875,-0.6393312708991536,0.4103057919141666,0.2968504165957663,-0.12919102253357773,-0.5530323486477238,0.5612930602658505,0.5176834417678161,0.3767895441017316,0.36901505693315584,0.19699142262951264,0.10311166631852531,0.6531742406500302,0.6831076771946677,0.830791868061125,0.17297200561423287,0.6381229877418416,-0.499488067025907,-0.43386778725173736,-0.8273936754807583,-0.5913041785060336,-0.4068426323320795,-0.5426665740225496,-0.4842295655285571,0.42369913426458616,-0.017869325920610635,0.2296258218346643,-0.06726151271384628,-0.2653578261647691,0.11439592402461396,0.08422853486790649,0.3432175501606375,0.516180426363945,0.6022316154708404,0.2537355521045186,0.18622534281605652,0.22722404738544566
PedNYC15_scenario15,-0.2481713249425641,0.2126883381866158,-0.18317875463212374,0.3998254857828226,0.33881989799906453,0.7062998316506043,-0.6617058789019263,0.07459609165614967,0.557540483925851,-0.2736766385342324,0.3439562360185815,-0.31373979842703514,-0.3800956358534773,-0.3059622012622589,-0.3711713988238283,0.25113931120727984,-0.33159867971043755,-0.30242399121794183,-0.2942800226987463,-0.6050144272552824,-0.11464968721261104,0.4222668347542686,0.14067895605743086,0.645001204937869,0.08290122185826243,-0.08709529755019063,0.005532369707649698,0.5430739404004619,0.37354333856318556,0.563189401546851,-0.22399435358358044,-0.2337989649847545,0.046702071752662944,-0.31679168701227756,-0.0972024239464424,0.7792543345495087,-0.22829450079004476,0.23968880517067348,-0.5677313898598957,-0.19381816829039833,0.05059906041630646,-0.48972258322725404,0.23749500122845546,-0.1484852118785034,-0.4757272061163662,-0.2309883924253402,-0.3273942291147476,-0.34994042067975295,0.06953679773688026,-0.15600687707885563,-0.7089542956437793,-0.25461285578726534,-0.29881483780813567,-0.22824219139655355,0.46033785270600514,-0.01120799618787105,0.36603626365491126,-0.23688769933861575,0.11811153844320665,0.15169183024206356,0.1921634605998913,-0.06877327135967093,-0.021888720030581066,-0.16037258067429883,-0.3590659771263234,-0.3606378344939125,-0.5700789601036778,0.3910901279435227,0.6714744698214152,0.017495043299598834,-0.05725705259902769,0.22171396870362547,0.5305005208245721,-0.2082936460878433,-0.18684014481461864,0.430986076952127,0.23493862479215166,1.0,-0.203637141684605,0.6579197003257449,0.24510179284026767,0.7499082262558789,-0.10951196775056249,0.38092757998500737,0.6284014300226175,0.47606704280355205,-0.17512883590941541,-0.38771592887511597,0.23087033162236148,-0.42783897027457773,0.5384161039390463,-0.2785281237223929,-0.49773363258093317,0.23868843448325794,-0.4106281484363141,-0.38013566504001095,-0.2840054921135211,-0.6644577233860742,0.09204450300003653,-0.6464701853415873,0.2151304513736958,0.4591241791834577,0.4348370857212063,0.8576361324462042,-0.3809442118177344,-0.3433328438211847,0.04639420757170165,0.28718282770896697,0.5496026619726743,-0.3482398131746103,0.03667475382234153,0.35842034922608557,0.5945713975445759,0.6298171736103653,-0.31814752076749153,-0.1644430866465998,0.3080744822582614,-0.0417328494764182,0.13612596069424054,0.24824530436928283,0.020682515580792482,0.36954331183673983,0.16057339066961873,-0.1574086870539133,0.250388945372477,0.11531229624142236,0.5877619915354958,0.2405910728301105,0.22400935974976488,-0.5050586276409503,-0.30989810793107053,-0.21236472451810262,0.4097698525906355,-0.6668179092546662,-0.11602668065604127,0.35257723066207725,0.6599727366595762,0.06306871875401054,-0.3714507190569243,0.7057708379997092,0.5720272722506993,0.6109692818180696,-0.3614081079386222,-0.5513164488762068,-0.6750417902387322,-0.4620834979807602,0.012194551635432815,0.030735474854939437,-0.3183468233254376,0.5977336870552258,-0.4393821436771814,0.4723223365649545,0.012035620353349374,0.050103137115421026,0.11211256055594765
PedNYC15_scenario16,-0.08121678131614574,-0.27754185708457557,-0.3477556190436095,-0.39339763339570366,-0.5213579984654264,-0.513061496893989,0.38465454501484786,0.45424530111203343,-0.27027362319163806,0.5215263983284597,-0.33363966778223464,0.4156660058428373,0.606029760634766,0.6568584890584335,0.017869085740657598,-0.1803330403082417,0.016105600925311103,0.07718607961042345,-0.3584821915932954,0.37314120410991136,-0.21755176087700123,-0.2044742417358658,-0.19093618696452874,-0.22461539334578928,0.5417009611963827,0.2681481692327744,-0.6010720920800288,-0.4254556737773796,-0.6334204971687099,-0.588722136439539,0.035009015404318555,-0.17470999299581091,-0.40299520391326116,-0.1136206921304499,-0.37818465899205744,-0.328824468701689,0.2805557465859565,-0.28902136586279004,0.6157997377579286,-0.06154948009852923,0.3925713561647859,0.13023886651966854,-0.7016685844302208,0.325302117102517,0.6927020090292527,0.2521877920300435,0.5560164649286345,0.6460350056169062,0.6304674789412967,0.20729022110816975,0.30117581526569714,0.4542449648661464,0.19406705634885324,0.4048539199801018,-0.06685063895966614,0.6021922450235697,-0.608211686123028,0.268344490741228,-0.182242516520152,-0.3617618305883332,-0.6770973459057879,-0.2858049954476065,-0.22404361255523852,0.013592660209198693,0.35098542546161315,0.022020568208172664,0.4994409917938283,-0.39006422475600866,-0.43934362546511085,-0.1535373676463505,0.17115872497394635,-0.5448445117646328,-0.4820623315718642,-0.061105731741674774,0.2834949144804443,-0.015404903733987396,0.43877789668064204,-0.203637141684605,1.0,-0.38046405184258014,-0.023399689711885108,-0.5550260923154013,-0.35962549313667846,-0.7146709908660993,0.06287040825206569,-0.0841378632132952,0.7099806917475702,0.5598803624005736,0.6412274025113591,0.8875062489457052,0.048103486941993734,0.4241017749296987,0.5268522334056538,-0.6377336255446795,0.5412539026317679,0.5093256767352548,-0.0792438222143379,0.4206767617145102,-0.07778098866209882,0.39127693200625835,-0.24410895198363658,-0.6780067694164329,-0.649099424285698,-0.22583598427019647,0.48684565089590404,-0.3366057731324643,-0.6474694536215819,-0.771033220588643,-0.3606290107435448,-0.18458287934567186,0.4533171667537568,-0.6711722316520685,-0.4788791220621744,-0.43994988110016253,0.9107134499426119,0.5255060950312247,-0.5282710194988738,-0.18851672165535271,-0.4657590745451021,-0.45106796520378767,0.44041012946135505,0.10021591560191412,-0.27134363920289584,-0.3067228506514492,-0.22108160174025238,0.13271257115814894,-0.49744859509946027,-0.3388008903657602,-0.5786315293157074,0.3356289444786822,0.760892701992014,0.7723036785745612,0.236574726214135,0.2087139173649164,0.4933431122663501,-0.6982160939632753,-0.5980393844275733,-0.5632941762480841,-0.2897283101393544,-0.635618260394496,-0.59751953092537,-0.6348491722134937,0.8490280111776328,0.7009676405276565,0.7158447015612833,0.5689914243360309,-0.052524207531051914,-0.49364312957511247,-0.03923471224021857,-0.26523617667389154,0.47724367632028897,0.0014881045400285675,-0.09301408658159449,-0.23465087310273836,-0.22402158087766355
PedNYC16_scenario3,-0.16722073046239339,-0.26552186468934735,-0.30061845632951045,0.057620821086479035,0.05140497061337801,0.620571072661614,-0.7185090741179687,0.3652612629370695,0.6281397370417392,-0.5211553201244703,-0.04522287467403352,-0.19269667921021338,-0.462703432852551,-0.39905550853121774,-0.2945790846355649,0.005114044050449573,-0.09555843900836436,-0.020261690672491728,-0.18316513321477523,-0.5208775756119071,-0.2571795081745063,0.1608402585114661,0.20043701863987928,0.6001136616930031,0.11108866466932765,0.12226869898737269,0.06594665829502677,0.46127900360063245,0.1498668133465657,0.4147748876369024,0.028872775096844605,-0.031185551836325764,0.3845965598708645,0.006486929104209227,0.045352765433149034,0.5984766942872932,-0.08212542917410892,0.14508710496302435,-0.2597993986462721,-0.29364944960680295,-0.11728055660248882,-0.6537088651100635,0.2342781727671831,-0.6163608205970319,-0.7028083910114029,-0.2739443846268905,-0.6705435109039661,-0.5974738932629289,-0.04481428776614371,-0.2072859210199236,-0.605282517597038,-0.3162198514462169,-0.4268236415062674,-0.40441319859566205,0.656972603996136,-0.15112413051616058,0.4175501619688635,-0.05613896813625674,0.19857605756921037,-0.07688146171383026,0.30040720030534374,-0.20037325229373937,0.2780217595888349,0.049330368510858924,-0.4280379030459658,-0.33977354402474313,-0.610640883843893,0.22960001707604427,0.4342908584032774,-0.08587852135163665,-0.31346981700402665,0.2624778185871971,0.39266360822983726,-0.14994380263817453,-0.39440655029210836,0.21764403462409665,0.17262500513003776,0.6579197003257449,-0.38046405184258014,1.0,0.35758018377919676,0.41866294944286775,0.12184776724379198,0.19387458681166758,0.03697856181437975,0.005968365344809157,-0.4541020261962019,-0.5779670480310801,-0.28844499015222147,-0.6260648544718124,0.30833039781273164,-0.43526624744941267,-0.5535256866932228,0.15253695749938934,-0.1365806248064061,-0.25554832722104814,0.07657792299349897,-0.48926473583591457,0.3711580342801374,-0.4078144850248564,-0.21006663987405183,0.2926857323152241,0.2555046761616504,0.6058936628520686,0.032945186282831496,-0.25476101737049905,-0.07376247802588765,0.3591968030928214,0.6367264239361441,-0.27342331773068684,0.204073232208544,0.4479205597422534,0.7164311471333092,0.3493068507237954,-0.4171454637915972,-0.3247427243142207,0.3169048422536045,-0.1344677815549966,0.24592280959665946,0.3489394029741508,-0.19019082808891707,0.41915063185260015,0.43765307230738704,0.23361756493063945,0.16845240985885568,-0.2306188016510362,0.670376119491945,0.4771775774154645,0.5375662076497371,-0.22760511682893037,-0.2970637291920364,-0.08652948152940843,0.42752195547763616,-0.33735129013941134,-0.14786432784506554,0.356670955891513,0.41944082338668087,0.005925581167021909,-0.3652181902828362,0.36281669987805976,0.24222580043427522,0.3734363571148347,-0.28697073865288303,-0.6328560393128844,-0.6488155915980767,-0.39286208649191856,0.4151268883590994,0.2617613845536756,-0.32420663291506324,0.42699095206815274,-0.5123624738220984,0.506787663832012,0.20379023190372536,0.4197351067784585,0.42078344182611227
PedNYC16_scenario12,-0.2889849297660636,-0.0340919101323629,0.2216146690449694,0.0035734442030468383,0.1797101592327559,0.18871532521419065,-0.5923855817773185,-0.13081043620689958,0.552834708451912,-0.3443505471483814,0.20988270083816007,-0.43765479718347633,-0.3764924826540308,-0.23331239984033592,0.2606875060011671,-0.10374439739032604,0.5096021729454842,-0.22451331630124427,-0.59730290607847,-0.49168527543458773,0.3274999719906655,0.07931935698398107,0.5622808785455194,0.2856119750241567,-0.24388763290397786,-0.15820189480938573,0.33253810810413476,0.22078611186464758,0.33871749606614665,-0.026236130459504237,-0.2951689503288599,0.5475658645855351,0.4193857298628314,-0.23461451066962757,0.5268577716084232,0.3206670847515747,-0.5446153524306636,0.24742532444088128,0.012410188199739158,0.10290557372579268,-0.024248004664107814,-0.1929689405562658,-0.014131254077865085,-0.2866042135461151,-0.5043466496424025,0.2981918852469998,-0.2575777229909306,-0.11210508496862204,-0.051968471849104025,0.0625934994995464,-0.05865468482391334,-0.34351068047512,0.2313440330230202,-0.5572475443122391,0.1858808106264911,-0.14345988543615817,0.3682859553713196,-0.4539720563756,-0.24199521654163392,0.18886438633616187,-0.039945495052449376,0.02024908538634229,-0.09534405137970325,-0.4247387690836908,-0.06218121662462006,0.04741505743102359,-0.5190955658364178,0.599822194202404,-0.1233251674155178,-0.27858431762375035,-0.001430716336472626,0.11903278368104686,0.07422559357702341,0.3450154379591225,-0.062315627667656415,-0.22847442944101548,0.15183550478061947,0.24510179284026767,-0.023399689711885108,0.35758018377919676,1.0,0.12316841346098506,0.5082555777196647,0.25698467584163365,-0.20089904382825252,-0.07591731403453661,-0.4747126963186459,-0.496627105205119,-0.24641675726355272,-0.30236584049525717,-0.0796343468223597,-0.4075420090408166,-0.15011570896592374,-0.07071714206127044,-0.15757559525013765,0.15984505913436875,0.7442133425134244,-0.33158129908413514,0.45305748828437475,-0.3516066507489364,0.10469627257485614,-0.00585849008753514,0.34537296404009754,0.06399719219031774,0.037838503799332734,-0.06458741405684032,0.014453279221480098,-0.18304588163414004,0.17392153268281374,-0.1538553028106635,0.01356525087589755,0.3839573933603728,0.16476592384925914,-0.21963307834629897,-0.1869822319956349,0.3029179911712452,0.01717916758504645,-0.2642306061740485,-0.08499284882684233,0.029487669279140483,0.37987773994539364,0.41409754925810893,0.5601780041951615,-0.1433122895443686,-0.15650068167084918,0.052937737155369535,0.4004164452834166,0.3371699244725608,0.0804723549145987,-0.24277365236386905,-0.1766279918384699,0.16201531880972975,0.17159112407124344,-0.07348562112200607,-0.34948530202021866,-0.08380430575418285,0.031958936138404725,-0.10456850376069271,0.13323034319701388,0.06738411779049136,0.08142411533780203,0.018994895881943474,-0.29088622428969835,-0.2963695999608884,-0.2774817307423363,-0.6155232949408909,-0.16166669870548822,-0.11415318647871242,-0.3164748160758637,0.07220149778678298,-0.26367151913320797,0.04872112047292365,-0.09679410698090263,0.10685543169245348,0.05655433063280102
PedNYC16_scenario15,-0.14372099164000307,0.41763667171690066,0.03846313012155855,0.7289478718711953,0.8008340284327212,0.6229167097901871,-0.48629890024126454,-0.29624544276131104,0.46944127403549696,-0.053304564573201096,0.32825392589982105,-0.49118166677964115,-0.29798498037009935,-0.6696456348124595,-0.341295161538959,-0.02650012679368552,-0.1929335161532546,-0.0099591633658207,0.055941631608819264,-0.5312382842252896,-0.1765037712012527,0.2644827877113999,-0.06869058946069106,0.4405412874426736,-0.2966317688497975,-0.45625385934568863,0.080877036934204,0.4500022212975743,0.4357590752346474,0.5277290045938138,-0.41130287047181513,-0.021636613448730246,0.17700906825225782,-0.32931171335040843,0.15048338643913894,0.7064507882509212,-0.5014125724360767,0.046734710701058835,-0.8014486423493881,-0.26329543473822437,-0.3993144565760782,-0.3530258171284104,0.5494982187918107,0.07470563283679788,-0.5486447891372102,-0.44838831904190046,-0.1942921777096942,-0.35066577202827975,-0.3260356112124583,-0.471779198118367,-0.6724138764225982,-0.5003756039339453,-0.3879751848204578,-0.30874138948455765,0.1396582121031933,-0.4765866121596529,0.3533435829022541,-0.5031661321438277,-0.12791071288619182,0.021788532903695423,0.358685173140447,0.13366066674023191,0.15030096268825233,-0.3351621554176649,-0.5387465218480645,-0.44491316321489416,-0.37603938025302996,0.35578642811360184,0.6954551163072623,-0.018178515456255928,-0.37568346420563614,0.2591697791959331,0.6231642860788832,0.17963101483246213,0.13065197254974303,0.13623487820774638,0.04489639548856894,0.7499082262558789,-0.5550260923154013,0.41866294944286775,0.12316841346098506,1.0,0.10302769373402632,0.5883224032200195,0.5866676566477756,0.655233425084053,-0.26090991536219077,-0.35133060479939493,0.09679854965055401,-0.5582385921135171,0.5396653747854872,-0.46129146735683135,-0.7340426317134754,0.5187402417843648,-0.6248061742548829,-0.6647911088524834,-0.2504868876696076,-0.6076196543431189,-0.09391314837653009,-0.49873637527061176,0.2471467295373485,0.5994615153588251,0.4751795519378743,0.6310586418266356,-0.4819926377597894,-0.07598665215757516,0.4025748290526949,0.4735201813546589,0.6569896201347356,-0.3201052685000241,-0.1685977540479915,0.5303868576158779,0.5450186778060591,0.5912924282313339,-0.531648038619384,-0.37407736270745007,0.5675416809564392,0.31845653283950226,0.47160249451715597,0.3405740822758414,-0.3408367910343235,0.3561279188105049,0.3615539640039749,0.005377762763256078,0.5404286021216621,-0.01760161077832323,0.700926280309653,0.4503563008185676,0.5882856919504144,-0.2668862947112156,-0.5646147259462,-0.50075976273139,0.236969124683729,-0.4273549908530445,-0.22189931805403762,0.5630488356265211,0.6586646410551081,0.13003534329196265,-0.06283157494056968,0.7525089280758228,0.5639646662548825,0.657494420986835,-0.6750399819777582,-0.7174945818439937,-0.6846871614787666,-0.5526488750959302,-0.06680733295470742,0.309456429428028,-0.08574987210577967,0.7254030324561322,-0.2210765441681859,0.5070552389552394,0.09036360644394559,0.14231035250345958,0.21010909012025658
PedNYC16_scenario16_CSV_Scenario_Ped_16_Session_temp_2024_03_14_17_07_34_decoded,-0.21387530866171356,0.07195101633833123,0.15807332877622415,0.15986493349382225,0.3859132588128078,0.29733943203220803,-0.40252686148492645,-0.3634020310791324,0.39571213571769004,-0.2818664444838266,0.07607055670418494,-0.45189276072204554,-0.35027303806470567,-0.6178164017077021,-0.06912225318132892,-0.34992285408203516,0.11540354365833383,-0.15832198703849332,-0.04841774165032264,-0.1600644691490234,0.10174375647823564,0.15316462277579945,0.22626256082364238,0.3185374854291334,-0.27168594790720935,-0.2945341094127021,0.4266502882009553,0.161652984141179,0.35729178429569275,0.20214496064291132,-0.16462167649280035,0.9616428207677369,0.8822236631826863,0.003837645282443347,0.9428771646807109,0.2781368833826776,-0.4916192466026872,-0.20768855984343615,-0.18646112883053823,-0.016473003223266502,-0.17903880189685606,0.03858453260178829,0.4203581343653845,-0.05438868919827389,-0.49414689117482236,-0.12727327978962077,-0.36805577581776583,-0.37743055182533913,-0.37488220996391153,-0.2959569033131175,-0.22268455303302126,-0.3758813916495758,-0.2552547769409159,-0.5074506974553632,-0.08036007933664746,-0.46009829764533827,0.33156102743559335,-0.3431020237660889,-0.01808090828715736,0.25254695707505515,0.31550412899151703,0.1335228197740438,-0.06781113414613982,-0.22682707839831773,-0.5350365463555082,-0.1458984673408854,-0.30018587101142113,0.2763820292921453,-0.051586173983327654,-0.019327526230064507,-0.1916791374342981,0.25983735512866646,0.4026573603591881,0.39085922617288915,0.09959115133161,-0.1897888859997623,-0.23951486869344363,-0.10951196775056249,-0.35962549313667846,0.12184776724379198,0.5082555777196647,0.10302769373402632,1.0,0.42987001125959656,-0.38894258069018717,0.15438345992900304,-0.3616725937567231,-0.5028386823747399,-0.5473145406569138,-0.4533979125904699,-0.29432015479290907,-0.4894831983615633,-0.3505344532890273,0.17116106076397075,-0.3357372294051806,-0.2013358004534731,0.5138919591720499,-0.111556559925021,0.06290670690893563,-0.2778720900924321,0.0964262050146436,0.1357733396718448,0.33653090321143964,-0.030637792201792635,-0.23643275984177103,0.0021073721989691707,0.20349136475926066,0.2612997526699725,-0.03657022873572857,-0.11772841940765111,-0.2614575422546137,0.5076017121889073,0.28531981827480357,-0.14615632873536066,-0.39495156392859276,-0.07045646809562833,0.4644966698733499,-0.13995777863419945,0.07392345772956843,0.06763432785641799,-0.2041140120113314,0.19655534219490534,0.5392902992832714,0.007618074727086754,0.012490773413176282,-0.31270015368934123,0.07520613553488165,0.1822044266237094,0.1581140499243502,-0.10816621565146267,-0.4144548723335473,-0.2300373969500762,-0.3836039913984661,-0.18397799886736288,-0.5512925481619315,0.4020863507499939,0.2255127034827763,0.09829862516624954,0.23354691643853132,0.14045123494549283,0.20772359533245421,0.2964648324906187,-0.3805454376508739,-0.29233828821242813,-0.33521867043802644,-0.4105576408700682,0.16278341898324566,0.10816466088062615,-0.28083194556892144,0.10698599278226217,-0.31603263044487906,-0.23326217162416363,-0.021250616514456366,0.14385873065873933,0.062121680489069075
PedNYC16_scenario16_CSV_Scenario_Ped_16_Session_temp_2024_03_14_17_08_25_decoded,0.1244811324948829,0.4374859046026329,0.43355699192573016,0.5496963509357731,0.6874880318603842,0.688113770790711,-0.5628058226306667,-0.5207195089863657,0.40661942087917247,-0.4759347597313863,0.7040864911927017,-0.5117169589804966,-0.5880580048989961,-0.6453409076776828,-0.19051928057903567,0.42298080064952814,-0.17859937090866973,-0.2736926862097484,0.11051519487289019,-0.4454665511802396,0.3941293369131319,0.5070498933167482,0.5188514116487637,0.4234248475991237,-0.4278808178057669,-0.2649639274924884,0.7885512028019519,0.5371372092342289,0.8990856964387383,0.8172249192492004,-0.11834222112983861,0.2993061671550822,0.29537782812702673,0.1098220234060645,0.5867429668306453,0.5951058394861354,-0.37794007354179104,0.24479162262831622,-0.6758185440595008,-0.03900009651024061,-0.10012364523564488,0.011838490904138133,0.6861004928315715,-0.1612739827998959,-0.6334513857390736,-0.036720209768213996,-0.34268368527892745,-0.5974708555899377,-0.6277376849029297,-0.3117394409105332,-0.4751672277513963,-0.47842965275158233,-0.06109364294186315,-0.36530963165819363,-0.15186685281794365,-0.49981076763534005,0.8343017237152813,-0.4155131119119837,0.2527439663468427,0.6517726674086192,0.7286226173741616,0.6069483269187214,0.08607552363869642,-0.11151512927140428,-0.45708476101766093,-0.2263014667964096,-0.5418414360122585,0.7648632132404578,0.5372067001313561,0.37101114404491664,0.06887503162849928,0.6771667926913395,0.6905890066795654,0.16550592478791892,-0.1719500502333957,0.15085619599583056,-0.5739850668317916,0.38092757998500737,-0.7146709908660993,0.19387458681166758,0.25698467584163365,0.5883224032200195,0.42987001125959656,1.0,0.07759369451389808,0.4223955091727454,-0.5709074032592629,-0.6928378570887896,-0.3869461980863984,-0.7622416913010581,-0.1675255266911293,-0.37446405969033836,-0.5264469505929712,0.8404337308923604,-0.6806371277406003,-0.5130056133912486,0.09549393114795379,-0.34916149519099027,0.15791991971759844,-0.6483575119278009,0.6264389956200219,0.7826329563825607,0.935068652355455,0.5179953428877137,-0.8269594174432533,0.2354452745162121,0.5275972513661606,0.6397810976552494,0.015466390003411767,-0.0878912917262551,-0.6171520996213606,0.7529595046178468,0.48501074978615755,0.5622096196492671,-0.7802540971452672,-0.3706891505662244,0.5686744895606437,-0.02647462330198347,0.3761540939259108,0.5019854469505493,-0.24724221103903377,-0.05034644156523793,0.3959851369223434,0.10693460735404137,-0.11698108203604263,-0.1718928344765711,0.2594493497101654,0.18403761619940429,0.19709305336862126,-0.5397401405964639,-0.846265143011055,-0.7532335872635811,-0.3910565684716456,-0.44924149872611396,-0.7217512008517182,0.6787285722556686,0.8590179917106626,0.6838725174589004,0.40369456606733845,0.8197150318665881,0.8812567143870897,0.8567066274271502,-0.8495708268381863,-0.6167238905854404,-0.7591482005384349,-0.6278975955543205,-0.06835293091807815,0.028102030419888346,-0.23890163582190738,0.17776249512142916,-0.5670103719314219,-0.28225819000294705,-0.2989947197834608,-0.203687535131023,-0.22717356613378858
PedNYC16_scenario21_CSV_Scenario_Ped_21_Session_temp_2024_03_14_17_39_35_decoded,0.1171235543387833,0.24384174674324544,0.062278823505455216,0.25495878540670036,0.20071155124150297,0.12999919006058902,-0.08767547917113405,0.06595802848213139,0.23277503555224377,0.13423017105700152,0.2381094921980348,0.007265377140628804,0.04058929456340343,-0.012261139582822933,-0.1946309617573021,0.14904395430276252,-0.4362948674431115,-0.11827710065934305,0.0008019105074088539,-0.39593049119523993,-0.09368059450611654,-0.0982904733013068,-0.3851778625209614,-0.021769773332630526,-0.06502351493063263,-0.01985078837374088,-0.2181640426516691,-0.012042383223726638,-0.012874197080874339,0.1632543668156068,-0.17209997458625503,-0.3783434749985648,-0.3323983840207152,-0.41654140018321595,-0.42501530454990144,0.24528186771520488,-0.12341021640318695,0.05795296747397738,-0.6512401679954047,-0.10649242639638623,-0.2664631693794748,-0.4173390524107832,-0.07163390884681364,0.2200106565233726,0.012547338069095137,-0.09082693826549804,0.11776752976975013,0.13471753775843953,0.08792428009974729,-0.15496277152083038,-0.2978783498656121,-0.03511583764838333,-0.052771219543019,0.2336668738282225,0.056976040669643124,-0.016056348642212948,-0.06680825904980692,-0.2543540118825214,-0.1867047280622416,-0.10413188830732789,-0.23792650513078684,-0.03070891592000402,-0.16589734217707952,-0.18667065504846092,-0.04892452883168996,-0.1224173816275187,-0.19536444073168924,0.05148141881984225,0.5363863933922056,0.0371936927673725,-0.10792593718024479,0.1661950354113788,0.032061214985475206,-0.3767028012661475,-0.044089841177076705,0.4113907898553042,0.34080049032603976,0.6284014300226175,0.06287040825206569,0.03697856181437975,-0.20089904382825252,0.5866676566477756,-0.38894258069018717,0.07759369451389808,1.0,0.4348130009477582,0.2974814511087086,0.31222082642458393,0.7561544281869879,0.12864941926903595,0.8153361295410501,0.2102496324155242,-0.10220070787975732,0.10977600818550715,-0.41432923412657807,-0.4688461391660128,-0.6155342798470742,-0.5993103909232818,-0.2614458324402955,-0.2894388685999161,0.4084891635410639,0.294772817523986,0.06745974305607261,0.5079470693034341,-0.3460769111433273,-0.1951221527284932,-0.030500830046675143,0.05496512153229627,0.50636162385646,-0.1183295931467041,0.022049291470123578,-0.17229025956994182,-0.055452627265895504,0.48826735976313684,0.024351391813780654,-0.11294645990068042,-0.08036796809574964,0.5037002578003766,0.25208402300553434,0.08725023805378318,0.16051208416411444,-0.10126709689033642,-0.35922421686658024,-0.18248092841818409,0.49418827595005554,0.3039100321209076,0.19350414360984092,0.16296582935718484,0.09352324778720955,-0.4068310642132589,-0.05591927968113919,-0.04113662053099154,0.3806770207275576,-0.2739813215098359,0.35876485579325246,-0.03434258176788019,0.314272456859209,5.877542075782838e-05,-0.12467989092932852,0.3964404528679861,0.29642493108018475,0.22891607126341684,-0.18113995970273455,-0.3156944165904736,-0.2660589083900873,-0.2200453935195732,-0.4146085077236714,0.16762705780352516,0.18695123863599372,0.31783686789436993,0.04873218635511112,0.5375048985164214,0.10374382570092222,-0.11476424647109162,0.013662189909005917
PedNYC16_scenario21_CSV_Scenario_Ped_21_Session_temp_2024_03_14_17_40_50_decoded,-0.23463881409181075,0.46867319751398073,-0.24217687277580757,0.7869657438546622,0.7655504879563978,0.5274881114152514,-0.22360817210287087,-0.2779232961549627,0.06352355218411931,0.2677655854426487,0.17020085251007966,-0.38547764344077007,0.030683329588860886,-0.5133941344766524,-0.49975962526922846,-0.05917331892768063,-0.38035256805586215,0.03970097112317883,0.012325873632351159,-0.11458358753130082,-0.31419909490014364,0.5442824543221758,-0.14714398302701226,0.5738494307361729,0.0963381675941879,-0.5097969240818929,-0.13406607097711332,0.4241835468733748,0.26336421163611656,0.44155538137256123,-0.5476497663567828,0.08010318606226485,0.1679418504014668,-0.23518316034729003,0.2299663846898059,0.6722512209815558,-0.2807384775635944,-0.311385868943562,-0.43026040100248286,-0.4093351094466031,0.03236514370611254,0.12221391300495321,0.4731486034280683,0.5818995790399075,-0.10229577351261376,-0.4135357085647233,0.29696864486065055,-0.09913348711895154,-0.12378139567812974,-0.6096097784264036,-0.6354159914404578,-0.33159895030797015,-0.5126030520883409,-0.14674903225052516,-0.21277229793234453,-0.17790898958969348,0.04403303898222788,-0.36893471777419684,-0.039390453696013905,0.0361021935237138,0.2942900015135841,0.16027166656666214,-0.07009425465917252,-0.3197694356177041,-0.5764029203733538,-0.6923307065745687,0.1183998882415066,0.03096669689929099,0.4560571035983224,0.06762415131349209,-0.18885854270420532,-0.048237842657721686,0.6936063374046334,0.25880021834853806,0.4045209957664667,0.0437726867323055,-0.05397875397208951,0.47606704280355205,-0.0841378632132952,0.005968365344809157,-0.07591731403453661,0.655233425084053,0.15438345992900304,0.4223955091727454,0.4348130009477582,1.0,0.20631839843807231,-0.2374732300044715,0.32571532501857137,-0.12110631939790362,0.30998603264743263,-0.38971695126470407,-0.577839450153343,0.3648193902205724,-0.4408747021614725,-0.45965844110182985,-0.3775592886980319,-0.0797305846894496,-0.40487506215152824,-0.31892464987081826,0.28567414415696046,0.30752494111893625,0.24748087865665602,0.5413647281793297,-0.3941115218854865,-0.16234462062677935,0.22381238886204136,0.21205414370670228,0.0757665891331224,-0.584585502782057,-0.14759404618059024,0.25163426598619054,0.5062539653451407,0.2956914496704882,-0.05101118191288334,-0.107130410500899,0.6720549375098884,0.0023102045118401637,0.19572364916768648,0.09808750833098212,-0.3130097234788398,0.5045146795105755,0.2789583223342522,-0.21263192651842977,0.31780004883634927,-0.17656753544380144,0.16786639220150756,-0.061474433017243646,0.17424167333390195,0.05676504561185758,-0.325328530140804,-0.36501927424662406,-0.02083709274389145,-0.5222276250416162,-0.34034749247931106,0.5546845037203707,0.531260781161385,-0.06714200269709591,-0.16405267679036695,0.5806584036250456,0.4103286810517063,0.6107555030246093,-0.2364685567461029,-0.19331142059189688,-0.27006937517353036,-0.061892104810067794,0.13438524122017115,-0.15518778998147487,-0.21766880404823907,0.6869120102878157,0.017809962121327128,0.19869980883758032,-0.1519752962510732,-0.15158455703180174,-0.11840049170867806
PedNYC17_scenario3,-0.10639987778922588,-0.051136800843161856,-0.4899407821089927,-0.10793425783737098,-0.24544231014738216,-0.3232839713687783,0.579285093199573,0.20154233197201987,-0.47306823472777015,0.5677123378535299,-0.3830012303285175,0.49519562942636397,0.7758535980733985,0.42631605149246843,-0.3456236789876437,-0.290274405428689,-0.29267566240868215,0.14384314849010105,-0.0576834033600091,0.542815089609894,-0.5332628325853657,-0.17599129470421482,-0.6048907749610826,-0.19864982501787387,0.5240995587334788,0.06877430351183567,-0.7197445298819383,-0.32416925258720797,-0.617791920504235,-0.325690564866981,0.09023002454238016,-0.24951855436447934,-0.39268176131585486,-0.2048685474390517,-0.381254083050772,-0.3155096479220909,0.2907985989937045,-0.5818345208172504,0.26490052128751995,-0.3035841723188495,0.18926256649378048,0.056099097466039916,-0.3262205242497329,0.4620401886178671,0.7162199948235829,-0.2751961091868318,0.5275331130801323,0.4511601057235918,0.4329685064785951,-0.013338304288587954,0.08092213164118556,0.43701165049000923,-0.22957306792283072,0.5263173203600753,-0.05577252942388222,0.38319205695249803,-0.650323836078905,0.42588519081210063,-0.023124150963104384,-0.4648908899475952,-0.5160417387399177,-0.31570012035712014,-0.15723133189053606,0.17165459549219264,0.08952305315077302,-0.11368926483350439,0.6629425335252707,-0.6033664389434481,-0.00444894603491619,-0.19027058531862862,-0.17898307323973373,-0.5039986199229172,-0.23358506184511785,-0.051208321800944256,0.30956535646203476,0.133706322026803,0.32091723440158026,-0.17512883590941541,0.7099806917475702,-0.4541020261962019,-0.4747126963186459,-0.26090991536219077,-0.3616725937567231,-0.5709074032592629,0.2974814511087086,0.20631839843807231,1.0,0.727375185090701,0.6883481785739813,0.8172887553954499,0.29843368333791753,0.4356404763069025,0.31737509162481026,-0.41721587304842367,0.24273968128350376,0.06615058696055975,-0.5504285525709229,0.35961584563880866,-0.40034487898865745,0.34367715177966607,-0.2245047164320797,-0.40275610055538813,-0.6604650762884758,-0.15007737288971312,0.255295944947622,-0.4810631057212622,-0.5557881537317058,-0.49520138605909736,-0.23345516545548772,-0.21591478361291805,0.3679987825232267,-0.5723612474010664,-0.2978862023943498,-0.06784080579033502,0.7929541301309355,0.1744273710759554,-0.23013553721164626,0.13113781450607243,-0.281073887255189,-0.46312038368550357,-0.002190668257783468,0.008907264648488677,-0.3704925920129112,-0.3293188725374463,0.199948445999114,0.06205329286765304,-0.5361862203580188,-0.28719845665333343,-0.38948407021282705,0.3362835406014637,0.6858215358855975,0.3650027873434558,0.035900377318008436,-0.012456298661040144,0.5554823651418446,-0.4083357833531043,-0.38397074621123406,-0.4950132471397892,-0.42585261604556024,-0.44482657835116135,-0.4753682396314407,-0.3995616493819496,0.6037153423672563,0.47667669276019486,0.4733550732549223,0.5386832877427697,-0.1118058797563708,-0.07242699116810769,-0.15239675528290353,0.002988822809853353,0.4109247768385319,0.08105751655991122,0.21935628668859097,-0.046140189311357105,0.019191354837321928
PedNYC17_scenario7,0.06099010726743426,-0.04423417271369745,-0.0754716360760248,-0.3162490743424189,-0.44202085233879806,-0.6809872617593744,0.7897242731546831,0.14696226076276409,-0.4665448895412909,0.48346775083433435,-0.32596544379639614,0.44363704176737573,0.6949269170307225,0.5060649347702898,0.18291213692982544,-0.3161242748173412,0.06399080612937258,0.15018536855356746,-0.02418491661220079,0.3287602944227416,-0.2174258223211234,-0.6164346205032909,-0.6415482343825443,-0.68463349425683,0.06719998793814219,0.04910462308248942,-0.6152814339019934,-0.5870355775602869,-0.6695237332243291,-0.6130509348560764,0.07632959126703931,-0.34641111892708865,-0.5469443585532376,-0.24082794270050578,-0.5856136957849929,-0.732737247382601,0.13503035210629855,-0.2890817655818174,0.19590039321815078,-0.04133368367387025,-0.1661053000551287,0.06998832507408037,-0.48318307323056287,0.3997585528024281,0.6480709172531147,-0.000715215447769868,0.5066624110925765,0.7136019138565226,0.43091432251972217,0.18332068665780088,0.4509137218793293,0.3233150683599033,0.2037813991792542,0.4216588894695972,-0.1214945529544662,0.2740512627295073,-0.7390391291620872,0.26334054042835175,-0.3911078668298926,-0.534401636442781,-0.6795869528282683,-0.40204587476312104,-0.13124422066483254,-0.028369883962705345,0.4456034526478254,0.27341890437016336,0.5802158420025588,-0.5687117309943104,-0.16040690030257876,-0.3342935941994791,-0.13922802732167217,-0.4260865549233235,-0.6566814827972132,-0.12207317517562455,0.23773874409946816,-0.1383510427604131,0.46051104197008064,-0.38771592887511597,0.5598803624005736,-0.5779670480310801,-0.496627105205119,-0.35133060479939493,-0.5028386823747399,-0.6928378570887896,0.31222082642458393,-0.2374732300044715,0.727375185090701,1.0,0.6265477318809789,0.7985701597933157,0.33960258026752665,0.469400612359252,0.5239688521551344,-0.48412555367339793,0.3275609879314626,0.1890393265167558,-0.35068152700523103,0.21740936710118175,-0.27809747063464996,0.6084366043836378,-0.23160099836714254,-0.4314252647404291,-0.739432600557739,-0.507813944947711,0.34963588087109265,-0.18563735848968577,-0.2912178718631282,-0.47749124465229187,-0.045603326154758594,0.23493193329469264,0.2687848352300588,-0.6877618537754657,-0.6741609735920111,-0.1682092763192884,0.6504629431052005,0.2517166690469148,-0.5734555128261065,0.49348073046987284,-0.1820036193702912,-0.5469220503393863,0.2069428790748601,-0.34968350055922914,-0.6131530413367634,-0.2576405273557443,0.3472047448746596,0.4275659759783961,-0.41870950412219443,-0.07736499366839311,-0.2320259540560392,0.23582250603474053,0.6813825573068258,0.5119007879256214,0.16423054609708143,0.4573990662858005,0.7458259068709858,-0.6347058901861811,-0.6344240147241755,-0.4010690349229382,-0.10658953901601986,-0.6286372627965942,-0.6048170380687026,-0.6961302897360646,0.5431382601287124,0.4225928143417328,0.6244740904225933,0.4269341831808062,-0.38714410294001267,0.224398547334562,0.3931531859332533,-0.22316760865573748,0.6526005137642648,0.15548627875076515,0.3794372875258887,0.0733162635187744,0.13380964628271086
PedNYC17_scenario15,0.10276175188038006,-0.00745248200422588,-0.17118997368551847,0.0054130159883849505,-0.09502706908403047,-0.2650765430984454,0.27871201001648505,0.3185336303042794,-0.1019599033020695,0.4947023123162001,-0.05042804881535767,0.26907274857335906,0.4390184770350989,0.33952383167578204,-0.08414720937517517,-0.05878084166570341,-0.2402474616174073,0.06855844090828067,-0.1367586074652969,-0.04339511194109913,-0.2392021309910244,-0.25770588668176364,-0.44968405819567336,-0.21680274282841072,0.23940057181307273,0.07946346650614855,-0.5714030964065846,-0.2707588573195907,-0.43676362910286426,-0.3022424053180799,-0.20900462904053874,-0.41646405202373793,-0.5436330252758181,-0.39745800937873255,-0.5584744768491294,-0.10045867443554246,0.06369718222840526,-0.1853906918286785,-0.10344959073633775,-0.22310981733731539,-0.0706345466043834,-0.17106719484286192,-0.4819822414137458,0.4551570222695287,0.44542631385945164,0.09276150180758802,0.5529014565529298,0.5871388104363088,0.39490653468620884,-0.11287705242191737,0.011624396856254271,0.19224105291439664,0.09463522984395478,0.4091139483516488,-0.12046100788281966,0.2986216075489798,-0.4553685627205757,-0.10675000907446441,-0.3684174149648214,-0.41296550137236987,-0.5950870687557064,-0.18753990057937964,-0.2660430324567158,-0.19557611131672514,0.19581443698524525,-0.1280768549463298,0.271768310521993,-0.25509280856359706,0.10929822763177144,-0.10423393564570627,-0.0450815065931931,-0.2345623954873084,-0.323344374988757,-0.2604405033943007,0.19069117035736238,0.16732994660698408,0.5240264741389751,0.23087033162236148,0.6412274025113591,-0.28844499015222147,-0.24641675726355272,0.09679854965055401,-0.5473145406569138,-0.3869461980863984,0.7561544281869879,0.32571532501857137,0.6883481785739813,0.6265477318809789,1.0,0.6966496342611148,0.6594014465189246,0.38270191290933697,0.2491980386338497,-0.2511004779761339,0.06897100025477565,-0.029811640429822983,-0.4849056599388766,-0.11022584514455369,-0.2489002533130238,0.17841415724771958,0.13989768796201663,-0.23626457633700104,-0.392694601019304,0.16942139954004487,0.11546478695144569,-0.26175791824503136,-0.34578360990540036,-0.4227184891450344,0.14669689901532978,-0.17766621324493914,0.2958156915887499,-0.5366840308215761,-0.3470825367496646,0.017941904680660925,0.6415775272828248,0.26115027400782953,-0.3723369600851252,0.32396592767548027,-0.009458237712331341,-0.2339866800477357,0.3475466626081455,-0.00904583169426787,-0.38819909328074265,-0.29562434522914627,0.3005157580813109,0.27871008102547656,-0.14079157926773478,-0.02569570791854847,-0.16641747029568443,0.03837139672836498,0.4332881591973563,0.4627491158198199,0.4725139746644951,0.06756205569123752,0.5820857371975995,-0.4382321763091319,-0.19309136632897794,-0.40088543905490304,-0.20629949576858686,-0.15128081211002664,-0.2334866148705217,-0.27051729072460673,0.39694593867688743,0.20642734531315654,0.33129450008991757,0.24955280385285272,-0.3492414112619384,-0.17071461533534027,0.2328790341406477,0.10594843609779447,0.504956740720784,0.436291329544933,-0.017038807373241704,-0.25322938875541023,-0.15853980324470318
PedNYC17_scenario16,0.04428968068536576,-0.26082978236348797,-0.26948093827490927,-0.4184742489591815,-0.4747787733189641,-0.6822313393826254,0.7080025563955643,0.3041377626522035,-0.5200335310766162,0.6311775733591853,-0.33256822417885257,0.5747062864767136,0.6852282204535664,0.6741554393001411,0.13826846642458368,-0.22130437662668534,0.04920868561562963,0.1454451030045626,-0.105738561359487,0.5219728172357284,-0.21490667094776872,-0.3914983190367727,-0.3972469748500733,-0.4920937941205372,0.43146958002995217,0.22815775220117263,-0.6471427119515787,-0.5296059175184313,-0.705579986206019,-0.7015222764730247,0.037209915701734375,-0.2450012756722908,-0.5531251206734953,-0.20431261832504766,-0.4672771301994052,-0.6115662965165405,0.34365795706432933,-0.3412697768978934,0.5386184965783447,-0.03622145664577037,0.17452817060580905,0.17346524046545253,-0.7290858020416882,0.4458532059939011,0.8075064801790768,0.18132704580069336,0.6385504817546471,0.7880857033549007,0.5626347787319264,0.21752284831518276,0.49118670268123965,0.5580246825362438,0.22777330517627092,0.5512922226339996,-0.17619417758950284,0.5504965119671689,-0.7125663903564967,0.3049407182837969,-0.2569419430188269,-0.46593054995235517,-0.7827345435284161,-0.2919385475226086,-0.2709744861710073,0.0702983498490336,0.4789238617912782,0.18471560239742157,0.644469554832614,-0.5317539013399977,-0.43685801864455787,-0.19117382845743713,0.0829118407802173,-0.5311045953444524,-0.6606454142345775,-0.10828523549848557,0.27314840256336326,-0.05110744071295481,0.4267271672171017,-0.42783897027457773,0.8875062489457052,-0.6260648544718124,-0.30236584049525717,-0.5582385921135171,-0.4533979125904699,-0.7622416913010581,0.12864941926903595,-0.12110631939790362,0.8172887553954499,0.7985701597933157,0.6966496342611148,1.0,0.11463595935134785,0.5595770873803495,0.6615161711853823,-0.6023158274560956,0.550198486568397,0.4654971817581337,-0.18826795838857135,0.456327685378926,-0.1869863369757725,0.610692879201262,-0.23001350664149522,-0.7222390919328643,-0.7318954549212813,-0.44643128940544474,0.5214735168273944,-0.2354492745046719,-0.5494928540588542,-0.6839099985712338,-0.3463295003342204,0.07205341651321495,0.4614125549058261,-0.7354790242973617,-0.6703411149930172,-0.46297695180879206,0.9394591339890842,0.5005527759151318,-0.6309479610335607,0.032953777349355895,-0.4082359393985724,-0.529185308032849,0.3701738241940917,-0.12794138621260753,-0.4620313531699729,-0.30919638557130247,-0.030057180791844162,0.209994731292641,-0.5470595135207938,-0.3030806948370808,-0.47859656654822413,0.4235091433377638,0.8282065724241604,0.6685915661163113,0.1988245072581153,0.3926667024400162,0.6743089389131287,-0.761612368041158,-0.7189293277689213,-0.5713336877415223,-0.21006781740944858,-0.726422017947209,-0.7066224169215165,-0.7440063022494052,0.7905664755260454,0.7023935074665759,0.8094185123818732,0.5975935906947982,-0.26139646681468154,-0.3224758286590206,0.17505622779481034,-0.3168819392767497,0.6803452559474057,0.0001646953936615958,-0.0430388130538788,-0.26611986894833706,-0.22629633082505474
PedNYC17_scenario21,-0.04653104649446149,0.030426735897220447,-0.15922564652803595,0.19319323182299608,0.12702089836460484,0.08134908402754992,-0.09751074228129841,0.23781023853018501,0.24783968102538945,0.07695168588162482,-0.15384948565063494,-0.01700150460068106,0.12800556711432365,-0.13966779098771331,-0.15410130088104834,-0.24502537866607432,-0.17647729885901642,0.12042567448933561,-0.1178331257103129,-0.4538550351700241,-0.3765129110814902,-0.32935157419325667,-0.5652747738146955,0.007297758845053792,-0.0662223236491648,-0.12196950347305235,-0.46138509115192505,-0.01334389914121048,-0.28985195223211946,-0.05585656645927761,-0.29005367165438734,-0.29380011019240904,-0.10649926383127806,-0.49368739603842293,-0.4236117030404758,0.16591798609005703,-0.22945463811389666,-0.09946332963312443,-0.5109072470181322,-0.34150327588285045,-0.49555037094432297,-0.60285741379615,-0.06793294677049944,0.10675605083310113,-0.13765158946804812,-0.24855324544442015,0.06002746891260036,0.13003860903793507,0.13201216583263375,-0.30582806307892585,-0.30037203338144236,-0.22175968282390968,-0.23745610899647973,-0.0073233808058834615,0.23633817439055316,-0.1291110952979746,-0.24252238895232758,-0.2798025157940749,-0.40007562822775533,-0.5079874980058001,-0.3345394047344261,-0.3679886287952978,-0.0611425369557832,-0.3114082126503317,-0.1131844761174996,-0.2213477403040749,-0.12845509629528906,-0.18999168438749048,0.47961736982653513,-0.3518295207022577,-0.49092216232427344,-0.02636155325236511,-0.07176155408261398,-0.23966906485427364,-0.05192847291303515,0.11649074882714949,0.5934093636653236,0.5384161039390463,0.048103486941993734,0.30833039781273164,-0.0796343468223597,0.5396653747854872,-0.29432015479290907,-0.1675255266911293,0.8153361295410501,0.30998603264743263,0.29843368333791753,0.33960258026752665,0.6594014465189246,0.11463595935134785,1.0,-0.03272282500319368,-0.2220767989813759,-0.10051767712390092,-0.2927621341906448,-0.4335068648187801,-0.44346648483534734,-0.6068608948059753,-0.2016071031649902,-0.08727174112710467,0.05236391677500907,0.12739924896154642,-0.22526965722625714,0.34971039794680037,0.06669632048428464,-0.2904221445202917,-0.10442001464375261,-0.056689044008003675,0.7863752141718423,-0.2187488962984605,0.2587396467861758,-0.18139772162566103,0.10410527935952973,0.26754456504983626,0.1218380331673714,-0.09835771983115804,-0.02815056806510019,0.5933235408892991,0.33991662699234215,-0.03932587017002609,0.07508281048295318,0.1805073357637812,-0.13952970295586153,-0.11249560925390556,0.7773114935663678,0.22410068133787897,0.4116577897553376,0.4408740207683095,0.45405002913388115,-0.14169041877825017,0.08428728874226787,0.17367391651984532,0.6275617767666308,-0.08114245418944743,0.4440493739074949,-0.06177292272951895,0.05974693089356453,-0.32912559662046315,-0.2823395670712583,0.14132799272735297,-0.06515408924507882,-0.011686709039418597,-0.10205255982521311,-0.4299462702046606,-0.22274669731847396,-0.21804331377384445,-0.24631827462367983,0.4699431671670775,0.18756331651394875,0.5117556170387489,0.17657160602185729,0.872332719009377,0.452728787689483,0.33213860497226433,0.4427849490698109
PedNYC18_scenario7,0.5586532657090751,-0.2835343046489318,0.1665136153798188,-0.5291873654369752,-0.5538132693608195,-0.5649349006365305,0.3426315745547168,0.3311406887787649,-0.27567368260670877,0.26218184805641664,-0.08775649018896758,0.6940516905006074,0.288730439461405,0.798465716862583,-0.0012105180969939067,0.35438125521959807,-0.37575127849884904,0.02914629862995899,0.3930014169392184,0.42939337807110745,0.14136913391438788,-0.3512627512392754,-0.2325964116780208,-0.6143870162923311,0.24508253879652808,0.6942202502439687,-0.0623266486027354,-0.6109775211233641,-0.3647950502973287,-0.3030292459950814,0.6580804120968091,-0.37552641833201683,-0.5488073196378864,0.22946997532233737,-0.4812667623808431,-0.46686521289348204,0.6397425959374379,0.10218855894276246,0.21114870851360001,0.4159966590605879,0.17368941865988163,-0.09585712960692439,-0.5769330098389729,-0.17835838789427982,0.6766577642417,0.36475085799702,0.1548680507344844,0.15851017686676017,0.036405523815750684,0.4781022622361213,0.5319674754640316,0.7461682787341392,0.38103980379894853,0.9065777593617271,-0.1690507865452311,0.3077714612334892,-0.1876990063733619,0.43696957052878416,0.2963159939045754,0.05524132584730379,-0.38615213088906297,0.23472252401708626,-0.13054123925468852,0.5788670521521014,0.5219624307404334,0.5104340308386838,0.15644251754089122,-0.20479206633747626,-0.30271973825708165,0.4608939056291602,0.38079249088442113,0.05638490627176951,-0.5693507661688981,-0.5492408376157005,-0.23564855857391387,0.5565732849581111,-0.14814631879423978,-0.2785281237223929,0.4241017749296987,-0.43526624744941267,-0.4075420090408166,-0.46129146735683135,-0.4894831983615633,-0.37446405969033836,0.2102496324155242,-0.38971695126470407,0.4356404763069025,0.469400612359252,0.38270191290933697,0.5595770873803495,-0.03272282500319368,1.0,0.6968727635321492,-0.2316845715075353,0.16209747851784706,0.09510023221172559,-0.3937089192494323,0.08931913598216035,-0.15456304652486552,0.0701463437745532,0.19498072697947344,-0.19055461473301594,-0.24943670325545764,-0.15475010261109823,0.021153517717775627,0.1411182397708548,-0.46832640678554127,-0.3494071277236137,-0.27179186700833546,0.2843195241885017,0.07985577821159062,-0.6312999670682666,-0.7057732048824419,-0.08676820844926336,0.3664963944208097,-0.05852133638018442,-0.6404050531160657,0.10195576633120274,-0.09009235646669156,0.12724290792920223,0.26765157706333853,-0.6472655532068932,-0.6276894438124461,0.19699787227400378,-0.3893524975887739,-0.01779189805864223,-0.5838909765014613,-0.3885806951921156,-0.5748713987182894,-0.07590084317906798,0.35948416565857266,0.16912106925459658,-0.12393522735096552,0.15948307674252304,0.5342559046249108,-0.5521248736402584,-0.3011380828600547,0.16642121518088748,0.12121779774612684,-0.30638641553681256,-0.17987150534698348,-0.37302627655316534,0.33544465491910747,0.4550226488699275,0.3492196074743892,0.38748647050046126,-0.2914168549628777,-0.24961394446397422,0.17399984023981807,-0.6783346253444114,0.017061607104686072,-0.20366823543225232,-0.191551663308142,-0.4035076234299044,-0.33204221771111686
PedNYC18_scenario12,0.11362150860175635,-0.2433946308443331,0.1207724523952135,-0.6875624890885066,-0.6886580686182109,-0.6305786642442226,0.5354509384829866,0.0974070733272071,-0.5308868108682867,0.0623707135642092,0.00846403866941392,0.5157169334129135,0.09919055304047741,0.8282928912140542,0.5713476965441616,0.2367471130618255,0.23138411836761896,-0.343689957312334,-0.08139832036886596,0.3276714980157591,0.42352546333277097,-0.27503923629236926,0.0402145720221021,-0.5538681195092936,0.15157454618808952,0.4162544104007959,-0.09887161753683826,-0.36172925360343555,-0.25794800713082555,-0.5845658635913622,0.22699553699923225,-0.20430205830757786,-0.48051718586648295,-0.1540546385807704,-0.35593323920141273,-0.7765875695707649,0.3985169508867423,0.3107884242741532,0.512525735509107,0.5088299385952828,0.3123064759495666,0.22892237217484201,-0.750825719654115,0.03321136282905113,0.5789389696832425,0.598360074448186,0.2262947318312536,0.5723160411872252,0.4061730363755218,0.7449148991520214,0.8269344895430643,0.660875559991313,0.6613266409988394,0.44082179128484267,-0.0916076986223866,0.5951282896321719,-0.30992422047557877,0.31566809800852513,-0.029665964072289386,0.08749444679084784,-0.641900413233093,-0.21218215346852776,-0.5790657083798181,0.1997444125108665,0.8592819507695026,0.7980173041813584,0.14921445734222494,-0.17540750426541551,-0.5707616365581623,-0.038946777916543995,0.5838065435551945,-0.20409961706462632,-0.8183283820766709,-0.4655663301245312,-0.2971957167661583,0.09017602873197139,0.18402701200115235,-0.49773363258093317,0.5268522334056538,-0.5535256866932228,-0.15011570896592374,-0.7340426317134754,-0.3505344532890273,-0.5264469505929712,-0.10220070787975732,-0.577839450153343,0.31737509162481026,0.5239688521551344,0.2491980386338497,0.6615161711853823,-0.2220767989813759,0.6968727635321492,1.0,-0.5848025065556506,0.48235858334435955,0.6854640611005243,0.13844531924923864,0.177017568925544,0.06793993506200569,0.3856869060065322,0.02838411695438281,-0.5700705317459147,-0.31670637694946513,-0.5547083476689825,0.35548245844687965,0.08213749571952489,-0.25977564904587536,-0.4789361790806126,-0.465979299276404,0.6519032657823944,0.19475286667117142,-0.5505953556502887,-0.7293047035656905,-0.47156456589842155,0.5641015124772237,0.5969709895161741,-0.8485672204006276,-0.1956847686417682,-0.5659284251257772,-0.46423152438900495,0.7010520159598345,-0.5389217622609301,-0.6666663308358964,-0.3133856915260693,-0.34220371803970107,0.4643443177150426,-0.48843609175155533,-0.4219562916547035,-0.6414278783900387,-0.05867067266896098,0.6553583099344937,0.46155100704444196,0.01613905430825513,0.3056126174333551,0.4611516623397006,-0.7136430932985598,-0.6265080987764207,-0.1733667437694819,0.04175424045371734,-0.5696293657821012,-0.44022827858263835,-0.6380258094962681,0.5096743737623335,0.6390247216768821,0.6014329978509037,0.29653306290553216,-0.4978575116234074,-0.3307907651535795,0.24067894793322808,-0.6190473877711513,0.2926197865585587,-0.36727513952667135,-0.211531378654368,-0.359740669224927,-0.3657166994644323
PedNYC18_scenario21,0.46954000139167784,0.16450741347840614,0.32375729092415284,0.4334377350253795,0.5782181096676953,0.5406280405194839,-0.3287778857232637,-0.20352446809287383,0.3843445026251926,-0.24127024653762175,0.5650398356572084,-0.19957221391943625,-0.3268051159120402,-0.625026224087055,-0.3606285426329221,0.35700683281642465,-0.3477825985520375,0.10862629769744792,0.4000674451256363,-0.2616970646809942,0.11347515238093997,0.23038209330017367,0.3313484578637309,0.20483005542251131,-0.27512597683098683,-0.03469224897841916,0.6243643038395895,0.30257839808203524,0.587729645168356,0.7663346634726809,0.1062568898355215,0.07926937124618971,0.042336056052755144,0.34739652728672543,0.3436864474593798,0.4564172515579479,-0.11367199223200308,-0.03929053286722328,-0.6476133218818387,-0.3229175291095434,-0.3006313181791309,-0.11325222313540473,0.5740481944118924,-0.20172070500706574,-0.5065885741184042,-0.16775530028030006,-0.2638180745185954,-0.5289348343797653,-0.6312897884861446,-0.5557031512115678,-0.5332251554261092,-0.3857130163685061,-0.1788629925212264,-0.09843158267643637,-0.18972343746486864,-0.5190009645545564,0.7420044614493225,-0.240239824437263,0.270514175673945,0.32539380897668435,0.702149649193942,0.7037924224079949,0.4500297971681917,0.12037675080581423,-0.5497773677736975,-0.4380513053419124,-0.30568686557906455,0.5785326823684585,0.5949351851491983,0.5213668786965875,-0.16811067272936864,0.7386277807845744,0.5829455719825213,0.14105857291385981,-0.082189859209582,0.19541128151896348,-0.584185600126284,0.23868843448325794,-0.6377336255446795,0.15253695749938934,-0.07071714206127044,0.5187402417843648,0.17116106076397075,0.8404337308923604,0.10977600818550715,0.3648193902205724,-0.41721587304842367,-0.48412555367339793,-0.2511004779761339,-0.6023158274560956,-0.10051767712390092,-0.2316845715075353,-0.5848025065556506,1.0,-0.46752208399149087,-0.6172582663905763,-0.12470459093933739,-0.1013931126455172,0.21358221660568621,-0.3396414784020074,0.4452961314434166,0.7163096564925255,0.7213540185649631,0.5263570955075239,-0.7116649848231842,0.23457549373411823,0.32179625599968353,0.7179632880858453,0.05492736927620312,-0.1413883532887077,-0.46127667345567636,0.6283060677283723,0.3628604013917267,0.6454697037004687,-0.6583359908541788,-0.6131719791244001,0.4846195096961692,0.18223062796293654,0.6045056107456392,0.6570373218039329,-0.5161994554452596,-0.19126544064490325,0.3749971923771189,0.40444535244332236,-0.09367562193147605,-0.41715807531240867,0.15457780233235785,0.33460118629002933,0.354757735133605,-0.2705112541071366,-0.7811805018843638,-0.661242442160791,-0.2966025947934052,-0.13142599209140893,-0.44773881958173245,0.5646554762679691,0.7903846702836385,0.6823073062971996,0.4013540298920528,0.6312670180777799,0.7096849173229113,0.7200520803220316,-0.6731734678448382,-0.6082494668611147,-0.6083409070455763,-0.35582838591678034,0.11110885909835966,0.07252236002595525,-0.0628604053332904,0.024607782816448376,-0.3324531134655524,-0.1655769505507234,-0.30627594648333445,-0.270201901426836,-0.2659843343280186
PedNYC19_scenario3,-0.08667889677267482,-0.6465728439372782,-0.521983669325992,-0.6405987464887581,-0.5725713797696206,-0.35585342889713156,0.5439431403905475,0.4571012835613373,-0.3440631633621094,0.2992064449223575,-0.21304200965758957,0.5744211612695268,0.21927298564991948,0.4283246967804434,0.2551095930061734,-0.17313103882966385,0.3148945276787144,0.05810215099587668,-0.11305550208517512,0.47621347648766477,-0.22987390878429714,-0.20942289792802615,0.11047505152891501,-0.16372563980255905,0.5920410030817431,0.38084286499153097,-0.4755126084307717,-0.13893992869402405,-0.5191404951461873,-0.5330583040059715,0.11330179873573487,-0.21402422166683355,-0.3948407990966878,-0.06198634034606587,-0.3147700522922894,-0.527316690400299,0.4736188577889918,-0.18987933113451372,0.7420066168585504,-0.1392550424202239,0.23876877717460632,0.09823341165724164,-0.6980317140653576,0.028130665089132867,0.3368167959520125,0.061486762956982854,0.08710227293171569,0.565530708726901,0.6834344257894338,0.26887818861783475,0.31350415677203536,0.5417204429439919,0.08964126586718613,0.1975845968759794,0.2914550073294504,0.6783230383817054,-0.3497318562318914,0.47850147455142655,-0.043800531043313606,-0.433688880173291,-0.5311567047356252,-0.4370668743142778,-0.027132138838735553,0.27406387723985526,0.3456934563596047,0.13190602937304186,0.35740882431911836,-0.3307019403805673,-0.46294121366401786,-0.1922105948831494,0.09454773983791853,-0.39297524484142743,-0.5227123655913282,-0.09091699119279073,0.053034900968956133,-0.1134514316783648,0.4350590847403255,-0.4106281484363141,0.5412539026317679,-0.1365806248064061,-0.15757559525013765,-0.6248061742548829,-0.3357372294051806,-0.6806371277406003,-0.41432923412657807,-0.4408747021614725,0.24273968128350376,0.3275609879314626,0.06897100025477565,0.550198486568397,-0.2927621341906448,0.16209747851784706,0.48235858334435955,-0.46752208399149087,1.0,0.7955745013491071,0.2562366334606294,0.6027059595423317,0.4131025234035288,0.7970165667224481,-0.7101505304071458,-0.85311785596596,-0.5323407206671134,-0.4013686003402368,0.7587893087742117,-0.28745993603412034,-0.4683351105281366,-0.2171961415762249,-0.31276052287373424,0.32870258082513937,0.6985992681443122,-0.22339209996372755,-0.29224503329418683,-0.4420367246012069,0.6516517710572558,0.4969516193922783,-0.5675598561335311,-0.4371183287696294,-0.5545509931956134,-0.459520733047617,0.1713419260066199,0.00242866323781854,-0.12186964371073694,-0.16224526515684112,-0.23298168232681182,0.06892999162075886,-0.13533723680332965,-0.05608540301286968,-0.164187096736087,0.532580342519671,0.7445426276030298,0.6369932347190609,0.3847541719269786,0.4966736099253415,0.536686346408708,-0.5900245434995912,-0.627692365245399,-0.5710347207220048,-0.4256832168933089,-0.7441364236381116,-0.7075140214225804,-0.6492891663452314,0.7945889974781605,0.5284206670946,0.6556847487460172,0.5163466759635582,0.16501767500888698,-0.4039210836006708,0.06563478430202674,-0.2992805383871835,0.5529764456297878,-0.10111921257158385,-0.24752893804262888,-0.23781195282296141,-0.2695931048205549
PedNYC19_scenario7,-0.341886920945764,-0.2912151219949033,-0.23925688524275168,-0.5451521076928478,-0.5216703662047539,-0.3400696008541433,0.4105071317566972,0.07067794459385568,-0.45878468921726934,0.04525876237981419,0.00043644472389425815,0.25741156639144647,-0.014153054120527253,0.5372213990016254,0.6123405705135951,0.041489681057464645,0.590083917268473,-0.3299175241554415,-0.43965848975154276,0.2847513075993233,0.25305832376267157,0.04561818267927298,0.3750694673934558,-0.09040554263259959,0.3292710222462585,0.13896955624697427,-0.22101238696084913,0.05097778321932511,-0.16155793793717965,-0.5419377211530896,-0.13725491356524033,-0.09258998047893874,-0.3035040003086005,-0.25325471318474935,-0.16265956706337903,-0.5228011181065906,0.22762403986124036,0.23352897681423956,0.7790721689213775,0.2507933094681558,0.4900711288162205,0.37900539543150047,-0.6385454914418953,0.11986377814525506,0.30341333733530607,0.40456555101446423,0.1667877593874747,0.6185255349960757,0.675235289449615,0.6128187536572084,0.5570785470693699,0.4390228264893592,0.44822073679923435,-0.050847435344764325,0.1729646225573963,0.7408569553385932,-0.2719936831476679,0.2677372139538017,-0.11869815720561494,-0.0171441557134957,-0.5261671962511278,-0.4486594675674782,-0.43613259607663535,-0.014693112991227553,0.6509461676961059,0.470239409544422,0.17941004936561722,-0.0973640020487716,-0.6052353742413894,-0.3374213266043493,0.4822821229949996,-0.4559483142836316,-0.5475681433596393,-0.07630786089539954,-0.07554562021961075,-0.26476283896823705,0.3772693176041846,-0.38013566504001095,0.5093256767352548,-0.25554832722104814,0.15984505913436875,-0.6647911088524834,-0.2013358004534731,-0.5130056133912486,-0.4688461391660128,-0.45965844110182985,0.06615058696055975,0.1890393265167558,-0.029811640429822983,0.4654971817581337,-0.4335068648187801,0.09510023221172559,0.6854640611005243,-0.6172582663905763,0.7955745013491071,1.0,0.5195018989960514,0.4191045377792356,0.3562828226799861,0.5389636451962738,-0.39152085868243036,-0.776569013485191,-0.29365306236078825,-0.5272274775650074,0.6316512127744915,-0.1253752036150544,-0.1765200487865204,-0.3910503358488633,-0.48256933215751285,0.4723633207472575,0.4327607431496978,-0.19679993008500074,-0.31155395935893515,-0.5912275712591999,0.5621019349749281,0.8380976138343655,-0.5978503427493878,-0.6216773179651351,-0.7994163919202795,-0.6407394872602952,0.5941809849091665,0.026759262634835412,-0.21570897282182555,-0.4815990439947333,-0.360588669391827,0.4361900635479725,-0.13312706342090563,-0.29935767456308104,-0.424553233503536,0.2333414034190453,0.6852694903882693,0.5589236131304423,0.23045013628339994,0.290066589660807,0.22600806006131036,-0.5664766368675576,-0.6269859899277443,-0.48122246287189596,-0.25901400005613273,-0.5859918363177323,-0.5353921568156812,-0.5838581423129336,0.6187670338627778,0.6161184061613372,0.615322523863711,0.2692068598876677,-0.15051099241276833,-0.5046213976316292,0.012905790803400263,-0.28230805119478375,0.3921275515638625,-0.3301665472815718,-0.2943800973967179,-0.2522720033476813,-0.31879497758727426
PedNYC19_scenario12,-0.2072051014719074,-0.20989065772242443,0.229498399057791,-0.2355742478990721,6.159846688058579e-05,-0.05173336820355301,-0.18189733205783432,-0.1681396126209458,0.19759005924148287,-0.3034174013417057,0.1808031546830915,-0.29453510159549867,-0.42292777245184676,-0.17354126361677458,0.5931262879526434,-0.18781942194657497,0.7900337894142672,-0.21794341004126516,-0.38645057736457566,-0.24670154037701764,0.43068455536331085,-0.06351468987782849,0.6248079850037355,0.02962112574385989,-0.2895813721119307,-0.13496558537242942,0.3488618931685288,0.14177576346479626,0.2599245004421037,-0.2723313851652125,-0.28188854442487843,0.5742017129069915,0.3530905204870918,-0.1537961349739212,0.5538180483918143,-0.1566050067102991,-0.4123565291273603,0.2551001028566192,0.2840316060380481,0.15224556263412414,-0.08313657823047738,0.12390349126839106,-0.1522203712061121,-0.20571293366761578,-0.41677811041159285,0.40808101790191653,-0.20765625268763932,0.13407003874115153,-0.008675128939526378,0.15089091176696035,0.2906869239531046,-0.22858556087659454,0.40379878136400493,-0.5778425867917534,0.036409911381774296,-0.05910224708990364,0.28006762508344574,-0.3548109724617725,-0.3423221144078603,0.1100088257046068,-0.08124319704366689,-0.08200266979283755,-0.18658848916161386,-0.3615235469327016,0.15927517042465422,0.2703935318327382,-0.3036141708049285,0.43682613698994555,-0.439008062379322,-0.30270535517323083,0.11419798671305714,0.04803123324830383,-0.207781329592841,0.3449131885139285,-0.05946311540141935,-0.5015351202737259,0.1047856116967516,-0.2840054921135211,-0.0792438222143379,0.07657792299349897,0.7442133425134244,-0.2504868876696076,0.5138919591720499,0.09549393114795379,-0.6155342798470742,-0.3775592886980319,-0.5504285525709229,-0.35068152700523103,-0.4849056599388766,-0.18826795838857135,-0.44346648483534734,-0.3937089192494323,0.13844531924923864,-0.12470459093933739,0.2562366334606294,0.5195018989960514,1.0,0.023706680616215614,0.58943410300775,0.16964555924617175,-0.13951038322821874,-0.304594359554067,0.19705009476180368,-0.37744617583644224,0.2940426174326304,0.15108807025069215,0.1814576555673615,-0.07713893104893188,-0.11235051910809846,0.2964967559779471,0.03562654023893075,0.3855222153287067,-0.03316826377098114,-0.5129442706334433,-0.0782529246201451,0.4828726330518587,-0.16968580404619948,-0.3594036097375235,-0.21983726825705752,-0.19747716410409022,0.3544139241888842,0.15478077342180152,0.4697432462127791,-0.12701956834408645,-0.24578381981998043,0.10995019534053196,0.2752814897255975,0.29001787028015336,0.10724536666051365,0.020710234442203324,-0.010220060641308759,0.2787754079898338,0.09602597176624683,0.3430705839433368,-0.28332016172515995,-0.15772410538162962,-0.27111001916482014,-0.1615398733143174,0.2611403521124298,-0.2772055128570985,-0.2030984428966296,-0.2502166728625119,-0.07235617153815843,-0.03586762169540547,0.08495880582953674,-0.35268491642924893,-0.10839007779339505,-0.16693170248691835,-0.010103280566762907,-0.16377769687745536,0.08106338963316939,-0.23129812647775871,-0.24227261455498628,-0.0024520438030475322,-0.11803932730589994
PedNYC19_scenario15,0.038681669279864495,-0.19359858617029957,-0.3181924342437359,-0.1762011819454643,-0.21029587891081225,-0.3461142251171938,0.6018776412250493,0.07746621880881333,-0.5557895670091977,0.4845385837699141,-0.2999160315521854,0.3658101817445568,0.5700530192854163,0.2475305404423549,-0.08401793228909304,-0.14311413390156158,0.06663818826562817,0.38909116031196955,0.12870618876489892,0.797575243182569,-0.26161698232512665,0.04356837771003974,0.00038420162431407334,-0.1607789639988173,0.4482310906589986,0.07887979018680025,-0.25202417715006287,-0.22784647437685157,-0.3721525328073283,-0.25382561748896126,0.17988869477717395,-0.022573675038903174,-0.24024915651022938,0.4041922179244609,-0.01909576332586127,-0.3560121278522037,0.43826000749606586,-0.5063615181345191,0.7189230043151729,-0.1847806189183041,0.3764521314217304,0.5691490629865723,-0.13875134448004078,0.31063931734828343,0.5586705087128511,-0.10405464404072973,0.4360095991032722,0.3022539562125558,0.229080445857334,-0.035094731812209456,0.21809239014698645,0.32749646161404034,-0.08865062587168282,0.26658693625760876,-0.2557495581234812,0.3248668692162541,-0.3616992352131063,0.5001637968416287,0.17458576736177633,-0.1901101006491439,-0.031515639036930665,0.08534457426938824,0.28978863314829983,0.3180328947091654,0.047341656141046906,-0.1798303759115112,0.7746961059734029,-0.4064676619004419,-0.42368083015016644,0.07234924747286464,0.03196805042129558,-0.4072802437641092,-0.0958973082586827,0.3651549551756872,0.4322576993549567,-0.2840675563172166,-0.21551974762018045,-0.6644577233860742,0.4206767617145102,-0.48926473583591457,-0.33158129908413514,-0.6076196543431189,-0.111556559925021,-0.34916149519099027,-0.5993103909232818,-0.0797305846894496,0.35961584563880866,0.21740936710118175,-0.11022584514455369,0.456327685378926,-0.6068608948059753,0.08931913598216035,0.177017568925544,-0.1013931126455172,0.6027059595423317,0.4191045377792356,0.023706680616215614,1.0,-0.05018624848062281,0.6024559633274827,-0.4257814290697999,-0.4797378988431953,-0.4208084247619721,-0.4596259245443606,0.35416572880087027,-0.031684371593250216,-0.27572619274606835,-0.22266149553964465,-0.7164565266135263,-0.10310234949401176,0.1834060165221788,-0.23761624572154472,-0.21841542499620026,-0.35781507359250986,0.4660210822567319,0.13177191691286128,-0.03509530342022549,-0.3259403380009922,-0.3121133803637073,-0.2166790906924665,-0.2769100180928856,0.042823364518341456,0.026155971366244368,0.05536688056217831,-0.40720732150771344,-0.3083945704553752,-0.5838495087701294,-0.3950653128166488,-0.3261639522149564,0.7133615178642801,0.3727763563403508,0.16273732420172793,-0.33725134593214756,0.3592979900262985,0.040773970428155004,-0.21472550771838783,-0.40290547449843706,-0.1838921200354977,-0.07456464872230573,-0.5347516268427259,-0.447885674059578,-0.3526244035916626,0.581576832471129,0.6402749927843937,0.6414637641457995,0.6895332330476879,0.37155102379454497,-0.38771500566001826,-0.08921522273333271,-0.3411121623354614,0.40349777019697497,-0.484168772152614,-0.19193590503491764,-0.22051778718553328,-0.2685138144444803
PedNYC19_scenario16,0.08446643556231226,-0.5687112425529799,-0.056426235301394234,-0.46934865722661945,-0.17923009836432335,0.2672994279334395,-0.16604258895238244,0.2298334301445667,0.41174316150748536,-0.43883366066653107,0.4834013269885672,0.21267346387870278,-0.44450497569869873,-0.14171017720647328,0.2070182725175541,0.14669484702189006,0.35234298707644074,-0.2794104189006892,-0.2952929585719657,-0.2672733599032493,0.1865044656176258,-0.10216689235144694,0.7217242553971676,0.1306319137143539,0.12644177523268463,0.375189175929698,0.2992387537240887,0.30165963320907907,0.2375951578421075,0.12573746414660425,0.1396374799668415,0.11675911228928271,-0.13461198170357447,-0.12198140551202097,0.18650126178145676,-0.06256424796430116,-6.849145242227017e-05,0.13740308145798308,0.034430069338542535,-0.2656475228553994,-0.10845516989898218,-0.40313199733498584,-0.3156165163728937,-0.5740660022835196,-0.5365957882860606,0.15704626964214674,-0.5564533971916903,-0.005257281828906946,0.19057180725549816,0.07507189171491457,-0.11703974556695496,0.05585936776725209,0.18288074286207645,-0.2572815221896563,0.5155242437788552,0.20046535544125899,0.5931594538693635,0.05862317896027247,0.05655793833898293,-0.0006855879088729644,-0.11596551660874699,-0.05054189646197238,0.09900228704724312,0.14985982518411034,0.004536600693651249,0.07831363024693405,-0.5191960634422681,0.6247099063011617,0.13926453443832054,-0.07543962784263902,-0.04041092823119885,0.44099141744643366,-0.14774620683979656,-0.05527845973230905,-0.422691639899891,0.0924689222075803,0.2195759089314553,0.09204450300003653,-0.07778098866209882,0.3711580342801374,0.45305748828437475,-0.09391314837653009,0.06290670690893563,0.15791991971759844,-0.2614458324402955,-0.40487506215152824,-0.40034487898865745,-0.27809747063464996,-0.2489002533130238,-0.1869863369757725,-0.2016071031649902,-0.15456304652486552,0.06793993506200569,0.21358221660568621,0.4131025234035288,0.3562828226799861,0.58943410300775,-0.05018624848062281,1.0,0.16460800642176587,-0.20839797703127072,-0.1720350135337334,0.3347528531742382,0.12518782395099337,0.14645844938010466,-0.27373397121488385,-0.24925707773704464,0.2908152886601336,0.04611679117467482,0.3553312183317666,0.36022416330614293,0.5504822989974988,0.09224556694405273,0.13380320284463343,-0.0712792242198732,0.20059219165976483,-0.3690549847281994,-0.33352026795802114,-0.1594504222791353,0.002835023630851974,0.19055640335661683,-0.10717564133903545,0.33678490149222995,-0.049849466970324885,-0.2626562474223051,0.020606573856508326,0.3296149254226024,0.5741981901412945,0.1701277393884726,-0.21168883874007904,0.07389366865012625,0.2299157718207837,0.36460556039581415,0.23241976749600757,0.11509793807569424,-0.2838044289666337,0.07357939569653027,-0.04048625086177826,-0.09349900102808606,-0.1578793053882479,-0.02251081135847266,-0.07102390766747546,-0.0608104580779385,-0.358486699998557,-0.23246204358863065,-0.4145220885509333,-0.11573807203394715,-0.15878643778487578,-0.23034149507483348,-0.26194016088490835,-0.07234606346259476,-0.11105844459045966,-0.3518351873516199,-0.2486618138055401,-0.28673047726633527
PedNYC19_scenario21,0.03449768289608823,-0.44232413523391734,-0.304543287545018,-0.4248620598014541,-0.3457110417609881,-0.5472683044075346,0.8046259561411768,0.23455647042876582,-0.4792073291101886,0.4532584236896,-0.30578653807010325,0.4560294681522319,0.4248149258972772,0.21214292799951928,0.3491018971142086,-0.4360881294251324,0.41069915196194795,0.30622999687854213,0.06734493895176763,0.4449154729909919,-0.2805063557731744,-0.5026765481453883,-0.23660694171986574,-0.4644344986686164,0.2245159469564899,0.06526465847988783,-0.5232268462069838,-0.32354346388837807,-0.6128098617943261,-0.6526883029201804,-0.08267614554363978,-0.13019766372361152,-0.3716568720362423,-0.12484786039914364,-0.28780427917545004,-0.7335125131646265,0.22258267526406028,-0.3811013593197874,0.5117884532774306,-0.2679009749931798,-0.20098554657955603,0.19603711762441045,-0.515550924781313,0.31020049933135496,0.3575320915942004,-0.03651425654931728,0.34127188913020257,0.7233800811469213,0.4574495753743043,-0.021467813250500845,0.4057846773026672,0.268650150684999,0.08889847843192134,0.12984935027397715,-0.034289529829387266,0.32803671814970614,-0.5339942991603082,0.23542320967184827,-0.3963911084411633,-0.65295358831354,-0.5351355629180681,-0.4041504212083895,0.03546292591532807,0.014286955970650439,0.299014674811491,0.07879330655480332,0.5924283599514273,-0.49354130494269555,-0.3953773060539316,-0.35121547318077573,-0.21139127355700604,-0.3989234217123543,-0.6010883055937286,0.11259988749069716,0.2655891248366993,-0.43625024692031844,0.42271514397441967,-0.6464701853415873,0.39127693200625835,-0.4078144850248564,-0.3516066507489364,-0.49873637527061176,-0.2778720900924321,-0.6483575119278009,-0.2894388685999161,-0.31892464987081826,0.34367715177966607,0.6084366043836378,0.17841415724771958,0.610692879201262,-0.08727174112710467,0.0701463437745532,0.3856869060065322,-0.3396414784020074,0.7970165667224481,0.5389636451962738,0.16964555924617175,0.6024559633274827,0.16460800642176587,1.0,-0.61419875966536,-0.7458912783872855,-0.6604905535968468,-0.6377632499648191,0.7122904369477933,-0.0999413636220805,-0.21488283123858087,-0.19029914480333332,-0.1833733482747688,0.3526671032684119,0.5138413529988117,-0.2953126942867681,-0.4380628257525494,-0.47701693427083924,0.6161131680499347,0.38876992613464456,-0.4676746668558138,0.06048905162163409,-0.24645027427031563,-0.5197472425845655,0.013445251341033582,-0.10683676769308881,-0.1555346772446895,-0.11192856032564014,0.15558890841518336,0.11819137337939556,-0.1654082915033055,0.11959452917286129,0.10493410560819161,0.6651272242941871,0.6417394666117655,0.5591162351653204,0.30131844227301485,0.7704182833903332,0.5690364711397414,-0.5260204865968814,-0.7191463374057934,-0.5691037606724705,-0.15178390094660998,-0.8019803139288157,-0.8012607418650224,-0.7317577519846195,0.6347003380299522,0.4168011839044836,0.7398022381797967,0.4971475060098609,-0.0027868163748134833,-0.036630766013955984,0.39920339848700426,-0.21632181755532365,0.8568079127080593,0.03265358715785216,0.0009037373656800574,-0.06745201793326872,-0.08565704303296129
PedNYC20_scenario12,0.3892951476591562,0.46219831365346054,0.7017436820833289,0.2838809600322275,0.2814024173290651,0.13777546351440784,-0.3315052913748495,-0.34690180638185053,0.15152275925450542,-0.3074452542669386,0.5482356192644702,-0.2877315361782937,-0.350174502682147,-0.052113228181696725,0.10405563473781265,0.6268174475178265,-0.3031485831105989,-0.284041300735014,0.10872707492259848,-0.40611119081305147,0.6689205518759758,0.22755684870116932,0.22095589750769928,-0.037270953155385866,-0.4563002782654453,-0.023712600340602075,0.6608617797527856,0.06967982496276937,0.5800740994527968,0.41129630356381575,-0.058676314033765165,0.07624409254905962,-0.0049055677973108835,0.09610904314151836,0.1536051924234968,0.24966511655924262,-0.150746392761135,0.4346473233501782,-0.5331692333479041,0.34915602488758457,0.009889069843652898,0.10745266954950816,0.23028541548874826,0.045261870113405434,-0.10881237212112893,0.48857436730568327,0.0881940055782251,-0.20922557633583083,-0.4721244180583093,-0.009947593891176831,0.02640785379041566,-0.2069580684770549,0.38998194059302216,0.05392535795091469,-0.48790387081248743,-0.25579408313701046,0.42548637167447634,-0.438783031509528,0.09724514480781488,0.6816686635085527,0.28473193518173723,0.6168121715465897,-0.2751904473700413,-0.16404878754803098,0.08195045425457526,0.14421358968563547,-0.3869291007760558,0.48963516238259275,0.20125577748995904,0.4531370335606595,0.427342853645748,0.5560940884148982,0.1574947449122892,-0.2607491631696113,-0.2948116371582743,0.2387620796550236,-0.47046640974878384,0.2151304513736958,-0.24410895198363658,-0.21006663987405183,0.10469627257485614,0.2471467295373485,0.0964262050146436,0.6264389956200219,0.4084891635410639,0.28567414415696046,-0.2245047164320797,-0.23160099836714254,0.13989768796201663,-0.23001350664149522,0.05236391677500907,0.19498072697947344,0.02838411695438281,0.4452961314434166,-0.7101505304071458,-0.39152085868243036,-0.13951038322821874,-0.4257814290697999,-0.20839797703127072,-0.61419875966536,1.0,0.602659967831841,0.639354418519557,0.31877393799480447,-0.737272518733775,0.44999377536504415,0.3613086545840605,0.1386236987881746,-0.11096167814709545,0.017537097983087002,-0.6648596401085429,0.0281321814739961,-0.08949175959283506,0.251214044798447,-0.3949386956999561,-0.12255627633832678,0.0986956816319362,0.17865579826766187,0.30176233075449366,0.399422954906156,0.30460463390481185,-0.37661699415678696,-0.22303953244599972,0.03450415095033321,-0.1976360198114273,0.09470335618521264,-0.17562390314923393,-0.2091036318988091,-0.2321917006174441,-0.6521213955707066,-0.5778698681123298,-0.4478687618339152,-0.3712317225767252,-0.3114604248205377,-0.42993444560873506,0.24484878796032805,0.5201641622496161,0.6664880762388489,0.6001013470937001,0.612143018879055,0.7030960711739741,0.5084351074167643,-0.5577731838736066,-0.2125665935429788,-0.3587144891113092,-0.37649220283393503,-0.41494725229859064,-0.11661553244003375,0.14737636185801628,-0.16055239749941608,-0.36646587097544403,-0.24323513138240083,-0.2995721215796523,-0.380398797136702,-0.35920150396915895
PedNYC20_scenario15,0.2293924944905985,0.5620070959367262,0.47422798916930786,0.602436954303267,0.4674616659946115,0.5144948876697688,-0.5681138277701097,-0.30449153151801855,0.3801257112424248,-0.44227713297071736,0.33925750013379297,-0.5108440029280037,-0.30572594430114,-0.4498057399422253,-0.3516884968503522,0.38044658116661245,-0.3878340222717105,-0.03977089068607387,0.19474005767687652,-0.49219958532668207,0.2190270172537624,0.2910203045679215,0.08789790817998422,0.22147512025565064,-0.5269172922577083,-0.22812443548526695,0.5898205013187476,0.2589713315291209,0.6200111576548543,0.7641980225346895,0.09592800373910848,-0.04228606856986161,0.22266897737593427,0.3175295443739401,0.18477352251281465,0.5551080312278355,-0.3100767351307716,0.2735750409833486,-0.7434698708169818,0.008095770266608127,-0.1658440084334698,-0.10241855956167378,0.7798597396786832,-0.24893754152961756,-0.44954720412895854,-0.09191784307784845,-0.23587380438883443,-0.7158433631168077,-0.7083044293285063,-0.2920434390232405,-0.4495006936040138,-0.5647612025621447,-0.093349013278472,-0.2020473382010317,-0.18825602362290184,-0.6477580731152144,0.5636043330230909,-0.30607739806492607,0.23905047878630004,0.4871629698418076,0.7840795242324275,0.521208838625486,0.27248955300240973,-0.07268205587694476,-0.39173946769315693,-0.2276843847933956,-0.4050570232746171,0.4477252358549233,0.6227997886390549,0.3650451216085273,-0.038665144758303516,0.5411815388593884,0.625661094142633,0.022620897505932547,-0.16988982288511245,0.18634819746451892,-0.5768792893589954,0.4591241791834577,-0.6780067694164329,0.2926857323152241,-0.00585849008753514,0.5994615153588251,0.1357733396718448,0.7826329563825607,0.294772817523986,0.30752494111893625,-0.40275610055538813,-0.4314252647404291,-0.23626457633700104,-0.7222390919328643,0.12739924896154642,-0.19055461473301594,-0.5700705317459147,0.7163096564925255,-0.85311785596596,-0.776569013485191,-0.304594359554067,-0.4797378988431953,-0.1720350135337334,-0.7458912783872855,0.602659967831841,1.0,0.6520482696183527,0.5518100360006681,-0.841247974371139,0.3242543462816322,0.5044230413330477,0.448757803106566,0.24853437330793504,-0.2693571719040708,-0.7541177176875249,0.381334909532026,0.4379473668872742,0.7032619198967753,-0.7955427175002634,-0.6803599401778748,0.5915524090026177,0.3606068674968035,0.6290680929818901,0.6070686329896938,-0.3431507080102918,-0.1302784187652739,0.16458524032387023,0.3368799678789207,0.0557038552053869,-0.13867251197112718,0.16774622911119474,0.1151593418920075,0.2145886186288365,-0.5698079202879831,-0.8433128810983921,-0.7056312001155352,-0.3949218176024354,-0.45515012058316917,-0.5843756410659009,0.7051732421104463,0.8030817058317405,0.7883977953988024,0.41587273778368483,0.8175468452657348,0.8398849550590619,0.7716793239660085,-0.7837830853498731,-0.5904153142270407,-0.738258547668998,-0.4243245304920298,0.04768823750796802,0.3811122263039586,-0.0734828301766135,0.20691422118975544,-0.6432337556933818,-0.012187878795104634,0.16896323064465968,0.18964554434993008,0.19716040500024168
PedNYC20_scenario16,0.12435216979193964,0.28672835916721806,0.4286552083143107,0.31469229620832895,0.4989624345508753,0.673921122554303,-0.5907898780161034,-0.4370024999308848,0.41966412519668395,-0.5968291369114498,0.8247945692233832,-0.3793700635650741,-0.7640780784028331,-0.4622280284390594,-0.022534690351856623,0.6168177899232021,-0.12947291489959212,-0.4688470140121255,0.028586101974657274,-0.4753525257627149,0.563619040453289,0.5382890365175842,0.7043153124811382,0.43341120128637867,-0.3197852325097972,-0.05548203865829349,0.8447802704334042,0.591999561638479,0.9409097194608932,0.7713616465010267,-0.05161176502356146,0.2235861655895539,0.18688156043466386,0.0377033274937012,0.4943841922115553,0.5361825910553303,-0.22954752051221972,0.45647692032593623,-0.5732984254058564,0.12887215911991556,0.0384913079907796,-0.059354548516143524,0.4522997258719308,-0.3014785632458039,-0.6395673268460045,0.1413112012717075,-0.47719274215557683,-0.5403777125964888,-0.45799532709741864,-0.05410770995287195,-0.36173490492271076,-0.2754477305447438,0.09589594173814142,-0.3090827605784676,0.015598337003349672,-0.2573803949739375,0.9102346137254345,-0.3282624708980011,0.3465940811923629,0.7674402477518708,0.5818246524465126,0.5475883892132475,-0.057897819221682356,-0.00784357238895117,-0.25394287467319,-0.015512949750585925,-0.7211263180730518,0.8649293059810238,0.4469395367594854,0.403188120930126,0.2859368884132152,0.733374143667253,0.5356173088484194,-0.0612297140985385,-0.3996605089503189,0.30054689183065053,-0.48390565088344895,0.4348370857212063,-0.649099424285698,0.2555046761616504,0.34537296404009754,0.4751795519378743,0.33653090321143964,0.935068652355455,0.06745974305607261,0.24748087865665602,-0.6604650762884758,-0.739432600557739,-0.392694601019304,-0.7318954549212813,-0.22526965722625714,-0.24943670325545764,-0.31670637694946513,0.7213540185649631,-0.5323407206671134,-0.29365306236078825,0.19705009476180368,-0.4208084247619721,0.3347528531742382,-0.6604905535968468,0.639354418519557,0.6520482696183527,1.0,0.5285971177087534,-0.744619470370689,0.19972010684879082,0.43184916520180017,0.6334578653955681,-0.017098589901765493,0.1138720275732753,-0.48020008403424375,0.7354871733550968,0.4083750762638756,0.5104513960458362,-0.7405392072830004,-0.20133747823306325,0.33355354294047634,-0.22326231490605908,0.1793069435684963,0.4676812428128829,-0.004721333609277956,-0.13696946417989708,0.262366457292488,0.0243828923552718,-0.2691179113530322,-0.04941576548496429,0.29578182665674446,0.1287499581693652,0.07267017178547386,-0.6684319752760182,-0.7342066790564359,-0.6705351058488547,-0.26832507791435267,-0.47030964233377404,-0.6256350865549662,0.5124938913149099,0.8127997500562034,0.6668076518884912,0.3207848852251869,0.7889260171357262,0.8759125708068678,0.7976144322503602,-0.7832456256521678,-0.5676236349484358,-0.7517071725975573,-0.6866057340569718,-0.1709329152042205,-0.13138885689404778,-0.2528671862043166,0.048923999422890385,-0.6287931442738284,-0.3352308565224673,-0.45756163235035885,-0.3543818963471763,-0.3728675299307267
PedNYC20_scenario21,0.09976415526164417,0.03893512967214785,-0.18072265753527317,0.3615501455334946,0.3295618983319123,0.7648486042696389,-0.6910972351893832,0.2539204602990287,0.596934647540804,-0.26012853591877194,0.37124310603742394,-0.1646961424685751,-0.38195166016292315,-0.3742236842014084,-0.617088569023506,0.36464749679085695,-0.631065083383731,-0.1567425463747778,0.011964396259418253,-0.46836834689482343,-0.17016035638871152,0.4505871661254136,0.19918150572226312,0.6510339988043486,0.21009637028124972,0.14969779060520672,0.17573190473599665,0.4693686482862446,0.377872528421599,0.7469294105741451,0.019972786305434087,-0.16253689034610752,0.08552789015133544,0.03775761629287888,0.027004217807599096,0.8292100403747433,-0.0018639053956230889,0.0581360826751095,-0.5877382920505221,-0.3542258450667348,0.057967676092313125,-0.47149897132623586,0.2943479837916747,-0.24150064443166053,-0.45574646544553477,-0.21140476111027096,-0.35205623769093464,-0.536540301878675,-0.15207133588941257,-0.40303234343001937,-0.8161646528883284,-0.20754611516936805,-0.4024260782382105,-0.0405922432304211,0.26346831428991035,-0.10647807645541363,0.5471341572112196,-0.15968452364986452,0.3490354111480769,0.2132835642465286,0.4190232290557876,0.2432270412498414,0.12651419654916474,0.09509492295723576,-0.5671197029205082,-0.5640550403336309,-0.5192910001961741,0.4073063831117685,0.6901133084866663,0.4040788399294193,-0.04420053661286838,0.47157627852655004,0.6467465350069833,-0.27726967533727365,-0.2276428385050615,0.5889689299737685,-0.08349157046271438,0.8576361324462042,-0.22583598427019647,0.6058936628520686,0.06399719219031774,0.6310586418266356,-0.030637792201792635,0.5179953428877137,0.5079470693034341,0.5413647281793297,-0.15007737288971312,-0.507813944947711,0.16942139954004487,-0.44643128940544474,0.34971039794680037,-0.15475010261109823,-0.5547083476689825,0.5263570955075239,-0.4013686003402368,-0.5272274775650074,-0.37744617583644224,-0.4596259245443606,0.12518782395099337,-0.6377632499648191,0.31877393799480447,0.5518100360006681,0.5285971177087534,1.0,-0.5311093680055099,-0.2289121082435388,-0.056527579739529266,0.45251958904641243,0.3350888487832181,-0.4426803673817916,-0.08054797716028173,0.39849686226222447,0.6237148759183134,0.6935421960888981,-0.34483434826294035,-0.4103456863996424,0.4131339416327774,-0.09100015707269549,0.3339946156814182,0.5192986655412238,-0.2029256749912265,0.1994711377681312,0.24847901088936253,0.12880511401062633,0.0048166841133995275,-0.27518870506152915,0.34033314222684896,0.18927684434561032,0.18402664187780016,-0.4434841736454911,-0.4722961365423224,-0.3042180972347124,0.19591816863624378,-0.6290140154882264,-0.22216703829152906,0.4898358544637138,0.8290650071533536,0.29303817201296756,-0.2164921540715501,0.7304091770088794,0.6789156646800932,0.7548677389237756,-0.32987571473903166,-0.523998308137958,-0.6834691881160273,-0.27211120625859264,0.2622120524064704,-0.13452414495153486,-0.3344332027205805,0.3868592692722739,-0.5061344967910899,0.2745821745546929,-0.22837181190109224,-0.1786581859536538,-0.13842579535842225
PedNYC21_scenario3,-0.2371511084191107,-0.5696382009804681,-0.49754743754796804,-0.48215694871892967,-0.45999041625125425,-0.48515504637386675,0.4180237171129315,0.4259425083470705,-0.3377859214327108,0.3128796508682825,-0.6114557485456706,0.3815424386943451,0.3219566149342057,0.35992424280099167,0.3374171934457586,-0.4827953948357844,0.5092429449796987,0.30767105427554786,-0.19292606697414527,0.32353078400852686,-0.3617567514315452,-0.4021347502702022,-0.21911892506628905,-0.20204302358076953,0.3783035035617649,0.1307418435554848,-0.657400730778301,-0.2214389463025257,-0.7137352657314358,-0.7743189568880817,-0.12482847861317814,-0.12665623798848546,-0.1311134777809988,-0.21530392403253718,-0.33292485957993256,-0.48292872736830184,0.24110413415091525,-0.18875080788930632,0.7215312639875132,-0.10840988465371426,-0.0123020911109184,-0.05553899584452493,-0.6034850590908525,0.042396880485907174,0.2864204931768012,0.011289118573474699,0.19276352934897512,0.5241695339127315,0.5499164241783169,0.18270713894461021,0.40557626665563307,0.29703468779237796,0.012388784301942346,0.033561103583026664,0.27039773787419663,0.420109193532176,-0.5917996115609094,0.24043250778645442,-0.3282862523492338,-0.6873601534755851,-0.6308498818488786,-0.6212796637389784,-0.04585445598703264,-0.00682821962697977,0.3727191382947306,0.1384902817494269,0.38876367490158836,-0.5599993394656009,-0.5443693431625078,-0.5407615162340424,-0.20075481218616842,-0.612068011808004,-0.6029075239598645,0.042500671707406124,0.09194575268032112,-0.3709805625009668,0.5966998856602084,-0.3809442118177344,0.48684565089590404,0.032945186282831496,0.037838503799332734,-0.4819926377597894,-0.23643275984177103,-0.8269594174432533,-0.3460769111433273,-0.3941115218854865,0.255295944947622,0.34963588087109265,0.11546478695144569,0.5214735168273944,0.06669632048428464,0.021153517717775627,0.35548245844687965,-0.7116649848231842,0.7587893087742117,0.6316512127744915,0.2940426174326304,0.35416572880087027,0.14645844938010466,0.7122904369477933,-0.737272518733775,-0.841247974371139,-0.744619470370689,-0.5311093680055099,1.0,-0.19718740016474046,-0.39425347756073204,-0.47857902324837753,0.07587757575686815,0.11907505274359464,0.7351550847281314,-0.3831517578078487,-0.2214874748952198,-0.6950595373078026,0.655246100070884,0.4753587892316111,-0.43999337935063965,-0.17913660659641129,-0.3505407229977937,-0.4691200033621623,0.20748355892083326,0.3192149391275956,-0.008666917514863481,-0.09657584686541276,0.130809141203589,0.06648644235114443,0.09446667837299838,0.07993376432351107,0.1366220068808397,0.671089692273861,0.7341498009136646,0.6843537144067805,0.5481117359828482,0.5347390037337247,0.5290748947948255,-0.5664154854320413,-0.8314330023084058,-0.7976988342984093,-0.4172893078934441,-0.7848107606476253,-0.9176493595629707,-0.7963513966293503,0.661704742039321,0.39742220365848235,0.6269539362235476,0.3925072297794576,0.1208785217129329,-0.056891706050489654,0.1422430718395532,-0.014224308306380218,0.5839434535430778,0.3332518241902196,0.16072008879113298,0.23736520898472369,0.2278156167246962
PedNYC21_scenario7,0.5065658082403611,0.2623456972790357,0.7307771718349506,0.20760131679475813,0.11551583624612616,-0.353742756562752,-0.11470313186598236,-0.1492305150401898,-0.11548433913879608,0.006095612156545971,-0.027839138097211613,-0.33809171931076976,-0.19745470419962308,0.07698954469724495,0.377888633830205,0.2633829470080752,0.126949468096749,0.2767028521259032,0.4884452133921313,-0.13319264576038292,0.5316637183082498,-0.09750156273047828,0.043485659440477775,-0.41887448475843536,-0.6425907778016022,-0.08189695870448821,0.4822505627228437,-0.311026563384583,0.19646342360499558,-0.11903754980890202,0.0012804781264237342,-0.03930314482579367,0.08055549299645026,0.4956209119979835,0.022699515950934557,-0.10297576257609986,-0.06890824599007761,0.5010432594348023,-0.04407939191204835,0.5420077010815387,-0.166281670265358,0.39654417613364856,0.18777018576796478,-0.02856177990199571,0.06444666723087134,0.5761187727688478,0.2655320431243653,-0.13176119218732762,-0.6691169360853491,0.020076880650787055,0.4734844350488251,-0.2737553713236176,0.5416869444413173,0.046752259349810865,-0.7384956121286665,-0.48819524183550955,0.1011345538288686,-0.4480036774094125,-0.17340284432769848,0.3198186216881802,0.40557335633635283,0.5610054225497765,0.03903240967824817,-0.18091798379460688,0.2952297591051123,0.2628390301101742,0.01798840177615635,0.0668857447739375,-0.4288981228848856,0.4265017435204985,0.38130813577523703,0.15503614242741826,-0.1347935170694199,0.022983936909413805,0.025842975127704726,-0.2860282529367255,-0.5921146889991165,-0.3433328438211847,-0.3366057731324643,-0.25476101737049905,-0.06458741405684032,-0.07598665215757516,0.0021073721989691707,0.2354452745162121,-0.1951221527284932,-0.16234462062677935,-0.4810631057212622,-0.18563735848968577,-0.26175791824503136,-0.2354492745046719,-0.2904221445202917,0.1411182397708548,0.08213749571952489,0.23457549373411823,-0.28745993603412034,-0.1253752036150544,0.15108807025069215,-0.031684371593250216,-0.27373397121488385,-0.0999413636220805,0.44999377536504415,0.3242543462816322,0.19972010684879082,-0.2289121082435388,-0.19718740016474046,1.0,0.6153047115060829,-0.04158538391115951,-0.10107109193095787,0.12798932981553623,-0.6762918582529434,-0.17431526241078,-0.25929735061477865,-0.30392679874960615,-0.37386068179918186,-0.22166560853002637,0.08732962918195131,0.23749429860892235,0.4965679525417386,0.4693072981147901,0.04333248288428393,-0.2921260795691507,-0.025007826825561796,0.5500977393458694,-0.29231811848071443,-0.11654923371750492,-0.06197774654936694,-0.21655711934051203,0.060773080991544326,0.02059391773378061,-0.5200859345822391,-0.2301806438194669,-0.32451408930319015,0.33202714358948815,-0.4104612977320521,0.2502692954890223,-0.02341668630150462,0.5523572417972075,0.8351274380925671,0.17127563426280412,0.1879490324368307,0.04318183037427181,-0.2707217423134878,0.1520726319264274,0.16593823201088387,0.13164371288631127,0.04134931574032519,-0.042561870487884734,0.645031337501551,-0.2811163144811193,0.011460515137822536,-0.17541052008236835,-0.1940631187645998,-0.061431076952894514,-0.11674953359486118
PedNYC21_scenario12,-0.14823838202364348,0.7108994928021948,0.5011690370847479,0.6346963899585017,0.5326950374691654,0.199469826926728,-0.1841861514532228,-0.6366884779559219,-0.0923668020601296,-0.22918694059060485,0.27589882468643934,-0.7752900455337604,-0.4289351124369216,-0.4124724543568725,0.3499809452912155,0.11213244241236264,0.2924111984042852,-0.16533767494051554,0.09072588448989594,-0.4256204044011169,0.4506939105285279,0.3063449710952093,0.11903474154451066,0.08323002605499075,-0.759547543197318,-0.6882137614369639,0.4063771723277332,0.31986082964178086,0.6034147107168883,0.2228957575340651,-0.5208637531176201,0.056858804034109256,0.2698475786178245,-0.048634797841734745,0.2379446219598953,0.1584992275851409,-0.5607771873319656,0.5043958462675419,-0.391003940178837,0.29210503730371684,-0.17017508446169138,0.475650278962952,0.606873511389821,0.2708453703759519,-0.34304029296534866,0.13624387230819646,0.10971584007714563,-0.12678184864574238,-0.4688989411780322,-0.08553456582357599,0.046610049290079725,-0.6297916437589284,0.23243552235716813,-0.5416782761887022,-0.42635661558997473,-0.49330455455122113,0.19525274041726315,-0.6127030114240937,-0.3124081544283428,0.3946061550357407,0.538566427625731,0.15114678332485376,-0.18649228134078544,-0.5734651452579942,0.025812010671707797,0.08828421954316668,-0.1413907555648326,0.22729221606696015,0.06663734966220802,-0.03592875793220229,0.21411851413176108,0.05788993737736725,0.30419604713158477,0.22382064446301153,0.10989711258784285,-0.4590801193299061,-0.3073439740222621,0.04639420757170165,-0.6474694536215819,-0.07376247802588765,0.014453279221480098,0.4025748290526949,0.20349136475926066,0.5275972513661606,-0.030500830046675143,0.22381238886204136,-0.5557881537317058,-0.2912178718631282,-0.34578360990540036,-0.5494928540588542,-0.10442001464375261,-0.46832640678554127,-0.25977564904587536,0.32179625599968353,-0.4683351105281366,-0.1765200487865204,0.1814576555673615,-0.27572619274606835,-0.24925707773704464,-0.21488283123858087,0.3613086545840605,0.5044230413330477,0.43184916520180017,-0.056527579739529266,-0.39425347756073204,0.6153047115060829,1.0,0.3036332264313082,0.08123043604381075,0.16425163303355872,-0.7040281350471429,0.3204103456047027,0.24869718160274645,0.05746200161733406,-0.5819201883399154,-0.03837855039010618,0.4532223301464273,0.18005279844675082,0.27962939918777163,0.06240325811489811,-0.046249748179667094,0.01791846797620178,0.09934062403803279,-0.024637214286617137,0.20227731269456084,0.30226694507132723,0.34940492304266546,-0.039527944998560605,0.288760936134834,-0.2065897179040237,-0.5920902869024203,-0.45942766277800917,-0.2299900112983273,-0.08568337401636894,-0.6208921619731873,0.6323353190833536,0.29705377751762096,0.3790474202950307,0.48860003560165266,0.523928874086182,0.44860326323737465,0.41269491929920354,-0.5440192969305895,-0.18463464237557203,-0.19428492794946983,-0.25679918091739107,-0.08179142014525409,0.22607414296489892,0.39770144988916256,0.36231663837790695,-0.03622255895190407,-0.08896153417231556,0.032769596189312966,0.16640922983322382,0.09819625687947842
PedNYC22_scenario3,0.15092411850837617,-0.02810965112611785,0.008720191285605194,0.161751115229968,0.3863597039380986,0.6688413017776028,-0.2240470462008075,-0.19673493887482407,0.31997932413359487,-0.43308077683083557,0.531829551667777,-0.06595302659203228,-0.6032891676359387,-0.6655950370956445,-0.20574162067986412,0.2751835864767289,-0.31220609532774857,-0.20694410073673253,0.3710870965412507,-0.22816239191247312,0.03478174625758701,0.2860532174497683,0.28223889860459095,0.3843990272943978,-0.07337008309356552,0.03385583489397037,0.46490134214871526,0.5230109940276824,0.538781140923628,0.7244696214894838,0.05846121049135411,0.12277980610346018,0.20303191190079417,0.05783089380109996,0.30521054199773556,0.3444721705170388,0.02477616773158209,0.008998169432352321,-0.5971275930699811,-0.24358337992379342,-0.2653618020766799,-0.23412555386615508,0.4477522796683422,-0.23162562765329997,-0.6533325374458037,-0.3869106777331641,-0.6494326123382261,-0.48245018592867384,-0.26175506353753963,-0.3312601461980802,-0.5599390302174241,-0.1650387078992419,-0.4073122936995677,-0.22652050656352607,0.2731594060804411,-0.21704899387063636,0.6476408085728191,-0.019610283702220288,0.3760773637921322,0.28781955157785555,0.5094958904691962,0.22144320572549292,0.20958230017359825,0.23781700370218462,-0.5203677302368945,-0.2468440249016819,-0.4882605116707306,0.3792626361154263,0.5987357805487894,0.3150576808879637,-0.1566008238728993,0.6838873657631586,0.5148871909500411,-0.17691927232345783,-0.3358005361753176,0.31661574086837474,-0.2661906816018498,0.28718282770896697,-0.771033220588643,0.3591968030928214,-0.18304588163414004,0.4735201813546589,0.2612997526699725,0.6397810976552494,0.05496512153229627,0.21205414370670228,-0.49520138605909736,-0.47749124465229187,-0.4227184891450344,-0.6839099985712338,-0.056689044008003675,-0.3494071277236137,-0.4789361790806126,0.7179632880858453,-0.2171961415762249,-0.3910503358488633,-0.07713893104893188,-0.22266149553964465,0.2908152886601336,-0.19029914480333332,0.1386236987881746,0.448757803106566,0.6334578653955681,0.45251958904641243,-0.47857902324837753,-0.04158538391115951,0.3036332264313082,1.0,0.1984734828524921,0.23713282345542652,-0.12536934498732033,0.7199006546085706,0.48853824676277546,0.6080437540915689,-0.6790273239254119,-0.4297043390115731,0.38811452697528104,-0.027974012288102257,0.2513736676571924,0.3606317015121605,-0.469841525970101,-0.20037324008624458,0.14806589952979865,0.15248389424888498,0.1468743087684795,-0.21059566703767785,0.3509969909011369,0.33746000060260517,0.4592761270829345,-0.3227888690664802,-0.563702929070258,-0.6418280461197092,-0.09656722635180581,-0.2545350133097437,-0.24702821670017094,0.5716795729568538,0.7172969266793126,0.43883209969938,-0.023231113368089584,0.5680151928438144,0.6000807584875963,0.6958559288078809,-0.5641305408447947,-0.6550709728349684,-0.668552085551438,-0.4233905669562734,0.1538069242867276,0.19963630437975888,-0.06837129137323728,0.1817984375148357,-0.3492649695229637,-0.0807855390120582,-0.2165728680850012,-0.1705370058337181,-0.16077977579059888
PedNYC22_scenario7,-0.022546126777815756,-0.08924374149353431,-0.018677802053981507,0.18327519144333304,0.23488889876985342,0.1930192998390119,-0.38390970068134833,0.2063357545064135,0.5497627632734821,-0.11212587004200802,-0.14660518446002957,-0.19906297293120745,-0.1853638691529964,-0.38849168834997316,-0.08054817924627411,-0.3104391311388892,0.018734222410663914,0.20662144794814663,0.017280188995611345,-0.5865741271019271,-0.30413652198838825,-0.35836167777047745,-0.339688536544019,0.06829747862439906,-0.2777048555976931,-0.11446079896586858,-0.19083963700377837,0.04429565382486045,-0.11898503378708836,0.019013289672037748,-0.19447461422407475,-0.09667499076654407,0.19236621157257117,-0.3175699776407954,-0.17442678753122443,0.30354769669699144,-0.3520130475593952,0.0613088252006635,-0.5512801681839774,-0.20916840834310824,-0.6800708868486276,-0.7373357560399949,0.10834124613638108,-0.2673009397482786,-0.5086012860309035,-0.2952271068733894,-0.33983605732523015,-0.19696891537676864,-0.1270710260788901,-0.3041281400788196,-0.35275845917079307,-0.3814809799170149,-0.2648144300191875,-0.23557606804060605,0.39153039810759394,-0.4095623570240703,0.04452044074209793,-0.37557292667790243,-0.3528378803212806,-0.4335815446484885,-0.0647813767868779,-0.25362153913802543,0.2170688197321199,-0.2707464135865818,-0.26160017188818796,-0.1802757965221824,-0.4103663593704885,0.024123086655998716,0.4061462455577899,-0.28196936373778936,-0.5810316275802494,0.15017025540963214,0.05081093572906081,-0.07652818102551517,-0.09995536566065599,0.044028630003762226,0.43606405846903895,0.5496026619726743,-0.3606290107435448,0.6367264239361441,0.17392153268281374,0.6569896201347356,-0.03657022873572857,0.015466390003411767,0.50636162385646,0.0757665891331224,-0.23345516545548772,-0.045603326154758594,0.14669689901532978,-0.3463295003342204,0.7863752141718423,-0.27179186700833546,-0.465979299276404,0.05492736927620312,-0.31276052287373424,-0.48256933215751285,-0.11235051910809846,-0.7164565266135263,0.04611679117467482,-0.1833733482747688,-0.11096167814709545,0.24853437330793504,-0.017098589901765493,0.3350888487832181,0.07587757575686815,-0.10107109193095787,0.08123043604381075,0.1984734828524921,1.0,-0.1390520272119049,0.19857624768835724,0.15550704472309618,0.2629137982738028,0.25532841762843383,-0.30985907051977457,-0.3217011618276604,0.12089444041577058,0.5372120793421188,0.5106657963648316,0.24239132469407898,-0.13407308739156742,0.254003138946977,0.20172171273496686,0.2088473810100797,0.6982610747058148,0.03000955423775753,0.7615351063572494,0.697883140059581,0.7661856567346413,-0.1301035949274827,-0.21710564102672647,0.008398150487031852,0.6241886627831067,0.01587408518777378,0.24925997663036692,0.1243075110077938,0.1447675891680017,-0.16150687008618037,-0.14563663816624928,0.23110478633230958,0.024934212979788484,0.08371609774007593,-0.37011443481222805,-0.6841411080698294,-0.44907250726608083,-0.44459560469120474,-0.038357364506549585,0.6080475437595582,0.19693322536127822,0.5062924442352654,-0.0461363869884599,0.8926666969132097,0.44794868835067314,0.510261532032295,0.5881631768179496
PedNYC22_scenario12,0.09586415941690929,-0.18938564414643477,0.2589677787389151,-0.5527944507038502,-0.354745960187286,-0.2351405061515639,0.4213405812045814,-0.20871709577568698,-0.28992551696720037,-0.30308664416913134,0.38756949894465076,0.3139162418644099,-0.4001158300006298,0.26525606945506175,0.6845191760706776,0.2731212711952016,0.3435156151908868,-0.5062279127299416,0.09798658539536842,0.02818167838108898,0.5362990099970897,-0.22643123897139472,0.2383462722575077,-0.40286045738687104,-0.17445387106734755,0.23968306469070932,0.2394228987957222,0.012856037364772477,0.1633988957760022,-0.216157850844916,0.11708372277949564,-0.06881761073049963,-0.2908427675840275,-0.2775420655759828,-0.11200506656654907,-0.6648793413999374,0.1687158973267444,0.4457546155137986,0.045831999117471156,0.4212784067277764,-0.09119019833731601,0.05748962941511271,-0.3993217025880582,-0.14852374293843118,-0.029704639761198637,0.32549488477894606,-0.2877235014576405,0.32040830709733836,0.2007974976865996,0.5887346418712441,0.5582897243742334,0.3886548799781706,0.4968176345024531,0.05893023320197743,0.1594106492445161,0.3127038743882248,0.12030836189528504,0.15445451167234203,-0.01545935072298521,0.20928614559750391,-0.33898679726364755,-0.2004228598066211,-0.432708457061435,0.15880281466154367,0.5989021591571705,0.7892978579907963,-0.2569691907978986,0.14411122886748085,-0.18867146004117696,-0.0711084056457647,0.3721088446517328,0.21958066522374753,-0.568962003565799,-0.44663086401143914,-0.4988999821694726,0.06818998042980073,0.13010976044406186,-0.3482398131746103,-0.18458287934567186,-0.27342331773068684,-0.1538553028106635,-0.3201052685000241,-0.11772841940765111,-0.0878912917262551,-0.1183295931467041,-0.584585502782057,-0.21591478361291805,0.23493193329469264,-0.17766621324493914,0.07205341651321495,-0.2187488962984605,0.2843195241885017,0.6519032657823944,-0.1413883532887077,0.32870258082513937,0.4723633207472575,0.2964967559779471,-0.10310234949401176,0.3553312183317666,0.3526671032684119,0.017537097983087002,-0.2693571719040708,0.1138720275732753,-0.4426803673817916,0.11907505274359464,0.12798932981553623,0.16425163303355872,0.23713282345542652,-0.1390520272119049,1.0,0.09730461937993751,0.0539688549370122,-0.42865415904222126,-0.11324133212640808,-0.0320325111728208,0.37325814061371065,-0.6252541610806002,-0.07230086282849624,-0.37187662257939347,-0.3296734776947454,0.41509059159667827,-0.6609366613543575,-0.5069457832768376,-0.2580156778692808,-0.04431912487108658,0.5229563517545796,-0.002207318723282947,0.020159780366411972,-0.114367191241042,-0.2844699571693967,0.2512927030867219,0.033840524658900195,0.055284120963365546,0.2969255128951871,0.31016763501939193,-0.34638656325678063,-0.25310922506902056,0.06369519109880473,0.10111619827787544,-0.23198654801315555,-0.11139456251590873,-0.2723801063603739,-0.016881042652819866,0.059736138183078324,0.12340476664705957,-0.18426152182032896,-0.5413935817350182,0.04494409007633282,0.33956240717412156,-0.4118816650780426,0.14737443965708918,-0.320163535443414,-0.19414806644276816,-0.2741559113349412,-0.2822788976411328
PedNYC22_scenario15,-0.2246254963130785,-0.7027189777124998,-0.7200887072769286,-0.524698400197604,-0.32140090103490193,-0.09686358319665933,0.32260494904755266,0.45921345024649773,-0.054401363137831504,0.265590190708213,-0.2364209330527074,0.6354215824156069,0.2062332795320838,0.20289920484652424,-0.010580809150388948,-0.3046272962785612,0.12700240454609468,0.08311579292709637,-0.1958668992615027,0.30581080077797684,-0.52007775827422,-0.24694165201155083,-0.10908782791669225,0.07014551791033785,0.708305204597822,0.35721609589812386,-0.6433859702313591,0.017823325534232937,-0.5653293299091864,-0.3905953396634234,0.012291456156540592,-0.14268596402835132,-0.27878707312732365,-0.4234501558584234,-0.3046223492837654,-0.20353257910305467,0.38027554279718356,-0.3749094668713182,0.4012197354205088,-0.3511104274610637,-0.00032674776622743096,-0.4463048075495808,-0.6473144036200245,-0.054150469605292795,0.12414055314586903,-0.3065959609642197,-0.13906423197525286,0.40099623055693046,0.7236988343782954,0.09920112996364272,-0.04108720457725168,0.5341487376108356,-0.3027902298033729,0.19959616418242998,0.6674788042894271,0.6116659014200276,-0.30781509699404186,0.43026651955250195,-0.009068739903961287,-0.6192135079425172,-0.7047030391031834,-0.5625943641444682,0.014636855543854188,0.27811990120133046,0.07055778226769394,-0.04878781447252778,0.11517759288823526,-0.30212246388200836,-0.07061919850046339,-0.3866092820866096,-0.3278999638215794,-0.2890804892638572,-0.3610361619005187,-0.14663619661048277,-0.05990156860796869,0.16597212961590424,0.7108098027038237,0.03667475382234153,0.4533171667537568,0.204073232208544,0.01356525087589755,-0.1685977540479915,-0.2614575422546137,-0.6171520996213606,0.022049291470123578,-0.14759404618059024,0.3679987825232267,0.2687848352300588,0.2958156915887499,0.4614125549058261,0.2587396467861758,0.07985577821159062,0.19475286667117142,-0.46127667345567636,0.6985992681443122,0.4327607431496978,0.03562654023893075,0.1834060165221788,0.36022416330614293,0.5138413529988117,-0.6648596401085429,-0.7541177176875249,-0.48020008403424375,-0.08054797716028173,0.7351550847281314,-0.6762918582529434,-0.7040281350471429,-0.12536934498732033,0.19857624768835724,0.09730461937993751,1.0,-0.10425478394285981,-0.07160740303186675,-0.20897328604982723,0.5888106576832906,0.35695214040557577,-0.4451602795494769,-0.2650913397510455,-0.4424654891997959,-0.3667819355563757,0.09612270496800568,0.27280049685527397,-0.03148717504109566,-0.25332689191808067,0.1972046264257734,0.0003543325388075669,0.1895176661341016,0.25614357472072413,0.12756621159124637,0.40713942089126665,0.7215814502244386,0.49378365365714183,0.6690162963895291,0.19887822040968262,0.72433501206924,-0.5860604825188123,-0.4408916210094209,-0.7746194492828691,-0.7567178037292042,-0.5303483103543023,-0.6336933269089329,-0.482914614720547,0.5183402085259325,0.07342804799747005,0.2401413206467844,0.11815054910844336,-0.004108192360612328,-0.13559067415986648,-0.21185314330389793,0.06779193858830057,0.3713135798754026,0.38207611629079863,-0.02379641946084954,-0.06046062972953048,0.008778907744756537
PedNYC22_scenario16,-0.21068061929704407,0.06644004052397445,-0.023801898086748707,0.31591467702130105,0.5924266425293018,0.7961080244463348,-0.45457280301819125,-0.3815535531518299,0.44574085615372083,-0.4836571712836397,0.6013808058321277,-0.3590814588614273,-0.6297899406650544,-0.7679484698887062,-0.1573666985438813,0.06472506093292074,0.13076403373987866,-0.3244707018012869,-0.09080345309741178,-0.35999438370395276,0.07821601318839588,0.42431982353440334,0.603881605632525,0.5951146437441861,-0.15341193495614425,-0.2554911975379923,0.4951807022975825,0.7236248356268516,0.728654257762464,0.6539994949562469,-0.19618863317068302,0.39108655901301503,0.35976952453275135,-0.17177736767013574,0.6556946537091527,0.48701048166081207,-0.39638109956474654,0.04767821116002591,-0.4550667616157833,-0.3242549059935875,-0.17160676342337844,-0.18818156247013684,0.5059624875816324,-0.27895238144340806,-0.8255860511351543,-0.33560832668419516,-0.6108199170901218,-0.4698957773958701,-0.27556188059146236,-0.29748302501758817,-0.5772099177792087,-0.37744255728632115,-0.29860543223068503,-0.5787026727568323,0.3359595183179176,-0.29458910835945984,0.7904320270899302,-0.2330575265303645,0.1719405431466281,0.2907211306135864,0.49820004860923817,0.1474834175585087,0.11926840531478744,-0.06685396634216212,-0.5461700905942,-0.2730305727396314,-0.5572465548371461,0.6979916840667028,0.5267824315588016,-0.008138150036728131,-0.21258668647533918,0.4941706477909382,0.6151480523570961,0.2884856197476813,-0.15795544108925075,0.042051573117844354,-0.15913133452100547,0.35842034922608557,-0.6711722316520685,0.4479205597422534,0.3839573933603728,0.5303868576158779,0.5076017121889073,0.7529595046178468,-0.17229025956994182,0.25163426598619054,-0.5723612474010664,-0.6877618537754657,-0.5366840308215761,-0.7354790242973617,-0.18139772162566103,-0.6312999670682666,-0.5505953556502887,0.6283060677283723,-0.22339209996372755,-0.19679993008500074,0.3855222153287067,-0.23761624572154472,0.5504822989974988,-0.2953126942867681,0.0281321814739961,0.381334909532026,0.7354871733550968,0.39849686226222447,-0.3831517578078487,-0.17431526241078,0.3204103456047027,0.7199006546085706,0.15550704472309618,0.0539688549370122,-0.10425478394285981,1.0,0.6494327675880731,0.4601781613697805,-0.60342307513341,-0.15701527545909189,0.4608586910361516,-0.25721037093517807,0.09811943877426876,0.18437453213871924,-0.3290098555530174,0.20083475599880318,0.635880569296003,-0.07626624149010564,0.05285858566240276,-0.14237401873016053,0.5619284729707685,0.5071815012906221,0.4395232589208453,-0.2914350173913296,-0.5030275989165736,-0.487152478019782,-0.030404825794384305,-0.3128670810847325,-0.47309024130223554,0.5234990008960912,0.6331219986226908,0.2137615720525734,-0.03823502478606411,0.5024009676756284,0.5144278406233824,0.6215299813354429,-0.635726508008895,-0.6844103765749672,-0.7108906555717971,-0.6655321109240351,0.04883252244830172,0.08284712715362286,-0.4351575866621229,0.34049542398636956,-0.3891086466685285,-0.13420125746873368,-0.22975547930055917,-0.0506324407631753,-0.09363045598282671
PedNYC22_scenario21,-0.43704021634057977,0.19270667309905787,-0.42172911331516083,0.5393501109362211,0.4668156641451996,0.8917147055350089,-0.5893509262904515,-0.09162463328707515,0.2801711013495104,-0.42684117999417204,0.09666558375414624,-0.4554968411269007,-0.39354779074810775,-0.6480994900979307,-0.46954818936455567,0.010589179577778385,-0.15659828457091596,-0.12812497353536534,-0.19043715529084926,-0.3405555361184851,-0.3020064155752329,0.6494541059692245,0.22618255498377704,0.8993093564360715,0.11988370502146739,-0.3474163326372435,0.08857292644464443,0.8040102673187556,0.44445917431851956,0.6889164558541244,-0.28962135391663324,0.06720899844575179,0.4718377525026579,-0.048679686560600954,0.31407591837110527,0.7521274240878553,-0.22917958804531913,-0.0274112757651237,-0.3053968448230693,-0.46283189867416974,0.1204786776428467,-0.14731361991006642,0.6596407740474267,-0.13404353728790408,-0.633287470394714,-0.5053591918233791,-0.3802678549220413,-0.6015917968342526,-0.13384820222629346,-0.4170907047595862,-0.780870147751553,-0.48613281154200405,-0.6380746851697052,-0.5764980668326158,0.36915339904869193,-0.1924699683678026,0.4166708730501706,-0.1114246193887578,0.267129539937093,0.12200720244828511,0.6129992864113974,-0.12357129778511866,0.12457661826740718,-0.10306514473839745,-0.6346622688708248,-0.5952969384445468,-0.3153577857527725,0.195428380065501,0.5851121210201887,-0.10549143780346992,-0.25253281078713696,0.10246616581121837,0.8147025207871117,0.14707366098703933,-0.11517783490096778,0.030515882811695483,-0.07408965989521343,0.5945713975445759,-0.4788791220621744,0.7164311471333092,0.16476592384925914,0.5450186778060591,0.28531981827480357,0.48501074978615755,-0.055452627265895504,0.5062539653451407,-0.2978862023943498,-0.6741609735920111,-0.3470825367496646,-0.6703411149930172,0.10410527935952973,-0.7057732048824419,-0.7293047035656905,0.3628604013917267,-0.29224503329418683,-0.31155395935893515,-0.03316826377098114,-0.21841542499620026,0.09224556694405273,-0.4380628257525494,-0.08949175959283506,0.4379473668872742,0.4083750762638756,0.6237148759183134,-0.2214874748952198,-0.25929735061477865,0.24869718160274645,0.48853824676277546,0.2629137982738028,-0.42865415904222126,-0.07160740303186675,0.6494327675880731,1.0,0.4409264108428763,-0.4213539220341451,-0.25804685759903223,0.7627372950597477,-0.29834000254274273,0.1397851374570105,0.16400871980837617,-0.4193043759175856,0.5956940487948352,0.5393664073857953,-0.04482061318929653,0.20556312180889313,-0.22932975818493784,0.5169002890425626,0.1915786011112759,0.4342655806421376,-0.12071509374226075,-0.4180277140087729,-0.4122522661964272,0.061989720771230994,-0.6266321458585411,-0.54473327269679,0.7660805291787479,0.6453029050615567,0.0446438067837861,-0.38069577722024617,0.6034135111560157,0.4518780824518245,0.7026116331683254,-0.3732939388490304,-0.5100905234881594,-0.6496636371745388,-0.28798463078927883,0.4870392611503118,0.13946901317753535,-0.5143852600452044,0.7224962641974408,-0.4647010743115694,0.19286631982836733,0.10932257175704185,0.3188468124788053,0.2808815560912208
PedNYC23_scenario3,0.09410058628516582,0.2529429382095817,-0.015962421751010147,0.3092037616845251,0.27310691409453536,0.6641697393636271,-0.2783872397963729,-0.10114852656635809,0.3607341657806733,-0.34653158565622455,0.49788942611053244,-0.041393092886619076,-0.18195050949073055,-0.3624275407195263,-0.5410508762069062,0.37104421431366863,-0.5368259367546846,-0.22654498542976942,0.060416428457227944,-0.291690523507524,-0.10564616183807174,0.2747515468673477,0.09139545226662227,0.33275980893424095,-0.00682608048318345,0.03239155410187178,0.24670063918926832,0.4018957616097659,0.443442944370519,0.8225309887805321,0.23946680353349747,-0.27339910980421966,-0.15881747715950034,0.02907448484003161,-0.05987704193423227,0.4534710670810299,-0.0315635437801427,-0.0048541998920601515,-0.7017906376492073,-0.33415621329105427,-0.07047448893031194,-0.37087020869830445,0.468463121164876,-0.24967242912001875,-0.3872982536587486,-0.43738983820378863,-0.420243752932169,-0.4908978097360488,-0.1664661224636168,-0.21679890367301424,-0.6854305357470925,-0.161040241198676,-0.3487789806084465,-0.008611562122013083,0.3305111889007296,-0.16280128683506145,0.5182559165564673,0.13846252039551454,0.41885796422884725,0.24535005751782035,0.43770490523412175,0.19932760285657936,0.2975425321255907,0.24142575720275317,-0.4492484835387138,-0.3095141415997291,-0.3770138266908849,0.40628658835006104,0.9147442231305927,0.24407534641690698,-0.18393599181312514,0.519682732597116,0.5636590728967625,-0.16999189028570139,-0.24348134515827669,0.5197170870094067,-0.1732684951628254,0.6298171736103653,-0.43994988110016253,0.3493068507237954,-0.21963307834629897,0.5912924282313339,-0.14615632873536066,0.5622096196492671,0.48826735976313684,0.2956914496704882,-0.06784080579033502,-0.1682092763192884,0.017941904680660925,-0.46297695180879206,0.26754456504983626,-0.08676820844926336,-0.47156456589842155,0.6454697037004687,-0.4420367246012069,-0.5912275712591999,-0.5129442706334433,-0.35781507359250986,0.13380320284463343,-0.47701693427083924,0.251214044798447,0.7032619198967753,0.5104513960458362,0.6935421960888981,-0.6950595373078026,-0.30392679874960615,0.05746200161733406,0.6080437540915689,0.25532841762843383,-0.11324133212640808,-0.20897328604982723,0.4601781613697805,0.4409264108428763,1.0,-0.49660896884670724,-0.5428902965050524,0.31532652918812,0.21166496777645927,0.2675269543794665,0.32207618633390056,-0.38010664965905483,-0.1873170940330322,-0.006756933344108651,0.022908080161885502,0.17009325547986498,-0.006411226436357387,0.1763828052687071,0.2580446338339165,0.1439895981618763,-0.5589727030002742,-0.40852489418632154,-0.5337630843768295,-0.09178172722778077,-0.5144702741067868,-0.0871292919892852,0.4068585218785471,0.795246631334533,0.4804592199644182,-0.15202831714020948,0.6442900963815301,0.6943631633996418,0.6791556687660177,-0.49689289589713526,-0.61846568051128,-0.7387449667178674,-0.3836018176245046,-0.03406668586677841,0.30342151992644084,-0.32863473559840317,0.22404941507649734,-0.5046916179521892,0.04261115350190103,0.1122841282436452,-0.0138668664079864,0.05047701339183186
PedNYC23_scenario7,-0.15064434798860882,-0.3388816188575332,-0.5059141601230226,-0.37906575514023344,-0.45158661744773454,-0.4990494418203508,0.5818251290630821,0.3911027660903128,-0.4806604061122537,0.5561043084050461,-0.3836900639426033,0.5046118607254432,0.6038838577402267,0.5808711590255653,0.07120182306858258,-0.3058517689867182,0.12473372608245081,0.10091375291423199,-0.264104865086207,0.46193682032203065,-0.34552239310284305,-0.2497192949732241,-0.3011987579741988,-0.23504923220529306,0.5716124175095002,0.17177440548233358,-0.7408594131260124,-0.31860187503450144,-0.6906361940374697,-0.6616839524931213,-0.08623946418765471,-0.22079228861945444,-0.4386307109609766,-0.28524065230883044,-0.40156929142737985,-0.47819041726190825,0.3006004776295057,-0.36633215229559757,0.62198269000556,-0.2016431909590628,0.26053989792721854,0.1328526759507639,-0.7036893741583119,0.40983328559206567,0.674780449373772,0.09888614017723019,0.5735060761085952,0.7411071211811062,0.6596469395159985,0.14755359599367823,0.3459824556081764,0.4830893017679173,0.0898055683992367,0.3733751063278934,-0.021532044444707577,0.6146973303058709,-0.6738537927690558,0.2943290637640401,-0.25842011348424765,-0.5421104583184684,-0.7479581643149664,-0.45938202719450416,-0.31450821424044806,0.013706151131917421,0.37910709617667315,0.04177647226593961,0.6021294081882609,-0.529801283414592,-0.40159765609319953,-0.320583413014232,0.02918987525418182,-0.6255872390600725,-0.5491524594891577,-0.06094775944412101,0.25551625915606835,-0.10655563834144277,0.5446747596108771,-0.31814752076749153,0.9107134499426119,-0.4171454637915972,-0.1869822319956349,-0.531648038619384,-0.39495156392859276,-0.7802540971452672,0.024351391813780654,-0.05101118191288334,0.7929541301309355,0.6504629431052005,0.6415775272828248,0.9394591339890842,0.1218380331673714,0.3664963944208097,0.5641015124772237,-0.6583359908541788,0.6516517710572558,0.5621019349749281,-0.0782529246201451,0.4660210822567319,-0.0712792242198732,0.6161131680499347,-0.3949386956999561,-0.7955427175002634,-0.7405392072830004,-0.34483434826294035,0.655246100070884,-0.37386068179918186,-0.5819201883399154,-0.6790273239254119,-0.30985907051977457,-0.0320325111728208,0.5888106576832906,-0.60342307513341,-0.4213539220341451,-0.49660896884670724,1.0,0.5902742334968537,-0.5291541950469985,-0.16266190794960433,-0.4851368912565741,-0.6081467452419433,0.35598460516029473,0.11991274310292166,-0.27112145290755385,-0.3892422224197212,-0.010506430098406572,0.17104438082759,-0.3930611745527295,-0.24133216323823414,-0.3882027222399389,0.4933041413497935,0.8836359473010048,0.7554855822070176,0.3432960243982055,0.2990979705722301,0.6030999503088244,-0.6739744117386091,-0.6987384197987994,-0.7411822984052701,-0.4059707609468355,-0.7259481669607786,-0.7591833977309734,-0.7071552359490618,0.860416886834509,0.6732328623828786,0.7671504182759044,0.5994229017134689,-0.10089037802562606,-0.3844555825976703,0.014033251918048384,-0.1288053051688196,0.6627759675421367,0.07887626666161074,-0.050162209127434076,-0.18388151764802352,-0.1711889331737959
PedNYC23_scenario12,-0.5085228569876337,-0.022839093754872808,-0.1610713054507904,-0.28428246619310604,-0.23792342679639078,-0.22488035798638673,0.3299985303612095,-0.15078288940903395,-0.37646497593510797,0.04735413869699434,0.14915828680883192,0.013034439340012804,-0.0545207283758431,0.34461291199878485,0.6498288731421726,-0.05194982460687103,0.606250669550767,-0.4910900057993881,-0.6435857362069257,0.010066603444151112,0.30434911935100817,0.09468965848949407,0.2718346233765987,0.016180984812055654,0.15525123887609693,-0.16751456582127888,-0.2607236461330744,0.17614412592219908,-0.03285969137230982,-0.5051664832907679,-0.5268687877006941,0.05456790636490272,-0.21096095332731823,-0.6296910283870218,-0.05149954350154062,-0.38107544049804787,-0.12527492549491992,0.21523865382778762,0.47563620539819607,0.1693188856627842,0.3454065786257423,0.34957738961229334,-0.5563939350344975,0.4172250475530477,0.19791827040899612,0.39756833419836646,0.3144123282009835,0.7585771704636871,0.6860999506571884,0.45130569982040325,0.43573943365176415,0.2135339096905431,0.4356106439400471,-0.2346234225938919,0.07899221029829318,0.6449227984197917,-0.30775148685228815,-0.0854389636836268,-0.39780295047668535,-0.012353884051090613,-0.6424055426780613,-0.5280499042677609,-0.7137978062849006,-0.400349661515111,0.572423712123247,0.38640687235035187,0.09165816079390554,-0.006031456725327677,-0.4176071446649916,-0.5361324544883084,0.39737215267434256,-0.44885976431713837,-0.4620353640214967,-0.029170723419001066,0.0025663336518495505,-0.33988553376016917,0.5733684234664764,-0.1644430866465998,0.5255060950312247,-0.3247427243142207,0.3029179911712452,-0.37407736270745007,-0.07045646809562833,-0.3706891505662244,-0.11294645990068042,-0.107130410500899,0.1744273710759554,0.2517166690469148,0.26115027400782953,0.5005527759151318,-0.09835771983115804,-0.05852133638018442,0.5969709895161741,-0.6131719791244001,0.4969516193922783,0.8380976138343655,0.4828726330518587,0.13177191691286128,0.20059219165976483,0.38876992613464456,-0.12255627633832678,-0.6803599401778748,-0.20133747823306325,-0.4103456863996424,0.4753587892316111,-0.22166560853002637,-0.03837855039010618,-0.4297043390115731,-0.3217011618276604,0.37325814061371065,0.35695214040557577,-0.15701527545909189,-0.25804685759903223,-0.5428902965050524,0.5902742334968537,1.0,-0.5025951048067396,-0.4492982832502712,-0.7592900343029574,-0.7871799668784711,0.7663553555223432,0.15457271041801302,-0.22155909003852914,-0.7824678628927388,-0.04170430752502208,0.651943186796705,-0.017935648467126475,-0.20769511167878507,-0.35901628254008267,0.05170064358654092,0.6238433126924073,0.5475796288905169,0.33060556256974993,0.12299819853831029,0.17387975165189506,-0.5023972601880093,-0.512453785146296,-0.6006509940680433,-0.24168068722267533,-0.4019413725393579,-0.4144305107396411,-0.45724739958772886,0.44622625819215656,0.4513209761977315,0.494254662184036,0.01746406756901131,-0.4360471072216163,-0.4251612813236014,0.03165787341878601,0.004196254286340517,0.47268942672460423,-0.14766410067770197,-0.23381187085550126,-0.24867176002944702,-0.2920749104356617
PedNYC23_scenario15,-0.24903559797889407,0.49896744827668926,-0.10354775432623375,0.8172672312219148,0.7134267856640947,0.6129200452309963,-0.4686303157133094,-0.33764706583333837,0.18602730111414512,-0.07049144228919868,-0.07059540567730682,-0.6284719966404211,-0.10297075772580233,-0.7150233333746554,-0.5527833615707023,-0.14905108283662227,-0.27029383076888136,0.20099824059268823,0.14093530876864413,-0.13047900309143845,-0.2930828018826932,0.5558650220410452,-0.06057221307589922,0.6198148147624879,-0.16115586806457904,-0.5712027074597019,0.16463232949156859,0.42903963962028535,0.38240758336923664,0.6020325232346677,-0.2777545892623414,0.2696681625805806,0.610260802793474,0.22528890609031837,0.4795278948017925,0.731364370870586,-0.3522524463288381,-0.2255295426171573,-0.3642619592688676,-0.2913718909238403,-0.01109601198513066,0.16934613900972495,0.9068456693623395,0.16610494431653233,-0.37369877363893167,-0.5252384352776067,-0.052166768422173604,-0.6193671508685941,-0.4996535260006474,-0.6023301996252075,-0.6546094141355714,-0.6082106496991169,-0.6269178045336845,-0.4233378016580134,-0.16302313788790324,-0.5611882836818423,0.22305074020461002,-0.2698825390135582,0.16290540836134282,0.171928502846733,0.7948130282493,0.24281823301146166,0.30268381137955847,-0.19845636021845237,-0.7532990123475838,-0.6705809496323927,0.017956724675405322,0.03176438898613809,0.3930704368567913,0.10861276421865629,-0.30082632253792374,0.03330562526333791,0.9072552908201085,0.4639822888724412,0.3256648193644123,-0.1486951528238909,-0.4367467765041879,0.3080744822582614,-0.5282710194988738,0.3169048422536045,0.01717916758504645,0.5675416809564392,0.4644966698733499,0.5686744895606437,-0.08036796809574964,0.6720549375098884,-0.23013553721164626,-0.5734555128261065,-0.3723369600851252,-0.6309479610335607,-0.02815056806510019,-0.6404050531160657,-0.8485672204006276,0.4846195096961692,-0.5675598561335311,-0.5978503427493878,-0.16968580404619948,-0.03509530342022549,-0.3690549847281994,-0.4676746668558138,0.0986956816319362,0.5915524090026177,0.33355354294047634,0.4131339416327774,-0.43999337935063965,0.08732962918195131,0.4532223301464273,0.38811452697528104,0.12089444041577058,-0.6252541610806002,-0.4451602795494769,0.4608586910361516,0.7627372950597477,0.31532652918812,-0.5291541950469985,-0.5025951048067396,1.0,0.004409360831377551,0.4054413204953149,0.3432392229532678,-0.6755109164240318,0.5237977938767714,0.5521369964043656,0.1978578274395053,0.197393601435091,-0.4362718611248695,0.23591370056605798,-0.005411856449004437,0.3701763165379557,0.07848309770798323,-0.6600497258943967,-0.6141829041331897,-0.36267137247916037,-0.5047156329956717,-0.7227918497763364,0.9065993368756025,0.6082879956868373,0.2566831016031287,0.027392320375247303,0.629279228293721,0.5014214564890651,0.7219161367051374,-0.4691754222672446,-0.3460171210513199,-0.4820625930988296,-0.11222755037446919,0.5431731090044978,0.2009984452505753,-0.2969304618470414,0.6281580009424904,-0.3715723838764815,0.057515538816030665,0.16526039890797983,0.3309954839903929,0.2949889785708859
PedNYC23_scenario16,0.3858111552370995,0.2073917039184111,0.4236518851776445,0.20971950243133053,0.1378112059293558,-0.32431618225037373,0.14746897447848695,-0.0032347984666289964,0.1569147322890202,0.18081176787282893,-0.2010184923851992,-0.09720504674770347,0.3390721864510655,-0.1677860037312291,-0.03027478575576059,-0.3108383195714677,-0.08873774221923103,0.4367308818941389,0.29251030741670614,-0.2608425030007335,-0.13761435173082526,-0.6693404183784795,-0.6460909472518113,-0.5735579043527608,-0.577279439505312,-0.18584153621814625,-0.09823505753855111,-0.5055096697421642,-0.27157036360184783,-0.13878530459162275,0.02422532172636338,-0.10884256438237627,-0.07499166323133943,0.023149130972820675,-0.24449725417238888,-0.19085552790965177,-0.32380902385439025,-0.16106590689518785,-0.5354208959447706,-0.11757312074433446,-0.769114884788455,-0.2695180380946325,0.17311440750137286,0.07739576473469545,0.0031082999310038106,-0.10696909459131732,0.19340626264635208,0.05707754532559939,-0.379187389894585,-0.35742682950463056,0.03727441454661973,-0.3768170644481861,0.046123884095100154,0.09905733802411298,-0.30050827715052386,-0.6087030771088902,-0.22942324518107782,-0.3159575843225866,-0.47212270512503407,-0.39199105924774136,-0.040971419458047276,0.09197710683044691,0.30011284484309786,-0.2609316547859204,-0.07389839766049011,-0.04753081097259204,0.12339183839437395,-0.17740238862702618,0.2534796237150294,-0.0890258517265421,-0.5103550019268781,0.13733510312399666,-0.18144766323478545,0.07557991778158146,0.19275638052100652,-0.17004573839270698,0.059670363854733455,-0.0417328494764182,-0.18851672165535271,-0.1344677815549966,-0.2642306061740485,0.31845653283950226,-0.13995777863419945,-0.02647462330198347,0.5037002578003766,0.0023102045118401637,0.13113781450607243,0.49348073046987284,0.32396592767548027,0.032953777349355895,0.5933235408892991,0.10195576633120274,-0.1956847686417682,0.18223062796293654,-0.4371183287696294,-0.6216773179651351,-0.3594036097375235,-0.3259403380009922,-0.33352026795802114,0.06048905162163409,0.17865579826766187,0.3606068674968035,-0.22326231490605908,-0.09100015707269549,-0.17913660659641129,0.23749429860892235,0.18005279844675082,-0.027974012288102257,0.5372120793421188,-0.07230086282849624,-0.2650913397510455,-0.25721037093517807,-0.29834000254274273,0.21166496777645927,-0.16266190794960433,-0.4492982832502712,0.004409360831377551,1.0,0.6816012287776134,0.1818393151342993,-0.20895338370678052,-0.28908700279876465,-0.14578054416832908,0.3203025427047401,0.5921544992212415,0.06334171616470408,0.04471928431385841,0.41593849100738867,0.4125281678010213,-0.04601926014047031,-0.21098795277608806,-0.019686624404713804,0.05229169260862665,0.36597913662964277,0.2710866696608969,-0.019456236444073127,-0.04513486912828957,0.15249043268748985,0.4025524452272875,-0.009197395801121111,-0.04203407920575186,-0.13321825481792549,-0.2716896068332404,-0.33247721210898806,-0.04919992570415799,-0.09395351352922177,-0.24810292410128953,0.7110900852849932,0.5387378342607874,0.03534024921311951,0.23465270270509286,0.48050690640774074,0.5536752168329276,0.388504681619676,0.45831959127501887
PedNYC23_scenario21,0.6024346242918157,0.0663446973705103,0.40989135670136545,0.4165397217354432,0.38845309237957304,0.06319071792894937,-0.38161544556970517,0.17381344698208134,0.45446100256458477,0.01219865959393196,-0.11160698463495966,-0.27709809682521236,-0.027518704065710997,-0.4528058388377174,-0.30497872349573085,-0.08955979672064696,-0.2779572108922659,0.5869349051023854,0.5239582806066435,-0.39091005879726004,-0.13180190199554254,-0.3204733653506562,-0.27393556630763616,-0.1708873128837347,-0.5045812214998828,-0.054307565066218144,0.2569192652733914,-0.2446918813166119,0.020179742730503603,0.24242479610112855,0.08642216086225107,0.004122586381286597,0.21621923745927119,0.4231257311841681,0.05613259718316288,0.31527655618393,-0.2363046526103485,-0.06787385095640275,-0.5898138971644467,-0.22683755513360637,-0.6799764214017601,-0.32602199396130205,0.43470021567723727,-0.22808379191395156,-0.3258753048065417,-0.05096680033934553,-0.01962234084605008,-0.4524628173922989,-0.7814247121260378,-0.6692116020349628,-0.2810476173103744,-0.5673088970934765,-0.1171335614316451,-1.655148462398337e-05,-0.3850252002646435,-0.8439879001297594,0.2561518491518019,-0.4842775155545307,-0.18200394816266763,-0.1686251828522345,0.4950546893284913,0.513036279717177,0.5217337069677709,-0.12683651879262148,-0.4302192515518717,-0.4070864133852383,-0.12507300228225438,0.10114351924858656,0.28710118445837174,0.35234040503447717,-0.43324079608814703,0.4388291432117235,0.2395100389129199,0.12203895223605277,0.09116487380791927,-0.03982019548728544,-0.3625749124180875,0.13612596069424054,-0.4657590745451021,0.24592280959665946,-0.08499284882684233,0.47160249451715597,0.07392345772956843,0.3761540939259108,0.25208402300553434,0.19572364916768648,-0.281073887255189,-0.1820036193702912,-0.009458237712331341,-0.4082359393985724,0.33991662699234215,-0.09009235646669156,-0.5659284251257772,0.6045056107456392,-0.5545509931956134,-0.7994163919202795,-0.21983726825705752,-0.3121133803637073,-0.1594504222791353,-0.24645027427031563,0.30176233075449366,0.6290680929818901,0.1793069435684963,0.3339946156814182,-0.3505407229977937,0.4965679525417386,0.27962939918777163,0.2513736676571924,0.5106657963648316,-0.37187662257939347,-0.4424654891997959,0.09811943877426876,0.1397851374570105,0.2675269543794665,-0.4851368912565741,-0.7592900343029574,0.4054413204953149,0.6816012287776134,1.0,0.738494447826518,-0.4721534204087787,-0.06729081014967142,0.3479093433051368,0.7554011283700146,0.22477340170484827,-0.4899455308174485,0.23338771573636097,0.4520913135855178,0.6062070144385575,-0.010010103218401012,-0.6882635739961083,-0.27293302419815,-0.024800282408923735,0.19954221160917207,-0.19752099913554866,0.42882245149984133,0.3627793678622242,0.45136805035109173,0.5475196081759417,0.34325455175221475,0.28881348609569923,0.2979168530096077,-0.4848060305941704,-0.5081414986405792,-0.3327571648179184,-0.11003858350397566,0.23800405945632208,0.41213630821409764,0.37556907191680433,0.09744213723664408,-0.10040926937557848,0.4135519618241168,0.1580910517211509,0.23427230189565185,0.25296420979587464
PedNYC24_scenario3,0.6816152454205426,-0.09835968696235176,0.37687649022952074,0.20397641722113058,0.2654040182989703,0.20052015582031402,-0.573363871820781,0.2259240475336638,0.5251122794523202,-0.09510433678181562,0.09349006009816274,-0.0630753296198836,-0.250635462109736,-0.23625521724704224,-0.39237454773615776,0.36069577995546187,-0.49672545154174963,0.40913009905481745,0.5972139914218527,-0.18479421111772076,0.06067572239053021,0.020692969708484554,0.12097155894712674,0.029175984732680238,-0.17430434854683963,0.3421480495255176,0.5210109971367564,-0.12533544155927356,0.2202774576690255,0.4571856207096938,0.41560281455578163,-0.01344064007836332,0.15565943767849533,0.650228284538467,0.1123509211817717,0.517122088433398,0.17075755854734775,0.11610161022634746,-0.39256775560865487,0.06803868618081654,-0.22716823492245974,-0.3325547431711522,0.3163182944141891,-0.5045784625541643,-0.26742028710728216,0.06325589020181477,-0.28806546620075957,-0.7015497800910486,-0.7212670316289618,-0.34500439262835103,-0.30067631594210953,-0.16071685225350918,-0.0957836299898871,0.24676460927965138,-0.1979459259840488,-0.5347853567707481,0.5390197323252808,-0.1720482330462274,0.37074606618342165,0.25377767645486116,0.5964453233580115,0.792967022907749,0.566057820339935,0.3212139008033006,-0.384330786305366,-0.28450862689106904,-0.3429061370346109,0.32401571335696766,0.1763987389702696,0.7548691887607506,-0.04690453266754546,0.6134319590543253,0.3583733532100427,-0.07784376313972685,-0.1417522744012234,0.3969303917096292,-0.6393312708991536,0.24824530436928283,-0.45106796520378767,0.3489394029741508,0.029487669279140483,0.3405740822758414,0.06763432785641799,0.5019854469505493,0.08725023805378318,0.09808750833098212,-0.46312038368550357,-0.5469220503393863,-0.2339866800477357,-0.529185308032849,-0.03932587017002609,0.12724290792920223,-0.46423152438900495,0.6570373218039329,-0.459520733047617,-0.6407394872602952,-0.19747716410409022,-0.2166790906924665,0.002835023630851974,-0.5197472425845655,0.399422954906156,0.6070686329896938,0.4676812428128829,0.5192986655412238,-0.4691200033621623,0.4693072981147901,0.06240325811489811,0.3606317015121605,0.24239132469407898,-0.3296734776947454,-0.3667819355563757,0.18437453213871924,0.16400871980837617,0.32207618633390056,-0.6081467452419433,-0.7871799668784711,0.3432392229532678,0.1818393151342993,0.738494447826518,1.0,-0.4142223394823499,-0.12117885040830956,0.30358681821227773,0.8417994835041824,-0.3113292063283548,-0.6853405944503514,0.12111986252784968,0.14675550100379087,0.26606484163152977,-0.1436929040336139,-0.7495531666011104,-0.48218844600674005,-0.19587857385557927,-0.07464011330909948,-0.3105901808716005,0.3936353235344986,0.546722973209349,0.6849539951632886,0.4447288876790063,0.506536311502333,0.52978885193393,0.4952466643407587,-0.4914124816885701,-0.39967963936968265,-0.46500368524483826,-0.1309265237595727,0.34510942982062454,-0.01920953516215107,0.060695715405056916,-0.16471948625231136,-0.5005394099026956,0.08113589483526018,-0.25037024509572126,-0.1306135104438766,-0.09931525272036912
PedNYC24_scenario12,-0.12099425595035473,-0.01951462134752724,0.2582900061044686,-0.404681842737741,-0.4287411495869349,-0.3034039690066137,0.03145561960526366,0.02273672729215037,-0.1056718923514679,-0.2210524084139629,0.24963924880092914,0.01742685691365109,-0.22902790645113824,0.535895608258295,0.7036343633874623,0.30416250559152,0.39287216381289203,-0.5427090812027404,-0.5524892236104404,-0.3111533089693135,0.626201027890101,-0.07559988961093311,0.29541543274863824,-0.1871143403949309,-0.08661325292642696,0.13927281685414072,0.04840469291010163,-0.024123510891406852,0.05812497986729048,-0.4031483799649487,-0.24108295652131084,-0.08977985914895781,-0.2714654861161616,-0.42804452285230554,-0.23289048751267538,-0.3270334804317596,-0.06423157297142046,0.5846586648494333,0.2226328238031432,0.45985119047619927,0.25869625614939085,0.08009614910945739,-0.6177224442981637,0.05507617503702911,0.13666100590550234,0.7669853532761788,0.17091233425593066,0.5303558846812704,0.4353691272114879,0.6005931573027512,0.5371795574677687,0.18770859237496273,0.7400711253024793,-0.05777035338637493,0.00722982166263364,0.4921057169069365,-0.10224708870755439,-0.1967246496521613,-0.306703087050904,0.22621296817960823,-0.5815274654932325,-0.26693104696566405,-0.7090229767768745,-0.3229182248323501,0.7427708630950707,0.6123516904848234,-0.2681015192822984,0.20069164771134995,-0.35468104499184716,-0.24764377850444452,0.5923223943719091,-0.09042345697439158,-0.5989356901077953,-0.40302635640741213,-0.3635604320057626,-0.0524661612951407,0.4103057919141666,0.020682515580792482,0.44041012946135505,-0.19019082808891707,0.37987773994539364,-0.3408367910343235,-0.2041140120113314,-0.24724221103903377,0.16051208416411444,-0.3130097234788398,-0.002190668257783468,0.2069428790748601,0.3475466626081455,0.3701738241940917,0.07508281048295318,0.26765157706333853,0.7010520159598345,-0.5161994554452596,0.1713419260066199,0.5941809849091665,0.3544139241888842,-0.2769100180928856,0.19055640335661683,0.013445251341033582,0.30460463390481185,-0.3431507080102918,-0.004721333609277956,-0.2029256749912265,0.20748355892083326,0.04333248288428393,-0.046249748179667094,-0.469841525970101,-0.13407308739156742,0.41509059159667827,0.09612270496800568,-0.3290098555530174,-0.4193043759175856,-0.38010664965905483,0.35598460516029473,0.7663553555223432,-0.6755109164240318,-0.20895338370678052,-0.4721534204087787,-0.4142223394823499,1.0,-0.17854739371776196,-0.43690076296716573,-0.5072500038923504,-0.18483970242873693,0.6779227620307984,-0.059848010273358954,-0.19788507460176796,-0.4464821079202186,-0.3892855630558174,0.37857975599652494,0.4935805224684887,0.307490645414198,0.07204962142972648,0.17295654088664203,-0.5524831957868042,-0.34583394438372306,-0.1950570814692849,0.06827602381407294,-0.19882723457641394,-0.1451765417229045,-0.36737319438701066,0.22508685139454254,0.2842796654896682,0.2763849167410031,-0.1574996294891744,-0.6007866994942548,-0.32740656962098513,0.20027216852579866,-0.25504499804001735,0.14876026117323304,-0.06757356465888176,-0.20510619720364787,-0.2595689027008725,-0.27263610862996646
PedNYC24_scenario15,-0.6431301360952644,0.12620618691857255,-0.524366575063913,0.49079566921459783,0.4284773298466853,0.33814854554688156,-0.3389741908205728,-0.01342677047898011,0.1161945480057931,0.20600235392846378,-0.3312658016467165,-0.4273026136184701,0.09956528744983673,-0.3419933908970205,-0.25019602002939934,-0.44499395727906466,0.22738564126087724,0.21780651638731108,-0.4150759504831385,-0.08686134979599669,-0.4844825561546955,0.3796352156090146,-0.025372491163863975,0.6363820855639416,0.21909040587336048,-0.5097705607466847,-0.4154398448468326,0.393060840536517,-0.06278014303295443,-0.018772450108565097,-0.5794871467024638,0.13629716967130845,0.369791596629508,-0.2593747293095794,0.1906697964631694,0.5672658441015928,-0.34026257369982993,-0.23160566070287314,0.1787639556807381,-0.3472907923130848,0.14115622899276414,0.012525425397615808,0.25102820955923444,0.24972847499364292,-0.18062409927763357,-0.3858370432008007,0.15753613470365768,-0.054346996250262514,0.16425160557641816,-0.32898714103350146,-0.4287726847393092,-0.3550272650775348,-0.4744960679462973,-0.46230349207158117,0.204172123052359,-0.03329506688864026,-0.18261581978206287,-0.23276392515231303,-0.21064293984051607,-0.30160853705022017,0.08213196863384087,-0.3028532156405648,0.09334640987636189,-0.4065509211789595,-0.38294307186388643,-0.5647398385456297,0.14391427934712453,-0.12991890927359062,0.026716644008950796,-0.44183450828764537,-0.33586507346845496,-0.5192868143391907,0.44779525031403367,0.5338209720742201,0.4402418263666361,-0.3485867054403249,0.2968504165957663,0.36954331183673983,0.10021591560191412,0.41915063185260015,0.41409754925810893,0.3561279188105049,0.19655534219490534,-0.05034644156523793,-0.10126709689033642,0.5045146795105755,0.008907264648488677,-0.34968350055922914,-0.00904583169426787,-0.12794138621260753,0.1805073357637812,-0.6472655532068932,-0.5389217622609301,-0.19126544064490325,0.00242866323781854,0.026759262634835412,0.15478077342180152,0.042823364518341456,-0.10717564133903545,-0.10683676769308881,-0.37661699415678696,-0.1302784187652739,-0.13696946417989708,0.1994711377681312,0.3192149391275956,-0.2921260795691507,0.01791846797620178,-0.20037324008624458,0.254003138946977,-0.6609366613543575,0.27280049685527397,0.20083475599880318,0.5956940487948352,-0.1873170940330322,0.11991274310292166,0.15457271041801302,0.5237977938767714,-0.28908700279876465,-0.06729081014967142,-0.12117885040830956,-0.17854739371776196,1.0,0.613733096489866,-0.17585736676159347,0.252225498128799,-0.15959454127310102,0.47974334786651585,0.09686746630171539,0.3218420774815818,0.42296763974872387,0.023611500322578416,0.09141455918037333,0.3258757155211902,-0.2714386038853409,-0.2636628475206515,0.27110285888701335,-3.0367552588339564e-05,-0.5406822947946435,-0.44731774918554,0.1112413290725085,-0.1455039128114728,0.10974020655773897,0.06147018896122558,-0.058324190937343756,-0.05483950485558209,-0.01952897438429435,0.3971843263225667,-0.0865961169707079,-0.38320434504126943,0.7405171797925486,0.058998483623353026,0.42893666636769745,0.15177587437189433,0.36903676790189954,0.35000493019576706
PedNYC24_scenario16,-0.14088554043191825,-0.08361152886587697,-0.11772718525238712,0.4019746179090996,0.559373108861627,0.42455823143951854,-0.5324939531813206,-0.01628728930136014,0.5023379217662788,-0.021090015484785063,-0.014962480815898571,-0.4372070239052168,-0.15999769425999144,-0.6537484221343712,-0.3209591971921193,-0.39924348495250994,0.23764234252326744,0.2872886940673256,-0.09145335886865613,-0.2175813089081784,-0.2773834570252589,0.1572339257870803,0.319324452643881,0.4483296388440471,-0.09869214117987468,-0.30361435762389677,0.15796941489057148,0.2770779878242159,0.22547469872231884,0.21897582424858641,-0.23180669165523726,0.48656492122635076,0.5216604671334292,0.09178972219425996,0.6451571130122136,0.5355134959784823,-0.47259346424850635,-0.25592717977125545,-0.09380203356420624,-0.4483017395986022,-0.24114070533827348,-0.15432098911562142,0.4087910630940206,-0.20385373255806583,-0.5526969348770254,-0.2653745763020352,-0.19317375101435097,-0.3944724108785196,-0.39639562633955694,-0.5722683391334376,-0.4762509222346465,-0.5275295435123624,-0.332711658822316,-0.49170313628049445,0.03250206447734594,-0.5159085728207078,0.41071055981470594,-0.38902620558013234,-0.13453556488672258,-0.15212705799642512,0.4309978296372503,0.20013512016421364,0.38885245075179564,-0.2416511885829018,-0.6347622194414055,-0.5705011481438054,-0.14648917459212285,0.3682159837817327,0.11014487615828772,-0.06304912663951212,-0.4526133034262423,0.08710609278730541,0.5154799958228019,0.6837476167852898,0.32703045039945144,-0.28891592828628476,-0.12919102253357773,0.16057339066961873,-0.27134363920289584,0.43765307230738704,0.5601780041951615,0.3615539640039749,0.5392902992832714,0.3959851369223434,-0.35922421686658024,0.2789583223342522,-0.3704925920129112,-0.6131530413367634,-0.38819909328074265,-0.4620313531699729,-0.13952970295586153,-0.6276894438124461,-0.6666663308358964,0.3749971923771189,-0.12186964371073694,-0.21570897282182555,0.4697432462127791,0.026155971366244368,0.33678490149222995,-0.1555346772446895,-0.22303953244599972,0.16458524032387023,0.262366457292488,0.24847901088936253,-0.008666917514863481,-0.025007826825561796,0.09934062403803279,0.14806589952979865,0.20172171273496686,-0.5069457832768376,-0.03148717504109566,0.635880569296003,0.5393664073857953,-0.006756933344108651,-0.27112145290755385,-0.22155909003852914,0.5521369964043656,-0.14578054416832908,0.3479093433051368,0.30358681821227773,-0.43690076296716573,0.613733096489866,1.0,0.2674059713768421,-0.022133489213900015,-0.5292569439645409,0.4703338414588709,0.5088696177625835,0.5003586068660607,0.2579528526946262,-0.3947545455341701,-0.07780775948741314,0.06491408498412143,-0.0021797724068777224,-0.4592450031224615,0.3920065372508693,0.2432939740561848,-0.07609078168827788,0.07502792017623094,0.1447167517790886,0.07568745852140712,0.25105916650834303,-0.2952199009173331,-0.3880171121877052,-0.3100727028902448,-0.26296283873735504,0.4176937315557272,-0.02132320108876984,-0.3604472108712955,0.34647652874075874,-0.1296538002026899,0.13584728377543942,-0.0945011064783352,0.1979200089016956,0.12825051545600297
PedNYC24_scenario21,0.7307471379809469,-0.29912177073956814,0.29435656161516843,-0.009880462137664248,-0.016361285078781318,-0.17063703537561903,-0.27776626192103926,0.42214279190424153,0.3245376576244614,0.08106462125117742,-0.321692781095386,0.08428701103487879,0.03491143107009698,-0.08456925940569926,-0.28943503832406425,0.03420876936916861,-0.31521818137715885,0.6961610668765877,0.6997125480221064,0.043211968243044074,-0.12863799530202957,-0.3322984174820609,-0.13792742778738187,-0.28385093499506264,-0.17191568517940437,0.3840556832828892,0.27434499958194225,-0.4566920636684555,-0.18786554385573817,0.0779287617009109,0.5357540182516981,-0.036979897402904305,0.15933104792594632,0.8009478972956287,-0.018796136450536904,0.1387353914544861,0.2593213566012983,-0.05916247959130305,-0.08623796595546995,0.03296606621530984,-0.3539454962655082,-0.24970107891059756,0.17596088597573667,-0.5039031815889361,-0.06257964838284469,0.05052806132641385,-0.15656699675678687,-0.5323471744654171,-0.6680294208722932,-0.33607435446108447,-0.03153249696532079,-0.11672511521587148,-0.06907578155996541,0.31074564431417095,-0.27391530725849833,-0.5637968002736871,0.20223021900620508,-0.025729045015799423,0.19715124856687294,-0.09476591721210781,0.4590926931466992,0.5959479235324019,0.6936827523247829,0.3583342307005668,-0.2572926326541398,-0.20762021891185856,-0.016890101173414163,-0.05339004230033706,-0.12094734205247204,0.602326079799173,-0.2013865429003261,0.3554269790993341,0.060675333184078695,0.012664445231262644,0.0027445225961589825,0.12472925629425158,-0.5530323486477238,-0.1574086870539133,-0.3067228506514492,0.23361756493063945,-0.1433122895443686,0.005377762763256078,0.007618074727086754,0.10693460735404137,-0.18248092841818409,-0.21263192651842977,-0.3293188725374463,-0.2576405273557443,-0.29562434522914627,-0.30919638557130247,-0.11249560925390556,0.19699787227400378,-0.3133856915260693,0.40444535244332236,-0.16224526515684112,-0.4815990439947333,-0.12701956834408645,0.05536688056217831,-0.049849466970324885,-0.11192856032564014,0.03450415095033321,0.3368799678789207,0.0243828923552718,0.12880511401062633,-0.09657584686541276,0.5500977393458694,-0.024637214286617137,0.15248389424888498,0.2088473810100797,-0.2580156778692808,-0.25332689191808067,-0.07626624149010564,-0.04482061318929653,0.022908080161885502,-0.3892422224197212,-0.7824678628927388,0.1978578274395053,0.3203025427047401,0.7554011283700146,0.8417994835041824,-0.5072500038923504,-0.17585736676159347,0.2674059713768421,1.0,-0.25566487794075776,-0.7400918524992304,-0.02275146213935164,0.16631837989838172,0.32835583751286035,0.21406757045092417,-0.4989647820879406,-0.19372284820405383,-0.1755038886517326,0.3247020440809609,-0.10460855197634578,0.21298703944367237,0.12158991286682763,0.49260594626109744,0.46997579414823987,0.055705282197123895,0.08381443430711655,0.0744017330804958,-0.1764380611523213,-0.15804846615448254,-0.09456747684044231,0.2043894442721481,0.5122475980172575,0.13883559684643498,0.2797593858882571,-0.31804974670816666,-0.21194564268806282,0.12838247551535176,-0.016600326942341148,0.11159184705811087,0.11325557635027206
PedNYC25_scenario3,-0.3392090316020462,0.2011721888343001,-0.20867007174269436,0.3278950652838436,0.3274682104632338,0.11308513319745495,0.1424908464450808,-0.15835883158025177,0.03670317758109731,0.08510681517874652,-0.20202475911703077,-0.20035705450898367,0.12588868229044037,-0.437937755050976,-0.028485666077632477,-0.5534030862217616,0.09951580916464331,0.1020888738283603,-0.08105314010262621,-0.29523550551542455,-0.4353836753336817,-0.2780043459058712,-0.6142807291844972,0.033054897653901794,-0.2349983316219646,-0.5143134818533248,-0.46911135536891724,0.11491382914029502,-0.2030045289551019,-0.08736067321015373,-0.4914613728889301,-0.02145082179018032,0.14132804989472614,-0.5912898515239138,-0.13163306824707854,0.008776300911509272,-0.4478849118893651,-0.26417917687991577,-0.46909586487429134,-0.38375880248948957,-0.6099390433246243,-0.31002238723406705,0.21119102766027908,0.32847651022925883,-0.24305870405902685,-0.5381190760165655,0.02396634195292069,0.17787510817872265,0.10531549230115589,-0.3684686073371619,-0.27044037615423133,-0.3746343853348715,-0.40680044109105307,-0.3164174596787164,0.21475781160024576,-0.26376298023537603,-0.33498463308894366,-0.277414684389127,-0.5118623631672088,-0.547931759120686,-0.2153181462769751,-0.5406280827654397,-0.0500061381256367,-0.44575718544471044,-0.23473853747509765,-0.20752178170351354,0.05162699490313771,-0.3139267064064373,0.43484210168225523,-0.6119997286898191,-0.6646279036618341,-0.17935455944808432,0.04581416525848725,0.09522504845060575,0.16514533698020717,-0.24877435463705178,0.5612930602658505,0.250388945372477,-0.22108160174025238,0.16845240985885568,-0.15650068167084918,0.5404286021216621,0.012490773413176282,-0.11698108203604263,0.49418827595005554,0.31780004883634927,0.199948445999114,0.3472047448746596,0.3005157580813109,-0.030057180791844162,0.7773114935663678,-0.3893524975887739,-0.34220371803970107,-0.09367562193147605,-0.23298168232681182,-0.360588669391827,-0.24578381981998043,-0.40720732150771344,-0.2626562474223051,0.15558890841518336,-0.1976360198114273,0.0557038552053869,-0.2691179113530322,0.0048166841133995275,0.130809141203589,-0.29231811848071443,0.20227731269456084,0.1468743087684795,0.6982610747058148,-0.04431912487108658,0.1972046264257734,0.05285858566240276,0.20556312180889313,0.17009325547986498,-0.010506430098406572,-0.04170430752502208,0.197393601435091,0.5921544992212415,0.22477340170484827,-0.3113292063283548,-0.18483970242873693,0.252225498128799,-0.022133489213900015,-0.25566487794075776,1.0,0.2933359032045353,0.4722392544948103,0.48305968816566547,0.6336781417656617,0.06316642783748982,0.06609258657182948,0.006624611267329161,0.4236874639888487,0.008571174652874158,0.29059074719876876,0.13782149545910571,-0.03126788853487206,-0.4248114036428756,-0.288452561714613,0.056223727441303994,-0.16407108003017723,-0.01920791340267547,-0.18770106192101443,-0.43952162332908107,-0.17478225515165002,-0.2518897879023081,-0.1906113045967497,0.7070513008077691,0.2060367578667095,0.6734676845754458,0.3183730344099587,0.7109711818995856,0.6214655383087095,0.5385394012830833,0.6055290269840885
PedNYC25_scenario7,-0.4541019475655541,0.39641882191386957,0.15151963876163832,-0.06928646665139837,-0.19118655531378548,-0.12912916829318966,0.285531855664362,-0.35963555409271897,-0.29856714750895885,-0.19480047299598402,0.2972384708638556,-0.17369592177888737,-0.10985994862636672,0.28721491737047145,0.6353263835331378,0.12498495189616476,0.46181724819616,-0.6156958256796423,-0.5702198444750342,-0.304317152240555,0.4306022748421525,0.0006708109132076423,0.04603422260296197,-0.14738648578630742,-0.27370280194722163,-0.32202282678518257,-0.13751057471509087,0.18315723874583067,0.16342193574623742,-0.2394505247641947,-0.4156586858579463,-0.2827802262815067,-0.35133496853148927,-0.6528769398035008,-0.3378793695375659,-0.373720925622115,-0.3096742765259046,0.503470745770655,-0.03244362855677663,0.31188345418569163,0.12008612683572806,0.21259933883759952,-0.23216753979741922,0.30777259546791735,0.06215941638019118,0.27949765009705985,0.17112446969123263,0.5651791155400208,0.495022171908033,0.5568724942719162,0.3539592296254035,-0.010390144681987623,0.5053375045867775,-0.2727129660280281,0.14410262989452505,0.3768388509767946,-0.23824177294576798,-0.12041363029973806,-0.40717211296751077,0.12235221038908639,-0.43899690419174364,-0.5407144589185076,-0.613367500638683,-0.4623250533497212,0.6269843357952218,0.5559414490228552,-0.10076205782677894,0.07417310001539335,0.024999657308325207,-0.5554372696314742,0.34635264549273614,-0.26901523745839784,-0.377008280854614,-0.2033964995847124,-0.15314545854060957,-0.22736598910309502,0.5176834417678161,0.11531229624142236,0.13271257115814894,-0.2306188016510362,0.052937737155369535,-0.01760161077832323,-0.31270015368934123,-0.1718928344765711,0.3039100321209076,-0.17656753544380144,0.06205329286765304,0.4275659759783961,0.27871008102547656,0.209994731292641,0.22410068133787897,-0.01779189805864223,0.4643443177150426,-0.41715807531240867,0.06892999162075886,0.4361900635479725,0.10995019534053196,-0.3083945704553752,0.020606573856508326,0.11819137337939556,0.09470335618521264,-0.13867251197112718,-0.04941576548496429,-0.27518870506152915,0.06648644235114443,-0.11654923371750492,0.30226694507132723,-0.21059566703767785,0.03000955423775753,0.5229563517545796,0.0003543325388075669,-0.14237401873016053,-0.22932975818493784,-0.006411226436357387,0.17104438082759,0.651943186796705,-0.4362718611248695,0.06334171616470408,-0.4899455308174485,-0.6853405944503514,0.6779227620307984,-0.15959454127310102,-0.5292569439645409,-0.7400918524992304,0.2933359032045353,1.0,0.12948965113147237,-0.09293431135844599,-0.22813738777423764,-0.39533100082141237,0.3661069295787762,0.2364226080801175,0.25926889615117,-0.032390647737782885,0.20245856808606633,-0.3012344788205312,-0.23375676583419702,-0.22010970189169887,-0.11469089647350317,-0.0486834608491038,-0.05899085721960651,-0.2317804781934416,0.05966519956461913,0.11722040237873932,0.14709979805392825,-0.23019328608032552,-0.6745186492299602,0.13291646846658656,0.2257341138450628,0.12698978868559152,0.24102697801187412,0.012573683162141025,0.20603802505494218,0.06283502058332968,0.06743877500718676
PedNYC25_scenario15,-0.3060309692649328,0.0033574642385088005,-0.09993322138279881,0.32469013215741327,0.46280036195023944,0.47058418460643503,-0.47405310965949243,-0.060121892894130724,0.45236358955658007,-0.22587476174787247,0.1747586006866244,-0.415173468361858,-0.5215222501291796,-0.5246782618150703,0.10584552661631785,-0.16201536422897567,0.33959394419096933,-0.06192870767594738,-0.16210209147076382,-0.6092571955411863,-0.09732464826131682,0.08174749105753887,0.16771753446158488,0.4043647973090856,-0.2451207332796772,-0.3211719073985293,-0.014749381958697905,0.5025921190529831,0.2833849823336696,0.14616429377666273,-0.48539713492848,-0.026833911779768016,0.21602612732346482,-0.4564312044071823,0.08022980385688638,0.4407821131832058,-0.46490917896678785,0.2934635764011826,-0.39998042692782954,-0.17014478978718595,-0.41436556986983564,-0.44438745872576924,0.19039314427795695,-0.20264060747240586,-0.707288445797875,-0.22793148251793216,-0.38882747832896536,-0.17099277602316287,-0.060609811383375956,-0.19736524658775667,-0.3811630467681326,-0.43151903925177626,-0.17194486154840294,-0.5468983872489832,0.44686457949101943,-0.25771730616844835,0.31302701868945726,-0.47905877807790187,-0.3182377837604684,-0.18037141997415507,0.10319959304624826,-0.2494312386591897,0.04767158156834661,-0.39231733977871297,-0.2207240255809395,-0.16696657706644324,-0.5137839504032335,0.3312562456599044,0.3325655932104894,-0.3358589164400525,-0.3189140577967371,0.09215045833335067,0.24014774960724894,0.11952221457072365,-0.08180113152212831,-0.11643585198159379,0.3767895441017316,0.5877619915354958,-0.49744859509946027,0.670376119491945,0.4004164452834166,0.700926280309653,0.07520613553488165,0.2594493497101654,0.19350414360984092,0.16786639220150756,-0.5361862203580188,-0.41870950412219443,-0.14079157926773478,-0.5470595135207938,0.4116577897553376,-0.5838909765014613,-0.48843609175155533,0.15457780233235785,-0.13533723680332965,-0.13312706342090563,0.2752814897255975,-0.5838495087701294,0.3296149254226024,-0.1654082915033055,-0.17562390314923393,0.16774622911119474,0.29578182665674446,0.34033314222684896,0.09446667837299838,-0.06197774654936694,0.34940492304266546,0.3509969909011369,0.7615351063572494,-0.002207318723282947,0.1895176661341016,0.5619284729707685,0.5169002890425626,0.1763828052687071,-0.3930611745527295,-0.017935648467126475,0.23591370056605798,0.04471928431385841,0.23338771573636097,0.12111986252784968,-0.059848010273358954,0.47974334786651585,0.4703338414588709,-0.02275146213935164,0.4722392544948103,0.12948965113147237,1.0,0.6382191403976085,0.7546671972124968,-0.0946719678377379,-0.27367630480708116,-0.10085003713761953,0.6373998470526864,-0.08969679786990303,-0.06911755248917384,0.2907021004478343,0.24613117990477107,-0.2034228907108595,-0.20360467526654524,0.37074675936396706,0.14599436855971415,0.25197472231986207,-0.4401723806246953,-0.6336641052141836,-0.47672445718025935,-0.5581743385706612,-0.010709012682541541,0.26342068816968456,0.025422052753354407,0.6508734994535259,-0.05103288053584798,0.6197275814531987,0.07129331710693809,0.29158722183293306,0.30588672931841454
PedNYC25_scenario16,0.11399031060486375,-0.34028094482046267,0.01922219105381917,-0.008823491186607635,0.25700313577656164,0.23801985561406214,-0.22471544915118358,0.15916992013492037,0.6189321914877525,-0.19570059402268725,0.15032317893568636,-0.0675157670849198,-0.2021704232570829,-0.5824149855232506,-0.02319762610245557,-0.3875396618782112,0.26377403641636676,0.17056909454333546,-0.06994415009203725,-0.5084466759410557,-0.22791740195536003,-0.470338506777616,0.056945227711604485,0.0007109765627290043,-0.26475534491189445,-0.04310074049604773,0.03746978911866394,0.09707330382954382,0.009258143341203562,0.06893919469806409,-0.12101299921669972,0.20574622864150993,0.1298449881790691,-0.2736333384744227,0.18480249443509322,0.09451153536301704,-0.4357147022563326,-0.18029597223524285,-0.4739853329910857,-0.5406294581965758,-0.8007411529763901,-0.6913524063041669,0.03895488316154527,-0.3711952991333112,-0.6877521726450104,-0.2542675942383559,-0.4288852902630611,-0.08791125548993128,-0.15303346997759326,-0.47317922770360443,-0.3629104302189887,-0.4147550258327841,-0.16738093346619598,-0.37132876304965867,0.364996147968882,-0.4275952580047968,0.34932291469606835,-0.34626618101217144,-0.38901548637795536,-0.46952709829271555,-0.06279061695744925,-0.11220571910559474,0.34005524972506884,-0.21446063192031195,-0.3755663459147236,-0.25272815976327934,-0.4016905204280239,0.36044593393546465,0.4293423356017667,-0.30161645720500063,-0.7104184660182198,0.39431954938002733,-0.0014737399481214997,0.20116811846109817,-0.08058049349119001,-0.11874275667243239,0.36901505693315584,0.2405910728301105,-0.3388008903657602,0.4771775774154645,0.3371699244725608,0.4503563008185676,0.1822044266237094,0.18403761619940429,0.16296582935718484,-0.061474433017243646,-0.28719845665333343,-0.07736499366839311,-0.02569570791854847,-0.3030806948370808,0.4408740207683095,-0.3885806951921156,-0.4219562916547035,0.33460118629002933,-0.05608540301286968,-0.29935767456308104,0.29001787028015336,-0.3950653128166488,0.5741981901412945,0.11959452917286129,-0.2091036318988091,0.1151593418920075,0.1287499581693652,0.18927684434561032,0.07993376432351107,-0.21655711934051203,-0.039527944998560605,0.33746000060260517,0.697883140059581,0.020159780366411972,0.25614357472072413,0.5071815012906221,0.1915786011112759,0.2580446338339165,-0.24133216323823414,-0.20769511167878507,-0.005411856449004437,0.41593849100738867,0.4520913135855178,0.14675550100379087,-0.19788507460176796,0.09686746630171539,0.5088696177625835,0.16631837989838172,0.48305968816566547,-0.09293431135844599,0.6382191403976085,1.0,0.7755412296033853,-0.06363458526427124,-0.1741491129988686,0.11801866939290939,0.5200947283399118,0.3266319066496707,0.21110497315391608,-0.03169721709005313,0.12303643288966504,-0.153102267195119,0.010872824945953541,-0.026278305452193118,-0.06808528818644555,-0.017737080490011214,-0.3634978173502108,-0.7623811726433942,-0.4063490145435138,-0.5512612282741252,-0.11342887319647499,0.48188012700894445,0.046432983569964614,0.20843207268378483,0.10455233941053088,0.5352637241010969,0.18796335438128187,0.25878089700435414,0.2810333339897293
PedNYC25_scenario21,0.03769536905348814,-0.14129934414011536,-0.07105984926623066,0.31284824090157004,0.4625074235227473,0.2903232156218638,-0.23067355720363603,0.06055880766168642,0.374223940535825,-0.09505504578320578,-0.10769257207609684,-0.25712060994572417,-0.2272400404533481,-0.7079265515591884,-0.055653213635578735,-0.3986204600658718,0.18212213171735891,0.4037621599754724,0.2022215120324018,-0.4213184969005377,-0.35275932200584004,-0.25145922275353083,-0.17095041965393887,0.14682412971791137,-0.3083481906950254,-0.28478238026930436,-0.05321346724731746,0.2151776663326228,-0.006382484911768627,0.11253138637231164,-0.32653316783594155,0.07785674518283714,0.3022263534707852,-0.1397449721925319,0.10717007977115756,0.25252038283938627,-0.3550599367202092,-0.13975172016045234,-0.4496197048083388,-0.47067580380717855,-0.7677394910155773,-0.45773525109260893,0.32995154525478765,-0.1562440654092101,-0.6441839094636399,-0.40933559948594644,-0.2812108136004188,-0.21942538501564046,-0.3024160888675309,-0.6157620756358755,-0.40057567218350076,-0.5543255310065012,-0.3914233306408432,-0.43443141480607084,0.19680945467395017,-0.5493275123288619,0.1753609945514425,-0.4179696363053096,-0.3548383555214909,-0.47360249481129935,0.20897235613759435,-0.1087063304821172,0.3892541496314543,-0.27426982733749683,-0.4487158836862384,-0.4086941733516485,-0.2107952218416298,0.03029565865231265,0.3633644115518544,-0.2589978933139503,-0.7115033044860382,0.20278858965841162,0.20495391490916515,0.22476219712172174,0.027353660906369925,-0.27511778006711674,0.19699142262951264,0.22400935974976488,-0.5786315293157074,0.5375662076497371,0.0804723549145987,0.5882856919504144,0.1581140499243502,0.19709305336862126,0.09352324778720955,0.17424167333390195,-0.38948407021282705,-0.2320259540560392,-0.16641747029568443,-0.47859656654822413,0.45405002913388115,-0.5748713987182894,-0.6414278783900387,0.354757735133605,-0.164187096736087,-0.424553233503536,0.10724536666051365,-0.3261639522149564,0.1701277393884726,0.10493410560819161,-0.2321917006174441,0.2145886186288365,0.07267017178547386,0.18402664187780016,0.1366220068808397,0.060773080991544326,0.288760936134834,0.4592761270829345,0.7661856567346413,-0.114367191241042,0.12756621159124637,0.4395232589208453,0.4342655806421376,0.1439895981618763,-0.3882027222399389,-0.35901628254008267,0.3701763165379557,0.4125281678010213,0.6062070144385575,0.26606484163152977,-0.4464821079202186,0.3218420774815818,0.5003586068660607,0.32835583751286035,0.6336781417656617,-0.22813738777423764,0.7546671972124968,0.7755412296033853,1.0,0.19584108230832242,-0.3679800052968867,-0.15268054206437376,0.4502486168701151,0.23585211902963876,-0.010481952306216069,0.35788363100911647,0.17780238928128023,-0.125346538427189,-0.0077320850417399445,0.18084372068405763,-0.01900556461420999,0.16410609513505547,-0.4254313878476106,-0.6981713565138139,-0.3750509263063735,-0.3471569982304943,0.19673037740137245,0.5521453333820637,0.23073477799797304,0.5188668682913176,0.13420920824867388,0.669704959236296,0.2663445573892316,0.43201289590928615,0.4502288869018327
PedNYC26_scenario3,-0.05329644066951067,-0.28323976252770855,-0.45019516345877886,0.01723801871556263,0.02133080139059451,-0.4203153525116421,0.46929540373957757,0.22120606056290715,-0.4095295650314834,0.7291245726407136,-0.6645031961367138,0.2277142501837931,0.6011646214531967,0.07193736446770549,-0.09488510786685822,-0.5761952648613087,0.20835506819164584,0.7249398983295502,0.24166600579059694,0.6256994742689737,-0.6020192444424488,-0.2118965686829839,-0.38276022473323423,-0.1695201064582843,0.33257145289325896,-0.11573762429886902,-0.6011304717726338,-0.31841036432575054,-0.6521292293219267,-0.5391188105632652,-0.11267253672359945,-0.0331631651503379,-0.05080642744259478,0.15857229257847805,-0.1065794408589813,-0.22576307825903252,0.21727510925621396,-0.5682459255065875,0.6008189299124338,-0.2781983440827924,-0.05172277344709619,0.2611933569089261,-0.1536916648442035,0.3506735794231771,0.44151996409888183,-0.2937663856314745,0.4796765421196738,0.32956496699493976,0.1371462463336619,-0.2745282208584663,0.1634717767594538,0.13975157105878988,-0.2824515823992475,0.1833300734923078,-0.18853123053495802,0.05118840289012194,-0.5869800853960871,0.17676928051356944,-0.21777501389917275,-0.658738668619864,-0.175921450700935,-0.1318626631288633,0.34343813053746697,0.049903768058437215,-0.06049516760030893,-0.3190481004183945,0.7843218437879366,-0.6434813775873853,-0.47229162002283576,-0.1770561773964725,-0.36043668954776353,-0.6226674106738956,-0.15225813237126262,0.47931991004923,0.624256474362061,-0.4403949658583073,0.10311166631852531,-0.5050586276409503,0.3356289444786822,-0.22760511682893037,-0.24277365236386905,-0.2668862947112156,-0.10816621565146267,-0.5397401405964639,-0.4068310642132589,0.05676504561185758,0.3362835406014637,0.23582250603474053,0.03837139672836498,0.4235091433377638,-0.14169041877825017,-0.07590084317906798,-0.05867067266896098,-0.2705112541071366,0.532580342519671,0.2333414034190453,0.020710234442203324,0.7133615178642801,-0.21168883874007904,0.6651272242941871,-0.6521213955707066,-0.5698079202879831,-0.6684319752760182,-0.4434841736454911,0.671089692273861,0.02059391773378061,-0.2065897179040237,-0.3227888690664802,-0.1301035949274827,-0.2844699571693967,0.40713942089126665,-0.2914350173913296,-0.12071509374226075,-0.5589727030002742,0.4933041413497935,0.05170064358654092,0.07848309770798323,-0.04601926014047031,-0.010010103218401012,-0.1436929040336139,-0.3892855630558174,0.42296763974872387,0.2579528526946262,0.21406757045092417,0.06316642783748982,-0.39533100082141237,-0.0946719678377379,-0.06363458526427124,0.19584108230832242,1.0,0.3738162963621664,0.29427754667910233,0.11904139117090651,0.5018218180861697,0.22813359277989842,-0.1675927589189039,-0.5814173511219143,-0.5459800279034006,-0.18216139020672695,-0.5668426325840794,-0.7081019048232475,-0.49319544706231655,0.530518253424335,0.459693249551147,0.6456861522443502,0.6451005890846572,0.44514098858019446,-0.13767483261081304,0.1299178666736216,0.07738044016151513,0.6256530248747221,0.1621149672854305,0.03901065037594276,0.12110349138478593,0.1098974649950939
PedNYC26_scenario7,-0.31717618757676336,-0.38977826577944175,-0.5517386216069249,-0.5710063662080125,-0.6000090823510544,-0.4700254027965185,0.6554003196001713,0.292259842462226,-0.5107390062012116,0.36060074658702834,-0.34735073807305117,0.6004907307533525,0.49535442307150945,0.633562661058307,0.20009197648558175,-0.289023824758027,0.2583568488502529,-0.08568367813780009,-0.33912331874297474,0.4904148343781123,-0.29865732018827806,-0.2877890304721453,-0.2519886696023592,-0.25487171534110065,0.5707746064982288,0.22016016371759217,-0.730477683434922,-0.22912075003986798,-0.6489482622513343,-0.6639109044093339,0.037855273143026946,-0.2621135943241235,-0.4592215793052097,-0.40718809043864623,-0.45490502603835914,-0.6209207119903082,0.3440710888087427,-0.24367610136394213,0.6530070013991354,-0.07035255100551074,0.27301557432557744,0.025090585265303722,-0.7314910254737108,0.21591346916139031,0.58287899511974,-0.018941128188163514,0.2816967639386738,0.6971740991885802,0.8024984196570604,0.44033292895700393,0.41671185042821324,0.619578330260873,0.08267638553569767,0.311969703135315,0.31474749523891765,0.7340632298602657,-0.6437885055902712,0.5187758249959566,-0.14309711650411083,-0.5027351996285689,-0.8293832295424068,-0.6760373419972032,-0.3200771213892837,0.15276040291966442,0.500913250152166,0.3059184631744709,0.45860657758459256,-0.5103897039713878,-0.35088230551796484,-0.4892213541679342,0.017533824562754208,-0.6254390786631325,-0.6352815600326773,-0.1505303318285851,0.060429508559858514,-0.040852852052572164,0.6531742406500302,-0.30989810793107053,0.760892701992014,-0.2970637291920364,-0.1766279918384699,-0.5646147259462,-0.4144548723335473,-0.846265143011055,-0.05591927968113919,-0.325328530140804,0.6858215358855975,0.6813825573068258,0.4332881591973563,0.8282065724241604,0.08428728874226787,0.35948416565857266,0.6553583099344937,-0.7811805018843638,0.7445426276030298,0.6852694903882693,-0.010220060641308759,0.3727763563403508,0.07389366865012625,0.6417394666117655,-0.5778698681123298,-0.8433128810983921,-0.7342066790564359,-0.4722961365423224,0.7341498009136646,-0.5200859345822391,-0.5920902869024203,-0.563702929070258,-0.21710564102672647,0.2512927030867219,0.7215814502244386,-0.5030275989165736,-0.4180277140087729,-0.40852489418632154,0.8836359473010048,0.6238433126924073,-0.6600497258943967,-0.21098795277608806,-0.6882635739961083,-0.7495531666011104,0.37857975599652494,0.023611500322578416,-0.3947545455341701,-0.4989647820879406,0.06609258657182948,0.3661069295787762,-0.27367630480708116,-0.1741491129988686,-0.3679800052968867,0.3738162963621664,1.0,0.6933891358709058,0.3750648171548717,0.26363423387560336,0.728226605437376,-0.7596665176045827,-0.7596093388493461,-0.7636465358692057,-0.5788195439314254,-0.778744309809317,-0.7973222340674657,-0.7728459943144457,0.7970828671348935,0.5776939545000005,0.6533072401031041,0.4335846402194835,-0.21685144756275365,-0.17790438664809338,-0.07630944708140941,-0.15225347900126707,0.5340181709662234,0.050896713804600036,0.12334421521602212,-0.027683694038818762,-0.0025452114067010534
PedNYC26_scenario12,-0.08255788738228675,-0.4744918785098178,-0.2578419074667755,-0.5093052776030855,-0.5871844658570171,-0.5114129970138825,0.24413721698870117,0.6027484312695998,-0.006871238090299547,0.286604469481483,-0.3727550186814206,0.23720349336346258,0.32442340213563914,0.43447038073981603,0.28407902882616864,-0.42700483931983246,0.35598761497873355,0.07238705775418275,-0.41471006402233757,-0.011527742533592678,-0.17915185300790704,-0.5092702073503577,-0.1384460626120474,-0.2972985152433949,0.24562904687737475,0.21943363090346557,-0.557565221764547,-0.41631561699404673,-0.6495679150502587,-0.733787356275367,-0.08931343128751923,-0.06831701424111114,-0.1948396414399325,-0.2198683258999048,-0.31786192162500937,-0.43977942026493233,-0.003880247538143866,-0.12809617835820308,0.49634665162957825,-0.13588415203746007,-0.01800855536563062,-0.0992511344087963,-0.7397696830576246,0.08439201591579171,0.28640501688027165,0.337949395141947,0.2982394410679725,0.6531817099612587,0.5661649797566751,0.11343593761373039,0.3310290640019291,0.1524833941881235,0.2988858215023589,0.04655297857775753,0.07521013292340495,0.3708459296994675,-0.5065922845521882,-0.011953680159819235,-0.5373316613290839,-0.5823218643115502,-0.6954269409447895,-0.5263883242495675,-0.2194017075010768,-0.2382160795048882,0.3497630283204227,0.09654328210840069,0.23213373274026672,-0.29958688713853276,-0.4651978078687349,-0.37651098307551467,-0.012496884212017001,-0.43517919519323467,-0.6482200784471923,-0.07196520775446835,0.1583426297766939,-0.26724687492894117,0.6831076771946677,-0.21236472451810262,0.7723036785745612,-0.08652948152940843,0.16201531880972975,-0.50075976273139,-0.2300373969500762,-0.7532335872635811,-0.04113662053099154,-0.36501927424662406,0.3650027873434558,0.5119007879256214,0.4627491158198199,0.6685915661163113,0.17367391651984532,0.16912106925459658,0.46155100704444196,-0.661242442160791,0.6369932347190609,0.5589236131304423,0.2787754079898338,0.16273732420172793,0.2299157718207837,0.5591162351653204,-0.4478687618339152,-0.7056312001155352,-0.6705351058488547,-0.3042180972347124,0.6843537144067805,-0.2301806438194669,-0.45942766277800917,-0.6418280461197092,0.008398150487031852,0.033840524658900195,0.49378365365714183,-0.487152478019782,-0.4122522661964272,-0.5337630843768295,0.7554855822070176,0.5475796288905169,-0.6141829041331897,-0.019686624404713804,-0.27293302419815,-0.48218844600674005,0.4935805224684887,0.09141455918037333,-0.07780775948741314,-0.19372284820405383,0.006624611267329161,0.2364226080801175,-0.10085003713761953,0.11801866939290939,-0.15268054206437376,0.29427754667910233,0.6933891358709058,1.0,0.5629401166995169,0.5111816938844786,0.5445529486092456,-0.6760798938463883,-0.7026686389142331,-0.6574161387682673,-0.18771450024917535,-0.756367146256411,-0.7397110445748658,-0.7789808976974566,0.7745401149552675,0.44115452332669114,0.6557773279154347,0.38434525612979253,-0.014334570682636327,-0.2105711248478268,0.24067686740440375,-0.1909030053698748,0.593193540259859,0.2701476892658996,0.05360355985345555,0.03714819297905769,0.0012748601232115409
PedNYC26_scenario15,-0.14773228322273413,-0.43147563008055023,-0.3858624500289012,-0.1801276400152716,-0.10914701297692919,0.02061010891312487,-0.052718279364421194,0.495644005333429,0.2408369009477126,0.10522344969686004,-0.06723121673579624,0.13658671479696172,-0.1076149914407778,0.01798682684516928,0.18527372363499428,-0.23090256559623157,0.2597877520311467,0.029376093851826712,-0.28783738583539087,-0.3779372658366362,-0.29214300584383346,-0.2927994881965763,-0.07999931016707795,0.08694744520392106,0.20896223755308152,0.1041603218063345,-0.5189444711955413,0.11523551722770331,-0.33503269560607296,-0.33259086786598946,-0.3556066099167241,-0.3308730703035594,-0.2500787304352605,-0.5550670601521865,-0.43214256866276335,0.020506232390173018,-0.06860353241833117,0.07841460422761237,-0.02329258379820831,-0.3112068055639121,-0.30367453926239274,-0.5449413459703125,-0.515109859090169,-0.05324822845637778,-0.21085202816548443,-0.009252020331621535,-0.055942287099043586,0.3957111495178387,0.486994344821452,-0.07622493872860447,-0.12170278988819905,0.005967394619369015,-0.012252274045285283,-0.11684577296118959,0.48348929927062934,0.26817672097618295,-0.1552091454844866,-0.2063319149911793,-0.46669417774501043,-0.6011384836037292,-0.5411749541488775,-0.543002531602077,-0.11671285494646177,-0.25964447599226914,0.12377240570543768,-0.09850703917916559,-0.19706086760920516,-0.049514534600372695,0.0879998259656729,-0.4179286067742871,-0.25555552420306293,-0.1601058740677106,-0.32669211803877696,-0.223090094115713,-0.09368719796529867,-0.013207589709467227,0.830791868061125,0.4097698525906355,0.236574726214135,0.42752195547763616,0.17159112407124344,0.236969124683729,-0.3836039913984661,-0.3910565684716456,0.3806770207275576,-0.02083709274389145,0.035900377318008436,0.16423054609708143,0.4725139746644951,0.1988245072581153,0.6275617767666308,-0.12393522735096552,0.01613905430825513,-0.2966025947934052,0.3847541719269786,0.23045013628339994,0.09602597176624683,-0.33725134593214756,0.36460556039581415,0.30131844227301485,-0.3712317225767252,-0.3949218176024354,-0.26832507791435267,0.19591816863624378,0.5481117359828482,-0.32451408930319015,-0.2299900112983273,-0.09656722635180581,0.6241886627831067,0.055284120963365546,0.6690162963895291,-0.030404825794384305,0.061989720771230994,-0.09178172722778077,0.3432960243982055,0.33060556256974993,-0.36267137247916037,0.05229169260862665,-0.024800282408923735,-0.19587857385557927,0.307490645414198,0.3258757155211902,0.06491408498412143,-0.1755038886517326,0.4236874639888487,0.25926889615117,0.6373998470526864,0.5200947283399118,0.4502486168701151,0.11904139117090651,0.3750648171548717,0.5629401166995169,1.0,0.23160710309327648,0.5595519191300753,-0.3489501542793123,-0.23621657240396976,-0.6323126824731524,-0.45560560838943154,-0.18980920355860076,-0.3806564542039974,-0.30995358503480697,0.2565334464037532,-0.19646627386547766,0.07542727030347307,-0.0955323434863089,-0.10356277044140816,-0.002771688376155046,0.20528991662031637,0.354077053600387,0.42310592737294583,0.7631044405966431,0.008000726236054745,0.06272412947769923,0.11154774654138822
PedNYC26_scenario16,0.43943785524704193,-0.44187806861481205,0.23794505112238995,-0.4134391810454203,-0.29923404554427924,-0.7249320702412585,0.5058766223777422,0.2858686603834799,-0.12933474793518873,0.34653664089205094,-0.2730394903603264,0.28053684984329896,0.31215405545245245,0.17729911442479984,0.4810591738127865,-0.35036228590989094,0.48330716979644117,0.5233659695178424,0.21063417366030945,0.1519883282491592,0.01125825178953388,-0.7884505324433706,-0.14673918057202284,-0.7525390370158587,-0.21989795291304115,0.16338347740591408,-0.14859299862249986,-0.6172663622943317,-0.5222010392678835,-0.6829255544238648,0.06547892833855362,-0.015062123653214687,-0.2731219223935466,0.1563304642065182,-0.2005139211915412,-0.6811509209564064,0.04427777436622771,-0.14754047659668212,0.32453166330451055,-0.0428342724764883,-0.5070300943683483,0.03654662788541729,-0.4640034307894694,-0.002846395764759535,0.1961330867749772,0.3061703451681438,0.2825419405655718,0.5217756829355593,0.006344931194810388,-0.07662416093653057,0.5471825072728829,0.02525906194576666,0.4144409739115318,0.1306959623961832,-0.28279679051048534,-0.10036935426386218,-0.30784616042744317,-0.09079414566648758,-0.5362485980356015,-0.5423842005937258,-0.37961325302929705,0.0015665413464770461,0.2651670992275382,-0.0889093094205824,0.34005034570425696,0.18558421854354235,0.3525263860835959,-0.21274672593005017,-0.5017372948738719,-0.13248240518488008,-0.2140957242469257,-0.08949896514999067,-0.7018453071161896,0.18071536273063882,0.20744336798893015,-0.4919498681951555,0.17297200561423287,-0.6668179092546662,0.2087139173649164,-0.33735129013941134,-0.07348562112200607,-0.4273549908530445,-0.18397799886736288,-0.44924149872611396,-0.2739813215098359,-0.5222276250416162,-0.012456298661040144,0.4573990662858005,0.06756205569123752,0.3926667024400162,-0.08114245418944743,0.15948307674252304,0.3056126174333551,-0.13142599209140893,0.4966736099253415,0.290066589660807,0.3430705839433368,0.3592979900262985,0.23241976749600757,0.7704182833903332,-0.3114604248205377,-0.45515012058316917,-0.47030964233377404,-0.6290140154882264,0.5347390037337247,0.33202714358948815,-0.08568337401636894,-0.2545350133097437,0.01587408518777378,0.2969255128951871,0.19887822040968262,-0.3128670810847325,-0.6266321458585411,-0.5144702741067868,0.2990979705722301,0.12299819853831029,-0.5047156329956717,0.36597913662964277,0.19954221160917207,-0.07464011330909948,0.07204962142972648,-0.2714386038853409,-0.0021797724068777224,0.3247020440809609,0.008571174652874158,-0.032390647737782885,-0.08969679786990303,0.3266319066496707,0.23585211902963876,0.5018218180861697,0.26363423387560336,0.5111816938844786,0.23160710309327648,1.0,0.42337882382034264,-0.5413331217605961,-0.6663319715279956,-0.2102036419891693,0.38199421899657793,-0.7117235503532204,-0.6547457350283437,-0.7348610136119755,0.3245868319479739,0.2122170714644045,0.6120029280565414,0.2820698642765802,-0.08164092933195444,0.08488693448713758,0.6417742445651592,-0.469607398504144,0.698645227711026,0.10322360910582562,-0.0015022688416377328,-0.007209060039492066,-0.027818750656701363
PedNYC26_scenario21,0.15794413067303048,-0.5520407754423655,-0.33032176754117537,-0.592524960712481,-0.4999861746202239,-0.4845962915062305,0.5681458933653485,0.4858897302222678,-0.1450029576622336,0.4090162811249384,-0.245673193783432,0.7499110810062593,0.4156743697934011,0.47358243101878605,0.07149060747520175,-0.23652629726290497,-0.03446095926821058,0.14271201833536806,0.08063253533932946,0.2876713326251634,-0.3751111202748194,-0.6525792141609115,-0.46181995407182486,-0.49874739081574804,0.39679171028951576,0.46489815051580896,-0.6381528993729471,-0.45572846950634927,-0.7176615837547362,-0.5489126650709704,0.2570908073328262,-0.3918828424766714,-0.5751760328606266,-0.3245715782807308,-0.6266931420397854,-0.5496716919137701,0.39554959437487924,-0.2658973081985223,0.17706833732388227,-0.12924036723037347,-0.24540906801845375,-0.44839814462535266,-0.7494186371784717,-0.011521222991826452,0.409407001685544,-0.11272787486788216,0.05501219102403798,0.5471644503695439,0.5497711401363364,0.2101192312945831,0.25508777733908006,0.6006248776826664,0.019636895378291497,0.5553609757223829,0.3578502854194201,0.43935143382830666,-0.4771252133614281,0.39932143537787346,-0.16877046709223764,-0.6500353790094353,-0.8121326285245933,-0.43198270582381326,-0.011338104961390982,0.2956921337172571,0.33249839137435533,0.23827230132700072,0.22408388897947884,-0.41271627946255807,-0.07684580868911017,-0.20997404037970724,-0.24523146455444822,-0.19989461173939072,-0.6781581264946344,-0.3660345670346139,-0.04319663051569611,0.2624044337927047,0.6381229877418416,-0.11602668065604127,0.4933431122663501,-0.14786432784506554,-0.34948530202021866,-0.22189931805403762,-0.5512925481619315,-0.7217512008517182,0.35876485579325246,-0.34034749247931106,0.5554823651418446,0.7458259068709858,0.5820857371975995,0.6743089389131287,0.4440493739074949,0.5342559046249108,0.4611516623397006,-0.44773881958173245,0.536686346408708,0.22600806006131036,-0.28332016172515995,0.040773970428155004,0.11509793807569424,0.5690364711397414,-0.42993444560873506,-0.5843756410659009,-0.6256350865549662,-0.22216703829152906,0.5290748947948255,-0.4104612977320521,-0.6208921619731873,-0.24702821670017094,0.24925997663036692,0.31016763501939193,0.72433501206924,-0.47309024130223554,-0.54473327269679,-0.0871292919892852,0.6030999503088244,0.17387975165189506,-0.7227918497763364,0.2710866696608969,-0.19752099913554866,-0.3105901808716005,0.17295654088664203,-0.2636628475206515,-0.4592450031224615,-0.10460855197634578,0.29059074719876876,0.20245856808606633,-0.06911755248917384,0.21110497315391608,-0.010481952306216069,0.22813359277989842,0.728226605437376,0.5445529486092456,0.5595519191300753,0.42337882382034264,1.0,-0.7559078224711804,-0.546250047986883,-0.5244275627662205,-0.4127082520465146,-0.604671938185251,-0.6278081558073372,-0.6578048746393947,0.5237053899753935,0.1717185092717558,0.39616005787471675,0.25509955301899523,-0.2966657146917644,0.09229377148780282,0.2263393199718886,-0.21829202555095883,0.5063125086955877,0.39580031936268245,0.1411807604637193,-0.07938702446910062,0.02642068000901665
PedNYC27_scenario21,-0.13623246569333602,0.5040654469142385,0.032545288116366256,0.7440554352030998,0.6245701044731097,0.6850189578815196,-0.5319425387211485,-0.32805971156400604,0.18964895091195233,-0.29399559070172354,0.12259673775275814,-0.6464838216674114,-0.4007155363235957,-0.6765441435012567,-0.4131329687627956,0.08627739582866945,-0.31213920508523696,-0.02887333684863247,0.2435115657700172,-0.29393925077091976,-0.06094884800051559,0.5992115955219119,0.05854582169223954,0.5992578809129079,-0.273817162558204,-0.4637344982264193,0.3527005786934203,0.5184805457542024,0.5649867534133537,0.7037165531785435,-0.22540143174548422,0.16057445509219326,0.572831831389948,0.23216123241846187,0.42010914625262097,0.6756935321082956,-0.3036957317627269,0.07262304350284765,-0.49847314215660976,-0.13847712241033694,-0.013589600261996182,0.1636135327851469,0.8853494664954583,0.04322299164274501,-0.48738859875205764,-0.34614144175115236,-0.2030949642196953,-0.6799622219115213,-0.5649430761142187,-0.4748235481529903,-0.5836422694710941,-0.5918618260216828,-0.45965429450514206,-0.43105963333187614,-0.16638589874764453,-0.5477605355084418,0.4003562143726973,-0.32290085434623705,0.21790626378943245,0.3636155688592577,0.879884919160497,0.25638897463533283,0.11876086016255993,-0.16332417056163195,-0.6196863542113529,-0.4780275677472856,-0.20668404934133955,0.15061996424908852,0.43006924944474356,0.2545504093582809,-0.065705951566436,0.22777966037557462,0.8504463112760843,0.1699112934007746,0.0595763998852783,-0.023191399827367398,-0.499488067025907,0.35257723066207725,-0.6982160939632753,0.356670955891513,-0.08380430575418285,0.5630488356265211,0.4020863507499939,0.6787285722556686,-0.03434258176788019,0.5546845037203707,-0.4083357833531043,-0.6347058901861811,-0.4382321763091319,-0.761612368041158,-0.06177292272951895,-0.5521248736402584,-0.7136430932985598,0.5646554762679691,-0.5900245434995912,-0.5664766368675576,-0.15772410538162962,-0.21472550771838783,-0.2838044289666337,-0.5260204865968814,0.24484878796032805,0.7051732421104463,0.5124938913149099,0.4898358544637138,-0.5664154854320413,0.2502692954890223,0.6323353190833536,0.5716795729568538,0.1243075110077938,-0.34638656325678063,-0.5860604825188123,0.5234990008960912,0.7660805291787479,0.4068585218785471,-0.6739744117386091,-0.5023972601880093,0.9065993368756025,-0.019456236444073127,0.42882245149984133,0.3936353235344986,-0.5524831957868042,0.27110285888701335,0.3920065372508693,0.21298703944367237,0.13782149545910571,-0.3012344788205312,0.2907021004478343,-0.03169721709005313,0.35788363100911647,-0.1675927589189039,-0.7596665176045827,-0.6760798938463883,-0.3489501542793123,-0.5413331217605961,-0.7559078224711804,1.0,0.7286567280348233,0.4502102847874996,0.12786190819611187,0.7618904812672446,0.6688140582256011,0.8311504620945521,-0.5507197255863154,-0.3908402788157983,-0.5679549709362206,-0.16318730780719815,0.4776674054897404,0.1874069073877579,-0.1333522751761822,0.5554204801152645,-0.46122286105861865,-0.02194164068429072,0.04273728058138293,0.22219742157403688,0.16821443119306845
PedNYC28_scenario3,0.10573511311205086,0.3312534544210295,0.12304666937509234,0.5081957421331548,0.5314780185978011,0.8415432231323992,-0.6235380439504592,-0.21051225750927327,0.4897465202215654,-0.4554071742205381,0.5925521667801389,-0.3541608137871466,-0.5185614895349868,-0.5870785328873183,-0.49384800421506725,0.47720679124393206,-0.5497836960662075,-0.270060405771942,0.12528316365148628,-0.437224454092473,0.1089782209383523,0.5810825085715131,0.3404511571124448,0.6073842626130513,-0.10699713145270096,-0.07313971742286185,0.5529083771381242,0.5794728561009935,0.726372046705079,0.9620837243102252,0.016057666720160957,0.053403361001519434,0.22650143321543192,0.14623033329629198,0.31886728102038797,0.76711673830218,-0.14273115340181475,0.12909326927499643,-0.7298686196526769,-0.20494246567538466,0.02108484547328504,-0.1946293231059404,0.6425472814168618,-0.193816570633502,-0.5823494186178311,-0.23894543468348184,-0.43381044353104814,-0.684161467172588,-0.4159661437750395,-0.3773892380744679,-0.7556913140976622,-0.35812735270091656,-0.3453954077369179,-0.21344909905890952,0.08614477605341997,-0.3162915242628239,0.739348444476538,-0.1967044544964094,0.44880403374310607,0.5429509931388349,0.711937223766087,0.4554936518898691,0.15763456375104423,0.07590685618865234,-0.6086003494247598,-0.4377904419164602,-0.5518629308413896,0.5740585958076592,0.7510819860693914,0.4602201203901105,0.017787341791853373,0.6573858834881616,0.8089466226437861,-0.1101613040785212,-0.2476386933125616,0.4470681373138239,-0.43386778725173736,0.6599727366595762,-0.5980393844275733,0.41944082338668087,0.031958936138404725,0.6586646410551081,0.2255127034827763,0.8590179917106626,0.314272456859209,0.531260781161385,-0.38397074621123406,-0.6344240147241755,-0.19309136632897794,-0.7189293277689213,0.05974693089356453,-0.3011380828600547,-0.6265080987764207,0.7903846702836385,-0.627692365245399,-0.6269859899277443,-0.27111001916482014,-0.40290547449843706,0.07357939569653027,-0.7191463374057934,0.5201641622496161,0.8030817058317405,0.8127997500562034,0.8290650071533536,-0.8314330023084058,-0.02341668630150462,0.29705377751762096,0.7172969266793126,0.1447675891680017,-0.25310922506902056,-0.4408916210094209,0.6331219986226908,0.6453029050615567,0.795246631334533,-0.6987384197987994,-0.512453785146296,0.6082879956868373,-0.04513486912828957,0.3627793678622242,0.546722973209349,-0.34583394438372306,-3.0367552588339564e-05,0.2432939740561848,0.12158991286682763,-0.03126788853487206,-0.23375676583419702,0.24613117990477107,0.12303643288966504,0.17780238928128023,-0.5814173511219143,-0.7596093388493461,-0.7026686389142331,-0.23621657240396976,-0.6663319715279956,-0.546250047986883,0.7286567280348233,1.0,0.6281212993861431,0.06870690182777706,0.9056292549875088,0.9330693018852986,0.9679586401735754,-0.6705328326893172,-0.6342183434973232,-0.8390286464781793,-0.46629525120044435,0.15590653882887473,0.029567601660346443,-0.3266551098462249,0.30667384269286935,-0.6577333416699365,-0.08083999446083867,-0.2116552509230334,-0.17253661586707225,-0.1595500944023387
PedNYC28_scenario7,0.5552042481176971,0.31355701460064855,0.6749827243188926,0.1772565782295169,0.1249634463477689,0.20566501339852583,-0.3571046892974401,-0.2180767994876811,0.23031805068561395,-0.4291793198920293,0.4252493742378287,-0.19840980024539823,-0.3538450952476728,-0.12204070968313352,-0.11643148559883776,0.6510675519848652,-0.4015866564099173,-0.07674213049297807,0.4173642644517709,-0.20142687514226765,0.5302522819238026,0.2006001138049257,0.3047268240036275,-0.07876461518800237,-0.437268456103844,0.17432278659393885,0.8281881185143768,0.00012068489894534462,0.5818048259704881,0.6202648625138757,0.44401168738620167,-0.010710755308733555,0.06294922879238896,0.6284601195077263,0.16952529641557723,0.23022287181896617,0.07182476150542172,0.3861354641789385,-0.44031779231371604,0.3356320772575432,0.01995856842585242,0.09258873047482374,0.4793557457093146,-0.37566550364872,-0.2120238305120683,0.2547648400589253,-0.26637855230307506,-0.6213186578909595,-0.6829203064413312,0.00571959513089737,-0.07422373961613427,-0.18754087322663304,0.2207317502895898,0.09872140151294295,-0.3366327080244176,-0.4260247971145157,0.6104426595063778,-0.0666257962049639,0.4623443036278809,0.7166581011856562,0.7089712872292945,0.7636146980943465,0.2618167782000067,0.25968379517991713,-0.10638341034454846,0.09481351728441001,-0.3673582153675157,0.47021746054891,0.23796729315352572,0.706203205945038,0.3357683340757417,0.6850998301360725,0.3287123238196583,-0.17359847485676583,-0.3179488585119761,0.3038503175356182,-0.8273936754807583,0.06306871875401054,-0.5632941762480841,0.005925581167021909,-0.10456850376069271,0.13003534329196265,0.09829862516624954,0.6838725174589004,5.877542075782838e-05,-0.06714200269709591,-0.4950132471397892,-0.4010690349229382,-0.40088543905490304,-0.5713336877415223,-0.32912559662046315,0.16642121518088748,-0.1733667437694819,0.6823073062971996,-0.5710347207220048,-0.48122246287189596,-0.1615398733143174,-0.1838921200354977,-0.04048625086177826,-0.5691037606724705,0.6664880762388489,0.7883977953988024,0.6668076518884912,0.29303817201296756,-0.7976988342984093,0.5523572417972075,0.3790474202950307,0.43883209969938,-0.16150687008618037,0.06369519109880473,-0.7746194492828691,0.2137615720525734,0.0446438067837861,0.4804592199644182,-0.7411822984052701,-0.6006509940680433,0.2566831016031287,0.15249043268748985,0.45136805035109173,0.6849539951632886,-0.1950570814692849,-0.5406822947946435,-0.07609078168827788,0.49260594626109744,-0.4248114036428756,-0.22010970189169887,-0.2034228907108595,-0.153102267195119,-0.125346538427189,-0.5459800279034006,-0.7636465358692057,-0.6574161387682673,-0.6323126824731524,-0.2102036419891693,-0.5244275627662205,0.4502102847874996,0.6281212993861431,1.0,0.640150061283397,0.5877048568218739,0.7718680916541983,0.5875486875462703,-0.5943209285488269,-0.27304776741534664,-0.4724852007453888,-0.2209655405109443,0.03574289413007137,0.07144239772358008,0.07761226031832313,-0.366133205436987,-0.6279788975783367,-0.4463043725556979,-0.17708069966499584,-0.18278215986248414,-0.19733129418601103
PedNYC28_scenario12,0.5947567516405841,0.2671507048496895,0.9150681074334527,0.15055004473712752,0.16773079698335136,-0.3310223928353617,-0.13206080022027678,-0.2412782034482921,0.13403232932232778,-0.07556455038872567,0.18690163465740606,-0.3507362375123466,-0.13521962127334097,-0.07808757606323313,0.3215820341428559,0.17744319640536976,0.12902185673618538,0.19037674081163503,0.33629648251507516,-0.24396979135144958,0.6111548021769584,-0.2588901032010509,0.14397879386309276,-0.5101992956192984,-0.7699808168261604,-0.08036477716816548,0.6582544345285267,-0.40323476121765744,0.28739628048559895,-0.028006675373598577,0.07133236694544853,0.26300732938926275,0.12493422160941559,0.45126194867743485,0.2792818541037936,-0.1370575471625064,-0.2953948593746569,0.30547435648702115,-0.2365498239774455,0.38494918680069334,-0.33713148001406834,0.2831982619368989,0.20731436951754134,-0.06662796227312295,-0.060424602904866065,0.587971856098068,0.19443623673699517,-0.1112757965836797,-0.7309943730146666,-0.11283131948077285,0.3773484967881975,-0.38353290453871836,0.5927108068847428,-0.02275160709498425,-0.7708839564073426,-0.6238780419695926,0.2630457727289064,-0.5284099518943224,-0.25070042305624085,0.3531495250412664,0.3503825180338862,0.6873520734468452,0.09932948163688526,-0.25087288019354625,0.13409506721647435,0.21479790751783678,-0.08562244460124124,0.3361534785428113,-0.267928536692966,0.40269180837978036,0.2222675719335857,0.40096413893621574,-0.12033445238162921,0.17524840363476557,0.06440403273507123,-0.28314467825178946,-0.5913041785060336,-0.3714507190569243,-0.2897283101393544,-0.3652181902828362,0.13323034319701388,-0.06283157494056968,0.23354691643853132,0.40369456606733845,-0.12467989092932852,-0.16405267679036695,-0.42585261604556024,-0.10658953901601986,-0.20629949576858686,-0.21006781740944858,-0.2823395670712583,0.12121779774612684,0.04175424045371734,0.4013540298920528,-0.4256832168933089,-0.25901400005613273,0.2611403521124298,-0.07456464872230573,-0.09349900102808606,-0.15178390094660998,0.6001013470937001,0.41587273778368483,0.3207848852251869,-0.2164921540715501,-0.4172893078934441,0.8351274380925671,0.48860003560165266,-0.023231113368089584,-0.14563663816624928,0.10111619827787544,-0.7567178037292042,-0.03823502478606411,-0.38069577722024617,-0.15202831714020948,-0.4059707609468355,-0.24168068722267533,0.027392320375247303,0.4025524452272875,0.5475196081759417,0.4447288876790063,0.06827602381407294,-0.44731774918554,0.07502792017623094,0.46997579414823987,-0.288452561714613,-0.11469089647350317,-0.20360467526654524,0.010872824945953541,-0.0077320850417399445,-0.18216139020672695,-0.5788195439314254,-0.18771450024917535,-0.45560560838943154,0.38199421899657793,-0.4127082520465146,0.12786190819611187,0.06870690182777706,0.640150061283397,1.0,0.12190310717203967,0.2712044535782463,0.05071600217569039,-0.3993945123082816,-0.03245403416418413,0.04011951427146221,-0.11344538736808052,-0.17021071251570885,0.047142204922412834,0.5169085529761275,-0.4508121073055926,-0.030141864878254543,-0.301730997053991,-0.17031766849952712,-0.12912751577358916,-0.1840402193915427
PedNYC28_scenario15,-0.020836371655134966,0.5601317986158464,0.23647899041741804,0.6681038573979352,0.6251186612934204,0.7356136525611989,-0.6402444353625985,-0.37703229663424076,0.3470112606835085,-0.38488360669326216,0.5218681239202241,-0.5307128379201522,-0.5474764587383483,-0.48569095239436955,-0.3018551817794508,0.5072940745819688,-0.4151249271524211,-0.27952637908643396,0.10467144272634743,-0.4946316935896151,0.23432724831151863,0.6460286826769054,0.24710492369471537,0.5673722040278105,-0.2723778232767402,-0.2698476352913648,0.5020528700052859,0.5842824176877367,0.7615698633817374,0.8230720248907235,-0.19259744439891469,-0.05113349336765127,0.2215357117953699,0.0244012634265095,0.21114078209561582,0.7819584099912822,-0.23991174454179576,0.36934043846594355,-0.7089501857751088,0.06348878380985212,0.060867738280943495,-0.05760592158064104,0.6681134540360226,-0.04705755018578217,-0.49049687792872576,-0.1316667263063016,-0.2667281461527613,-0.6069041532512909,-0.4423078248621637,-0.2194935757860117,-0.5791714352543704,-0.4030521056713776,-0.20437910841428297,-0.24905804632135053,-0.021832788296588967,-0.3361812718300783,0.5905183655547722,-0.35663207980016765,0.3070767863902676,0.6056710570516473,0.6767994921302263,0.41022316043814055,0.0005650043031955043,-0.1176752023374612,-0.40051921667673396,-0.2773967349982094,-0.5209910700883724,0.49584434563096824,0.612780345913486,0.3633387350539041,0.1567165426728382,0.4622845691886489,0.7531321220516439,-0.09917934899303704,-0.18941203562772801,0.3288011078086517,-0.4068426323320795,0.7057708379997092,-0.635618260394496,0.36281669987805976,0.06738411779049136,0.7525089280758228,0.14045123494549283,0.8197150318665881,0.3964404528679861,0.5806584036250456,-0.44482657835116135,-0.6286372627965942,-0.15128081211002664,-0.726422017947209,0.14132799272735297,-0.30638641553681256,-0.5696293657821012,0.6312670180777799,-0.7441364236381116,-0.5859918363177323,-0.2772055128570985,-0.5347516268427259,-0.1578793053882479,-0.8019803139288157,0.612143018879055,0.8175468452657348,0.7889260171357262,0.7304091770088794,-0.7848107606476253,0.17127563426280412,0.523928874086182,0.5680151928438144,0.23110478633230958,-0.23198654801315555,-0.5303483103543023,0.5024009676756284,0.6034135111560157,0.6442900963815301,-0.7259481669607786,-0.4019413725393579,0.629279228293721,-0.009197395801121111,0.34325455175221475,0.506536311502333,-0.19882723457641394,0.1112413290725085,0.1447167517790886,0.055705282197123895,0.056223727441303994,-0.0486834608491038,0.37074675936396706,-0.026278305452193118,0.18084372068405763,-0.5668426325840794,-0.778744309809317,-0.756367146256411,-0.18980920355860076,-0.7117235503532204,-0.604671938185251,0.7618904812672446,0.9056292549875088,0.5877048568218739,0.12190310717203967,1.0,0.9313001912259923,0.9418053473541852,-0.7361679292329764,-0.5431000416097622,-0.770757718522822,-0.4824010860392627,0.03643495702533173,0.04410804186674122,-0.17610797215710505,0.45526105825548047,-0.6158584344210154,0.02610617783175495,-0.1518626240525356,-0.08331788209686009,-0.0593939115389146
PedNYC28_scenario16,0.12798750796549485,0.5028975127886948,0.38794926803980445,0.4878605800450344,0.47358766522032525,0.679217158623754,-0.6019035090204015,-0.3720469080433815,0.3990976710117724,-0.4855995226379324,0.6644944020182575,-0.44328459347697313,-0.5672623151246703,-0.4147688656323092,-0.27057690275425106,0.6250683791977844,-0.4575459231672492,-0.3852683310649323,0.10780396193082897,-0.45342092194231287,0.4043507324701374,0.5949734838623804,0.4024284277921869,0.4501981952327151,-0.29295569090907403,-0.10454709897916992,0.7010120025319588,0.48212944235097055,0.83087565968347,0.8766000995671543,0.020078873217107884,0.0477687306391672,0.18391682568533319,0.17469568531090907,0.2996255952898096,0.6614338920035319,-0.18019559856488976,0.373835528086937,-0.6861080432807485,0.12811018579665467,0.11936098383305171,-0.010418904180011124,0.6111452965513551,-0.1551090850791561,-0.4705945596421939,0.007532080676694308,-0.34704509804247685,-0.6224595086505782,-0.4663479152728749,-0.13352052430418238,-0.5064903593550047,-0.32465991326025234,-0.06166321244096107,-0.18355584161146532,-0.07374180710835554,-0.30526934993514265,0.714369961568563,-0.2591992766606921,0.4176676064581921,0.7651968942461932,0.6990296489225429,0.5477704725870974,0.022034469293754744,0.0064558074353482375,-0.3660240662562002,-0.1711618725643631,-0.5769911326313668,0.6358539819998709,0.5759103525934729,0.5136317037640054,0.28137995735803134,0.6377246362206782,0.6912106793625682,-0.14681892763944626,-0.2698682780893056,0.4028473618921373,-0.5426665740225496,0.5720272722506993,-0.59751953092537,0.24222580043427522,0.08142411533780203,0.5639646662548825,0.20772359533245421,0.8812567143870897,0.29642493108018475,0.4103286810517063,-0.4753682396314407,-0.6048170380687026,-0.2334866148705217,-0.7066224169215165,-0.06515408924507882,-0.17987150534698348,-0.44022827858263835,0.7096849173229113,-0.7075140214225804,-0.5353921568156812,-0.2030984428966296,-0.447885674059578,-0.02251081135847266,-0.8012607418650224,0.7030960711739741,0.8398849550590619,0.8759125708068678,0.6789156646800932,-0.9176493595629707,0.1879490324368307,0.44860326323737465,0.6000807584875963,0.024934212979788484,-0.11139456251590873,-0.6336933269089329,0.5144278406233824,0.4518780824518245,0.6943631633996418,-0.7591833977309734,-0.4144305107396411,0.5014214564890651,-0.04203407920575186,0.28881348609569923,0.52978885193393,-0.1451765417229045,-0.1455039128114728,0.07568745852140712,0.08381443430711655,-0.16407108003017723,-0.05899085721960651,0.14599436855971415,-0.06808528818644555,-0.01900556461420999,-0.7081019048232475,-0.7973222340674657,-0.7397110445748658,-0.3806564542039974,-0.6547457350283437,-0.6278081558073372,0.6688140582256011,0.9330693018852986,0.7718680916541983,0.2712044535782463,0.9313001912259923,1.0,0.9242451862812229,-0.7172359324798592,-0.4963236190573519,-0.7582982145119099,-0.49030330460063,-0.012987034963293675,-0.023710602983464613,-0.20131375408833607,0.15862159562832978,-0.6989528098712268,-0.24158041615993353,-0.2498353215095852,-0.2287699619146859,-0.22418139513368263
PedNYC28_scenario21,-0.01929876917989204,0.4377907972984356,0.08983494053949304,0.6091254662910718,0.6122127459608024,0.8432873327685528,-0.6099205863733865,-0.33386230593608146,0.36133797543758095,-0.4120693070828163,0.5210334478184002,-0.44761865401126455,-0.5322920023387496,-0.6011143203790739,-0.45822422993549994,0.4458963261068085,-0.5071827985509354,-0.27397671415034575,0.14588965473997728,-0.3628144606937498,0.11472775371724364,0.7082511748448855,0.30866760175879526,0.6780465834395614,-0.11475198481918114,-0.20622204122959076,0.5279962082176739,0.6388812260398684,0.756819660959358,0.9321148956513622,-0.0973963885136988,0.10030699293476797,0.3278644641952213,0.12692040753798595,0.3789987650334439,0.7973035910599683,-0.1596095366939918,0.15150214307632626,-0.655035384984018,-0.11566649489382597,0.10798875267860619,-0.03807178557721258,0.7240048909747443,-0.07083693429829152,-0.5338169881553736,-0.2677927653478076,-0.3636079999394466,-0.6880489448471792,-0.43042948289051175,-0.34786175221607696,-0.710390578974399,-0.3689265766777483,-0.38811162247735087,-0.26487286088909245,0.019761146308113098,-0.31357219484177534,0.6613078938361701,-0.2218066105851595,0.4524169859811902,0.5961260878714788,0.7619389130357914,0.4270834607010241,0.07710870689868554,0.02169057569120869,-0.5955295261573448,-0.42483877046566176,-0.4741042769304513,0.4799817398900059,0.653545410843546,0.42605167244168884,0.07655896197633205,0.5282921002951242,0.8711569299429256,-0.04829909372297081,-0.176511074289047,0.3621228893587223,-0.4842295655285571,0.6109692818180696,-0.6348491722134937,0.3734363571148347,0.018994895881943474,0.657494420986835,0.2964648324906187,0.8567066274271502,0.22891607126341684,0.6107555030246093,-0.3995616493819496,-0.6961302897360646,-0.27051729072460673,-0.7440063022494052,-0.011686709039418597,-0.37302627655316534,-0.6380258094962681,0.7200520803220316,-0.6492891663452314,-0.5838581423129336,-0.2502166728625119,-0.3526244035916626,-0.07102390766747546,-0.7317577519846195,0.5084351074167643,0.7716793239660085,0.7976144322503602,0.7548677389237756,-0.7963513966293503,0.04318183037427181,0.41269491929920354,0.6958559288078809,0.08371609774007593,-0.2723801063603739,-0.482914614720547,0.6215299813354429,0.7026116331683254,0.6791556687660177,-0.7071552359490618,-0.45724739958772886,0.7219161367051374,-0.13321825481792549,0.2979168530096077,0.4952466643407587,-0.36737319438701066,0.10974020655773897,0.25105916650834303,0.0744017330804958,-0.01920791340267547,-0.2317804781934416,0.25197472231986207,-0.017737080490011214,0.16410609513505547,-0.49319544706231655,-0.7728459943144457,-0.7789808976974566,-0.30995358503480697,-0.7348610136119755,-0.6578048746393947,0.8311504620945521,0.9679586401735754,0.5875486875462703,0.05071600217569039,0.9418053473541852,0.9242451862812229,1.0,-0.6714547353387443,-0.5420471114894785,-0.7902909057068253,-0.4154668997653679,0.20920564940239061,-0.0053242572581557734,-0.33012971930877244,0.4066635524724027,-0.6505705051973156,-0.11994304705830339,-0.21248738247995025,-0.13545030220603138,-0.13396515245464702
PedNYC29_scenario3,-0.10610934838523911,-0.42108481698407974,-0.5320561778746136,-0.4845021055509049,-0.6510295967825028,-0.5063997834419518,0.5072788001433374,0.571440396396239,-0.40225700541636233,0.5075255320030583,-0.4989544282363627,0.47380609106679916,0.5291314673599179,0.6111352345626854,0.035213249129539714,-0.27033126957120657,0.027329677486303106,0.14118200205100417,-0.14783692624832767,0.505501716698667,-0.3598546561302962,-0.2062421499560596,-0.2581607236029231,-0.20480067079284758,0.6225436435010875,0.31032432896049134,-0.691820511311009,-0.39343097230224133,-0.7376925258682847,-0.6202239250148343,0.10834921500216321,-0.25873467001661266,-0.32159609080048335,0.02485128020675209,-0.4434562088655478,-0.4474121827886357,0.4443989544168583,-0.3079052620911791,0.7447480963647011,-0.08955219408394721,0.38163104755654154,0.21343860729334918,-0.6624489682330403,0.2809658138548804,0.6606216964429464,0.11107379847087817,0.42463970209536883,0.599271709436989,0.6738633858365479,0.198035550153553,0.31157728780050986,0.49482744224505504,0.047578214741099134,0.3643386660053931,0.019360299582874108,0.6327478295330872,-0.6817223729225084,0.4278722345877144,-0.11315443878441656,-0.46931426380101615,-0.5574345872575153,-0.45306178092528215,-0.14825080950198677,0.15003698010798172,0.31740382256691435,0.01266362043682967,0.5883164671359009,-0.6257556879218809,-0.5282460943484883,-0.1278863676884061,0.1587418482447347,-0.621900456959606,-0.48300729924745567,-0.14348349682663564,0.2649029757707052,-0.08282943228306827,0.42369913426458616,-0.3614081079386222,0.8490280111776328,-0.28697073865288303,-0.29088622428969835,-0.6750399819777582,-0.3805454376508739,-0.8495708268381863,-0.18113995970273455,-0.2364685567461029,0.6037153423672563,0.5431382601287124,0.39694593867688743,0.7905664755260454,-0.10205255982521311,0.33544465491910747,0.5096743737623335,-0.6731734678448382,0.7945889974781605,0.6187670338627778,-0.07235617153815843,0.581576832471129,-0.0608104580779385,0.6347003380299522,-0.5577731838736066,-0.7837830853498731,-0.7832456256521678,-0.32987571473903166,0.661704742039321,-0.2707217423134878,-0.5440192969305895,-0.5641305408447947,-0.37011443481222805,-0.016881042652819866,0.5183402085259325,-0.635726508008895,-0.3732939388490304,-0.49689289589713526,0.860416886834509,0.44622625819215656,-0.4691754222672446,-0.2716896068332404,-0.4848060305941704,-0.4914124816885701,0.22508685139454254,0.06147018896122558,-0.2952199009173331,-0.1764380611523213,-0.18770106192101443,0.05966519956461913,-0.4401723806246953,-0.3634978173502108,-0.4254313878476106,0.530518253424335,0.7970828671348935,0.7745401149552675,0.2565334464037532,0.3245868319479739,0.5237053899753935,-0.5507197255863154,-0.6705328326893172,-0.5943209285488269,-0.3993945123082816,-0.7361679292329764,-0.7172359324798592,-0.6714547353387443,1.0,0.7847526564833933,0.8192445178240375,0.8021568342065676,0.2603954755421508,-0.4239770884261016,0.10800450573004972,-0.23580633116372152,0.5593107783612877,-0.013776710823046656,-0.056774661880443444,-0.12883676894534934,-0.15396115225163487
PedNYC29_scenario7,-0.07754255441241731,-0.007921670066728614,-0.1524871604075817,-0.25877744637276767,-0.46796871426961073,-0.6280385886440221,0.5187429946552504,0.13088061660309058,-0.6672673448186655,0.5372316539465596,-0.38965004594403485,0.2575724594049873,0.48012529769759404,0.7359507999246401,0.19421709669322718,-0.03112716078589961,0.08164397878421326,0.062433110378962264,0.0027107192589257423,0.6384331926935257,0.0241972926566274,0.027142853166645997,-0.16514224209291384,-0.3229129784820419,0.3387315547207981,0.11172320718275519,-0.38587757235838294,-0.4294612674504761,-0.44156799665856394,-0.5915540260129861,0.0828187134742907,-0.19623213779258353,-0.2911811720928714,0.1716648093186952,-0.28938302567510066,-0.46883297345142116,0.38924947218209094,-0.03167059154813101,0.7839504812275252,0.3705932314533771,0.5889414040871555,0.6553697912929809,-0.4493900967276976,0.42962556132328733,0.8553761657314904,0.3374033437023938,0.6332713889262841,0.5182630052145948,0.3628127158941076,0.431171391203085,0.6103224871979945,0.49935064357959313,0.3240119111055144,0.43010220992608095,-0.39028597361317274,0.4995777155234803,-0.635753392517743,0.32431445330054953,-0.02187424154926565,-0.03351502194567857,-0.3273766548540169,-0.11674697860786143,-0.2972756858737078,0.10269216258707614,0.5283889861085498,0.28216683519512864,0.6748040913442304,-0.5351063724317822,-0.7524720034058181,0.0698764404817045,0.5285999339405597,-0.6644925477867889,-0.41663428614778275,-0.017162734021926696,0.3502748718045079,-0.16344187848969538,-0.017869325920610635,-0.5513164488762068,0.7009676405276565,-0.6328560393128844,-0.2963695999608884,-0.7174945818439937,-0.29233828821242813,-0.6167238905854404,-0.3156944165904736,-0.19331142059189688,0.47667669276019486,0.4225928143417328,0.20642734531315654,0.7023935074665759,-0.4299462702046606,0.4550226488699275,0.6390247216768821,-0.6082494668611147,0.5284206670946,0.6161184061613372,-0.03586762169540547,0.6402749927843937,-0.358486699998557,0.4168011839044836,-0.2125665935429788,-0.5904153142270407,-0.5676236349484358,-0.523998308137958,0.39742220365848235,0.1520726319264274,-0.18463464237557203,-0.6550709728349684,-0.6841411080698294,0.059736138183078324,0.07342804799747005,-0.6844103765749672,-0.5100905234881594,-0.61846568051128,0.6732328623828786,0.4513209761977315,-0.3460171210513199,-0.33247721210898806,-0.5081414986405792,-0.39967963936968265,0.2842796654896682,-0.058324190937343756,-0.3880171121877052,-0.15804846615448254,-0.43952162332908107,0.11722040237873932,-0.6336641052141836,-0.7623811726433942,-0.6981713565138139,0.459693249551147,0.5776939545000005,0.44115452332669114,-0.19646627386547766,0.2122170714644045,0.1717185092717558,-0.3908402788157983,-0.6342183434973232,-0.27304776741534664,-0.03245403416418413,-0.5431000416097622,-0.4963236190573519,-0.5420471114894785,0.7847526564833933,1.0,0.8720982350082765,0.8073736091968744,0.10842545024092665,-0.5517744251820362,0.165050140612097,-0.35561278952177133,0.4165800091887384,-0.39146166494066836,-0.19022304394222678,-0.2466589851002985,-0.292997345717658
PedNYC29_scenario12,0.030296141224616213,-0.17943493178053638,-0.11756653428282937,-0.32795184077457185,-0.45112792133084234,-0.8081690635127088,0.6830318297517626,0.2367143958250859,-0.6029660907642449,0.6559371123771256,-0.47535516183646886,0.30067019637670667,0.5816800255015475,0.609983940805096,0.363780033051991,-0.2979463987319835,0.3060399827302578,0.2970731657702852,0.015037378641382992,0.5355700141038612,-0.0832887844637149,-0.3482170556744444,-0.30053822863537216,-0.5469090892893012,0.20125924284972108,0.05754630279649575,-0.5273316161253283,-0.581602357238727,-0.6579239925891689,-0.8283874242470954,-0.06167093230856713,-0.17358643278875463,-0.356449779109798,0.05441358571797095,-0.36112734965811866,-0.6594986241963352,0.2536579361047938,-0.1751493607757495,0.7374996949852767,0.16455469912876786,0.18666060315600097,0.5130829690074625,-0.5847448511994524,0.48014155388020585,0.7675350072778107,0.3254556716976795,0.7103435107017292,0.759676000115227,0.396453165361101,0.22277345766445322,0.6674892508061967,0.35674284869708006,0.3655217281989206,0.34185373156718923,-0.4064177562900928,0.3819413400309639,-0.7560093534373746,0.15455827911356712,-0.3860258800957017,-0.4012728070675484,-0.5292715007169155,-0.22596989773766119,-0.17121291833430075,-0.08078298362820568,0.5358354950755909,0.2197245656172897,0.7501895259877421,-0.6013157289917159,-0.7711908722735328,-0.14337676918327347,0.22419974133812914,-0.6641908967619821,-0.6444771239176319,0.09541496411188555,0.4489134532332213,-0.41561924905918834,0.2296258218346643,-0.6750417902387322,0.7158447015612833,-0.6488155915980767,-0.2774817307423363,-0.6846871614787666,-0.33521867043802644,-0.7591482005384349,-0.2660589083900873,-0.27006937517353036,0.4733550732549223,0.6244740904225933,0.33129450008991757,0.8094185123818732,-0.22274669731847396,0.3492196074743892,0.6014329978509037,-0.6083409070455763,0.6556847487460172,0.615322523863711,0.08495880582953674,0.6414637641457995,-0.23246204358863065,0.7398022381797967,-0.3587144891113092,-0.738258547668998,-0.7517071725975573,-0.6834691881160273,0.6269539362235476,0.16593823201088387,-0.19428492794946983,-0.668552085551438,-0.44907250726608083,0.12340476664705957,0.2401413206467844,-0.7108906555717971,-0.6496636371745388,-0.7387449667178674,0.7671504182759044,0.494254662184036,-0.4820625930988296,-0.04919992570415799,-0.3327571648179184,-0.46500368524483826,0.2763849167410031,-0.05483950485558209,-0.3100727028902448,-0.09456747684044231,-0.17478225515165002,0.14709979805392825,-0.47672445718025935,-0.4063490145435138,-0.3750509263063735,0.6456861522443502,0.6533072401031041,0.6557773279154347,0.07542727030347307,0.6120029280565414,0.39616005787471675,-0.5679549709362206,-0.8390286464781793,-0.4724852007453888,0.04011951427146221,-0.770757718522822,-0.7582982145119099,-0.7902909057068253,0.8192445178240375,0.8720982350082765,1.0,0.7698240813570945,0.02387377290798154,-0.3627748965711093,0.4398234890781938,-0.34289976668811617,0.7685633935427056,-0.12281468748727464,-0.0868095928453605,-0.15219988394987016,-0.18732958951818768
PedNYC29_scenario15,0.1521853595290863,-0.16996100136931225,-0.3568663541461783,-0.14438949485928854,-0.4200674105989859,-0.49841055126137523,0.4810262592609742,0.45473033224256043,-0.5427358733701961,0.6208331086522045,-0.6012082771501821,0.3490879161795011,0.6041810824978845,0.5169599102877162,-0.18317625822647088,-0.15472410591514185,-0.22989952085787824,0.43507275430571046,0.30705338716355945,0.6379928024962105,-0.3917102834061077,-0.09168398403212108,-0.4302807745451105,-0.26961412336986434,0.4467856700194044,0.2059587959458955,-0.5373577253834407,-0.4756036168700173,-0.6497376398568973,-0.4209695664495037,0.2249458147447123,-0.3732814892651317,-0.2691187074146584,0.4215750481408338,-0.43810612782526337,-0.3222453252839186,0.5289089625077422,-0.31310051831846053,0.6120173588257242,-0.023607272869435647,0.34461536547804617,0.42744798021660557,-0.2786870548154583,0.3358136214971279,0.7624887615583703,0.027422607624389195,0.573374411976425,0.3070426165033914,0.21608559510497338,-0.0001397418964745878,0.28009601313637833,0.3607566021673194,-0.04705751841159356,0.5159342470943655,-0.35906121586787654,0.28920854577621125,-0.6397026459694013,0.39001071544120414,0.046293694417164355,-0.3405868797388165,-0.10863279256002056,-0.07541443229344691,0.0835538566886257,0.258303645161712,0.17835109024384854,-0.13163698922438982,0.7781559937520558,-0.7418190202273904,-0.4918893419752879,0.21569039563502412,0.17217625618120191,-0.560665972250775,-0.23584738342019218,-0.055916802600833204,0.40052505337673994,-0.08474380450931207,-0.06726151271384628,-0.4620834979807602,0.5689914243360309,-0.39286208649191856,-0.6155232949408909,-0.5526488750959302,-0.4105576408700682,-0.6278975955543205,-0.2200453935195732,-0.061892104810067794,0.5386832877427697,0.4269341831808062,0.24955280385285272,0.5975935906947982,-0.21804331377384445,0.38748647050046126,0.29653306290553216,-0.35582838591678034,0.5163466759635582,0.2692068598876677,-0.35268491642924893,0.6895332330476879,-0.4145220885509333,0.4971475060098609,-0.37649220283393503,-0.4243245304920298,-0.6866057340569718,-0.27211120625859264,0.3925072297794576,0.13164371288631127,-0.25679918091739107,-0.4233905669562734,-0.44459560469120474,-0.18426152182032896,0.11815054910844336,-0.6655321109240351,-0.28798463078927883,-0.3836018176245046,0.5994229017134689,0.01746406756901131,-0.11222755037446919,-0.09395351352922177,-0.11003858350397566,-0.1309265237595727,-0.1574996294891744,-0.01952897438429435,-0.26296283873735504,0.2043894442721481,-0.2518897879023081,-0.23019328608032552,-0.5581743385706612,-0.5512612282741252,-0.3471569982304943,0.6451005890846572,0.4335846402194835,0.38434525612979253,-0.0955323434863089,0.2820698642765802,0.25509955301899523,-0.16318730780719815,-0.46629525120044435,-0.2209655405109443,-0.11344538736808052,-0.4824010860392627,-0.49030330460063,-0.4154668997653679,0.8021568342065676,0.8073736091968744,0.7698240813570945,1.0,0.4946332076210711,-0.34658108384298236,0.25145295053383254,-0.21541539762127315,0.44977012652953685,-0.10852964168170676,-0.04832286608906511,-0.09274604445152157,-0.12149571899662104
PedNYC29_scenario21,0.011092384125349075,-0.21451607029016628,-0.4273587492686466,0.1508428351455604,-0.023059492769232914,0.22413568396233197,-0.2875881173631645,0.4537635586358748,0.15601782526680974,0.10921817942874457,-0.4863532622168485,-0.10492351433364089,0.07827259373719941,-0.23375911896386414,-0.5298619479744116,-0.20894644629688686,-0.3253511465666863,0.450334491738441,0.2562121606821296,0.18393037288156455,-0.5187624099677355,0.232495475816891,-0.08055514096634697,0.3964560210619892,0.34027253380338696,0.08583175775261209,-0.13903890534551056,0.02141673604742067,-0.22012730572744954,0.19321415119156515,0.1787656797129229,0.036958771702298776,0.42240163159114197,0.607761467283709,0.10192440447759232,0.40499573735120786,0.23279296682243333,-0.33213645679392734,0.23944766621919844,-0.30370095180295165,0.17583026648578992,0.058956448644663095,0.3082177154637029,-0.12401365535494002,-0.06782007428983872,-0.3180450744009995,-0.09812397976562437,-0.4427850718880444,-0.132700227232871,-0.43493614128153,-0.4250552305110793,-0.16971917612428378,-0.5537657695148064,-0.06510685048203335,0.006534699841798441,-0.15262272497935991,-0.04019324812986835,0.16730502272711223,0.2841242497646721,-0.16722202465460922,0.516161032523998,0.06133224473480514,0.4853505366923422,0.21833694277507643,-0.5471610059468872,-0.6232066763639046,0.2066014552883646,-0.33674841852547166,-0.07892597168317583,0.29381321645999314,-0.16983427889456082,-0.1318666241012525,0.4622191678325188,0.1515315136421057,0.2457802538560636,-0.03702890021723815,-0.2653578261647691,0.012194551635432815,-0.052524207531051914,0.4151268883590994,-0.16166669870548822,-0.06680733295470742,0.16278341898324566,-0.06835293091807815,-0.4146085077236714,0.13438524122017115,-0.1118058797563708,-0.38714410294001267,-0.3492414112619384,-0.26139646681468154,-0.24631827462367983,-0.2914168549628777,-0.4978575116234074,0.11110885909835966,0.16501767500888698,-0.15051099241276833,-0.10839007779339505,0.37155102379454497,-0.11573807203394715,-0.0027868163748134833,-0.41494725229859064,0.04768823750796802,-0.1709329152042205,0.2622120524064704,0.1208785217129329,0.04134931574032519,-0.08179142014525409,0.1538069242867276,-0.038357364506549585,-0.5413935817350182,-0.004108192360612328,0.04883252244830172,0.4870392611503118,-0.03406668586677841,-0.10089037802562606,-0.4360471072216163,0.5431731090044978,-0.24810292410128953,0.23800405945632208,0.34510942982062454,-0.6007866994942548,0.3971843263225667,0.4176937315557272,0.5122475980172575,-0.1906113045967497,-0.6745186492299602,-0.010709012682541541,-0.11342887319647499,0.19673037740137245,0.44514098858019446,-0.21685144756275365,-0.014334570682636327,-0.10356277044140816,-0.08164092933195444,-0.2966657146917644,0.4776674054897404,0.15590653882887473,0.03574289413007137,-0.17021071251570885,0.03643495702533173,-0.012987034963293675,0.20920564940239061,0.2603954755421508,0.10842545024092665,0.02387377290798154,0.4946332076210711,1.0,-0.11343193673637275,-0.12796852236668155,0.17105673929830445,-0.1491209838158245,0.06773565131629922,0.01932342512622398,0.22897559767502795,0.16092757223341692
PedNYC30_scenario3,-0.06914678853950273,0.18759297663924723,0.1464429991973224,0.1449104427584288,0.08285893517888876,0.024578934898840443,0.02616103736457509,-0.17943276539182262,0.12472822270575024,-0.28090973390926277,-0.2583788671114071,-0.17596095151018387,0.10119628975082806,-0.356799547452439,-0.030633741097996436,-0.3714802776765913,0.09170933512628432,0.18596480116066338,0.04873005274002562,-0.2701603752668582,-0.20549008340822672,-0.4263150475673534,-0.482425338299608,-0.19750808672407905,-0.48847528066910684,-0.30558339202904383,-0.04608870026207601,-0.0697951944412285,-0.09214094343887247,0.06697725179159564,0.031686379350829075,0.03166697422937004,0.246398710466329,-0.08937111777479001,-0.05073303670077922,-0.12478365313523287,-0.35279235003332676,-0.11000735994595834,-0.4432732982195715,-0.1664593751106096,-0.6181194374554593,-0.3437063505400195,0.4265046967925852,-0.18604520027977034,-0.32610269423608673,-0.4190246007942333,-0.2607219016849698,-0.24430406305841457,-0.25806338323364475,-0.18016914878870782,-0.11166891070581375,-0.4316414781274023,-0.24878675721215093,-0.28981367590088203,0.19422676950436535,-0.5252651934051458,-0.09223408308247927,-0.0503252943750887,-0.20851431236149898,-0.2949632215469944,0.10956245238131257,-0.27081396678555913,0.28626511364104323,-0.14969491145973657,-0.1773029331145506,0.02964177958402936,-0.08354987827775906,-0.17387778308657342,0.4144886961664096,-0.4258452149893097,-0.6350352753958952,0.0912182337685683,0.02406970475438186,0.10272740528285895,-0.1002296726896097,-0.21885105019084228,0.11439592402461396,0.030735474854939437,-0.49364312957511247,0.2617613845536756,-0.11415318647871242,0.309456429428028,0.10816466088062615,0.028102030419888346,0.16762705780352516,-0.15518778998147487,-0.07242699116810769,0.224398547334562,-0.17071461533534027,-0.3224758286590206,0.4699431671670775,-0.24961394446397422,-0.3307907651535795,0.07252236002595525,-0.4039210836006708,-0.5046213976316292,-0.16693170248691835,-0.38771500566001826,-0.15878643778487578,-0.036630766013955984,-0.11661553244003375,0.3811122263039586,-0.13138885689404778,-0.13452414495153486,-0.056891706050489654,-0.042561870487884734,0.22607414296489892,0.19963630437975888,0.6080475437595582,0.04494409007633282,-0.13559067415986648,0.08284712715362286,0.13946901317753535,0.30342151992644084,-0.3844555825976703,-0.4251612813236014,0.2009984452505753,0.7110900852849932,0.41213630821409764,-0.01920953516215107,-0.32740656962098513,-0.0865961169707079,-0.02132320108876984,0.13883559684643498,0.7070513008077691,0.13291646846658656,0.26342068816968456,0.48188012700894445,0.5521453333820637,-0.13767483261081304,-0.17790438664809338,-0.2105711248478268,-0.002771688376155046,0.08488693448713758,0.09229377148780282,0.1874069073877579,0.029567601660346443,0.07144239772358008,0.047142204922412834,0.04410804186674122,-0.023710602983464613,-0.0053242572581557734,-0.4239770884261016,-0.5517744251820362,-0.3627748965711093,-0.34658108384298236,-0.11343193673637275,1.0,0.1346823355554294,0.2614324333542939,-0.11123610862102784,0.42170634951793506,0.8550525191229154,0.7872085525183012,0.8256770513208669
PedNYC30_scenario12,0.44373957998371605,0.021506275201539027,0.47426579759434695,-0.05986701892086299,-0.13063963322830707,-0.575914721766341,0.2903430885900574,0.132535096229623,-0.12940843288818593,0.24490362492368178,-0.13137102157456448,-0.07546941692889209,0.008010704921472822,0.1357754778363336,0.5361646006185223,-0.05491014104456049,0.16996225231611028,0.2815121645936941,0.37693547394178784,-0.19547681345626677,0.25225950192419433,-0.5302821515081073,-0.33704600474445034,-0.6414905968442488,-0.4980767076219663,-0.025561970680583634,-0.04112049778651694,-0.49630863537337655,-0.2636899666397823,-0.4679119281689148,-0.17093139327945361,-0.2279946572601299,-0.18792721022016012,0.08485259867102124,-0.38051039044157653,-0.4284287339718016,-0.06052221283008463,0.264454552075168,-0.09710067513736043,0.2837583160506585,-0.4779283537678696,0.16311010217264243,-0.23761110531174268,0.24369348979367278,0.15887250892535565,0.44246153053089576,0.35775798739231157,0.4251994398435237,-0.13720515521533305,-0.056680869948388724,0.4726842139599188,-0.15773999381636705,0.47929915221409214,0.10229643728047522,-0.5052931240335254,-0.21334612293584398,-0.3264167727665406,-0.41923670163926063,-0.5804623444816848,-0.2145593280164686,-0.16528541998366486,0.046867922986306376,-0.06851273162070592,-0.3338309349839417,0.3880022578761082,0.24300464015050705,0.1503301521884718,-0.25835055890921477,-0.35469946525479035,0.0880631222768804,0.12410503026057018,-0.002762100913400456,-0.5165402361715556,-0.2045495600032925,0.10851617540909897,-0.3370306651915429,0.08422853486790649,-0.3183468233254376,-0.03923471224021857,-0.32420663291506324,-0.3164748160758637,-0.08574987210577967,-0.28083194556892144,-0.23890163582190738,0.18695123863599372,-0.21766880404823907,-0.15239675528290353,0.3931531859332533,0.2328790341406477,0.17505622779481034,0.18756331651394875,0.17399984023981807,0.24067894793322808,-0.0628604053332904,0.06563478430202674,0.012905790803400263,-0.010103280566762907,-0.08921522273333271,-0.23034149507483348,0.39920339848700426,0.14737636185801628,-0.0734828301766135,-0.2528671862043166,-0.3344332027205805,0.1422430718395532,0.645031337501551,0.39770144988916256,-0.06837129137323728,0.19693322536127822,0.33956240717412156,-0.21185314330389793,-0.4351575866621229,-0.5143852600452044,-0.32863473559840317,0.014033251918048384,0.03165787341878601,-0.2969304618470414,0.5387378342607874,0.37556907191680433,0.060695715405056916,0.20027216852579866,-0.38320434504126943,-0.3604472108712955,0.2797593858882571,0.2060367578667095,0.2257341138450628,0.025422052753354407,0.046432983569964614,0.23073477799797304,0.1299178666736216,-0.07630944708140941,0.24067686740440375,0.20528991662031637,0.6417742445651592,0.2263393199718886,-0.1333522751761822,-0.3266551098462249,0.07761226031832313,0.5169085529761275,-0.17610797215710505,-0.20131375408833607,-0.33012971930877244,0.10800450573004972,0.165050140612097,0.4398234890781938,0.25145295053383254,-0.12796852236668155,0.1346823355554294,1.0,-0.1855974909849485,0.5584792556409734,0.24854484080587413,-0.006882643427906565,-0.03870614930549343,-0.04157250162348847
PedNYC30_scenario15,-0.6449965352825036,0.41641676697317476,-0.43082591599713527,0.7143666631913568,0.6155110496626787,0.5717332809060299,-0.2973064828970191,-0.2356940230669604,0.08705982708313653,0.026112596171452118,-0.08139512773928304,-0.543091081644774,-0.1117208751700085,-0.5523972279929397,-0.2712033475571327,-0.3359479081904453,0.033926484022115844,-0.03892328403430145,-0.25252900311245385,-0.34238763664008554,-0.43618574700346,0.41533495170826673,-0.22969697754239027,0.6525499259236958,-0.027138655833063074,-0.6908945920797942,-0.3659620021363146,0.5909085015780441,0.16619376314382261,0.25160698457293584,-0.6970181012686485,-0.04087365543549093,0.31981643956876105,-0.5044018716949181,0.07708183187589135,0.5794717658678179,-0.48541865257954653,-0.08669481441433513,-0.3530537169756669,-0.3825561776103821,-0.10474701709864864,-0.07667215377950987,0.4887258908409512,0.36154084588049407,-0.3650156925867618,-0.5635897767406839,0.03546852186825877,-0.1144073097299887,0.05987535153300538,-0.40217173641118054,-0.5857019829376622,-0.4967569253863502,-0.5592111067849566,-0.5253310503757551,0.2317455223659819,-0.18475358915937834,-0.08671870322138853,-0.3618707683150859,-0.2568451750701921,-0.22019928408105383,0.19515588182409405,-0.4082061817594935,-0.10541708038128572,-0.5027456881763279,-0.4377960985653484,-0.5048092059421618,-0.03620117366910436,-0.10289073411472871,0.46210680989460795,-0.4517005597629298,-0.3783941979936767,-0.3115383279086896,0.5689014110931884,0.2622017054761979,0.2661409406594579,-0.19937892656528033,0.3432175501606375,0.5977336870552258,-0.26523617667389154,0.42699095206815274,0.07220149778678298,0.7254030324561322,0.10698599278226217,0.17776249512142916,0.31783686789436993,0.6869120102878157,0.002988822809853353,-0.22316760865573748,0.10594843609779447,-0.3168819392767497,0.5117556170387489,-0.6783346253444114,-0.6190473877711513,0.024607782816448376,-0.2992805383871835,-0.28230805119478375,-0.16377769687745536,-0.3411121623354614,-0.26194016088490835,-0.21632181755532365,-0.16055239749941608,0.20691422118975544,0.048923999422890385,0.3868592692722739,-0.014224308306380218,-0.2811163144811193,0.36231663837790695,0.1817984375148357,0.5062924442352654,-0.4118816650780426,0.06779193858830057,0.34049542398636956,0.7224962641974408,0.22404941507649734,-0.1288053051688196,0.004196254286340517,0.6281580009424904,0.03534024921311951,0.09744213723664408,-0.16471948625231136,-0.25504499804001735,0.7405171797925486,0.34647652874075874,-0.31804974670816666,0.6734676845754458,0.12698978868559152,0.6508734994535259,0.20843207268378483,0.5188668682913176,0.07738044016151513,-0.15225347900126707,-0.1909030053698748,0.354077053600387,-0.469607398504144,-0.21829202555095883,0.5554204801152645,0.30667384269286935,-0.366133205436987,-0.4508121073055926,0.45526105825548047,0.15862159562832978,0.4066635524724027,-0.23580633116372152,-0.35561278952177133,-0.34289976668811617,-0.21541539762127315,0.17105673929830445,0.2614324333542939,-0.1855974909849485,1.0,0.018397594156776997,0.5636328078906304,0.30811580186013543,0.4224942813553565,0.43671901246317146
PedNYC30_scenario16,-0.005261492924790723,-0.1593927107576507,-0.16994352969617554,-0.09628344962886559,-0.06934952739459077,-0.5630410611508792,0.6905542894374086,0.13508808576617815,-0.4115162138282833,0.6555402914045896,-0.2522561745517371,0.18474358965522908,0.46368503313775866,0.15411095762501414,0.36463853812281766,-0.48060110777737464,0.4006428672864535,0.33030643706852514,-0.00479346620232457,0.22686446060484577,-0.24020481359388124,-0.45682522658327196,-0.3620158112539478,-0.4471311853214972,0.04473855732602572,-0.19445110762077955,-0.6039723553452387,-0.3475229959723898,-0.5622270971220762,-0.7052808166444042,-0.42218582065784993,-0.15409116848756343,-0.38607497249780076,-0.3156690125262245,-0.31610718878495403,-0.5443480611468041,-0.05451741292054835,-0.3129038394943937,0.31098766651238174,-0.23684193328584224,-0.28573658039268324,0.2572302366621627,-0.47451779266897853,0.615948486855922,0.4005086771212032,0.06578226008751598,0.6454311187144848,0.8708617499854068,0.3892332964400318,-0.17019331788205916,0.35843713517092857,0.06518153543058858,0.1823590825965502,0.08756116102393086,-0.283367357607043,0.19628564502316448,-0.6342178158989595,-0.15709548740839185,-0.7013628539103238,-0.6677830071644739,-0.5780666525562999,-0.3352891608616053,-0.11984475128063021,-0.3574514982393211,0.28918141092748906,-0.038210894416511154,0.6191381041202533,-0.4507189245920058,-0.3686169403405797,-0.37639301635414824,-0.17990054858817484,-0.4940078125985916,-0.5361145185251244,0.20320713210980557,0.5011822275748778,-0.5254533089628195,0.516180426363945,-0.4393821436771814,0.47724367632028897,-0.5123624738220984,-0.26367151913320797,-0.2210765441681859,-0.31603263044487906,-0.5670103719314219,0.04873218635511112,0.017809962121327128,0.4109247768385319,0.6526005137642648,0.504956740720784,0.6803452559474057,0.17657160602185729,0.017061607104686072,0.2926197865585587,-0.3324531134655524,0.5529764456297878,0.3921275515638625,0.08106338963316939,0.40349777019697497,-0.07234606346259476,0.8568079127080593,-0.36646587097544403,-0.6432337556933818,-0.6287931442738284,-0.5061344967910899,0.5839434535430778,0.011460515137822536,-0.03622255895190407,-0.3492649695229637,-0.0461363869884599,0.14737443965708918,0.3713135798754026,-0.3891086466685285,-0.4647010743115694,-0.5046916179521892,0.6627759675421367,0.47268942672460423,-0.3715723838764815,0.23465270270509286,-0.10040926937557848,-0.5005394099026956,0.14876026117323304,0.058998483623353026,-0.1296538002026899,-0.21194564268806282,0.3183730344099587,0.24102697801187412,-0.05103288053584798,0.10455233941053088,0.13420920824867388,0.6256530248747221,0.5340181709662234,0.593193540259859,0.42310592737294583,0.698645227711026,0.5063125086955877,-0.46122286105861865,-0.6577333416699365,-0.6279788975783367,-0.030141864878254543,-0.6158584344210154,-0.6989528098712268,-0.6505705051973156,0.5593107783612877,0.4165800091887384,0.7685633935427056,0.44977012652953685,-0.1491209838158245,-0.11123610862102784,0.5584792556409734,0.018397594156776997,1.0,0.24274255450736149,-0.04220096737704382,-0.12295195052406505,-0.12189550979803032
PedNYC30_scenario21,-0.07535943488495467,-0.15575287463878618,-0.2582174850351062,0.1781759087778666,0.1330359873783965,0.026139200647934624,-0.20169425562910126,0.40000153321541043,0.3365473330831883,0.17869400858127782,-0.385137972517799,-0.08400662430171946,0.10089375446702986,-0.20519058395405954,-0.12256518980007503,-0.42697286962810943,-0.00017013084946970736,0.3776354428155603,-0.049266458320987194,-0.4130209692471185,-0.5134413718321535,-0.37435235108957743,-0.5208616107722805,0.05352631472355762,-0.03510050219818606,-0.11873518594690213,-0.5333653572835246,-0.057985735489243684,-0.42071544404333894,-0.2060361561251134,-0.314632838072022,-0.24835329631142633,0.04762524129584167,-0.34546809084765906,-0.38106308675376654,0.23697488831189206,-0.21909021464079426,-0.11269873909277073,-0.2988932790462022,-0.34121420944821734,-0.5450149894762724,-0.615416281857682,-0.07996503776275476,-0.009223786186860261,-0.21614608307561545,-0.2803288270564521,0.005473793919524739,0.06646869312079506,0.0960796766064822,-0.37375492892108064,-0.2947744424242176,-0.28737466836514103,-0.30559401370086237,-0.10730738277906005,0.28941011990400334,-0.20696194236788634,-0.2822190922720118,-0.31976987439856464,-0.4680702215996537,-0.6744723181545469,-0.2593674220290916,-0.3894379281673188,0.16043330715851623,-0.32328568479612896,-0.18197461032510298,-0.3256737597376316,-0.08439128415920027,-0.272688847608181,0.2519215061000464,-0.3689547628371297,-0.5836004720495689,-0.16045766679041074,-0.0630064400105641,-0.0608178762278857,0.088443557353028,-0.058730405241252726,0.6022316154708404,0.4723223365649545,0.0014881045400285675,0.506787663832012,0.04872112047292365,0.5070552389552394,-0.23326217162416363,-0.28225819000294705,0.5375048985164214,0.19869980883758032,0.08105751655991122,0.15548627875076515,0.436291329544933,0.0001646953936615958,0.872332719009377,-0.20366823543225232,-0.36727513952667135,-0.1655769505507234,-0.10111921257158385,-0.3301665472815718,-0.23129812647775871,-0.484168772152614,-0.11105844459045966,0.03265358715785216,-0.24323513138240083,-0.012187878795104634,-0.3352308565224673,0.2745821745546929,0.3332518241902196,-0.17541052008236835,-0.08896153417231556,-0.0807855390120582,0.8926666969132097,-0.320163535443414,0.38207611629079863,-0.13420125746873368,0.19286631982836733,0.04261115350190103,0.07887626666161074,-0.14766410067770197,0.057515538816030665,0.48050690640774074,0.4135519618241168,0.08113589483526018,-0.06757356465888176,0.42893666636769745,0.13584728377543942,0.12838247551535176,0.7109711818995856,0.012573683162141025,0.6197275814531987,0.5352637241010969,0.669704959236296,0.1621149672854305,0.050896713804600036,0.2701476892658996,0.7631044405966431,0.10322360910582562,0.39580031936268245,-0.02194164068429072,-0.08083999446083867,-0.4463043725556979,-0.301730997053991,0.02610617783175495,-0.24158041615993353,-0.11994304705830339,-0.013776710823046656,-0.39146166494066836,-0.12281468748727464,-0.10852964168170676,0.06773565131629922,0.42170634951793506,0.24854484080587413,0.5636328078906304,0.24274255450736149,1.0,0.43012165961156223,0.4674287524629682,0.5491737101014202
PedNYC31_scenario3,-0.3230543563956678,0.24335348545472857,-0.0872576814273689,0.12247043594350948,-0.12788905897080594,-0.12469462915255525,0.09439723505974662,-0.05237780744838738,-0.05525873124633618,-0.09715175734276582,-0.5620291394523376,-0.16498318449170846,0.41141436607213544,-0.06653889589645745,-0.09969587388484102,-0.487107884405809,0.11264064541766294,0.22591478328093517,-0.21256896393277525,-0.09045994928310508,-0.3642410006977199,-0.3426668968533715,-0.6124291446994456,-0.14312735143585664,-0.25288998654235884,-0.3475689858270048,-0.36551552492450434,-0.16597875925597627,-0.3441825038836057,-0.13962057898689872,0.00623247067989674,-0.07850484164517257,0.20491484040200814,-0.08250137721020878,-0.21715331065368693,-0.14292662319190041,-0.2818343999877895,-0.1916308659358641,-0.09020289076176202,-0.13370660876681617,-0.2754731895005378,-0.17423832316753507,0.30955425957711435,-0.02519448944492253,-0.005187610658345498,-0.4042472389039742,0.004749583065261187,-0.09440028603947215,0.01342872178186072,-0.030809690831006264,-0.031762737143678166,-0.33091800158422546,-0.2643759451027894,-0.23141087176493835,0.20121816862772357,-0.2858693493590523,-0.44339537449591937,0.1176288953386625,-0.22269570569001096,-0.3964517949373976,-0.03961422530953773,-0.48554174463647715,0.2167380865404106,-0.19190419005346881,-0.05726178525413972,-0.004778114104943221,0.19566485726257754,-0.447203616129213,0.21627551550176438,-0.583363569895013,-0.5404170201564293,-0.3364645783781093,-0.027034346615692373,0.1737114940984632,0.08949417597384934,-0.30986855156893167,0.2537355521045186,0.012035620353349374,-0.09301408658159449,0.20379023190372536,-0.09679410698090263,0.09036360644394559,-0.021250616514456366,-0.2989947197834608,0.10374382570092222,-0.1519752962510732,0.21935628668859097,0.3794372875258887,-0.017038807373241704,-0.0430388130538788,0.452728787689483,-0.191551663308142,-0.211531378654368,-0.30627594648333445,-0.24752893804262888,-0.2943800973967179,-0.24227261455498628,-0.19193590503491764,-0.3518351873516199,0.0009037373656800574,-0.2995721215796523,0.16896323064465968,-0.45756163235035885,-0.22837181190109224,0.16072008879113298,-0.1940631187645998,0.032769596189312966,-0.2165728680850012,0.44794868835067314,-0.19414806644276816,-0.02379641946084954,-0.22975547930055917,0.10932257175704185,0.1122841282436452,-0.050162209127434076,-0.23381187085550126,0.16526039890797983,0.5536752168329276,0.1580910517211509,-0.25037024509572126,-0.20510619720364787,0.15177587437189433,-0.0945011064783352,-0.016600326942341148,0.6214655383087095,0.20603802505494218,0.07129331710693809,0.18796335438128187,0.2663445573892316,0.03901065037594276,0.12334421521602212,0.05360355985345555,0.008000726236054745,-0.0015022688416377328,0.1411807604637193,0.04273728058138293,-0.2116552509230334,-0.17708069966499584,-0.17031766849952712,-0.1518626240525356,-0.2498353215095852,-0.21248738247995025,-0.056774661880443444,-0.19022304394222678,-0.0868095928453605,-0.04832286608906511,0.01932342512622398,0.8550525191229154,-0.006882643427906565,0.30811580186013543,-0.04220096737704382,0.43012165961156223,1.0,0.9170582555469867,0.9438807051095642
PedNYC31_scenario12,-0.3929400782417636,0.19388514785017008,-0.10682673190805336,0.21265860747676324,-0.01955233787702082,-0.0021516418293676676,-0.14899575796730868,-0.023917612543371547,0.06229387209215387,-0.186342515001364,-0.6104695077480309,-0.3605237055914772,0.21008134337152984,-0.212032329566892,-0.07432310961313804,-0.5394359421149102,0.2547720879220796,0.2723024841341948,-0.21897665124773935,-0.20067907716303623,-0.3512452668313226,-0.22661251158622742,-0.44506639922017177,0.03646328881287797,-0.30728869137069603,-0.41823669334617075,-0.2697931324796534,-0.03161833440187167,-0.23788349522250019,-0.1159540185735144,-0.09647112222824661,0.03789035696587839,0.4368377892568065,-0.012983390436752229,-0.04116983929071938,0.02825465249257475,-0.3824167666095919,-0.0833433461091837,-0.030145164040411565,-0.12185822991253548,-0.274411972886476,-0.1645891889473019,0.41343341369524134,-0.14914324697569992,-0.20739513171775248,-0.3652842382160948,-0.09763185803640884,-0.25621273620139084,-0.11972261313989829,-0.101790759324907,-0.0855971104157669,-0.4920535501468719,-0.29148670630644036,-0.4375979963039103,0.21205603973801068,-0.4126392254558102,-0.30474840201439113,-0.03802147266681999,-0.24938428762547948,-0.36676584811852897,0.14123801125746982,-0.4599539241983528,0.25144445671166626,-0.2808418123908727,-0.14859248251649748,-0.08337108295578899,0.079921953739858,-0.3579578088881161,0.11378700459570268,-0.5764698368697694,-0.5308821669838204,-0.34381505813813784,0.09591110063119612,0.29209011222699355,0.09535377967794267,-0.4305747295710063,0.18622534281605652,0.050103137115421026,-0.23465087310273836,0.4197351067784585,0.10685543169245348,0.14231035250345958,0.14385873065873933,-0.203687535131023,-0.11476424647109162,-0.15158455703180174,-0.046140189311357105,0.0733162635187744,-0.25322938875541023,-0.26611986894833706,0.33213860497226433,-0.4035076234299044,-0.359740669224927,-0.270201901426836,-0.23781195282296141,-0.2522720033476813,-0.0024520438030475322,-0.22051778718553328,-0.2486618138055401,-0.06745201793326872,-0.380398797136702,0.18964554434993008,-0.3543818963471763,-0.1786581859536538,0.23736520898472369,-0.061431076952894514,0.16640922983322382,-0.1705370058337181,0.510261532032295,-0.2741559113349412,-0.06046062972953048,-0.0506324407631753,0.3188468124788053,-0.0138668664079864,-0.18388151764802352,-0.24867176002944702,0.3309954839903929,0.388504681619676,0.23427230189565185,-0.1306135104438766,-0.2595689027008725,0.36903676790189954,0.1979200089016956,0.11159184705811087,0.5385394012830833,0.06283502058332968,0.29158722183293306,0.25878089700435414,0.43201289590928615,0.12110349138478593,-0.027683694038818762,0.03714819297905769,0.06272412947769923,-0.007209060039492066,-0.07938702446910062,0.22219742157403688,-0.17253661586707225,-0.18278215986248414,-0.12912751577358916,-0.08331788209686009,-0.2287699619146859,-0.13545030220603138,-0.12883676894534934,-0.2466589851002985,-0.15219988394987016,-0.09274604445152157,0.22897559767502795,0.7872085525183012,-0.03870614930549343,0.4224942813553565,-0.12295195052406505,0.4674287524629682,0.9170582555469867,1.0,0.9832045432137871
PedNYC31_scenario15,-0.3568267892063006,0.18009562377756216,-0.12459910626877102,0.20523716959507987,-0.006125569070614123,-0.015583299404798412,-0.11441085965621345,-0.011235877822207918,0.06795931961678825,-0.13449848333236547,-0.6079614135965863,-0.2749867076147512,0.259779128676638,-0.1839991223780013,-0.11631247847157788,-0.5163280282851361,0.18052349059072625,0.3058129153482827,-0.1782340051208342,-0.1770203207893739,-0.4006207034560745,-0.2686861458944838,-0.5245771920088549,0.003365522635992546,-0.26716465415460755,-0.3741578885805883,-0.32333894763067095,-0.06036441741332865,-0.2856391864744423,-0.1112367886933292,-0.06485827900901864,-0.032035639142554695,0.35391746347800845,-0.058490513063363725,-0.1287683792466503,0.03774556264867013,-0.3265292443712966,-0.11539512765822835,-0.0860457836923727,-0.12935049738827553,-0.3143761275852901,-0.2575727385681008,0.37662503725291263,-0.14564513929597367,-0.1672176757308439,-0.42526546231960305,-0.10076884038059486,-0.24364302949873617,-0.09133801007280806,-0.09576694225246296,-0.10965847553723918,-0.42097793656011606,-0.333149306506868,-0.3390090316251071,0.26401245755665115,-0.38517417457239356,-0.33436884630201513,0.0056894780027696434,-0.22116316644398326,-0.408257470272829,0.072751677088572,-0.4521632270709244,0.28588457461537076,-0.22414085760402358,-0.14537408761617732,-0.08287658772032303,0.08040413761130938,-0.38375181258321445,0.181010667462704,-0.5692712279907504,-0.5845097918318323,-0.326174569576132,0.07556397669018089,0.24079262437942517,0.07933838753489797,-0.3360336772923138,0.22722404738544566,0.11211256055594765,-0.22402158087766355,0.42078344182611227,0.05655433063280102,0.21010909012025658,0.062121680489069075,-0.22717356613378858,0.013662189909005917,-0.11840049170867806,0.019191354837321928,0.13380964628271086,-0.15853980324470318,-0.22629633082505474,0.4427849490698109,-0.33204221771111686,-0.3657166994644323,-0.2659843343280186,-0.2695931048205549,-0.31879497758727426,-0.11803932730589994,-0.2685138144444803,-0.28673047726633527,-0.08565704303296129,-0.35920150396915895,0.19716040500024168,-0.3728675299307267,-0.13842579535842225,0.2278156167246962,-0.11674953359486118,0.09819625687947842,-0.16077977579059888,0.5881631768179496,-0.2822788976411328,0.008778907744756537,-0.09363045598282671,0.2808815560912208,0.05047701339183186,-0.1711889331737959,-0.2920749104356617,0.2949889785708859,0.45831959127501887,0.25296420979587464,-0.09931525272036912,-0.27263610862996646,0.35000493019576706,0.12825051545600297,0.11325557635027206,0.6055290269840885,0.06743877500718676,0.30588672931841454,0.2810333339897293,0.4502288869018327,0.1098974649950939,-0.0025452114067010534,0.0012748601232115409,0.11154774654138822,-0.027818750656701363,0.02642068000901665,0.16821443119306845,-0.1595500944023387,-0.19733129418601103,-0.1840402193915427,-0.0593939115389146,-0.22418139513368263,-0.13396515245464702,-0.15396115225163487,-0.292997345717658,-0.18732958951818768,-0.12149571899662104,0.16092757223341692,0.8256770513208669,-0.04157250162348847,0.43671901246317146,-0.12189550979803032,0.5491737101014202,0.9438807051095642,0.9832045432137871,1.0
