,PedNYC1_scenario3,PedNYC1_scenario7,PedNYC1_scenario12,PedNYC1_scenario15,PedNYC1_scenario16,PedNYC1_scenario21,PedNYC2_scenario3,PedNYC2_scenario7,PedNYC2_scenario12,PedNYC2_scenario15,PedNYC2_scenario16,PedNYC2_scenario21,PedNYC3_scenario3,PedNYC3_scenario7,PedNYC3_scenario12,PedNYC3_scenario15,PedNYC3_scenario16,PedNYC3_scenario21,PedNYC4_scenario3,PedNYC4_scenario7,PedNYC4_scenario12,PedNYC4_scenario15,PedNYC4_scenario16,PedNYC4_scenario21,PedNYC5_scenario3,PedNYC5_scenario7,PedNYC5_scenario12,PedNYC5_scenario15,PedNYC5_scenario16,PedNYC5_scenario21,PedNYC6_scenario7,PedNYC6_scenario15_CSV_Scenario_Ped_15_Session_temp_2024_03_01_11_47_13_decoded,PedNYC6_scenario15_CSV_Scenario_Ped_15_Session_temp_2024_03_01_11_48_06_decoded,PedNYC6_scenario15_CSV_Scenario_Ped_15_Session_temp_2024_03_01_11_52_52_decoded,PedNYC6_scenario21_CSV_Scenario_Ped_21_Session_temp_2024_03_01_11_17_48_decoded,PedNYC6_scenario21_CSV_Scenario_Ped_21_Session_temp_2024_03_01_11_18_30_decoded,PedNYC7_scenario3,PedNYC7_scenario7,PedNYC7_scenario12_CSV_Scenario_Ped_12_Session_temp_2024_03_01_15_26_15_decoded,PedNYC7_scenario12_CSV_Scenario_Ped_12_Session_temp_2024_03_01_15_27_41_decoded,PedNYC7_scenario15,PedNYC7_scenario16,PedNYC7_scenario21,PedNYC8_scenario3,PedNYC8_scenario7,PedNYC8_scenario12,PedNYC8_scenario15,PedNYC8_scenario16,PedNYC9_scenario3,PedNYC9_scenario7,PedNYC9_scenario12,PedNYC9_scenario15,PedNYC9_scenario16,PedNYC9_scenario21,PedNYC10_scenario3,PedNYC10_scenario7,PedNYC10_scenario16,PedNYC11_scenario3,PedNYC11_scenario7,PedNYC11_scenario12,PedNYC11_scenario15,PedNYC11_scenario16,PedNYC11_scenario21,PedNYC12_scenario3,PedNYC12_scenario7,PedNYC12_scenario12,PedNYC12_scenario15,PedNYC12_scenario16,PedNYC12_scenario21,PedNYC13_scenario3,PedNYC13_scenario7,PedNYC13_scenario12,PedNYC13_scenario15,PedNYC13_scenario16,PedNYC13_scenario21,PedNYC15_scenario3,PedNYC15_scenario12,PedNYC15_scenario15,PedNYC15_scenario16,PedNYC16_scenario3,PedNYC16_scenario12,PedNYC16_scenario15,PedNYC16_scenario16_CSV_Scenario_Ped_16_Session_temp_2024_03_14_17_07_34_decoded,PedNYC16_scenario16_CSV_Scenario_Ped_16_Session_temp_2024_03_14_17_08_25_decoded,PedNYC16_scenario21_CSV_Scenario_Ped_21_Session_temp_2024_03_14_17_39_35_decoded,PedNYC16_scenario21_CSV_Scenario_Ped_21_Session_temp_2024_03_14_17_40_50_decoded,PedNYC17_scenario3,PedNYC17_scenario7,PedNYC17_scenario15,PedNYC17_scenario16,PedNYC17_scenario21,PedNYC18_scenario7,PedNYC18_scenario12,PedNYC18_scenario21,PedNYC19_scenario3,PedNYC19_scenario7,PedNYC19_scenario12,PedNYC19_scenario15,PedNYC19_scenario16,PedNYC19_scenario21,PedNYC20_scenario12,PedNYC20_scenario15,PedNYC20_scenario16,PedNYC20_scenario21,PedNYC21_scenario3,PedNYC21_scenario7,PedNYC21_scenario12,PedNYC22_scenario3,PedNYC22_scenario7,PedNYC22_scenario12,PedNYC22_scenario15,PedNYC22_scenario16,PedNYC22_scenario21,PedNYC23_scenario3,PedNYC23_scenario7,PedNYC23_scenario12,PedNYC23_scenario15,PedNYC23_scenario16,PedNYC23_scenario21,PedNYC24_scenario3,PedNYC24_scenario12,PedNYC24_scenario15,PedNYC24_scenario16,PedNYC24_scenario21,PedNYC25_scenario3,PedNYC25_scenario7,PedNYC25_scenario15,PedNYC25_scenario16,PedNYC25_scenario21,PedNYC26_scenario3,PedNYC26_scenario7,PedNYC26_scenario12,PedNYC26_scenario15,PedNYC26_scenario16,PedNYC26_scenario21,PedNYC27_scenario21,PedNYC28_scenario3,PedNYC28_scenario7,PedNYC28_scenario12,PedNYC28_scenario15,PedNYC28_scenario16,PedNYC28_scenario21,PedNYC29_scenario3,PedNYC29_scenario7,PedNYC29_scenario12,PedNYC29_scenario15,PedNYC29_scenario21,PedNYC30_scenario3,PedNYC30_scenario12,PedNYC30_scenario15,PedNYC30_scenario16,PedNYC30_scenario21,PedNYC31_scenario3,PedNYC31_scenario12,PedNYC31_scenario15
PedNYC1_scenario3,0.0,5.0778215524682375,3.3789952927019997,4.738704564282194,4.9021307643360865,5.342638101687429,5.325025334018358,3.445718633907298,3.5602292847797887,4.082677499406129,3.807612819155751,3.4060661142915465,4.492717639359269,4.236553969859295,4.914150427910214,3.271335527267164,5.679909640335125,3.2610998711826906,2.556456992776964,4.977345079180553,4.3182880101643235,5.166491636329544,4.287256262217955,5.533919043198083,5.337143337876881,3.749632471748201,4.176580379540177,5.099180899778837,4.835209499598528,4.721894915157689,3.4840109956028185,9.22059836201621,11.714910163576892,2.9328364692792457,8.292292701151718,4.302126380151733,3.19045567692916,3.729915268249056,4.437059872717946,4.202175133250416,5.034632727894768,4.560323997076043,4.91158379003064,4.385788636983248,4.911219654124884,3.406113073032199,4.130146173335318,5.155095813426128,6.559133253170375,5.149200898858073,4.486634640250449,4.458440295862862,4.4824424642723315,3.1172038489156777,5.319584862558634,4.890191249860921,4.844806661652314,4.5826095310737855,4.378796836762394,4.765547951833717,4.328252477369261,2.5110700429827526,3.237897593703495,3.412092317873702,4.4128438181662,4.400394039549384,4.135770124355322,3.8762344223015575,4.046759013765453,2.6112069826332265,3.9516015813823304,3.499306040986355,4.987675982024206,4.632071923738133,4.244939930045797,3.831567724775213,5.658595812128986,4.477221333579598,5.835335030740823,5.267810645846703,4.632776483662661,4.521982348825755,9.724448709299708,4.063780158911803,4.737834543513584,4.61812107981793,5.293375410769553,8.103737135585849,5.116164142862916,5.958343896134239,5.2914183448715475,3.416627363732595,4.6381379073871924,3.090109782801727,4.827200635493857,5.968668988381326,5.2981394473284285,4.734647469689315,4.294889237543178,7.64744356026955,3.529555155733597,4.040030388567665,4.675996692261409,4.085614400762393,4.461260362224618,3.0084588097299916,4.320003373988543,3.7304664734574327,5.178546720620371,4.0359605014650946,4.644406318650716,4.946722907307505,5.489702804315803,3.8039568407435587,6.679086593652273,7.078753731245642,5.292217083752524,3.464104070261321,2.8404120185250568,2.561748373658865,4.877675056263606,5.607526370969561,4.647402890093173,2.4554860695254432,5.677355613621168,4.75264855937792,5.001520057367163,3.767163593258161,3.9983336790669224,4.453961240255895,5.573920567768911,4.753225731460327,4.4719246433783635,3.610623426555886,5.046373897572124,6.061463293770971,4.107714392575022,3.146433250140786,2.8893899953087305,5.408315985678911,4.396455199285661,5.543740387129579,6.185164351332891,5.330986508457166,5.120061268667043,4.397990020221238,4.039067067659764,7.069867704514498,3.2975954943840997,5.953705593368023,4.8793209370817445,5.077424339096796,8.882087036700508,8.712140028959519,13.3148331799443
PedNYC1_scenario7,5.0778215524682375,0.0,3.3312318849457028,1.7527268280194015,2.7632713272621263,3.6916599311071314,5.135129522058639,4.950153307005501,3.4235457309823842,3.658606957332841,2.9506368434588754,4.776884731421945,3.9148446630772233,4.354323166488979,4.182801201615004,2.892655301676719,4.2269277644734755,3.850945571865843,3.881278594615571,4.991350588065006,3.603959885205173,2.7123303203608717,3.7517936567223305,3.5753031913041164,5.488799009917594,6.919025835214376,4.391066697169331,3.0812424303190467,2.8200530626719034,3.6118208159511855,5.631748576024749,8.57862636785219,10.333209864429776,4.280931561870704,7.153472711771509,2.876658478057195,3.747569313563521,2.6639330480805,3.979145137269188,3.209243388262645,3.412059565073001,2.38275841873345,2.330130602995383,2.3378721072239257,4.63642612324855,3.6166090742607233,2.7601849820135707,4.408151362769236,5.489555169148914,4.11181073462698,4.554240128011659,5.177119458104625,4.553746443953131,4.784920013168626,4.655809169693496,4.2672772041138245,5.2645400577184365,4.628847275930176,4.508966484820956,3.239827521449763,3.1144743426840926,3.347572028752169,3.3951859922922507,4.625574953335063,3.9462336347639773,3.9099654322750546,3.1834708998235244,3.262243450434931,2.892542539330796,3.2234044718195407,3.006052347432888,5.391850610675326,2.8704313717437713,2.854157221364982,2.7095312075221663,4.59764491338287,4.664521256812739,3.023458228955129,5.761124582668902,4.869422169140275,3.533623017713236,2.7654484987288193,8.601551165179869,2.789716994785388,3.966827231768898,2.5976967428911566,4.626307703974645,8.107127525651777,4.936338301728605,6.252007060018812,4.606035308032011,5.209403932630599,4.888237146129391,3.0678701689307086,5.2085055406376375,5.252350215479141,4.699774087688752,4.676479761711311,4.879851602896791,8.463002781624438,2.86365549101537,2.67513333645392,3.813265773902425,3.6049780569457752,4.231966298822938,2.907569086571689,1.8911253106813353,3.3721314547813095,4.8065177952195715,3.9269720687846226,4.681943535033838,3.7865160518469607,3.6102270705837256,2.8660393727468083,6.608530372718328,5.415696582841512,2.9874645150871375,3.3544081138723674,3.6777615065039613,3.5244694930098897,4.07925664776251,3.5532456743885206,3.9083954416301903,4.72330952428536,3.9270012360679387,2.63884054948259,3.7853460976666256,3.7747284139412156,3.6355991476550793,4.2309989323783155,5.073627452785719,4.848077266634022,4.252730586251108,5.120547245674344,6.144315476144628,3.920898135305007,3.0443256685426556,3.4500420406007724,3.319484682294084,3.397099187533177,2.9483868837147513,3.909592337395508,6.367583511322984,4.649796075399201,5.081265160476576,4.567777937108183,3.736737923521986,6.023081689792233,3.70895049678611,3.1319623211842296,4.654767720607458,4.6825477608384185,6.978119142542127,6.7521921825037445,11.497084314178789
PedNYC1_scenario12,3.3789952927019997,3.3312318849457028,0.0,3.836833128262147,4.0532668462673715,5.031071282779011,5.613660912855054,4.806560684040589,3.290619291486304,4.417453875692359,3.0842800266638135,4.67598681240049,4.822323352833297,4.3525866596848815,3.3727340692963828,3.0340671331563698,4.224983891332085,3.965556338144662,3.6046203014343816,5.688028585172913,2.181221785716424,4.517570764944983,3.5910994884094394,5.186544136591099,6.462046804660025,5.808233787868607,2.8232113154451843,4.4861936725252995,3.348410571438279,4.566900785637675,4.871556981631296,8.081404866228297,10.621716284244314,3.7877153283510814,7.108941845599062,3.9785667921225882,3.975541855304811,2.740551141733106,4.41752834351399,2.741594064574591,4.6762426947662465,3.5778362654491853,3.9412432197330056,3.8052842366051283,5.287919067213647,2.5294559822357603,3.770124338297441,4.79891531671555,6.542147405174253,4.17098814717131,3.6612578679449594,5.270723438598348,2.9204572043721795,4.6165945579986065,5.336148299909465,5.018852263140985,4.574397652996997,5.2739038076174785,4.999470446148494,3.300855311245558,3.866410776753274,2.607924406643821,3.5804208725154187,4.628481816239815,3.64556720406948,3.2199349054980564,4.248643548743298,2.9125817318153566,3.928825752671277,3.0750800224278074,3.1997217883438736,3.934353293766796,4.563645270139887,3.7955367411084273,3.825346537151436,4.731585112435624,5.415487372546176,4.107544733926032,6.269329108051818,5.3200850322159585,3.446607794872884,3.9267397046591426,8.469468024461335,3.1045770604942535,4.688005155841262,4.371523672773199,5.886531321531276,8.394913036626903,5.6224075400526745,6.60201706204913,5.351092752644983,4.5103019960769295,4.426461027826693,3.158225888498727,5.441320836770938,5.510154740356288,4.047800214989617,5.300242191940719,4.373436355921522,8.458552230924152,2.3428466150237646,3.1723916099255485,3.6329611867493834,4.397620806628738,4.589736460940545,2.183510095050076,2.793508887914543,3.726343140474002,4.967390323614846,3.4539890296755336,5.176144216325591,4.325517977384684,5.2018591477622635,3.730162846517842,7.339982794020527,6.036245951693266,4.749022472407194,3.1590471436856418,3.218888933733986,3.060380834929168,3.7789349515487807,5.134524771729837,4.357581894029152,3.7710352513500633,5.16301939369696,3.4978716674953234,4.359390864786456,3.6701102512557124,3.9364174004978083,4.932091898361256,5.785736503659054,4.873467871214056,4.619603362565327,4.0244131551517315,6.086017141106392,5.434581309235656,3.841161009761967,2.5589199388787423,1.283287093828349,4.5330028556799125,3.5121389967935057,5.073320433643622,6.9875631718808835,5.2956011414915505,5.2835744720347915,5.313225637987564,4.491250539408055,6.295668051500312,3.011237666311982,5.296380920619435,5.03586262722337,5.256332340909117,8.052289970175316,7.7505322388000755,12.473016986353462
PedNYC1_scenario15,4.738704564282194,1.7527268280194015,3.836833128262147,0.0,1.567870895837782,2.966300268454741,5.452696094068827,4.387453558448046,2.8825865497347234,3.19896198397065,2.965130411712927,4.60736138577229,3.817328762669724,4.790542976048016,4.6945463022073275,2.978997598337101,4.330799758788914,3.0778805338484743,3.3737157233849833,4.939212727540551,4.352500936056147,2.527802354235351,3.6467588228140397,2.846833293554356,5.0312163434631145,6.736637639555496,4.562880222634182,2.672636538034035,2.9365399470716094,3.1893371181818666,5.643784110120585,8.37870413501235,9.900297531188833,4.0089429551905855,6.781600763614448,1.946447267978089,3.5617037403536296,2.8401631354112284,3.9547367174077364,3.8735150020168403,3.7142928273540154,2.8312365856473685,1.8074665813993696,2.2917489732647778,4.9919761138980885,3.8948653659975583,2.7431558787200205,4.626213663448651,5.662865240664616,4.881475877948283,5.133658170174751,5.277179810000108,5.236046158332182,4.698055089167046,4.383668588968521,4.43171816563628,4.834209330046786,4.704380648112469,4.408458856226054,3.891729264699956,2.52912488599329,2.994574652087635,2.803648323912064,4.416702008525214,4.553074857879203,4.608114970108881,3.013243708065966,3.0938297690846457,2.4242863624469946,2.9109935137364005,3.4514040404184096,5.104617726514858,1.951877169211253,2.313940608690979,2.2370233446257686,4.393201303035424,4.4725515606789745,2.502503646068537,5.827897754033535,4.089200826637915,3.2976624126672713,1.797828264557536,8.33636536465679,2.389996955264017,3.8439073812208875,1.5635748844200101,4.600105490275729,8.627278457420482,4.788046265772544,6.416916675719017,4.1291261403031765,5.478877124236662,5.470464126831815,2.3987390097221217,4.996647713907625,5.535596413285484,4.584685870258969,4.485477876961871,4.531064950654683,8.274187822283,3.1796557172559528,2.4829681051518224,3.6540055629223436,2.8087836392239347,3.9116523848470868,2.8420511794426866,1.968541706147184,2.887528829480215,4.09466879140308,4.2819438173114674,4.230096012486575,3.124271995332888,2.6553956646319232,2.5963214517900397,6.536220680041735,5.835850697179667,1.8649546057939927,3.2101420269835885,2.792863531364516,2.851760448419745,4.599049023019324,2.606748627349594,2.7832500755268237,4.026938606497114,3.524844580610255,3.283893329939564,2.9898912230022514,3.113596337424214,2.686243973679186,3.544430494000844,5.194011726936564,4.711478055669627,3.683367459121858,4.890055466262931,6.02950141826091,3.1534022767024306,2.5000473567230337,3.647601509377433,3.4342487008429385,3.0434926080325364,2.9133046313261506,3.3767920247464907,6.3197666924583284,5.007980487924871,5.2099434293628875,4.3626104808307025,2.9728930674577136,6.070627030931931,3.695962158505029,2.1744099020070706,4.381655997240988,3.8572236683196968,7.247903123981786,6.663457488943663,11.42537567699699
PedNYC1_scenario16,4.9021307643360865,2.7632713272621263,4.0532668462673715,1.567870895837782,0.0,3.0086426918566715,5.769260904605525,4.953581178600036,3.0479304539969427,3.564851366786228,2.9450772994034278,4.831877722760066,4.523198936161433,5.514244838438334,4.9204969408395245,3.4611330680563785,4.459425771327006,3.526073970108419,3.5277478138355716,5.225257339977374,4.577906897352517,3.0364238905558945,3.685609653976653,3.130691460242056,5.356845875163378,6.954836623003395,4.427980737511051,2.864748804089768,2.8837002020109512,3.3645928154177165,6.040078965906782,7.694028902791609,9.753004973259172,4.653129553890196,5.99473339980252,2.345953563914842,4.028477351080035,3.3986414248888868,4.512632563435497,4.338067758397679,4.465078417600492,3.5513667626957184,2.41013598376027,2.8675732397254095,5.721718626122411,4.3898118433184194,3.552926421334188,4.960453437779596,6.108415037541379,5.383636499895211,5.565852679439131,5.477157584144518,5.658973073727852,5.06715271356299,4.547838721687618,4.881120466332178,4.416508602094933,5.200404953880592,4.717578619858889,4.177289462216522,3.093022144924874,3.0775833037079736,3.196446981887864,4.675503727364014,5.130108959896345,4.9409978582453675,3.713746143930736,2.991296213359054,2.7748217804947206,3.2882224569346845,4.05370284727301,4.774318239261913,2.298452478076165,2.511523986201583,2.7597828511408995,4.565612946512987,4.778239100556938,2.9690498252454467,6.4489129204958155,4.39013935322431,3.3453431451802675,1.7583371979814753,7.727546399390012,2.2040920100605472,4.201144071822691,1.8886330869380894,5.205709408226629,9.215709327933862,5.2872745549372615,6.890796369127378,4.520490789195335,5.92703204895962,5.908234361466598,2.41258863844579,5.317457975325537,5.89578548491064,4.447925693070342,4.897448820084205,4.429592823812113,8.410268819581908,3.4618878949307708,3.065923588424025,3.3148879629177785,3.176905346542314,4.316421005914764,3.374365026003316,2.5400597521151522,2.834519931716978,4.19220391873425,4.4102310361243875,4.3449413172103135,2.6177284754768744,3.0611311244866055,3.031317501644198,7.033997925187675,6.058038434253182,2.344009469570046,3.6744127631110137,3.1250695576987817,3.0994274128102814,5.039053810710484,3.018244695167528,2.626739893620842,4.357360049665559,3.734401672980523,3.871779665224752,2.9206473748238486,3.0591341430663173,2.708174610640249,3.8827402710441112,5.66235314017079,5.258067703285832,3.9522929329086076,5.06351991785138,6.2546589464829445,3.5290327806975683,2.689504335693899,4.04344609092817,3.7038527313041163,3.202754379965051,3.1405378294833066,3.3794451567424635,7.032548509805651,5.770092677106168,5.8131229815170515,5.235505914334691,3.6455331096452883,6.386750636929547,4.186133314365005,2.643542634175422,4.647510971414868,4.220398588536142,8.047817477097265,7.402913367750469,12.053790287709045
PedNYC1_scenario21,5.342638101687429,3.6916599311071314,5.031071282779011,2.966300268454741,3.0086426918566715,0.0,6.47589901040626,4.434246071953172,2.8572439664772538,4.82888220939745,2.7330117908064224,4.61845672925391,5.314900769646841,5.5292612692749765,5.435388333494823,3.1055355573865615,5.1484551566895,4.500208249065816,4.25438745154059,5.703153102800148,4.74135043704536,2.277819502853401,3.024993606220241,1.4493001321014358,4.443472369267973,6.096723346707765,4.2649894431287185,1.5942544003173398,2.484975590119562,1.7082921743034583,5.4632191569794974,8.295063469206395,9.697778593877077,4.6747470235028485,6.425719944505032,2.0433912117187365,3.7622884240976378,3.3479827290156114,4.600442496790532,4.790954708057983,3.8043737583028396,4.259051876614608,2.7801012324867536,3.80825079820911,6.439195874926869,4.615718131757456,4.660021172746337,5.703074464873375,5.42485650028181,5.117277730366723,6.3289398886334505,5.282013025366505,6.193468111745754,5.419052401126796,3.201189908645494,4.251067030412232,3.3042366452432006,4.487750634081671,3.539519961324165,3.7287325340576336,2.9045467178427056,3.8756529668430755,3.482640557127349,4.086307805248027,5.397998018390507,5.107929272217349,4.539755677571717,2.774001373753404,2.1057213245375292,3.377761529445702,3.912891203769922,4.125117888431255,1.7968528957212238,3.7936518572481406,3.9746347476116703,3.6479354099219305,4.6371130379804635,2.198170569128439,6.570203907310731,2.8559414265668828,3.45778134960127,2.4788520760799044,8.015112410255776,2.295439632520959,4.475289971004515,2.726402085044989,5.494190784434988,9.912519354975874,5.785337056091453,7.46625296514861,4.730770252244376,6.093054770880499,5.957362518462353,2.630430191601042,5.077010621035309,5.6717048025153005,4.67796816233457,5.298630150702829,3.600295368429612,9.013414743533975,3.907694641602158,3.0115164402655195,2.7396877708959346,2.0041015306767975,4.506681107451955,4.2752346788020406,3.3831893166638434,2.307876096728353,4.390499023835865,4.355921177674454,4.1015058350243585,1.9183971523073682,1.422577343743885,2.3237463513461334,7.268615190325308,6.141979478664189,2.7832778578212496,4.691891919885056,3.987529689072025,3.357251466549792,4.949963520249178,3.3549279305107755,3.102991618982081,4.8029422679615985,4.3809327064691725,3.919921671848446,3.0003863623298215,3.2312603900577015,3.207163323222909,4.819608917917669,5.571474508669305,5.279012356121444,3.8524151286485986,5.986012893002769,6.360916254644714,3.2904256156389207,1.6757600064904867,3.955996867257645,4.8239583225224125,2.7613662595036175,2.515057052008718,2.337232892104896,6.874687587483123,6.219080694098726,6.631557325621299,5.522272630358605,3.333317374922546,6.617382524259452,5.091922523279341,2.864637815995203,5.756988916287068,4.579171329244246,8.121597061107638,7.425959064800853,12.125498842417032
PedNYC2_scenario3,5.325025334018358,5.135129522058639,5.613660912855054,5.452696094068827,5.769260904605525,6.47589901040626,0.0,5.101910393120455,5.489424571203262,3.6325115050611285,4.868881218900477,3.447428466411142,3.3673044237716696,3.9693512402620517,4.480053414623118,4.642395221158886,4.804939988249578,4.381448472324966,4.471804452398116,3.242313281880545,5.631437084573044,5.575910535481098,5.507429247552647,6.1751086270535085,4.8754031727633045,6.1637924893618905,6.927912651352151,5.403636109546287,6.155355106282548,6.520867116249381,5.536773412860467,9.944189028115979,13.038232832669658,5.456841708973154,9.373837124855108,5.868929086228189,3.8687158538550372,4.791852863758395,3.762716104617851,4.94136979384511,4.8703362937284025,3.899911310236622,5.899080752924784,3.639306931110834,3.348805967429993,4.9289420636128805,3.658139346418776,2.9580231485113577,4.387978822341927,4.607580344040819,3.8004918608424325,3.872512646981933,5.354252536562598,4.12199653783716,5.334884460374783,3.846702414055939,7.664326281554951,3.828061200239538,5.6213731292969555,6.226523095060876,6.299647380058137,5.314869428689565,4.542195861633568,4.486114489592234,3.8394117740738105,4.281635245720503,3.0319057227845665,5.626165264254755,4.979746400861481,4.765605477684944,4.68165029076313,7.003148782571837,6.118968814418442,4.623946347047436,4.105663004955934,5.673364191884858,4.6129005702569685,5.726239324255027,4.742503468480037,6.999174339347025,5.726581165659311,5.721130153099985,10.716940251114437,5.9738671592795995,5.744631300974705,5.173453660661326,3.5871922052474408,4.971507292225305,4.956628555872514,3.5773568745206616,5.897490262110249,4.538462438694232,3.712312065076145,5.145948047573731,3.5563999046089214,4.314908059935387,5.762883033643205,3.4067234322755784,5.378839494904936,4.366852919193409,5.731733042341336,6.336255159017932,6.885255554007874,6.145839554641288,3.764397423794835,4.807310898578559,4.962818799937952,4.9592149022845735,6.563579831390568,3.8006010351940924,4.047067244967504,5.996305894975372,6.3670577084989635,5.00450692927989,4.372886398601329,5.095787127268769,6.310277363566627,4.563497272908827,5.733484308241378,5.5580357895455705,5.039538108342031,5.644681140724995,5.961029494965533,5.8621227277348185,4.993487971267842,4.042816228777953,5.894823164571054,4.916502586414889,5.049963179964727,3.7031457774584204,3.1904455251887622,4.4549687234510875,4.852427834103678,3.772677827524166,3.892688607702067,7.564333015605804,6.085540288246879,6.036029274583031,5.286380568070045,7.423430969868751,6.5464121096830095,7.516561661100836,4.4451780036772455,3.89006145841942,3.1901678278021803,3.8397564680399956,5.137489407869373,7.127278691186363,4.197814680198452,5.841000891670805,3.0348288874906553,5.886537294188392,7.8916554750525,8.40956625905072,12.817861501658257
PedNYC2_scenario7,3.445718633907298,4.950153307005501,4.806560684040589,4.387453558448046,4.953581178600036,4.434246071953172,5.101910393120455,0.0,2.7005223456546754,3.3191344039417694,3.8369255979703474,2.6292580797413145,3.5790913246733567,3.3041213148026025,4.681367183018903,3.130939850992678,4.8300941516236175,2.787360063324125,3.3621224819083326,4.50488962813073,4.9901332464132375,4.332713799632074,3.8556790363905606,4.0236378285624115,3.233740061944075,3.424207481142923,5.520076044391879,4.094530376782655,5.049647187523503,4.722123566407234,3.7331206318660293,9.221819675583133,11.004279655443732,3.3614729455830883,8.485214386224577,3.368806477923983,2.3333819474654858,3.2040622407226076,2.9556036823912506,4.194792955107,3.789197897145864,4.2443214911023786,4.830414962254148,3.6533131398678167,4.3953350443204,3.306958962996017,3.5694042591721966,4.181043949745232,4.323262167663739,4.412248501495753,4.567440716177138,3.713584049858495,4.967247285882643,3.310353297659573,3.4234815410636346,3.2763395025872173,5.471886082365068,3.448939895102974,4.080420077866819,5.206932315050099,4.504583125347326,3.8014469702485014,2.72248118285456,3.05536678807993,3.9600089138949564,4.292517177390836,3.3102847024214057,3.884820708171317,3.4309533259755214,2.753461001790171,3.5276109901220574,4.93349428022755,4.372662127390194,4.044650291743706,3.417350310253445,3.414148832275025,3.4865294026546914,3.239603693084538,3.983346921946206,3.4734546857704136,3.6621154572019563,4.086307275156807,9.645516101792095,4.552115621695271,4.362044581987813,3.9771784076577505,4.041901125822373,7.609451546916956,4.131271925142261,4.889416469731951,4.102778030522395,3.823386354328805,4.165770047766178,3.6234611787878186,2.9919320783086163,4.476079913652479,4.593077931929693,4.101947207333746,3.3988432231984236,6.815471745985056,4.496433877856421,4.562945995312287,5.302615507056828,3.1528460458105445,2.5746090887158344,3.5670372027530557,4.293428799508365,3.5952943550665335,4.12465264513758,3.928135999411893,2.625824275306444,4.57330331003605,4.167100858288212,3.4081391756966855,4.828020706892475,5.679325050739426,4.800376536967078,3.7469140500557647,3.4355449375882916,2.9500340577482658,3.9697816592198842,3.7997606996791604,3.7578261855660395,3.156509405927526,4.672975270866577,3.861209460129426,3.8764832250978487,2.9965265692038088,3.2775986377359283,3.2722764069161525,3.6383351461449043,2.5161389644180474,2.515302827666292,3.6170799992374936,3.7580672234223647,5.928981825312758,4.065328354237155,4.546623281359534,4.289228337198818,5.624214911291962,4.82255665564553,5.703066456697738,3.908990360631911,4.318395627074518,4.132863293553548,3.1353208646765847,2.5162632477249876,6.900407493114012,3.467000553563649,4.507781053681772,4.016684206641214,3.402401202759854,7.72889273861692,7.2956813258125175,11.996367681931417
PedNYC2_scenario12,3.5602292847797887,3.4235457309823842,3.290619291486304,2.8825865497347234,3.0479304539969427,2.8572439664772538,5.489424571203262,2.7005223456546754,0.0,3.331286106913764,2.195251685834243,3.369241815035413,3.9049611031148017,4.067368639961907,4.039233654427232,2.306174758852519,3.975118762693717,2.815411605582461,3.029851986180951,4.913157035911439,3.699468951367503,3.196611030644955,2.538531865723994,2.83923041375909,4.221314933355208,4.675341836220171,3.7499416519876125,2.775886036996359,3.0343642077474664,3.1576805898092237,4.124659766716053,7.59559455001259,9.69109289114533,3.369080707099264,6.55154619105844,1.7203925912741802,2.6708777650267206,2.1599620611011896,3.3532451828859817,3.3377962647927335,3.607341922791802,3.580603594370332,3.1242428853552786,2.922599054491664,5.146509837003501,2.8902718745468308,3.4308491180312353,4.324646457382174,4.8466824690971615,4.097734911051328,4.645304502885378,4.27048367641603,4.523450673043716,3.9985530386131374,2.8912426810038396,3.6349493050330377,3.7582786493866007,3.9061596994735175,3.7176859567191403,3.694911607043445,3.135168441989945,2.582879257032286,1.927775729076518,3.290543371057859,4.046720467359335,3.7294604066716066,3.406733451811408,1.8577051132314788,2.0235904612376063,2.0158817816328636,2.98320175137839,3.5093213706051904,2.7276844809868095,2.6992169245465853,2.5829437723056583,3.087730151901039,3.4863978631531714,1.8046565346328767,5.119086636577238,2.7070810919517676,1.900678771186141,2.2136891328790567,7.862699979194391,2.438743359102232,3.6446564198668807,2.777332751322893,4.66152883587536,8.439008226610273,4.605052291470102,6.0289673649786595,3.7806170468130307,4.5247774813188535,4.5944743413871665,2.0550928096727237,3.954807773970101,4.802256502632502,3.427470915488353,4.493332839934735,2.630782327209498,7.864902667320804,3.066119384012085,2.8296796019427553,3.26369950857064,2.0313721888652716,3.0798185344712867,2.776382998125924,2.7974468341076406,2.1390793313468084,3.1699361640755126,3.302347815646658,2.9907010005965833,2.5930579667113363,2.9902333629172673,2.0291346475645717,6.176577647666256,5.493301657848856,3.3367562522703946,2.9017182889905304,2.4510196175420638,1.838632487431972,3.6045624830618106,3.0022310596908923,2.304058870712187,3.068781066495238,3.785738898323152,2.9801672026890405,2.4386554013466353,1.5721233422052718,2.144684465883561,3.6197056339293536,4.4751529029215,3.412143874819502,2.528780172296657,3.9195807880964275,4.781209573900674,4.506622317066562,2.291776472990653,3.2256797237284567,3.0637927449565625,3.8282058525466782,2.9381054668789273,3.968332444187565,5.638057384961158,5.044189703480421,5.045201068090159,4.40398034376161,2.4646192587010036,5.947476746814885,3.2854110976873523,3.3763274598783273,4.36150707675787,3.287196065530734,7.408331351962186,6.840493742508941,11.67892747468771
PedNYC2_scenario15,4.082677499406129,3.658606957332841,4.417453875692359,3.19896198397065,3.564851366786228,4.82888220939745,3.6325115050611285,3.3191344039417694,3.331286106913764,0.0,3.662808572810217,3.052090348605488,2.10247283732768,3.343120521030426,4.4173687077857595,3.356147418406181,4.2752118293095505,2.1889731557212877,2.8529528049279658,3.0629141589474935,4.944675843262546,3.915400867870701,4.23126271493969,4.286076929564579,3.762510049534862,5.437401750548351,5.824943128562906,4.1549999450394095,4.825409320140206,5.0645944737023285,4.80136659999891,8.751719236356603,11.24598748418669,3.889074213530323,7.917042365496456,3.382733637565525,2.6977110733659058,3.357209627076401,2.705041941201991,3.684416515083865,3.6451093166130617,2.903049735676578,4.25359495022239,1.9947351590593103,2.831153173719201,3.666613395412783,1.8859984770998157,2.982783060028722,4.462480371850017,4.336358742980753,3.9254966007065395,3.515167269209142,4.8635255100563315,2.868408764503893,4.376674498184901,3.4273626784120834,6.251503626927146,3.7228822786797813,4.593378000913961,5.076744163433151,4.497606226523564,3.3217182058661585,2.680567117671467,3.6210448400908883,3.753685214333039,4.128347815384037,1.5978263089504303,4.03175759983856,3.578907083008307,2.8020536346219194,3.4247847482919402,5.921772268414031,3.9916798991939935,2.640994493296422,1.4696095087697063,4.145879384386247,3.694957759242281,3.6086621179296103,3.7690219312231714,5.12126080834768,3.810370079677804,3.528690319374669,9.347346590576633,4.3037815653539715,4.1049705766662115,2.880473639422838,3.0189249155144915,6.708840673825909,3.609321116922488,3.944221726520339,4.374708280151434,3.916689302902925,4.125736180487139,3.5007282517426104,3.2893796137857567,4.421470291192218,4.688619989529332,3.0409490686650833,4.466740414961412,6.2223373813731095,4.26480341389609,4.623158431063092,5.4007629876199506,3.928659104269733,2.6616358165851466,3.1603317435632707,3.555455741318703,3.736685124767251,4.69908799799759,3.9054835543491606,2.923017508333443,4.560943075968087,4.587782819607652,3.5690347144455705,4.351712035748382,5.140390797058257,4.16468992875172,3.255410267959835,3.613258197532845,3.319324944102908,4.277802771999307,3.237155082852145,3.6187597846269464,3.835606065240674,4.05549100486451,3.4510620427105434,4.006299716286668,3.3641957094151778,3.3650045996832736,1.8599831507574927,3.3857217375525095,3.2512623857304583,3.1931815990693613,3.381550612533328,3.938345658614764,5.719414224764282,4.278130564267642,4.749635495947746,3.845335535486848,5.48349207778716,4.8411606106174405,5.6981106345891135,4.103265017750964,3.2149346083669177,2.921868719947555,2.5984717101582375,3.028567961672833,7.000769910789722,3.1090359103647462,3.876005740292058,2.5807237404621692,3.846109160001505,7.7496005545050695,7.576094245999859,12.237813332093218
PedNYC2_scenario16,3.807612819155751,2.9506368434588754,3.0842800266638135,2.965130411712927,2.9450772994034278,2.7330117908064224,4.868881218900477,3.8369255979703474,2.195251685834243,3.662808572810217,0.0,3.337909451274882,4.351038542172602,3.9228682915532644,3.480923161080854,1.5601385344482313,3.8627365308958126,3.7708643471265892,3.261295892502358,4.754033628567035,2.6496166934424368,2.5451292829861103,1.7446271381329732,3.007879014523934,4.362505917833123,5.017849633501934,3.164646026145319,2.1146166593033318,1.8322825440381791,2.7824715137489933,4.567821590585122,8.145077427923061,10.835881522276594,3.9805076259540617,6.691365197236912,2.4757059908727665,2.677130727205977,1.8765351955049012,3.5102991193727116,3.1332128155233705,3.1529890451417266,2.972730245899562,3.3281817369237583,2.654830158435483,5.003126562897379,2.6766419471053595,3.325450708333036,3.8957014432145978,4.638233666173718,3.54384395711125,4.329851736379205,3.914668272482818,3.8749646218950033,4.024275698031762,3.312596478728414,3.0853797457897514,3.28676840855638,3.8403071683530015,3.498374806059813,2.662604133970538,3.319447636337969,2.51772205379417,2.801884425887357,3.3345623341293664,3.4642790660444294,3.1949924974891624,3.5100969671536153,1.1868063660835573,2.016401574871984,2.1443054444320744,2.2419547074384516,3.3489591904465397,2.9945273665238035,3.104557227186448,3.04711775712772,3.097144591495865,3.911002200167291,2.2953037641881786,5.362258571008369,3.9922538428885,2.606947026482655,2.555785534770325,8.442199859672217,1.837810753669554,3.697749855514862,2.752572885488265,4.714122976994238,8.35530169900141,4.635880332793867,5.912210506707387,4.536874778338084,4.378445494787342,3.9661070659762903,1.8282432440042207,3.9396161314811855,4.25954529147329,3.538421950812003,4.327825620608488,2.5400713041229293,7.733627224594574,2.40248356580791,2.965586080006563,2.2883482280178007,2.537411128436697,3.5932682410869683,2.833720657504655,2.419263378392392,1.882988549363543,4.461618196701544,2.428827096868914,3.4005051498286103,2.2965903790254973,3.3924911268906337,1.9135382416959215,6.193255157281041,4.754955507238136,3.857019148630983,3.5674353874766256,3.483478716057495,2.665943995467796,3.151532532543448,3.7892918901779296,3.277394338124685,4.197972508837344,4.2792300149980775,2.335946581972499,3.0129264209110653,2.4861036670254815,2.997115289501537,4.1302906040629495,4.434050279078043,4.085008997258323,3.124493567259583,4.277720359041621,5.068203580478204,4.68257709976613,2.1195344366907407,2.9269801410191216,3.085551092367937,3.4815702518870983,2.381827116594425,3.6439086059391816,5.94857290670221,4.85587488456699,5.0614703299052985,4.6796117436503915,3.4562338674009982,6.674568291858456,3.445340884778261,3.7601321396849774,4.30544398929552,4.540673566809168,8.351821680999025,8.048281164993544,12.922834197437481
PedNYC2_scenario21,3.4060661142915465,4.776884731421945,4.67598681240049,4.60736138577229,4.831877722760066,4.61845672925391,3.447428466411142,2.6292580797413145,3.369241815035413,3.052090348605488,3.337909451274882,0.0,3.1462356734469887,2.658452109014105,4.303513731102349,2.73135286663213,4.68793809139943,3.121505776042491,2.9097084126695925,2.92008059802389,4.607764719346975,4.186807280543676,3.7306110457426973,4.392852115618796,2.7091135789374188,3.14780946870599,5.293213740018718,3.943608462755346,4.79205916571861,4.654550631565571,3.0810404393936976,9.149267153309514,11.855366321049564,3.7651383326630232,8.364314485918165,3.921598480816767,1.502035318442742,3.232058952146486,2.635118868117771,3.7777070860274318,3.451249489025471,3.85951341137419,4.910176792270901,3.344977409189587,3.476877539858257,3.535625717660797,3.4771850288460566,3.6454735710664177,3.889086427336243,3.4757294097012092,3.7662400431634993,1.8019986933713548,4.804313699677442,2.105462394982613,3.1718555844727496,2.3926153846827765,5.443819474109064,1.9767184058761456,3.2081961411422433,4.765347342206931,4.86776766321811,3.5812173714837385,2.825095616162502,1.7153461936673295,3.264399836743801,3.327178129551424,2.849127493098706,3.7987429893338622,3.289454698211852,2.697134573067049,3.297588825701291,4.785397637286865,4.59832767407151,3.980389473273407,3.4911286367944068,2.8123758642169943,3.7270300863930257,3.728272832586219,4.070139489046599,4.609879645755831,4.005372844121389,4.2639520364264305,9.757882970988192,4.420772294063195,4.412277572643536,4.024986076796653,3.2393893509586333,6.8066465400669545,4.2129311991170555,4.106447644207974,4.61150992330307,2.7218858547752864,3.0731628273907794,3.5045767545437942,2.6149335651072003,3.9819229730018977,4.728671745885512,3.3711566059852704,3.35790141379802,6.206322740680852,4.2910171015093415,4.793546193198666,5.095102475404813,3.8342369125885374,2.576562868649056,3.7246161460873735,4.339476648221173,3.290580482224314,4.914560068740023,2.8789532656786956,2.093664419497583,4.427153864706773,4.694939837349592,3.2086198409567226,4.495757583582483,5.249782632529915,5.170413683344668,3.819355272365776,4.164268587152863,3.330400291286124,3.8937701211346307,4.395742081072709,4.354335170262727,3.872212684455952,4.660288423854673,3.482491406520804,4.365676890754947,3.24421244135326,3.665981153469362,3.1753280923295724,2.75312875701037,3.398196742025941,3.187933617922524,3.5686022548532024,2.894371108571074,6.42209790640679,4.188323239848019,4.413040090553198,4.3649827619886095,5.8006512608513106,4.834302789447923,5.819082890031738,4.200749016403645,3.961054957047685,3.9237172212522045,3.356875391281294,3.4289179090977635,6.8211142089828884,3.761865087743386,4.916482449882318,3.8361261974144893,4.427528226527278,7.934146535142815,7.9892734010521425,12.592549551963582
PedNYC3_scenario3,4.492717639359269,3.9148446630772233,4.822323352833297,3.817328762669724,4.523198936161433,5.314900769646841,3.3673044237716696,3.5790913246733567,3.9049611031148017,2.10247283732768,4.351038542172602,3.1462356734469887,0.0,3.3195804944107894,4.941956824870951,3.8177737004618666,4.604254143021866,2.409242545114855,3.7372684230919693,3.0356930907668858,5.452135439765663,4.527824000357237,4.818205803066319,4.8275721155257445,3.9844474206762857,5.639061502792872,6.273241550822457,4.6650913122945665,5.455536028480127,5.3339881351073934,4.4922220349907045,9.157799948198813,11.59388268522701,3.875623819808214,8.488482058105125,4.070908824260844,3.0444001611841327,3.9552005396078074,2.8511702226821902,4.340098166463485,3.83331825795044,3.3414325511136522,4.400844089787042,2.737676295057684,2.6204672413377037,4.1877867692616615,2.2400879708133683,3.46727700886845,4.5143502896497285,4.5264235633052365,4.1389053496086055,3.9712019861755747,5.251588575945679,3.2490596790325665,4.540052864798267,3.7275500742720755,6.849318946870114,3.2781888017853564,4.686212519721308,5.564634666100334,4.856437828851535,3.967483351485242,2.8202716575795517,3.746397901493431,3.971224989989999,4.4404928501854535,1.5508663113134191,4.63578064401665,3.7455854890121,3.5635080935016585,4.105236509064734,6.384722008680552,4.466080632135748,2.9536789543955075,2.340228149015203,4.6735198833567955,4.028974960088566,4.183864648808112,3.5200645661869494,5.425471627505009,4.278945848560659,4.322103962875935,9.78016390125766,4.9034449099286,4.581106862089005,3.678755914238499,2.2992340161859732,5.8957870096092835,3.8708418998994367,3.6750532665458593,4.50887598580807,4.050381694767323,4.3220814512435455,4.04412067289158,3.7376378389717733,4.829295723868621,5.285207606245068,2.9327371835619824,4.8878260756444405,6.277130266167046,4.730498173740922,4.786274172816655,6.11548925335507,4.5272014606285875,2.9920589587339017,3.875858953958994,4.264771701508546,4.403985614049988,5.169659993389154,4.467690658146425,3.3720860790993377,5.217977556742301,4.934073569759664,3.765298499111587,4.155258991373998,5.620623037006401,4.560704526840754,3.209173935126295,4.034001375833255,3.9610443485892337,4.660578806836145,3.7725098119288476,4.231759659778587,4.235103040482137,4.237486405310955,3.7303956702144343,4.889250023064749,3.791944945230473,3.971570081420424,2.4818744442010083,3.1963239130437313,3.420832040711807,3.9359226882161216,3.686397378399257,4.032424484216418,6.280848036339121,4.799745422370052,5.012569158831257,4.312094593690002,6.171953633860643,5.3931931456295,6.308315114909846,4.060180470701291,3.495889837662647,3.215889209417901,2.7738053526626616,3.4566422621769193,6.330458749278209,3.9099015787894142,4.477585258274,3.301530006280918,4.2865574233027335,6.497784453950553,6.758329439099322,11.27360675749523
PedNYC3_scenario7,4.236553969859295,4.354323166488979,4.3525866596848815,4.790542976048016,5.514244838438334,5.5292612692749765,3.9693512402620517,3.3041213148026025,4.067368639961907,3.343120521030426,3.9228682915532644,2.658452109014105,3.3195804944107894,0.0,3.765658511668913,2.911941273815204,4.461292516942151,3.8328533238042675,3.9070133379830407,3.584830585345154,3.9916682692973544,4.292113290679045,4.049206776740299,4.999946507673581,3.8567623174495913,4.1036305111447415,5.595427527708241,4.565564460490899,5.034287092940832,5.549062698409466,3.850444263204074,9.889710479355465,12.250710083455385,4.022823815936723,9.130028104468545,4.411385951129684,2.4380435501853843,2.9254809208502484,2.3581237692370407,2.757848991169762,2.80904692552585,3.4034215409078907,5.370316268118629,3.485706869585624,2.4095490389280236,2.7404632384820027,3.024203331472998,3.4364510378149435,4.008080579373479,2.214611636665461,2.560063429108506,2.4760581795003875,3.4839596658793512,2.616258559559191,4.249952844977703,2.504550776451746,6.341629346386486,2.9944902540140945,4.08933434192227,4.456910577748722,5.257376010363967,4.042439591642351,3.7543389303973798,3.2263656741140947,1.8522933516817306,2.586222542554036,3.0417717938455278,4.255055830966014,4.297295953120673,3.2308714243332117,2.5065964912908325,6.02433077884548,5.2668477020873805,4.3586140956124,3.7071436604008503,3.795151823407684,4.123748581924223,4.1268849483201855,3.3298484299489393,5.355688289066188,4.107383960220603,4.951153840410267,10.472916232194635,5.045872839545583,4.7403984457594985,4.630121322511099,3.5881268920523883,6.553963027028193,4.190977774754591,3.711840814082974,5.1700726220195685,2.274267182044901,1.9589377920675195,4.511098469934189,3.229732888200682,3.3443660523009013,4.84698177574305,3.8938518101112605,4.391572594596212,6.940949656767012,4.22019179983481,5.094228241365138,5.624138701017247,4.566034913569295,2.9583580362335735,3.4768336302722096,4.294642957752812,4.54166583278908,5.63124029370324,3.297019652873414,3.422375227937613,5.4911487005466775,5.420089968358349,4.0773719259466965,4.23735215890488,4.575316588882003,5.737633976379425,4.307195260363628,4.846831629151853,3.9911989354206674,2.8929269654153233,4.6532870111056415,5.104651837920114,4.531440066958481,5.4662313023064355,3.082440452057104,4.947429097711124,4.369400683235697,4.715286564382615,3.8130618883322813,2.7525875855304207,3.1614849861246515,3.757590091625064,4.062050893161544,3.864904669851167,6.887130507215538,4.960667403957716,4.6081809873099555,4.2472047167300095,6.100539905915971,5.174419235513928,6.493234425849181,3.769938149319996,2.5685665990219064,3.126329040892843,3.083937263490637,4.022501254053419,7.516320595899729,3.6931759300639775,5.342495031683744,4.164373412476184,4.997071707054151,7.905527996706665,7.923910272529637,12.566207405761778
PedNYC3_scenario12,4.914150427910214,4.182801201615004,3.3727340692963828,4.6945463022073275,4.9204969408395245,5.435388333494823,4.480053414623118,4.681367183018903,4.039233654427232,4.4173687077857595,3.480923161080854,4.303513731102349,4.941956824870951,3.765658511668913,0.0,3.433310169116099,2.3644564132934076,4.446935906970981,4.5246800544860655,5.399656100580867,2.6119717703450944,4.6235586706105485,3.5083017430803265,5.114601981200555,5.801439692533969,5.964773689574664,4.68671009697451,4.136055012501493,4.209713693396723,5.766872519972506,5.8853280848515075,8.608647761546733,11.251071372565525,5.086867901807091,7.9845234422092854,4.714303191807426,3.8536067497524127,2.713200649117446,3.4282224385892044,2.922193372405751,4.339612490868693,3.375641380269403,5.15237982241325,3.5327629833778724,5.065932381698107,2.4885670885821227,3.682725860796976,3.101997424307218,4.6726603489236105,3.1786500999559646,2.524822465249682,4.670509876589107,2.6000404586554797,5.153368735263757,4.600217513103254,3.720378555249361,5.811520826750752,4.951825024866117,5.603361565280914,4.379333766138591,5.296107510906233,4.457904521622223,4.24721947262252,4.949000009186399,2.1940711311210803,2.4004282071276304,4.049218842699725,3.721671008239798,4.512980403914343,4.077904831037298,3.0758328137798303,5.5541658975585655,5.494551734366309,4.105392453648174,4.063571410304232,5.44083194837616,3.9178256619820977,4.480433258812444,5.442092335497041,5.377810921444335,3.434491464287235,4.691859836652627,9.190905528835058,4.531438505115167,5.350820129347881,4.8687039624896045,5.666502600912349,7.6447860658690825,5.473738900477327,5.577034942315961,5.4022489655035635,4.99339094840342,3.1339226237771354,4.403761460534553,3.8637268612238698,3.151587493139167,2.980710335647014,4.871121905349782,3.853774794421,6.55179020563021,4.097137791721394,5.1563690321236235,4.90582871679048,5.213175164540964,3.2271335299451214,3.1266022957306516,3.2034736205852634,4.150301207903576,5.174580025879505,2.3846756847144475,4.069686516020938,4.667828968065284,5.365419558716991,4.586461566260546,5.942698641851861,3.541977115583662,5.711290103455015,4.267604949833384,4.834155975742815,4.481141034147034,2.4312070727701918,4.727728187956696,4.80715916167431,5.169013382765008,4.825254480895943,2.5191625080897664,4.001550551837831,3.815862487723115,3.984913592734137,4.3655002255563735,4.210630661258986,3.7358255895806374,3.6494463214587305,3.365019842709043,5.169007675283724,6.573406500773358,5.068658754814413,4.809172881141077,3.5540660580595675,5.937365923343397,5.131201873390386,6.438108108892959,5.676510483446764,4.489877447362621,4.0523081811712505,5.029362913975387,4.722750620564602,6.847816445839177,2.890521093935263,5.063745591681632,3.7612974006955695,5.030266940708413,8.130075308435663,7.703197336758998,12.480902627800578
PedNYC3_scenario15,3.271335527267164,2.892655301676719,3.0340671331563698,2.978997598337101,3.4611330680563785,3.1055355573865615,4.642395221158886,3.130939850992678,2.306174758852519,3.356147418406181,1.5601385344482313,2.73135286663213,3.8177737004618666,2.911941273815204,3.433310169116099,0.0,4.071952452361965,3.1640807214673874,2.702188797482022,4.129763106489159,2.6302074281440744,2.3167317052567853,2.059023461911488,3.0363228538193257,3.8224222555541716,4.290662107749756,3.3489970705701513,2.3571536382833935,2.4869641130440003,2.9063151990599043,3.778704975952429,8.765803985163094,10.946986023459003,3.0340497996728195,7.430202271057461,2.323783718559851,1.6329837802794904,1.2690766732731606,2.780259975198419,2.4411549230688605,2.3359269992665297,2.5999273265296057,3.2749550833381087,2.5677859719247453,4.158089385563676,2.14265945306835,2.8578230992515685,3.9489815749613726,4.49745176198908,2.914569988181037,3.7361686309725144,3.290004278888392,3.675694697632243,3.188814456875884,3.2512910381463795,2.5804310901423264,3.857548349604054,3.0601303196152463,2.684234296613312,2.463144654323597,3.0183522240828613,2.165985900638994,2.3605859194815793,2.517237784963976,2.7788811462057588,2.790617947069243,2.9731674157320955,2.0108487522959715,2.178729114187193,1.4436590732271433,1.4807915075117033,3.7172361005745977,3.0536514151948926,3.242601556540905,2.9697208150560637,2.6328089462750097,4.043762481582358,2.244966245424903,4.91057345528633,3.7274176782530293,2.8041724992474646,2.8945075364703605,9.003519419703059,2.376826597903684,3.736597879339891,2.8469519886531716,4.319996472328726,8.134158650912573,4.474536737840161,5.52451113454677,4.443172944829141,3.5353923822177773,3.4592537442771576,2.0310058466226346,3.635301083943233,4.03429177252142,3.912338032442922,3.8634374085164005,3.0061211749710135,7.704866814331751,2.2327256163050277,2.8040474765236816,2.917153792322298,2.4204417467883323,3.106328954073983,2.191201765267351,2.4414131880602925,2.129267340976146,4.460378852694824,2.4688213710359825,3.1912994271611836,3.145266635833587,3.3342797406544102,1.9413736367175296,5.839320662232392,4.957515012550376,3.7474994883811084,3.428992763752843,3.2101773735052244,2.0555029110162706,2.9426220464140256,3.6248573524693035,3.512670483435587,3.4638200208862924,4.469496760312769,2.365954544066259,3.2822158273789714,2.843103627706275,3.0388789378087444,3.6797998601824835,4.086052130640159,3.854363332918683,3.062908638218773,4.113285726272927,4.827931978464959,4.633760735334961,2.290997357463117,2.4762957348774384,2.9377847430391872,3.5563889610389348,2.526639910404971,3.8285840086514313,5.363695608619498,4.111559931107233,4.5441420680448,3.807370099045777,2.8213534146152393,6.625141094085474,3.0956058691833115,3.857793388358777,4.330828670238934,4.307399744148514,7.9657715094782375,7.651926405268826,12.512097019734252
PedNYC3_scenario16,5.679909640335125,4.2269277644734755,4.224983891332085,4.330799758788914,4.459425771327006,5.1484551566895,4.804939988249578,4.8300941516236175,3.975118762693717,4.2752118293095505,3.8627365308958126,4.68793809139943,4.604254143021866,4.461292516942151,2.3644564132934076,4.071952452361965,0.0,4.16655331749301,4.961848235234443,5.334929846971494,3.9294021463758546,4.598019700935506,3.5115510696219423,4.739760130464392,5.741471737014842,6.751597169903007,5.262635338765593,3.9094163300281757,4.363544042571809,5.830796412982392,6.237775835175562,8.104425002637067,10.707372125619454,5.302272466672292,7.257308764448622,4.534066514105589,4.296831104528081,3.2506233225566814,3.2601394518373987,3.9205872015563528,4.523689459355984,3.5403095216811153,4.775390450095708,3.644806292408827,5.4933149310821605,3.4876386397795653,3.739370901364607,3.477753787154934,4.824330357811374,3.926069829870862,3.4928598800583197,5.2593241839164975,3.797552392152855,5.758400596947726,4.326374987089189,4.189798169964102,5.846507355069631,5.045128958032874,5.898389558492396,5.127600920274407,5.14019576081072,4.77154335457554,3.983142678803618,5.242471018627621,3.302414728560373,3.4584377556301966,3.8426622357021882,3.7278757184036895,4.44465674818477,4.532089928127542,3.934682473764337,6.214620106045142,5.129097670160362,3.0616346840103645,3.6064302308372396,5.992420270744979,3.6871976644392945,4.4832642148231105,5.488539249087309,4.9991952741398125,2.914652689380974,4.4930142119505385,8.644508734823388,4.5678542064923935,5.923238636663374,4.741109515280203,5.609760291836881,8.042875394454237,5.897016683015811,5.868447812470937,5.505141171653953,5.901701498296639,4.233301295608869,4.448678415105705,3.750156787667103,3.2610072846914977,2.163549622551082,4.568003843392198,3.5339034745150664,6.340619616886179,4.9924894559333275,5.284848832004428,5.206301891747496,5.3009475346717885,2.8953601516816114,3.680995370475431,3.381171146125612,4.376741390668811,4.979570549802575,3.377449388355452,3.8512959494405403,4.1008930035702695,4.817227679383385,4.647067725428764,5.820048933723443,3.7329655654374663,5.222569159349638,4.441327226109025,4.844081607232018,4.699622111233123,3.5143336369180043,3.7831885406962265,3.7256155903693426,5.278405264148022,4.561645638652531,2.9962140051835564,3.4999779287850035,3.374609702114654,3.607131340868999,3.779883794124605,4.096591522503676,3.5889181094266753,3.543588542631101,3.3930038649550704,5.490332317947659,6.39536995352346,5.225424776159907,5.448033399588685,4.071092877651751,6.242486015658534,5.556558744364497,6.60154166507878,5.73726570806922,4.833274704764972,4.263501547160863,5.1833425138001505,4.479617294832717,6.523522901627929,3.87805648333156,4.466100830173249,3.6905905681599203,4.797462308674857,7.521744504027877,6.715115565545805,11.5471569879224
PedNYC3_scenario21,3.2610998711826906,3.850945571865843,3.965556338144662,3.0778805338484743,3.526073970108419,4.500208249065816,4.381448472324966,2.787360063324125,2.815411605582461,2.1889731557212877,3.7708643471265892,3.121505776042491,2.409242545114855,3.8328533238042675,4.446935906970981,3.1640807214673874,4.16655331749301,0.0,2.4137917154350452,3.6799625751911864,4.859992399314289,4.086920061818349,4.021381560988488,4.148303794145375,4.224771594546098,5.115488517142959,5.1341956216115525,3.9972311905506013,4.657768944882405,4.5353560771918895,4.217266772529634,8.595420274966507,10.552066338059756,2.731003738610593,7.708290028045303,3.0443236354572356,2.527444956046329,3.181629127129016,2.83013094705807,3.882293763916934,4.050113524321001,3.303799080577202,3.527010743179932,2.790996357949789,3.9441463205559484,3.5713102315905534,2.518107632289116,4.073267362431401,5.274500736813353,4.723754092191451,4.157285296194995,4.27544690470366,5.009621824925436,3.3691101472972806,4.165978851329837,4.059628874960344,5.610538155401133,3.688361150192182,4.254036895480615,5.04270810593313,3.612238190340939,2.812110061723091,1.5322624150219508,3.3080702370645176,4.037250823845273,4.316226882628987,2.0418369600117554,3.7925550090055076,3.197002316634618,2.589231736990326,3.7739713662618937,5.146061403444801,3.6627671716495613,2.42712272849855,2.108804608433485,4.280116606253796,4.16120248475895,3.502504956538941,4.7971496821351804,4.131704407706328,3.497016499922941,3.3327617903429974,9.003846407122674,3.862022117880788,4.510898507772547,3.1761955712063377,3.9947357206037526,7.533963778406817,4.564597239870441,5.1727084747347005,4.2035171613183895,4.3385257415520355,4.759362064516982,2.8465514272562458,3.6933605890609478,5.02106457419494,4.417784080764385,3.2304955723769133,4.0813227174196465,6.601879451160666,4.093669557295058,3.8260147719495983,5.05200605797416,3.634005977739818,2.5575200946430594,2.5853040141612404,3.3232353824110477,3.289745513051269,3.9645078965242306,4.046766542200802,3.148600211429832,4.176127939953405,3.968757172838928,3.2634914787848515,5.457618672807117,6.077108883099972,3.5371383886713255,2.624687410340247,2.289976922412273,2.3412916437677804,4.649797052794624,3.1158662628085065,2.932186138153148,2.2800214318786685,3.9323130139495723,3.8453406125542764,3.609873160527334,2.6877907807500727,2.3846204492715786,1.831851155456614,4.228577669861833,3.5927212573238685,3.2033091060041086,2.8918001345748654,4.515271670954331,5.102682118361328,3.8607159533642617,4.028109648850357,3.245294635422108,5.173333984133128,4.542850058479526,5.327896531018041,4.970701520367762,4.278319820708009,3.853349863182716,3.0630898417331873,2.282541650073921,5.930602208084377,2.9388810431001686,3.8899114086692306,3.4069388268228944,3.3317665793961098,6.973903938043909,6.498769627446632,11.192891218376054
PedNYC4_scenario3,2.556456992776964,3.881278594615571,3.6046203014343816,3.3737157233849833,3.5277478138355716,4.25438745154059,4.471804452398116,3.3621224819083326,3.029851986180951,2.8529528049279658,3.261295892502358,2.9097084126695925,3.7372684230919693,3.9070133379830407,4.5246800544860655,2.702188797482022,4.961848235234443,2.4137917154350452,0.0,3.606229350464096,4.317731086297766,3.838854373211049,3.91929495560459,4.273344561689065,4.414971679978261,4.534080321106912,4.311013005540163,3.9148293768075444,4.042811290258582,3.966195444740679,3.5940470331434082,8.592294104129573,10.57234127557289,2.7514437783569727,7.448865773838849,3.230943287696576,2.243093861000176,2.949874595183857,3.5201866355679687,3.3025928249722076,4.072710540092273,3.368420198864872,3.519341721246934,3.0966843712419654,4.170895444781646,3.562733008034074,3.3460127557699164,4.640658860940249,5.809166674796752,4.4040565354161885,4.0999379665757685,3.6389545984467544,4.963986491353682,2.701130269205735,4.346115667931136,4.134331068231152,4.855363232384259,3.6007462182863184,3.449859712256024,4.172371205970633,3.256526876485321,2.31936292906948,2.4061560208848527,2.557616322969724,4.04941656356303,3.7680916734265844,2.9006084236054797,3.6039069741494942,3.1654252579228253,1.7667055250891057,3.2586549863867376,4.146250273378795,3.6170023484566483,3.502226666775516,2.947534592154527,3.2382200916358572,4.89255271467951,3.617438667177324,5.731384138535591,4.524926764094705,4.130793594049811,3.3242890347491905,8.818436482600312,3.3273015617126855,4.370209656129368,3.3278124344192026,4.475301888396562,7.964357813662043,5.052407396613955,5.767835682624871,4.7560516893874505,3.591734102231603,4.396227860650718,2.4362521856809938,4.100185063205935,5.320493573806713,4.811607970599401,3.865019336621294,4.221631742957125,7.183045845883161,3.5147659608321753,3.4635837683631863,4.26232457542202,3.4625822149674006,3.476185590911956,2.267855636190096,3.0448463393861203,2.481298854668346,4.428087981688795,3.2332185899796992,3.7112983646595024,3.9009242695408486,4.179874598603513,2.976153849035672,6.281154360848655,6.460413130404123,3.7349854318552955,3.0135353874322184,2.50725082328918,2.0209616676556967,4.792799205080461,4.294853198519249,3.7238764514941405,2.2756940332005304,4.371285222688837,3.928310880351163,3.883592897777531,3.167549797191679,2.860050096734586,3.0884085104933625,4.77556194340583,4.527025145809854,3.8111305948710674,3.681753121872444,4.709233821818573,4.569431282992275,3.3031336936745355,3.078685960496009,3.0183274645091607,4.506204825996567,3.768507797441567,4.5690428613093665,5.640647755355281,4.474834004710299,4.521304819372656,3.4160867181747907,2.754264124669859,6.280532937759572,2.813367900745455,4.363723526978613,4.1777723611668405,4.299042586041726,7.991025752334425,7.633922682153899,12.329774400862378
PedNYC4_scenario7,4.977345079180553,4.991350588065006,5.688028585172913,4.939212727540551,5.225257339977374,5.703153102800148,3.242313281880545,4.50488962813073,4.913157035911439,3.0629141589474935,4.754033628567035,2.92008059802389,3.0356930907668858,3.584830585345154,5.399656100580867,4.129763106489159,5.334929846971494,3.6799625751911864,3.606229350464096,0.0,5.716840949098545,4.494568068276529,4.896086123321354,5.158883398075931,3.4169368813101557,5.221363238682404,6.301186783192263,4.962275415482494,5.678970190623335,5.658718186479398,4.159638840217729,9.106852390184345,11.789941107227063,4.100955701504466,8.228480339459802,4.855034984043863,2.9551463402193936,4.539041925869927,2.8404276195923024,4.377365021126898,3.6210162406656465,3.5572859451951424,5.141902052950443,3.7023419488983342,2.7419546675274624,4.869535846489952,3.717785947815152,4.46745492434681,4.921293740207386,4.300141152671647,4.208380039121053,2.771437723023606,5.947973325430572,3.0567962998312113,4.867876527386039,3.6166858105370268,6.875583182466152,2.566970370518574,3.8163206842889004,5.373812185011656,5.2128635425810925,4.3060030412030414,3.768786247011845,2.957106905723059,4.374212603217708,4.447851818165005,2.6273671186151515,5.218931438983241,4.75576530094325,3.7797540479798477,4.1598957530883975,6.658825322040579,4.966730410204076,4.008978739736982,3.5731817232078664,4.547969214476119,5.332559438184532,5.217338886409276,4.572461994554182,6.193576424542055,5.148871225055241,5.386719618029396,9.667324734412974,5.356754813637818,6.126831060842581,4.578202524254963,3.500382049109482,7.218176287024552,5.649173551747044,4.394929433634845,6.405657027911517,3.9835952286207243,4.161420575887307,4.629886294907274,3.4913029450217787,4.4794973763203805,5.549598532851511,2.258808323548875,5.211421962051087,6.238131017020012,5.487133560995727,5.786349780624576,6.245215312619289,5.349317805151924,3.596882577067796,4.439906617097357,4.955455051556836,4.5598345599591825,6.628850259508933,4.343615793179518,3.7277446535569556,5.416365364794156,5.478947801083533,4.614348278791274,4.7894260458157865,5.89992252164581,5.1960199860751075,5.067944211627702,5.354639162429717,4.530126446485268,5.445395862531744,4.750553225452395,4.970880020010471,4.75527228537801,5.7502326752328505,4.711734020908533,5.729252218234996,4.929938910121114,4.95666911345827,2.8864676131422113,3.5790725487083614,4.755217299253685,5.058786612612159,4.5797978880246895,4.754297451858611,6.611093198305814,5.346047793328792,5.321851620408208,5.144050864187249,6.705049524187875,5.849757043097593,6.556723202739094,4.30133615760735,3.1744594380419535,3.640774361606292,2.981948122173652,3.8864645176602104,7.770587733607558,4.9225955688457645,5.5550607738670985,4.411801530836578,5.9943018579947225,8.313056328704834,8.302089887154903,12.846086660984861
PedNYC4_scenario12,4.3182880101643235,3.603959885205173,2.181221785716424,4.352500936056147,4.577906897352517,4.74135043704536,5.631437084573044,4.9901332464132375,3.699468951367503,4.944675843262546,2.6496166934424368,4.607764719346975,5.452135439765663,3.9916682692973544,2.6119717703450944,2.6302074281440744,3.9294021463758546,4.859992399314289,4.317731086297766,5.716840949098545,0.0,3.879629064637901,2.70621216219328,4.742618609919166,6.013246665616497,5.6141948103521475,2.684066801250033,3.8686697114204573,2.7732558951287274,4.527685940737263,5.231675256323158,8.3243481335542,10.96529493703523,4.419727506088847,7.188898585689138,4.143088696550767,3.8431274913572877,2.3774390175446776,4.083270939487956,2.4360282582836743,3.856048524809251,3.3444020122326146,4.505209735700804,3.89768446069975,5.40976625631939,2.062504867319925,4.07220551172551,4.562905872349728,5.757640216603324,3.215226241648493,3.466055258662052,4.811958588323678,2.379900102614417,4.955022840739607,4.9529703451991125,4.148658615414759,4.30083442728857,5.0295840300410894,4.651880393134254,2.327757497785502,4.286657646525688,3.3405519690897396,4.2355325153999175,4.590732480987717,2.9887329823775386,2.6122938793627015,4.588667807919641,2.7050281435228434,4.143064040435102,3.3404638119343826,2.3197585413431434,4.214227968311833,4.760910166563277,4.327961297807431,4.372475186828779,4.608567655025499,5.220835070146632,4.090951720617409,6.049004687757479,5.317536548124581,3.308177628230035,4.422866958662016,8.674909622681037,3.282981485994623,5.1371546766265865,4.58923138551558,6.066736800450734,8.851499027935363,5.859538323002314,6.543338876071946,5.912823713518153,4.641808233473742,3.643083151917112,3.6500534059667333,4.980426499043246,4.354975813546239,3.537356758792663,5.272935576905623,3.918763753180973,8.464218414374516,2.525264821965802,3.9381218868157637,3.223448277253736,4.4705187983719945,4.488867412331437,2.797616634467573,2.9976980373549953,3.7765640887522407,5.697987240013495,2.848118266173391,4.9744137244528215,4.186300864983601,5.070007742865111,3.9707332769803765,7.049680570509785,4.807136910429907,5.230363843975133,4.498683075354601,4.524879965319546,3.764242007553428,2.7393460272884194,5.16635216061433,4.747912202675418,4.8534768018067185,5.718143303889259,3.027557387366839,4.442751721644002,4.156473646015318,4.490284872368045,5.28288983023051,5.382295540258578,4.806869300400008,4.5624986681442135,4.660106921205,6.270804092262324,5.744192841564431,3.9550910662238987,3.1318543837266573,2.72013595620864,4.594652321929667,3.526779078972672,5.067315364606243,6.68759234282695,4.949823027165129,5.27887161278782,5.4736805487090745,4.727793958248424,7.338465930527956,3.6528992798854003,5.401573559234932,5.270867229002491,5.859417703185297,8.869583429422649,8.471932841748302,13.33369517062781
PedNYC4_scenario15,5.166491636329544,2.7123303203608717,4.517570764944983,2.527802354235351,3.0364238905558945,2.277819502853401,5.575910535481098,4.332713799632074,3.196611030644955,3.915400867870701,2.5451292829861103,4.186807280543676,4.527824000357237,4.292113290679045,4.6235586706105485,2.3167317052567853,4.598019700935506,4.086920061818349,3.838854373211049,4.494568068276529,3.879629064637901,0.0,2.5838464389303986,1.6983184742358344,3.8785499048181955,5.933496631517153,4.1874197662532575,1.698950006564504,2.3427791499418134,2.6502233935520065,5.22657538964379,8.462431517706442,10.130845130533821,4.02099754719463,6.6963850273540535,2.0477395075816696,2.993254848142696,2.6256907167567842,3.3862401990866657,3.5498904116686556,2.041141118033887,2.6543610031852443,2.8224145982100013,2.786933004330003,4.95213500054092,3.6992903905283825,3.4719032032754056,4.819945304602154,4.790694531064344,3.956842793866714,5.126551152192412,4.346219815095039,5.229390850639823,4.6092383922427915,3.7011692247392634,3.2308354698414874,4.270062992391452,3.8303612949389167,3.027381895161938,2.6654603257254568,2.789164476095744,3.289426439809416,3.334653106503946,3.674549256809315,4.265877409956432,4.247610356204041,3.4936219549402923,2.879968911749649,2.7651579234901393,2.743376776593189,2.49811099359443,4.996448630091693,2.0067903037444803,3.261714128972146,3.182128272637516,3.6399149955278673,4.643507497442097,2.5246201948948457,5.531990009400061,3.9249630850230024,3.24676579493023,3.026806226119787,8.36813749464775,2.549826790660547,4.657333104812138,2.339837000031342,4.7994829623639506,9.327373116391144,5.384308962717847,6.43873285958042,5.257156683431038,5.247729472965789,4.85888736260281,2.8595454794846624,4.378122472091256,4.486496486699865,4.333220473005822,4.124416354401123,4.003292534723264,8.50663913452792,3.3590936026742733,3.329911804183669,3.089261953641279,2.6602383514424397,3.896942940224339,3.4196386059126094,2.764937500362798,2.7460201722535404,5.248317685552028,3.888945567810581,3.9097719063437735,2.917652595337964,2.3568485517688367,2.7347809642254695,6.342783544821943,5.086760892275342,2.7827278605581833,4.756097244368207,4.274911252303419,3.2383490098415066,4.1050355675941255,2.928242333722848,3.3676737468160822,4.687500216339456,4.839308058627302,3.2582800031113663,3.551701216826129,3.835725897446819,3.700200756180084,4.016144230718207,4.796847377919052,4.8003720200729925,3.9412818457954066,5.579084330227648,6.222139719743555,3.619258527425737,2.3529729284232137,3.651738581084451,4.253916078359239,3.11036307439611,2.636708428217897,3.038432425162829,5.8475287794306166,4.50503053685378,5.3233380304637,4.333364349076987,2.9023573082058385,7.379329901265056,4.530908044876395,3.082328294004725,5.105222725028336,5.000078202615459,8.354039727952637,7.728505944555187,12.600886236623882
PedNYC4_scenario16,4.287256262217955,3.7517936567223305,3.5910994884094394,3.6467588228140397,3.685609653976653,3.024993606220241,5.507429247552647,3.8556790363905606,2.538531865723994,4.23126271493969,1.7446271381329732,3.7306110457426973,4.818205803066319,4.049206776740299,3.5083017430803265,2.059023461911488,3.5115510696219423,4.021381560988488,3.91929495560459,4.896086123321354,2.70621216219328,2.5838464389303986,0.0,2.9312023374137812,4.329839482352826,4.928050409173988,3.0056298638734833,2.302266396692736,2.1708828852381066,3.2953549329472716,4.6398173107819325,7.899440321465702,10.500172148947007,3.788860907534563,6.344624418839187,2.7761653920683096,2.944353079711902,2.177535918157545,3.11642229449963,3.3287188005402353,2.877689428987122,3.1371046453732863,3.768852629738175,3.4270808602921132,5.419209349450368,2.611502146440482,3.83166226482081,4.422285286298793,4.782862977773191,3.520708035935001,4.393970120627766,4.194439754981843,3.877635134941226,4.650163324932434,3.3983349367470472,3.181690352860513,3.0817368451567493,3.9508525231086926,3.4901351031372574,2.7152184786892697,3.368685030690053,2.88092924875666,3.0392382814020946,3.511187200455813,3.639759498507023,3.4722218330129744,3.9088552457197623,1.44313179554454,3.0273734918665163,2.616497343603958,2.3429424043462577,3.854979801559226,3.3335271496040657,3.189126118556253,3.5052829249228403,3.778018344426286,4.372425260096927,2.9549520323625957,5.414421852122378,3.7662240046976834,2.1691934560977377,3.5388749867867295,8.168982020790194,2.451556228241527,5.088163339511073,3.5884127249676534,5.4422256644476885,9.262954719232814,5.634992033574385,6.346958469449971,5.556709619365586,4.925422331365565,4.159340774352634,2.570418630654378,3.679022970405898,3.6629377066968125,2.630225158438647,4.12521787054713,1.995026393724556,7.857099063363879,3.291248864356465,3.681125751722056,2.5529103406569185,3.1194523160638155,3.5160702569188946,3.0851979083999947,2.9994850335623213,2.6480145842845344,5.106424620703383,2.972714674457343,3.5761391108190157,2.3806601738612234,3.3897603768446074,2.9300998322415133,6.3562041273177075,4.616833079509923,4.132641284267731,4.589707309284446,4.084049383962021,2.9630224282131894,3.2634147543048933,3.661226733244477,2.9458032334319624,4.238135588062578,5.291422566221555,3.0727470834065986,3.291824570914997,2.980751969011183,3.4616847120140513,4.168328357301614,4.626463710965679,4.070721935399085,3.4921608264291875,4.393788413863579,5.767682448199524,4.990104080034028,2.871238774632679,3.3470094632749166,3.4224075324878127,4.1867276395949835,3.117184444525161,4.190292142292802,5.861607518449401,4.805076722116483,5.1303594233151575,4.82583061133001,3.3157072406059562,7.387265041774746,4.11616100493831,4.3267304064467655,4.828800036886834,5.129835720029043,8.807713770153535,8.100667721228495,13.094886873718018
PedNYC4_scenario21,5.533919043198083,3.5753031913041164,5.186544136591099,2.846833293554356,3.130691460242056,1.4493001321014358,6.1751086270535085,4.0236378285624115,2.83923041375909,4.286076929564579,3.007879014523934,4.392852115618796,4.8275721155257445,4.999946507673581,5.114601981200555,3.0363228538193257,4.739760130464392,4.148303794145375,4.273344561689065,5.158883398075931,4.742618609919166,1.6983184742358344,2.9312023374137812,0.0,3.722792356549174,6.009203523329175,4.741481175812664,1.5226918032183758,2.971030181848479,2.6834439940407586,5.546694245631478,8.103752389012678,9.435721993795278,4.503892177055869,6.484830123787813,1.742710509474581,3.40557458872223,3.1572228018650703,3.8043193932825536,4.430962159799241,3.02133790013587,3.726075366981166,3.0236598832678805,3.2892395168150745,5.807037212987078,4.28567099747151,4.105558187085814,5.177511112226781,4.701289893318417,4.731629990874957,5.901603593891456,4.876458093970825,6.024424192767513,5.195716825993687,3.052389845836484,3.61101410670447,4.214145435986564,4.175097781745452,3.5202230350612846,3.7963160227939703,3.178498889101683,3.950292618861584,3.370069139083167,4.009047606931547,5.01111627174767,4.923328681523327,3.990232134601528,3.0762106281467467,2.5639484084411754,3.279189386544345,3.5075841877232117,4.952068740173421,1.862820307348899,3.416088237520122,3.470883011101174,3.792690397167331,4.150930778812761,2.1577487607691292,5.733777981456286,2.8366646035468004,3.0358423831759382,2.7867360489327697,7.935298374433356,2.896303383046703,4.650950501631536,2.4052093926499554,5.014225470312267,9.670059683040076,5.468176950238172,6.824191608351525,4.729567777990512,5.923466279695473,5.55563311610253,3.0922601327578723,4.475507149849796,4.926471597404572,4.297209402380634,4.701320392931881,3.715118200630915,8.598610304143019,4.0623792166968204,3.626606767817491,3.4669797216114517,2.237595318214156,3.819193025506398,4.098148495762017,3.35862534420206,2.7378644844708067,4.533735933498297,4.3711739286081315,3.5565240977406054,2.5490569136333123,1.314199557872877,2.8152072798215655,6.4634446588578225,5.387691084913427,2.6514217956768595,4.838027450998435,4.214829600605413,3.4199505621871866,4.492600149376176,2.3472037920560576,2.8578486670171186,4.791944427747252,4.38094935294592,3.691200231605763,2.996188522756557,3.3851255284430213,3.250819881701948,4.136725536067809,4.9190098689703525,4.647330795090392,3.49411291744495,5.752382039170442,6.144881342474719,3.6169197026750313,2.3949193378980724,4.394415323360968,4.871701826858975,3.389565836320663,3.1488791414457995,3.127844842414339,5.997510195910039,5.38376951864929,5.8852217530507716,4.849596897140513,2.753526383045911,7.032106397816903,4.917837993995218,2.4679220615814597,5.289481092029433,4.3249582166393115,8.0229339482319,7.203463920190498,11.995413124677757
PedNYC5_scenario3,5.337143337876881,5.488799009917594,6.462046804660025,5.0312163434631145,5.356845875163378,4.443472369267973,4.8754031727633045,3.233740061944075,4.221314933355208,3.762510049534862,4.362505917833123,2.7091135789374188,3.9844474206762857,3.8567623174495913,5.801439692533969,3.8224222555541716,5.741471737014842,4.224771594546098,4.414971679978261,3.4169368813101557,6.013246665616497,3.8785499048181955,4.329839482352826,3.722792356549174,0.0,4.256754609633055,6.549581588186546,4.027915060193845,5.480854951420092,4.909705111449766,4.536376252541261,9.53125290004693,11.724075421581084,4.723652894482045,8.573750297578462,4.002898019843713,2.74497436140235,4.375544769570853,3.165275548793587,5.070565771406128,3.127686894324646,4.5159813589177356,5.462770177234736,3.9703789774365474,4.243516125762529,4.858760550284725,4.2946419359060375,4.624909206326476,3.4139737730661492,4.595194926987111,5.563591984114723,2.828525090336937,6.449226569928993,3.63383142989767,3.390046839927279,2.4773122753209225,6.187921349014133,2.6335814877238786,3.4150668619728024,5.4648718142585,5.3746647637383385,4.799608785569059,3.9011721097113297,2.9416407823008126,4.820583121411935,5.1056008018233205,3.653641025862972,4.778590978284163,4.056501847115941,3.7759882215541767,4.109119574450894,6.167828849499844,4.4839977088724305,4.635646596705756,4.090790796635258,3.455487563564227,4.155397518055257,3.9942653116055435,3.897060781823427,4.669915288991583,4.651699964236768,4.893821905755094,9.958392862539043,5.237124228057823,5.279962568636238,4.082254803647129,3.5235091558050478,8.123581538477795,4.774765500940782,4.727918941217018,5.416045260748115,4.523177559570796,4.607977385863077,4.561852524643115,3.036406180008153,4.2836936096908245,5.563070066354442,3.64778116929373,4.277598666231758,7.053489078350565,5.494352939229639,5.763958273990092,5.826639994933935,3.924135504649158,3.396259280249854,5.137753440042448,5.357013320329405,4.217963908435647,5.870929326263452,4.6550457962611045,2.531488510164368,4.917307641717048,4.384595189327654,4.070452640568723,4.313765399493964,5.41009223143522,5.187327587780702,5.5542692031271885,5.473048071223676,4.424769436621443,4.886711617778844,3.985637979264403,4.651550301438672,5.178548221800742,5.536630181886561,4.573719467158751,4.977363328534088,4.480117049410607,4.686885960010236,3.662569895314082,3.235603427674042,4.0521710821823245,3.8505194898244244,5.409559310343278,4.3367975199449,6.486850768765247,4.638587919989199,5.730915355153312,6.01566873081075,6.112447896665081,5.4379622694313205,5.866373492556423,3.7774103941268984,4.237761661124008,4.712695158765857,3.6161620273699917,3.480620876915402,8.283194334049202,5.395688702044508,4.791898984697474,4.831855294331372,5.059319778334959,8.74975031106051,8.549254347827311,13.093378342428615
PedNYC5_scenario7,3.749632471748201,6.919025835214376,5.808233787868607,6.736637639555496,6.954836623003395,6.096723346707765,6.1637924893618905,3.424207481142923,4.675341836220171,5.437401750548351,5.017849633501934,3.14780946870599,5.639061502792872,4.1036305111447415,5.964773689574664,4.290662107749756,6.751597169903007,5.115488517142959,4.534080321106912,5.221363238682404,5.6141948103521475,5.933496631517153,4.928050409173988,6.009203523329175,4.256754609633055,0.0,5.812924450109476,5.867829731179912,6.221225565898316,5.85277793847476,2.931603699670252,10.12669662434656,12.568648126483179,4.495202423432928,9.498173151415497,5.453666869570208,3.5960323890948223,4.832883953312911,4.6891001541343,5.088103603879985,5.042023158056998,6.041176945628871,6.807461223259644,5.861226327435388,5.473354898332043,4.611700002413062,5.837316126495575,6.007559582659281,5.764380594886245,4.87366431984031,5.400330259827333,3.4660962499976424,5.738162182558785,3.5234767566447434,4.768317632264483,4.3836410677967725,5.792198479864341,4.001400440621371,4.094810702124124,5.7058856428073295,6.170871158462261,4.800434550708342,4.702526468873659,3.132805803158475,4.9957895409051805,4.871410086994783,5.484152995929204,5.1089848216861915,5.270196289950106,4.054207809066021,4.67238130764141,4.876168212638487,6.299345323803961,6.283593693159676,5.819872271056906,3.4271631593678973,5.808506203197578,5.269670011624012,5.492054877509991,5.432274247230419,5.468937053887597,6.165338602444407,10.711134617876136,5.89610845620213,5.977376504331048,6.184171402113592,5.712025904165174,8.663068952836678,5.9748444487377315,6.004142959749984,6.383436382394834,3.396582245612611,4.511702070744311,5.136163307508027,4.496319849109098,5.592660447181746,6.090451403557326,5.521403654371439,4.453046837421854,8.097022250307035,5.514076151138638,6.0944051111562345,6.037983045149697,4.955148493061911,4.851224204144606,5.237479781557277,6.29444454443142,5.00018016751915,6.314536304520458,4.705106598798507,4.412715612513285,6.06043031674179,6.353711436625654,4.977485786080862,6.361174004386952,7.111358065958042,7.01462726056507,5.774658494010069,5.514636427687798,4.400757531708781,5.191025746074199,6.4681251987212125,6.008980350236524,4.519040581104453,7.0922701053079535,5.648558981147127,6.080839423741313,5.108746135873725,5.637795713468483,5.596179547873521,5.124363316029235,4.944677287863759,4.993945804370222,5.2713219961750974,4.621071529606705,7.849365467496615,5.49304811084563,5.159692077333979,5.628924148390941,6.96661332050375,5.905809148801345,6.925909569550131,5.532619490723451,5.663543934333063,5.881154559442261,5.113857443745331,4.94261557935739,8.580837699321332,5.407231824571506,7.149770637361058,6.284121816950673,6.117456698966221,9.777950796029232,9.664215999193308,14.095053038636374
PedNYC5_scenario12,4.176580379540177,4.391066697169331,2.8232113154451843,4.562880222634182,4.427980737511051,4.2649894431287185,6.927912651352151,5.520076044391879,3.7499416519876125,5.824943128562906,3.164646026145319,5.293213740018718,6.273241550822457,5.595427527708241,4.68671009697451,3.3489970705701513,5.262635338765593,5.1341956216115525,4.311013005540163,6.301186783192263,2.684066801250033,4.1874197662532575,3.0056298638734833,4.741481175812664,6.549581588186546,5.812924450109476,0.0,4.162172136604144,2.515269041601411,3.5570108281148536,4.981096285227911,7.583962049504892,9.990255240325498,4.033460741244048,5.932007834578614,4.07554154518284,4.481405739266499,3.544675177291148,5.17832712396709,3.9362849415877714,4.815980056974266,4.444495052701483,3.9717421689937855,4.977278237608099,6.774323997220829,3.708472244447223,5.312938995869748,6.378538492878112,7.27285703478517,4.938228908349863,5.310910362253254,5.800386572674929,4.551265040938679,5.6302201330065005,5.389348253536196,5.5081894190732426,2.614558776857841,5.527837797278872,4.263523496717637,2.4499134575169808,3.3561968743157666,2.9584458785341283,4.244955888397543,4.615625006549176,5.069785830089077,4.3545051090038545,5.469675461130972,2.7513754134827373,4.204721432722711,3.492633166068065,3.773338529855206,2.78017814502256,4.234615116378986,4.636302290670116,5.042088277696491,4.678716874368444,6.548329895966704,4.486463586999426,7.514594507831738,5.075289383999607,3.86019811009573,4.497075718716442,7.5812252473513295,2.5100601500820123,5.962246248146627,4.877840071225214,7.069372406198379,10.46724993442349,7.1897816953293505,8.158916110351155,6.679907921893939,5.655768635696152,5.549788203099885,3.1461139779712206,6.06942366476562,6.087725427692962,4.212487509092028,5.8162981890393795,4.139321490695698,9.633845909259202,2.9951690079748414,3.281795518724076,2.142491771849007,4.323198551085268,5.585134221254044,3.4895860277058492,3.669781896285894,3.5269899364811694,5.977126853234287,4.132178662730001,5.82222490951307,3.5722253485017688,4.7653877281833035,3.968150639636075,8.58175955736574,6.863993421642233,4.689969914017312,4.997404760165923,4.200731952381401,3.3980097318926794,4.884461742893907,5.66468139380131,4.413886975813043,4.3584133908548175,6.386513489213035,4.71036793491674,4.836748848623127,4.348902430356826,4.6062012686176255,5.927657261882605,6.863707263558302,6.152678826524956,5.574419024147737,5.565817131461297,7.450066631385975,4.854254605056114,3.339807540486594,2.2344575941250713,3.0026592280449194,4.019703423742089,2.8649895425621663,4.007570403951699,8.047161595273112,6.464150763538328,6.859285968477605,6.372509177221004,4.751908958113024,7.286397006797464,4.86010529093536,5.863951109011297,6.622143027822057,6.5120732871164115,9.34975254189028,8.703981645963998,13.497315107608422
PedNYC5_scenario15,5.099180899778837,3.0812424303190467,4.4861936725252995,2.672636538034035,2.864748804089768,1.5942544003173398,5.403636109546287,4.094530376782655,2.775886036996359,4.1549999450394095,2.1146166593033318,3.943608462755346,4.6650913122945665,4.565564460490899,4.136055012501493,2.3571536382833935,3.9094163300281757,3.9972311905506013,3.9148293768075444,4.962275415482494,3.8686697114204573,1.698950006564504,2.302266396692736,1.5226918032183758,4.027915060193845,5.867829731179912,4.162172136604144,0.0,2.185460780999809,2.5786846139450925,5.365956627988302,8.367992312048665,10.141657906719923,4.468486462718209,6.699608377944186,2.1453437384168086,3.0397869068082013,2.4118452729854267,3.540528926944439,3.9162955951387706,2.975515616799346,3.224585091644377,2.859565596960933,2.8959778353051657,5.563795514402689,3.711394537996517,3.722297022792091,4.534978658033096,4.465311174720063,4.048021370006282,5.135699396572824,4.5297327468442194,5.172498477104484,4.9420120152660365,2.7915297131887518,3.1906909094848426,3.794258575722128,3.889283361533542,3.492612367444735,3.344023557484332,3.1157163155114924,3.6432203098424543,3.1341499332133043,3.7501521495074064,4.139915260853915,4.050360189626197,3.6817854378153276,2.4156318728570336,2.035426892845084,3.0513881231045703,2.9892182921310897,4.4846869145597195,2.3400244259725675,3.170607945524283,3.3615463935401793,3.739760945301651,3.8090030382623645,2.1167444381573595,5.7941588444599725,3.124599139911725,2.8343611230176258,2.4963196970233086,8.316252301781802,2.3702603695613784,4.350801737971229,2.4966861020717532,4.909679860673612,9.092700918518286,5.254727791800399,6.527846349682496,4.505764902912705,5.5077442598572635,4.840686951474964,2.566568454039412,4.0908427067628335,4.356812248098802,3.7896894000643853,4.490653224608372,3.0739900562699747,7.990594257752239,3.5399768553430095,3.2877994643735904,2.9010620242008507,2.5007072035986786,3.450652392194563,3.5341252590612897,2.584574006986699,2.1200661339429745,4.331289588776912,3.3253675231686417,3.3063888538293096,1.9925557197816326,1.7835455437960432,2.337518682093998,6.336785359948665,4.815751884798503,3.055617820298328,4.317832188384844,3.9731398092868897,3.2803198595239222,3.8585896389122367,2.784040531883932,2.989391705399582,4.709515667255568,3.9405236296812913,2.7869845196114795,2.5175344953240613,2.8545184190282415,2.781325895674045,4.0033755315971735,4.527561377722608,4.463910450145214,3.1042949060864284,5.11012373983369,5.693219129573444,3.862122673157094,2.2634755656195984,3.9305084390589755,4.301512418211185,3.3063851604733285,2.8913526606220943,3.2968685385969634,6.060990019567233,5.2170880357334815,5.54640709847916,4.83089224546139,3.0939115886957285,6.508375176086322,4.281707751412764,2.539894887282017,4.741159135539408,4.266850024119337,7.853704268833407,7.196733228672304,12.038101522214435
PedNYC5_scenario16,4.835209499598528,2.8200530626719034,3.348410571438279,2.9365399470716094,2.8837002020109512,2.484975590119562,6.155355106282548,5.049647187523503,3.0343642077474664,4.825409320140206,1.8322825440381791,4.79205916571861,5.455536028480127,5.034287092940832,4.209713693396723,2.4869641130440003,4.363544042571809,4.657768944882405,4.042811290258582,5.678970190623335,2.7732558951287274,2.3427791499418134,2.1708828852381066,2.971030181848479,5.480854951420092,6.221225565898316,2.515269041601411,2.185460780999809,0.0,2.421632621678676,5.403273465342575,7.930255164067957,10.040854143077624,4.408139034940894,5.984784410145228,2.7065723081958777,3.830433179263511,2.529623892170279,4.432725301126816,3.5425128613055725,3.631509075773797,3.3993451768452703,2.7999765750197274,3.6024415722568897,6.08832261137147,3.5170893550189026,4.266424920347147,5.308356318003522,5.913262941000032,4.218094250273929,5.170100478392505,5.185467596377944,4.577458033509745,5.284004219239677,4.1716307154733245,4.345868372256497,2.767174097941078,4.835798560389674,3.82900527601836,2.006805124434781,2.728351144489929,3.0207259654373537,3.669074420104618,4.301813977129073,4.433990085974148,3.9508754815160883,4.498423969987601,1.7860449021013216,2.8049894857565296,3.0374630951382215,2.920516236681863,3.6796714836498445,2.7202283264306812,3.5712201000673414,3.8996430824156927,4.032942742938333,5.169623089443256,2.9139391088641178,6.690256597488284,4.172752426092075,3.036904787064953,2.898386539049468,7.817778848676506,1.2959069800558691,4.729387026697512,3.2485824988836822,5.9409448899520685,9.765200403367775,6.037783373819805,7.385839553698428,5.4768521884169195,5.580867821527,5.1249076950680275,2.4065418805902064,5.246737196910108,5.18490884534916,3.845034678256724,5.231222064570434,3.577094310108485,9.051587005541375,2.6585108630430905,2.599913362850933,1.2881232053957947,3.077479702994482,4.6857286420318625,3.2459353471971504,2.378626328157285,2.5201885768406633,5.054011057796439,3.4976200981503927,4.744799362282046,2.145654949627535,3.1367186138005274,2.716321286785184,7.555217107823758,5.590557440149517,3.4388347159624804,4.477462574868945,3.9690047162990787,3.204018912739993,4.107621788824777,4.128082484710378,3.4888886014881084,4.72723502765929,4.989362562581068,3.3005162893989937,3.385536299497794,3.5021827632700893,3.6453755925956135,5.0592451087708,5.768721073371934,5.381708905508109,4.348327935206339,5.498236581333004,6.695328511412098,3.7484168212440445,2.079197808582875,2.809968010820621,3.4421875165523517,2.643990919436348,1.795374645853877,2.7929137985374957,7.223589321706328,5.7380293721616775,6.224230894906097,5.662395590216371,3.9845191881025723,6.857987108194882,4.44363491527635,3.90391049645084,5.6283764037841015,5.4058663307529375,8.606010405961651,7.977894794947876,12.83447593579017
PedNYC5_scenario21,4.721894915157689,3.6118208159511855,4.566900785637675,3.1893371181818666,3.3645928154177165,1.7082921743034583,6.520867116249381,4.722123566407234,3.1576805898092237,5.0645944737023285,2.7824715137489933,4.654550631565571,5.3339881351073934,5.549062698409466,5.766872519972506,2.9063151990599043,5.830796412982392,4.5353560771918895,3.966195444740679,5.658718186479398,4.527685940737263,2.6502233935520065,3.2953549329472716,2.6834439940407586,4.909705111449766,5.85277793847476,3.5570108281148536,2.5786846139450925,2.421632621678676,0.0,4.847779436341898,8.646858804078725,10.18068534775372,4.044613764141565,6.718961918424905,2.472050627409931,3.7447582470813834,3.541646898989764,4.951938590536564,4.734571706681892,3.953140968728791,4.29816049795295,2.5636537904607275,4.124935208070426,6.338130948166157,4.652083630753259,4.800593537862039,6.161831946499295,6.1413940895025005,5.255654070410411,6.387977850870864,5.357670320753299,6.130117628158108,5.112667353459932,3.99457695011292,4.666342367319851,3.0057075031972516,4.414589487084372,2.9942451741306124,3.1825791918189474,2.3532221265888675,3.265882781362662,3.4013289980893604,3.8018255967651533,5.542232025591169,5.191157200570076,4.671549572770086,2.884773704016084,2.236533107769083,3.083684442536678,3.925604466515116,3.4172361799788993,1.9518191174407,4.140290888114445,4.270612202486042,3.4238332599368233,5.576877586459682,2.7736422422547498,6.935279813776007,3.6620933918502163,4.065690952679641,2.9215925667927873,8.362859794478814,1.9349818529987037,4.534763316413636,3.1232501443689555,5.692546930457484,9.946439467526208,6.051240236529054,7.723081733636444,5.2278640641683705,5.756089990515602,6.089145312090934,2.2215144681327303,5.615054009384949,6.287635109028467,5.337655518281099,5.30616486529429,4.106136462023606,9.464672263633304,3.3847147857638147,2.2053767265354547,2.3574322312832807,2.225783622927513,5.142486411575656,4.123728776444242,3.534474143833898,2.3495471635394827,4.988604354336117,4.530825363696885,4.820549236837471,2.620908962650817,2.522369680318442,2.0816716673042515,7.83310750216959,6.967316258004299,2.9317709937272567,4.552049842420314,3.761376953554618,3.0218352398163786,5.344035499746351,4.341278985832027,3.78024332341967,4.430837966907117,5.023102308784912,4.309952722879272,3.9754225083456154,3.7361334797481924,3.752930253844759,5.236788950184332,6.149200716163086,5.883689475182134,4.68562201655364,6.137109913382693,6.699586966441361,3.2133624339912266,1.1094249370903655,2.8461239479934393,4.428738963028516,2.313461816602474,1.6287990907753294,1.6598379574921047,7.325040013654497,6.364080378599993,6.900565726153879,5.583960252064521,3.591271723801305,6.604538471214101,5.1334546595819255,3.942235414170861,6.238001931551177,5.279241694672262,8.288034043134624,7.865736067823413,12.497001040638644
PedNYC6_scenario7,3.4840109956028185,5.631748576024749,4.871556981631296,5.643784110120585,6.040078965906782,5.4632191569794974,5.536773412860467,3.7331206318660293,4.124659766716053,4.80136659999891,4.567821590585122,3.0810404393936976,4.4922220349907045,3.850444263204074,5.8853280848515075,3.778704975952429,6.237775835175562,4.217266772529634,3.5940470331434082,4.159638840217729,5.231675256323158,5.22657538964379,4.6398173107819325,5.546694245631478,4.536376252541261,2.931603699670252,4.981096285227911,5.365956627988302,5.403273465342575,4.847779436341898,0.0,9.463964103276538,11.649027948539175,3.0822664293788535,8.548247572995491,4.782052617592534,3.154951308571916,4.288712909027772,4.2012874790540025,4.347621397041424,4.445229079790165,5.072390495008463,5.244413371402985,5.204541241639647,4.778991304923461,4.545140791635341,5.174328235823263,6.0680877092967735,6.154460729118096,4.340365507741056,4.937301327608091,3.574165149868853,5.591042276899508,3.07915879153839,4.505151414662085,4.594077256842781,5.3612458575183375,2.921737781539853,3.0234033896797765,4.865419216154811,4.740943359772101,3.8478673247024036,3.561288506616265,2.1509489009635594,4.791112113478683,4.2950316121810435,4.498467247726874,4.567610908609238,4.409017808170283,3.322572643458453,4.298926839170292,4.665673465480571,5.158697526671069,5.096297952683431,4.838053225527129,3.2500826641684393,5.970850921524529,4.84056986679786,5.802081434357024,5.129956173906186,5.046080201636606,5.4035056159380455,9.810874767253635,4.9463725647880254,5.802646230423122,5.555989700899806,5.105602733815718,8.226068238107368,6.261919561865955,6.236797110807208,6.228823944664739,3.186176228978019,4.6223755237417885,4.212101374897863,4.695730533280134,5.830537913152116,5.828225997038645,4.679931952485858,4.507834263722635,8.243723344542113,4.976894726045594,4.708403862932457,5.453346382093921,4.622061408613512,4.671174316353097,4.4199811260516855,5.330088778107453,4.289782270994371,5.940151527243502,4.358465237360168,4.572852306927228,5.291738340330488,5.582436529431073,3.930178840492865,6.782360329067136,7.497672357380175,5.7244199390028365,4.682857278166168,4.570315717412937,3.5919656409368583,5.503735398662199,5.913605606409692,5.208510958434822,3.481714981330765,6.382832386089625,5.110669723988323,5.731799175387133,4.563724150973843,5.027415423124285,4.949163144032655,5.088966005875619,5.127108440696942,5.239959143854055,4.984226152280305,4.9874996399211655,6.615830150532721,4.665460633029443,3.7953966799170664,4.657869155403587,6.1750486702332115,4.996925187836663,6.0604880123764655,5.832214295224932,5.219194075612444,5.676022446940123,4.510123774290087,4.104657758214869,6.998770404242585,5.081482871238576,6.466099319092478,6.187678718521679,5.983881375230193,8.115346555026774,8.118979449941463,12.553905978440385
PedNYC6_scenario15_CSV_Scenario_Ped_15_Session_temp_2024_03_01_11_47_13_decoded,9.22059836201621,8.57862636785219,8.081404866228297,8.37870413501235,7.694028902791609,8.295063469206395,9.944189028115979,9.221819675583133,7.59559455001259,8.751719236356603,8.145077427923061,9.149267153309514,9.157799948198813,9.889710479355465,8.608647761546733,8.765803985163094,8.104425002637067,8.595420274966507,8.592294104129573,9.106852390184345,8.3243481335542,8.462431517706442,7.899440321465702,8.103752389012678,9.53125290004693,10.12669662434656,7.583962049504892,8.367992312048665,7.930255164067957,8.646858804078725,9.463964103276538,0.0,6.607215339079585,8.736988095094128,3.365156224007977,8.053023949975309,8.877265040890514,8.562775726625132,8.509152990938619,8.487673463492447,8.985403304818435,8.293046200185083,7.943346350442877,8.227889442453012,10.13702443432152,8.461083351503,8.892413826762304,9.234657211158465,9.99191567012492,9.37678350097397,9.065110779413548,9.487804219860186,9.472936163971342,9.796185467154825,8.857271364120255,9.330459782398714,8.216727290943192,9.417766990228174,9.023711772912158,8.226376502048103,8.312364799013256,8.084393489124322,8.343665157064363,9.027109291441915,9.647496174116856,8.739420134008514,8.718491260845664,7.775666200067022,8.573692863415934,8.283432214141973,8.699298217909455,8.197061743124419,7.937969194981545,7.414197697734322,7.964265872791295,9.224087111061428,9.048400372807189,8.775414764091455,9.832293147433223,8.842564445954139,7.079714184352313,8.459402298612218,2.2959840960629,7.680833925176644,10.018594290234416,8.198072840543677,9.625565038873939,12.789953308331212,10.464524363702571,10.46157138647118,9.878508111975746,10.092623203939624,9.405081210403075,8.13853287170164,9.203857289308475,9.2169762120599,6.711254916980303,8.78839337768234,8.214587887705582,11.28603436568055,8.328004880877932,8.709885072147147,8.046185615814668,8.817394669258645,8.568568718205572,8.380396628800732,8.201725463607271,8.048412184996971,9.207721831986703,8.559809171907505,8.71983031127669,7.412144666408842,8.396385379884189,8.765155457995835,10.505207513628275,9.071838767124277,7.82038815622381,8.744553719561623,8.480969173431305,8.331103329528158,8.849951392759705,8.132673906741568,7.146315486073749,8.760180246234226,8.829672654874376,8.838582012201188,8.553253016735564,7.87954479964266,8.160207626442423,8.541842455146579,9.518810904001231,8.766661424166445,9.099296978069251,8.760830497527516,10.470681919836464,8.572758171790296,8.321568856745134,8.68285198660039,7.79509852422145,9.20388665626624,8.509396341920823,8.717436119115956,10.35742396910816,9.54094241766048,9.51499921403119,9.75685016432291,8.241703109993196,9.839635211133741,9.018103888137738,8.7371071773111,9.210588593412485,9.511339846366889,11.162326621302027,10.299915767889509,14.38966867684997
PedNYC6_scenario15_CSV_Scenario_Ped_15_Session_temp_2024_03_01_11_48_06_decoded,11.714910163576892,10.333209864429776,10.621716284244314,9.900297531188833,9.753004973259172,9.697778593877077,13.038232832669658,11.004279655443732,9.69109289114533,11.24598748418669,10.835881522276594,11.855366321049564,11.59388268522701,12.250710083455385,11.251071372565525,10.946986023459003,10.707372125619454,10.552066338059756,10.57234127557289,11.789941107227063,10.96529493703523,10.130845130533821,10.500172148947007,9.435721993795278,11.724075421581084,12.568648126483179,9.990255240325498,10.141657906719923,10.040854143077624,10.18068534775372,11.649027948539175,6.607215339079585,0.0,10.41612978050523,6.978520668959398,9.594869899134558,11.061803388607162,10.511437043080956,10.850200664636985,10.580518320070597,10.990090833225262,10.584104813166803,9.11573489981653,10.590991394953825,12.659333733607587,10.928195217488295,11.25025376955707,12.309356502962162,12.47711705734277,11.70425830249192,11.782785103287816,12.269402888555275,12.330935505510507,12.321993017261727,10.718781164293064,11.83929890727557,10.394492062705002,11.647228193248806,10.860316255403927,10.342080140707461,9.384126629654348,10.579412713676845,10.413081706185261,11.271167543228874,12.105564846789877,11.27669566574166,11.027613887273361,10.404309375031474,10.517558316558356,10.455206551269187,10.912999298396896,10.661749277585299,9.296940569427711,9.883017684454861,10.285038663641917,11.303399837897992,11.279031926373788,10.373105909679879,12.697585791922705,9.483728876649362,9.542154778195643,10.115472512978425,4.877529444394449,9.810653593007945,11.979402632342925,10.131101081538894,12.158560999639272,15.703421759239843,12.97504428932942,13.671651089403568,11.326966634303698,12.728924545480721,12.323669315862812,10.369164719508445,11.80863264483369,11.97752806104833,9.601536541988388,11.533284000722073,11.004896774471948,14.359019153831898,10.658120347004578,10.026897839271127,10.215750829179775,10.352619007361577,10.735481837868583,10.297032540971923,9.900011632939872,10.045126822504633,10.224538898789042,11.20131773092654,11.167626524010757,9.606925140060214,9.230760777466363,10.72899868489138,13.385457984190431,12.123144751092187,8.67665493499326,10.78735252927822,10.027657517835081,10.143315354888282,11.45787033874739,9.593366425113143,9.163318506990409,10.24382209888675,10.35318216750034,11.134535259214532,10.027212276615497,10.187632640744113,9.82807590837476,10.712416711869288,12.195650056522252,11.221749967746245,11.081770294937941,11.624986357153174,13.169916775595615,8.517661832848374,9.995228359506024,10.545645568376196,10.29166731273973,10.164189080572996,10.165355083475607,9.732078225647326,12.622656915553486,11.922586478296305,12.185306897110827,11.57873144826862,9.562671483916786,10.505497790140948,11.058080177686302,9.721407418338826,11.993509249434332,10.666161437254912,11.228713204951783,9.50026200058337,12.519747719864212
PedNYC6_scenario15_CSV_Scenario_Ped_15_Session_temp_2024_03_01_11_52_52_decoded,2.9328364692792457,4.280931561870704,3.7877153283510814,4.0089429551905855,4.653129553890196,4.6747470235028485,5.456841708973154,3.3614729455830883,3.369080707099264,3.889074213530323,3.9805076259540617,3.7651383326630232,3.875623819808214,4.022823815936723,5.086867901807091,3.0340497996728195,5.302272466672292,2.731003738610593,2.7514437783569727,4.100955701504466,4.419727506088847,4.02099754719463,3.788860907534563,4.503892177055869,4.723652894482045,4.495202423432928,4.033460741244048,4.468486462718209,4.408139034940894,4.044613764141565,3.0822664293788535,8.736988095094128,10.41612978050523,0.0,7.555756972849527,3.527945466627908,2.7871134641617936,3.432017353639414,3.385086553708771,3.7636099874828917,3.719143376990476,3.461878719920601,3.6532264076768564,3.987011932328545,4.509437910883067,3.538069198278039,3.7704294854902027,5.4844477778538545,6.217597023073289,4.6996806834328675,4.5725952561433285,4.557117661478589,4.982990806948631,3.679689236752055,4.9028542725554525,4.539731743057577,4.966603232877409,3.667106166681211,3.305092125371777,4.038569884420282,2.8012116778023732,2.421099435582694,2.418230056211952,2.972000959267976,4.514581205122013,4.503168864795493,3.3515203047422704,3.8951190609597557,3.8852219814098516,2.2991529272817455,3.4464822370791293,4.561255438547344,3.7829163728988906,3.6824380310792124,3.5078659553648746,4.1282269787888,5.79783962031555,4.198866313872608,5.6367672776013125,4.561208893330526,4.163470100643939,4.47863368841448,8.893654475527931,3.7669120171568005,5.6422772464003295,4.24529430412234,5.198684383055837,8.77827781838104,6.0219277313888,6.356796593987046,5.951840268196081,4.269773398556985,4.970407649024918,3.0041287042653626,4.4469820189175095,5.440979630789809,4.852428512745896,3.4991915122998147,4.401984013007444,7.910165020851856,3.9559484430065495,3.5321915398670765,4.616269608040613,3.8765707088929813,4.044410137663815,2.6930500075145605,3.779152601044344,3.5302535069270453,5.536679720874105,4.374266032544796,4.600581616468702,4.520173718350383,4.369440765695955,3.542129575550828,6.73422668857045,6.974121265301509,3.8977639464632743,3.9885211426011153,3.0993804686465367,2.3095854910914104,5.127390752508229,4.560047240938393,3.8356348056887275,1.964709669922072,5.803514278313341,4.62616445702095,4.890926083227603,4.004485039393457,3.937196392768347,3.67736802297605,5.399323124355557,4.692855442826561,4.761949823187803,4.1511293806515255,5.9730171677579245,4.822788857866662,3.693132496969576,2.6807342674701578,3.068490329229538,5.022052795240731,3.9932642317332454,4.903734150246827,5.584910283884953,4.427104955906331,4.786961962791539,3.4024204591177427,2.4261178195831916,6.893413199903724,3.845596861871398,5.313956056794521,5.233158031283178,5.327520660533286,7.976819226552219,7.429455726222826,12.233502406451631
PedNYC6_scenario21_CSV_Scenario_Ped_21_Session_temp_2024_03_01_11_17_48_decoded,8.292292701151718,7.153472711771509,7.108941845599062,6.781600763614448,5.99473339980252,6.425719944505032,9.373837124855108,8.485214386224577,6.55154619105844,7.917042365496456,6.691365197236912,8.364314485918165,8.488482058105125,9.130028104468545,7.9845234422092854,7.430202271057461,7.257308764448622,7.708290028045303,7.448865773838849,8.228480339459802,7.188898585689138,6.6963850273540535,6.344624418839187,6.484830123787813,8.573750297578462,9.498173151415497,5.932007834578614,6.699608377944186,5.984784410145228,6.718961918424905,8.548247572995491,3.365156224007977,6.978520668959398,7.555756972849527,0.0,6.583886760120071,7.8370678574044,7.333436391275203,7.66072251238144,7.584896617826944,7.6758306065106625,7.053043640684472,6.20934612615575,7.244686615689456,9.488560026006907,7.565479369670279,7.93679342556869,8.759200093953114,9.49200307053065,8.47030255600091,8.535335824900207,8.70432360880862,8.631987443110033,8.944729376074406,7.861574420258069,8.430485066181614,6.115712519363598,8.42607418460369,7.54297349655777,6.59870644089299,6.379180539620053,6.666233307799008,7.209617054902163,7.885215899336261,8.826213774838807,7.957717181388181,7.7864688138389155,6.248413751285724,7.1889714049467965,7.023959180113371,7.481512203527332,6.9096384576803285,6.125986453272284,6.181365698366289,6.945432631337926,8.043150095216227,8.581030875189569,7.45219691379006,9.541788502233828,7.608273404865246,6.0825016327092385,7.0128441723646935,2.9425129563390686,5.824795941906229,9.126067839145147,6.8060392432324,8.994526537328802,12.90350515774403,9.872367622277135,10.284818248628739,9.252392838238338,9.37429177065108,8.821982030631402,6.540058790843208,8.434270452646185,8.453485526649208,5.81088500946992,7.776751113184799,7.001762174225986,11.142821720651169,7.095297990202636,7.046722152440372,6.045326987863846,7.332334224184958,7.900352761891742,7.20167692463742,6.767717751313739,6.622175483633011,8.463074229899098,7.610936815914914,8.016154913164904,5.51568847774279,6.650378237645443,7.319802775257681,10.222338186931209,8.560435866700887,6.101999343692983,8.025737950180503,7.3186078330806135,7.023767805629632,8.205142265538637,6.9623449507326365,5.6246097115055695,7.6974448136381906,8.16565088921402,7.873262765914251,7.250313819648241,6.860877583605138,7.046823610402689,7.681573333119523,9.018211556274418,8.383688128108206,8.244551923929311,8.296530831813463,10.170198347698564,6.507821459965597,6.600064709719639,7.136617528658747,6.731709190588563,7.278047319644775,6.722398431913648,6.634308794051569,10.018927117519203,8.824607718897338,9.095122642583885,8.890464498831955,7.054718024336158,9.358662883176127,8.316171649967457,7.386806705988641,8.656361594830948,8.861474583820828,10.985699348730238,9.880671521671927,14.335803566165538
PedNYC6_scenario21_CSV_Scenario_Ped_21_Session_temp_2024_03_01_11_18_30_decoded,4.302126380151733,2.876658478057195,3.9785667921225882,1.946447267978089,2.345953563914842,2.0433912117187365,5.868929086228189,3.368806477923983,1.7203925912741802,3.382733637565525,2.4757059908727665,3.921598480816767,4.070908824260844,4.411385951129684,4.714303191807426,2.323783718559851,4.534066514105589,3.0443236354572356,3.230943287696576,4.855034984043863,4.143088696550767,2.0477395075816696,2.7761653920683096,1.742710509474581,4.002898019843713,5.453666869570208,4.07554154518284,2.1453437384168086,2.7065723081958777,2.472050627409931,4.782052617592534,8.053023949975309,9.594869899134558,3.527945466627908,6.583886760120071,0.0,2.843632521721879,2.4323102209828775,3.549810860868351,3.6172522100843194,3.101443003191869,3.343944080046865,2.4331015844257036,2.7517130097825757,5.154642899113431,3.5031512181018956,3.330049075893935,4.818535052119232,5.07507142699106,4.446095678439039,5.25862435244175,4.560320565736114,5.2455577455828415,4.2580266137490455,3.266492914774418,3.7268903019622344,3.9181147748572225,4.056593437748104,3.364712505239117,3.4148782223532237,2.491980749101218,2.646945081441518,2.311346012910218,3.5249496693869244,4.4995964445088985,4.400749812580419,3.386847602111362,2.3597751327562095,1.9758180495762043,2.187470289650093,3.0121804692722294,4.216682668973612,1.491294969356149,2.718746221697097,2.5884478281940946,3.185484677590862,4.075527728267677,1.3650074915615433,5.42015929222099,2.7414241373519794,2.472846457788811,1.7498369521262072,8.04615348253695,2.1306552870175453,3.7139229801330518,1.7842687893953297,4.682726235788077,9.11351468910698,4.7718824154501025,6.42741147337993,4.022411547730452,5.040298738532203,5.2115984293237245,2.0953347093150865,4.464821802330374,5.15424490779348,4.164191531311155,4.483328962390983,3.578033969424266,8.519569561316297,3.044408768614159,2.5252670746485513,3.0330167003579414,1.4136425592655146,3.535376040134736,3.010709758897846,2.6705383516123775,2.2861487723308307,3.689323460407441,4.041424001187699,3.4305255263897854,2.577098283766084,1.9889071517709545,2.052211342340349,6.415091348633033,5.7260918412335515,2.2227815701346314,3.624036707658715,2.8195490952890907,1.9953181568220275,4.148338861855784,2.276293379381642,2.305799196011283,3.51535413197863,3.990505042089804,3.3487841718956353,2.551121080477978,2.6371703509366644,2.523950227724096,3.6358066329597096,4.903595819512745,4.2570290601925915,3.06123623725161,4.937719174709245,5.612937632409943,3.4882990356120125,1.6617612038726668,3.3442335170011415,3.6709942550077943,2.797336109571624,2.3834958163303055,2.9150375223557417,5.940935158575922,5.049227622805058,5.410101676133877,4.362774401001122,2.2435167542715444,6.487596965881523,3.9355701499878917,2.526867431237628,4.808792411086335,3.558441181424105,7.679041893191819,6.979416303689572,11.770729556916866
PedNYC7_scenario3,3.19045567692916,3.747569313563521,3.975541855304811,3.5617037403536296,4.028477351080035,3.7622884240976378,3.8687158538550372,2.3333819474654858,2.6708777650267206,2.6977110733659058,2.677130727205977,1.502035318442742,3.0444001611841327,2.4380435501853843,3.8536067497524127,1.6329837802794904,4.296831104528081,2.527444956046329,2.243093861000176,2.9551463402193936,3.8431274913572877,2.993254848142696,2.944353079711902,3.40557458872223,2.74497436140235,3.5960323890948223,4.481405739266499,3.0397869068082013,3.830433179263511,3.7447582470813834,3.154951308571916,8.877265040890514,11.061803388607162,2.7871134641617936,7.8370678574044,2.843632521721879,0.0,2.202102386992594,2.016878000301623,2.8971706729423423,2.427848916918647,2.8281572959911827,3.8358648708511787,2.5778166129794924,3.3636906671282976,2.7846590586192232,2.778396260652709,3.6905436507234426,3.996228516227141,3.0784972848109833,3.563177843811754,2.310929248163561,4.396924041818765,2.3035242322381895,3.017965398633035,2.1309312989444495,4.851117994186979,1.986811027786099,2.495503924330154,3.712198995240869,3.6450760776819147,2.720611264328209,2.081495297290265,1.535515602481827,2.9128371592899738,3.039048070875993,2.2781777322847923,3.1270467987479647,2.657743099828335,1.6248153580880096,2.228266465416196,4.445370489120585,3.527458325858456,3.3034071743290605,2.77439757913592,2.563798731203126,3.7649798408831563,2.88493230419233,4.250394433053119,3.8784191854231302,3.3436849517816145,3.497351478229933,9.241627531825092,3.492601404476068,4.149775510061969,3.156168758896198,3.5209359870031136,7.487487801873782,4.322784389927744,4.6952852451464135,4.461248563794013,3.024750283785671,3.2085898806707824,2.6834225047226146,2.701189445082503,3.7745724033641723,4.238365661087102,3.0165115028689753,3.2400610849395846,6.759923751458064,3.4458631219706093,3.7980870032206,4.235371888302897,2.9738956266564274,2.2929450588272893,2.6585821731764496,3.2526274377727487,2.4954860437267996,4.556903823949646,2.647213224037466,2.313750276337644,3.7711687773371603,3.6849851177831074,2.509086078213438,4.964537586795399,5.088693824211733,4.04687501695764,3.4925371141438015,3.435232147217838,2.3571242201265528,3.4988263333375125,3.5549777236673044,3.648106722389897,3.155718710345945,4.395083191089459,2.9225692540548844,3.6880817258790723,2.9480010697274768,3.0463973075643254,2.7355140423614306,3.2119313869312722,3.363425340694004,2.9118358162144364,3.6285147929667456,3.9050354389591315,5.210686050288596,3.212692609524817,3.4377871566959923,3.5966176501994345,4.702047097580431,3.785864509392405,4.762044728766673,4.3013543533391845,3.4862488848456312,3.7870800211803552,2.7862855293836146,2.308982706539637,6.6386181043316626,3.1408630433341167,4.0854423447686115,3.8278436814622485,4.090152850919627,7.718357773485153,7.480882208985374,12.274969964118002
PedNYC7_scenario7,3.729915268249056,2.6639330480805,2.740551141733106,2.8401631354112284,3.3986414248888868,3.3479827290156114,4.791852863758395,3.2040622407226076,2.1599620611011896,3.357209627076401,1.8765351955049012,3.232058952146486,3.9552005396078074,2.9254809208502484,2.713200649117446,1.2690766732731606,3.2506233225566814,3.181629127129016,2.949874595183857,4.539041925869927,2.3774390175446776,2.6256907167567842,2.177535918157545,3.1572228018650703,4.375544769570853,4.832883953312911,3.544675177291148,2.4118452729854267,2.529623892170279,3.541646898989764,4.288712909027772,8.562775726625132,10.511437043080956,3.432017353639414,7.333436391275203,2.4323102209828775,2.202102386992594,0.0,2.6877880557996496,1.9319477577857662,2.6985359124765025,2.5334497316980285,3.2684294479543876,2.506735326906921,4.37142784674005,1.778658070530719,2.7888054238798445,3.7095375389970475,4.511802310668286,2.6053638367715606,3.277628954979253,3.720443187485286,3.1938630307615967,3.729312586915163,3.2083367620396075,2.882121012652045,4.15715936240038,3.5913526680233896,3.5556587294711464,2.790149266255098,3.1863171350605324,2.6934866929748846,2.5505729207238854,3.221158860656708,2.353496028260782,2.2696907753537285,3.040682437563844,2.0338069636813163,2.4847653250023822,1.9799565064527564,1.4780362220811722,4.193523306657628,3.3133363954760777,3.010673799057872,2.7937115541766597,3.3045844978652017,3.592000018924478,2.2216282911231815,5.004424459535189,3.504810387897824,2.315601438709185,2.756100221546573,8.76981460299703,2.622256337483876,3.8377964087124616,3.0763452299060394,4.601935562927999,8.05493026385867,4.601673767513601,5.632861708237451,4.2110139072974215,3.892571542965229,3.3354070637825393,2.4945093954184596,3.604480670507199,3.739335756567683,3.280630459661894,4.2412784025321315,2.9864773984742166,7.58058531330808,2.565075841881872,2.951007402864767,3.2044208020470015,2.8165177031844126,2.732134890665265,1.8081954597215597,1.8489037803046184,2.4180005421009025,3.934819772591452,2.185978546495973,3.202098937637043,3.1297540053651183,3.3427552731604155,2.3765618858919253,5.866629993619745,4.558114330131679,3.791728916144169,3.1968572512952655,3.134724743071561,2.345209795478096,2.4851102999715575,3.321018154571863,3.2885071504934515,3.5470654841326548,4.066898292526529,1.794432114424465,2.642988092643591,2.562905841754177,2.6968082746238005,3.596555307436993,3.9765598458772806,3.4438354980247396,2.6404854164190046,3.8118089518626532,4.817063955003251,4.631228210081935,2.7820813440956607,2.9338276918855746,2.728573078141386,3.7867676912922335,2.9534260902905802,4.272724818723926,5.363205942488719,4.076767823282301,4.3397495315812895,3.9484366993870075,2.8871989389151826,6.2345199598650005,2.632547943904001,3.501493005956643,4.0717573323071035,3.868813932641865,7.525153682187206,6.998539901221801,11.91755986237652
PedNYC7_scenario12_CSV_Scenario_Ped_12_Session_temp_2024_03_01_15_26_15_decoded,4.437059872717946,3.979145137269188,4.41752834351399,3.9547367174077364,4.512632563435497,4.600442496790532,3.762716104617851,2.9556036823912506,3.3532451828859817,2.705041941201991,3.5102991193727116,2.635118868117771,2.8511702226821902,2.3581237692370407,3.4282224385892044,2.780259975198419,3.2601394518373987,2.83013094705807,3.5201866355679687,2.8404276195923024,4.083270939487956,3.3862401990866657,3.11642229449963,3.8043193932825536,3.165275548793587,4.6891001541343,5.17832712396709,3.540528926944439,4.432725301126816,4.951938590536564,4.2012874790540025,8.509152990938619,10.850200664636985,3.385086553708771,7.66072251238144,3.549810860868351,2.016878000301623,2.6877880557996496,0.0,3.043320086941168,2.2903829855580544,2.3927916780196323,4.366754641915073,2.652927820435033,3.1433869241146355,2.8128656938803225,2.5286098667570402,3.1723623056360535,3.637431553292441,2.936528550416987,2.972063615272339,2.9806281616553085,4.148314225289679,3.4851316817368567,3.5651865982068496,2.2415654650442596,5.787129687393284,2.6500809760698356,3.7636793058173867,4.324740063805446,4.323700251680292,3.6284566615940426,2.7553191765671126,3.008223575029602,2.6764110705068083,3.1263860622354707,2.0153492300983187,3.701276883614274,3.7741111017796207,2.8726878411857646,2.536775886148656,5.822692702562233,4.192428338969089,2.8623807027471635,2.5829018017447254,4.207329755499494,3.632849003878152,3.7596482450179924,3.5239778656784027,4.492658075932081,3.0759048588368683,4.360622473348148,9.023992759213488,4.342603731130953,5.315646790176648,3.7985207322838295,3.7077701621361636,7.421442162955137,4.8521053357067565,4.244437056137965,5.270573636303281,3.9335795284758808,3.0216331549221636,3.77902873522763,2.0576220133060414,2.5225034029792295,3.426036181099951,2.34554479790356,3.502444282276646,6.117735640402266,4.387913264484359,4.8304785971437125,5.14018532528112,4.173302125569816,1.5866062172767976,3.034099336353637,3.5523793323629307,3.6976262898460472,5.267590541587774,3.161919769443715,2.5006452828534416,4.298137954839064,4.190709434344848,3.752086357811718,4.217164269513495,4.090063800711616,4.479926814388002,4.221651571375854,4.344365768140507,3.508539030365161,3.303859501843465,3.140890563890552,3.558288513991475,3.9887183099841153,4.863185524174119,3.007791123384625,4.063448587135778,3.4890607234993274,3.635549454412048,2.166542152729641,2.571433438105339,2.6669188848722865,3.2249472065672884,3.338280210748472,4.411735849133684,5.894786730819808,4.416142681899477,4.555087990738973,3.9230631342057274,5.803944505931955,4.911455646979213,5.895003184220482,3.469259290111096,2.484794731535992,2.7037946570636247,2.596067642764413,2.6241969416249695,7.14359474126993,3.557734553079033,4.34558905442949,3.4193795811829975,4.582229699047993,7.63152346869564,7.13818189567858,12.052044833648054
PedNYC7_scenario12_CSV_Scenario_Ped_12_Session_temp_2024_03_01_15_27_41_decoded,4.202175133250416,3.209243388262645,2.741594064574591,3.8735150020168403,4.338067758397679,4.790954708057983,4.94136979384511,4.194792955107,3.3377962647927335,3.684416515083865,3.1332128155233705,3.7777070860274318,4.340098166463485,2.757848991169762,2.922193372405751,2.4411549230688605,3.9205872015563528,3.882293763916934,3.3025928249722076,4.377365021126898,2.4360282582836743,3.5498904116686556,3.3287188005402353,4.430962159799241,5.070565771406128,5.088103603879985,3.9362849415877714,3.9162955951387706,3.5425128613055725,4.734571706681892,4.347621397041424,8.487673463492447,10.580518320070597,3.7636099874828917,7.584896617826944,3.6172522100843194,2.8971706729423423,1.9319477577857662,3.043320086941168,0.0,3.0948788398372016,2.8279474495300083,4.173837697720851,3.212170284433607,3.9771284694560785,2.2911801186541214,3.3688413166314986,4.182589470917901,5.141630851905824,2.1199088841010845,2.6412678779198715,3.590579366919503,3.136914629551899,3.6819521219729943,4.301479140490383,3.5162321610040537,5.243906296448438,3.973630344584917,3.9614662073493467,2.850596018608001,4.104894219587178,3.170584991928942,3.5108531981937494,3.6406209962170513,2.400495379721329,1.8279232912190513,3.5497292700714387,3.295670504365249,3.957166884177361,2.674129200645102,1.8375292902277052,5.05747105211176,4.357787693317904,3.77596676761925,3.403543351681062,3.837124388312825,4.617025653066546,3.6290334743864303,5.253419237036705,4.858768523956886,3.2327748026939704,3.996102627612949,8.801876655460536,3.7287716709525047,4.697539571729315,4.135239896836851,5.067785543997922,8.068972958091482,5.340912249175095,5.71037310704715,5.307348209049913,3.582089941902468,3.1145844435132615,3.7532260270819626,4.2775291908418165,4.032828253983335,3.9052402961374524,4.599845515260967,4.3176518510878825,8.024520397713367,3.104773622800141,3.952428918419661,4.147742687100802,4.207598556686475,3.5013646988683407,2.2672740493119785,2.8187278203469646,3.62281683757019,4.993419837812838,2.695084456772778,4.1010819361334425,4.440417159884932,4.780159790553318,3.695542942992541,6.263180671100796,4.92338181674506,4.682397395367718,3.919791046624339,4.1498213341884105,3.189894395148795,2.94370616121268,4.342784691148036,4.446095971978078,4.0300993546001616,5.0578567023311125,2.7460782802115893,4.037092434149923,3.9582758842967958,4.0404910957229365,4.154550354390625,4.410983630045499,4.1964993484468,4.00041788355964,4.314622367188615,5.254012997284047,5.5078043530334995,4.019415966623455,3.355880200734991,2.9978519629560956,4.685433181441025,3.8312521281962324,5.228913757671448,5.6200523321358595,3.7087781728016824,4.2855713341754464,4.223706957986603,3.7958683794496566,6.846372209707367,3.1224079840691914,4.728048024256346,4.74273666083409,4.969930881371741,7.902958578202432,7.508918582525076,12.279774360228473
PedNYC7_scenario15,5.034632727894768,3.412059565073001,4.6762426947662465,3.7142928273540154,4.465078417600492,3.8043737583028396,4.8703362937284025,3.789197897145864,3.607341922791802,3.6451093166130617,3.1529890451417266,3.451249489025471,3.83331825795044,2.80904692552585,4.339612490868693,2.3359269992665297,4.523689459355984,4.050113524321001,4.072710540092273,3.6210162406656465,3.856048524809251,2.041141118033887,2.877689428987122,3.02133790013587,3.127686894324646,5.042023158056998,4.815980056974266,2.975515616799346,3.631509075773797,3.953140968728791,4.445229079790165,8.985403304818435,10.990090833225262,3.719143376990476,7.6758306065106625,3.101443003191869,2.427848916918647,2.6985359124765025,2.2903829855580544,3.0948788398372016,0.0,2.482095922225458,4.051075081057122,2.9512957304852314,3.6666953572486416,3.2057848370766404,3.1453169817904136,4.225800594070747,3.9015062260646536,2.865557836447915,4.196670718147482,3.2754854717971895,4.5973900060695065,3.826949295471685,3.7174170255065637,2.1699647124324426,5.281095997815788,2.8440854842430734,2.8719521353930255,3.0926096521765385,3.881294169452775,3.626401742232574,3.4485733771047,3.159420106987863,3.33924208898211,3.609118136959565,3.0429575689490673,3.4965822142631047,3.527944446668561,2.8279606386322738,1.9497489125202752,5.665105602947642,3.4893642268948626,3.627332704050715,3.2841066687941263,3.5746723183618556,4.4406958348439485,3.258228028272263,4.153495884941087,4.538103905473698,3.4656683294604913,4.221079266448736,9.201514701949927,3.8505895421139966,5.022413965332237,3.4429530044017156,4.0573960279515795,8.37364491762872,5.037080189812641,5.217304073224439,5.6027179196416315,4.20006134768815,3.6482725473746593,3.7380673019247554,3.5170869918945815,3.4018375088904693,4.408232787874351,3.38568901968705,4.05481945194228,7.88278691455241,3.8374061505308616,4.294695495486362,4.356021118788527,3.522341006609311,3.3637018390075295,3.569098522351165,3.617979285182563,3.669252394121124,5.8564015985205184,3.7111474441928936,3.5436321101549932,4.19133066298845,3.7265374636392687,3.339054498386888,5.178758239447764,4.476422057773622,4.16534504276376,4.948828053602504,4.872375096603362,3.66325006648684,3.4477334344786312,3.4797710396944046,4.130355048553114,4.7685715196039515,5.460008708727365,3.1052458953307194,4.453592253655435,4.2879863859026655,4.4422576077709595,3.781918875796171,3.672209399170573,3.9869787415403484,4.00423079989641,5.17757255365164,5.504058283103906,5.245388798547643,3.6357883472337993,4.067322441396613,4.4285874686854365,4.700554890027108,3.860589618244612,4.742936440196471,4.471953018094371,3.080967787015904,4.241776647522836,3.412786183744652,3.0461126949099624,7.8070238242308845,4.500871188840166,4.245067024452485,4.8464332978461435,5.339069669149514,8.237519483680124,7.865798214899457,12.735976316718292
PedNYC7_scenario16,4.560323997076043,2.38275841873345,3.5778362654491853,2.8312365856473685,3.5513667626957184,4.259051876614608,3.899911310236622,4.2443214911023786,3.580603594370332,2.903049735676578,2.972730245899562,3.85951341137419,3.3414325511136522,3.4034215409078907,3.375641380269403,2.5999273265296057,3.5403095216811153,3.303799080577202,3.368420198864872,3.5572859451951424,3.3444020122326146,2.6543610031852443,3.1371046453732863,3.726075366981166,4.5159813589177356,6.041176945628871,4.444495052701483,3.224585091644377,3.3993451768452703,4.29816049795295,5.072390495008463,8.293046200185083,10.584104813166803,3.461878719920601,7.053043640684472,3.343944080046865,2.8281572959911827,2.5334497316980285,2.3927916780196323,2.8279474495300083,2.482095922225458,0.0,3.2949076459255777,1.7953119694710498,3.521300083195417,2.830754124508149,1.9747547733527446,3.3923842253224916,4.685706425209126,3.531345910532286,3.3500009195884743,4.140838981631186,3.9412315114761594,4.124139434594689,4.612050045938739,3.234768141996192,5.519118594344851,3.763065368398488,4.110103843337901,3.3442096705000957,3.4049485225091414,3.1114101777982843,3.1030548455443747,3.8887362450784333,3.1057838873287134,3.3891908089719323,2.055425392013935,3.436406270433021,3.53375369564032,2.7262871081799993,2.144280302337751,5.595892018494288,3.4861566266285005,2.553805665019411,2.229614417606405,4.64580551152445,4.485616639429579,3.7602346783732554,4.692194229393508,5.192922164191316,3.464839398807253,3.869567397498007,8.586374769771396,3.4165102481849003,5.038752059593081,3.047761810545945,4.178972393872822,7.715966944294899,5.038324146301048,5.116107415407795,5.503384774800821,4.586279293002136,3.7025794529965115,3.1921241771880395,3.6268984502622805,3.619312494422497,3.799896658733919,2.780804297762467,4.283658099406419,6.8592928175588845,3.438393384224426,3.946193829065972,4.3582969893632955,4.110394290376264,3.1686663604582845,2.3732572097700304,2.241230318230465,3.340173596021075,5.6441076257653,3.213959793050714,3.967039726305455,3.9723329312927156,4.012587858621495,3.4627661965262178,5.393633432877284,4.402588545913266,3.6093640275937413,3.9267318738585018,4.058275524131698,3.5231247388120335,3.634170128648233,3.503948523217121,3.7311741479864096,4.336401513914682,4.689744659474195,2.700459818537517,4.215596830422058,3.8381589026997323,3.739854646386512,2.97440444507425,4.032888939429592,3.909710425735113,4.0554252315557715,3.968710715176824,5.641088296570661,4.709635689311503,3.7577133922600043,3.7250009827298043,3.0675631130449177,4.773272904121965,3.919657940620695,4.894624698387225,4.816955661294016,2.865677555771259,3.331890251464695,3.0860716859747925,2.996055081605042,7.029805415464008,3.177783235658556,3.9673683346602795,3.5740155687756667,5.162624164769037,7.8471497885152415,7.455601326486986,12.450871525748996
PedNYC7_scenario21,4.91158379003064,2.330130602995383,3.9412432197330056,1.8074665813993696,2.41013598376027,2.7801012324867536,5.899080752924784,4.830414962254148,3.1242428853552786,4.25359495022239,3.3281817369237583,4.910176792270901,4.400844089787042,5.370316268118629,5.15237982241325,3.2749550833381087,4.775390450095708,3.527010743179932,3.519341721246934,5.141902052950443,4.505209735700804,2.8224145982100013,3.768852629738175,3.0236598832678805,5.462770177234736,6.807461223259644,3.9717421689937855,2.859565596960933,2.7999765750197274,2.5636537904607275,5.244413371402985,7.943346350442877,9.11573489981653,3.6532264076768564,6.20934612615575,2.4331015844257036,3.8358648708511787,3.2684294479543876,4.366754641915073,4.173837697720851,4.051075081057122,3.2949076459255777,0.0,3.284264006400177,5.728289616650137,4.440759425612061,3.8509779286624544,5.642067563169186,6.308049971522186,5.128011586514027,5.57291858479478,5.6836740672357555,5.811560833594322,5.224111073448558,4.4133360558056935,4.991748396854077,4.398744932933139,4.58256493291704,3.9594340734645233,3.6596866667904626,1.6108440167623934,3.185739134509388,2.8542797327272313,4.27620419479914,5.147340038628235,4.820162457716349,3.6551105299648152,3.309335151487885,2.55209142916645,3.1809859916579675,3.9315704330855357,4.684233496783802,1.6872334424309134,2.7574509829063136,3.1304303306498253,4.572682675729124,5.293140125214415,3.1359849542333356,6.760226649374158,3.925403731548488,3.666648533789374,2.5574453178982735,7.6210683301381374,2.1849309504201107,4.815826008882429,2.7210363650713747,5.333389340143963,9.281266439797882,6.072336738141821,7.370808062404002,4.952129787851092,5.930484312157303,5.972311736544619,2.3889411839270007,5.482914847336512,6.07259762550231,4.738620834965313,4.718605644273241,4.640830911478495,8.777142724509666,3.553568195434081,1.958815928657498,3.4427319480656626,3.227006691403023,4.472947550204522,3.2073273258245214,2.320651594544977,2.6709276902537913,4.48726590309481,4.441018543540623,4.8012097746737865,2.858344289488088,2.4283239855518453,2.6101829109326293,7.52090785877902,6.698794971800089,1.357574083381589,3.5671863239002963,2.9784159479072643,2.964008881146944,5.320412510916163,3.4227623710043167,3.0096936636688985,3.89710362962957,4.013269021963516,3.8942739227267302,3.5501810441342148,3.3960798061674216,2.9620177380706143,4.1769059380745235,5.846378323987329,5.461885389874015,4.564234274717184,5.33445384117271,6.691266816864075,2.376534819314562,2.330477272042208,3.1021362011007017,3.5848742493592614,3.0353299462701684,2.6854286927728714,2.9407007522085387,7.015279750941456,5.696925717766007,6.028637002197337,4.933505094340713,3.000243916989993,5.368499370764002,4.341169208456181,3.025731624393221,5.410932175113504,4.671928562185109,6.812803912367257,6.138156945581212,10.91921236326787
PedNYC8_scenario3,4.385788636983248,2.3378721072239257,3.8052842366051283,2.2917489732647778,2.8675732397254095,3.80825079820911,3.639306931110834,3.6533131398678167,2.922599054491664,1.9947351590593103,2.654830158435483,3.344977409189587,2.737676295057684,3.485706869585624,3.5327629833778724,2.5677859719247453,3.644806292408827,2.790996357949789,3.0966843712419654,3.7023419488983342,3.89768446069975,2.786933004330003,3.4270808602921132,3.2892395168150745,3.9703789774365474,5.861226327435388,4.977278237608099,2.8959778353051657,3.6024415722568897,4.124935208070426,5.204541241639647,8.227889442453012,10.590991394953825,3.987011932328545,7.244686615689456,2.7517130097825757,2.5778166129794924,2.506735326906921,2.652927820435033,3.212170284433607,2.9512957304852314,1.7953119694710498,3.284264006400177,0.0,3.4883495160232303,3.0528039898246657,1.4496090162177813,2.629289321229341,3.9928371062669448,3.876693612868953,3.8043857299286126,3.8899491547412883,4.408893267279702,3.7191655717903473,3.9500176505656857,2.8928158748448394,5.5910583625237935,3.727199007161778,4.286725733843522,3.996387474306804,3.8003438964907343,3.198278420954368,2.735443977285826,3.8032250022777205,3.297259881363698,3.5945584939599198,1.6734787128562414,3.2731800431289297,2.7067407267036345,2.590600448069784,2.6025354648382897,5.340711497108652,3.181309522922326,2.3289104990720113,1.4857781738601565,4.088102827951147,3.260793989157142,2.896575195086898,4.184389173176316,4.680103786747064,3.1738222407330094,2.875937481572558,8.635672649304897,3.326515384598226,3.6799405340309517,1.9327189629003643,3.2297005959400824,7.028306437307176,3.6809097865954716,4.502054746955091,4.029578165085967,4.4193631927636,3.841182012261379,2.893693634014409,3.47042267776789,3.9864638363995866,4.062317732669802,3.2591456159846346,4.0727164355398235,6.606002926043139,3.253617887724547,3.817319912696707,4.423974627067619,3.3794257279262436,2.651588110836282,2.706258123684865,2.3282235682811487,2.907674199243195,4.535081926314451,3.164252984986658,3.025791047600734,3.7290052301980734,3.6474520105223185,2.8709082174179876,4.766199727590656,4.231085222455627,3.388512698152991,3.0486681810899197,3.523377209711777,3.271135706450231,3.399299326232881,2.81687199647762,3.4274746415785424,4.304961902718876,3.3229922752152947,2.2187987192432677,3.471790835926283,3.0025980603439075,2.9256218608481404,2.5714998430579072,3.457506456475092,3.303291212415029,2.9832765133103534,3.7628402610100617,4.602296289971467,4.762267219745075,3.3740312662313237,4.138410376949685,3.3876403909393646,4.494678121393109,3.837760873156653,4.699076261974746,4.5860875386783055,3.4176554830027475,3.3958919874437608,3.147996157781816,2.8729475304282794,6.465801708155939,2.7679807694711456,2.941686718600224,2.7119098871479768,3.8686396434990256,7.375032039354137,7.19980761204741,12.044458185885569
PedNYC8_scenario7,4.911219654124884,4.63642612324855,5.287919067213647,4.9919761138980885,5.721718626122411,6.439195874926869,3.348805967429993,4.3953350443204,5.146509837003501,2.831153173719201,5.003126562897379,3.476877539858257,2.6204672413377037,2.4095490389280236,5.065932381698107,4.158089385563676,5.4933149310821605,3.9441463205559484,4.170895444781646,2.7419546675274624,5.40976625631939,4.95213500054092,5.419209349450368,5.807037212987078,4.243516125762529,5.473354898332043,6.774323997220829,5.563795514402689,6.08832261137147,6.338130948166157,4.778991304923461,10.13702443432152,12.659333733607587,4.509437910883067,9.488560026006907,5.154642899113431,3.3636906671282976,4.37142784674005,3.1433869241146355,3.9771284694560785,3.6666953572486416,3.521300083195417,5.728289616650137,3.4883495160232303,0.0,4.224300712563397,2.8410356951881517,3.670423561728775,4.762010773313654,4.015221853682089,3.499734602400539,3.2275958090356913,4.947551410969583,2.7020358692202007,5.600619740250169,3.6348922835190196,7.672980972758338,3.647641968674704,4.911638887918277,5.530754463078682,5.8375099977697165,4.567280598295679,4.352825153300603,4.05565262505965,3.5155937560910484,4.191005184382737,2.6426222530084624,5.516454461083133,5.101449458767922,4.000116967373707,3.803733108957088,7.200845902853985,5.667838036174165,4.5586253040154014,3.640636707388113,4.838382439796718,5.064088041836658,5.197197135533057,3.2850837491283262,6.726605882625825,5.3427009279313245,5.58899481305458,10.816059867008486,5.855811009303293,5.286310009022433,4.716599062764319,2.83560633327515,5.829127129719535,4.216498724961962,2.9525099534955017,5.806773670351322,3.074221058888464,3.3929029442034246,5.180944016599981,4.044192568658651,4.529866679967028,6.07560908173423,3.421691806757776,5.895425363475262,6.622378415517084,5.04129959040786,5.869484425472894,6.753440196969698,5.497143870527951,3.833259976900542,4.254536325152768,4.995558918082731,5.374366792094577,6.626105334172423,4.618509594404174,4.289667278647532,6.43776812985732,6.21195641211999,4.9316734566678235,3.8578347910499105,5.426508307277932,5.883831527549869,4.683175764372319,5.395690162039421,4.835359965995484,4.574152526892926,5.101260422145931,5.7587648279764725,5.154352782166705,5.784265401622258,4.25311999149192,6.0730930304738,5.358856453225919,5.473040931425204,3.5840729895623427,3.3421490970808825,4.146191910939488,4.9290928707950075,4.588263400966389,4.422096042444305,7.2364484613587905,5.772152632651874,5.498116543345054,4.913325632846918,6.8547755682926095,6.048738786239261,7.113339156257117,3.646842091891519,2.058534306036774,2.6367797091039544,2.5229304012519953,4.522819152775245,8.059107556739713,4.316109289535822,5.762133203654812,4.000967321134767,5.7113388532816645,8.12745808932173,8.437298870034308,12.89639090880507
PedNYC8_scenario12,3.406113073032199,3.6166090742607233,2.5294559822357603,3.8948653659975583,4.3898118433184194,4.615718131757456,4.9289420636128805,3.306958962996017,2.8902718745468308,3.666613395412783,2.6766419471053595,3.535625717660797,4.1877867692616615,2.7404632384820027,2.4885670885821227,2.14265945306835,3.4876386397795653,3.5713102315905534,3.562733008034074,4.869535846489952,2.062504867319925,3.6992903905283825,2.611502146440482,4.28567099747151,4.858760550284725,4.611700002413062,3.708472244447223,3.711394537996517,3.5170893550189026,4.652083630753259,4.545140791635341,8.461083351503,10.928195217488295,3.538069198278039,7.565479369670279,3.5031512181018956,2.7846590586192232,1.778658070530719,2.8128656938803225,2.2911801186541214,3.2057848370766404,2.830754124508149,4.440759425612061,3.0528039898246657,4.224300712563397,0.0,2.817334454441887,3.4895051769596894,4.865602480452213,3.0620759085824343,2.719993689292673,3.9989562504665077,2.1227327830345946,3.8480800244413835,4.397270551199826,3.2696727216255237,4.775914696211633,4.294398518107238,4.4026737988754565,3.291508090491816,4.143264589637414,2.8913908664497026,3.3341521315390756,3.8757531473374573,2.198804434001116,2.5264673137219895,3.414272141545254,2.6967816451462823,3.7004450701953346,2.491803838511463,1.717065000715072,4.490932505480786,4.474916931654029,3.6337908399632846,3.340830268183459,4.0615462119785715,4.130583024946501,3.4716353243341804,4.442166251692213,4.637231743609518,2.697570218692248,4.058314777612939,8.969562252318472,3.5431260175696253,4.508728296375375,3.921944147207822,4.83313029771181,7.889897088045284,4.549711167766888,5.116486426036935,4.955901674855416,3.643433418267982,2.80910900395776,3.321079008885503,3.733630775045006,3.5717335327011517,3.202489946545383,4.278567157523236,3.3758381029638818,7.3950296201839825,2.6524359733061993,3.970612632950727,3.995530381737621,3.7803430138330554,3.11508667833771,2.029132846728078,2.9190169910421324,3.5956241182542845,4.976568511476589,2.7561253033133557,3.8230067730973096,4.256580370430453,4.632153480468764,3.602223359599355,5.488628637300698,4.293120771352595,4.866097708258459,3.7150827794249097,3.662328449636866,3.0037749372327363,1.9439215060174364,4.194028933903589,3.9546691295623013,3.8425845172920137,5.110429511552331,2.6274947355967035,3.938958615827861,3.3647121242617715,3.733131825404559,3.975445559492287,4.1532843510782484,3.094081695847163,3.32406976280056,3.4401651752309452,5.071825967523008,5.75438887644489,3.8757484432912617,3.426118021970817,2.370408738129388,4.951854281679302,3.9246194284365807,5.369584881433595,5.06380006975963,3.7140397679539823,3.811076257728923,3.9686248044515353,3.5984829572951327,7.215465206841087,2.630603847315296,4.804067453982697,3.9999773918982355,4.673596828077736,8.34753958827386,7.895250935452852,12.83899184808012
PedNYC8_scenario15,4.130146173335318,2.7601849820135707,3.770124338297441,2.7431558787200205,3.552926421334188,4.660021172746337,3.658139346418776,3.5694042591721966,3.4308491180312353,1.8859984770998157,3.325450708333036,3.4771850288460566,2.2400879708133683,3.024203331472998,3.682725860796976,2.8578230992515685,3.739370901364607,2.518107632289116,3.3460127557699164,3.717785947815152,4.07220551172551,3.4719032032754056,3.83166226482081,4.105558187085814,4.2946419359060375,5.837316126495575,5.312938995869748,3.722297022792091,4.266424920347147,4.800593537862039,5.174328235823263,8.892413826762304,11.25025376955707,3.7704294854902027,7.93679342556869,3.330049075893935,2.778396260652709,2.7888054238798445,2.5286098667570402,3.3688413166314986,3.1453169817904136,1.9747547733527446,3.8509779286624544,1.4496090162177813,2.8410356951881517,2.817334454441887,0.0,2.628641494456822,4.463208813893981,4.01655470356755,3.3817973356210627,4.0926279085830615,3.963669641175311,3.495704612355646,4.651459723225261,3.269117677321605,6.077426641078058,3.9792687956861266,4.6972302212570565,4.455260994922729,4.144204133921857,3.2073813661911483,2.9183764065852937,4.054507022869548,2.9950446856150035,3.7502546159175685,1.4318714894655913,3.7216903625012936,3.3857244396171366,2.8566312217197813,2.7964861188268264,5.829881364594832,3.9234218385308273,2.572747013541616,1.7996825403503032,4.5488947457386155,3.7591395062608397,3.4988511188189633,3.6782905411212075,5.164183217149415,3.5084278910219115,3.589771896854557,9.40670995943797,3.9292030916937777,4.038584082085296,2.6926880197167824,3.1064093048744663,6.695242441010006,3.4421985834057636,3.9706575694112476,4.304857323781977,4.067119549426207,3.684106396656656,3.3493285002442295,3.614728312562996,4.069834338368625,4.370462276406138,3.108119582385802,4.455215017666514,6.519599659135955,3.4388710361207204,4.12645408401602,5.0304203763715565,3.8915614118560775,2.7312362149538663,2.5760107516268937,2.874657475128392,3.8013156728119983,4.964656299670085,3.7072198942036576,3.4758395643132864,4.557687533515177,4.341138554446795,3.470375991618221,4.335343711728222,4.475270754915259,3.995233023771005,3.1048485476306324,3.5252843414485615,3.4133879221771917,3.4277426788297625,3.206211392880911,3.747964231307681,4.138594601493701,4.060546576954313,2.7278167282620007,4.085350483071475,3.4769167367233487,3.4563892187936207,2.478825341411356,3.4873524168998875,3.1260560084442393,3.309293459934794,3.4448503508052557,4.678143872175328,5.412348850941096,4.063515756241314,4.319407463100091,3.2141050529514366,5.1217939704688575,4.449062276942393,5.455550121100666,4.315274388965751,2.9344126700030273,2.7765118414429835,2.7044546971972405,3.1889184245601774,6.835667068179102,2.7606117284498883,3.72951667501403,2.6032533952678354,4.083628654651056,7.4516482104160975,7.29281584835558,12.095985354450768
PedNYC8_scenario16,5.155095813426128,4.408151362769236,4.79891531671555,4.626213663448651,4.960453437779596,5.703074464873375,2.9580231485113577,4.181043949745232,4.324646457382174,2.982783060028722,3.8957014432145978,3.6454735710664177,3.46727700886845,3.4364510378149435,3.101997424307218,3.9489815749613726,3.477753787154934,4.073267362431401,4.640658860940249,4.46745492434681,4.562905872349728,4.819945304602154,4.422285286298793,5.177511112226781,4.624909206326476,6.007559582659281,6.378538492878112,4.534978658033096,5.308356318003522,6.161831946499295,6.0680877092967735,9.234657211158465,12.309356502962162,5.4844477778538545,8.759200093953114,4.818535052119232,3.6905436507234426,3.7095375389970475,3.1723623056360535,4.182589470917901,4.225800594070747,3.3923842253224916,5.642067563169186,2.629289321229341,3.670423561728775,3.4895051769596894,2.628641494456822,0.0,3.2153945971531726,4.072059566779249,3.4183246947243364,4.059663389478435,3.982794388235513,4.36329591428005,4.68292814783961,2.9998575223442363,6.964404195847867,4.5276218167642535,5.8871703701310905,5.601854649107702,6.006056323167673,4.850977399808993,4.219462959173975,4.909030410610773,2.940146583013816,3.77036174245587,2.96427273935418,4.487105160039636,4.409676372872864,4.233618545743435,3.6749922439641045,6.5243376523834975,5.549013814309009,3.9099283734581696,3.2400467982174006,5.319920826805812,2.8097901162145433,4.488818200439614,3.400586014244574,6.013781796526084,4.185576674494523,4.747486357901945,10.09416393109091,5.275904142120411,4.5862854692534425,4.2333086376681255,3.6511578480854148,5.671222819363605,3.4575770093232925,3.140201303529875,4.725735704708552,4.608972473809851,3.148991141008855,4.6895992234604575,2.977314837994728,3.1405639428419256,4.3770482538474065,3.934731813763669,4.367888071498711,5.083255128005196,4.790304046090614,5.850453857535925,6.055986592206527,5.1256145439867495,2.8393495026887066,4.1097043957217885,4.138749580731537,4.602954972108105,5.477207786294261,3.413163528492624,3.214125603213301,5.2962717385891995,5.641815708970332,4.560039486421939,3.537863057707277,3.037334061906175,5.8734128843122875,4.1211736133377,5.136669851339106,4.9640531400160315,3.0801853066129894,4.3829965935349176,4.976532110289432,5.674738380464834,4.343045688359992,2.732935456510416,4.605275838982165,3.9596852705150365,4.298788756993946,3.4720623603822203,2.6088787714597315,2.6318985930423953,3.210495240747332,3.251974102341367,3.690287083152583,7.186692062211261,5.419057987133345,5.836227616513649,4.570110212555262,6.624280478661614,5.839255592155575,6.9563594619132605,3.839181971760613,3.5045312054753692,2.542270482161945,3.8757457820197994,4.636216281446007,7.454981965712455,3.233420745811904,4.77628698991877,1.7091857157759762,4.618021123985996,8.137034529996454,8.233596215901299,12.885111236031623
PedNYC9_scenario3,6.559133253170375,5.489555169148914,6.542147405174253,5.662865240664616,6.108415037541379,5.42485650028181,4.387978822341927,4.323262167663739,4.8466824690971615,4.462480371850017,4.638233666173718,3.889086427336243,4.5143502896497285,4.008080579373479,4.6726603489236105,4.49745176198908,4.824330357811374,5.274500736813353,5.809166674796752,4.921293740207386,5.757640216603324,4.790694531064344,4.782862977773191,4.701289893318417,3.4139737730661492,5.764380594886245,7.27285703478517,4.465311174720063,5.913262941000032,6.1413940895025005,6.154460729118096,9.99191567012492,12.47711705734277,6.217597023073289,9.49200307053065,5.07507142699106,3.996228516227141,4.511802310668286,3.637431553292441,5.141630851905824,3.9015062260646536,4.685706425209126,6.308049971522186,3.9928371062669448,4.762010773313654,4.865602480452213,4.463208813893981,3.2153945971531726,0.0,4.154553553273064,5.221286777679934,3.939916878164014,5.804046918104521,5.144145837880447,3.5634966536489947,2.220395882866122,7.306712679441653,3.9140100171650802,5.42597054659808,6.036583480609913,6.627512479083048,6.078809544329343,4.880313648985266,4.843600697221236,4.183838625178797,4.738784089807795,4.235050583032904,5.211419488532828,4.693919921829977,5.047895057393965,4.387400501199606,7.138931090421796,5.718678773386025,5.092202689278749,4.5418457996539034,5.085293964089514,2.7239127257666786,4.486886998397997,3.677631279391303,5.470574742655004,4.779421136957325,5.426861183614022,10.623541516248672,6.083122111753782,5.259675279840853,4.979009123473909,4.151215065248597,6.856222272986919,4.536664726024802,4.3328315700930995,5.242346164040612,5.485456908300144,4.180216734415114,5.6060003868897965,3.016474081022585,3.206813219304811,5.32764438285219,4.677572467508597,4.533087140910684,6.237955761024164,6.007081237887189,6.599477985269136,6.588295644150757,5.147249473208689,3.4435581518522063,5.690910470373161,5.432407540567395,5.015566172698523,5.920786495371629,4.335189263377573,2.900495612151202,5.627458660100735,5.406743545734007,4.819668081614747,3.9715481273576487,3.5073697707631974,6.369973980070569,5.6831609559428555,6.460166835772598,5.772836400476723,3.9079704149475525,4.539159601486954,5.702130011139264,6.671792975923953,5.094427412880417,3.577962060511035,5.052708750133125,4.795151107751728,5.167006804183915,4.562364198327059,2.458592361538502,3.453929640558598,3.61299329302944,5.287520313288944,3.9719319292369306,7.640056564002997,5.704292393087616,6.700073637235296,6.460839829282555,6.956175110610658,6.264153772718279,7.0803946614240205,3.634036486757896,4.46833226199048,4.391956179746146,4.67598556218934,4.864179426192083,8.038293863403798,5.180730209439011,4.997298931212289,4.200879398247097,5.112037094175983,8.184856423151063,8.308785670503898,12.72853309817002
PedNYC9_scenario7,5.149200898858073,4.11181073462698,4.17098814717131,4.881475877948283,5.383636499895211,5.117277730366723,4.607580344040819,4.412248501495753,4.097734911051328,4.336358742980753,3.54384395711125,3.4757294097012092,4.5264235633052365,2.214611636665461,3.1786500999559646,2.914569988181037,3.926069829870862,4.723754092191451,4.4040565354161885,4.300141152671647,3.215226241648493,3.956842793866714,3.520708035935001,4.731629990874957,4.595194926987111,4.87366431984031,4.938228908349863,4.048021370006282,4.218094250273929,5.255654070410411,4.340365507741056,9.37678350097397,11.70425830249192,4.6996806834328675,8.47030255600091,4.446095678439039,3.0784972848109833,2.6053638367715606,2.936528550416987,2.1199088841010845,2.865557836447915,3.531345910532286,5.128011586514027,3.876693612868953,4.015221853682089,3.0620759085824343,4.01655470356755,4.072059566779249,4.154553553273064,0.0,2.822035337336913,2.975623974093099,3.4573387151331265,3.9541582303989147,3.726093520216292,2.735615869213589,5.735149259062089,3.297646464173015,3.9752368624103394,3.629092006728053,5.147635859897012,4.3885598968186,4.133665181793482,3.5843458068920726,1.9659099773473971,1.5694931342457623,3.951642775446822,3.8165227471779164,4.281264227599653,3.6520166358011843,2.4047570592199508,5.800413822573079,5.13355450785117,4.446979874426354,4.19748453329415,3.9738086147544744,4.294545470095763,4.055640985258622,4.869525906073721,5.1192434738571935,3.7505016845812214,4.820499641345842,9.785052576598376,4.66834618859942,5.191127276475357,4.946955383481024,4.855831168281212,7.620046532639645,5.478822044173803,5.3013840566888,5.6676228621758655,3.5846405386332147,2.397309484298124,4.593795964802429,3.76652654254468,3.122353292033551,4.2432477642268065,4.691167106639238,4.08740597717283,7.68316541571097,4.274023997667953,4.9617437604996,4.913416193702053,4.777611267080813,3.4605189391040434,3.731525542452111,3.9468999778398373,4.253479689804379,5.604807266950904,2.616404114144768,3.776642213918393,4.859392464174815,5.185688827370618,4.035483726342763,5.67853318463712,4.283561113473742,5.714331246312869,4.802726302953021,5.368904380229178,4.322287319361744,2.770386440658711,4.789514834279879,5.148678614098175,5.181617772360315,5.485396843676784,2.6416034651621447,4.538735443641471,4.399207099196178,4.767147721343093,4.620318280373973,3.4748292178541402,4.086709052560768,4.082131572067897,4.775735345491343,4.7352256235069605,6.631833235123009,4.785961144235508,4.46930708578047,4.460774042010664,5.679954888703084,4.772819354807603,6.121316181594156,5.169283881949625,3.7419426719311133,4.418155577311678,4.555665307375291,4.494282924157487,7.199563942637225,4.226848636957152,5.23549076406914,5.029673276207478,5.484388081751388,7.888242427467404,7.732122418412769,12.383971647431293
PedNYC9_scenario12,4.486634640250449,4.554240128011659,3.6612578679449594,5.133658170174751,5.565852679439131,6.3289398886334505,3.8004918608424325,4.567440716177138,4.645304502885378,3.9254966007065395,4.329851736379205,3.7662400431634993,4.1389053496086055,2.560063429108506,2.524822465249682,3.7361686309725144,3.4928598800583197,4.157285296194995,4.0999379665757685,4.208380039121053,3.466055258662052,5.126551152192412,4.393970120627766,5.901603593891456,5.563591984114723,5.400330259827333,5.310910362253254,5.135699396572824,5.170100478392505,6.387977850870864,4.937301327608091,9.065110779413548,11.782785103287816,4.5725952561433285,8.535335824900207,5.25862435244175,3.563177843811754,3.277628954979253,2.972063615272339,2.6412678779198715,4.196670718147482,3.3500009195884743,5.57291858479478,3.8043857299286126,3.499734602400539,2.719993689292673,3.3817973356210627,3.4183246947243364,5.221286777679934,2.822035337336913,0.0,3.8200472507958003,2.68175717236222,3.9816004846875384,5.274361778065952,3.90630237930737,6.634067345980828,4.376349764186233,5.337477690484357,4.781530481421529,5.600296745486279,4.345149759133243,4.346767951729231,4.396002071328274,1.742628027851903,2.03804586777859,3.511514078497092,4.567554266487125,5.100404726965682,3.9706757997875304,3.1725532945637718,6.2389761369203445,5.990645270584062,4.338584976104605,4.053181111680222,5.278448130321247,4.74960519993692,5.201070575999536,4.738866518654398,6.205766902570401,4.2584385393506885,5.452186056187231,9.767924637673106,5.251618257164785,5.767997275546866,5.304766068817091,4.845681995349706,6.727555632394966,5.385686644836559,4.4778291209766214,5.920275751865567,3.5307620776880277,2.0586893848473853,4.880814259456814,3.8653301368762345,3.4525116843403927,4.081373491244009,4.29052007973317,4.759802935618249,6.374912422434205,4.453864369601283,5.550962763708041,5.856162647448586,5.753849974728126,3.2737031115934134,3.1109853847171487,4.003267540248291,4.89809275241501,5.979303665646234,2.943787006477709,4.3284225854459475,5.6646397520358756,6.136584163914192,5.012053322099851,5.172598929095691,4.438422963397584,6.11812245129816,4.317597929611875,4.996419538523315,4.56095772511392,3.171007067270517,5.264112784064627,5.29510786422155,4.803355704110068,5.5546699876320265,3.371717531321119,5.167345491044938,4.557348171194724,4.764268294009914,4.0126059265434,3.7271445924508355,3.770321960175286,4.450799679457439,3.2616090161102265,4.769498398298155,7.152915078185963,5.71977463011404,4.90062551716326,3.56952837363916,6.739235714889054,5.8006069136162095,7.180904479818944,4.956045390989082,3.2268472517725932,3.0245782718485654,4.073199243286138,4.790694558040795,7.210578181173218,3.2382248736743082,5.874180762050139,3.916347882934287,5.59664601272123,8.043413007646857,7.858958829218457,12.551368700138218
PedNYC9_scenario15,4.458440295862862,5.177119458104625,5.270723438598348,5.277179810000108,5.477157584144518,5.282013025366505,3.872512646981933,3.713584049858495,4.27048367641603,3.515167269209142,3.914668272482818,1.8019986933713548,3.9712019861755747,2.4760581795003875,4.670509876589107,3.290004278888392,5.2593241839164975,4.27544690470366,3.6389545984467544,2.771437723023606,4.811958588323678,4.346219815095039,4.194439754981843,4.876458093970825,2.828525090336937,3.4660962499976424,5.800386572674929,4.5297327468442194,5.185467596377944,5.357670320753299,3.574165149868853,9.487804219860186,12.269402888555275,4.557117661478589,8.70432360880862,4.560320565736114,2.310929248163561,3.720443187485286,2.9806281616553085,3.590579366919503,3.2754854717971895,4.140838981631186,5.6836740672357555,3.8899491547412883,3.2275958090356913,3.9989562504665077,4.0926279085830615,4.059663389478435,3.939916878164014,2.975623974093099,3.8200472507958003,0.0,5.018620272669349,2.2169942814216355,3.7852292292745138,2.3702340058761386,6.067730208825292,2.350717263922604,3.347027479782549,4.731442761456367,5.585935349194361,4.238466643513853,3.960009064414392,2.2899541206376774,3.3801398308454527,3.2931439525949453,3.576193467482662,4.446873539434103,4.321031040280672,3.315348698196728,3.287692296086896,5.688869578530674,5.2091911299074685,4.745265836312166,4.121706908473878,2.94850304897478,4.411263621155267,4.366988366621419,4.152883950650789,5.483997000172995,4.601421691160875,5.023496556678775,10.109815772885433,5.10716250318005,5.035202842803548,4.665400825144875,3.712049489392486,7.188346272950314,4.7852932757179,4.183076114384211,5.613458978000931,2.56774191741013,2.816562055968206,4.510538820192374,3.0741327060634194,3.806333154953204,5.237904106003055,3.880761371163743,4.257776114148054,6.839939241574192,4.811176462673749,5.615508059072086,5.536165897740645,4.584407957218104,3.372788290531019,4.364557424394589,4.94155271800874,4.153756287756776,5.906597600475113,3.2723020316445433,2.8886124215182543,5.1548177870913445,5.462546866919047,4.104890688122434,4.6314001446417645,5.111824740483752,5.881118256839668,4.987234958858138,5.361474507544341,4.188030793555351,4.065029772486748,4.985075760438981,5.2324901987482955,4.868516883233743,5.639931339425279,3.924549443928457,5.1108417664062245,4.478360327687183,4.841884121141725,3.938777273275472,2.9366836515831465,4.116027784135434,4.070517298107148,4.664233575281602,3.487592004976161,7.027752540536294,4.903556713024413,5.019629391483018,5.120071393476131,6.220718819153436,5.3020934434116045,6.302078421953692,4.253130267501064,3.583862941629257,4.110047769338754,3.7403357393901673,4.234492934229574,7.954871601593306,4.563346613068353,5.56106027659266,4.612588547614426,5.447000555953734,8.815716252738587,8.872369980389161,13.42499125482028
PedNYC9_scenario16,4.4824424642723315,4.553746443953131,2.9204572043721795,5.236046158332182,5.658973073727852,6.193468111745754,5.354252536562598,4.967247285882643,4.523450673043716,4.8635255100563315,3.8749646218950033,4.804313699677442,5.251588575945679,3.4839596658793512,2.6000404586554797,3.675694697632243,3.797552392152855,5.009621824925436,4.963986491353682,5.947973325430572,2.379900102614417,5.229390850639823,3.877635134941226,6.024424192767513,6.449226569928993,5.738162182558785,4.551265040938679,5.172498477104484,4.577458033509745,6.130117628158108,5.591042276899508,9.472936163971342,12.330935505510507,4.982990806948631,8.631987443110033,5.2455577455828415,4.396924041818765,3.1938630307615967,4.148314225289679,3.136914629551899,4.5973900060695065,3.9412315114761594,5.811560833594322,4.408893267279702,4.947551410969583,2.1227327830345946,3.963669641175311,3.982794388235513,5.804046918104521,3.4573387151331265,2.68175717236222,5.018620272669349,0.0,4.937000171855718,5.719828907954101,4.502177946516417,5.826278338009506,5.524963731934837,5.905607252119564,4.315252948941387,5.585736627875996,4.246634373427773,4.794372028687499,5.2859177777970485,2.4144856182592767,2.8442259065743114,4.6684379639096765,3.8718352421934514,5.142064592132666,4.180243338518289,3.113966586046273,5.6290673302043235,6.101272328823033,4.808694548325038,4.650719802366145,5.510464006683784,5.1755539751962525,5.003081843215911,5.329816668796026,6.244052647518025,4.070274720182773,5.399093831685725,10.134093895258962,4.862096573965603,5.530573208531848,5.535887937842142,5.965921906485041,7.7672135054214,5.446475246912989,5.626371095548662,6.132890648496522,4.308615000411604,3.098011515386755,4.752182288934962,4.787238993893339,4.0844555194171335,4.0234505416829585,5.414182365375224,4.431441981785282,7.674489867059606,3.872718483996378,5.194204902422227,5.0868682091777435,5.48943661531334,4.4592717076657635,3.3328564610029088,4.031967232083988,5.101957372282246,6.145279707878905,3.468069049388381,5.217543012954591,5.540356997738249,6.311038563589785,4.96394025189606,6.252624783966146,4.611804635029593,6.4865109463221815,4.667386747598727,5.055822560256371,4.632373860864963,2.6669907157161474,5.759433225131526,5.441356620386443,5.24677149886845,6.235078300104539,3.419876904141963,5.1575939835509335,4.676366798360665,5.171116168033103,5.324460439294192,5.000268735884233,4.182260770849119,4.631749648611921,3.987452777079297,5.753801457974682,7.249792476694752,5.431848272451846,4.497758424839031,3.224665128687549,6.236746687944634,5.2290571954940575,6.847376772619024,6.048793332723771,4.505906551410491,4.41147203015395,5.2600285899167,5.415699932473774,7.902777066937331,3.5538513910931915,6.239703536394,4.732357261891896,5.99746445329439,9.025929942946917,8.758475742509068,13.520644074453989
PedNYC9_scenario21,3.1172038489156777,4.784920013168626,4.6165945579986065,4.698055089167046,5.06715271356299,5.419052401126796,4.12199653783716,3.310353297659573,3.9985530386131374,2.868408764503893,4.024275698031762,2.105462394982613,3.2490596790325665,2.616258559559191,5.153368735263757,3.188814456875884,5.758400596947726,3.3691101472972806,2.701130269205735,3.0567962998312113,4.955022840739607,4.6092383922427915,4.650163324932434,5.195716825993687,3.63383142989767,3.5234767566447434,5.6302201330065005,4.9420120152660365,5.284004219239677,5.112667353459932,3.07915879153839,9.796185467154825,12.321993017261727,3.679689236752055,8.944729376074406,4.2580266137490455,2.3035242322381895,3.729312586915163,3.4851316817368567,3.6819521219729943,3.826949295471685,4.124139434594689,5.224111073448558,3.7191655717903473,2.7020358692202007,3.8480800244413835,3.495704612355646,4.36329591428005,5.144145837880447,3.9541582303989147,3.9816004846875384,2.2169942814216355,4.937000171855718,0.0,4.61617744500078,3.523199860910626,6.0649591757813255,3.0297446585207046,3.5821395665025846,4.8734692526568555,5.039867426213226,3.3502494177050246,3.424006976371564,2.378959139976708,3.722853797254283,3.837685907396793,3.1655426442657633,4.455055794798109,4.045906387033867,2.6955788429347907,3.488452054816075,5.304800218289718,4.938295566960612,4.530977297881072,3.695957179308601,2.8108896706349107,4.91075388505153,4.212154085256882,4.280394235369455,5.558478345166819,4.815415461771413,4.591839640258437,10.374755415009895,4.801150643612565,4.263377586869096,4.2377313199475966,3.355689666303204,6.833701916575871,4.0637039233004275,4.194024545065403,5.017777116556233,1.6083349086540444,3.5526286421980227,3.9503679711085318,3.9758487362748958,5.104757462383416,5.8225583439935615,3.976828038561613,4.799264367618763,7.25276495454255,4.171152274595901,4.822445791865638,5.5075871764077995,4.163919580992455,3.773491116629096,3.723541470150024,4.695880468269842,4.136929060184209,5.491571500249749,3.9014711771232533,3.6039459925723976,5.39995717144152,5.510593499320117,3.7500759143861493,4.992201722145196,6.238930027218317,5.424590773228922,3.958064241368824,4.200714165674688,3.355154830233687,4.539453228146923,5.062471308897852,5.057523138466963,3.748874900550669,5.416989928356637,4.239861215963943,5.1939980156466925,4.299281761722454,4.547271731884487,3.746918722100138,3.876598228133279,4.270790869599018,4.1937028967791035,4.321533350584668,3.6350659680180155,6.572987639139112,4.53469920748339,4.286202744216977,4.312548995548878,5.780285536237894,4.912559008272097,5.969475552398352,4.673745176907919,3.764529054972174,4.0960241683979275,3.19211933790875,3.948602646913307,7.509671040865813,3.9358126663366635,5.501025234571163,4.47270576839663,4.9587110571057025,8.468793379751586,8.641494224108962,13.114532504139799
PedNYC10_scenario3,5.319584862558634,4.655809169693496,5.336148299909465,4.383668588968521,4.547838721687618,3.201189908645494,5.334884460374783,3.4234815410636346,2.8912426810038396,4.376674498184901,3.312596478728414,3.1718555844727496,4.540052864798267,4.249952844977703,4.600217513103254,3.2512910381463795,4.326374987089189,4.165978851329837,4.346115667931136,4.867876527386039,4.9529703451991125,3.7011692247392634,3.3983349367470472,3.052389845836484,3.390046839927279,4.768317632264483,5.389348253536196,2.7915297131887518,4.1716307154733245,3.99457695011292,4.505151414662085,8.857271364120255,10.718781164293064,4.9028542725554525,7.861574420258069,3.266492914774418,3.017965398633035,3.2083367620396075,3.5651865982068496,4.301479140490383,3.7174170255065637,4.612050045938739,4.4133360558056935,3.9500176505656857,5.600619740250169,4.397270551199826,4.651459723225261,4.68292814783961,3.5634966536489947,3.726093520216292,5.274361778065952,3.7852292292745138,5.719828907954101,4.61617744500078,0.0,2.946481525780397,4.826429217543386,3.050660597777259,3.619869974927598,4.773803991202371,4.676006978799052,4.639315924435452,3.1965757558651915,3.228176412818105,4.283160621994283,3.9743468831635944,4.154831228805224,3.41848221380913,2.7423286200955097,3.703587183353178,3.9236148924684344,4.9549154206967945,3.879682720637149,4.004503583311842,3.987432945215201,3.3299980583616393,2.9594416649324806,2.651923590551823,5.416459221427365,2.6504040713552275,3.2764795654149617,3.4871059795522314,9.058813281964756,4.133379582830955,4.5081216169672205,4.05595766935851,4.751860795096831,8.377758565787081,5.296964063314541,6.177509891332299,4.204352184328225,5.106143662520042,4.710626348988293,3.790358761768588,3.527963127452754,4.348003160777116,4.318725037592985,4.930629939638552,2.8017604771786866,7.5891723662811215,4.915112933551234,4.521402214299828,4.554114922619698,3.276266206371204,3.0511748198510253,4.5771281196610945,4.208640039678094,2.998969399969506,3.7286433638293066,3.433687192264917,2.183386309824628,3.29685115475207,3.288683484893985,2.864095892202385,5.9912057842285265,5.260870723752822,4.639734407540052,4.446030825944269,4.632413737494729,3.830688394002047,4.148725960231288,3.508530712146826,3.8236470767272372,4.817999798980923,3.9887326051235523,3.256801188765058,2.919801760851503,2.796114327914971,3.202272177449267,4.215853539540629,3.684747325380891,3.962988441207182,2.681333575045545,4.973506341048103,4.187247122356154,5.731635032840381,3.6869131472921484,4.933876667207937,5.329797269193636,5.025958373775167,4.425221366634084,5.076854268894848,5.505527366138105,5.559568800580532,5.6658743594516165,5.061801310704088,3.534045042122828,6.054662178775432,4.760335553791725,3.6890781755346076,5.0291690983781985,3.7895355916099116,7.126535755054164,6.7399166355464395,11.261843324776105
PedNYC10_scenario7,4.890191249860921,4.2672772041138245,5.018852263140985,4.43171816563628,4.881120466332178,4.251067030412232,3.846702414055939,3.2763395025872173,3.6349493050330377,3.4273626784120834,3.0853797457897514,2.3926153846827765,3.7275500742720755,2.504550776451746,3.720378555249361,2.5804310901423264,4.189798169964102,4.059628874960344,4.134331068231152,3.6166858105370268,4.148658615414759,3.2308354698414874,3.181690352860513,3.61101410670447,2.4773122753209225,4.3836410677967725,5.5081894190732426,3.1906909094848426,4.345868372256497,4.666342367319851,4.594077256842781,9.330459782398714,11.83929890727557,4.539731743057577,8.430485066181614,3.7268903019622344,2.1309312989444495,2.882121012652045,2.2415654650442596,3.5162321610040537,2.1699647124324426,3.234768141996192,4.991748396854077,2.8928158748448394,3.6348922835190196,3.2696727216255237,3.269117677321605,2.9998575223442363,2.220395882866122,2.735615869213589,3.90630237930737,2.3702340058761386,4.502177946516417,3.523199860910626,2.946481525780397,0.0,5.706420540051082,2.545027449440829,3.5819408681278655,4.219526064717783,5.028982412476195,4.243137713907907,3.5582025236578754,3.064274831197428,2.803074733986578,3.285007017639231,3.06938132151125,3.7107882660035343,3.488000333607796,3.220346853997122,2.5119145800651608,5.613178956348389,4.428693807321007,4.038095717476601,3.509554484370359,3.461726844293144,3.1130681400990294,3.35510405103865,3.525234533232911,4.599862463541508,3.654403569280153,4.330399082842125,9.841298412578928,4.490496616464895,4.518911806578306,3.791538660425286,3.5728867113950997,7.267550396104786,4.171857354919936,4.174583983921451,4.901897785079373,3.870673933025865,2.8552817581114267,4.026532613653903,2.311153411415215,2.5680617821722724,4.356382914508861,3.5136695411433654,3.4421463913191883,6.558243719413752,4.315119525957097,5.093583189181862,4.946789358327958,3.812517777759288,2.5635788998030393,4.015131225626955,4.072923801864373,3.5952771209335506,5.379424955115871,2.9436655266126928,2.2105998571770753,4.400087737061437,4.328326829559403,3.468773765520454,4.1492367112546065,3.5754023068365797,5.150650503149451,4.7135135421552885,5.098529406729734,4.081495893405691,2.861182816444467,3.812159081261662,4.559210873918535,5.114499372554572,4.849248002594036,2.6273585112819937,4.194863601722146,3.825609275722379,4.156663276260323,3.58778668269902,2.307589816025379,3.1393694407300603,3.0008062786535743,4.436522299711296,3.8875718659154908,6.326768406409866,4.21088000686259,4.886166810492933,4.873874597642618,5.520602905738872,4.6786212735210775,5.638690368447703,3.71066073939865,3.353505562625869,3.7470606683114474,3.54582505879196,3.582917838035833,7.616478459949964,4.073255303749509,4.389625023244208,3.8598879035910105,4.7310157538342565,8.257394979324134,8.164571937062574,12.90055543713524
PedNYC10_scenario16,4.844806661652314,5.2645400577184365,4.574397652996997,4.834209330046786,4.416508602094933,3.3042366452432006,7.664326281554951,5.471886082365068,3.7582786493866007,6.251503626927146,3.28676840855638,5.443819474109064,6.849318946870114,6.341629346386486,5.811520826750752,3.857548349604054,5.846507355069631,5.610538155401133,4.855363232384259,6.875583182466152,4.30083442728857,4.270062992391452,3.0817368451567493,4.214145435986564,6.187921349014133,5.792198479864341,2.614558776857841,3.794258575722128,2.767174097941078,3.0057075031972516,5.3612458575183375,8.216727290943192,10.394492062705002,4.966603232877409,6.115712519363598,3.9181147748572225,4.851117994186979,4.15715936240038,5.787129687393284,5.243906296448438,5.281095997815788,5.519118594344851,4.398744932933139,5.5910583625237935,7.672980972758338,4.775914696211633,6.077426641078058,6.964404195847867,7.306712679441653,5.735149259062089,6.634067345980828,6.067730208825292,5.826278338009506,6.0649591757813255,4.826429217543386,5.706420540051082,0.0,5.747959575851205,4.303873374182016,3.7131654074085545,3.7421280957084275,3.7876186180513223,4.529538213414549,4.719363944757828,5.999411902710054,5.384883364574585,6.108394006131937,2.709039920341036,3.9305584796419675,4.005555332357814,4.634425769794504,2.559269840561426,4.039716807217876,5.0759580066112875,5.532947048811802,4.343923471438297,6.437696671099368,4.1283522385617095,7.910322366979374,4.304964068450585,4.140165373455581,4.215323624626333,8.06342495600753,2.6630623649608953,5.909380404082587,4.89518521309718,7.317552442287454,11.193593644355687,7.283266960985139,8.704540986001046,6.503925687094986,6.318969778912724,6.415565597477588,3.2121759550828806,6.18460818514978,6.561737012832327,4.727397978944836,6.431087141838538,3.554455767565218,10.006205467463124,4.103223848055289,3.6774679554653398,1.8721465403638675,3.690082451737163,5.892597482961942,4.665627786813018,4.497011424722377,3.4688201368875573,5.665701084239315,4.762965006379555,5.628834838674136,2.7689149903346637,4.170108012679591,3.7868024118392927,8.799001659812655,7.323996505904451,4.843060359922,5.642153509250366,4.543177141669442,3.7257568508363783,5.596744866238228,5.573819740050835,4.101730208204341,4.882716774639621,6.453199620930546,5.272068820734341,4.385060091212741,4.145051987891897,4.541004328118787,6.301930585156557,7.084864980556521,6.441940153460636,5.30555749502317,6.297696396917968,7.439646863766857,4.886694125263235,3.0411114120409097,3.5236181749359794,4.559633584047571,3.8484324147773363,3.083557430676103,3.566537577892542,8.408599189578863,7.411276122621556,7.755567966451479,6.973620724278388,4.95664114520161,7.700674142050397,5.821600644783836,5.59601395433744,7.076791293929358,6.3169825027401725,9.904354054710367,9.107758678615456,13.787393151752841
PedNYC11_scenario3,4.5826095310737855,4.628847275930176,5.2739038076174785,4.704380648112469,5.200404953880592,4.487750634081671,3.828061200239538,3.448939895102974,3.9061596994735175,3.7228822786797813,3.8403071683530015,1.9767184058761456,3.2781888017853564,2.9944902540140945,4.951825024866117,3.0601303196152463,5.045128958032874,3.688361150192182,3.6007462182863184,2.566970370518574,5.0295840300410894,3.8303612949389167,3.9508525231086926,4.175097781745452,2.6335814877238786,4.001400440621371,5.527837797278872,3.889283361533542,4.835798560389674,4.414589487084372,2.921737781539853,9.417766990228174,11.647228193248806,3.667106166681211,8.42607418460369,4.056593437748104,1.986811027786099,3.5913526680233896,2.6500809760698356,3.973630344584917,2.8440854842430734,3.763065368398488,4.58256493291704,3.727199007161778,3.647641968674704,4.294398518107238,3.9792687956861266,4.5276218167642535,3.9140100171650802,3.297646464173015,4.376349764186233,2.350717263922604,5.524963731934837,3.0297446585207046,3.050660597777259,2.545027449440829,5.747959575851205,0.0,2.4600684699355657,4.5861309200584754,4.582272714344002,4.115259581348349,3.0221577007611744,1.6598300817609146,3.801379282382213,3.727322294542581,3.018398172132616,4.262511482421257,3.4914002732875575,3.2051195075496697,3.512601288862502,5.508059293564207,4.306817026954442,4.074886019218988,3.767971293761867,3.2359454533785668,4.4114548287740964,3.981637595903775,4.59687749180122,4.627257929279382,4.407013139502015,4.659673685536507,9.770473239304806,4.642618770867012,5.232304307310054,4.367917121766189,3.5713625344402358,7.331419958384652,5.312054557351181,4.962304812249047,5.43638599320462,3.6299393377479037,3.7844318985387573,3.9288514506044097,3.062537550749379,4.136959723659837,5.169030373114257,3.162622748440032,3.955762972177703,6.862539202930113,4.895031365022442,4.798023382780225,5.327892389175633,4.161218722502906,3.164608783630583,4.255878746022335,4.534255483985817,3.568407595508516,5.569433018714365,3.496299148127045,2.8790547090126037,4.5496723974394735,4.4167780091057525,3.2681847499531336,5.167116888100456,5.70275618773306,4.90291951949528,4.5324236834254785,4.85854620859762,3.8525073136062296,4.609542487195935,4.423359734560371,4.6408501998324,4.375161382478591,5.119524564134315,3.758779795225506,4.832770319166218,4.00993377928278,4.269741806327631,3.5612231094776066,3.128121602895353,4.196320584516506,4.115581962548012,4.640316497192339,4.086511733901514,6.125465236371259,4.274601680206274,4.4605459653754655,5.015216247561727,5.803601425324924,4.846270750502483,5.674638020431903,4.395565539762678,3.962963387401335,4.476459633313893,3.439720688650333,3.3060082176866694,6.737619061878385,4.684845748946766,4.966397661943374,4.8302424614199335,5.191227082979495,7.38172615531039,7.450708799207952,12.019440757739186
PedNYC11_scenario7,4.378796836762394,4.508966484820956,4.999470446148494,4.408458856226054,4.717578619858889,3.539519961324165,5.6213731292969555,4.080420077866819,3.7176859567191403,4.593378000913961,3.498374806059813,3.2081961411422433,4.686212519721308,4.08933434192227,5.603361565280914,2.684234296613312,5.898389558492396,4.254036895480615,3.449859712256024,3.8163206842889004,4.651880393134254,3.027381895161938,3.4901351031372574,3.5202230350612846,3.4150668619728024,4.094810702124124,4.263523496717637,3.492612367444735,3.82900527601836,2.9942451741306124,3.0234033896797765,9.023711772912158,10.860316255403927,3.305092125371777,7.54297349655777,3.364712505239117,2.495503924330154,3.5556587294711464,3.7636793058173867,3.9614662073493467,2.8719521353930255,4.110103843337901,3.9594340734645233,4.286725733843522,4.911638887918277,4.4026737988754565,4.6972302212570565,5.8871703701310905,5.42597054659808,3.9752368624103394,5.337477690484357,3.347027479782549,5.905607252119564,3.5821395665025846,3.619869974927598,3.5819408681278655,4.303873374182016,2.4600684699355657,0.0,3.3161073152950027,3.5146505423477556,3.3483993221434076,3.321438480856607,1.7618750662300333,4.713599584521396,4.3177766266189,4.124634881287403,3.7348915566572,3.3593536034976856,2.7256198218287433,3.3866607959021664,4.3779253120165915,3.4024436496301966,4.480480757198185,4.360078107656417,2.441488888677459,5.618412672586895,3.652101838406994,5.941032118820414,4.2261457982807515,4.359133531381468,4.3064558856669475,9.034126259719457,3.6062801705749368,5.325504122884527,4.077046870067295,4.937546439271264,9.302400054761758,6.12549135208919,6.625165220087031,5.935978952209425,4.190368904083586,4.842271675739857,3.327254192160192,4.564338785076445,5.293495536536948,5.404129077421296,4.244313625676033,4.19180239204533,8.747672344163083,4.10502856288264,3.8657235656897444,3.921333106051259,3.348962733972476,4.407579216428467,4.128825259977526,4.39020468477941,3.1067642784557354,5.776302649795739,4.079667160238059,4.058445470433838,3.9467377401548767,3.7869948558141617,3.0030308436232036,6.812722491821494,6.649310692196414,4.186760616094869,5.076633436445766,4.595453529316415,3.1352143667079675,5.078474340890695,4.644907349019472,4.452875281605432,4.072407067745373,5.839752721416949,4.479089346975,4.833877278003957,4.362028371581779,4.463699334054408,4.590180761374967,5.025050093558048,5.456333211269073,4.818750040540032,5.779611933358814,5.770402930051339,4.9568664932344255,3.1178249290835063,3.3324363689203857,4.799058280597082,4.362356101930212,3.46862886465881,4.018959493957974,6.06246305103558,5.042142532550409,5.9365533793520475,4.508293041502984,3.3317390522961694,7.326092191687409,5.235166106495695,5.0267888957989255,6.142554046804902,5.742819948660647,8.468660161398603,8.181361629075145,12.792065216053242
PedNYC11_scenario12,4.765547951833717,3.239827521449763,3.300855311245558,3.891729264699956,4.177289462216522,3.7287325340576336,6.226523095060876,5.206932315050099,3.694911607043445,5.076744163433151,2.662604133970538,4.765347342206931,5.564634666100334,4.456910577748722,4.379333766138591,2.463144654323597,5.127600920274407,5.04270810593313,4.172371205970633,5.373812185011656,2.327757497785502,2.6654603257254568,2.7152184786892697,3.7963160227939703,5.4648718142585,5.7058856428073295,2.4499134575169808,3.344023557484332,2.006805124434781,3.1825791918189474,4.865419216154811,8.226376502048103,10.342080140707461,4.038569884420282,6.59870644089299,3.4148782223532237,3.712198995240869,2.790149266255098,4.324740063805446,2.850596018608001,3.0926096521765385,3.3442096705000957,3.6596866667904626,3.996387474306804,5.530754463078682,3.291508090491816,4.455260994922729,5.601854649107702,6.036583480609913,3.629092006728053,4.781530481421529,4.731442761456367,4.315252948941387,4.8734692526568555,4.773803991202371,4.219526064717783,3.7131654074085545,4.5861309200584754,3.3161073152950027,0.0,3.2752745502577487,3.040381830392052,4.138566734111182,4.0628117226471225,4.189325066877946,3.6370132765042316,4.679747262240713,2.784204905470842,3.766278546553547,2.979234100942058,2.386006901173918,4.104325760826652,3.558708192579303,4.356239729812705,4.382489788845599,3.841461390459367,5.864674131474177,3.685830761802938,6.4501378519986,4.982945108383013,3.6685164612099936,4.115590561023251,8.195546105490324,2.584557690039157,5.22179545496718,4.02925291928759,6.001434773116889,9.76131130539963,6.316485802503717,7.211828429101082,6.257988488906556,4.920343150213234,4.636066133415433,3.313479253097987,5.449152030066978,5.128326272232244,4.478667965146469,5.186285851132176,4.405233071353629,9.483334348020104,2.5245865423291205,3.2441592092411846,2.382817717823443,3.754521686621445,5.043184726887643,3.334776070076876,3.191077213079156,3.3813960202753712,6.041858264197585,3.711454304186351,5.207691139513256,3.73450379776795,4.226227216218103,3.4413397706737583,7.580119191626474,5.775160306325859,4.241288380720779,5.041061518688448,4.665695109659239,3.4705012559364756,3.9887495817010556,4.91366712346761,4.582878471302427,4.84376996508329,6.011700420703671,3.7141662959803607,4.6742427793280745,4.584170391974846,4.751041496296068,5.4527641663734,5.862536679328401,5.641469661149325,5.136658612344417,5.8942855842322235,6.930117099597586,4.547909720509543,2.92968245303033,2.4695391584350457,3.542870763369646,3.364408068924135,2.2498105336600673,3.5155355093203062,7.006220605442975,5.14957872798238,6.063832690906244,5.441570445067783,4.2572563781816175,7.628262764541231,4.69711534065953,5.0469160870352425,6.1887751091132195,6.239988414398874,9.012037752116003,8.569708927228723,13.40669096023467
PedNYC11_scenario15,4.328252477369261,3.1144743426840926,3.866410776753274,2.52912488599329,3.093022144924874,2.9045467178427056,6.299647380058137,4.504583125347326,3.135168441989945,4.497606226523564,3.319447636337969,4.86776766321811,4.856437828851535,5.257376010363967,5.296107510906233,3.0183522240828613,5.14019576081072,3.612238190340939,3.256526876485321,5.2128635425810925,4.286657646525688,2.789164476095744,3.368685030690053,3.178498889101683,5.3746647637383385,6.170871158462261,3.3561968743157666,3.1157163155114924,2.728351144489929,2.3532221265888675,4.740943359772101,8.312364799013256,9.384126629654348,2.8012116778023732,6.379180539620053,2.491980749101218,3.6450760776819147,3.1863171350605324,4.323700251680292,4.104894219587178,3.881294169452775,3.4049485225091414,1.6108440167623934,3.8003438964907343,5.8375099977697165,4.143264589637414,4.144204133921857,6.006056323167673,6.627512479083048,5.147635859897012,5.600296745486279,5.585935349194361,5.585736627875996,5.039867426213226,4.676006978799052,5.028982412476195,3.7421280957084275,4.582272714344002,3.5146505423477556,3.2752745502577487,0.0,2.686253548834272,2.859880577803926,3.9484224346977013,5.176886217611336,4.911905046745268,3.9752662480753833,3.1704908523282307,3.00272533051003,2.7175458787525,3.617311528022395,4.219337250109904,1.9728389541281417,3.2997535888363934,3.531255082760278,4.327593580411259,5.8221716726635995,3.3526696955773145,6.860597288374533,3.8408750250081263,3.8468522657018687,3.15067686587878,7.953370874810724,2.12196089801461,5.28994981168885,3.2523956693434264,5.83579577586269,9.86871036610294,6.433094420706761,7.627441611487427,5.643053964405008,5.700251252499141,5.934284819237094,2.1781322342569402,5.352457803540661,6.005788565687043,4.708342580234243,4.60628346067808,4.401432052944236,8.947428937149294,3.5294964022386166,1.9919933530744218,3.075963343970133,3.039096741960771,4.666175460289786,2.9043485830343867,2.613279052777562,2.6614335489544896,4.997045370388247,4.488754345590859,5.040376408784876,2.9688915507830185,2.661243522102766,2.804604504231116,7.7581990572102875,7.012434673703487,2.015524367475008,4.127378419310215,2.9106375004140834,2.4611443499669425,5.408928627995911,3.9075065734490604,3.055086977177972,3.2409320778142154,5.086937878925401,4.345013006539632,3.854541490502699,3.6994779784161915,3.3310372116392046,4.350635002324777,6.167084138733812,5.545831794299102,4.754392931452167,5.314688255922204,6.961266360170473,2.335451550651137,2.18409257030957,2.378316253881575,3.3462188418309924,3.0133232215125654,2.418961442993315,2.7614262215973278,6.94327169677102,5.585538184428122,6.064991072241295,4.715430439966411,2.666883387381096,6.35847283150432,4.345907554392813,3.896139169908409,5.7417264060512965,5.1664744957382736,7.865693086707051,6.995793087349785,11.84957987164024
PedNYC11_scenario16,2.5110700429827526,3.347572028752169,2.607924406643821,2.994574652087635,3.0775833037079736,3.8756529668430755,5.314869428689565,3.8014469702485014,2.582879257032286,3.3217182058661585,2.51772205379417,3.5812173714837385,3.967483351485242,4.042439591642351,4.457904521622223,2.165985900638994,4.77154335457554,2.812110061723091,2.31936292906948,4.3060030412030414,3.3405519690897396,3.289426439809416,2.88092924875666,3.950292618861584,4.799608785569059,4.800434550708342,2.9584458785341283,3.6432203098424543,3.0207259654373537,3.265882781362662,3.8478673247024036,8.084393489124322,10.579412713676845,2.421099435582694,6.666233307799008,2.646945081441518,2.720611264328209,2.6934866929748846,3.6284566615940426,3.170584991928942,3.626401742232574,3.1114101777982843,3.185739134509388,3.198278420954368,4.567280598295679,2.8913908664497026,3.2073813661911483,4.850977399808993,6.078809544329343,4.3885598968186,4.345149759133243,4.238466643513853,4.246634373427773,3.3502494177050246,4.639315924435452,4.243137713907907,3.7876186180513223,4.115259581348349,3.3483993221434076,3.040381830392052,2.686253548834272,0.0,2.3245403601320724,3.104864853721376,4.111078077327382,3.9422389744778057,3.312867483397848,2.4251931521874908,3.037569371430638,1.4996120195296794,2.83274791286825,3.4806479025397907,3.112532650440457,3.016969939592333,2.9355448805878397,3.402827717442145,5.3094549429141,3.2939388077262803,5.598954373668354,4.55971306055317,3.241012958000048,3.188060561594841,8.394595522504105,2.218166511850989,4.436059587141689,3.0721426822784728,4.9574694346092585,8.783968659927577,5.154398528076819,6.146204363253106,5.221461369531421,3.973205288538565,4.642590403050159,1.737529656836283,4.649450422328803,5.340103396895417,4.277007601115891,3.957193614061632,3.810260727083209,8.206354441989834,2.3301700558701817,2.700337191491478,3.0372175236132772,3.034170153115463,4.053320902739707,2.1083977227942463,2.9467592819713073,2.757069523354806,4.953511422557165,3.7340619451919452,4.247143083843456,3.4585697386443415,4.066931736414066,2.7577474957407757,6.662103223088292,6.261889736051575,3.5203667870192605,3.41472477875945,2.537576561521353,1.4722871507590756,4.34205067115051,4.126139071241817,3.1933932244167536,2.6011358558506372,5.176487098129434,3.896421973716935,4.030218725063129,3.232392840477467,3.3711694954666425,3.774222154297699,5.324081179763435,4.7041469906971916,4.176344871293772,4.115321125598179,5.716602795401159,4.540264964713113,2.611270885297474,2.0498797772290516,2.0939425602540567,3.786787762180343,2.739058189730285,3.891165745852761,6.23240662933559,4.714253826268189,4.995213570883866,4.208859028378645,3.094277816031861,6.969315271306725,3.479202865401922,4.624880903625881,4.785249360585679,4.914895506077788,8.559234813116195,8.132190211252608,12.940446378743125
PedNYC11_scenario21,3.237897593703495,3.3951859922922507,3.5804208725154187,2.803648323912064,3.196446981887864,3.482640557127349,4.542195861633568,2.72248118285456,1.927775729076518,2.680567117671467,2.801884425887357,2.825095616162502,2.8202716575795517,3.7543389303973798,4.24721947262252,2.3605859194815793,3.983142678803618,1.5322624150219508,2.4061560208848527,3.768786247011845,4.2355325153999175,3.334653106503946,3.0392382814020946,3.370069139083167,3.9011721097113297,4.702526468873659,4.244955888397543,3.1341499332133043,3.669074420104618,3.4013289980893604,3.561288506616265,8.343665157064363,10.413081706185261,2.418230056211952,7.209617054902163,2.311346012910218,2.081495297290265,2.5505729207238854,2.7553191765671126,3.5108531981937494,3.4485733771047,3.1030548455443747,2.8542797327272313,2.735443977285826,4.352825153300603,3.3341521315390756,2.9183764065852937,4.219462959173975,4.880313648985266,4.133665181793482,4.346767951729231,3.960009064414392,4.794372028687499,3.424006976371564,3.1965757558651915,3.5582025236578754,4.529538213414549,3.0221577007611744,3.321438480856607,4.138566734111182,2.859880577803926,2.3245403601320724,0.0,2.607089989796264,3.9068585301241683,3.886606057081436,2.3733221992538795,2.7652574573508284,2.217540808525825,1.972446971883879,3.237642639932386,4.237607814136497,2.820182109055395,2.144718797901321,2.10666997397208,3.5021363002292896,3.970843274415675,2.6778730109199427,5.036060257786412,3.3555796354603955,2.8764311873605264,2.7207248884434665,8.634646250411604,2.9338768170816323,4.239816453825796,2.9385562048593328,4.215894160729507,7.916172971347457,4.82518633805099,5.659470753670467,4.254979454162357,4.303490207861123,4.629977911209455,1.9336918575633772,3.5084450921523613,4.75048923020047,3.9835633465151994,3.2765899691702387,3.1270319431937597,7.06588797277981,3.6431507122474587,3.00492861304465,4.028271983996792,2.825668801360421,2.7105537313897883,2.5617214056937114,2.8904488980382945,2.2856588333666013,3.761752298784233,3.446756933090897,2.879797567708105,3.121835754707713,3.226165558349727,2.10959913865742,5.922290699773775,5.921826770506854,3.137723471222781,2.6655172808236993,2.3212507047537527,1.7526319506963632,4.338130880346352,3.0216934916595557,2.5025087096943133,2.358543550888088,3.9005298874861256,3.2892663526913335,3.076135733194208,2.042781363781141,2.1077279251668712,2.5568473747138953,4.208027668016589,3.68685035227635,3.0102068237634656,3.3074418878193477,4.568189175900731,4.615444394826564,2.8335280100165696,3.1657565074214578,3.1022851578969104,4.385735518226379,3.5365088129179294,4.435863831666688,5.256022251542813,4.541412149400095,4.446014318632395,3.535246890143389,1.9340221949102971,5.674622436030533,3.1855578875483515,3.6398059236613234,3.9490265332909162,3.5712062163975893,6.960078696674217,6.524178428420977,11.316457789527076
PedNYC12_scenario3,3.412092317873702,4.625574953335063,4.628481816239815,4.416702008525214,4.675503727364014,4.086307805248027,4.486114489592234,3.05536678807993,3.290543371057859,3.6210448400908883,3.3345623341293664,1.7153461936673295,3.746397901493431,3.2263656741140947,4.949000009186399,2.517237784963976,5.242471018627621,3.3080702370645176,2.557616322969724,2.957106905723059,4.590732480987717,3.674549256809315,3.511187200455813,4.009047606931547,2.9416407823008126,3.132805803158475,4.615625006549176,3.7501521495074064,4.301813977129073,3.8018255967651533,2.1509489009635594,9.027109291441915,11.271167543228874,2.972000959267976,7.885215899336261,3.5249496693869244,1.535515602481827,3.221158860656708,3.008223575029602,3.6406209962170513,3.159420106987863,3.8887362450784333,4.27620419479914,3.8032250022777205,4.05565262505965,3.8757531473374573,4.054507022869548,4.909030410610773,4.843600697221236,3.5843458068920726,4.396002071328274,2.2899541206376774,5.2859177777970485,2.378959139976708,3.228176412818105,3.064274831197428,4.719363944757828,1.6598300817609146,1.7618750662300333,4.0628117226471225,3.9484224346977013,3.104864853721376,2.607089989796264,0.0,3.9449857417181438,3.6363400435260065,3.2986565835347585,3.632992198739357,3.181800725549467,2.2601897047910717,3.229899539749806,4.3344373495780975,3.9145200936699394,4.034129797433999,3.7250047545266862,2.2460310625976465,4.776577078881026,3.6249140237882727,5.115538437586519,4.219973876968181,4.1132929911813285,4.154802745898656,9.332494395733299,3.8988434842787507,4.894356322912605,4.049194704779654,4.116803615573228,8.057360339486713,5.321843307976417,5.487053915474473,5.291458429903218,3.113736297414106,3.9377225410271537,3.121944451231186,3.455596917148721,4.668979419824639,4.957529735972937,3.5499848537688146,3.5761328110324277,7.385632182530059,4.1876926454031995,4.147113238619035,4.476974213675853,3.4783069311577046,3.384438011238078,3.6222781089701894,4.219470065879805,2.9030896474025347,5.151972741402679,3.2856297624756756,3.0367723142571963,4.026865091212084,4.195261479717839,2.864518454684367,5.806131336127393,6.201112473638393,4.554380385106883,4.208028947582924,4.018904551252905,2.776793577768906,4.620116761370808,4.484059912773754,4.160967377765274,3.3255760390280407,5.211708121686749,4.009216247177885,4.450146260021255,3.5762768825949287,3.812469736895666,3.6207185002718085,3.971467625013731,4.422447754719967,3.9672821667305556,4.44310304914061,4.290582127066268,5.59412735405715,3.558428153868021,3.5653469123177555,4.312966618289434,5.110941394109591,4.119530453006126,4.959932410314877,5.088492931462114,4.387768349827383,4.85882079360516,3.640928721736115,2.9962375510761565,6.837620961268139,4.306710806239132,4.9744510281366185,5.005291201463157,4.979951861096111,8.06553372465401,7.9018054533845445,12.534347818399944
PedNYC12_scenario7,4.4128438181662,3.9462336347639773,3.64556720406948,4.553074857879203,5.130108959896345,5.397998018390507,3.8394117740738105,3.9600089138949564,4.046720467359335,3.753685214333039,3.4642790660444294,3.264399836743801,3.971224989989999,1.8522933516817306,2.1940711311210803,2.7788811462057588,3.302414728560373,4.037250823845273,4.04941656356303,4.374212603217708,2.9887329823775386,4.265877409956432,3.639759498507023,5.01111627174767,4.820583121411935,4.9957895409051805,5.069785830089077,4.139915260853915,4.433990085974148,5.542232025591169,4.791112113478683,9.647496174116856,12.105564846789877,4.514581205122013,8.826213774838807,4.4995964445088985,2.9128371592899738,2.353496028260782,2.6764110705068083,2.400495379721329,3.33924208898211,3.1057838873287134,5.147340038628235,3.297259881363698,3.5155937560910484,2.198804434001116,2.9950446856150035,2.940146583013816,4.183838625178797,1.9659099773473971,1.742628027851903,3.3801398308454527,2.4144856182592767,3.722853797254283,4.283160621994283,2.803074733986578,5.999411902710054,3.801379282382213,4.713599584521396,4.189325066877946,5.176886217611336,4.111078077327382,3.9068585301241683,3.9449857417181438,0.0,1.6909450391373793,3.3120567246955495,3.8281449653553676,4.190824577348964,3.5122469684015942,2.3552715609371435,5.76670671479309,5.347685803366026,4.163146471644178,3.8022390460489914,4.47442143204299,3.8555165182405196,4.119563354053267,4.342055212846314,5.330324225302645,3.742663252530834,4.667237639183621,10.203281125185509,4.664703439468356,4.760213934510223,4.634185156922861,4.434225949498478,6.763910142225312,4.547590949097203,4.413440213434546,5.046450143303951,3.3465282860215604,1.791124329150425,4.319796867537512,3.4017122690830486,2.918828678462447,4.049681042506345,4.314495766982966,4.030709638230113,6.665234816047423,3.874876821826467,4.9098729752109636,5.140691827367143,4.784557174699219,2.8586103890044967,2.996684905609065,3.520367721810315,4.258894523009833,5.3011951182380175,2.4055346290201647,3.6140877603894137,5.0488596579792775,5.3095310956315664,4.107308766824237,4.900766886603332,3.818291672634324,5.710010372910226,4.056633286170017,4.724952681567197,4.123907369332314,2.1230349400372375,4.6405501997715035,4.985734862717375,4.802454858229559,4.995772719196524,2.252644949096981,4.3501090050805855,4.003887156549313,4.267526781356142,3.9987734298128785,3.164723432202685,3.334958144645611,3.481928981210028,3.5933171296561657,4.26714889843416,6.691916307364197,4.904781894002596,4.505491490500573,3.740849986401022,5.8530626343071654,5.005162994598935,6.3992205962534205,4.717865205489604,3.329922022988376,3.3635033287494305,3.956564332683663,4.39281618748709,7.0278154137859286,3.0528576342609073,5.059357345113722,3.7712366979611422,4.87822097564305,7.838998967897316,7.711916388451228,12.422555328172443
PedNYC12_scenario12,4.400394039549384,3.9099654322750546,3.2199349054980564,4.608114970108881,4.9409978582453675,5.107929272217349,4.281635245720503,4.292517177390836,3.7294604066716066,4.128347815384037,3.1949924974891624,3.327178129551424,4.4404928501854535,2.586222542554036,2.4004282071276304,2.790617947069243,3.4584377556301966,4.316226882628987,3.7680916734265844,4.447851818165005,2.6122938793627015,4.247610356204041,3.4722218330129744,4.923328681523327,5.1056008018233205,4.871410086994783,4.3545051090038545,4.050360189626197,3.9508754815160883,5.191157200570076,4.2950316121810435,8.739420134008514,11.27669566574166,4.503168864795493,7.957717181388181,4.400749812580419,3.039048070875993,2.2696907753537285,3.1263860622354707,1.8279232912190513,3.609118136959565,3.3891908089719323,4.820162457716349,3.5945584939599198,4.191005184382737,2.5264673137219895,3.7502546159175685,3.77036174245587,4.738784089807795,1.5694931342457623,2.03804586777859,3.2931439525949453,2.8442259065743114,3.837685907396793,3.9743468831635944,3.285007017639231,5.384883364574585,3.727322294542581,4.3177766266189,3.6370132765042316,4.911905046745268,3.9422389744778057,3.886606057081436,3.6363400435260065,1.6909450391373793,0.0,3.771892706498731,3.4605667691876154,4.024543014279138,3.34138906214575,2.453858243144669,5.109873482593523,5.111442655221028,4.154280799549593,3.9552996150156865,4.0430239102658145,4.167835949720171,4.0737556658080285,5.187451211388146,5.122075548535922,3.508041957104003,4.47616817371493,9.215171597439008,4.236840364526319,4.883062352944847,4.748136052445915,4.8542165732540585,7.289102114716439,5.292262916099082,5.265700636727558,5.239063751325456,3.36882233828456,2.105418244633765,4.118482085100593,3.8824726301707564,3.516334333367873,3.7481275915075094,4.756236226002836,3.8412518410697496,7.277352395544593,3.705339672583198,4.569524946931308,4.602294609609493,4.7307437109043295,3.2732315617133128,3.017920209370913,3.368255398763552,3.8280558468286103,5.0946824634727745,1.7430122745008922,3.7927569570274438,4.537684105041215,5.196706721392333,3.86742064922052,5.81664048806303,4.409145458892288,5.524817129290507,3.965840336273316,4.64027499376504,3.9311890747550784,2.583013385105141,4.88701231203924,4.83801976304123,4.666053128761649,4.901513600167083,2.390742384553632,4.2107979585268,3.784079440005521,4.161541090445623,4.412290131761579,3.691324429434375,3.8947895320317634,3.8459946824171913,3.95466631322785,4.506872277548503,6.368066442953798,4.590790989454779,4.042928785771915,3.527661912873079,5.56211335287392,4.595605182964959,6.021837198886204,5.504879082778415,4.031588914128728,4.257958855031584,4.597944844362606,4.44530368596467,6.484266486817074,3.3573277223229954,5.128914011855659,4.50742266756894,5.120110365096593,7.679939690965248,7.521357254308589,12.2353658873281
PedNYC12_scenario15,4.135770124355322,3.1834708998235244,4.248643548743298,3.013243708065966,3.713746143930736,4.539755677571717,3.0319057227845665,3.3102847024214057,3.406733451811408,1.5978263089504303,3.5100969671536153,2.849127493098706,1.5508663113134191,3.0417717938455278,4.049218842699725,2.9731674157320955,3.8426622357021882,2.0418369600117554,2.9006084236054797,2.6273671186151515,4.588667807919641,3.4936219549402923,3.9088552457197623,3.990232134601528,3.653641025862972,5.484152995929204,5.469675461130972,3.6817854378153276,4.498423969987601,4.671549572770086,4.498467247726874,8.718491260845664,11.027613887273361,3.3515203047422704,7.7864688138389155,3.386847602111362,2.2781777322847923,3.040682437563844,2.0153492300983187,3.5497292700714387,3.0429575689490673,2.055425392013935,3.6551105299648152,1.6734787128562414,2.6426222530084624,3.414272141545254,1.4318714894655913,2.96427273935418,4.235050583032904,3.951642775446822,3.511514078497092,3.576193467482662,4.6684379639096765,3.1655426442657633,4.154831228805224,3.06938132151125,6.108394006131937,3.018398172132616,4.124634881287403,4.679747262240713,3.9752662480753833,3.312867483397848,2.3733221992538795,3.2986565835347585,3.3120567246955495,3.771892706498731,0.0,3.9349266803709746,3.2398461011697144,2.7469737075169904,3.101534424542347,5.836401054659698,3.7265049509962163,2.310236494790467,1.5726203720709,4.320180952943575,3.760613884794001,3.6599950696066057,3.828537245847858,4.938661967327727,3.714719689511553,3.7211111251207045,9.19073846468626,4.068972238640816,4.5194577939336815,2.9129325775175263,2.7518942318986572,6.56653660505926,4.0789629401201815,3.999358964371231,4.567404653177477,4.001921186414039,3.773104511210342,3.270321917710719,3.01360975194592,3.9852288422403968,4.41479865883213,2.1934123276705373,4.2672645653407315,5.9566225854724255,4.089387561546004,4.263679326872114,5.256082265283829,3.9854038592923176,2.2856775791087705,2.860562168286333,3.1307530260970706,3.468988762208306,4.9618411323274,3.5384683752240984,2.9649404142078226,4.345323277137958,4.121567102337758,3.278914300847884,4.297632473867991,4.902779010957888,3.780611477420735,3.1421712339076215,3.589262981793809,3.350206805271371,4.080558445058533,3.142628039683935,3.561730782493875,3.8030633345427947,3.92827955981305,3.0186406402504917,4.126295912543222,3.3041688440489505,3.2329461582903436,1.6182399099445417,3.054754079178802,3.1889858728685447,3.4011783737191132,3.244727933385459,4.282216973147271,5.326079980380117,4.086508402360968,4.358424330849035,3.6087920577858092,5.4230927339285735,4.660485167356509,5.521076808950126,3.925513533962613,2.8389256770993097,2.6990555947843466,2.1206949727685265,2.607497688822419,6.422546210115942,3.0756962634082585,3.7623311588238293,2.6773333759873132,4.153817781532831,7.0209131865569345,6.8844296933452425,11.687954155008974
PedNYC12_scenario16,3.8762344223015575,3.262243450434931,2.9125817318153566,3.0938297690846457,2.991296213359054,2.774001373753404,5.626165264254755,3.884820708171317,1.8577051132314788,4.03175759983856,1.1868063660835573,3.7987429893338622,4.63578064401665,4.255055830966014,3.721671008239798,2.0108487522959715,3.7278757184036895,3.7925550090055076,3.6039069741494942,5.218931438983241,2.7050281435228434,2.879968911749649,1.44313179554454,3.0762106281467467,4.778590978284163,5.1089848216861915,2.7513754134827373,2.4156318728570336,1.7860449021013216,2.884773704016084,4.567610908609238,7.775666200067022,10.404309375031474,3.8951190609597557,6.248413751285724,2.3597751327562095,3.1270467987479647,2.0338069636813163,3.701276883614274,3.295670504365249,3.4965822142631047,3.436406270433021,3.309335151487885,3.2731800431289297,5.516454461083133,2.6967816451462823,3.7216903625012936,4.487105160039636,5.211419488532828,3.8165227471779164,4.567554266487125,4.446873539434103,3.8718352421934514,4.455055794798109,3.41848221380913,3.7107882660035343,2.709039920341036,4.262511482421257,3.7348915566572,2.784204905470842,3.1704908523282307,2.4251931521874908,2.7652574573508284,3.632992198739357,3.8281449653553676,3.4605667691876154,3.9349266803709746,0.0,2.3440451972821568,2.389578683725218,2.6642713257057924,3.186432508292129,3.014064874708495,2.9681260562589085,3.2517594197527293,3.4209138550828735,4.222007203077111,2.3632170109710695,5.6414489959410625,3.613926562803807,1.973204455700554,2.6344504626457335,8.045113779606073,1.6787408644227484,4.162028213830952,3.1510720600189375,5.260594815808799,8.964150160548757,5.144135036255875,6.434294779682376,4.7617444284095285,4.737654259727298,4.436024275821118,1.93343166837018,4.314980816477889,4.574555916387053,3.095677517459415,4.691861403238981,2.2535566744803335,8.23739866172645,2.6032895912209755,2.818598947844708,2.02267046243356,2.581665117191345,3.7832235886635495,2.8926352662161716,2.6695759280309352,2.330037660672347,4.307667264740173,3.0164763546536184,3.7048005121549035,2.0604641903217735,3.3471277188397877,2.2461949578146747,6.630443647089187,5.150846137457208,3.8358705924088676,3.728932014959505,3.3065862786497573,2.4665807288066723,3.362815745861141,3.6922371342063127,2.7373154218443365,3.9521792481013063,4.642792904972503,2.8726109701008875,2.850151625522132,2.3277139208199067,2.9975974571133053,4.352820574143585,4.888748683218148,4.184644655205247,3.2896321243828246,4.368353145248492,5.525863186563144,4.713110647978288,2.234111146291367,2.887071440134115,2.9228747964601407,3.541476369671832,2.456960910129195,3.7347394223813644,6.3654494443784415,5.288771730987371,5.471645304080505,5.116401846986064,3.506752292156671,6.6612498012263,3.831322120104452,3.9652644458281214,4.809865547860521,4.562794018468285,8.341196785455377,7.796803412773965,12.676161253694959
PedNYC12_scenario21,4.046759013765453,2.892542539330796,3.928825752671277,2.4242863624469946,2.7748217804947206,2.1057213245375292,4.979746400861481,3.4309533259755214,2.0235904612376063,3.578907083008307,2.016401574871984,3.289454698211852,3.7455854890121,4.297295953120673,4.512980403914343,2.178729114187193,4.44465674818477,3.197002316634618,3.1654252579228253,4.75576530094325,4.143064040435102,2.7651579234901393,3.0273734918665163,2.5639484084411754,4.056501847115941,5.270196289950106,4.204721432722711,2.035426892845084,2.8049894857565296,2.236533107769083,4.409017808170283,8.573692863415934,10.517558316558356,3.8852219814098516,7.1889714049467965,1.9758180495762043,2.657743099828335,2.4847653250023822,3.7741111017796207,3.957166884177361,3.527944446668561,3.53375369564032,2.55209142916645,2.7067407267036345,5.101449458767922,3.7004450701953346,3.3857244396171366,4.409676372872864,4.693919921829977,4.281264227599653,5.100404726965682,4.321031040280672,5.142064592132666,4.045906387033867,2.7423286200955097,3.488000333607796,3.9305584796419675,3.4914002732875575,3.3593536034976856,3.766278546553547,3.00272533051003,3.037569371430638,2.217540808525825,3.181800725549467,4.190824577348964,4.024543014279138,3.2398461011697144,2.3440451972821568,0.0,2.469270844000729,3.2936757617327794,3.753151891441163,2.287293027652347,2.990642367362237,2.9030847356780862,2.981861135939192,3.607260941683942,1.620748125650488,5.505812524758958,3.1070649455257118,3.081559225206736,1.7617764596610277,8.67261252789448,2.2348749212357517,3.0851201626708114,2.2319851038853593,4.105213200719504,8.054273720880968,4.346396637544921,6.058732368474764,3.3637043424846365,4.700440646438233,4.819456385410605,1.75304964413391,4.272222630679709,5.167755401634915,4.498650627510907,4.485908897330727,3.176466844139698,7.868457289238053,3.075522928204263,2.3534816892004122,3.224709645357124,1.8323608766862658,3.49297297648999,3.3161277139899625,2.7262058368193656,1.731764493250566,3.4565589895725872,3.327634181779563,3.1506274004757504,2.463289546952099,2.4325853913355213,0.783174204836078,6.2034465905590155,5.695951391984258,3.0237659869097278,2.837516367507548,2.8192775699264883,2.524053359191259,4.092353742591912,3.2499910924393074,3.0643787742231448,3.8806256086289563,3.141760055175372,2.7310567241699246,2.7204696455287705,2.0221721375998967,2.261898333741314,3.8686032164759263,4.419159137234523,4.18885355410203,2.8764073947347133,4.583743972579514,4.777124927732165,4.078007494635191,1.711302565418925,3.2818392918996286,3.7737492412030376,3.277635558130219,2.596704692578813,3.343370506393665,5.971932249479309,5.342720939037884,5.450166930167423,4.508865010980607,2.9262015597897064,5.420027879258233,3.734727596795421,2.7760192343146413,4.457446429822064,3.488637865938639,6.968490218833269,6.788342840712741,11.483323127098357
PedNYC13_scenario3,2.6112069826332265,3.2234044718195407,3.0750800224278074,2.9109935137364005,3.2882224569346845,3.377761529445702,4.765605477684944,2.753461001790171,2.0158817816328636,2.8020536346219194,2.1443054444320744,2.697134573067049,3.5635080935016585,3.2308714243332117,4.077904831037298,1.4436590732271433,4.532089928127542,2.589231736990326,1.7667055250891057,3.7797540479798477,3.3404638119343826,2.743376776593189,2.616497343603958,3.279189386544345,3.7759882215541767,4.054207809066021,3.492633166068065,3.0513881231045703,3.0374630951382215,3.083684442536678,3.322572643458453,8.283432214141973,10.455206551269187,2.2991529272817455,7.023959180113371,2.187470289650093,1.6248153580880096,1.9799565064527564,2.8726878411857646,2.674129200645102,2.8279606386322738,2.7262871081799993,3.1809859916579675,2.590600448069784,4.000116967373707,2.491803838511463,2.8566312217197813,4.233618545743435,5.047895057393965,3.6520166358011843,3.9706757997875304,3.315348698196728,4.180243338518289,2.6955788429347907,3.703587183353178,3.220346853997122,4.005555332357814,3.2051195075496697,2.7256198218287433,2.979234100942058,2.7175458787525,1.4996120195296794,1.972446971883879,2.2601897047910717,3.5122469684015942,3.34138906214575,2.7469737075169904,2.389578683725218,2.469270844000729,0.0,2.0225306457100576,3.6162658637930223,2.8493424381684234,3.035521457744581,2.514561931391414,2.483590759036593,4.386598621559217,2.5799374139481683,4.897759452762602,3.8747618005993245,3.041031254568557,2.9120491353241698,8.541525374771306,2.471793554233474,3.915241310016174,2.713058969662146,4.219303429332431,8.184970473671155,4.559152077157898,5.506976060796162,4.61137710917761,3.357448824875256,3.8756175068331737,1.785162995134222,3.6891009507576134,4.5701157890602255,4.088930990875693,3.5911363163777033,3.331983331388169,7.616736723972505,2.5468547180262826,2.836429172357195,3.288399590812975,2.3691151134821684,3.2074951188807512,1.9676969713799939,2.6568105405002727,2.0953541658645136,4.4544913019576375,2.9593918836426965,3.320744891066576,3.2676913492969946,3.5140802262340327,2.1458330517457025,5.887129997645777,5.632924363528372,3.417986145939413,3.1903210538267244,2.6041215713330117,1.3438110820560043,3.7279029353777595,3.660046119957659,3.140348637935075,2.5610211775781644,4.5784119302562925,3.1630025987082027,3.5246977216059894,2.7947717468051723,2.9267633105760127,3.260552148319672,4.365730766782239,3.831626735507683,3.310004742113951,3.865678680372062,4.818904247044864,4.385899796580832,2.3269273902403222,2.352349963607996,2.60360716044615,3.79565670725051,2.7260961676057627,3.857531065319293,5.192351656754845,3.986472070584527,4.367566828644517,3.3087925521605834,2.212490886558168,6.728716388415699,2.93119477643656,4.03176716937109,4.240801408283527,4.271385347869692,8.129978784348932,7.736937735884992,12.61941838324659
PedNYC13_scenario7,3.9516015813823304,3.006052347432888,3.1997217883438736,3.4514040404184096,4.05370284727301,3.912891203769922,4.68165029076313,3.5276109901220574,2.98320175137839,3.4247847482919402,2.2419547074384516,3.297588825701291,4.105236509064734,2.5065964912908325,3.0758328137798303,1.4807915075117033,3.934682473764337,3.7739713662618937,3.2586549863867376,4.1598957530883975,2.3197585413431434,2.49811099359443,2.3429424043462577,3.5075841877232117,4.109119574450894,4.67238130764141,3.773338529855206,2.9892182921310897,2.920516236681863,3.925604466515116,4.298926839170292,8.699298217909455,10.912999298396896,3.4464822370791293,7.481512203527332,3.0121804692722294,2.228266465416196,1.4780362220811722,2.536775886148656,1.8375292902277052,1.9497489125202752,2.144280302337751,3.9315704330855357,2.6025354648382897,3.803733108957088,1.717065000715072,2.7964861188268264,3.6749922439641045,4.387400501199606,2.4047570592199508,3.1725532945637718,3.287692296086896,3.113966586046273,3.488452054816075,3.9236148924684344,2.5119145800651608,4.634425769794504,3.512601288862502,3.3866607959021664,2.386006901173918,3.617311528022395,2.83274791286825,3.237642639932386,3.229899539749806,2.3552715609371435,2.453858243144669,3.101534424542347,2.6642713257057924,3.2936757617327794,2.0225306457100576,0.0,4.673750358178919,3.7145542237238702,3.5545106284655335,3.0790642234323684,3.333401979889736,4.209326200666568,3.008896195443256,4.53754064765789,4.504349380832852,3.0230161155095905,3.7265709612139246,8.989956323918769,3.185009351621025,4.3770445194362795,3.3836553747660894,4.485487950167624,8.079795239034429,4.691395406807133,5.240843574020613,5.156294277853879,3.545109719143113,2.8361260928639958,3.09899566589109,3.5204651303578074,3.3434954962905032,3.7167884679534526,3.873311224820391,3.564100391325058,7.633446973195076,2.7009840616190957,3.7034228086132988,3.5897773861032314,3.320004169623059,3.208886921692882,2.274701839932804,2.602651641469251,3.0639891515785656,5.2252097113016935,2.518313544298914,3.6290896581552987,3.859175190664934,4.0325460620521545,3.0466173270946593,5.537455402620676,4.271088345597492,4.304109191792339,4.097316493431904,4.041871491495249,2.9634281094042247,2.4538973556795387,3.8998672969727317,4.003304649122217,4.110149935900315,5.061419703716839,2.3304521923857697,3.8642110159619367,3.656363540945216,3.8503047609646956,3.8528563011486594,3.9329824998885954,3.6283183928596077,3.4882786459622297,4.277427182780361,5.1497364597863164,5.079832782819747,3.2727112439751145,3.1471977988115825,3.0851808478701073,4.262606737005509,3.2584401272968275,4.577397995822617,4.875836574265415,3.2119382202893467,3.949923449316093,3.552527594857417,3.1716010768460654,7.393121169581223,3.125189560935725,4.302829049624108,4.2798014263923,4.933706822353626,8.413517493788945,8.017090721974732,12.977052321702152
PedNYC13_scenario12,3.499306040986355,5.391850610675326,3.934353293766796,5.104617726514858,4.774318239261913,4.125117888431255,7.003148782571837,4.93349428022755,3.5093213706051904,5.921772268414031,3.3489591904465397,4.785397637286865,6.384722008680552,6.02433077884548,5.5541658975585655,3.7172361005745977,6.214620106045142,5.146061403444801,4.146250273378795,6.658825322040579,4.214227968311833,4.996448630091693,3.854979801559226,4.952068740173421,6.167828849499844,4.876168212638487,2.78017814502256,4.4846869145597195,3.6796714836498445,3.4172361799788993,4.665673465480571,8.197061743124419,10.661749277585299,4.561255438547344,6.9096384576803285,4.216682668973612,4.445370489120585,4.193523306657628,5.822692702562233,5.05747105211176,5.665105602947642,5.595892018494288,4.684233496783802,5.340711497108652,7.200845902853985,4.490932505480786,5.829881364594832,6.5243376523834975,7.138931090421796,5.800413822573079,6.2389761369203445,5.688869578530674,5.6290673302043235,5.304800218289718,4.9549154206967945,5.613178956348389,2.559269840561426,5.508059293564207,4.3779253120165915,4.104325760826652,4.219337250109904,3.4806479025397907,4.237607814136497,4.3344373495780975,5.76670671479309,5.109873482593523,5.836401054659698,3.186432508292129,3.753151891441163,3.6162658637930223,4.673750358178919,0.0,4.5596390010813215,5.341565014969577,5.441802155566553,3.8766489805552635,6.164939349761935,4.263614234733679,7.579258983443945,4.67509666204683,4.518540293413207,4.281936452706147,8.334488882118817,3.1076735008661993,5.094086824239025,4.910053009099948,6.812812049992712,10.076184413540048,6.551098448885269,8.063282605744966,5.7663384787545535,5.493721193526766,5.99253849936051,3.042638660548108,6.1017300522007725,6.843560883406449,5.248175773223049,6.36050394354321,3.901919250273889,9.43742570289348,3.5332261018296607,3.6132376415520975,2.9050841404132925,3.749908524972936,5.734106276048521,4.383488292327364,4.594597812432915,3.1982573341610596,5.206944789133781,4.367537697285523,5.413321946396439,3.741732691091309,4.908971138328323,3.605740784528922,8.497548237495247,7.542305302133423,5.2128579168073665,4.657082587550797,3.8783923087169225,3.365676536055339,5.402854529268699,6.067966271755967,4.767117136274875,4.277018466159995,5.910809300124079,5.140051251001038,4.78046072543933,3.874956007281209,4.309433785226062,6.179165579738609,6.862651437606525,6.116226506474415,5.137385927355046,5.603679588214253,6.551309891764724,5.426647617180209,3.175877538859181,3.079195443491057,4.014460848733829,4.295612002862948,3.278459523415926,4.109703813626602,8.081514747055357,7.292439802490421,7.368277075851612,6.626578084869537,4.944327343081093,6.944924894027879,4.967982984540241,5.945128689177812,6.594958772305551,5.85437031279881,9.419042639233988,9.090890568567954,13.639301092674293
PedNYC13_scenario15,4.987675982024206,2.8704313717437713,4.563645270139887,1.951877169211253,2.298452478076165,1.7968528957212238,6.118968814418442,4.372662127390194,2.7276844809868095,3.9916798991939935,2.9945273665238035,4.59832767407151,4.466080632135748,5.2668477020873805,5.494551734366309,3.0536514151948926,5.129097670160362,3.6627671716495613,3.6170023484566483,4.966730410204076,4.760910166563277,2.0067903037444803,3.3335271496040657,1.862820307348899,4.4839977088724305,6.299345323803961,4.234615116378986,2.3400244259725675,2.7202283264306812,1.9518191174407,5.158697526671069,7.937969194981545,9.296940569427711,3.7829163728988906,6.125986453272284,1.491294969356149,3.527458325858456,3.3133363954760777,4.192428338969089,4.357787693317904,3.4893642268948626,3.4861566266285005,1.6872334424309134,3.181309522922326,5.667838036174165,4.474916931654029,3.9234218385308273,5.549013814309009,5.718678773386025,5.13355450785117,5.990645270584062,5.2091911299074685,6.101272328823033,4.938295566960612,3.879682720637149,4.428693807321007,4.039716807217876,4.306817026954442,3.4024436496301966,3.558708192579303,1.9728389541281417,3.112532650440457,2.820182109055395,3.9145200936699394,5.347685803366026,5.111442655221028,3.7265049509962163,3.014064874708495,2.287293027652347,2.8493424381684234,3.7145542237238702,4.5596390010813215,0.0,2.9035804643518466,3.007059266027837,3.832866233038289,4.967424523242129,2.4306948489861986,6.243479869298732,3.456043008564626,3.4216339351638365,2.281870436135042,7.684949807733755,2.1143207537488475,4.51558341098881,2.0392720488471436,5.065971824194404,9.58779269173578,5.669921551974903,7.139004367262739,4.889247078583625,5.8203747484557,5.978326125639812,2.2864807951648047,5.094852422679336,5.810536984487074,4.767432958644383,4.552085857104769,4.248920787910545,8.881193513085705,3.6444610228598417,2.5098712125653915,3.1496027011798726,2.237643319110484,4.3672555429388,3.6587322334358823,2.926660885099313,2.440499963402588,4.559296673281608,4.59718753561697,4.271897541268245,2.4744322626342363,1.7685317587040317,2.3164549379503336,7.115631238562658,6.419795369425066,1.362462145006047,4.172277043530435,3.3806928693063023,2.7952158759053294,5.189012698174024,2.8773938488907422,2.664889918836497,4.086917261010044,4.336784823508694,4.005896109825101,3.367007767186898,3.3669455883352524,3.1235310084050103,4.085796381168706,5.582595246382765,5.213939723024057,4.178777925692233,5.645573034902871,6.459925997202813,2.605208945731081,1.6665029676258305,3.4610414537479395,4.176479289921404,2.6960125877184016,2.3664892304747496,2.2876915320434863,6.566547688391613,5.544477505699562,6.03918814469609,4.765792037864453,2.591126593688787,6.478207372732572,4.7041783034933315,2.7354815205872614,5.425359760928323,4.560558358930091,7.718734139407953,7.038106939226371,11.792903279444262
PedNYC13_scenario16,4.632071923738133,2.854157221364982,3.7955367411084273,2.313940608690979,2.511523986201583,3.7936518572481406,4.623946347047436,4.044650291743706,2.6992169245465853,2.640994493296422,3.104557227186448,3.980389473273407,2.9536789543955075,4.3586140956124,4.105392453648174,3.242601556540905,3.0616346840103645,2.42712272849855,3.502226666775516,4.008978739736982,4.327961297807431,3.261714128972146,3.189126118556253,3.416088237520122,4.635646596705756,6.283593693159676,4.636302290670116,3.170607945524283,3.5712201000673414,4.140290888114445,5.096297952683431,7.414197697734322,9.883017684454861,3.6824380310792124,6.181365698366289,2.718746221697097,3.3034071743290605,3.010673799057872,2.8623807027471635,3.77596676761925,3.627332704050715,2.553805665019411,2.7574509829063136,2.3289104990720113,4.5586253040154014,3.6337908399632846,2.572747013541616,3.9099283734581696,5.092202689278749,4.446979874426354,4.338584976104605,4.745265836312166,4.808694548325038,4.530977297881072,4.004503583311842,4.038095717476601,5.0759580066112875,4.074886019218988,4.480480757198185,4.356239729812705,3.2997535888363934,3.016969939592333,2.144718797901321,4.034129797433999,4.163146471644178,4.154280799549593,2.310236494790467,2.9681260562589085,2.990642367362237,3.035521457744581,3.5545106284655335,5.341565014969577,2.9035804643518466,0.0,1.4566702373870524,4.762770384526851,4.034386501785147,3.3065412897220203,5.03349394549388,4.3131166830401515,2.509326588025486,2.9543666114104465,7.783758726911095,3.0836423182724824,4.897313487211181,2.7414940647310257,4.329408350682686,8.090261918782241,5.136644414294601,5.655907535754985,4.831421506361688,5.283434300784836,4.890112293012434,2.7355062184177656,3.907789244813223,4.521459768089613,3.2976822910985377,3.2603930597934445,3.6602925212670483,7.026931867788221,3.9948802703155986,3.664825464559621,4.304480790238255,3.7522646110021016,2.945662991947008,2.9404525180621515,2.6584836442579713,3.181185300687764,4.481379216246019,3.894939845267382,3.4578633918322867,3.0513448711854214,3.427067645854864,3.119919300635881,5.757058349067889,5.184473545197994,2.9297701739881608,3.295202017307366,3.25377459810474,3.0926311184506807,4.374377164196251,2.3958195962152784,1.9571972961046917,3.819315054850657,3.9052250812537537,3.252675879203441,3.243023035575524,2.5791350121474825,2.6634293763653494,2.4644212706890514,4.290457321059028,3.79780483153424,3.5302906382001757,3.638582679318041,5.42836298524264,4.66440361734557,3.552385723503448,4.13989923208109,3.2297496258356966,4.797589713101932,4.09617730022087,4.864221096267191,5.505469344157929,4.389914276232812,4.247617044495344,4.026075633571281,2.7765269381017457,6.092303225277339,3.730243525454625,3.273088837789365,3.646513655502367,4.182177347263652,7.081226231659838,6.449357685843947,11.348834015690727
PedNYC13_scenario21,4.244939930045797,2.7095312075221663,3.825346537151436,2.2370233446257686,2.7597828511408995,3.9746347476116703,4.105663004955934,3.417350310253445,2.5829437723056583,1.4696095087697063,3.04711775712772,3.4911286367944068,2.340228149015203,3.7071436604008503,4.063571410304232,2.9697208150560637,3.6064302308372396,2.108804608433485,2.947534592154527,3.5731817232078664,4.372475186828779,3.182128272637516,3.5052829249228403,3.470883011101174,4.090790796635258,5.819872271056906,5.042088277696491,3.3615463935401793,3.8996430824156927,4.270612202486042,4.838053225527129,7.964265872791295,10.285038663641917,3.5078659553648746,6.945432631337926,2.5884478281940946,2.77439757913592,2.7937115541766597,2.5829018017447254,3.403543351681062,3.2841066687941263,2.229614417606405,3.1304303306498253,1.4857781738601565,3.640636707388113,3.340830268183459,1.7996825403503032,3.2400467982174006,4.5418457996539034,4.19748453329415,4.053181111680222,4.121706908473878,4.650719802366145,3.695957179308601,3.987432945215201,3.509554484370359,5.532947048811802,3.767971293761867,4.360078107656417,4.382489788845599,3.531255082760278,2.9355448805878397,2.10666997397208,3.7250047545266862,3.8022390460489914,3.9552996150156865,1.5726203720709,3.2517594197527293,2.9030847356780862,2.514561931391414,3.0790642234323684,5.441802155566553,3.007059266027837,1.4566702373870524,0.0,4.2261089641743865,3.570986257394074,3.008153667059954,4.2701464824680295,4.455142660140207,2.9495351790635995,2.8388994861059644,8.385244984151823,3.399028757085992,4.147281195580446,2.3030395173745744,3.5286752472977616,7.320297862411936,4.180311071479743,4.827445918229615,4.321613587050249,4.554817392280478,4.38388711628368,2.8092831273192784,3.473682830511807,4.337521054968168,3.8949951794938666,3.0456786799305946,3.954655623981929,6.684898044183486,3.790698022971919,3.762943695084183,4.620863113658437,3.4229196825010484,2.637026868304511,2.6919088269987173,2.618535739826744,3.097741653350853,4.3340764952555615,3.6670260522443168,3.089037759299336,3.62060633528603,3.672181336834968,2.932242498203009,5.055021322024121,4.98366129407514,3.137500621088471,2.9094183665670132,3.1164716487958084,2.91750766327071,4.052427281704274,2.5035989992162357,2.664474789229216,3.6493049234635047,3.6329111944499815,2.9164231264766265,3.3600460984850993,2.7300962087167693,2.743839023706151,2.045644814340577,3.7476283020153502,3.2229073981643257,3.0950375208241048,3.4545746252870875,4.6893541899486895,4.7635358287782035,3.505845197291953,4.121939853969507,3.2394084848622544,4.758717904214758,4.055464595504659,4.906432746891596,4.624299521054289,3.576250220807034,3.4571184114690037,3.04324736652741,2.4100237681287564,6.362394064456007,3.0241739317894396,3.1357905916743554,2.9509130547247944,3.7507316238646005,7.195991706692818,6.809903560302655,11.670250300235882
PedNYC15_scenario3,3.831567724775213,4.59764491338287,4.731585112435624,4.393201303035424,4.565612946512987,3.6479354099219305,5.673364191884858,3.414148832275025,3.087730151901039,4.145879384386247,3.097144591495865,2.8123758642169943,4.6735198833567955,3.795151823407684,5.44083194837616,2.6328089462750097,5.992420270744979,4.280116606253796,3.2382200916358572,4.547969214476119,4.608567655025499,3.6399149955278673,3.778018344426286,3.792690397167331,3.455487563564227,3.4271631593678973,4.678716874368444,3.739760945301651,4.032942742938333,3.4238332599368233,3.2500826641684393,9.224087111061428,11.303399837897992,4.1282269787888,8.043150095216227,3.185484677590862,2.563798731203126,3.3045844978652017,4.207329755499494,3.837124388312825,3.5746723183618556,4.64580551152445,4.572682675729124,4.088102827951147,4.838382439796718,4.0615462119785715,4.5488947457386155,5.319920826805812,5.085293964089514,3.9738086147544744,5.278448130321247,2.94850304897478,5.510464006683784,2.8108896706349107,3.3299980583616393,3.461726844293144,4.343923471438297,3.2359454533785668,2.441488888677459,3.841461390459367,4.327593580411259,3.402827717442145,3.5021363002292896,2.2460310625976465,4.47442143204299,4.0430239102658145,4.320180952943575,3.4209138550828735,2.981861135939192,2.483590759036593,3.333401979889736,3.8766489805552635,3.832866233038289,4.762770384526851,4.2261089641743865,0.0,4.712846595908847,2.8719494983135125,5.41405830167176,4.067280486656997,4.177329883121916,3.6484518501380374,9.444819843093386,3.7004668367855293,3.6791804371234447,3.7720659236921708,4.435878044108347,8.520169678868776,4.713882432205674,5.995066710559101,4.621322968364835,3.2827034419977945,4.435434612890392,3.320770505274793,4.574225941113468,5.486079919574032,5.556795198828192,5.14749997883288,3.979591182574701,8.719566894446796,3.6494036048059115,3.8746985971457018,3.960168219557715,2.5802398492125223,4.307184418375883,4.142243765004974,4.444611666231185,3.079209933107002,4.7483530236272316,3.7712624582386005,3.5662529220498533,4.10760848168529,4.2208329053316955,2.638842251241607,6.3165477832949986,6.380344152527629,4.765247782024084,4.38415792503804,4.171865034771767,2.9347571285256575,4.4220873684939574,4.7414929927634,4.58519813252557,4.130101000881168,5.1660876505286275,4.043510746745211,4.307326532177131,3.7979494473728677,4.176608062035322,4.8220380347855665,4.666286031186864,4.805466759490274,3.887427353918015,5.537469205551306,4.541515452011443,5.517596525746927,3.0016169226536644,3.6830890577816917,4.707473487891844,4.216807474100902,3.4120355274039422,4.2486302741505755,5.873635958446959,5.244845504668846,5.850070237661217,4.673926844829851,3.7799083331616425,7.240254417384531,4.663530800799438,4.766317315721781,5.656933237787401,4.748838476734175,8.589127507416357,8.522536160864405,13.028295568650162
PedNYC15_scenario12,5.658595812128986,4.664521256812739,5.415487372546176,4.4725515606789745,4.778239100556938,4.6371130379804635,4.6129005702569685,3.4865294026546914,3.4863978631531714,3.694957759242281,3.911002200167291,3.7270300863930257,4.028974960088566,4.123748581924223,3.9178256619820977,4.043762481582358,3.6871976644392945,4.16120248475895,4.89255271467951,5.332559438184532,5.220835070146632,4.643507497442097,4.372425260096927,4.150930778812761,4.155397518055257,5.808506203197578,6.548329895966704,3.8090030382623645,5.169623089443256,5.576877586459682,5.970850921524529,9.048400372807189,11.279031926373788,5.79783962031555,8.581030875189569,4.075527728267677,3.7649798408831563,3.592000018924478,3.632849003878152,4.617025653066546,4.4406958348439485,4.485616639429579,5.293140125214415,3.260793989157142,5.064088041836658,4.130583024946501,3.7591395062608397,2.8097901162145433,2.7239127257666786,4.294545470095763,4.74960519993692,4.411263621155267,5.1755539751962525,4.91075388505153,2.9594416649324806,3.1130681400990294,6.437696671099368,4.4114548287740964,5.618412672586895,5.864674131474177,5.8221716726635995,5.3094549429141,3.970843274415675,4.776577078881026,3.8555165182405196,4.167835949720171,3.760613884794001,4.222007203077111,3.607260941683942,4.386598621559217,4.209326200666568,6.164939349761935,4.967424523242129,4.034386501785147,3.570986257394074,4.712846595908847,0.0,3.34463503655192,4.1478185047538645,4.230328336982937,3.566260648728787,3.8940242716115794,9.622187018089102,5.09210433773645,3.9268724033239844,4.01906573192141,3.9762640052869167,6.6974758692507885,3.6523171874877582,4.631965648139565,3.2063560360502152,5.2625489789015365,4.249979587951737,4.6174935987423815,3.3021116892426163,3.9204494719633303,4.346028835001319,5.070312576949152,3.7455978785612443,6.287593530516622,5.13814457068153,5.466133300844257,5.809315416136654,4.196236836612687,2.534935478083082,4.657567256712851,4.290160254511346,4.141729927999942,3.706414484380931,3.7092685032243136,2.21981421718417,4.580988930365209,4.503025215489463,3.9551264669432316,4.376548955426559,3.83946061055479,5.3970519034100555,3.994843182855992,4.84051827874861,4.727589889682627,3.3555242572340243,3.487015337841458,4.359008389003541,5.571901236064423,3.109217696259991,2.7224031957772454,3.2801199405088624,3.018644252005692,3.4288475365946445,3.875284527472191,2.733415723928989,2.440575944842701,1.7718247602270292,4.176364255634348,3.301041381086377,6.671328199943777,4.867151562769782,6.04315351570678,5.314102266708832,6.077130540825083,5.553404479804311,6.40065171313799,4.459068967752125,4.964461003339298,4.39057483353111,4.694047457928308,4.22164148488935,6.380644808947123,3.927414565352934,3.573880717173506,3.2323379686474456,2.9549540126926748,7.024454847822818,6.887505340653719,11.379187832157337
PedNYC15_scenario15,4.477221333579598,3.023458228955129,4.107544733926032,2.502503646068537,2.9690498252454467,2.198170569128439,5.726239324255027,3.239603693084538,1.8046565346328767,3.6086621179296103,2.2953037641881786,3.728272832586219,4.183864648808112,4.1268849483201855,4.480433258812444,2.244966245424903,4.4832642148231105,3.502504956538941,3.617438667177324,5.217338886409276,4.090951720617409,2.5246201948948457,2.9549520323625957,2.1577487607691292,3.9942653116055435,5.269670011624012,4.486463586999426,2.1167444381573595,2.9139391088641178,2.7736422422547498,4.84056986679786,8.775414764091455,10.373105909679879,4.198866313872608,7.45219691379006,1.3650074915615433,2.88493230419233,2.2216282911231815,3.7596482450179924,3.6290334743864303,3.258228028272263,3.7602346783732554,3.1359849542333356,2.896575195086898,5.197197135533057,3.4716353243341804,3.4988511188189633,4.488818200439614,4.486886998397997,4.055640985258622,5.201070575999536,4.366988366621419,5.003081843215911,4.212154085256882,2.651923590551823,3.35510405103865,4.1283522385617095,3.981637595903775,3.652101838406994,3.685830761802938,3.3526696955773145,3.2939388077262803,2.6778730109199427,3.6249140237882727,4.119563354053267,4.0737556658080285,3.6599950696066057,2.3632170109710695,1.620748125650488,2.5799374139481683,3.008896195443256,4.263614234733679,2.4306948489861986,3.3065412897220203,3.008153667059954,2.8719494983135125,3.34463503655192,0.0,5.255985945568586,2.581731964355393,2.651529134561194,1.6343664621981842,8.846831477310372,2.6338308152205547,2.849973958157408,2.275164579891638,4.505604832757062,8.56677654612669,4.176296530623808,6.187612417290836,3.230186441769515,4.7998024921333275,4.883322364771305,2.529771766866938,4.361676732199831,4.993832045912888,4.4196646597784435,4.994484634634384,3.3651225017684427,8.43786042313088,3.1453025982354195,2.7650205573265794,3.277430832756781,1.3005580348192163,3.4776778722559167,3.3879975773743127,2.896957199100246,2.433021246704986,3.143838275653563,3.703917304076934,3.1245721666763884,2.8786982646231083,2.428468226335639,1.72947858236452,6.196257453479565,5.402381983598508,3.254650241113222,3.4475776708937462,3.189163585672576,2.5383963914892864,3.6453303494274474,2.73839032333599,3.090754143889617,4.067892958408884,3.5701498247208066,2.7408277231703573,2.2346004452347157,2.4674935950536048,2.620025092849041,4.085000279998764,4.504825635587534,3.9790599850900557,2.421980538637818,4.987096532506957,4.949466424246279,4.255820271682547,1.983012198876033,3.6896943611622195,4.076402119476114,2.9903373404862417,2.6192848318089372,3.405674163490022,5.852257151754038,5.235454732660092,5.500435203573504,4.630992614115659,2.9451996402785783,6.219503343206303,3.845153792000268,2.488149457749058,4.717147341188879,3.076197374524393,7.4052149713080135,6.956520737446542,11.626531547903978
PedNYC15_scenario16,5.835335030740823,5.761124582668902,6.269329108051818,5.827897754033535,6.4489129204958155,6.570203907310731,4.742503468480037,3.983346921946206,5.119086636577238,3.7690219312231714,5.362258571008369,4.070139489046599,3.5200645661869494,3.3298484299489393,5.442092335497041,4.91057345528633,5.488539249087309,4.7971496821351804,5.731384138535591,4.572461994554182,6.049004687757479,5.531990009400061,5.414421852122378,5.733777981456286,3.897060781823427,5.492054877509991,7.514594507831738,5.7941588444599725,6.690256597488284,6.935279813776007,5.802081434357024,9.832293147433223,12.697585791922705,5.6367672776013125,9.541788502233828,5.42015929222099,4.250394433053119,5.004424459535189,3.5239778656784027,5.253419237036705,4.153495884941087,4.692194229393508,6.760226649374158,4.184389173176316,3.2850837491283262,4.442166251692213,3.6782905411212075,3.400586014244574,3.677631279391303,4.869525906073721,4.738866518654398,4.152883950650789,5.329816668796026,4.280394235369455,5.416459221427365,3.525234533232911,7.910322366979374,4.59687749180122,5.941032118820414,6.4501378519986,6.860597288374533,5.598954373668354,5.036060257786412,5.115538437586519,4.342055212846314,5.187451211388146,3.828537245847858,5.6414489959410625,5.505812524758958,4.897759452762602,4.53754064765789,7.579258983443945,6.243479869298732,5.03349394549388,4.2701464824680295,5.41405830167176,4.1478185047538645,5.255985945568586,0.0,6.534133801723906,4.988653817932032,6.114696680058347,10.776477003253408,6.518341818202271,5.551328273727801,5.1653145633992255,3.1502179586975205,6.247486882321923,3.628345272675919,2.3027855818770773,5.705881129236529,4.428768002546112,3.9299082825912177,5.901726239635057,3.773209781652262,4.107438571994059,5.746380130597344,4.275962400816992,5.429867123585208,6.604098537837388,5.804816207502764,6.822771297739115,7.27872545102963,5.559004709457201,3.8568820840742335,5.45314108550221,5.995917947467608,6.075459505340488,6.755455221115464,5.409039195319567,3.955440938433065,6.684444031061417,6.413528645859319,5.528912198328863,2.1744796331829916,4.419772195517907,6.699407075059543,5.5643506740354445,6.162444065196721,5.643679327436056,4.1096374112038685,4.94001761082122,5.723619611886761,6.178821390465138,6.185165760074379,4.6078829815786415,6.207623469959765,5.369301255066631,5.896795787840847,4.3088683385792494,2.8650346703053176,2.8389020676346526,4.483782176432073,4.950470546860177,4.363580747344993,8.23028623586577,6.314986038162032,6.735105324586315,5.878615691427807,7.677752322952759,6.806888229258581,7.837995112532677,2.5434071399591693,3.2231843068140362,3.163003626701275,3.71041631927976,4.9874794169068215,8.965322842490556,5.226427941984327,6.022053129555944,4.092179251462446,5.599425739965949,8.727608906401512,8.882084755940802,13.373926636451193
PedNYC16_scenario3,5.267810645846703,4.869422169140275,5.3200850322159585,4.089200826637915,4.39013935322431,2.8559414265668828,6.999174339347025,3.4734546857704136,2.7070810919517676,5.12126080834768,3.9922538428885,4.609879645755831,5.425471627505009,5.355688289066188,5.377810921444335,3.7274176782530293,4.9991952741398125,4.131704407706328,4.524926764094705,6.193576424542055,5.317536548124581,3.9249630850230024,3.7662240046976834,2.8366646035468004,4.669915288991583,5.432274247230419,5.075289383999607,3.124599139911725,4.172752426092075,3.6620933918502163,5.129956173906186,8.842564445954139,9.483728876649362,4.561208893330526,7.608273404865246,2.7414241373519794,3.8784191854231302,3.504810387897824,4.492658075932081,4.858768523956886,4.538103905473698,5.192922164191316,3.925403731548488,4.680103786747064,6.726605882625825,4.637231743609518,5.164183217149415,6.013781796526084,5.470574742655004,5.1192434738571935,6.205766902570401,5.483997000172995,6.244052647518025,5.558478345166819,2.6504040713552275,4.599862463541508,4.304964068450585,4.627257929279382,4.2261457982807515,4.982945108383013,3.8408750250081263,4.55971306055317,3.3555796354603955,4.219973876968181,5.330324225302645,5.122075548535922,4.938661967327727,3.613926562803807,3.1070649455257118,3.8747618005993245,4.504349380832852,4.67509666204683,3.456043008564626,4.3131166830401515,4.455142660140207,4.067280486656997,4.230328336982937,2.581731964355393,6.534133801723906,0.0,3.3476002267490994,3.2660823694531635,8.648016245061315,3.867862194360075,4.912835682607315,4.13097764864656,6.023621569748237,9.91521082736077,6.075835247014886,7.621622604794091,4.2792849987843375,6.101087709190172,6.094407968418112,3.6936203054683596,4.894952820181773,5.733978044692916,4.598083679990537,5.847124996413145,3.5421964814550875,8.89583825682271,4.8857084750146305,3.8381039451830112,4.281121961693014,2.7592708654880482,3.95227450106417,4.409226501277958,4.146981957209954,3.280745589850665,3.077559909651852,4.696262042758395,3.756928118082056,3.336780554758448,2.44836884803306,3.2850210145947774,7.325391008061001,6.607181785077409,3.884975664889046,4.604370513703301,3.806350763702822,3.31855705595382,4.982773022169354,3.355402427284226,3.2805540945246427,4.08840009903692,4.440142833971839,4.362110554588915,2.569478934868437,3.019345861498972,2.898308021603833,4.751300921664836,5.4889942766916215,4.721051039078534,3.217685693008946,5.531765536453107,5.836947688838583,4.591586716036222,3.313851044364043,4.653720727261665,5.1582042628440625,4.264574916633374,4.065542360677518,4.351089657749779,6.613436578552326,6.511996119254459,6.621430170159119,5.5908836418968235,3.186097270687143,6.014149543824659,4.944938888680547,3.495960126485273,5.9391149530779375,3.4127678499428225,7.251804873072067,6.146508685830408,10.69437858128329
PedNYC16_scenario12,4.632776483662661,3.533623017713236,3.446607794872884,3.2976624126672713,3.3453431451802675,3.45778134960127,5.726581165659311,3.6621154572019563,1.900678771186141,3.810370079677804,2.606947026482655,4.005372844121389,4.278945848560659,4.107383960220603,3.434491464287235,2.8041724992474646,2.914652689380974,3.497016499922941,4.130793594049811,5.148871225055241,3.308177628230035,3.24676579493023,2.1691934560977377,3.0358423831759382,4.651699964236768,5.468937053887597,3.86019811009573,2.8343611230176258,3.036904787064953,4.065690952679641,5.046080201636606,7.079714184352313,9.542154778195643,4.163470100643939,6.0825016327092385,2.472846457788811,3.3436849517816145,2.315601438709185,3.0759048588368683,3.2327748026939704,3.4656683294604913,3.464839398807253,3.666648533789374,3.1738222407330094,5.3427009279313245,2.697570218692248,3.5084278910219115,4.185576674494523,4.779421136957325,3.7505016845812214,4.2584385393506885,4.601421691160875,4.070274720182773,4.815415461771413,3.2764795654149617,3.654403569280153,4.140165373455581,4.407013139502015,4.359133531381468,3.6685164612099936,3.8468522657018687,3.241012958000048,2.8764311873605264,4.1132929911813285,3.742663252530834,3.508041957104003,3.714719689511553,1.973204455700554,3.081559225206736,3.041031254568557,3.0230161155095905,4.518540293413207,3.4216339351638365,2.509326588025486,2.9495351790635995,4.177329883121916,3.566260648728787,2.651529134561194,4.988653817932032,3.3476002267490994,0.0,3.0897903776774815,7.489578752417836,2.943834430332424,4.6422105489903265,3.3430112250970745,5.086864684771329,8.852165729039472,5.149081975221947,6.051499135474566,4.580820952285474,5.102923044122813,4.412195979626806,3.097940777633885,4.0582765548171515,4.091407780978246,2.250134807773955,4.596480587814392,2.696179619600651,7.990305912285994,3.4191094161955657,3.7499320933806293,3.510594784380728,3.2545554672310355,2.994704645282,3.113510427856036,3.037742309027439,3.2363031835885834,4.023408557464689,3.523543363583569,3.2478821035369054,2.873388165321595,3.42283718216824,3.2329765921491465,6.029459114632358,4.5048145859594255,3.8804857735869644,3.886101433823088,3.646734153317975,2.977340221072901,2.9999461928116866,2.6955079285042047,2.3073708240526978,4.128144907000724,4.398272030482761,2.928454327745311,2.7169575875833414,2.390247393131402,2.941452411478888,3.8148833524599812,4.372674972476925,3.408694197963218,2.943370740974958,4.1475444068791285,5.440264973039257,5.197686254779393,3.357978284994391,4.060604986303923,3.3400386589190854,4.506486918478616,3.7244594504439497,4.761455502829014,5.8110233243459675,4.922476950400332,4.966458597384814,4.963623771190856,3.294205862132072,6.558153454917366,3.942584192333016,3.671964827085423,4.532509709164628,4.011790966394888,7.6697002653474735,6.8678865383644165,11.759204342946349
PedNYC16_scenario15,4.521982348825755,2.7654484987288193,3.9267397046591426,1.797828264557536,1.7583371979814753,2.4788520760799044,5.721130153099985,4.086307275156807,2.2136891328790567,3.528690319374669,2.555785534770325,4.2639520364264305,4.322103962875935,4.951153840410267,4.691859836652627,2.8945075364703605,4.4930142119505385,3.3327617903429974,3.3242890347491905,5.386719618029396,4.422866958662016,3.026806226119787,3.5388749867867295,2.7867360489327697,4.893821905755094,6.165338602444407,4.497075718716442,2.4963196970233086,2.898386539049468,2.9215925667927873,5.4035056159380455,8.459402298612218,10.115472512978425,4.47863368841448,7.0128441723646935,1.7498369521262072,3.497351478229933,2.756100221546573,4.360622473348148,3.996102627612949,4.221079266448736,3.869567397498007,2.5574453178982735,2.875937481572558,5.58899481305458,4.058314777612939,3.589771896854557,4.747486357901945,5.426861183614022,4.820499641345842,5.452186056187231,5.023496556678775,5.399093831685725,4.591839640258437,3.4871059795522314,4.330399082842125,4.215323624626333,4.659673685536507,4.3064558856669475,4.115590561023251,3.15067686587878,3.188060561594841,2.7207248884434665,4.154802745898656,4.667237639183621,4.47616817371493,3.7211111251207045,2.6344504626457335,1.7617764596610277,2.9120491353241698,3.7265709612139246,4.281936452706147,2.281870436135042,2.9543666114104465,2.8388994861059644,3.6484518501380374,3.8940242716115794,1.6343664621981842,6.114696680058347,3.2660823694531635,3.0897903776774815,0.0,8.473523522330648,2.2829072993002995,2.973920781734393,1.9841973394363248,4.882662372673032,8.698032528645392,4.588341046895734,6.672580258884821,3.2481355949716137,5.358072397653632,5.536606915767794,2.2131344653660983,4.9671379885783935,5.727639449673162,4.60652362407798,5.209311391798158,3.9100048842578765,8.419580492570361,3.2554305766643186,2.4900777689901377,3.2439563979798667,2.133186834906703,3.905621326261592,3.29785387686654,2.4985407094771874,2.3014797743177957,2.837167281009501,3.942751968849403,3.698315101599335,2.5969194357305114,2.637693867319102,2.021728228342295,6.821836695041062,6.003632128006101,2.720713125934515,2.9786167574630995,2.6561677410142335,2.5963346422441833,4.489949622652068,2.924933637984762,2.8719302060576757,3.9934128097300126,2.9692751660141705,3.199753324940619,1.9961999508068113,2.322321083379683,2.0859953025383966,4.018206174554664,5.178247832563701,4.692775622952865,2.958123968826925,4.908069398741392,5.348611028966041,3.734042367131384,2.081995359012255,3.74317429364663,3.8326516834507856,2.754949390659472,2.7012753200257316,3.225094608339585,6.6559823737484285,5.7878083356106735,5.815857924756153,5.051641316382577,3.322471803042571,5.663859737617602,3.7360091388181034,2.135116049015166,4.6083278940729295,3.0528130990348763,7.323095292097229,6.833806173426686,11.41320440847495
PedNYC16_scenario16_CSV_Scenario_Ped_16_Session_temp_2024_03_14_17_07_34_decoded,9.724448709299708,8.601551165179869,8.469468024461335,8.33636536465679,7.727546399390012,8.015112410255776,10.716940251114437,9.645516101792095,7.862699979194391,9.347346590576633,8.442199859672217,9.757882970988192,9.78016390125766,10.472916232194635,9.190905528835058,9.003519419703059,8.644508734823388,9.003846407122674,8.818436482600312,9.667324734412974,8.674909622681037,8.36813749464775,8.168982020790194,7.935298374433356,9.958392862539043,10.711134617876136,7.5812252473513295,8.316252301781802,7.817778848676506,8.362859794478814,9.810874767253635,2.2959840960629,4.877529444394449,8.893654475527931,2.9425129563390686,8.04615348253695,9.241627531825092,8.76981460299703,9.023992759213488,8.801876655460536,9.201514701949927,8.586374769771396,7.6210683301381374,8.635672649304897,10.816059867008486,8.969562252318472,9.40670995943797,10.09416393109091,10.623541516248672,9.785052576598376,9.767924637673106,10.109815772885433,10.134093895258962,10.374755415009895,9.058813281964756,9.841298412578928,8.06342495600753,9.770473239304806,9.034126259719457,8.195546105490324,7.953370874810724,8.394595522504105,8.634646250411604,9.332494395733299,10.203281125185509,9.215171597439008,9.19073846468626,8.045113779606073,8.67261252789448,8.541525374771306,8.989956323918769,8.334488882118817,7.684949807733755,7.783758726911095,8.385244984151823,9.444819843093386,9.622187018089102,8.846831477310372,10.776477003253408,8.648016245061315,7.489578752417836,8.473523522330648,0.0,7.624960599312462,10.354044338130668,8.335349024139704,10.264912902805316,13.794770559471138,11.178375406521624,11.530896402459419,10.180303127532444,10.736622560666412,10.137117704653765,8.266707986426285,9.832156091319915,9.869574849694427,7.243846042710572,9.358163305782517,8.66698463337411,12.263444965743446,8.576113625071603,8.501274565107106,7.919983069886525,8.816467248339569,9.095809410378466,8.611664486961704,8.204866882519127,8.082006163548508,9.301852709083121,8.980448410460998,9.290932786810705,7.343214897803619,8.04522823497707,8.853708747183767,11.470420135625874,9.856943703159262,7.442458664080847,9.128559626280875,8.605103476893941,8.481642359850527,9.465171735437748,8.274715468800803,7.294490001274449,8.929705109560954,9.018685579109958,9.208747861847533,8.596824340791262,8.238905292729173,8.302722820268754,9.032614264296686,10.253386805955671,9.5037033767138,9.521889631567047,9.567217958778764,11.284708532131159,7.749715046371347,8.184785776231468,8.655318678417126,8.183276539970587,8.77926700670862,8.312777384693605,8.18803117008575,11.093947616941717,10.143434746627081,10.330942824686248,10.164845931938636,8.291381891193028,9.716362507169881,9.451574067232167,8.606256187337088,9.985347358591227,9.769367089518088,11.109436682548841,9.962953535570549,13.935465366929474
PedNYC16_scenario16_CSV_Scenario_Ped_16_Session_temp_2024_03_14_17_08_25_decoded,4.063780158911803,2.789716994785388,3.1045770604942535,2.389996955264017,2.2040920100605472,2.295439632520959,5.9738671592795995,4.552115621695271,2.438743359102232,4.3037815653539715,1.837810753669554,4.420772294063195,4.9034449099286,5.045872839545583,4.531438505115167,2.376826597903684,4.5678542064923935,3.862022117880788,3.3273015617126855,5.356754813637818,3.282981485994623,2.549826790660547,2.451556228241527,2.896303383046703,5.237124228057823,5.89610845620213,2.5100601500820123,2.3702603695613784,1.2959069800558691,1.9349818529987037,4.9463725647880254,7.680833925176644,9.810653593007945,3.7669120171568005,5.824795941906229,2.1306552870175453,3.492601404476068,2.622256337483876,4.342603731130953,3.7287716709525047,3.8505895421139966,3.4165102481849003,2.1849309504201107,3.326515384598226,5.855811009303293,3.5431260175696253,3.9292030916937777,5.275904142120411,6.083122111753782,4.66834618859942,5.251618257164785,5.10716250318005,4.862096573965603,4.801150643612565,4.133379582830955,4.490496616464895,2.6630623649608953,4.642618770867012,3.6062801705749368,2.584557690039157,2.12196089801461,2.218166511850989,2.9338768170816323,3.8988434842787507,4.664703439468356,4.236840364526319,4.068972238640816,1.6787408644227484,2.2348749212357517,2.471793554233474,3.185009351621025,3.1076735008661993,2.1143207537488475,3.0836423182724824,3.399028757085992,3.7004668367855293,5.09210433773645,2.6338308152205547,6.518341818202271,3.867862194360075,2.943834430332424,2.2829072993002995,7.624960599312462,0.0,4.309296158021572,2.6525495622410573,5.540032800400418,9.511853228620202,5.656975884136366,7.165796897464531,4.969439680291419,5.316093567074171,5.328525233490349,1.4105573090045047,5.182173171429329,5.594254908540728,4.027297743467979,4.897848062079406,3.5228132431433634,8.831972583579333,2.356928076112423,1.8866653189289366,1.4896832874180241,2.5091317816656957,4.474517876385411,2.8928885797975754,2.3174711846257003,2.0136455216291798,4.5323700725193525,3.6891283351599222,4.483052186323127,1.9333648026046255,2.8538771583466565,2.186305315692704,7.4010848905780975,6.099893240358257,2.7539191299558983,3.754436212424414,2.9587356098679427,2.358609280541822,4.442185537184013,3.8325747411020785,2.8697915325318064,3.8744650135203633,4.558381868184764,3.550246235189424,3.2103464605092373,2.915950892135239,3.000126560372742,4.557036290252032,5.749396485325518,5.203073753156984,4.117300503607503,5.06190779353647,6.372129374030052,3.3515113602404347,1.374035001636043,2.3529525583320656,2.950498482049235,2.4519473572536743,1.516098093843144,2.436452278414479,7.090732266087985,5.749794405141718,6.068482731847086,5.297331535857971,3.4399535135450003,6.394764069378971,4.103924826903929,3.6583013718565547,5.318825469381628,4.860506118798626,8.2780754797067,7.695055410350472,12.516828560564468
PedNYC16_scenario21_CSV_Scenario_Ped_21_Session_temp_2024_03_14_17_39_35_decoded,4.737834543513584,3.966827231768898,4.688005155841262,3.8439073812208875,4.201144071822691,4.475289971004515,5.744631300974705,4.362044581987813,3.6446564198668807,4.1049705766662115,3.697749855514862,4.412277572643536,4.581106862089005,4.7403984457594985,5.350820129347881,3.736597879339891,5.923238636663374,4.510898507772547,4.370209656129368,6.126831060842581,5.1371546766265865,4.657333104812138,5.088163339511073,4.650950501631536,5.279962568636238,5.977376504331048,5.962246248146627,4.350801737971229,4.729387026697512,4.534763316413636,5.802646230423122,10.018594290234416,11.979402632342925,5.6422772464003295,9.126067839145147,3.7139229801330518,4.149775510061969,3.8377964087124616,5.315646790176648,4.697539571729315,5.022413965332237,5.038752059593081,4.815826008882429,3.6799405340309517,5.286310009022433,4.508728296375375,4.038584082085296,4.5862854692534425,5.259675279840853,5.191127276475357,5.767997275546866,5.035202842803548,5.530573208531848,4.263377586869096,4.5081216169672205,4.518911806578306,5.909380404082587,5.232304307310054,5.325504122884527,5.22179545496718,5.28994981168885,4.436059587141689,4.239816453825796,4.894356322912605,4.760213934510223,4.883062352944847,4.5194577939336815,4.162028213830952,3.0851201626708114,3.915241310016174,4.3770445194362795,5.094086824239025,4.51558341098881,4.897313487211181,4.147281195580446,3.6791804371234447,3.9268724033239844,2.849973958157408,5.551328273727801,4.912835682607315,4.6422105489903265,2.973920781734393,10.354044338130668,4.309296158021572,0.0,3.3742565662628308,4.323982078690274,7.276892753171148,2.754340867347899,5.798880854028302,2.2814821774368634,4.670683838481216,5.307073442201095,3.971620412513986,5.6587313649122954,6.39650988691521,6.291909602430231,6.268653577849436,5.178351970073368,8.723456743627542,3.5980350592056385,3.9901761353542704,4.9480512589102235,3.2179505966994943,4.799488655741938,4.520949527643139,4.272037498770257,4.060075323710437,3.68617814582721,4.612065948955244,4.327228119393356,5.016969826636599,4.851910763671506,3.1915351927297104,6.286641794005999,6.229497450824108,5.060981546158101,3.2601805728900928,3.962610174643924,4.030474144366268,4.356283053040089,4.759812007083741,5.217784854960667,5.260506697090336,3.5836158961921636,3.6005660064189318,4.096478612287891,3.836246115527617,4.047337853184626,5.283358012891526,5.124645102304524,4.802964778668044,3.5123358664188262,5.58773607010446,4.502450769993343,5.906443809737394,3.7567189516984465,4.840499443010602,4.8779489644861425,4.259575416227439,4.069244938128574,4.932736956990891,6.5066079088468625,6.032933327007263,5.986362375166659,5.4188317098571535,4.911631334195089,6.416305843898941,4.083289050173572,3.9645948180023565,4.873943620264744,3.421220691678334,7.666247864173153,8.027430465842995,12.18461256857804
PedNYC16_scenario21_CSV_Scenario_Ped_21_Session_temp_2024_03_14_17_40_50_decoded,4.61812107981793,2.5976967428911566,4.371523672773199,1.5635748844200101,1.8886330869380894,2.726402085044989,5.173453660661326,3.9771784076577505,2.777332751322893,2.880473639422838,2.752572885488265,4.024986076796653,3.678755914238499,4.630121322511099,4.8687039624896045,2.8469519886531716,4.741109515280203,3.1761955712063377,3.3278124344192026,4.578202524254963,4.58923138551558,2.339837000031342,3.5884127249676534,2.4052093926499554,4.082254803647129,6.184171402113592,4.877840071225214,2.4966861020717532,3.2485824988836822,3.1232501443689555,5.555989700899806,8.198072840543677,10.131101081538894,4.24529430412234,6.8060392432324,1.7842687893953297,3.156168758896198,3.0763452299060394,3.7985207322838295,4.135239896836851,3.4429530044017156,3.047761810545945,2.7210363650713747,1.9327189629003643,4.716599062764319,3.921944147207822,2.6926880197167824,4.2333086376681255,4.979009123473909,4.946955383481024,5.304766068817091,4.665400825144875,5.535887937842142,4.2377313199475966,4.05595766935851,3.791538660425286,4.89518521309718,4.367917121766189,4.077046870067295,4.02925291928759,3.2523956693434264,3.0721426822784728,2.9385562048593328,4.049194704779654,4.634185156922861,4.748136052445915,2.9129325775175263,3.1510720600189375,2.2319851038853593,2.713058969662146,3.3836553747660894,4.910053009099948,2.0392720488471436,2.7414940647310257,2.3030395173745744,3.7720659236921708,4.01906573192141,2.275164579891638,5.1653145633992255,4.13097764864656,3.3430112250970745,1.9841973394363248,8.335349024139704,2.6525495622410573,3.3742565662628308,0.0,3.8993256181889557,8.402860726987642,4.028266118573672,5.766427711359044,3.8205121572825127,5.1568623409024275,5.204102446041103,2.4623855992245165,4.599078359920005,5.304728705612441,4.747508836217205,4.237101123722292,4.342660065670257,7.991168264745886,3.120642731727564,3.1908089092048244,3.7685954240383968,2.3332828139318997,3.7003626321795835,3.3428248778884035,2.771531119094485,2.723489172222122,4.275745871643616,4.227865574522946,3.5868358352877863,3.2085563632586753,2.7099713598956647,2.5428403360315697,5.812748316927243,5.4216905746383945,2.390599362664145,3.53185580873429,3.211992576996723,2.9516626436758404,4.365710319285761,2.527483795399815,2.99478739680636,4.323314115314475,3.5088735418212194,3.3532793823440836,3.251996314709531,3.103902027469996,2.864461191565588,3.4008813147685104,4.704443790812897,4.397577718902716,3.3468016356033585,4.978155829632216,5.50187908523533,3.7618857419531637,2.394829404184397,4.065339469418481,3.9353365346039415,3.316514239939997,3.0744893039035412,3.3785387863053313,5.7784526285129205,4.814831030088335,5.029285879316436,4.140092388463247,2.9229716296558452,6.6944682891713985,3.8778629150404638,2.2547031000985065,4.096996552442936,3.7626093946613532,7.8317523716258926,7.460409259959257,12.173139808682512
PedNYC17_scenario3,5.293375410769553,4.626307703974645,5.886531321531276,4.600105490275729,5.205709408226629,5.494190784434988,3.5871922052474408,4.041901125822373,4.66152883587536,3.0189249155144915,4.714122976994238,3.2393893509586333,2.2992340161859732,3.5881268920523883,5.666502600912349,4.319996472328726,5.609760291836881,3.9947357206037526,4.475301888396562,3.500382049109482,6.066736800450734,4.7994829623639506,5.4422256644476885,5.014225470312267,3.5235091558050478,5.712025904165174,7.069372406198379,4.909679860673612,5.9409448899520685,5.692546930457484,5.105602733815718,9.625565038873939,12.158560999639272,5.198684383055837,8.994526537328802,4.682726235788077,3.5209359870031136,4.601935562927999,3.7077701621361636,5.067785543997922,4.0573960279515795,4.178972393872822,5.333389340143963,3.2297005959400824,2.83560633327515,4.83313029771181,3.1064093048744663,3.6511578480854148,4.151215065248597,4.855831168281212,4.845681995349706,3.712049489392486,5.965921906485041,3.355689666303204,4.751860795096831,3.5728867113950997,7.317552442287454,3.5713625344402358,4.937546439271264,6.001434773116889,5.83579577586269,4.9574694346092585,4.215894160729507,4.116803615573228,4.434225949498478,4.8542165732540585,2.7518942318986572,5.260594815808799,4.105213200719504,4.219303429332431,4.485487950167624,6.812812049992712,5.065971824194404,4.329408350682686,3.5286752472977616,4.435878044108347,3.9762640052869167,4.505604832757062,3.1502179586975205,6.023621569748237,5.086864684771329,4.882662372673032,10.264912902805316,5.540032800400418,4.323982078690274,3.8993256181889557,0.0,5.489398168379819,3.100412923797907,2.9133667568291184,4.429674123465801,3.942427416931463,4.169984249264102,4.836616393300769,4.151236102448992,5.092664748568718,6.152814005476764,3.9656694179196665,5.43808244942278,6.631978326103653,5.097532797194726,5.579678983461473,6.590779324372966,4.732369632940983,3.7084015248924187,4.958846176643535,5.1192021254915305,4.933004742552836,5.815442436497717,4.784059126047198,3.547888649533407,5.780395267809442,5.360348045859437,4.225758039208177,3.2085072232568086,5.382373811806523,5.38763398291943,4.215972221706426,5.113442299163123,4.936520264406845,4.742015168035633,4.51528759631065,5.227321275467451,5.564313849530556,4.496311531642344,4.057285842808339,5.567034166032667,4.5696654176419536,4.871690201709562,3.6981617632177612,2.797839094781851,3.7665637377047814,4.262135883609243,4.973878121640172,3.7588822404100077,6.862333279268785,5.216563092232321,5.89782929871463,5.463622833828608,6.5612612013046,5.860107482329972,6.61323148568173,3.8730100693727016,3.799995277544002,3.858436475087589,3.338175042131605,4.402146952422729,7.173225269491906,4.805288718403982,4.767851839769968,3.830990921491293,4.80935843469054,7.259114266263678,7.807593130484873,12.161663314971833
PedNYC17_scenario7,8.103737135585849,8.107127525651777,8.394913036626903,8.627278457420482,9.215709327933862,9.912519354975874,4.971507292225305,7.609451546916956,8.439008226610273,6.708840673825909,8.35530169900141,6.8066465400669545,5.8957870096092835,6.553963027028193,7.6447860658690825,8.134158650912573,8.042875394454237,7.533963778406817,7.964357813662043,7.218176287024552,8.851499027935363,9.327373116391144,9.262954719232814,9.670059683040076,8.123581538477795,8.663068952836678,10.46724993442349,9.092700918518286,9.765200403367775,9.946439467526208,8.226068238107368,12.789953308331212,15.703421759239843,8.77827781838104,12.90350515774403,9.11351468910698,7.487487801873782,8.05493026385867,7.421442162955137,8.068972958091482,8.37364491762872,7.715966944294899,9.281266439797882,7.028306437307176,5.829127129719535,7.889897088045284,6.695242441010006,5.671222819363605,6.856222272986919,7.620046532639645,6.727555632394966,7.188346272950314,7.7672135054214,6.833701916575871,8.377758565787081,7.267550396104786,11.193593644355687,7.331419958384652,9.302400054761758,9.76131130539963,9.86871036610294,8.783968659927577,7.916172971347457,8.057360339486713,6.763910142225312,7.289102114716439,6.56653660505926,8.964150160548757,8.054273720880968,8.184970473671155,8.079795239034429,10.076184413540048,9.58779269173578,8.090261918782241,7.320297862411936,8.520169678868776,6.6974758692507885,8.56677654612669,6.247486882321923,9.91521082736077,8.852165729039472,8.698032528645392,13.794770559471138,9.511853228620202,7.276892753171148,8.402860726987642,5.489398168379819,0.0,5.903461044901168,4.649649150095015,7.201992855946102,6.658797626501769,6.435144900254181,8.687874379702057,7.145439574005025,7.775142726964524,9.255500712128015,7.553539699975067,8.759420682750356,6.425414373815689,8.648417025512071,9.241544639218882,10.475135736800055,9.082805080882471,7.081391037458114,8.16608798515234,8.39411375341901,8.659431974590522,8.57577067260246,7.353677585542844,7.268647598563464,9.731745313697152,9.808673760416006,8.080477222899344,5.73217111697964,7.795685019260962,9.746709179105329,6.640579677370515,8.459883688862169,8.8252322472939,7.518303804551729,8.851113663150391,9.386814544060442,8.900174559882329,7.118156167278139,6.916410452082227,8.999871582012586,7.915395574266564,8.286535429681269,7.370831241046592,5.784237896998434,6.534634761096935,7.516683713806132,6.702600680603663,5.204073005226918,10.972894807429402,9.39539196863556,9.277210375124755,8.31805893701183,10.582365480214955,9.789432003695076,10.932797259563412,6.363104770623971,6.856523976453577,5.94561745377551,6.815257774675236,8.57072826165847,8.475686588812858,6.937513367824601,8.75926420959439,5.906593599470476,7.785645215685832,8.176056794898313,9.735547301588685,13.020338587520948
PedNYC17_scenario15,5.116164142862916,4.936338301728605,5.6224075400526745,4.788046265772544,5.2872745549372615,5.785337056091453,4.956628555872514,4.131271925142261,4.605052291470102,3.609321116922488,4.635880332793867,4.2129311991170555,3.8708418998994367,4.190977774754591,5.473738900477327,4.474536737840161,5.897016683015811,4.564597239870441,5.052407396613955,5.649173551747044,5.859538323002314,5.384308962717847,5.634992033574385,5.468176950238172,4.774765500940782,5.9748444487377315,7.1897816953293505,5.254727791800399,6.037783373819805,6.051240236529054,6.261919561865955,10.464524363702571,12.97504428932942,6.0219277313888,9.872367622277135,4.7718824154501025,4.322784389927744,4.601673767513601,4.8521053357067565,5.340912249175095,5.037080189812641,5.038324146301048,6.072336738141821,3.6809097865954716,4.216498724961962,4.549711167766888,3.4421985834057636,3.4575770093232925,4.536664726024802,5.478822044173803,5.385686644836559,4.7852932757179,5.446475246912989,4.0637039233004275,5.296964063314541,4.171857354919936,7.283266960985139,5.312054557351181,6.12549135208919,6.316485802503717,6.433094420706761,5.154398528076819,4.82518633805099,5.321843307976417,4.547590949097203,5.292262916099082,4.0789629401201815,5.144135036255875,4.346396637544921,4.559152077157898,4.691395406807133,6.551098448885269,5.669921551974903,5.136644414294601,4.180311071479743,4.713882432205674,3.6523171874877582,4.176296530623808,3.628345272675919,6.075835247014886,5.149081975221947,4.588341046895734,11.178375406521624,5.656975884136366,2.754340867347899,4.028266118573672,3.100412923797907,5.903461044901168,0.0,3.6432683687895677,3.2972371963978517,4.402582760502998,4.697732729415857,5.025138972223092,4.969910075672359,5.7012406884397615,6.452991561475251,5.600114741873794,5.561473644960042,7.410540339118244,4.6743500522670915,5.654674363067232,6.450378281585381,4.460724023548396,4.409583732254549,5.06414919837814,5.243507361169044,5.282280781105617,5.1630690746064225,5.140957172390743,4.117205937750328,6.161683419339222,5.8837130110921265,4.5194415541967965,4.070224300557515,5.3519323751602315,6.109701866345003,4.1232464867815555,4.960699107140809,5.021371351373583,4.187772068200552,4.955886041705097,5.697401627851393,5.907209526064148,4.523085942400672,4.062360751360473,5.23584592428421,4.592917295652978,4.943371074132836,4.799393610234393,4.053378159141964,3.8112546282343853,3.6614941463867554,5.134821364928977,3.83209439743531,7.335139854002871,5.281677786237784,6.1357175820426475,5.451910651792505,6.224088650205475,5.767708170035671,6.682572789188547,4.911292800420664,4.991930764715505,4.629634452841508,4.587072822302767,5.246123381598558,7.776740960126512,4.348714574970684,4.888002977483803,3.8022412961011725,4.065452932787242,8.299581203398116,8.751441546944916,12.985396277474004
PedNYC17_scenario16,5.958343896134239,6.252007060018812,6.60201706204913,6.416916675719017,6.890796369127378,7.46625296514861,3.5773568745206616,4.889416469731951,6.0289673649786595,3.944221726520339,5.912210506707387,4.106447644207974,3.6750532665458593,3.711840814082974,5.577034942315961,5.52451113454677,5.868447812470937,5.1727084747347005,5.767835682624871,4.394929433634845,6.543338876071946,6.43873285958042,6.346958469449971,6.824191608351525,4.727918941217018,6.004142959749984,8.158916110351155,6.527846349682496,7.385839553698428,7.723081733636444,6.236797110807208,10.46157138647118,13.671651089403568,6.356796593987046,10.284818248628739,6.42741147337993,4.6952852451464135,5.632861708237451,4.244437056137965,5.71037310704715,5.217304073224439,5.116107415407795,7.370808062404002,4.502054746955091,2.9525099534955017,5.116486426036935,3.9706575694112476,3.140201303529875,4.3328315700930995,5.3013840566888,4.4778291209766214,4.183076114384211,5.626371095548662,4.194024545065403,6.177509891332299,4.174583983921451,8.704540986001046,4.962304812249047,6.625165220087031,7.211828429101082,7.627441611487427,6.146204363253106,5.659470753670467,5.487053915474473,4.413440213434546,5.265700636727558,3.999358964371231,6.434294779682376,6.058732368474764,5.506976060796162,5.240843574020613,8.063282605744966,7.139004367262739,5.655907535754985,4.827445918229615,5.995066710559101,4.631965648139565,6.187612417290836,2.3027855818770773,7.621622604794091,6.051499135474566,6.672580258884821,11.530896402459419,7.165796897464531,5.798880854028302,5.766427711359044,2.9133667568291184,4.649649150095015,3.6432683687895677,0.0,5.939124510157709,4.256109419564955,3.752257670458346,6.410164119929942,4.1847020612257415,4.66479192862894,6.515657591215601,4.57442490824316,6.189937533026296,5.543403584721174,6.2914994138980616,7.465547257382458,8.00913755483906,6.527845454532975,4.294575831573195,5.826818196901462,6.399728465388336,6.514936110908253,7.222059625254006,5.391034732165841,4.434457739584117,7.364914279183638,7.349530294845824,6.121054309672394,1.7868574668963697,4.829984265566229,7.459678794648605,5.580986783590799,6.585366039715974,6.325068778065188,4.78976745072423,5.9774745733941925,6.640548111052463,6.69851598874672,6.165535520043744,4.983095298240363,6.848723600929131,5.8634887973186585,6.289852011736363,4.553620401247843,2.897802617175407,3.7345458514909886,5.081652778133926,4.798780483512761,3.7937398152278705,8.930332566537473,7.091667434567415,7.2923642470888135,6.224917568938957,8.434395257727763,7.5819363107362525,8.642862750507025,3.1659574987023107,3.5674551779153316,2.939850168499219,4.01731464618634,5.904758777754798,8.895479373330481,5.223459295408423,6.655285024097605,3.66243271198246,6.072304280149191,8.880434490857585,9.39854439381827,13.698612503549871
PedNYC17_scenario21,5.2914183448715475,4.606035308032011,5.351092752644983,4.1291261403031765,4.520490789195335,4.730770252244376,5.897490262110249,4.102778030522395,3.7806170468130307,4.374708280151434,4.536874778338084,4.61150992330307,4.50887598580807,5.1700726220195685,5.4022489655035635,4.443172944829141,5.505141171653953,4.2035171613183895,4.7560516893874505,6.405657027911517,5.912823713518153,5.257156683431038,5.556709619365586,4.729567777990512,5.416045260748115,6.383436382394834,6.679907921893939,4.505764902912705,5.4768521884169195,5.2278640641683705,6.228823944664739,9.878508111975746,11.326966634303698,5.951840268196081,9.252392838238338,4.022411547730452,4.461248563794013,4.2110139072974215,5.270573636303281,5.307348209049913,5.6027179196416315,5.503384774800821,4.952129787851092,4.029578165085967,5.806773670351322,4.955901674855416,4.304857323781977,4.725735704708552,5.242346164040612,5.6676228621758655,5.920275751865567,5.613458978000931,6.132890648496522,5.017777116556233,4.204352184328225,4.901897785079373,6.503925687094986,5.43638599320462,5.935978952209425,6.257988488906556,5.643053964405008,5.221461369531421,4.254979454162357,5.291458429903218,5.046450143303951,5.239063751325456,4.567404653177477,4.7617444284095285,3.3637043424846365,4.61137710917761,5.156294277853879,5.7663384787545535,4.889247078583625,4.831421506361688,4.321613587050249,4.621322968364835,3.2063560360502152,3.230186441769515,5.705881129236529,4.2792849987843375,4.580820952285474,3.2481355949716137,10.180303127532444,4.969439680291419,2.2814821774368634,3.8205121572825127,4.429674123465801,7.201992855946102,3.2972371963978517,5.939124510157709,0.0,5.468622180929717,5.730822164370791,4.50234886044834,5.564088612050668,6.470056006555235,6.103430083929205,6.445827027437135,5.207584827331736,8.210335726734616,4.65069936739383,4.561068550245871,5.813449622192472,3.781344023129428,4.243482354965304,4.8387285917611145,4.561254007778953,4.413705427983349,2.483469428913108,4.95696032895233,3.9612012703686723,5.185167381700452,4.612543501302532,3.7980419823484315,6.0766497328423235,6.309822558979834,5.075078834087914,3.1089215947046025,3.8694908102577528,4.416813577612594,4.703894629663286,4.272665326347649,4.946026399924789,5.245550284975963,2.459696965954578,3.914634314791908,3.6656838799004534,3.447266159131177,3.4356803018247377,4.932613047067334,4.901104367659356,4.422693931171063,2.984850412312074,5.286560999222826,4.276358537394973,6.101693821591617,4.496109607997614,5.725491546569647,5.352791910063387,5.1838369584547,5.134615927427152,5.7592652073239945,6.410661953880533,6.440239335820991,6.021602449383754,5.559744576312751,4.8027107426431925,5.331803211082611,4.221895236700313,3.4806146549817223,4.657794595447735,1.8770917240954694,6.385383940684577,6.554604762016531,10.551937079950418
PedNYC18_scenario7,3.416627363732595,5.209403932630599,4.5103019960769295,5.478877124236662,5.92703204895962,6.093054770880499,4.538462438694232,3.823386354328805,4.5247774813188535,3.916689302902925,4.378445494787342,2.7218858547752864,4.050381694767323,2.274267182044901,4.99339094840342,3.5353923822177773,5.901701498296639,4.3385257415520355,3.591734102231603,3.9835952286207243,4.641808233473742,5.247729472965789,4.925422331365565,5.923466279695473,4.523177559570796,3.396582245612611,5.655768635696152,5.5077442598572635,5.580867821527,5.756089990515602,3.186176228978019,10.092623203939624,12.728924545480721,4.269773398556985,9.37429177065108,5.040298738532203,3.024750283785671,3.892571542965229,3.9335795284758808,3.582089941902468,4.20006134768815,4.586279293002136,5.930484312157303,4.4193631927636,3.074221058888464,3.643433418267982,4.067119549426207,4.608972473809851,5.485456908300144,3.5846405386332147,3.5307620776880277,2.56774191741013,4.308615000411604,1.6083349086540444,5.106143662520042,3.870673933025865,6.318969778912724,3.6299393377479037,4.190368904083586,4.920343150213234,5.700251252499141,3.973205288538565,4.303490207861123,3.113736297414106,3.3465282860215604,3.36882233828456,4.001921186414039,4.737654259727298,4.700440646438233,3.357448824875256,3.545109719143113,5.493721193526766,5.8203747484557,5.283434300784836,4.554817392280478,3.2827034419977945,5.2625489789015365,4.7998024921333275,4.428768002546112,6.101087709190172,5.102923044122813,5.358072397653632,10.736622560666412,5.316093567074171,4.670683838481216,5.1568623409024275,3.942427416931463,6.658797626501769,4.402582760502998,4.256109419564955,5.468622180929717,0.0,2.842422641183049,4.670221926905852,4.461268172875451,5.102845183422276,5.949897310893903,4.822192838171719,5.061621223510942,7.659603359243078,4.26109715504994,5.257785390257251,5.825305009781484,4.857180611608137,4.279755669326131,4.032473191161036,5.112529513432874,4.8397385765494425,6.012675018384966,3.861315474257545,4.310040842430719,6.011491415571732,6.261806302216865,4.378411090028034,5.191316727524137,6.159264946105931,6.341296924163418,4.389812595153688,4.842524145187802,4.06131042508751,4.161530471306974,5.897543247468617,5.806614039219921,4.429953869797879,6.0378398529868305,4.319317427844633,5.775520315138039,4.847182799036681,5.284273820350548,4.750355839639976,4.070594037054935,4.392415854058035,4.688777186124769,4.627511220533076,3.895644375905824,7.314521235792902,5.183282186547445,4.511449877094968,4.424653209406258,6.347149971580825,5.354078311825405,6.659413686885261,4.987671491026273,3.9465474706697568,4.361609255127417,3.925960191724594,4.826630711567831,7.778364293835295,4.209770197101859,6.295297688945249,5.044037300127417,5.61076927146193,8.683583250582526,8.957895290996108,13.409827772365768
PedNYC18_scenario12,4.6381379073871924,4.888237146129391,4.426461027826693,5.470464126831815,5.908234361466598,5.957362518462353,3.712312065076145,4.165770047766178,4.5944743413871665,4.125736180487139,3.9661070659762903,3.0731628273907794,4.3220814512435455,1.9589377920675195,3.1339226237771354,3.4592537442771576,4.233301295608869,4.759362064516982,4.396227860650718,4.161420575887307,3.643083151917112,4.85888736260281,4.159340774352634,5.55563311610253,4.607977385863077,4.511702070744311,5.549788203099885,4.840686951474964,5.1249076950680275,6.089145312090934,4.6223755237417885,9.405081210403075,12.323669315862812,4.970407649024918,8.821982030631402,5.2115984293237245,3.2085898806707824,3.3354070637825393,3.0216331549221636,3.1145844435132615,3.6482725473746593,3.7025794529965115,5.972311736544619,3.841182012261379,3.3929029442034246,2.80910900395776,3.684106396656656,3.148991141008855,4.180216734415114,2.397309484298124,2.0586893848473853,2.816562055968206,3.098011515386755,3.5526286421980227,4.710626348988293,2.8552817581114267,6.415565597477588,3.7844318985387573,4.842271675739857,4.636066133415433,5.934284819237094,4.642590403050159,4.629977911209455,3.9377225410271537,1.791124329150425,2.105418244633765,3.773104511210342,4.436024275821118,4.819456385410605,3.8756175068331737,2.8361260928639958,5.99253849936051,5.978326125639812,4.890112293012434,4.38388711628368,4.435434612890392,4.249979587951737,4.883322364771305,3.9299082825912177,6.094407968418112,4.412195979626806,5.536606915767794,10.137117704653765,5.328525233490349,5.307073442201095,5.204102446041103,4.169984249264102,6.435144900254181,4.697732729415857,3.752257670458346,5.730822164370791,2.842422641183049,0.0,4.943394004571315,3.356426587286209,2.9103982945033233,4.489447526930127,4.393778138871392,4.347350909071978,6.449557494711808,4.440294788077528,5.764691061559482,5.748962833270413,5.325644507087162,3.3744606160894812,3.8991060459152225,4.522114107025356,4.770767650435129,6.2140061729498095,2.6524655816237166,3.833512350055927,5.606498445514553,6.036521626155305,4.706468296870639,4.333958451035401,3.7983525406633714,6.454570425080749,4.783525619006327,5.500476778140123,4.800586843394647,2.5578035218178714,5.44790328972498,5.606452176716664,5.407388117503677,5.699622779461734,3.1204706989637776,5.348749031793128,4.632074019075626,5.114077070871734,4.480663485030863,2.86054128333165,3.3833405104027974,4.178169817694001,4.029934064523538,4.070896954985013,7.4243092045990124,5.499851619420716,5.111383289582037,4.3893350389125345,6.708680073684239,5.661746721674366,7.0185210995736105,4.233632836145624,3.1025103359158375,3.303233810348175,4.019105623395812,4.8902182527609845,7.807651554741008,3.833261268096186,5.924462443857422,4.104971920576287,5.741323455859994,8.576802098643478,8.635741895892528,13.353155884275802
PedNYC18_scenario21,3.090109782801727,3.0678701689307086,3.158225888498727,2.3987390097221217,2.41258863844579,2.630430191601042,5.145948047573731,3.6234611787878186,2.0550928096727237,3.5007282517426104,1.8282432440042207,3.5045767545437942,4.04412067289158,4.511098469934189,4.403761460534553,2.0310058466226346,4.448678415105705,2.8465514272562458,2.4362521856809938,4.629886294907274,3.6500534059667333,2.8595454794846624,2.570418630654378,3.0922601327578723,4.561852524643115,5.136163307508027,3.1461139779712206,2.566568454039412,2.4065418805902064,2.2215144681327303,4.212101374897863,8.13853287170164,10.369164719508445,3.0041287042653626,6.540058790843208,2.0953347093150865,2.6834225047226146,2.4945093954184596,3.77902873522763,3.7532260270819626,3.7380673019247554,3.1921241771880395,2.3889411839270007,2.893693634014409,5.180944016599981,3.321079008885503,3.3493285002442295,4.6895992234604575,5.6060003868897965,4.593795964802429,4.880814259456814,4.510538820192374,4.752182288934962,3.9503679711085318,3.790358761768588,4.026532613653903,3.2121759550828806,3.9288514506044097,3.327254192160192,3.313479253097987,2.1781322342569402,1.737529656836283,1.9336918575633772,3.121944451231186,4.319796867537512,4.118482085100593,3.270321917710719,1.93343166837018,1.75304964413391,1.785162995134222,3.09899566589109,3.042638660548108,2.2864807951648047,2.7355062184177656,2.8092831273192784,3.320770505274793,4.6174935987423815,2.529771766866938,5.901726239635057,3.6936203054683596,3.097940777633885,2.2131344653660983,8.266707986426285,1.4105573090045047,3.971620412513986,2.4623855992245165,4.836616393300769,8.687874379702057,5.025138972223092,6.410164119929942,4.50234886044834,4.670221926905852,4.943394004571315,0.0,4.378729484167519,5.289878339867352,4.110246041053292,4.080200304608802,3.10515750789007,7.846408748751358,2.6507694808232563,2.104129055041,2.554964023476077,2.251574463441319,3.7948662932322046,2.5059590665101874,2.3958474027971133,1.498337485265968,4.166759910550293,3.3514110863346875,3.7728636352489646,2.2386263776979467,2.9393989936301295,1.6522933996206521,6.699783823484178,6.090531987704331,2.8519748305225296,3.0229181743910956,2.1897439659378946,1.6803050824523562,4.41460923417599,3.6618764732584226,2.6479857759579493,2.993039295251021,4.163576026001113,3.3983477898170453,3.097226882510572,2.2591765590351667,2.3434143190760945,3.6972246081447837,5.118648876937804,4.554154614958695,3.514107928695723,4.119608604453659,5.452958447903057,3.7668902437107596,1.5872244745275612,2.3262786649943608,2.7182789438947794,3.2090986143353484,2.2508591890385143,3.1347747208108316,6.291479640988011,5.252244380272394,5.333138551709355,4.410680018830613,2.7391728887113125,6.1137068290541645,3.4069177355349805,3.642134540112055,4.494126178767869,4.269882627865758,7.976376904991566,7.535097262456104,12.360303331878496
PedNYC19_scenario3,4.827200635493857,5.2085055406376375,5.441320836770938,4.996647713907625,5.317457975325537,5.077010621035309,3.5563999046089214,2.9919320783086163,3.954807773970101,3.2893796137857567,3.9396161314811855,2.6149335651072003,3.7376378389717733,3.229732888200682,3.8637268612238698,3.635301083943233,3.750156787667103,3.6933605890609478,4.100185063205935,3.4913029450217787,4.980426499043246,4.378122472091256,3.679022970405898,4.475507149849796,3.036406180008153,4.496319849109098,6.06942366476562,4.0908427067628335,5.246737196910108,5.615054009384949,4.695730533280134,9.203857289308475,11.80863264483369,4.4469820189175095,8.434270452646185,4.464821802330374,2.701189445082503,3.604480670507199,2.0576220133060414,4.2775291908418165,3.5170869918945815,3.6268984502622805,5.482914847336512,3.47042267776789,4.044192568658651,3.733630775045006,3.614728312562996,2.977314837994728,3.016474081022585,3.76652654254468,3.8653301368762345,3.0741327060634194,4.787238993893339,3.9758487362748958,3.527963127452754,2.311153411415215,6.18460818514978,3.062537550749379,4.564338785076445,5.449152030066978,5.352457803540661,4.649450422328803,3.5084450921523613,3.455596917148721,3.4017122690830486,3.8824726301707564,3.01360975194592,4.314980816477889,4.272222630679709,3.6891009507576134,3.5204651303578074,6.1017300522007725,5.094852422679336,3.907789244813223,3.473682830511807,4.574225941113468,3.3021116892426163,4.361676732199831,3.773209781652262,4.894952820181773,4.0582765548171515,4.9671379885783935,9.832156091319915,5.182173171429329,5.6587313649122954,4.599078359920005,4.151236102448992,7.145439574005025,4.969910075672359,4.1847020612257415,5.564088612050668,4.461268172875451,3.356426587286209,4.378729484167519,0.0,2.3080547349318192,3.9146737829948215,2.872450017175883,3.201951003782181,4.857930288726137,5.462174015190598,5.845073432036912,5.831612739175306,4.687725562579244,2.0091396938779043,4.142527543294473,4.456088242500316,3.994236207767496,5.546400210316622,3.2179581334360994,2.2077141039811647,4.639041847165145,4.871146660764532,4.26831043493441,3.9618878760606986,4.104323990203607,5.564015956243083,4.852991806300957,5.092879367614408,4.39966662785126,3.9224889673103482,4.080631679862573,4.2788769926736725,4.757231478528804,5.1319026719579455,3.5566972299559305,4.341673098877657,3.698430229642539,3.9988318279529436,2.77125899576061,2.3287234933646093,2.5722569062663965,3.060904372775615,3.223264106366333,3.67059355202823,6.791154362958124,5.105046939680451,5.529697579616522,4.959473636780581,6.6752121753331615,5.765801926234185,6.664171268274502,2.9795840815096386,3.3839646700205526,2.967857820064257,3.123947839624813,3.4167911473383494,7.688910873250906,3.9043412768566377,4.959131203883942,3.0749366496146995,4.840856398886654,8.42775289857997,8.040247380347864,12.843419328902305
PedNYC19_scenario7,5.968668988381326,5.252350215479141,5.510154740356288,5.535596413285484,5.89578548491064,5.6717048025153005,4.314908059935387,4.476079913652479,4.802256502632502,4.421470291192218,4.25954529147329,3.9819229730018977,4.829295723868621,3.3443660523009013,3.151587493139167,4.03429177252142,3.2610072846914977,5.02106457419494,5.320493573806713,4.4794973763203805,4.354975813546239,4.486496486699865,3.6629377066968125,4.926471597404572,4.2836936096908245,5.592660447181746,6.087725427692962,4.356812248098802,5.18490884534916,6.287635109028467,5.830537913152116,9.2169762120599,11.97752806104833,5.440979630789809,8.453485526649208,5.15424490779348,3.7745724033641723,3.739335756567683,2.5225034029792295,4.032828253983335,3.4018375088904693,3.619312494422497,6.07259762550231,3.9864638363995866,4.529866679967028,3.5717335327011517,4.069834338368625,3.1405639428419256,3.206813219304811,3.122353292033551,3.4525116843403927,3.806333154953204,4.0844555194171335,5.104757462383416,4.348003160777116,2.5680617821722724,6.561737012832327,4.136959723659837,5.293495536536948,5.128326272232244,6.005788565687043,5.340103396895417,4.75048923020047,4.668979419824639,2.918828678462447,3.516334333367873,3.9852288422403968,4.574555916387053,5.167755401634915,4.5701157890602255,3.3434954962905032,6.843560883406449,5.810536984487074,4.521459768089613,4.337521054968168,5.486079919574032,3.9204494719633303,4.993832045912888,4.107438571994059,5.733978044692916,4.091407780978246,5.727639449673162,9.869574849694427,5.594254908540728,6.39650988691521,5.304728705612441,5.092664748568718,7.775142726964524,5.7012406884397615,4.66479192862894,6.470056006555235,5.102845183422276,2.9103982945033233,5.289878339867352,2.3080547349318192,0.0,3.5298261963367015,3.8795704154037263,3.854225622531219,5.8410085648902665,5.573522337545581,6.430768618616586,5.9536395916006235,5.570113571102903,2.9695037405510285,4.5424200780187585,4.665566753227822,4.933599104090826,6.519569480842711,3.413313460449307,3.515201973733128,5.1975413877789505,5.531152160629107,5.173949717485517,4.394796601469106,2.5377657580977355,6.288473704306279,5.842472943950406,6.192796740513697,5.358082626262632,3.1581749160479395,4.6110086433767155,5.07865900767373,6.020425577874299,6.002272030470897,3.4473745509492715,4.946473193706547,4.742486535095954,5.0817146748614785,4.083770586034989,2.8828395735556596,3.2687273860339157,3.9880581321902753,4.277608572509163,5.0253732079209685,7.375676651845758,5.79572825519007,6.018884808483641,5.285137811673674,7.020517439748593,6.127679941375257,7.178196796408933,3.839175777079922,3.3264519479206567,3.3673763032806785,4.304486817112442,4.617998525164722,8.505712484026647,4.600371961673964,5.539979956685047,3.9930080967093247,5.9241345744132605,9.017835341168935,8.537971626919507,13.384276817523318
PedNYC19_scenario12,5.2981394473284285,4.699774087688752,4.047800214989617,4.584685870258969,4.447925693070342,4.67796816233457,5.762883033643205,4.593077931929693,3.427470915488353,4.688619989529332,3.538421950812003,4.728671745885512,5.285207606245068,4.84698177574305,2.980710335647014,3.912338032442922,2.163549622551082,4.417784080764385,4.811607970599401,5.549598532851511,3.537356758792663,4.333220473005822,2.630225158438647,4.297209402380634,5.563070066354442,6.090451403557326,4.212487509092028,3.7896894000643853,3.845034678256724,5.337655518281099,5.828225997038645,6.711254916980303,9.601536541988388,4.852428512745896,5.81088500946992,4.164191531311155,4.238365661087102,3.280630459661894,3.426036181099951,3.9052402961374524,4.408232787874351,3.799896658733919,4.738620834965313,4.062317732669802,6.07560908173423,3.202489946545383,4.370462276406138,4.3770482538474065,5.32764438285219,4.2432477642268065,4.081373491244009,5.237904106003055,4.0234505416829585,5.8225583439935615,4.318725037592985,4.356382914508861,4.727397978944836,5.169030373114257,5.404129077421296,4.478667965146469,4.708342580234243,4.277007601115891,3.9835633465151994,4.957529735972937,4.049681042506345,3.7481275915075094,4.41479865883213,3.095677517459415,4.498650627510907,4.088930990875693,3.7167884679534526,5.248175773223049,4.767432958644383,3.2976822910985377,3.8949951794938666,5.556795198828192,4.346028835001319,4.4196646597784435,5.746380130597344,4.598083679990537,2.250134807773955,4.60652362407798,7.243846042710572,4.027297743467979,6.291909602430231,4.747508836217205,6.152814005476764,9.255500712128015,6.452991561475251,6.515657591215601,6.103430083929205,5.949897310893903,4.489447526930127,4.110246041053292,3.9146737829948215,3.5298261963367015,0.0,4.680480501164227,2.836923347865239,7.169156684385331,4.681613856996964,5.134765883209298,4.399309904016392,4.8926538924296405,3.384360592485438,3.646353923856891,3.614059106327926,4.017136364772985,5.308170216963637,3.496936951024568,4.046506976373229,3.465201742495012,4.563573796583148,4.625762905244236,6.4037224399665735,4.217245013038857,5.0211485130387805,4.961969861004117,4.744760620763069,4.253518677860346,3.6308379422009627,3.9613493986726684,3.1390659286824336,4.8959853814011165,5.37444619517703,3.7166236762978118,3.6696868607071598,3.3351661864610103,3.760813735566699,4.1989271086240825,4.78971576180789,3.8040554990772404,3.8984757022717313,3.832907554968441,6.107785800869595,6.029301995122885,4.753322494449904,4.969608466896785,3.763752639103603,5.944285120891445,5.058458003711257,6.033539421488243,6.014245158509099,5.139016599702686,4.894009622960409,5.446093403964766,4.137491681188519,7.271300148372769,4.2752373939452735,4.910264494260437,4.577716354652081,5.332279944024703,8.577023764240797,7.53201500701409,12.517308915344438
PedNYC19_scenario15,4.734647469689315,4.676479761711311,5.300242191940719,4.485477876961871,4.897448820084205,5.298630150702829,3.4067234322755784,4.101947207333746,4.493332839934735,3.0409490686650833,4.327825620608488,3.3711566059852704,2.9327371835619824,3.8938518101112605,4.871121905349782,3.8634374085164005,4.568003843392198,3.2304955723769133,3.865019336621294,2.258808323548875,5.272935576905623,4.124416354401123,4.12521787054713,4.701320392931881,3.64778116929373,5.521403654371439,5.8162981890393795,4.490653224608372,5.231222064570434,5.30616486529429,4.679931952485858,8.78839337768234,11.533284000722073,3.4991915122998147,7.776751113184799,4.483328962390983,3.0165115028689753,4.2412784025321315,2.34554479790356,4.599845515260967,3.38568901968705,2.780804297762467,4.718605644273241,3.2591456159846346,3.421691806757776,4.278567157523236,3.108119582385802,3.934731813763669,4.677572467508597,4.691167106639238,4.29052007973317,3.880761371163743,5.414182365375224,3.976828038561613,4.930629939638552,3.5136695411433654,6.431087141838538,3.162622748440032,4.244313625676033,5.186285851132176,4.60628346067808,3.957193614061632,3.2765899691702387,3.5499848537688146,4.314495766982966,4.756236226002836,2.1934123276705373,4.691861403238981,4.485908897330727,3.5911363163777033,3.873311224820391,6.36050394354321,4.552085857104769,3.2603930597934445,3.0456786799305946,5.14749997883288,5.070312576949152,4.994484634634384,4.275962400816992,5.847124996413145,4.596480587814392,5.209311391798158,9.358163305782517,4.897848062079406,6.268653577849436,4.237101123722292,3.9656694179196665,7.553539699975067,5.600114741873794,4.57442490824316,6.445827027437135,4.822192838171719,4.393778138871392,4.080200304608802,2.872450017175883,3.8795704154037263,4.680480501164227,0.0,4.499876471786676,5.595118971375739,5.238911219407635,5.475458619054063,5.8558747306380265,5.0409512990358,3.2650939998701967,3.982196934990563,4.42393783378017,4.258875192338356,6.595314093437276,4.330220793979628,3.7492438792847644,4.901751175265741,4.961250269146757,4.414808466956119,4.698155373447872,5.362523713054111,4.730540355559293,4.909814893879326,4.925884820961267,4.292687220093315,5.10455634018655,4.216301802491762,4.211759789311794,4.489541065477659,5.719735176082839,4.423509509691575,5.386439330084722,4.465101927623094,4.5113273939054235,2.3605290943507926,3.7794238643888796,4.1025044544324905,4.699549812537594,3.7906206762095915,5.305725118522527,6.1770706108694,4.996054265310038,5.024530288382794,4.531905749484458,6.515894835866546,5.556836259006762,6.277680751196417,3.9178571879613058,3.0519221065757622,3.0931568756631105,2.613731953416946,3.2289424595751304,7.856522441078637,4.442595756687176,5.2780384047834605,3.6934163803537694,5.862159311534177,8.441192491574942,8.164265314691235,12.98292712326269
PedNYC19_scenario16,4.294889237543178,4.879851602896791,4.373436355921522,4.531064950654683,4.429592823812113,3.600295368429612,5.378839494904936,3.3988432231984236,2.630782327209498,4.466740414961412,2.5400713041229293,3.35790141379802,4.8878260756444405,4.391572594596212,3.853774794421,3.0061211749710135,3.5339034745150664,4.0813227174196465,4.221631742957125,5.211421962051087,3.918763753180973,4.003292534723264,1.995026393724556,3.715118200630915,4.277598666231758,4.453046837421854,4.139321490695698,3.0739900562699747,3.577094310108485,4.106136462023606,4.507834263722635,8.214587887705582,11.004896774471948,4.401984013007444,7.001762174225986,3.578033969424266,3.2400610849395846,2.9864773984742166,3.502444282276646,4.3176518510878825,4.05481945194228,4.283658099406419,4.640830911478495,4.0727164355398235,5.895425363475262,3.3758381029638818,4.455215017666514,4.367888071498711,4.533087140910684,4.08740597717283,4.759802935618249,4.257776114148054,4.431441981785282,4.799264367618763,2.8017604771786866,3.4421463913191883,3.554455767565218,3.955762972177703,4.19180239204533,4.405233071353629,4.401432052944236,3.810260727083209,3.1270319431937597,3.5761328110324277,4.030709638230113,3.8412518410697496,4.2672645653407315,2.2535566744803335,3.176466844139698,3.331983331388169,3.564100391325058,3.901919250273889,4.248920787910545,3.6602925212670483,3.954655623981929,3.979591182574701,3.7455978785612443,3.3651225017684427,5.429867123585208,3.5421964814550875,2.696179619600651,3.9100048842578765,8.66698463337411,3.5228132431433634,5.178351970073368,4.342660065670257,5.43808244942278,8.759420682750356,5.561473644960042,6.189937533026296,5.207584827331736,5.061621223510942,4.347350909071978,3.10515750789007,3.201951003782181,3.854225622531219,2.836923347865239,4.499876471786676,0.0,7.0460722018385304,4.413586924110947,4.475147507452068,3.7581888148239266,3.5531945574342285,3.2693548036168045,3.922669570827537,3.930139441932792,2.949784777034457,4.606442216288521,3.0010872490206553,2.9830128503091404,2.7029699416205655,3.93056995014201,3.200758199142834,6.1026630134431,4.936479170530223,5.015227913329427,4.485033221500529,4.223019596656663,3.493997705957441,3.734489034683714,4.121689058329984,3.1555316773809445,4.361815309738715,5.020458077299238,3.453104991249922,3.2009957101207287,2.3384665732529113,3.236570980304844,4.240251366192427,4.2593276618876965,3.6044135535701445,2.9502377030418536,3.848580728614044,4.830187174245026,5.976014224334357,3.697404719022639,4.341725431949591,4.173099639076556,5.318242814768933,4.305107676852115,5.277510646653501,5.688925287374544,5.481775589097117,5.301426720890153,5.146694824578963,3.718868894668622,6.960421141923523,4.288370341080289,4.708591449624407,4.588844198035406,4.703508196760724,8.549463272621061,7.936164967126018,12.77911643021198
PedNYC19_scenario21,7.64744356026955,8.463002781624438,8.458552230924152,8.274187822283,8.410268819581908,9.013414743533975,4.366852919193409,6.815471745985056,7.864902667320804,6.2223373813731095,7.733627224594574,6.206322740680852,6.277130266167046,6.940949656767012,6.55179020563021,7.704866814331751,6.340619616886179,6.601879451160666,7.183045845883161,6.238131017020012,8.464218414374516,8.50663913452792,7.857099063363879,8.598610304143019,7.053489078350565,8.097022250307035,9.633845909259202,7.990594257752239,9.051587005541375,9.464672263633304,8.243723344542113,11.28603436568055,14.359019153831898,7.910165020851856,11.142821720651169,8.519569561316297,6.759923751458064,7.58058531330808,6.117735640402266,8.024520397713367,7.88278691455241,6.8592928175588845,8.777142724509666,6.606002926043139,6.622378415517084,7.3950296201839825,6.519599659135955,5.083255128005196,6.237955761024164,7.68316541571097,6.374912422434205,6.839939241574192,7.674489867059606,7.25276495454255,7.5891723662811215,6.558243719413752,10.006205467463124,6.862539202930113,8.747672344163083,9.483334348020104,8.947428937149294,8.206354441989834,7.06588797277981,7.385632182530059,6.665234816047423,7.277352395544593,5.9566225854724255,8.23739866172645,7.868457289238053,7.616736723972505,7.633446973195076,9.43742570289348,8.881193513085705,7.026931867788221,6.684898044183486,8.719566894446796,6.287593530516622,8.43786042313088,6.604098537837388,8.89583825682271,7.990305912285994,8.419580492570361,12.263444965743446,8.831972583579333,8.723456743627542,7.991168264745886,6.631978326103653,6.425414373815689,7.410540339118244,5.543403584721174,8.210335726734616,7.659603359243078,6.449557494711808,7.846408748751358,4.857930288726137,5.8410085648902665,7.169156684385331,5.595118971375739,7.0460722018385304,0.0,8.96450685862914,9.393697856581877,9.68902694414927,8.76262557779384,5.637210736307222,7.4217081707057195,7.666578677364069,7.56534879923738,8.473950089825413,6.488393852808745,6.061099436579746,8.24745433317812,8.674659018591122,8.023219911615154,5.540645689562806,6.680409160942963,8.906782718684,7.273265401771277,8.04226926181007,8.188011449652318,7.529332909791192,7.706111241653501,7.791975037343707,7.943020035392983,7.252879542180101,6.990702476854336,7.8407035863649135,6.967804871436266,7.033738749544235,5.551742714021024,5.421426001617901,5.819809313956814,6.616680104460273,4.851535006759363,5.709888908182885,10.070939015438082,8.978731540296701,9.122024168537587,7.865774866780516,10.48684499542648,9.667010078138329,10.456604531413767,5.370337772955342,6.36582714772916,4.832822538974388,6.018645502530416,7.250356017727979,9.282079067782355,6.35888265011793,8.178153358024877,4.381529760887898,7.643413672772872,9.940419535566738,9.990784623719689,14.079129647020446
PedNYC20_scenario12,3.529555155733597,2.86365549101537,2.3428466150237646,3.1796557172559528,3.4618878949307708,3.907694641602158,5.731733042341336,4.496433877856421,3.066119384012085,4.26480341389609,2.40248356580791,4.2910171015093415,4.730498173740922,4.22019179983481,4.097137791721394,2.2327256163050277,4.9924894559333275,4.093669557295058,3.5147659608321753,5.487133560995727,2.525264821965802,3.3590936026742733,3.291248864356465,4.0623792166968204,5.494352939229639,5.514076151138638,2.9951690079748414,3.5399768553430095,2.6585108630430905,3.3847147857638147,4.976894726045594,8.328004880877932,10.658120347004578,3.9559484430065495,7.095297990202636,3.044408768614159,3.4458631219706093,2.565075841881872,4.387913264484359,3.104773622800141,3.8374061505308616,3.438393384224426,3.553568195434081,3.253617887724547,5.04129959040786,2.6524359733061993,3.4388710361207204,4.790304046090614,6.007081237887189,4.274023997667953,4.453864369601283,4.811176462673749,3.872718483996378,4.171152274595901,4.915112933551234,4.315119525957097,4.103223848055289,4.895031365022442,4.10502856288264,2.5245865423291205,3.5294964022386166,2.3301700558701817,3.6431507122474587,4.1876926454031995,3.874876821826467,3.705339672583198,4.089387561546004,2.6032895912209755,3.075522928204263,2.5468547180262826,2.7009840616190957,3.5332261018296607,3.6444610228598417,3.9948802703155986,3.790698022971919,3.6494036048059115,5.13814457068153,3.1453025982354195,5.804816207502764,4.8857084750146305,3.4191094161955657,3.2554305766643186,8.576113625071603,2.356928076112423,3.5980350592056385,3.120642731727564,5.097532797194726,8.648417025512071,4.6743500522670915,6.2914994138980616,4.65069936739383,4.26109715504994,4.440294788077528,2.6507694808232563,5.462174015190598,5.573522337545581,4.681613856996964,5.238911219407635,4.413586924110947,8.96450685862914,0.0,2.61178321017245,2.8151335337411476,3.1428189800788755,4.608501654743747,2.65048426558624,2.8607041933153523,3.231527140464517,4.960974633241788,3.696803995072104,4.785825001117957,3.978453668730476,4.309845180902269,3.000096181905388,6.8452465105964615,5.738605047315344,4.079176872134206,3.5257125843434864,3.2818541862261776,2.7610635452221692,3.465510115816283,4.600510869228657,4.286037533143139,4.187949594343948,4.895901237358881,3.3321083954897137,4.241721273858725,3.7385707353319413,3.916876296447462,4.9548979134327515,5.545088265574751,4.945788620734479,4.30745069470112,5.017088069068026,6.043633216434673,4.710683910103829,2.669805193813922,2.4756604283043453,2.5264782122822074,3.2398590241419307,2.3389873756623323,3.7254500433003743,6.77153458715095,5.192532049267172,5.561115667050721,5.082383291608906,4.175893010284878,6.861009956479349,3.5758903093997345,4.520494349971473,5.176150436470991,4.975362700775672,8.428518829025405,8.251324880523326,12.968776445403893
PedNYC20_scenario15,4.040030388567665,2.67513333645392,3.1723916099255485,2.4829681051518224,3.065923588424025,3.0115164402655195,6.336255159017932,4.562945995312287,2.8296796019427553,4.623158431063092,2.965586080006563,4.793546193198666,4.786274172816655,5.094228241365138,5.1563690321236235,2.8040474765236816,5.284848832004428,3.8260147719495983,3.4635837683631863,5.786349780624576,3.9381218868157637,3.329911804183669,3.681125751722056,3.626606767817491,5.763958273990092,6.0944051111562345,3.281795518724076,3.2877994643735904,2.599913362850933,2.2053767265354547,4.708403862932457,8.709885072147147,10.026897839271127,3.5321915398670765,7.046722152440372,2.5252670746485513,3.7980870032206,2.951007402864767,4.8304785971437125,3.952428918419661,4.294695495486362,3.946193829065972,1.958815928657498,3.817319912696707,5.869484425472894,3.970612632950727,4.12645408401602,5.850453857535925,6.599477985269136,4.9617437604996,5.550962763708041,5.615508059072086,5.194204902422227,4.822445791865638,4.521402214299828,5.093583189181862,3.6774679554653398,4.798023382780225,3.8657235656897444,3.2441592092411846,1.9919933530744218,2.700337191491478,3.00492861304465,4.147113238619035,4.9098729752109636,4.569524946931308,4.263679326872114,2.818598947844708,2.3534816892004122,2.836429172357195,3.7034228086132988,3.6132376415520975,2.5098712125653915,3.664825464559621,3.762943695084183,3.8746985971457018,5.466133300844257,2.7650205573265794,6.822771297739115,3.8381039451830112,3.7499320933806293,2.4900777689901377,8.501274565107106,1.8866653189289366,3.9901761353542704,3.1908089092048244,5.579678983461473,9.241544639218882,5.654674363067232,7.465547257382458,4.561068550245871,5.257785390257251,5.764691061559482,2.104129055041,5.845073432036912,6.430768618616586,5.134765883209298,5.475458619054063,4.475147507452068,9.393697856581877,2.61178321017245,0.0,2.8034703778910606,2.653591709538775,4.902272765240066,3.039149438817824,2.662842715144029,2.76142755817678,4.193157895685373,4.3348694343728,5.068912883288635,3.2687107284913894,3.182696381096564,2.1482920702689574,7.813879953900711,7.049422255986171,2.820923498866666,3.2152844387649315,2.4769719251043933,2.4007357503930637,4.947788502353982,4.2975743943667215,3.6590496020061942,3.563283834175742,4.459662522127744,3.854826652586742,3.6831428276113454,3.370729251009448,3.2850259729990965,4.979505828470637,6.147464321525201,5.520868435158477,4.488869736056176,5.420164702318502,6.484788212965124,3.2072672281358803,1.8008906615259002,2.0172292643407683,3.147503405668014,2.367753386114693,1.7570585461232802,2.7194024129796213,7.360863518830513,6.066398380022465,6.4179816279630515,5.306108279707756,3.5853570049117662,5.526393014290571,4.137998502274666,3.839652826816586,5.818385829371915,4.6052094621255595,7.254320905913056,6.840400078038413,11.466421554193584
PedNYC20_scenario16,4.675996692261409,3.813265773902425,3.6329611867493834,3.6540055629223436,3.3148879629177785,2.7396877708959346,6.885255554007874,5.302615507056828,3.26369950857064,5.4007629876199506,2.2883482280178007,5.095102475404813,6.11548925335507,5.624138701017247,4.90582871679048,2.917153792322298,5.206301891747496,5.05200605797416,4.26232457542202,6.245215312619289,3.223448277253736,3.089261953641279,2.5529103406569185,3.4669797216114517,5.826639994933935,6.037983045149697,2.142491771849007,2.9010620242008507,1.2881232053957947,2.3574322312832807,5.453346382093921,8.046185615814668,10.215750829179775,4.616269608040613,6.045326987863846,3.0330167003579414,4.235371888302897,3.2044208020470015,5.14018532528112,4.147742687100802,4.356021118788527,4.3582969893632955,3.4427319480656626,4.423974627067619,6.753440196969698,3.995530381737621,5.0304203763715565,6.055986592206527,6.588295644150757,4.913416193702053,5.856162647448586,5.536165897740645,5.0868682091777435,5.5075871764077995,4.554114922619698,4.946789358327958,1.8721465403638675,5.327892389175633,3.921333106051259,2.382817717823443,3.075963343970133,3.0372175236132772,4.028271983996792,4.476974213675853,5.140691827367143,4.602294609609493,5.256082265283829,2.02267046243356,3.224709645357124,3.288399590812975,3.5897773861032314,2.9050841404132925,3.1496027011798726,4.304480790238255,4.620863113658437,3.960168219557715,5.809315416136654,3.277430832756781,7.27872545102963,4.281121961693014,3.510594784380728,3.2439563979798667,7.919983069886525,1.4896832874180241,4.9480512589102235,3.7685954240383968,6.590779324372966,10.475135736800055,6.450378281585381,8.00913755483906,5.813449622192472,5.825305009781484,5.748962833270413,2.554964023476077,5.831612739175306,5.9536395916006235,4.399309904016392,5.8558747306380265,3.7581888148239266,9.68902694414927,2.8151335337411476,2.8034703778910606,0.0,3.112603552849912,5.337345197539656,3.7606851129071073,3.2864603315256455,2.7946835751117467,5.246286839935621,4.093342850733682,5.190053802875414,2.44379181220738,3.6175392273058042,3.0895533595701563,8.22715575513442,6.421880874522704,3.9438595145383615,4.920233208976716,4.0928536086534875,3.1961277754656794,4.709696241779353,4.781434304499839,3.857773250025421,4.735925285078045,5.6212776507982225,4.211788250205535,3.7970951830056534,3.8433793486892913,4.033597194656624,5.677214840582553,6.505731838286617,6.002488115081334,4.7904706402793265,5.947312056908569,7.075549310914456,4.083160722046021,2.1181032023920934,2.7879214344464445,3.7833435037466807,2.531477325886146,1.7331697941993542,2.573486183579829,7.897665886041911,6.530039761332555,6.982103221718342,6.309103194074013,4.45953640480466,7.318531707352419,4.958683978974904,4.621071953448651,6.317538985293119,5.754691027769014,9.335767299052065,8.688651004570149,13.433020989589453
PedNYC20_scenario21,4.085614400762393,3.6049780569457752,4.397620806628738,2.8087836392239347,3.176905346542314,2.0041015306767975,6.145839554641288,3.1528460458105445,2.0313721888652716,3.928659104269733,2.537411128436697,3.8342369125885374,4.5272014606285875,4.566034913569295,5.213175164540964,2.4204417467883323,5.3009475346717885,3.634005977739818,3.4625822149674006,5.349317805151924,4.4705187983719945,2.6602383514424397,3.1194523160638155,2.237595318214156,3.924135504649158,4.955148493061911,4.323198551085268,2.5007072035986786,3.077479702994482,2.225783622927513,4.622061408613512,8.817394669258645,10.352619007361577,3.8765707088929813,7.332334224184958,1.4136425592655146,2.9738956266564274,2.8165177031844126,4.173302125569816,4.207598556686475,3.522341006609311,4.110394290376264,3.227006691403023,3.3794257279262436,5.497143870527951,3.7803430138330554,3.8915614118560775,5.1256145439867495,5.147249473208689,4.777611267080813,5.753849974728126,4.584407957218104,5.48943661531334,4.163919580992455,3.276266206371204,3.812517777759288,3.690082451737163,4.161218722502906,3.348962733972476,3.754521686621445,3.039096741960771,3.034170153115463,2.825668801360421,3.4783069311577046,4.784557174699219,4.7307437109043295,3.9854038592923176,2.581665117191345,1.8323608766862658,2.3691151134821684,3.320004169623059,3.749908524972936,2.237643319110484,3.7522646110021016,3.4229196825010484,2.5802398492125223,4.196236836612687,1.3005580348192163,5.559004709457201,2.7592708654880482,3.2545554672310355,2.133186834906703,8.816467248339569,2.5091317816656957,3.2179505966994943,2.3332828139318997,4.732369632940983,9.082805080882471,4.460724023548396,6.527845454532975,3.781344023129428,4.857180611608137,5.325644507087162,2.251574463441319,4.687725562579244,5.570113571102903,4.8926538924296405,5.0409512990358,3.5531945574342285,8.76262557779384,3.1428189800788755,2.653591709538775,3.112603552849912,0.0,4.046789138837093,3.592901345558985,3.3769173032084683,2.4028396148600577,3.764046692039903,4.195494620362669,3.6206788921344937,2.969585304449766,2.4318081101537516,1.8259783163661378,6.521810357048304,6.133876088745719,3.1663966928277603,3.826844061950134,3.0242251066663894,2.280363637441735,4.319388134801502,3.309910105282702,3.165038781414283,3.7939342274212686,4.276872751412367,3.6487023256324997,2.997387233298728,2.8612695079707544,2.980401305863401,4.361346502549031,5.098220125355844,4.445231276212886,3.093563317575817,5.307455655733425,5.404180442796446,3.9499703939930497,1.4966603172372077,3.4286594704533075,4.162581904326511,2.818419041013712,2.3606762609159078,2.873168286502897,6.081610528651468,5.5407451864787785,5.889556072018173,4.649540915982943,2.8290238103886445,6.74304366727933,4.210359122456814,3.1433156962554394,5.167370381693308,3.6738087507437553,8.088242342254143,7.608473076034486,12.280562590084926
PedNYC21_scenario3,4.461260362224618,4.231966298822938,4.589736460940545,3.9116523848470868,4.316421005914764,4.506681107451955,3.764397423794835,2.5746090887158344,3.0798185344712867,2.6616358165851466,3.5932682410869683,2.576562868649056,2.9920589587339017,2.9583580362335735,3.2271335299451214,3.106328954073983,2.8953601516816114,2.5575200946430594,3.476185590911956,3.596882577067796,4.488867412331437,3.896942940224339,3.5160702569188946,3.819193025506398,3.396259280249854,4.851224204144606,5.585134221254044,3.450652392194563,4.6857286420318625,5.142486411575656,4.671174316353097,8.568568718205572,10.735481837868583,4.044410137663815,7.900352761891742,3.535376040134736,2.2929450588272893,2.732134890665265,1.5866062172767976,3.5013646988683407,3.3637018390075295,3.1686663604582845,4.472947550204522,2.651588110836282,3.833259976900542,3.11508667833771,2.7312362149538663,2.8393495026887066,3.4435581518522063,3.4605189391040434,3.2737031115934134,3.372788290531019,4.4592717076657635,3.773491116629096,3.0511748198510253,2.5635788998030393,5.892597482961942,3.164608783630583,4.407579216428467,5.043184726887643,4.666175460289786,4.053320902739707,2.7105537313897883,3.384438011238078,2.8586103890044967,3.2732315617133128,2.2856775791087705,3.7832235886635495,3.49297297648999,3.2074951188807512,3.208886921692882,5.734106276048521,4.3672555429388,2.945662991947008,2.637026868304511,4.307184418375883,2.534935478083082,3.4776778722559167,3.8568820840742335,3.95227450106417,2.994704645282,3.905621326261592,9.095809410378466,4.474517876385411,4.799488655741938,3.7003626321795835,3.7084015248924187,7.081391037458114,4.409583732254549,4.294575831573195,4.243482354965304,4.279755669326131,3.3744606160894812,3.7948662932322046,2.0091396938779043,2.9695037405510285,3.384360592485438,3.2650939998701967,3.2693548036168045,5.637210736307222,4.608501654743747,4.902272765240066,5.337345197539656,4.046789138837093,0.0,3.2007681103713215,3.5053877450551916,3.5048789340984077,4.165327863279638,3.001813758999259,1.6598478594756854,4.146315509462055,4.01718223035869,3.687901070894392,4.146728176368153,4.092019271743905,4.5484041046322465,3.6642755011516024,3.9627484594613174,3.550874551733752,3.3061201577465202,2.8416420066983243,3.38104069318888,3.9691527719807875,3.8063451172367624,2.817485542795065,3.2483805233155585,2.7167923148411472,2.7655546822342183,1.9641928301202243,2.338795761831948,2.166604653621011,2.1240352579555486,2.8414587805369367,3.609721224518758,5.95808621397417,4.484782238970111,5.006995780195634,4.14425022402159,5.862358523143008,5.164879490421273,6.055445258534863,3.723690235147007,3.5216142050713786,3.0315607880864675,3.1205649199005516,2.7804348535414825,6.392732953988621,3.1194717043243734,3.7560957251612206,2.768713094155075,3.387557474955928,7.099986975736294,6.566373359237943,11.380859758097143
PedNYC21_scenario7,3.0084588097299916,2.907569086571689,2.183510095050076,2.8420511794426866,3.374365026003316,4.2752346788020406,4.807310898578559,3.5670372027530557,2.776382998125924,3.1603317435632707,2.833720657504655,3.7246161460873735,3.875858953958994,3.4768336302722096,3.1266022957306516,2.191201765267351,3.680995370475431,2.5853040141612404,2.267855636190096,4.439906617097357,2.797616634467573,3.4196386059126094,3.0851979083999947,4.098148495762017,5.137753440042448,5.237479781557277,3.4895860277058492,3.5341252590612897,3.2459353471971504,4.123728776444242,4.4199811260516855,8.380396628800732,10.297032540971923,2.6930500075145605,7.20167692463742,3.010709758897846,2.6585821731764496,1.8081954597215597,3.034099336353637,2.2672740493119785,3.569098522351165,2.3732572097700304,3.2073273258245214,2.706258123684865,4.254536325152768,2.029132846728078,2.5760107516268937,4.1097043957217885,5.690910470373161,3.731525542452111,3.1109853847171487,4.364557424394589,3.3328564610029088,3.723541470150024,4.5771281196610945,4.015131225626955,4.665627786813018,4.255878746022335,4.128825259977526,3.334776070076876,2.9043485830343867,2.1083977227942463,2.5617214056937114,3.6222781089701894,2.996684905609065,3.017920209370913,2.860562168286333,2.8926352662161716,3.3161277139899625,1.9676969713799939,2.274701839932804,4.383488292327364,3.6587322334358823,2.9404525180621515,2.6919088269987173,4.142243765004974,4.657567256712851,3.3879975773743127,5.45314108550221,4.409226501277958,3.113510427856036,3.29785387686654,8.611664486961704,2.8928885797975754,4.520949527643139,3.3428248778884035,4.958846176643535,8.16608798515234,5.06414919837814,5.826818196901462,4.8387285917611145,4.032473191161036,3.8991060459152225,2.5059590665101874,4.142527543294473,4.5424200780187585,3.646353923856891,3.982196934990563,3.922669570827537,7.4217081707057195,2.65048426558624,3.039149438817824,3.7606851129071073,3.592901345558985,3.2007681103713215,0.0,1.8196013207228938,2.9045337617188722,4.459496622357753,2.9563411484516173,4.069528652335949,3.7976425393875863,4.039772585966121,3.193398344053766,6.262434914125319,5.477098213624951,3.6596048409766433,2.9404375093302018,2.452909628380837,2.10766094292395,3.579683268696233,3.8340982735667684,3.3752849856264837,2.668398343053221,4.506746186562379,3.0425345803806993,3.476230591178637,3.0810940802246978,2.8497072878412606,3.2799047063577347,4.786058960400222,3.9734155156620465,3.578668868956023,3.2884014675314037,5.418645251096299,4.466976173114096,3.3360460390890374,2.6621753851435725,1.5736023711947273,4.232641074093298,3.4379624763804815,4.638709237808975,5.667271630111202,4.016966684528733,4.063533530657735,3.6263218964656017,2.8681975008882343,6.346114746030177,2.0387616726629707,4.154375627399162,3.9533514951049344,4.307177722979467,7.787692652993018,7.162206021675746,12.083784785853036
PedNYC21_scenario12,4.320003373988543,1.8911253106813353,2.793508887914543,1.968541706147184,2.5400597521151522,3.3831893166638434,4.962818799937952,4.293428799508365,2.7974468341076406,3.555455741318703,2.419263378392392,4.339476648221173,4.264771701508546,4.294642957752812,3.2034736205852634,2.4414131880602925,3.381171146125612,3.3232353824110477,3.0448463393861203,4.955455051556836,2.9976980373549953,2.764937500362798,2.9994850335623213,3.35862534420206,5.357013320329405,6.29444454443142,3.669781896285894,2.584574006986699,2.378626328157285,3.534474143833898,5.330088778107453,8.201725463607271,9.900011632939872,3.779152601044344,6.767717751313739,2.6705383516123775,3.2526274377727487,1.8489037803046184,3.5523793323629307,2.8187278203469646,3.617979285182563,2.241230318230465,2.320651594544977,2.3282235682811487,4.995558918082731,2.9190169910421324,2.874657475128392,4.138749580731537,5.432407540567395,3.9468999778398373,4.003267540248291,4.94155271800874,4.031967232083988,4.695880468269842,4.208640039678094,4.072923801864373,4.497011424722377,4.534255483985817,4.39020468477941,3.191077213079156,2.613279052777562,2.9467592819713073,2.8904488980382945,4.219470065879805,3.520367721810315,3.368255398763552,3.1307530260970706,2.6695759280309352,2.7262058368193656,2.6568105405002727,2.602651641469251,4.594597812432915,2.926660885099313,2.6584836442579713,2.618535739826744,4.444611666231185,4.290160254511346,2.896957199100246,5.995917947467608,4.146981957209954,3.037742309027439,2.4985407094771874,8.204866882519127,2.3174711846257003,4.272037498770257,2.771531119094485,5.1192021254915305,8.39411375341901,5.243507361169044,6.399728465388336,4.561254007778953,5.112529513432874,4.522114107025356,2.3958474027971133,4.456088242500316,4.665566753227822,3.614059106327926,4.42393783378017,3.930139441932792,7.666578677364069,2.8607041933153523,2.662842715144029,3.2864603315256455,3.3769173032084683,3.5053877450551916,1.8196013207228938,0.0,2.413012512671872,4.159576084449771,2.930644133197279,4.158867883640109,2.9619941927383824,3.2041019723216833,2.7600649336998075,6.653627394066377,5.1763324631447265,2.94191045214099,3.0766298896274273,2.9291630258138266,2.843897462504489,3.7676726270619394,3.395093293116771,3.205654952981805,3.852489561064689,3.6714826854089675,2.442237388612129,2.7756904319512343,2.8946428383646703,2.5161303542007674,3.6742979915163607,4.940395002157265,4.358104610388671,3.4959078048506833,4.09987673615032,5.796161063496365,3.5787791627147576,2.8104430971041072,3.072799525142243,2.5568318679876816,3.4697278062394354,2.9185001959435213,3.8903772183934233,6.165165330498772,4.656353942975048,4.748952688276987,4.325486354636262,3.0918021234589443,5.819294330998444,2.6343207975065503,3.042614151155065,4.069811429391647,4.198349172751513,7.36668730940574,6.718648028558338,11.65678769374659
PedNYC22_scenario3,3.7304664734574327,3.3721314547813095,3.726343140474002,2.887528829480215,2.834519931716978,2.307876096728353,4.9592149022845735,3.5952943550665335,2.1390793313468084,3.736685124767251,1.882988549363543,3.290580482224314,4.403985614049988,4.54166583278908,4.150301207903576,2.129267340976146,4.376741390668811,3.289745513051269,2.481298854668346,4.5598345599591825,3.7765640887522407,2.7460201722535404,2.6480145842845344,2.7378644844708067,4.217963908435647,5.00018016751915,3.5269899364811694,2.1200661339429745,2.5201885768406633,2.3495471635394827,4.289782270994371,8.048412184996971,10.045126822504633,3.5302535069270453,6.622175483633011,2.2861487723308307,2.4954860437267996,2.4180005421009025,3.6976262898460472,3.62281683757019,3.669252394121124,3.340173596021075,2.6709276902537913,2.907674199243195,5.374366792094577,3.5956241182542845,3.8013156728119983,4.602954972108105,5.015566172698523,4.253479689804379,4.89809275241501,4.153756287756776,5.101957372282246,4.136929060184209,2.998969399969506,3.5952771209335506,3.4688201368875573,3.568407595508516,3.1067642784557354,3.3813960202753712,2.6614335489544896,2.757069523354806,2.2856588333666013,2.9030896474025347,4.258894523009833,3.8280558468286103,3.468988762208306,2.330037660672347,1.731764493250566,2.0953541658645136,3.0639891515785656,3.1982573341610596,2.440499963402588,3.181185300687764,3.097741653350853,3.079209933107002,4.141729927999942,2.433021246704986,6.075459505340488,3.280745589850665,3.2363031835885834,2.3014797743177957,8.082006163548508,2.0136455216291798,4.060075323710437,2.723489172222122,4.933004742552836,8.659431974590522,5.282280781105617,6.514936110908253,4.413705427983349,4.8397385765494425,4.770767650435129,1.498337485265968,3.994236207767496,4.933599104090826,4.017136364772985,4.258875192338356,2.949784777034457,7.56534879923738,3.231527140464517,2.76142755817678,2.7946835751117467,2.4028396148600577,3.5048789340984077,2.9045337617188722,2.413012512671872,0.0,3.8894054603493755,2.7363336424032845,3.2981168477012144,1.9902702722800878,2.6646689759776803,1.7244476933574042,6.710464102005555,5.78449852995832,3.056575527123499,3.3572287144104713,2.9271504410794074,2.2795639611337934,4.329664279170874,3.6572511157745784,3.054562315516502,3.4773961683852765,3.729787991116538,3.120703530623328,2.7234004542390093,2.238591386160893,2.133159051464574,3.750822121972385,4.7991464298455115,4.506070260005336,3.216452849028432,4.298248341924641,5.113715814586571,3.754036848714141,1.8089511907968585,2.9127282105259744,3.473930583633505,3.3689227585881594,2.5415451403374845,3.2079017701204116,6.103488433236125,5.297489144238877,5.3979586443170025,4.49068682246728,2.6562376979016595,5.857647879439991,3.398750738710439,3.3527036133323254,4.501180238153406,4.115589139674828,7.801888955565086,7.342722662737785,12.150836009477194
PedNYC22_scenario7,5.178546720620371,4.8065177952195715,4.967390323614846,4.09466879140308,4.19220391873425,4.390499023835865,6.563579831390568,4.12465264513758,3.1699361640755126,4.69908799799759,4.461618196701544,4.914560068740023,5.169659993389154,5.63124029370324,5.174580025879505,4.460378852694824,4.979570549802575,3.9645078965242306,4.428087981688795,6.628850259508933,5.697987240013495,5.248317685552028,5.106424620703383,4.533735933498297,5.870929326263452,6.314536304520458,5.977126853234287,4.331289588776912,5.054011057796439,4.988604354336117,5.940151527243502,9.207721831986703,10.224538898789042,5.536679720874105,8.463074229899098,3.689323460407441,4.556903823949646,3.934819772591452,5.267590541587774,4.993419837812838,5.8564015985205184,5.6441076257653,4.48726590309481,4.535081926314451,6.626105334172423,4.976568511476589,4.964656299670085,5.477207786294261,5.920786495371629,5.604807266950904,5.979303665646234,5.906597600475113,6.145279707878905,5.491571500249749,3.7286433638293066,5.379424955115871,5.665701084239315,5.569433018714365,5.776302649795739,6.041858264197585,4.997045370388247,4.953511422557165,3.761752298784233,5.151972741402679,5.3011951182380175,5.0946824634727745,4.9618411323274,4.307667264740173,3.4565589895725872,4.4544913019576375,5.2252097113016935,5.206944789133781,4.559296673281608,4.481379216246019,4.3340764952555615,4.7483530236272316,3.706414484380931,3.143838275653563,6.755455221115464,3.077559909651852,4.023408557464689,2.837167281009501,9.301852709083121,4.5323700725193525,3.68617814582721,4.275745871643616,5.815442436497717,8.57577067260246,5.1630690746064225,7.222059625254006,2.483469428913108,6.012675018384966,6.2140061729498095,4.166759910550293,5.546400210316622,6.519569480842711,5.308170216963637,6.595314093437276,4.606442216288521,8.473950089825413,4.960974633241788,4.193157895685373,5.246286839935621,3.764046692039903,4.165327863279638,4.459496622357753,4.159576084449771,3.8894054603493755,0.0,4.745227548777119,4.041359928600025,4.360770946393802,4.148108634430758,3.7603722919542344,7.307148461502578,6.858040045307975,4.647539681867507,3.2365541620750036,3.329897320503677,3.8237149575577383,5.1376293757627005,4.036978667693504,4.136252947231512,4.387894239896807,2.820690523937997,4.221412277411451,2.4453187928794584,2.7896315301856074,2.537294325788256,4.849677112347882,5.5882256418081635,4.774414763206603,2.9399757812105363,4.993672944549141,4.924432419859517,5.507657018729289,4.248208507711535,5.300748989161338,5.0120542781171995,4.865024177281384,4.863130392524272,5.438363016070736,7.078414687073071,6.924934519472839,6.495815518493988,5.988858864437567,4.378958582601153,4.704318863300072,4.144396893869082,3.4541323146366714,5.192290557505301,1.6985353419251659,6.399193248802699,5.805895497264215,9.93794530853931
PedNYC22_scenario12,4.0359605014650946,3.9269720687846226,3.4539890296755336,4.2819438173114674,4.4102310361243875,4.355921177674454,3.8006010351940924,3.928135999411893,3.302347815646658,3.9054835543491606,2.428827096868914,2.8789532656786956,4.467690658146425,3.297019652873414,2.3846756847144475,2.4688213710359825,3.377449388355452,4.046766542200802,3.2332185899796992,4.343615793179518,2.848118266173391,3.888945567810581,2.972714674457343,4.3711739286081315,4.6550457962611045,4.705106598798507,4.132178662730001,3.3253675231686417,3.4976200981503927,4.530825363696885,4.358465237360168,8.559809171907505,11.20131773092654,4.374266032544796,7.610936815914914,4.041424001187699,2.647213224037466,2.185978546495973,3.161919769443715,2.695084456772778,3.7111474441928936,3.213959793050714,4.441018543540623,3.164252984986658,4.618509594404174,2.7561253033133557,3.7072198942036576,3.413163528492624,4.335189263377573,2.616404114144768,2.943787006477709,3.2723020316445433,3.468069049388381,3.9014711771232533,3.433687192264917,2.9436655266126928,4.762965006379555,3.496299148127045,4.079667160238059,3.711454304186351,4.488754345590859,3.7340619451919452,3.446756933090897,3.2856297624756756,2.4055346290201647,1.7430122745008922,3.5384683752240984,3.0164763546536184,3.327634181779563,2.9593918836426965,2.518313544298914,4.367537697285523,4.59718753561697,3.894939845267382,3.6670260522443168,3.7712624582386005,3.7092685032243136,3.703917304076934,5.409039195319567,4.696262042758395,3.523543363583569,3.942751968849403,8.980448410460998,3.6891283351599222,4.612065948955244,4.227865574522946,4.784059126047198,7.353677585542844,5.140957172390743,5.391034732165841,4.95696032895233,3.861315474257545,2.6524655816237166,3.3514110863346875,3.2179581334360994,3.413313460449307,3.496936951024568,4.330220793979628,3.0010872490206553,6.488393852808745,3.696803995072104,4.3348694343728,4.093342850733682,4.195494620362669,3.001813758999259,2.9563411484516173,2.930644133197279,2.7363336424032845,4.745227548777119,0.0,3.2342729756377016,3.6458293811138622,4.583044225083545,3.2445363165729546,5.807745363335887,4.36637676559583,5.091283711699789,3.7157029508632125,4.2468408037635275,3.6454753027519073,2.9891541647335726,4.664456498238531,4.385686163232291,4.457681313490041,4.309537039676239,2.196167347032301,3.617881745030422,3.0459992779018426,3.3869044035662688,4.027122513080528,3.637619708177471,3.763853079344098,3.2744527320755377,3.4945689381614735,4.186455523291004,5.812379358792059,3.9628665229895828,3.8641690186358635,3.51305955446576,5.194803158065158,4.19803547069639,5.433264855009097,5.375521703575027,4.364892303082898,4.299606312782199,4.414283774967125,3.9658107504219666,6.294062817871316,2.9035969275174045,4.638082583643652,3.8755825949803158,4.8032171396085594,7.958446669442424,7.757977117161652,12.570586995793194
PedNYC22_scenario15,4.644406318650716,4.681943535033838,5.176144216325591,4.230096012486575,4.3449413172103135,4.1015058350243585,4.047067244967504,2.625824275306444,2.9907010005965833,2.923017508333443,3.4005051498286103,2.093664419497583,3.3720860790993377,3.422375227937613,4.069686516020938,3.1912994271611836,3.8512959494405403,3.148600211429832,3.7112983646595024,3.7277446535569556,4.9744137244528215,3.9097719063437735,3.5761391108190157,3.5565240977406054,2.531488510164368,4.412715612513285,5.82222490951307,3.3063888538293096,4.744799362282046,4.820549236837471,4.572852306927228,8.71983031127669,11.167626524010757,4.600581616468702,8.016154913164904,3.4305255263897854,2.313750276337644,3.202098937637043,2.5006452828534416,4.1010819361334425,3.5436321101549932,3.967039726305455,4.8012097746737865,3.025791047600734,4.289667278647532,3.8230067730973096,3.4758395643132864,3.214125603213301,2.900495612151202,3.776642213918393,4.3284225854459475,2.8886124215182543,5.217543012954591,3.6039459925723976,2.183386309824628,2.2105998571770753,5.628834838674136,2.8790547090126037,4.058445470433838,5.207691139513256,5.040376408784876,4.247143083843456,2.879797567708105,3.0367723142571963,3.6140877603894137,3.7927569570274438,2.9649404142078226,3.7048005121549035,3.1506274004757504,3.320744891066576,3.6290896581552987,5.413321946396439,4.271897541268245,3.4578633918322867,3.089037759299336,3.5662529220498533,2.21981421718417,3.1245721666763884,3.955440938433065,3.756928118082056,3.2478821035369054,3.698315101599335,9.290932786810705,4.483052186323127,4.327228119393356,3.5868358352877863,3.547888649533407,7.268647598563464,4.117205937750328,4.434457739584117,3.9612012703686723,4.310040842430719,3.833512350055927,3.7728636352489646,2.2077141039811647,3.515201973733128,4.046506976373229,3.7492438792847644,2.9830128503091404,6.061099436579746,4.785825001117957,5.068912883288635,5.190053802875414,3.6206788921344937,1.6598478594756854,4.069528652335949,4.158867883640109,3.2981168477012144,4.041359928600025,3.2342729756377016,0.0,3.9243906433882403,3.9700720110390804,3.365579822667005,4.259551823258362,4.4055798182069035,4.7965297595863,4.02317316603201,4.341900272253238,3.68277478665722,3.6794682287759017,3.085903354018183,3.6203861750056228,4.4388776769215035,3.805327510558619,3.1421181655695456,3.247021904128345,2.6549565744496437,2.98942980739091,2.7323590047896156,2.350519550380332,2.7462026403105235,1.9324705742773285,3.707164550549228,3.0077195617262906,6.233860237772149,4.236463220337076,5.2572792182924495,4.882364259141921,5.720076294640564,5.049954735797867,5.8062583231713445,4.0730656532571,4.328844524293688,4.0326430963769395,3.826233341247663,3.1950352963300137,6.684514572761779,3.9170823909498202,3.78053611325582,3.361636779824652,3.3670995087574482,7.5760016590068195,7.290198131943206,11.897207286577286
PedNYC22_scenario16,4.946722907307505,3.7865160518469607,4.325517977384684,3.124271995332888,2.6177284754768744,1.9183971523073682,5.996305894975372,4.57330331003605,2.5930579667113363,4.560943075968087,2.2965903790254973,4.427153864706773,5.217977556742301,5.4911487005466775,4.667828968065284,3.145266635833587,4.1008930035702695,4.176127939953405,3.9009242695408486,5.416365364794156,4.186300864983601,2.917652595337964,2.3806601738612234,2.5490569136333123,4.917307641717048,6.06043031674179,3.5722253485017688,1.9925557197816326,2.145654949627535,2.620908962650817,5.291738340330488,7.412144666408842,9.606925140060214,4.520173718350383,5.51568847774279,2.577098283766084,3.7711687773371603,3.1297540053651183,4.298137954839064,4.440417159884932,4.19133066298845,3.9723329312927156,2.858344289488088,3.7290052301980734,6.43776812985732,4.256580370430453,4.557687533515177,5.2962717385891995,5.627458660100735,4.859392464174815,5.6646397520358756,5.1548177870913445,5.540356997738249,5.39995717144152,3.29685115475207,4.400087737061437,2.7689149903346637,4.5496723974394735,3.9467377401548767,3.73450379776795,2.9688915507830185,3.4585697386443415,3.121835754707713,4.026865091212084,5.0488596579792775,4.537684105041215,4.345323277137958,2.0604641903217735,2.463289546952099,3.2676913492969946,3.859175190664934,3.741732691091309,2.4744322626342363,3.0513448711854214,3.62060633528603,4.10760848168529,4.580988930365209,2.8786982646231083,6.684444031061417,3.336780554758448,2.873388165321595,2.5969194357305114,7.343214897803619,1.9333648026046255,5.016969826636599,3.2085563632586753,5.780395267809442,9.731745313697152,6.161683419339222,7.364914279183638,5.185167381700452,6.011491415571732,5.606498445514553,2.2386263776979467,4.639041847165145,5.1975413877789505,3.465201742495012,4.901751175265741,2.7029699416205655,8.24745433317812,3.978453668730476,3.2687107284913894,2.44379181220738,2.969585304449766,4.146315509462055,3.7976425393875863,2.9619941927383824,1.9902702722800878,4.360770946393802,3.6458293811138622,3.9243906433882403,0.0,2.456571095081719,2.6118556038388645,7.3008642588510355,5.831608139339277,3.1739804336022304,4.378581965366346,3.7451499723626824,3.200347499292824,4.8060656223245495,3.5215866855187894,2.356510004709533,4.436359511095648,4.377283866713374,3.739336877721208,2.6040524930660762,2.510517468387384,2.712087768109046,4.401116679494885,5.432730474518642,5.032153727537501,3.7600218433842425,5.037649025240746,6.147565829813993,3.8806540402224123,2.349651813175769,3.794574994280492,4.087402816592398,3.6159221229223193,2.9887929058376437,3.3397737065868256,6.945160064011394,6.112337583819795,6.239212375730015,5.6077852067794955,3.4684311742414424,6.361470525630626,4.655849847513388,3.423724260544125,5.23680489415797,4.771668444719579,8.271525641432174,7.456371603054617,12.278004047614273
PedNYC22_scenario21,5.489702804315803,3.6102270705837256,5.2018591477622635,2.6553956646319232,3.0611311244866055,1.422577343743885,6.3670577084989635,4.167100858288212,2.9902333629172673,4.587782819607652,3.3924911268906337,4.694939837349592,4.934073569759664,5.420089968358349,5.365419558716991,3.3342797406544102,4.817227679383385,3.968757172838928,4.179874598603513,5.478947801083533,5.070007742865111,2.3568485517688367,3.3897603768446074,1.314199557872877,4.384595189327654,6.353711436625654,4.7653877281833035,1.7835455437960432,3.1367186138005274,2.522369680318442,5.582436529431073,8.396385379884189,9.230760777466363,4.369440765695955,6.650378237645443,1.9889071517709545,3.6849851177831074,3.3427552731604155,4.190709434344848,4.780159790553318,3.7265374636392687,4.012587858621495,2.4283239855518453,3.6474520105223185,6.21195641211999,4.632153480468764,4.341138554446795,5.641815708970332,5.406743545734007,5.185688827370618,6.136584163914192,5.462546866919047,6.311038563589785,5.510593499320117,3.288683484893985,4.328326829559403,4.170108012679591,4.4167780091057525,3.7869948558141617,4.226227216218103,2.661243522102766,4.066931736414066,3.226165558349727,4.195261479717839,5.3095310956315664,5.196706721392333,4.121567102337758,3.3471277188397877,2.4325853913355213,3.5140802262340327,4.0325460620521545,4.908971138328323,1.7685317587040317,3.427067645854864,3.672181336834968,4.2208329053316955,4.503025215489463,2.428468226335639,6.413528645859319,2.44836884803306,3.42283718216824,2.637693867319102,8.04522823497707,2.8538771583466565,4.851910763671506,2.7099713598956647,5.360348045859437,9.808673760416006,5.8837130110921265,7.349530294845824,4.612543501302532,6.261806302216865,6.036521626155305,2.9393989936301295,4.871146660764532,5.531152160629107,4.563573796583148,4.961250269146757,3.93056995014201,8.674659018591122,4.309845180902269,3.182696381096564,3.6175392273058042,2.4318081101537516,4.01718223035869,4.039772585966121,3.2041019723216833,2.6646689759776803,4.148108634430758,4.583044225083545,3.9700720110390804,2.456571095081719,0.0,2.752712924521361,7.014911925871046,6.14630549473855,2.151208724780457,4.557320646936007,3.747686979083169,3.340411596269969,5.075623676333465,2.57523014974602,2.7211809526117072,4.462165396195393,4.087560832418536,3.9849660794624246,2.806581900853088,3.227939238024757,2.8185395247771816,4.202956080461657,5.384818388196168,5.013183517082059,3.6906117657257025,5.718376738051696,6.395793640884735,2.939898673603195,2.380884660316314,4.266504163432008,4.822877579057261,3.292468624331674,3.234405064519955,3.0269469300641103,6.5040352737548375,5.903371380883843,6.244290100885644,5.036684827941578,2.6936102823932173,6.252680870706616,4.897770636233528,2.2679477842647593,5.484383042971235,4.110095761045148,7.42480099724358,6.444415861284166,11.207402427589788
PedNYC23_scenario3,3.8039568407435587,2.8660393727468083,3.730162846517842,2.5963214517900397,3.031317501644198,2.3237463513461334,5.00450692927989,3.4081391756966855,2.0291346475645717,3.5690347144455705,1.9135382416959215,3.2086198409567226,3.765298499111587,4.0773719259466965,4.586461566260546,1.9413736367175296,4.647067725428764,3.2634914787848515,2.976153849035672,4.614348278791274,3.9707332769803765,2.7347809642254695,2.9300998322415133,2.8152072798215655,4.070452640568723,4.977485786080862,3.968150639636075,2.337518682093998,2.716321286785184,2.0816716673042515,3.930178840492865,8.765155457995835,10.72899868489138,3.542129575550828,7.319802775257681,2.052211342340349,2.509086078213438,2.3765618858919253,3.752086357811718,3.695542942992541,3.339054498386888,3.4627661965262178,2.6101829109326293,2.8709082174179876,4.9316734566678235,3.602223359599355,3.470375991618221,4.560039486421939,4.819668081614747,4.035483726342763,5.012053322099851,4.104890688122434,4.96394025189606,3.7500759143861493,2.864095892202385,3.468773765520454,3.7868024118392927,3.2681847499531336,3.0030308436232036,3.4413397706737583,2.804604504231116,2.7577474957407757,2.10959913865742,2.864518454684367,4.107308766824237,3.86742064922052,3.278914300847884,2.2461949578146747,0.783174204836078,2.1458330517457025,3.0466173270946593,3.605740784528922,2.3164549379503336,3.119919300635881,2.932242498203009,2.638842251241607,3.9551264669432316,1.72947858236452,5.528912198328863,3.2850210145947774,3.2329765921491465,2.021728228342295,8.853708747183767,2.186305315692704,3.1915351927297104,2.5428403360315697,4.225758039208177,8.080477222899344,4.5194415541967965,6.121054309672394,3.7980419823484315,4.378411090028034,4.706468296870639,1.6522933996206521,4.26831043493441,5.173949717485517,4.625762905244236,4.414808466956119,3.200758199142834,8.023219911615154,3.000096181905388,2.1482920702689574,3.0895533595701563,1.8259783163661378,3.687901070894392,3.193398344053766,2.7600649336998075,1.7244476933574042,3.7603722919542344,3.2445363165729546,3.365579822667005,2.6118556038388645,2.752712924521361,0.0,6.373955692121545,5.908886487445916,3.1843610731747933,2.924690664582656,2.8674568731516015,2.3082206436097006,4.151051717704875,3.590183887029556,3.2666152957984638,3.6685979842693652,3.660729228983819,2.7964220997574105,3.011644757021239,2.3250720222362293,2.63845733992659,4.0037279516116415,4.524787115684645,4.305107958847882,3.161613029185728,4.626156946169294,4.809336252994911,4.126476708088303,1.577380090179457,2.8108331734332492,3.6285466029372606,3.195929804191798,2.304191261754783,3.2718908732328185,5.947663773766688,5.187427878394318,5.43469066534601,4.381463529781803,2.8868903650495534,5.644023370391757,3.723799218322697,3.2475147442421344,4.673594973285787,3.872535688637046,7.170493263287121,7.0315207011887955,11.733586662212032
PedNYC23_scenario7,6.679086593652273,6.608530372718328,7.339982794020527,6.536220680041735,7.033997925187675,7.268615190325308,4.372886398601329,4.828020706892475,6.176577647666256,4.351712035748382,6.193255157281041,4.495757583582483,4.155258991373998,4.23735215890488,5.942698641851861,5.839320662232392,5.820048933723443,5.457618672807117,6.281154360848655,4.7894260458157865,7.049680570509785,6.342783544821943,6.3562041273177075,6.4634446588578225,4.313765399493964,6.361174004386952,8.58175955736574,6.336785359948665,7.555217107823758,7.83310750216959,6.782360329067136,10.505207513628275,13.385457984190431,6.73422668857045,10.222338186931209,6.415091348633033,4.964537586795399,5.866629993619745,4.217164269513495,6.263180671100796,5.178758239447764,5.393633432877284,7.52090785877902,4.766199727590656,3.8578347910499105,5.488628637300698,4.335343711728222,3.537863057707277,3.9715481273576487,5.67853318463712,5.172598929095691,4.6314001446417645,6.252624783966146,4.992201722145196,5.9912057842285265,4.1492367112546065,8.799001659812655,5.167116888100456,6.812722491821494,7.580119191626474,7.7581990572102875,6.662103223088292,5.922290699773775,5.806131336127393,4.900766886603332,5.81664048806303,4.297632473867991,6.630443647089187,6.2034465905590155,5.887129997645777,5.537455402620676,8.497548237495247,7.115631238562658,5.757058349067889,5.055021322024121,6.3165477832949986,4.376548955426559,6.196257453479565,2.1744796331829916,7.325391008061001,6.029459114632358,6.821836695041062,11.470420135625874,7.4010848905780975,6.286641794005999,5.812748316927243,3.2085072232568086,5.73217111697964,4.070224300557515,1.7868574668963697,6.0766497328423235,5.191316727524137,4.333958451035401,6.699783823484178,3.9618878760606986,4.394796601469106,6.4037224399665735,4.698155373447872,6.1026630134431,5.540645689562806,6.8452465105964615,7.813879953900711,8.22715575513442,6.521810357048304,4.146728176368153,6.262434914125319,6.653627394066377,6.710464102005555,7.307148461502578,5.807745363335887,4.259551823258362,7.3008642588510355,7.014911925871046,6.373955692121545,0.0,4.48781014000623,7.429840935306122,6.216171446968803,6.936789495382909,6.6531666053333804,5.004542693676341,5.569918951979624,6.441017663718896,7.074440843170019,6.282895867385302,5.25352265090708,6.732670370207276,5.959714914237598,6.333705860635385,4.528032815280919,2.7187283469410897,3.5434860888832755,4.921183047432702,5.278370608268371,4.298055639698866,8.898551555962381,7.2556790022883755,7.852995786848948,6.844250464963282,8.629770928566911,7.8917679038061594,8.7468168451532,2.6676654442333922,3.85904232494346,3.3413625105038647,4.169434291062432,5.805930826259468,9.2665044210685,5.7985326486389885,6.385569171920893,3.898029879212543,6.013972383463697,9.035551258017167,9.242888823788894,13.57117288925759
PedNYC23_scenario12,7.078753731245642,5.415696582841512,6.036245951693266,5.835850697179667,6.058038434253182,6.141979478664189,5.095787127268769,5.679325050739426,5.493301657848856,5.140390797058257,4.754955507238136,5.249782632529915,5.620623037006401,4.575316588882003,3.541977115583662,4.957515012550376,3.7329655654374663,6.077108883099972,6.460413130404123,5.89992252164581,4.807136910429907,5.086760892275342,4.616833079509923,5.387691084913427,5.41009223143522,7.111358065958042,6.863993421642233,4.815751884798503,5.590557440149517,6.967316258004299,7.497672357380175,9.071838767124277,12.123144751092187,6.974121265301509,8.560435866700887,5.7260918412335515,5.088693824211733,4.558114330131679,4.090063800711616,4.92338181674506,4.476422057773622,4.402588545913266,6.698794971800089,4.231085222455627,5.426508307277932,4.293120771352595,4.475270754915259,3.037334061906175,3.5073697707631974,4.283561113473742,4.438422963397584,5.111824740483752,4.611804635029593,6.238930027218317,5.260870723752822,3.5754023068365797,7.323996505904451,5.70275618773306,6.649310692196414,5.775160306325859,7.012434673703487,6.261889736051575,5.921826770506854,6.201112473638393,3.818291672634324,4.409145458892288,4.902779010957888,5.150846137457208,5.695951391984258,5.632924363528372,4.271088345597492,7.542305302133423,6.419795369425066,5.184473545197994,4.98366129407514,6.380344152527629,3.83946061055479,5.402381983598508,4.419772195517907,6.607181785077409,4.5048145859594255,6.003632128006101,9.856943703159262,6.099893240358257,6.229497450824108,5.4216905746383945,5.382373811806523,7.795685019260962,5.3519323751602315,4.829984265566229,6.309822558979834,6.159264946105931,3.7983525406633714,6.090531987704331,4.104323990203607,2.5377657580977355,4.217245013038857,5.362523713054111,4.936479170530223,6.680409160942963,5.738605047315344,7.049422255986171,6.421880874522704,6.133876088745719,4.092019271743905,5.477098213624951,5.1763324631447265,5.78449852995832,6.858040045307975,4.36637676559583,4.4055798182069035,5.831608139339277,6.14630549473855,5.908886487445916,4.48781014000623,0.0,6.858065670034399,6.305376566297084,6.934309127015355,6.3883053010950785,3.0340315790182877,5.003402590185446,5.830733058819234,7.403043440211928,5.912686668838217,3.6649409865803677,5.412451411282899,5.378752097877969,5.757550412366563,5.212108555908074,3.6670374227278506,3.91335782266133,4.4623733770361005,5.382169786645866,5.72768047918681,7.944428649919285,6.377016650367087,7.030294714614054,5.983959208501484,7.309769030342435,6.628649492528341,7.602445691055049,4.953224437360496,4.477957410259664,4.3359537087725855,5.641226843999233,5.876849354974702,8.949766998722051,5.268183084636822,5.570822835235705,4.2721559947474725,6.185441167444676,9.377534612728022,9.090327029312839,13.769422594056275
PedNYC23_scenario15,5.292217083752524,2.9874645150871375,4.749022472407194,1.8649546057939927,2.344009469570046,2.7832778578212496,6.310277363566627,4.800376536967078,3.3367562522703946,4.16468992875172,3.857019148630983,5.170413683344668,4.560704526840754,5.737633976379425,5.711290103455015,3.7474994883811084,5.222569159349638,3.5371383886713255,3.7349854318552955,5.1960199860751075,5.230363843975133,2.7827278605581833,4.132641284267731,2.6514217956768595,5.187327587780702,7.01462726056507,4.689969914017312,3.055617820298328,3.4388347159624804,2.9317709937272567,5.7244199390028365,7.82038815622381,8.67665493499326,3.8977639464632743,6.101999343692983,2.2227815701346314,4.04687501695764,3.791728916144169,4.479926814388002,4.682397395367718,4.16534504276376,3.6093640275937413,1.357574083381589,3.388512698152991,5.883831527549869,4.866097708258459,3.995233023771005,5.8734128843122875,6.369973980070569,5.714331246312869,6.11812245129816,5.881118256839668,6.4865109463221815,5.424590773228922,4.639734407540052,5.150650503149451,4.843060359922,4.90291951949528,4.186760616094869,4.241288380720779,2.015524367475008,3.5203667870192605,3.137723471222781,4.554380385106883,5.710010372910226,5.524817129290507,3.780611477420735,3.8358705924088676,3.0237659869097278,3.417986145939413,4.304109191792339,5.2128579168073665,1.362462145006047,2.9297701739881608,3.137500621088471,4.765247782024084,5.3970519034100555,3.254650241113222,6.699407075059543,3.884975664889046,3.8804857735869644,2.720713125934515,7.442458664080847,2.7539191299558983,5.060981546158101,2.390599362664145,5.38763398291943,9.746709179105329,6.109701866345003,7.459678794648605,5.075078834087914,6.341296924163418,6.454570425080749,2.8519748305225296,5.564015956243083,6.288473704306279,5.0211485130387805,4.730540355559293,5.015227913329427,8.906782718684,4.079176872134206,2.820923498866666,3.9438595145383615,3.1663966928277603,4.5484041046322465,3.6596048409766433,2.94191045214099,3.056575527123499,4.647539681867507,5.091283711699789,4.7965297595863,3.1739804336022304,2.151208724780457,3.1843610731747933,7.429840935306122,6.858065670034399,0.0,4.164508833776112,3.2611371256018393,3.1682348295464253,5.720669197396656,2.924990300080128,2.818655822029597,4.050541569907334,4.238621206295891,4.493170265912366,3.6761496301931755,3.750896104282949,3.130491616778322,3.9818281109333826,6.026527315630128,5.562332177031999,4.623376569049077,5.69303443527402,6.943643687395726,2.0970450740163002,2.6326590200806375,3.898641145818597,4.213824243418807,3.2331941061700498,3.1935953158464785,2.9473690313844463,6.887400934716597,5.754442344152865,6.1105941714212735,4.845367359444949,2.726278150660675,6.146035099246688,4.7231931236493345,2.7227673984726617,5.49003845406118,4.58225771510691,7.321526456079965,6.436886691502569,11.156542835581268
PedNYC23_scenario16,3.464104070261321,3.3544081138723674,3.1590471436856418,3.2101420269835885,3.6744127631110137,4.691891919885056,4.563497272908827,3.7469140500557647,2.9017182889905304,3.255410267959835,3.5674353874766256,3.819355272365776,3.209173935126295,4.307195260363628,4.267604949833384,3.428992763752843,4.441327226109025,2.624687410340247,3.0135353874322184,5.067944211627702,4.498683075354601,4.756097244368207,4.589707309284446,4.838027450998435,5.5542692031271885,5.774658494010069,4.997404760165923,4.317832188384844,4.477462574868945,4.552049842420314,4.682857278166168,8.744553719561623,10.78735252927822,3.9885211426011153,8.025737950180503,3.624036707658715,3.4925371141438015,3.1968572512952655,4.221651571375854,3.919791046624339,4.948828053602504,3.9267318738585018,3.5671863239002963,3.0486681810899197,4.683175764372319,3.7150827794249097,3.1048485476306324,4.1211736133377,5.6831609559428555,4.802726302953021,4.317597929611875,4.987234958858138,4.667386747598727,3.958064241368824,4.446030825944269,4.7135135421552885,5.642153509250366,4.5324236834254785,5.076633436445766,5.041061518688448,4.127378419310215,3.41472477875945,2.6655172808236993,4.208028947582924,4.056633286170017,3.965840336273316,3.1421712339076215,3.728932014959505,2.837516367507548,3.1903210538267244,4.097316493431904,4.657082587550797,4.172277043530435,3.295202017307366,2.9094183665670132,4.38415792503804,3.994843182855992,3.4475776708937462,5.5643506740354445,4.604370513703301,3.886101433823088,2.9786167574630995,9.128559626280875,3.754436212424414,3.2601805728900928,3.53185580873429,4.215972221706426,6.640579677370515,4.1232464867815555,5.580986783590799,3.1089215947046025,4.389812595153688,4.783525619006327,3.0229181743910956,4.852991806300957,5.842472943950406,4.961969861004117,4.909814893879326,4.485033221500529,7.273265401771277,3.5257125843434864,3.2152844387649315,4.920233208976716,3.826844061950134,3.6642755011516024,2.9404375093302018,3.0766298896274273,3.3572287144104713,3.2365541620750036,3.7157029508632125,4.02317316603201,4.378581965366346,4.557320646936007,2.924690664582656,6.216171446968803,6.305376566297084,4.164508833776112,0.0,2.14098281569084,3.0445277352597695,4.425935406217119,4.301226485575954,4.005129666048684,3.425317571076641,2.856108968161545,3.2380779805253717,3.693471034681334,2.5442288166004485,2.6248304341618045,3.806793208799952,4.730130211212819,4.022729506032796,3.452063482670237,3.424667136814098,4.358198324615569,5.28350812147233,3.7919880424563837,3.815420430807125,2.988424917611747,4.882775123058184,4.224207461226178,5.306064170411182,6.049665971392022,5.295582187454099,4.798137807972556,4.4073550005762385,3.771536605222949,4.4450388690346685,2.5377960410713873,4.001134011199869,3.797195784008724,3.1861462868336288,6.075568814639069,6.211017094670302,10.719854166903087
PedNYC23_scenario21,2.8404120185250568,3.6777615065039613,3.218888933733986,2.792863531364516,3.1250695576987817,3.987529689072025,5.733484308241378,3.4355449375882916,2.4510196175420638,3.613258197532845,3.483478716057495,4.164268587152863,4.034001375833255,4.846831629151853,4.834155975742815,3.2101773735052244,4.844081607232018,2.289976922412273,2.50725082328918,5.354639162429717,4.524879965319546,4.274911252303419,4.084049383962021,4.214829600605413,5.473048071223676,5.514636427687798,4.200731952381401,3.9731398092868897,3.9690047162990787,3.761376953554618,4.570315717412937,8.480969173431305,10.027657517835081,3.0993804686465367,7.3186078330806135,2.8195490952890907,3.435232147217838,3.134724743071561,4.344365768140507,4.1498213341884105,4.872375096603362,4.058275524131698,2.9784159479072643,3.523377209711777,5.395690162039421,3.662328449636866,3.5252843414485615,5.136669851339106,6.460166835772598,5.368904380229178,4.996419538523315,5.361474507544341,5.055822560256371,4.200714165674688,4.632413737494729,5.098529406729734,4.543177141669442,4.85854620859762,4.595453529316415,4.665695109659239,2.9106375004140834,2.537576561521353,2.3212507047537527,4.018904551252905,4.724952681567197,4.64027499376504,3.589262981793809,3.3065862786497573,2.8192775699264883,2.6041215713330117,4.041871491495249,3.8783923087169225,3.3806928693063023,3.25377459810474,3.1164716487958084,4.171865034771767,4.84051827874861,3.189163585672576,6.162444065196721,3.806350763702822,3.646734153317975,2.6561677410142335,8.605103476893941,2.9587356098679427,3.962610174643924,3.211992576996723,5.113442299163123,8.459883688862169,4.960699107140809,6.585366039715974,3.8694908102577528,4.842524145187802,5.500476778140123,2.1897439659378946,5.092879367614408,6.192796740513697,4.744760620763069,4.925884820961267,4.223019596656663,8.04226926181007,3.2818541862261776,2.4769719251043933,4.0928536086534875,3.0242251066663894,3.9627484594613174,2.452909628380837,2.9291630258138266,2.9271504410794074,3.329897320503677,4.2468408037635275,4.341900272253238,3.7451499723626824,3.747686979083169,2.8674568731516015,6.936789495382909,6.934309127015355,3.2611371256018393,2.14098281569084,0.0,1.8274256901351833,4.926357287163546,3.953268608563852,3.0530106624434583,2.103891409177123,3.888710359508908,4.104393798183449,3.3422280676163636,2.510879581056151,2.20596859466607,3.779753193943937,5.614358498797603,4.533809053186357,3.629829045556083,3.860238893188259,5.472790425258769,4.152686257629919,2.992925370765904,3.1071441764421235,2.6255472746251005,4.044360883886021,3.5292905687596865,4.309153436351993,6.521423108623323,5.663185445220251,5.4108106634718585,4.476006313087655,3.006857892299458,5.402399002448642,2.9836541159472856,3.904964472052814,4.561876042519225,3.3932970878952236,7.21503781035152,6.64957110241989,11.296725195548063
PedNYC24_scenario3,2.561748373658865,3.5244694930098897,3.060380834929168,2.851760448419745,3.0994274128102814,3.357251466549792,5.5580357895455705,2.9500340577482658,1.838632487431972,3.319324944102908,2.665943995467796,3.330400291286124,3.9610443485892337,3.9911989354206674,4.481141034147034,2.0555029110162706,4.699622111233123,2.3412916437677804,2.0209616676556967,4.530126446485268,3.764242007553428,3.2383490098415066,2.9630224282131894,3.4199505621871866,4.424769436621443,4.400757531708781,3.3980097318926794,3.2803198595239222,3.204018912739993,3.0218352398163786,3.5919656409368583,8.331103329528158,10.143315354888282,2.3095854910914104,7.023767805629632,1.9953181568220275,2.3571242201265528,2.345209795478096,3.508539030365161,3.189894395148795,3.66325006648684,3.5231247388120335,2.964008881146944,3.271135706450231,4.835359965995484,3.0037749372327363,3.4133879221771917,4.9640531400160315,5.772836400476723,4.322287319361744,4.56095772511392,4.188030793555351,4.632373860864963,3.355154830233687,3.830688394002047,4.081495893405691,3.7257568508363783,3.8525073136062296,3.1352143667079675,3.4705012559364756,2.4611443499669425,1.4722871507590756,1.7526319506963632,2.776793577768906,4.123907369332314,3.9311890747550784,3.350206805271371,2.4665807288066723,2.524053359191259,1.3438110820560043,2.9634281094042247,3.365676536055339,2.7952158759053294,3.0926311184506807,2.91750766327071,2.9347571285256575,4.727589889682627,2.5383963914892864,5.643679327436056,3.31855705595382,2.977340221072901,2.5963346422441833,8.481642359850527,2.358609280541822,4.030474144366268,2.9516626436758404,4.936520264406845,8.8252322472939,5.021371351373583,6.325068778065188,4.416813577612594,4.06131042508751,4.800586843394647,1.6803050824523562,4.39966662785126,5.358082626262632,4.253518677860346,4.292687220093315,3.493997705957441,8.188011449652318,2.7610635452221692,2.4007357503930637,3.1961277754656794,2.280363637441735,3.550874551733752,2.10766094292395,2.843897462504489,2.2795639611337934,3.8237149575577383,3.6454753027519073,3.68277478665722,3.200347499292824,3.340411596269969,2.3082206436097006,6.6531666053333804,6.3883053010950785,3.1682348295464253,3.0445277352597695,1.8274256901351833,0.0,4.30323865474075,3.583613989635623,2.805118526341294,1.8243233732615944,4.540742412794359,3.743660368600996,3.177095962350215,2.585621984539216,2.5229437844196068,3.54096519638834,5.1132222513137755,4.346139501788987,3.4063333805911684,4.0491928244582915,5.260147809144657,4.160743283919715,2.2591778526791,2.316425600880335,2.638950292492025,3.512222873694373,2.7182575829253066,3.6960098430569515,6.038683073292844,4.970729470631212,5.150755828697292,4.086101130189468,2.3742763518851584,6.303555085127878,3.233595752658591,3.977642172248559,4.775387773127569,3.8674298275434458,7.895273457547419,7.296463232183741,12.050970374476849
PedNYC24_scenario12,4.877675056263606,4.07925664776251,3.7789349515487807,4.599049023019324,5.039053810710484,4.949963520249178,5.039538108342031,3.9697816592198842,3.6045624830618106,4.277802771999307,3.151532532543448,3.8937701211346307,4.660578806836145,2.8929269654153233,2.4312070727701918,2.9426220464140256,3.5143336369180043,4.649797052794624,4.792799205080461,5.445395862531744,2.7393460272884194,4.1050355675941255,3.2634147543048933,4.492600149376176,4.886711617778844,5.191025746074199,4.884461742893907,3.8585896389122367,4.107621788824777,5.344035499746351,5.503735398662199,8.849951392759705,11.45787033874739,5.127390752508229,8.205142265538637,4.148338861855784,3.4988263333375125,2.4851102999715575,3.303859501843465,2.94370616121268,3.4477334344786312,3.634170128648233,5.320412510916163,3.399299326232881,4.574152526892926,1.9439215060174364,3.4277426788297625,3.0801853066129894,3.9079704149475525,2.770386440658711,3.171007067270517,4.065029772486748,2.6669907157161474,4.539453228146923,4.148725960231288,2.861182816444467,5.596744866238228,4.609542487195935,5.078474340890695,3.9887495817010556,5.408928627995911,4.34205067115051,4.338130880346352,4.620116761370808,2.1230349400372375,2.583013385105141,4.080558445058533,3.362815745861141,4.092353742591912,3.7279029353777595,2.4538973556795387,5.402854529268699,5.189012698174024,4.374377164196251,4.052427281704274,4.4220873684939574,3.3555242572340243,3.6453303494274474,4.1096374112038685,4.982773022169354,2.9999461928116866,4.489949622652068,9.465171735437748,4.442185537184013,4.356283053040089,4.365710319285761,4.742015168035633,7.518303804551729,4.187772068200552,4.78976745072423,4.703894629663286,4.161530471306974,2.5578035218178714,4.41460923417599,3.9224889673103482,3.1581749160479395,3.6308379422009627,5.10455634018655,3.734489034683714,7.529332909791192,3.465510115816283,4.947788502353982,4.709696241779353,4.319388134801502,3.3061201577465202,3.579683268696233,3.7676726270619394,4.329664279170874,5.1376293757627005,2.9891541647335726,3.6794682287759017,4.8060656223245495,5.075623676333465,4.151051717704875,5.004542693676341,3.0340315790182877,5.720669197396656,4.425935406217119,4.926357287163546,4.30323865474075,0.0,4.404959252621802,4.806995018690953,5.387223171645116,5.005837138523742,2.2272064194782812,4.169346645478533,3.8855187019504918,4.401430085558926,4.704787414476789,3.593510736788636,3.019479447256062,3.2125061544462143,4.346718638357606,4.773496520006116,6.685502091401865,4.616687885360476,4.796687181869791,3.987358889547872,5.5387598557844235,4.696447565512948,6.061503855743867,5.036009667065327,4.120073521450003,4.202638287738194,4.8005432520758315,4.607534774093302,7.483069851812306,3.591606329877478,4.846598395111413,4.20971535693636,4.743082382664344,8.298227360291776,8.075354185385772,12.835056491917246
PedNYC24_scenario15,5.607526370969561,3.5532456743885206,5.134524771729837,2.606748627349594,3.018244695167528,3.3549279305107755,5.644681140724995,3.7997606996791604,3.0022310596908923,3.237155082852145,3.7892918901779296,4.395742081072709,3.7725098119288476,4.6532870111056415,4.727728187956696,3.6248573524693035,3.7831885406962265,3.1158662628085065,4.294853198519249,4.750553225452395,5.16635216061433,2.928242333722848,3.661226733244477,2.3472037920560576,3.985637979264403,6.4681251987212125,5.66468139380131,2.784040531883932,4.128082484710378,4.341278985832027,5.913605606409692,8.132673906741568,9.593366425113143,4.560047240938393,6.9623449507326365,2.276293379381642,3.5549777236673044,3.321018154571863,3.140890563890552,4.342784691148036,3.4797710396944046,3.503948523217121,3.4227623710043167,2.81687199647762,5.101260422145931,4.194028933903589,3.206211392880911,4.3829965935349176,4.539159601486954,4.789514834279879,5.264112784064627,4.985075760438981,5.759433225131526,5.062471308897852,3.508530712146826,3.812159081261662,5.573819740050835,4.423359734560371,4.644907349019472,4.91366712346761,3.9075065734490604,4.126139071241817,3.0216934916595557,4.484059912773754,4.6405501997715035,4.88701231203924,3.142628039683935,3.6922371342063127,3.2499910924393074,3.660046119957659,3.8998672969727317,6.067966271755967,2.8773938488907422,2.3958195962152784,2.5035989992162357,4.7414929927634,3.487015337841458,2.73839032333599,4.94001761082122,3.355402427284226,2.6955079285042047,2.924933637984762,8.274715468800803,3.8325747411020785,4.759812007083741,2.527483795399815,4.51528759631065,8.851113663150391,4.955886041705097,5.9774745733941925,4.272665326347649,5.897543247468617,5.44790328972498,3.6618764732584226,4.080631679862573,4.6110086433767155,3.9613493986726684,4.216301802491762,4.121689058329984,7.706111241653501,4.600510869228657,4.2975743943667215,4.781434304499839,3.309910105282702,2.8416420066983243,3.8340982735667684,3.395093293116771,3.6572511157745784,4.036978667693504,4.664456498238531,3.085903354018183,3.5215866855187894,2.57523014974602,3.590183887029556,5.569918951979624,5.003402590185446,2.924990300080128,4.301226485575954,3.953268608563852,3.583613989635623,4.404959252621802,0.0,2.346941987413219,4.517214362832932,3.8185125083032325,3.6291805227395515,2.7497354407706034,3.152525584314583,2.845496189614323,2.853761106360135,4.288453601793662,3.82847570423698,2.9468963014226155,4.835528329308258,5.605436897876501,4.591730076474484,3.7432151331880696,5.163135857657494,4.687527626054361,4.631022866551776,4.459295396767521,4.782771692834838,5.329038573029775,4.775874636178542,4.838475100772209,4.288179295033427,2.6840034123668053,6.7189943963765675,4.433925640926766,2.1167301796391844,4.222751136573047,3.348075246412902,7.230348240701528,6.268301529556604,11.022564636146422
PedNYC24_scenario16,4.647402890093173,3.9083954416301903,4.357581894029152,2.7832500755268237,2.626739893620842,3.102991618982081,5.961029494965533,3.7578261855660395,2.304058870712187,3.6187597846269464,3.277394338124685,4.354335170262727,4.231759659778587,5.104651837920114,4.80715916167431,3.512670483435587,3.7256155903693426,2.932186138153148,3.7238764514941405,4.970880020010471,4.747912202675418,3.3676737468160822,2.9458032334319624,2.8578486670171186,4.651550301438672,6.008980350236524,4.413886975813043,2.989391705399582,3.4888886014881084,3.78024332341967,5.208510958434822,7.146315486073749,9.163318506990409,3.8356348056887275,5.6246097115055695,2.305799196011283,3.648106722389897,3.2885071504934515,3.558288513991475,4.446095971978078,4.130355048553114,3.7311741479864096,3.0096936636688985,3.4274746415785424,5.7587648279764725,3.9546691295623013,3.747964231307681,4.976532110289432,5.702130011139264,5.148678614098175,5.29510786422155,5.2324901987482955,5.441356620386443,5.057523138466963,3.8236470767272372,4.559210873918535,4.101730208204341,4.6408501998324,4.452875281605432,4.582878471302427,3.055086977177972,3.1933932244167536,2.5025087096943133,4.160967377765274,4.985734862717375,4.83801976304123,3.561730782493875,2.7373154218443365,3.0643787742231448,3.140348637935075,4.003304649122217,4.767117136274875,2.664889918836497,1.9571972961046917,2.664474789229216,4.58519813252557,4.359008389003541,3.090754143889617,5.723619611886761,3.2805540945246427,2.3073708240526978,2.8719302060576757,7.294490001274449,2.8697915325318064,5.217784854960667,2.99478739680636,5.227321275467451,9.386814544060442,5.697401627851393,6.640548111052463,4.946026399924789,5.806614039219921,5.606452176716664,2.6479857759579493,4.2788769926736725,5.07865900767373,3.1390659286824336,4.211759789311794,3.1555316773809445,7.791975037343707,4.286037533143139,3.6590496020061942,3.857773250025421,3.165038781414283,3.38104069318888,3.3752849856264837,3.205654952981805,3.054562315516502,4.136252947231512,4.385686163232291,3.6203861750056228,2.356510004709533,2.7211809526117072,3.2666152957984638,6.441017663718896,5.830733058819234,2.818655822029597,4.005129666048684,3.0530106624434583,2.805118526341294,4.806995018690953,2.346941987413219,0.0,3.5436534060470213,4.399513782073337,4.090432340730735,2.740906003752011,2.338712943222814,2.4173954774369615,3.1948559301987083,5.0534249661976,4.122045527681347,3.4155283555172193,4.261983321271689,5.941713845573992,4.244309992545349,3.215049327430489,4.2781657418560295,3.7043938650017756,4.5205230493864095,3.970960636078557,4.406214642982991,6.086186012772102,5.385615422766682,5.313796891758345,4.715353204783073,2.5951459602207207,6.53353425224786,4.342736911606868,3.293498061684691,4.571252103786671,4.047867787104359,7.83109909293332,6.734180584532297,11.633288033931438
PedNYC24_scenario21,2.4554860695254432,4.72330952428536,3.7710352513500633,4.026938606497114,4.357360049665559,4.8029422679615985,5.8621227277348185,3.156509405927526,3.068781066495238,3.835606065240674,4.197972508837344,3.872212684455952,4.235103040482137,4.531440066958481,5.169013382765008,3.4638200208862924,5.278405264148022,2.2800214318786685,2.2756940332005304,4.75527228537801,4.8534768018067185,4.687500216339456,4.238135588062578,4.791944427747252,5.178548221800742,4.519040581104453,4.3584133908548175,4.709515667255568,4.72723502765929,4.430837966907117,3.481714981330765,8.760180246234226,10.24382209888675,1.964709669922072,7.6974448136381906,3.51535413197863,3.155718710345945,3.5470654841326548,3.9887183099841153,4.0300993546001616,4.7685715196039515,4.336401513914682,3.89710362962957,4.304961902718876,5.154352782166705,3.8425845172920137,4.138594601493701,5.674738380464834,6.671792975923953,5.181617772360315,4.803355704110068,4.868516883233743,5.24677149886845,3.748874900550669,4.817999798980923,5.114499372554572,4.882716774639621,4.375161382478591,4.072407067745373,4.84376996508329,3.2409320778142154,2.6011358558506372,2.358543550888088,3.3255760390280407,4.802454858229559,4.666053128761649,3.8030633345427947,3.9521792481013063,3.8806256086289563,2.5610211775781644,4.110149935900315,4.277018466159995,4.086917261010044,3.819315054850657,3.6493049234635047,4.130101000881168,5.571901236064423,4.067892958408884,6.178821390465138,4.08840009903692,4.128144907000724,3.9934128097300126,8.929705109560954,3.8744650135203633,5.260506697090336,4.323314115314475,5.564313849530556,8.900174559882329,5.907209526064148,6.69851598874672,5.245550284975963,4.429953869797879,5.407388117503677,2.993039295251021,4.757231478528804,6.020425577874299,4.8959853814011165,4.489541065477659,4.361815309738715,7.943020035392983,4.187949594343948,3.563283834175742,4.735925285078045,3.7939342274212686,3.9691527719807875,2.668398343053221,3.852489561064689,3.4773961683852765,4.387894239896807,4.457681313490041,4.4388776769215035,4.436359511095648,4.462165396195393,3.6685979842693652,7.074440843170019,7.403043440211928,4.050541569907334,3.425317571076641,2.103891409177123,1.8243233732615944,5.387223171645116,4.517214362832932,3.5436534060470213,0.0,5.264082448050535,4.872498427801789,4.207571460836407,3.421218523415798,3.1854324478953733,3.6527349515719325,5.688822207570258,4.749857406310583,4.268801849187604,3.790246203029654,5.565098969347627,4.937002675852553,3.846166670050263,3.198526563274607,3.096239470045157,5.023564371166522,4.298762441733584,5.115636420273451,6.172454154632683,5.3099992955775015,5.231595538944899,4.07066844470628,2.7680366491074824,6.319279639848389,3.5107270360471463,5.085503146601281,5.12720009745445,4.379186692270932,7.852352548980881,7.123210132712515,11.745829245623801
PedNYC25_scenario3,5.677355613621168,3.9270012360679387,5.16301939369696,3.524844580610255,3.734401672980523,4.3809327064691725,4.993487971267842,4.672975270866577,3.785738898323152,4.05549100486451,4.2792300149980775,4.660288423854673,4.237486405310955,5.4662313023064355,4.825254480895943,4.469496760312769,4.561645638652531,3.9323130139495723,4.371285222688837,5.7502326752328505,5.718143303889259,4.839308058627302,5.291422566221555,4.38094935294592,5.536630181886561,7.0922701053079535,6.386513489213035,3.9405236296812913,4.989362562581068,5.023102308784912,6.382832386089625,8.829672654874376,10.35318216750034,5.803514278313341,8.16565088921402,3.990505042089804,4.395083191089459,4.066898292526529,4.863185524174119,5.0578567023311125,5.460008708727365,4.689744659474195,4.013269021963516,3.3229922752152947,5.784265401622258,5.110429511552331,4.060546576954313,4.343045688359992,5.094427412880417,5.485396843676784,5.5546699876320265,5.639931339425279,6.235078300104539,5.416989928356637,3.9887326051235523,4.849248002594036,6.453199620930546,5.119524564134315,5.839752721416949,6.011700420703671,5.086937878925401,5.176487098129434,3.9005298874861256,5.211708121686749,4.995772719196524,4.901513600167083,3.92827955981305,4.642792904972503,3.141760055175372,4.5784119302562925,5.061419703716839,5.910809300124079,4.336784823508694,3.9052250812537537,3.6329111944499815,5.1660876505286275,3.109217696259991,3.5701498247208066,6.185165760074379,4.440142833971839,4.398272030482761,2.9692751660141705,9.018685579109958,4.558381868184764,3.5836158961921636,3.5088735418212194,4.496311531642344,7.118156167278139,4.523085942400672,6.165535520043744,2.459696965954578,6.0378398529868305,5.699622779461734,4.163576026001113,5.1319026719579455,6.002272030470897,5.37444619517703,5.719735176082839,5.020458077299238,7.252879542180101,4.895901237358881,4.459662522127744,5.6212776507982225,4.276872751412367,3.8063451172367624,4.506746186562379,3.6714826854089675,3.729787991116538,2.820690523937997,4.309537039676239,3.805327510558619,4.377283866713374,4.087560832418536,3.660729228983819,6.282895867385302,5.912686668838217,4.238621206295891,2.856108968161545,3.888710359508908,4.540742412794359,5.005837138523742,3.8185125083032325,4.399513782073337,5.264082448050535,0.0,3.463336492979383,3.2300896910719255,3.0421647798026568,2.6811208070185897,4.202838841825159,4.6870106697119835,4.548272406866119,3.2594236059994945,4.79353449675164,4.637506539579452,5.2997429855331655,4.389848204209421,5.605656417919558,5.04923624178296,5.196828472729878,5.0691622187979295,5.537365809401849,6.393143210217065,6.15109366032842,5.625560269490472,5.334829791246493,4.379770214856632,4.249799106112171,3.893580762649994,2.669934736189093,4.012336698340909,2.6286911852364367,5.668153224565241,5.681872110004775,9.965037507798563
PedNYC25_scenario7,4.75264855937792,2.63884054948259,3.4978716674953234,3.283893329939564,3.871779665224752,3.919921671848446,4.042816228777953,3.861209460129426,2.9801672026890405,3.4510620427105434,2.335946581972499,3.482491406520804,3.7303956702144343,3.082440452057104,2.5191625080897664,2.365954544066259,2.9962140051835564,3.8453406125542764,3.928310880351163,4.711734020908533,3.027557387366839,3.2582800031113663,3.0727470834065986,3.691200231605763,4.573719467158751,5.648558981147127,4.71036793491674,2.7869845196114795,3.3005162893989937,4.309952722879272,5.110669723988323,8.838582012201188,11.134535259214532,4.62616445702095,7.873262765914251,3.3487841718956353,2.9225692540548844,1.794432114424465,3.007791123384625,2.7460782802115893,3.1052458953307194,2.700459818537517,3.8942739227267302,2.2187987192432677,4.25311999149192,2.6274947355967035,2.7278167282620007,2.732935456510416,3.577962060511035,2.6416034651621447,3.371717531321119,3.924549443928457,3.419876904141963,4.239861215963943,3.256801188765058,2.6273585112819937,5.272068820734341,3.758779795225506,4.479089346975,3.7141662959803607,4.345013006539632,3.896421973716935,3.2892663526913335,4.009216247177885,2.252644949096981,2.390742384553632,3.0186406402504917,2.8726109701008875,2.7310567241699246,3.1630025987082027,2.3304521923857697,5.140051251001038,4.005896109825101,3.252675879203441,2.9164231264766265,4.043510746745211,2.7224031957772454,2.7408277231703573,4.6078829815786415,4.362110554588915,2.928454327745311,3.199753324940619,9.208747861847533,3.550246235189424,3.6005660064189318,3.3532793823440836,4.057285842808339,6.916410452082227,4.062360751360473,4.983095298240363,3.914634314791908,4.319317427844633,3.1204706989637776,3.3983477898170453,3.5566972299559305,3.4473745509492715,3.7166236762978118,4.423509509691575,3.453104991249922,6.990702476854336,3.3321083954897137,3.854826652586742,4.211788250205535,3.6487023256324997,2.817485542795065,3.0425345803806993,2.442237388612129,3.120703530623328,4.221412277411451,2.196167347032301,3.1421181655695456,3.739336877721208,3.9849660794624246,2.7964220997574105,5.25352265090708,3.6649409865803677,4.493170265912366,3.2380779805253717,4.104393798183449,3.743660368600996,2.2272064194782812,3.6291805227395515,4.090432340730735,4.872498427801789,3.463336492979383,0.0,3.152063352008825,2.9104970044735134,3.2480241652512563,3.8869046600473105,3.2551448191430388,3.1765067072924005,2.6768209714797537,3.966498748143258,4.322971456798605,5.480795389776047,3.6447367119182683,4.127058152171177,3.647973024961403,4.638513975334682,3.8683091456912533,5.120067168632028,5.063903556059133,4.078234532358114,4.09519781936965,4.23319167121062,3.7781821679435024,5.99950973919768,2.9362411206889356,3.473508235224494,3.521352117399928,3.980993150439155,6.99856392395384,6.9160660064572665,11.713238865155107
PedNYC25_scenario15,5.001520057367163,3.7853460976666256,4.359390864786456,2.9898912230022514,2.9206473748238486,3.0003863623298215,5.894823164571054,3.8764832250978487,2.4386554013466353,4.006299716286668,3.0129264209110653,4.365676890754947,4.889250023064749,4.947429097711124,4.001550551837831,3.2822158273789714,3.4999779287850035,3.609873160527334,3.883592897777531,5.729252218234996,4.442751721644002,3.551701216826129,3.291824570914997,2.996188522756557,4.977363328534088,6.080839423741313,4.836748848623127,2.5175344953240613,3.385536299497794,3.9754225083456154,5.731799175387133,8.553253016735564,10.027212276615497,4.890926083227603,7.250313819648241,2.551121080477978,3.6880817258790723,2.642988092643591,4.063448587135778,4.037092434149923,4.453592253655435,4.215596830422058,3.5501810441342148,3.471790835926283,6.0730930304738,3.938958615827861,4.085350483071475,4.605275838982165,5.052708750133125,4.538735443641471,5.167345491044938,5.1108417664062245,5.1575939835509335,5.1939980156466925,2.919801760851503,4.194863601722146,4.385060091212741,4.832770319166218,4.833877278003957,4.6742427793280745,3.854541490502699,4.030218725063129,3.076135733194208,4.450146260021255,4.3501090050805855,4.2107979585268,4.126295912543222,2.850151625522132,2.7204696455287705,3.5246977216059894,3.8642110159619367,4.78046072543933,3.367007767186898,3.243023035575524,3.3600460984850993,4.307326532177131,3.2801199405088624,2.2346004452347157,6.207623469959765,2.569478934868437,2.7169575875833414,1.9961999508068113,8.596824340791262,3.2103464605092373,4.096478612287891,3.251996314709531,5.567034166032667,8.999871582012586,5.23584592428421,6.848723600929131,3.6656838799004534,5.775520315138039,5.348749031793128,3.097226882510572,4.341673098877657,4.946473193706547,3.6696868607071598,5.386439330084722,3.2009957101207287,7.8407035863649135,4.241721273858725,3.6831428276113454,3.7970951830056534,2.997387233298728,3.2483805233155585,3.476230591178637,2.7756904319512343,2.7234004542390093,2.4453187928794584,3.617881745030422,3.247021904128345,2.6040524930660762,2.806581900853088,3.011644757021239,6.732670370207276,5.412451411282899,3.6761496301931755,3.693471034681334,3.3422280676163636,3.177095962350215,4.169346645478533,2.7497354407706034,2.740906003752011,4.207571460836407,3.2300896910719255,3.152063352008825,0.0,2.078837558798438,1.766343298038347,3.9196052690084957,4.8731868811752,4.202827662908385,2.1671879964816907,4.474238302347916,5.183878299305192,4.5352717231787985,3.242043328723766,4.558750126158458,4.264697333845266,3.9625291752599607,3.8500105877591895,4.422843842918465,6.417322125182823,5.868350845276026,5.666521742391987,5.273361840039179,3.4293017718886247,5.823382061260608,3.712587490493671,2.4410313813150313,4.447683758656328,2.7634565511115095,7.437780980933108,6.487955359755743,11.149161278505895
PedNYC25_scenario16,3.767163593258161,3.7747284139412156,3.6701102512557124,3.113596337424214,3.0591341430663173,3.2312603900577015,4.916502586414889,2.9965265692038088,1.5721233422052718,3.3641957094151778,2.4861036670254815,3.24421244135326,3.791944945230473,4.369400683235697,3.815862487723115,2.843103627706275,3.374609702114654,2.6877907807500727,3.167549797191679,4.929938910121114,4.156473646015318,3.835725897446819,2.980751969011183,3.3851255284430213,4.480117049410607,5.108746135873725,4.348902430356826,2.8545184190282415,3.5021827632700893,3.7361334797481924,4.563724150973843,7.87954479964266,10.187632640744113,4.004485039393457,6.860877583605138,2.6371703509366644,2.9480010697274768,2.562905841754177,3.4890607234993274,3.9582758842967958,4.2879863859026655,3.8381589026997323,3.3960798061674216,3.0025980603439075,5.358856453225919,3.3647121242617715,3.4769167367233487,3.9596852705150365,4.795151107751728,4.399207099196178,4.557348171194724,4.478360327687183,4.676366798360665,4.299281761722454,2.796114327914971,3.825609275722379,4.145051987891897,4.00993377928278,4.362028371581779,4.584170391974846,3.6994779784161915,3.232392840477467,2.042781363781141,3.5762768825949287,4.003887156549313,3.784079440005521,3.3041688440489505,2.3277139208199067,2.0221721375998967,2.7947717468051723,3.656363540945216,3.874956007281209,3.3669455883352524,2.5791350121474825,2.7300962087167693,3.7979494473728677,3.018644252005692,2.4674935950536048,5.369301255066631,3.019345861498972,2.390247393131402,2.322321083379683,8.238905292729173,2.915950892135239,3.836246115527617,3.103902027469996,4.5696654176419536,7.915395574266564,4.592917295652978,5.8634887973186585,3.447266159131177,4.847182799036681,4.632074019075626,2.2591765590351667,3.698430229642539,4.742486535095954,3.3351661864610103,4.465101927623094,2.3384665732529113,6.967804871436266,3.7385707353319413,3.370729251009448,3.8433793486892913,2.8612695079707544,2.7167923148411472,3.0810940802246978,2.8946428383646703,2.238591386160893,2.7896315301856074,3.0459992779018426,2.6549565744496437,2.510517468387384,3.227939238024757,2.3250720222362293,5.959714914237598,5.378752097877969,3.750896104282949,2.5442288166004485,2.510879581056151,2.585621984539216,3.8855187019504918,3.152525584314583,2.338712943222814,3.421218523415798,3.0421647798026568,2.9104970044735134,2.078837558798438,0.0,1.36143847343185,3.327360488169291,4.172417490033818,3.334611727829405,2.1201057902173606,3.262888679516346,4.274988664880577,4.957709688174865,3.021199698812173,3.9453125334107098,3.3764267991095336,4.542565747092603,3.813617242228527,4.692222969292665,5.7368845556821695,5.3800199208978094,4.958660401476609,4.6110454706900885,2.9917347729778117,5.274908017956658,3.1749979918154785,3.2739273792861003,3.7270939710362883,2.915235379926822,7.024842083519949,6.512800405109696,11.287296014991288
PedNYC25_scenario21,3.9983336790669224,3.6355991476550793,3.9364174004978083,2.686243973679186,2.708174610640249,3.207163323222909,5.049963179964727,3.2775986377359283,2.144684465883561,3.3650045996832736,2.997115289501537,3.665981153469362,3.971570081420424,4.715286564382615,3.984913592734137,3.0388789378087444,3.607131340868999,2.3846204492715786,2.860050096734586,4.95666911345827,4.490284872368045,3.700200756180084,3.4616847120140513,3.250819881701948,4.686885960010236,5.637795713468483,4.6062012686176255,2.781325895674045,3.6453755925956135,3.752930253844759,5.027415423124285,8.160207626442423,9.82807590837476,3.937196392768347,7.046823610402689,2.523950227724096,3.0463973075643254,2.6968082746238005,3.635549454412048,4.0404910957229365,4.4422576077709595,3.739854646386512,2.9620177380706143,2.9256218608481404,5.473040931425204,3.733131825404559,3.4563892187936207,4.298788756993946,5.167006804183915,4.767147721343093,4.764268294009914,4.841884121141725,5.171116168033103,4.547271731884487,3.202272177449267,4.156663276260323,4.541004328118787,4.269741806327631,4.463699334054408,4.751041496296068,3.3310372116392046,3.3711694954666425,2.1077279251668712,3.812469736895666,4.267526781356142,4.161541090445623,3.2329461582903436,2.9975974571133053,2.261898333741314,2.9267633105760127,3.8503047609646956,4.309433785226062,3.1235310084050103,2.6634293763653494,2.743839023706151,4.176608062035322,3.4288475365946445,2.620025092849041,5.896795787840847,2.898308021603833,2.941452411478888,2.0859953025383966,8.302722820268754,3.000126560372742,4.047337853184626,2.864461191565588,4.871690201709562,8.286535429681269,4.943371074132836,6.289852011736363,3.4356803018247377,5.284273820350548,5.114077070871734,2.3434143190760945,3.9988318279529436,5.0817146748614785,3.760813735566699,4.5113273939054235,3.236570980304844,7.033738749544235,3.916876296447462,3.2850259729990965,4.033597194656624,2.980401305863401,2.7655546822342183,2.8497072878412606,2.5161303542007674,2.133159051464574,2.537294325788256,3.3869044035662688,2.98942980739091,2.712087768109046,2.8185395247771816,2.63845733992659,6.333705860635385,5.757550412366563,3.130491616778322,2.6248304341618045,2.20596859466607,2.5229437844196068,4.401430085558926,2.845496189614323,2.4173954774369615,3.1854324478953733,2.6811208070185897,3.2480241652512563,1.766343298038347,1.36143847343185,0.0,3.019414747429867,4.612833464264222,3.900479745392293,2.3490931872845238,3.5090848494147986,4.766960582756749,4.2467681138175095,3.0387399638512194,4.029270942628709,3.5281481586608634,4.23675422181919,3.848894039092341,4.428965630806738,5.976740720912321,5.47361633301548,5.056849198393076,4.475025205742604,2.671057657020817,5.070752910602827,2.969741937679433,2.689522418565381,3.76221686604217,2.569948988162781,6.874933264055911,6.130952330241144,10.886593649702263
PedNYC26_scenario3,4.453961240255895,4.2309989323783155,4.932091898361256,3.544430494000844,3.8827402710441112,4.819608917917669,3.7031457774584204,3.2722764069161525,3.6197056339293536,1.8599831507574927,4.1302906040629495,3.1753280923295724,2.4818744442010083,3.8130618883322813,4.3655002255563735,3.6797998601824835,3.779883794124605,1.831851155456614,3.0884085104933625,2.8864676131422113,5.28288983023051,4.016144230718207,4.168328357301614,4.136725536067809,3.662569895314082,5.596179547873521,5.927657261882605,4.0033755315971735,5.0592451087708,5.236788950184332,4.949163144032655,8.541842455146579,10.712416711869288,3.67736802297605,7.681573333119523,3.6358066329597096,2.7355140423614306,3.596555307436993,2.166542152729641,4.154550354390625,3.781918875796171,2.97440444507425,4.1769059380745235,2.5714998430579072,3.5840729895623427,3.975445559492287,2.478825341411356,3.4720623603822203,4.562364198327059,4.620318280373973,4.0126059265434,3.938777273275472,5.324460439294192,3.746918722100138,4.215853539540629,3.58778668269902,6.301930585156557,3.5612231094776066,4.590180761374967,5.4527641663734,4.350635002324777,3.774222154297699,2.5568473747138953,3.6207185002718085,3.9987734298128785,4.412290131761579,1.6182399099445417,4.352820574143585,3.8686032164759263,3.260552148319672,3.8528563011486594,6.179165579738609,4.085796381168706,2.4644212706890514,2.045644814340577,4.8220380347855665,3.875284527472191,4.085000279998764,4.3088683385792494,4.751300921664836,3.8148833524599812,4.018206174554664,9.032614264296686,4.557036290252032,5.283358012891526,3.4008813147685104,3.6981617632177612,7.370831241046592,4.799393610234393,4.553620401247843,4.932613047067334,4.750355839639976,4.480663485030863,3.6972246081447837,2.77125899576061,4.083770586034989,4.1989271086240825,2.3605290943507926,4.240251366192427,5.551742714021024,4.9548979134327515,4.979505828470637,5.677214840582553,4.361346502549031,1.9641928301202243,3.2799047063577347,3.6742979915163607,3.750822121972385,4.849677112347882,4.027122513080528,2.7323590047896156,4.401116679494885,4.202956080461657,4.0037279516116415,4.528032815280919,5.212108555908074,3.9818281109333826,3.806793208799952,3.779753193943937,3.54096519638834,4.704787414476789,2.853761106360135,3.1948559301987083,3.6527349515719325,4.202838841825159,3.8869046600473105,3.9196052690084957,3.327360488169291,3.019414747429867,0.0,3.4214434578639352,3.3266552018243973,3.2962012547579675,3.0377603358417478,4.450670191047554,5.581465599110426,4.622763029068656,5.091746435335689,4.165996900375627,5.953464172520826,5.349950841232347,5.987100606542057,4.0375994664964825,3.470575118637206,2.955746758989617,2.5524495266655736,2.5173360163587706,6.791825448627614,3.4546631561606818,3.8854517159301363,2.7010558656666213,3.9739781969682397,7.495129325794798,6.926670411937528,11.678549831406572
PedNYC26_scenario7,5.573920567768911,5.073627452785719,5.785736503659054,5.194011726936564,5.66235314017079,5.571474508669305,3.1904455251887622,3.6383351461449043,4.4751529029215,3.3857217375525095,4.434050279078043,2.75312875701037,3.1963239130437313,2.7525875855304207,4.210630661258986,4.086052130640159,4.096591522503676,4.228577669861833,4.77556194340583,3.5790725487083614,5.382295540258578,4.796847377919052,4.626463710965679,4.9190098689703525,3.235603427674042,5.124363316029235,6.863707263558302,4.527561377722608,5.768721073371934,6.149200716163086,5.088966005875619,9.518810904001231,12.195650056522252,5.399323124355557,9.018211556274418,4.903595819512745,3.2119313869312722,3.9765598458772806,2.571433438105339,4.410983630045499,3.672209399170573,4.032888939429592,5.846378323987329,3.457506456475092,3.3421490970808825,4.1532843510782484,3.4873524168998875,2.6088787714597315,2.458592361538502,3.4748292178541402,3.7271445924508355,2.9366836515831465,5.000268735884233,3.876598228133279,3.684747325380891,2.307589816025379,7.084864980556521,3.128121602895353,5.025050093558048,5.862536679328401,6.167084138733812,5.324081179763435,4.208027668016589,3.971467625013731,3.164723432202685,3.691324429434375,3.054754079178802,4.888748683218148,4.419159137234523,4.365730766782239,3.9329824998885954,6.862651437606525,5.582595246382765,4.290457321059028,3.7476283020153502,4.666286031186864,2.733415723928989,4.504825635587534,2.8650346703053176,5.4889942766916215,4.372674972476925,5.178247832563701,10.253386805955671,5.749396485325518,5.124645102304524,4.704443790812897,2.797839094781851,5.784237896998434,4.053378159141964,2.897802617175407,4.901104367659356,4.070594037054935,2.86054128333165,5.118648876937804,2.3287234933646093,2.8828395735556596,4.78971576180789,3.7794238643888796,4.2593276618876965,5.421426001617901,5.545088265574751,6.147464321525201,6.505731838286617,5.098220125355844,2.338795761831948,4.786058960400222,4.940395002157265,4.7991464298455115,5.5882256418081635,3.637619708177471,2.350519550380332,5.432730474518642,5.384818388196168,4.524787115684645,2.7187283469410897,3.6670374227278506,6.026527315630128,4.730130211212819,5.614358498797603,5.1132222513137755,3.593510736788636,4.288453601793662,5.0534249661976,5.688822207570258,4.6870106697119835,3.2551448191430388,4.8731868811752,4.172417490033818,4.612833464264222,3.4214434578639352,0.0,2.5223621217383285,3.3255139576715567,4.088279283467866,2.928003165781195,7.4305445090625355,5.620209542435775,6.169105974804915,5.516929110885095,7.046213448120616,6.2286793455134415,7.206605273260978,2.903624758025955,3.3163019992936262,3.054211216814346,3.5517928890457164,4.361308559033864,7.331062133796812,4.449222475426261,4.924713415643401,3.283548281560224,4.715460602951596,7.508352582217126,7.630274487951907,12.165536630715655
PedNYC26_scenario12,4.753225731460327,4.848077266634022,4.873467871214056,4.711478055669627,5.258067703285832,5.279012356121444,4.4549687234510875,2.5161389644180474,3.412143874819502,3.2512623857304583,4.085008997258323,3.398196742025941,3.420832040711807,3.1614849861246515,3.7358255895806374,3.854363332918683,3.5889181094266753,3.5927212573238685,4.527025145809854,4.755217299253685,4.806869300400008,4.8003720200729925,4.070721935399085,4.647330795090392,4.0521710821823245,4.944677287863759,6.152678826524956,4.463910450145214,5.381708905508109,5.883689475182134,5.127108440696942,8.766661424166445,11.221749967746245,4.692855442826561,8.383688128108206,4.2570290601925915,3.363425340694004,3.4438354980247396,2.6669188848722865,4.1964993484468,3.9869787415403484,3.909710425735113,5.461885389874015,3.303291212415029,4.146191910939488,3.094081695847163,3.1260560084442393,2.6318985930423953,3.453929640558598,4.086709052560768,3.770321960175286,4.116027784135434,4.182260770849119,4.270790869599018,3.962988441207182,3.1393694407300603,6.441940153460636,4.196320584516506,5.456333211269073,5.641469661149325,5.545831794299102,4.7041469906971916,3.68685035227635,4.422447754719967,3.334958144645611,3.8947895320317634,3.1889858728685447,4.184644655205247,4.18885355410203,3.831626735507683,3.6283183928596077,6.116226506474415,5.213939723024057,3.79780483153424,3.2229073981643257,4.805466759490274,2.440575944842701,3.9790599850900557,2.8389020676346526,4.721051039078534,3.408694197963218,4.692775622952865,9.5037033767138,5.203073753156984,4.802964778668044,4.397577718902716,3.7665637377047814,6.534634761096935,3.8112546282343853,3.7345458514909886,4.422693931171063,4.392415854058035,3.3833405104027974,4.554154614958695,2.5722569062663965,3.2687273860339157,3.8040554990772404,4.1025044544324905,3.6044135535701445,5.819809313956814,4.945788620734479,5.520868435158477,6.002488115081334,4.445231276212886,2.166604653621011,3.9734155156620465,4.358104610388671,4.506070260005336,4.774414763206603,3.763853079344098,2.7462026403105235,5.032153727537501,5.013183517082059,4.305107958847882,3.5434860888832755,3.91335782266133,5.562332177031999,4.022729506032796,4.533809053186357,4.346139501788987,3.019479447256062,3.82847570423698,4.122045527681347,4.749857406310583,4.548272406866119,3.1765067072924005,4.202827662908385,3.334611727829405,3.900479745392293,3.3266552018243973,2.5223621217383285,0.0,2.5465967042733975,3.137882188884343,3.6243985036041515,6.881912952180778,5.132492360330141,5.594534237565308,4.453730498920433,6.611930948312402,5.732582559090506,6.826585921109626,3.096643786656196,3.636094012434634,2.952228682122985,3.475603399649761,3.6619041986713023,7.162452319330281,3.4605543544411206,4.6758689860398075,2.903124362895518,3.8975740417231783,7.574656884174702,7.264130725761468,12.042046121578295
PedNYC26_scenario15,4.4719246433783635,4.252730586251108,4.619603362565327,3.683367459121858,3.9522929329086076,3.8524151286485986,4.852427834103678,2.515302827666292,2.528780172296657,3.1931815990693613,3.124493567259583,3.187933617922524,3.9359226882161216,3.757590091625064,3.6494463214587305,3.062908638218773,3.543588542631101,3.2033091060041086,3.8111305948710674,5.058786612612159,4.5624986681442135,3.9412818457954066,3.4921608264291875,3.49411291744495,3.8505194898244244,4.993945804370222,5.574419024147737,3.1042949060864284,4.348327935206339,4.68562201655364,5.239959143854055,9.099296978069251,11.081770294937941,4.761949823187803,8.244551923929311,3.06123623725161,2.9118358162144364,2.6404854164190046,3.2249472065672884,4.00041788355964,4.00423079989641,4.0554252315557715,4.564234274717184,2.9832765133103534,4.9290928707950075,3.32406976280056,3.309293459934794,3.210495240747332,3.61299329302944,4.082131572067897,4.450799679457439,4.070517298107148,4.631749648611921,4.1937028967791035,2.681333575045545,3.0008062786535743,5.30555749502317,4.115581962548012,4.818750040540032,5.136658612344417,4.754392931452167,4.176344871293772,3.0102068237634656,3.9672821667305556,3.481928981210028,3.8459946824171913,3.4011783737191132,3.2896321243828246,2.8764073947347133,3.310004742113951,3.4882786459622297,5.137385927355046,4.178777925692233,3.5302906382001757,3.0950375208241048,3.887427353918015,1.7718247602270292,2.421980538637818,4.483782176432073,3.217685693008946,2.943370740974958,2.958123968826925,9.521889631567047,4.117300503607503,3.5123358664188262,3.3468016356033585,4.262135883609243,7.516683713806132,3.6614941463867554,5.081652778133926,2.984850412312074,4.688777186124769,4.178169817694001,3.514107928695723,3.060904372775615,3.9880581321902753,3.8984757022717313,4.699549812537594,2.9502377030418536,6.616680104460273,4.30745069470112,4.488869736056176,4.7904706402793265,3.093563317575817,2.1240352579555486,3.578668868956023,3.4959078048506833,3.216452849028432,2.9399757812105363,3.2744527320755377,1.9324705742773285,3.7600218433842425,3.6906117657257025,3.161613029185728,4.921183047432702,4.4623733770361005,4.623376569049077,3.452063482670237,3.629829045556083,3.4063333805911684,3.2125061544462143,2.9468963014226155,3.4155283555172193,4.268801849187604,3.2594236059994945,2.6768209714797537,2.1671879964816907,2.1201057902173606,2.3490931872845238,3.2962012547579675,3.3255139576715567,2.5465967042733975,0.0,3.613448626411989,3.5224687449785157,5.772694888380751,3.8862559718196157,5.003002857983538,4.405975830004032,5.073979520024073,4.613566074298743,5.459861780990616,4.738935002774905,4.829688889069308,4.371551457359435,4.210771241121717,3.309038316826963,6.377093027258448,3.145722646524629,3.1496160937867437,3.218640374889355,2.2479916775966533,7.4883098790096465,6.997554360839112,11.648088941144787
PedNYC26_scenario16,3.610623426555886,5.120547245674344,4.0244131551517315,4.890055466262931,5.06351991785138,5.986012893002769,3.772677827524166,3.6170799992374936,3.9195807880964275,3.381550612533328,4.277720359041621,3.5686022548532024,3.686397378399257,4.062050893161544,3.365019842709043,4.113285726272927,3.3930038649550704,2.8918001345748654,3.681753121872444,4.5797978880246895,4.660106921205,5.579084330227648,4.393788413863579,5.752382039170442,5.409559310343278,5.2713219961750974,5.565817131461297,5.11012373983369,5.498236581333004,6.137109913382693,4.984226152280305,8.760830497527516,11.624986357153174,4.1511293806515255,8.296530831813463,4.937719174709245,3.6285147929667456,3.8118089518626532,3.338280210748472,4.314622367188615,5.17757255365164,3.968710715176824,5.33445384117271,3.7628402610100617,4.588263400966389,3.4401651752309452,3.4448503508052557,3.251974102341367,5.287520313288944,4.775735345491343,3.2616090161102265,4.664233575281602,3.987452777079297,4.321533350584668,4.973506341048103,4.436522299711296,6.297696396917968,4.640316497192339,5.779611933358814,5.8942855842322235,5.314688255922204,4.115321125598179,3.3074418878193477,4.44310304914061,3.5933171296561657,3.95466631322785,3.244727933385459,4.368353145248492,4.583743972579514,3.865678680372062,4.277427182780361,5.603679588214253,5.645573034902871,3.638582679318041,3.4545746252870875,5.537469205551306,4.176364255634348,4.987096532506957,4.950470546860177,5.531765536453107,4.1475444068791285,4.908069398741392,9.567217958778764,5.06190779353647,5.58773607010446,4.978155829632216,4.973878121640172,6.702600680603663,5.134821364928977,4.798780483512761,5.286560999222826,4.627511220533076,4.029934064523538,4.119608604453659,3.223264106366333,4.277608572509163,3.832907554968441,3.7906206762095915,3.848580728614044,4.851535006759363,5.017088069068026,5.420164702318502,5.947312056908569,5.307455655733425,2.8414587805369367,3.2884014675314037,4.09987673615032,4.298248341924641,4.993672944549141,3.4945689381614735,3.707164550549228,5.037649025240746,5.718376738051696,4.626156946169294,5.278370608268371,5.382169786645866,5.69303443527402,3.424667136814098,3.860238893188259,4.0491928244582915,4.346718638357606,4.835528329308258,4.261983321271689,3.790246203029654,4.79353449675164,3.966498748143258,4.474238302347916,3.262888679516346,3.5090848494147986,3.0377603358417478,4.088279283467866,3.137882188884343,3.613448626411989,0.0,4.1481801906085884,6.922546346132034,5.424342575004732,5.071074196116974,3.4478444816100042,6.866744870839184,5.929857264415652,7.083172492675504,4.849645021829977,4.4856778704818545,3.2109168604954856,3.966752217161836,4.090260695244542,6.5486817732202995,2.6089383702225355,5.514700507546521,2.6213132805619583,4.549779964240792,7.878483987823374,7.545416534390075,12.232086501894152
PedNYC26_scenario21,5.046373897572124,6.144315476144628,6.086017141106392,6.02950141826091,6.2546589464829445,6.360916254644714,3.892688607702067,3.7580672234223647,4.781209573900674,3.938345658614764,5.068203580478204,2.894371108571074,4.032424484216418,3.864904669851167,5.169007675283724,4.827931978464959,5.490332317947659,4.515271670954331,4.709233821818573,4.754297451858611,6.270804092262324,6.222139719743555,5.767682448199524,6.144881342474719,4.3367975199449,4.621071529606705,7.450066631385975,5.693219129573444,6.695328511412098,6.699586966441361,4.9874996399211655,10.470681919836464,13.169916775595615,5.9730171677579245,10.170198347698564,5.612937632409943,3.9050354389591315,4.817063955003251,4.411735849133684,5.254012997284047,5.504058283103906,5.641088296570661,6.691266816864075,4.602296289971467,4.422096042444305,5.071825967523008,4.678143872175328,3.690287083152583,3.9719319292369306,4.7352256235069605,4.769498398298155,3.487592004976161,5.753801457974682,3.6350659680180155,4.187247122356154,3.8875718659154908,7.439646863766857,4.086511733901514,5.770402930051339,6.930117099597586,6.961266360170473,5.716602795401159,4.568189175900731,4.290582127066268,4.26714889843416,4.506872277548503,4.282216973147271,5.525863186563144,4.777124927732165,4.818904247044864,5.1497364597863164,6.551309891764724,6.459925997202813,5.42836298524264,4.6893541899486895,4.541515452011443,3.301041381086377,4.949466424246279,4.363580747344993,5.836947688838583,5.440264973039257,5.348611028966041,11.284708532131159,6.372129374030052,4.502450769993343,5.50187908523533,3.7588822404100077,5.204073005226918,3.83209439743531,3.7937398152278705,4.276358537394973,3.895644375905824,4.070896954985013,5.452958447903057,3.67059355202823,5.0253732079209685,6.107785800869595,5.305725118522527,4.830187174245026,5.709888908182885,6.043633216434673,6.484788212965124,7.075549310914456,5.404180442796446,3.609721224518758,5.418645251096299,5.796161063496365,5.113715814586571,4.924432419859517,4.186455523291004,3.0077195617262906,6.147565829813993,6.395793640884735,4.809336252994911,4.298055639698866,5.72768047918681,6.943643687395726,4.358198324615569,5.472790425258769,5.260147809144657,4.773496520006116,5.605436897876501,5.941713845573992,5.565098969347627,4.637506539579452,4.322971456798605,5.183878299305192,4.274988664880577,4.766960582756749,4.450670191047554,2.928003165781195,3.6243985036041515,3.5224687449785157,4.1481801906085884,0.0,8.214676340345271,6.066060467975554,6.503236160624226,5.982813310788158,7.455951793451842,6.715241788931466,7.742236551429749,4.420616954644281,5.182074273229307,4.472029600102367,4.657920498805363,5.269283436105977,6.9632712059337765,4.462769131970561,5.773378825868465,3.874332233790436,4.2848476211129665,7.767270498643689,8.248840565562613,12.317373019546839
PedNYC27_scenario21,6.061463293770971,3.920898135305007,5.434581309235656,3.1534022767024306,3.5290327806975683,3.2904256156389207,7.564333015605804,5.928981825312758,4.506622317066562,5.719414224764282,4.68257709976613,6.42209790640679,6.280848036339121,6.887130507215538,6.573406500773358,4.633760735334961,6.39536995352346,5.102682118361328,4.569431282992275,6.611093198305814,5.744192841564431,3.619258527425737,4.990104080034028,3.6169197026750313,6.486850768765247,7.849365467496615,4.854254605056114,3.862122673157094,3.7484168212440445,3.2133624339912266,6.615830150532721,8.572758171790296,8.517661832848374,4.822788857866662,6.507821459965597,3.4882990356120125,5.210686050288596,4.631228210081935,5.894786730819808,5.5078043530334995,5.245388798547643,4.709635689311503,2.376534819314562,4.762267219745075,7.2364484613587905,5.75438887644489,5.412348850941096,7.186692062211261,7.640056564002997,6.631833235123009,7.152915078185963,7.027752540536294,7.249792476694752,6.572987639139112,5.731635032840381,6.326768406409866,4.886694125263235,6.125465236371259,4.9568664932344255,4.547909720509543,2.335451550651137,4.540264964713113,4.615444394826564,5.59412735405715,6.691916307364197,6.368066442953798,5.326079980380117,4.713110647978288,4.078007494635191,4.385899796580832,5.079832782819747,5.426647617180209,2.605208945731081,4.66440361734557,4.7635358287782035,5.517596525746927,6.671328199943777,4.255820271682547,8.23028623586577,4.591586716036222,5.197686254779393,3.734042367131384,7.749715046371347,3.3515113602404347,5.906443809737394,3.7618857419531637,6.862333279268785,10.972894807429402,7.335139854002871,8.930332566537473,6.101693821591617,7.314521235792902,7.4243092045990124,3.7668902437107596,6.791154362958124,7.375676651845758,6.029301995122885,6.1770706108694,5.976014224334357,10.070939015438082,4.710683910103829,3.2072672281358803,4.083160722046021,3.9499703939930497,5.95808621397417,4.466976173114096,3.5787791627147576,3.754036848714141,5.507657018729289,5.812379358792059,6.233860237772149,3.8806540402224123,2.939898673603195,4.126476708088303,8.898551555962381,7.944428649919285,2.0970450740163002,5.28350812147233,4.152686257629919,4.160743283919715,6.685502091401865,4.591730076474484,4.244309992545349,4.937002675852553,5.2997429855331655,5.480795389776047,4.5352717231787985,4.957709688174865,4.2467681138175095,5.581465599110426,7.4305445090625355,6.881912952180778,5.772694888380751,6.922546346132034,8.214676340345271,0.0,3.17169745521128,4.191296801240144,5.003911602120325,2.992950330249245,3.361309412917753,2.56069039673861,8.171154421328104,6.933267155955727,7.430053334055247,5.9975090671425795,3.9683875767644805,6.74126630957785,5.520711220903222,3.800332820475793,6.798127363160095,5.7436393751063894,8.274680002607875,7.232094311252037,11.787196700302113
PedNYC28_scenario3,4.107714392575022,3.0443256685426556,3.841161009761967,2.5000473567230337,2.689504335693899,1.6757600064904867,6.085540288246879,4.065328354237155,2.291776472990653,4.278130564267642,2.1195344366907407,4.188323239848019,4.799745422370052,4.960667403957716,5.068658754814413,2.290997357463117,5.225424776159907,3.8607159533642617,3.3031336936745355,5.346047793328792,3.9550910662238987,2.3529729284232137,2.871238774632679,2.3949193378980724,4.638587919989199,5.49304811084563,3.339807540486594,2.2634755656195984,2.079197808582875,1.1094249370903655,4.665460633029443,8.321568856745134,9.995228359506024,3.693132496969576,6.600064709719639,1.6617612038726668,3.212692609524817,2.7820813440956607,4.416142681899477,4.019415966623455,3.6357883472337993,3.7577133922600043,2.330477272042208,3.3740312662313237,5.772152632651874,3.8757484432912617,4.063515756241314,5.419057987133345,5.704292393087616,4.785961144235508,5.71977463011404,4.903556713024413,5.431848272451846,4.53469920748339,3.6869131472921484,4.21088000686259,3.0411114120409097,4.274601680206274,3.1178249290835063,2.92968245303033,2.18409257030957,2.611270885297474,2.8335280100165696,3.558428153868021,4.904781894002596,4.590790989454779,4.086508402360968,2.234111146291367,1.711302565418925,2.3269273902403222,3.2727112439751145,3.175877538859181,1.6665029676258305,3.552385723503448,3.505845197291953,3.0016169226536644,4.867151562769782,1.983012198876033,6.314986038162032,3.313851044364043,3.357978284994391,2.081995359012255,8.184785776231468,1.374035001636043,3.7567189516984465,2.394829404184397,5.216563092232321,9.39539196863556,5.281677786237784,7.091667434567415,4.496109607997614,5.183282186547445,5.499851619420716,1.5872244745275612,5.105046939680451,5.79572825519007,4.753322494449904,4.996054265310038,3.697404719022639,8.978731540296701,2.669805193813922,1.8008906615259002,2.1181032023920934,1.4966603172372077,4.484782238970111,3.3360460390890374,2.8104430971041072,1.8089511907968585,4.248208507711535,3.9628665229895828,4.236463220337076,2.349651813175769,2.380884660316314,1.577380090179457,7.2556790022883755,6.377016650367087,2.6326590200806375,3.7919880424563837,2.992925370765904,2.2591778526791,4.616687885360476,3.7432151331880696,3.215049327430489,3.846166670050263,4.389848204209421,3.6447367119182683,3.242043328723766,3.021199698812173,3.0387399638512194,4.622763029068656,5.620209542435775,5.132492360330141,3.8862559718196157,5.424342575004732,6.066060467975554,3.17169745521128,0.0,2.541147830808449,3.6867567461618544,2.047335036993532,1.2016878869855638,1.8638987297866019,6.777054299055838,5.783812459823714,6.2034370902180465,5.036363347432109,3.0694514749817245,6.393152042628554,4.25084436779676,3.367665600343765,5.471480579582883,4.4788437998398045,8.08384335429867,7.62666445029585,12.35452508109641
PedNYC28_scenario7,3.146433250140786,3.4500420406007724,2.5589199388787423,3.647601509377433,4.04344609092817,3.955996867257645,6.036029274583031,4.546623281359534,3.2256797237284567,4.749635495947746,2.9269801410191216,4.413040090553198,5.012569158831257,4.6081809873099555,4.809172881141077,2.4762957348774384,5.448033399588685,4.028109648850357,3.078685960496009,5.321851620408208,3.1318543837266573,3.651738581084451,3.3470094632749166,4.394415323360968,5.730915355153312,5.159692077333979,2.2344575941250713,3.9305084390589755,2.809968010820621,2.8461239479934393,3.7953966799170664,8.68285198660039,10.545645568376196,2.6807342674701578,7.136617528658747,3.3442335170011415,3.4377871566959923,2.9338276918855746,4.555087990738973,3.355880200734991,4.067322441396613,3.7250009827298043,3.1021362011007017,4.138410376949685,5.498116543345054,3.426118021970817,4.319407463100091,5.836227616513649,6.700073637235296,4.46930708578047,4.90062551716326,5.019629391483018,4.497758424839031,4.286202744216977,4.933876667207937,4.886166810492933,3.5236181749359794,4.4605459653754655,3.3324363689203857,2.4695391584350457,2.378316253881575,2.0498797772290516,3.1657565074214578,3.5653469123177555,4.505491490500573,4.042928785771915,4.358424330849035,2.887071440134115,3.2818392918996286,2.352349963607996,3.1471977988115825,3.079195443491057,3.4610414537479395,4.13989923208109,4.121939853969507,3.6830890577816917,6.04315351570678,3.6896943611622195,6.735105324586315,4.653720727261665,4.060604986303923,3.74317429364663,8.655318678417126,2.3529525583320656,4.840499443010602,4.065339469418481,5.89782929871463,9.277210375124755,6.1357175820426475,7.2923642470888135,5.725491546569647,4.511449877094968,5.111383289582037,2.3262786649943608,5.529697579616522,6.018884808483641,4.969608466896785,5.024530288382794,4.341725431949591,9.122024168537587,2.4756604283043453,2.0172292643407683,2.7879214344464445,3.4286594704533075,5.006995780195634,2.6621753851435725,3.072799525142243,2.9127282105259744,5.300748989161338,3.8641690186358635,5.2572792182924495,3.794574994280492,4.266504163432008,2.8108331734332492,7.852995786848948,7.030294714614054,3.898641145818597,3.815420430807125,3.1071441764421235,2.316425600880335,4.796687181869791,5.163135857657494,4.2781657418560295,3.198526563274607,5.605656417919558,4.127058152171177,4.558750126158458,3.9453125334107098,4.029270942628709,5.091746435335689,6.169105974804915,5.594534237565308,5.003002857983538,5.071074196116974,6.503236160624226,4.191296801240144,2.541147830808449,0.0,2.5592163984714205,3.3869195519737247,2.144768123846905,3.507799751438449,7.122286673645977,5.563405126225622,6.053463453838837,5.041470812404347,3.743067226298083,6.5163576498597005,3.9616969813530205,5.176623217126977,5.940010292269388,5.635846988397653,8.301645887316349,7.958257678768997,12.687864833283003
PedNYC28_scenario12,2.8893899953087305,3.319484682294084,1.283287093828349,3.4342487008429385,3.7038527313041163,4.8239583225224125,5.286380568070045,4.289228337198818,3.0637927449565625,3.845335535486848,3.085551092367937,4.3649827619886095,4.312094593690002,4.2472047167300095,3.5540660580595675,2.9377847430391872,4.071092877651751,3.245294635422108,3.0183274645091607,5.144050864187249,2.72013595620864,4.253916078359239,3.4224075324878127,4.871701826858975,6.01566873081075,5.628924148390941,3.0026592280449194,4.301512418211185,3.4421875165523517,4.428738963028516,4.657869155403587,7.79509852422145,10.29166731273973,3.068490329229538,6.731709190588563,3.6709942550077943,3.5966176501994345,2.728573078141386,3.9230631342057274,2.9978519629560956,4.4285874686854365,3.0675631130449177,3.5848742493592614,3.3876403909393646,4.913325632846918,2.370408738129388,3.2141050529514366,4.570110212555262,6.460839829282555,4.460774042010664,3.56952837363916,5.120071393476131,3.224665128687549,4.312548995548878,5.329797269193636,4.873874597642618,4.559633584047571,5.015216247561727,4.799058280597082,3.542870763369646,3.3462188418309924,2.0939425602540567,3.1022851578969104,4.312966618289434,3.740849986401022,3.527661912873079,3.6087920577858092,2.9228747964601407,3.7737492412030376,2.60360716044615,3.0851808478701073,4.014460848733829,4.176479289921404,3.2297496258356966,3.2394084848622544,4.707473487891844,5.314102266708832,4.076402119476114,5.878615691427807,5.1582042628440625,3.3400386589190854,3.8326516834507856,8.183276539970587,2.950498482049235,4.8779489644861425,3.9353365346039415,5.463622833828608,8.31805893701183,5.451910651792505,6.224917568938957,5.352791910063387,4.424653209406258,4.3893350389125345,2.7182789438947794,4.959473636780581,5.285137811673674,3.763752639103603,4.531905749484458,4.173099639076556,7.865774866780516,2.5264782122822074,3.147503405668014,3.7833435037466807,4.162581904326511,4.14425022402159,1.5736023711947273,2.5568318679876816,3.473930583633505,5.0120542781171995,3.51305955446576,4.882364259141921,4.087402816592398,4.822877579057261,3.6285466029372606,6.844250464963282,5.983959208501484,4.213824243418807,2.988424917611747,2.6255472746251005,2.638950292492025,3.987358889547872,4.687527626054361,3.7043938650017756,3.096239470045157,5.04923624178296,3.647973024961403,4.264697333845266,3.3764267991095336,3.5281481586608634,4.165996900375627,5.516929110885095,4.453730498920433,4.405975830004032,3.4478444816100042,5.982813310788158,5.003911602120325,3.6867567461618544,2.5592163984714205,0.0,4.656961687633048,3.623790405420644,4.9766146835852405,6.421921933592831,4.78393954097269,4.687560393670975,4.5508749913387705,3.7812823404941316,6.433180660416752,2.6765177659267696,5.023955367278196,4.480564922147378,5.063132516252247,8.094696372519103,7.629084144605767,12.498954660541138
PedNYC28_scenario15,5.408315985678911,3.397099187533177,4.5330028556799125,3.0434926080325364,3.202754379965051,2.7613662595036175,7.423430969868751,5.624214911291962,3.8282058525466782,5.48349207778716,3.4815702518870983,5.8006512608513106,6.171953633860643,6.100539905915971,5.937365923343397,3.5563889610389348,6.242486015658534,5.173333984133128,4.506204825996567,6.705049524187875,4.594652321929667,3.11036307439611,4.1867276395949835,3.389565836320663,6.112447896665081,6.96661332050375,4.019703423742089,3.3063851604733285,2.643990919436348,2.313461816602474,6.1750486702332115,9.20388665626624,10.164189080572996,5.022052795240731,7.278047319644775,2.797336109571624,4.702047097580431,3.7867676912922335,5.803944505931955,4.685433181441025,4.700554890027108,4.773272904121965,3.0353299462701684,4.494678121393109,6.8547755682926095,4.951854281679302,5.1217939704688575,6.624280478661614,6.956175110610658,5.679954888703084,6.739235714889054,6.220718819153436,6.236746687944634,5.780285536237894,5.025958373775167,5.520602905738872,3.8484324147773363,5.803601425324924,4.362356101930212,3.364408068924135,3.0133232215125654,3.786787762180343,4.385735518226379,5.110941394109591,5.8530626343071654,5.56211335287392,5.4230927339285735,3.541476369671832,3.277635558130219,3.79565670725051,4.262606737005509,4.295612002862948,2.6960125877184016,4.797589713101932,4.758717904214758,4.216807474100902,6.077130540825083,2.9903373404862417,7.677752322952759,4.264574916633374,4.506486918478616,2.754949390659472,8.77926700670862,2.4519473572536743,4.259575416227439,3.316514239939997,6.5612612013046,10.582365480214955,6.224088650205475,8.434395257727763,5.1838369584547,6.347149971580825,6.708680073684239,3.2090986143353484,6.6752121753331615,7.020517439748593,5.944285120891445,6.515894835866546,5.318242814768933,10.48684499542648,3.2398590241419307,2.367753386114693,2.531477325886146,2.818419041013712,5.862358523143008,4.232641074093298,3.4697278062394354,3.3689227585881594,4.865024177281384,5.194803158065158,5.720076294640564,3.6159221229223193,3.292468624331674,3.195929804191798,8.629770928566911,7.309769030342435,3.2331941061700498,4.882775123058184,4.044360883886021,3.512222873694373,5.5387598557844235,4.631022866551776,4.5205230493864095,5.023564371166522,5.196828472729878,4.638513975334682,3.9625291752599607,4.542565747092603,4.23675422181919,5.953464172520826,7.046213448120616,6.611930948312402,5.073979520024073,6.866744870839184,7.455951793451842,2.992950330249245,2.047335036993532,3.3869195519737247,4.656961687633048,0.0,1.6072550850634293,1.431549024325443,8.236023412073397,6.902646231858709,7.472840800458277,6.341338488972543,4.514222646002876,7.038151379779134,5.222743821577871,3.831017035541824,6.731183390980347,5.269282446990518,8.731341096176111,8.160942580488495,12.590418150052669
PedNYC28_scenario16,4.396455199285661,2.9483868837147513,3.5121389967935057,2.9133046313261506,3.1405378294833066,2.515057052008718,6.5464121096830095,4.82255665564553,2.9381054668789273,4.8411606106174405,2.381827116594425,4.834302789447923,5.3931931456295,5.174419235513928,5.131201873390386,2.526639910404971,5.556558744364497,4.542850058479526,3.768507797441567,5.849757043097593,3.526779078972672,2.636708428217897,3.117184444525161,3.1488791414457995,5.4379622694313205,5.905809148801345,2.8649895425621663,2.8913526606220943,1.795374645853877,1.6287990907753294,4.996925187836663,8.509396341920823,10.165355083475607,3.9932642317332454,6.722398431913648,2.3834958163303055,3.785864509392405,2.9534260902905802,4.911455646979213,3.8312521281962324,3.860589618244612,3.919657940620695,2.6854286927728714,3.837760873156653,6.048738786239261,3.9246194284365807,4.449062276942393,5.839255592155575,6.264153772718279,4.772819354807603,5.8006069136162095,5.3020934434116045,5.2290571954940575,4.912559008272097,4.425221366634084,4.6786212735210775,3.083557430676103,4.846270750502483,3.46862886465881,2.2498105336600673,2.418961442993315,2.739058189730285,3.5365088129179294,4.119530453006126,5.005162994598935,4.595605182964959,4.660485167356509,2.456960910129195,2.596704692578813,2.7260961676057627,3.2584401272968275,3.278459523415926,2.3664892304747496,4.09617730022087,4.055464595504659,3.4120355274039422,5.553404479804311,2.6192848318089372,6.806888229258581,4.065542360677518,3.7244594504439497,2.7012753200257316,8.312777384693605,1.516098093843144,4.069244938128574,3.0744893039035412,5.860107482329972,9.789432003695076,5.767708170035671,7.5819363107362525,5.134615927427152,5.354078311825405,5.661746721674366,2.2508591890385143,5.765801926234185,6.127679941375257,5.058458003711257,5.556836259006762,4.305107676852115,9.667010078138329,2.3389873756623323,1.7570585461232802,1.7331697941993542,2.3606762609159078,5.164879490421273,3.4379624763804815,2.9185001959435213,2.5415451403374845,4.863130392524272,4.19803547069639,5.049954735797867,2.9887929058376437,3.234405064519955,2.304191261754783,7.8917679038061594,6.628649492528341,3.1935953158464785,4.224207461226178,3.5292905687596865,2.7182575829253066,4.696447565512948,4.459295396767521,3.970960636078557,4.298762441733584,5.0691622187979295,3.8683091456912533,3.8500105877591895,3.813617242228527,3.848894039092341,5.349950841232347,6.2286793455134415,5.732582559090506,4.613566074298743,5.929857264415652,6.715241788931466,3.361309412917753,1.2016878869855638,2.144768123846905,3.623790405420644,1.6072550850634293,0.0,1.7913984864815924,7.379556147217659,6.0271036792766415,6.608870608135172,5.570568734032765,3.8297735507726243,6.785867117933549,4.512118702332404,4.063592208761176,6.068911600950909,5.223625627222832,8.498313484433954,8.081601068873665,12.766545154380369
PedNYC28_scenario21,5.543740387129579,3.909592337395508,5.073320433643622,3.3767920247464907,3.3794451567424635,2.337232892104896,7.516561661100836,5.703066456697738,3.968332444187565,5.6981106345891135,3.6439086059391816,5.819082890031738,6.308315114909846,6.493234425849181,6.438108108892959,3.8285840086514313,6.60154166507878,5.327896531018041,4.5690428613093665,6.556723202739094,5.067315364606243,3.038432425162829,4.190292142292802,3.127844842414339,5.866373492556423,6.925909569550131,4.007570403951699,3.2968685385969634,2.7929137985374957,1.6598379574921047,6.0604880123764655,8.717436119115956,9.732078225647326,4.903734150246827,6.634308794051569,2.9150375223557417,4.762044728766673,4.272724818723926,5.895003184220482,5.228913757671448,4.742936440196471,4.894624698387225,2.9407007522085387,4.699076261974746,7.113339156257117,5.369584881433595,5.455550121100666,6.9563594619132605,7.0803946614240205,6.121316181594156,7.180904479818944,6.302078421953692,6.847376772619024,5.969475552398352,5.076854268894848,5.638690368447703,3.566537577892542,5.674638020431903,4.018959493957974,3.5155355093203062,2.7614262215973278,3.891165745852761,4.435863831666688,4.959932410314877,6.3992205962534205,6.021837198886204,5.521076808950126,3.7347394223813644,3.343370506393665,3.857531065319293,4.577397995822617,4.109703813626602,2.2876915320434863,4.864221096267191,4.906432746891596,4.2486302741505755,6.40065171313799,3.405674163490022,7.837995112532677,4.351089657749779,4.761455502829014,3.225094608339585,8.18803117008575,2.436452278414479,4.932736956990891,3.3785387863053313,6.61323148568173,10.932797259563412,6.682572789188547,8.642862750507025,5.7592652073239945,6.659413686885261,7.0185210995736105,3.1347747208108316,6.664171268274502,7.178196796408933,6.033539421488243,6.277680751196417,5.277510646653501,10.456604531413767,3.7254500433003743,2.7194024129796213,2.573486183579829,2.873168286502897,6.055445258534863,4.638709237808975,3.8903772183934233,3.2079017701204116,5.438363016070736,5.433264855009097,5.8062583231713445,3.3397737065868256,3.0269469300641103,3.2718908732328185,8.7468168451532,7.602445691055049,2.9473690313844463,5.306064170411182,4.309153436351993,3.6960098430569515,6.061503855743867,4.782771692834838,4.406214642982991,5.115636420273451,5.537365809401849,5.120067168632028,4.422843842918465,4.692222969292665,4.428965630806738,5.987100606542057,7.206605273260978,6.826585921109626,5.459861780990616,7.083172492675504,7.742236551429749,2.56069039673861,1.8638987297866019,3.507799751438449,4.9766146835852405,1.431549024325443,1.7913984864815924,0.0,8.244864940799413,7.060921308068196,7.685343341183549,6.357620279867741,4.332070956537094,7.309881931257316,5.69137348429484,4.116886671801888,6.969596894064649,5.78988853757269,9.044695282145446,8.443677924092647,12.949036766160239
PedNYC29_scenario3,6.185164351332891,6.367583511322984,6.9875631718808835,6.3197666924583284,7.032548509805651,6.874687587483123,4.4451780036772455,3.908990360631911,5.638057384961158,4.103265017750964,5.94857290670221,4.200749016403645,4.060180470701291,3.769938149319996,5.676510483446764,5.363695608619498,5.73726570806922,4.970701520367762,5.640647755355281,4.30133615760735,6.68759234282695,5.8475287794306166,5.861607518449401,5.997510195910039,3.7774103941268984,5.532619490723451,8.047161595273112,6.060990019567233,7.223589321706328,7.325040013654497,5.832214295224932,10.35742396910816,12.622656915553486,5.584910283884953,10.018927117519203,5.940935158575922,4.3013543533391845,5.363205942488719,3.469259290111096,5.6200523321358595,4.471953018094371,4.816955661294016,7.015279750941456,4.5860875386783055,3.646842091891519,5.06380006975963,4.315274388965751,3.839181971760613,3.634036486757896,5.169283881949625,4.956045390989082,4.253130267501064,6.048793332723771,4.673745176907919,5.505527366138105,3.71066073939865,8.408599189578863,4.395565539762678,6.06246305103558,7.006220605442975,6.94327169677102,6.23240662933559,5.256022251542813,5.088492931462114,4.717865205489604,5.504879082778415,3.925513533962613,6.3654494443784415,5.971932249479309,5.192351656754845,4.875836574265415,8.081514747055357,6.566547688391613,5.505469344157929,4.624299521054289,5.873635958446959,4.459068967752125,5.852257151754038,2.5434071399591693,6.613436578552326,5.8110233243459675,6.6559823737484285,11.093947616941717,7.090732266087985,6.5066079088468625,5.7784526285129205,3.8730100693727016,6.363104770623971,4.911292800420664,3.1659574987023107,6.410661953880533,4.987671491026273,4.233632836145624,6.291479640988011,2.9795840815096386,3.839175777079922,6.014245158509099,3.9178571879613058,5.688925287374544,5.370337772955342,6.77153458715095,7.360863518830513,7.897665886041911,6.081610528651468,3.723690235147007,5.667271630111202,6.165165330498772,6.103488433236125,7.078414687073071,5.375521703575027,4.0730656532571,6.945160064011394,6.5040352737548375,5.947663773766688,2.6676654442333922,4.953224437360496,6.887400934716597,6.049665971392022,6.521423108623323,6.038683073292844,5.036009667065327,5.329038573029775,6.086186012772102,6.172454154632683,6.393143210217065,5.063903556059133,6.417322125182823,5.7368845556821695,5.976740720912321,4.0375994664964825,2.903624758025955,3.096643786656196,4.738935002774905,4.849645021829977,4.420616954644281,8.171154421328104,6.777054299055838,7.122286673645977,6.421921933592831,8.236023412073397,7.379556147217659,8.244864940799413,0.0,2.9519972695504455,2.731041761217847,2.8948981017002677,4.677548543597833,9.036749083240831,5.185161863957782,6.2572998478698745,4.017260825998061,5.9192343222400705,8.795257065129826,8.739687021332509,13.269269474049075
PedNYC29_scenario7,5.330986508457166,4.649796075399201,5.2956011414915505,5.007980487924871,5.770092677106168,6.219080694098726,3.89006145841942,4.318395627074518,5.044189703480421,3.2149346083669177,4.85587488456699,3.961054957047685,3.495889837662647,2.5685665990219064,4.489877447362621,4.111559931107233,4.833274704764972,4.278319820708009,4.474834004710299,3.1744594380419535,4.949823027165129,4.50503053685378,4.805076722116483,5.38376951864929,4.237761661124008,5.663543934333063,6.464150763538328,5.2170880357334815,5.7380293721616775,6.364080378599993,5.219194075612444,9.54094241766048,11.922586478296305,4.427104955906331,8.824607718897338,5.049227622805058,3.4862488848456312,4.076767823282301,2.484794731535992,3.7087781728016824,3.080967787015904,2.865677555771259,5.696925717766007,3.4176554830027475,2.058534306036774,3.7140397679539823,2.9344126700030273,3.5045312054753692,4.46833226199048,3.7419426719311133,3.2268472517725932,3.583862941629257,4.505906551410491,3.764529054972174,5.559568800580532,3.353505562625869,7.411276122621556,3.962963387401335,5.042142532550409,5.14957872798238,5.585538184428122,4.714253826268189,4.541412149400095,4.387768349827383,3.329922022988376,4.031588914128728,2.8389256770993097,5.288771730987371,5.342720939037884,3.986472070584527,3.2119382202893467,7.292439802490421,5.544477505699562,4.389914276232812,3.576250220807034,5.244845504668846,4.964461003339298,5.235454732660092,3.2231843068140362,6.511996119254459,4.922476950400332,5.7878083356106735,10.143434746627081,5.749794405141718,6.032933327007263,4.814831030088335,3.799995277544002,6.856523976453577,4.991930764715505,3.5674551779153316,6.440239335820991,3.9465474706697568,3.1025103359158375,5.252244380272394,3.3839646700205526,3.3264519479206567,5.139016599702686,3.0519221065757622,5.481775589097117,6.36582714772916,5.192532049267172,6.066398380022465,6.530039761332555,5.5407451864787785,3.5216142050713786,4.016966684528733,4.656353942975048,5.297489144238877,6.924934519472839,4.364892303082898,4.328844524293688,6.112337583819795,5.903371380883843,5.187427878394318,3.85904232494346,4.477957410259664,5.754442344152865,5.295582187454099,5.663185445220251,4.970729470631212,4.120073521450003,4.775874636178542,5.385615422766682,5.3099992955775015,6.15109366032842,4.078234532358114,5.868350845276026,5.3800199208978094,5.47361633301548,3.470575118637206,3.3163019992936262,3.636094012434634,4.829688889069308,4.4856778704818545,5.182074273229307,6.933267155955727,5.783812459823714,5.563405126225622,4.78393954097269,6.902646231858709,6.0271036792766415,7.060921308068196,2.9519972695504455,0.0,1.9366663483941187,2.243412717309232,4.123083658581671,8.608714324726188,4.235864857788586,5.671296488402173,3.896994270433086,6.036641569488078,8.68323232711086,8.504528828039863,13.284281105395248
PedNYC29_scenario12,5.120061268667043,5.081265160476576,5.2835744720347915,5.2099434293628875,5.8131229815170515,6.631557325621299,3.1901678278021803,4.132863293553548,5.045201068090159,2.921868719947555,5.0614703299052985,3.9237172212522045,3.215889209417901,3.126329040892843,4.0523081811712505,4.5441420680448,4.263501547160863,3.853349863182716,4.521304819372656,3.640774361606292,5.27887161278782,5.3233380304637,5.1303594233151575,5.8852217530507716,4.712695158765857,5.881154559442261,6.859285968477605,5.54640709847916,6.224230894906097,6.900565726153879,5.676022446940123,9.51499921403119,12.185306897110827,4.786961962791539,9.095122642583885,5.410101676133877,3.7870800211803552,4.3397495315812895,2.7037946570636247,4.2855713341754464,4.241776647522836,3.331890251464695,6.028637002197337,3.3958919874437608,2.6367797091039544,3.811076257728923,2.7765118414429835,2.542270482161945,4.391956179746146,4.418155577311678,3.0245782718485654,4.110047769338754,4.41147203015395,4.0960241683979275,5.6658743594516165,3.7470606683114474,7.755567966451479,4.476459633313893,5.9365533793520475,6.063832690906244,6.064991072241295,4.995213570883866,4.446014318632395,4.85882079360516,3.3635033287494305,4.257958855031584,2.6990555947843466,5.471645304080505,5.450166930167423,4.367566828644517,3.949923449316093,7.368277075851612,6.03918814469609,4.247617044495344,3.4571184114690037,5.850070237661217,4.39057483353111,5.500435203573504,3.163003626701275,6.621430170159119,4.966458597384814,5.815857924756153,10.330942824686248,6.068482731847086,5.986362375166659,5.029285879316436,3.858436475087589,5.94561745377551,4.629634452841508,2.939850168499219,6.021602449383754,4.361609255127417,3.303233810348175,5.333138551709355,2.967857820064257,3.3673763032806785,4.894009622960409,3.0931568756631105,5.301426720890153,4.832822538974388,5.561115667050721,6.4179816279630515,6.982103221718342,5.889556072018173,3.0315607880864675,4.063533530657735,4.748952688276987,5.3979586443170025,6.495815518493988,4.299606312782199,4.0326430963769395,6.239212375730015,6.244290100885644,5.43469066534601,3.3413625105038647,4.3359537087725855,6.1105941714212735,4.798137807972556,5.4108106634718585,5.150755828697292,4.202638287738194,4.838475100772209,5.313796891758345,5.231595538944899,5.625560269490472,4.09519781936965,5.666521742391987,4.958660401476609,5.056849198393076,2.955746758989617,3.054211216814346,2.952228682122985,4.371551457359435,3.2109168604954856,4.472029600102367,7.430053334055247,6.2034370902180465,6.053463453838837,4.687560393670975,7.472840800458277,6.608870608135172,7.685343341183549,2.731041761217847,1.9366663483941187,0.0,2.4869107215074644,4.356909741992031,8.164109913013887,3.5956162458521446,5.717858124733957,2.5126860001664615,5.490593518816855,8.400765972711353,8.2662640166207,12.967523675412233
PedNYC29_scenario15,4.397990020221238,4.567777937108183,5.313225637987564,4.3626104808307025,5.235505914334691,5.522272630358605,3.8397564680399956,3.1353208646765847,4.40398034376161,2.5984717101582375,4.6796117436503915,3.356875391281294,2.7738053526626616,3.083937263490637,5.029362913975387,3.807370099045777,5.1833425138001505,3.0630898417331873,3.4160867181747907,2.981948122173652,5.4736805487090745,4.333364349076987,4.82583061133001,4.849596897140513,3.6161620273699917,5.113857443745331,6.372509177221004,4.83089224546139,5.662395590216371,5.583960252064521,4.510123774290087,9.75685016432291,11.57873144826862,3.4024204591177427,8.890464498831955,4.362774401001122,2.7862855293836146,3.9484366993870075,2.596067642764413,4.223706957986603,3.412786183744652,3.0860716859747925,4.933505094340713,3.147996157781816,2.5229304012519953,3.9686248044515353,2.7044546971972405,3.8757457820197994,4.67598556218934,4.555665307375291,4.073199243286138,3.7403357393901673,5.2600285899167,3.19211933790875,5.061801310704088,3.54582505879196,6.973620724278388,3.439720688650333,4.508293041502984,5.441570445067783,4.715430439966411,4.208859028378645,3.535246890143389,3.640928721736115,3.956564332683663,4.597944844362606,2.1206949727685265,5.116401846986064,4.508865010980607,3.3087925521605834,3.552527594857417,6.626578084869537,4.765792037864453,4.026075633571281,3.04324736652741,4.673926844829851,4.694047457928308,4.630992614115659,3.71041631927976,5.5908836418968235,4.963623771190856,5.051641316382577,10.164845931938636,5.297331535857971,5.4188317098571535,4.140092388463247,3.338175042131605,6.815257774675236,4.587072822302767,4.01731464618634,5.559744576312751,3.925960191724594,4.019105623395812,4.410680018830613,3.123947839624813,4.304486817112442,5.446093403964766,2.613731953416946,5.146694824578963,6.018645502530416,5.082383291608906,5.306108279707756,6.309103194074013,4.649540915982943,3.1205649199005516,3.6263218964656017,4.325486354636262,4.49068682246728,5.988858864437567,4.414283774967125,3.826233341247663,5.6077852067794955,5.036684827941578,4.381463529781803,4.169434291062432,5.641226843999233,4.845367359444949,4.4073550005762385,4.476006313087655,4.086101130189468,4.8005432520758315,4.288179295033427,4.715353204783073,4.07066844470628,5.334829791246493,4.23319167121062,5.273361840039179,4.6110454706900885,4.475025205742604,2.5524495266655736,3.5517928890457164,3.475603399649761,4.210771241121717,3.966752217161836,4.657920498805363,5.9975090671425795,5.036363347432109,5.041470812404347,4.5508749913387705,6.341338488972543,5.570568734032765,6.357620279867741,2.8948981017002677,2.243412717309232,2.4869107215074644,0.0,2.8881627244171524,7.698282321250632,3.6495377462831717,4.963855303239751,3.508365517309869,5.010084177221521,7.988827942338383,7.76339992630976,12.50253494425174
PedNYC29_scenario21,4.039067067659764,3.736737923521986,4.491250539408055,2.9728930674577136,3.6455331096452883,3.333317374922546,5.137489407869373,2.5162632477249876,2.4646192587010036,3.028567961672833,3.4562338674009982,3.4289179090977635,3.4566422621769193,4.022501254053419,4.722750620564602,2.8213534146152393,4.479617294832717,2.282541650073921,2.754264124669859,3.8864645176602104,4.727793958248424,2.9023573082058385,3.3157072406059562,2.753526383045911,3.480620876915402,4.94261557935739,4.751908958113024,3.0939115886957285,3.9845191881025723,3.591271723801305,4.104657758214869,8.241703109993196,9.562671483916786,2.4261178195831916,7.054718024336158,2.2435167542715444,2.308982706539637,2.8871989389151826,2.6241969416249695,3.7958683794496566,3.0461126949099624,2.996055081605042,3.000243916989993,2.8729475304282794,4.522819152775245,3.5984829572951327,3.1889184245601774,4.636216281446007,4.864179426192083,4.494282924157487,4.790694558040795,4.234492934229574,5.415699932473774,3.948602646913307,3.534045042122828,3.582917838035833,4.95664114520161,3.3060082176866694,3.3317390522961694,4.2572563781816175,2.666883387381096,3.094277816031861,1.9340221949102971,2.9962375510761565,4.39281618748709,4.44530368596467,2.607497688822419,3.506752292156671,2.9262015597897064,2.212490886558168,3.1716010768460654,4.944327343081093,2.591126593688787,2.7765269381017457,2.4100237681287564,3.7799083331616425,4.22164148488935,2.9451996402785783,4.9874794169068215,3.186097270687143,3.294205862132072,3.322471803042571,8.291381891193028,3.4399535135450003,4.911631334195089,2.9229716296558452,4.402146952422729,8.57072826165847,5.246123381598558,5.904758777754798,4.8027107426431925,4.826630711567831,4.8902182527609845,2.7391728887113125,3.4167911473383494,4.617998525164722,4.137491681188519,3.2289424595751304,3.718868894668622,7.250356017727979,4.175893010284878,3.5853570049117662,4.45953640480466,2.8290238103886445,2.7804348535414825,2.8681975008882343,3.0918021234589443,2.6562376979016595,4.378958582601153,3.9658107504219666,3.1950352963300137,3.4684311742414424,2.6936102823932173,2.8868903650495534,5.805930826259468,5.876849354974702,2.726278150660675,3.771536605222949,3.006857892299458,2.3742763518851584,4.607534774093302,2.6840034123668053,2.5951459602207207,2.7680366491074824,4.379770214856632,3.7781821679435024,3.4293017718886247,2.9917347729778117,2.671057657020817,2.5173360163587706,4.361308559033864,3.6619041986713023,3.309038316826963,4.090260695244542,5.269283436105977,3.9683875767644805,3.0694514749817245,3.743067226298083,3.7812823404941316,4.514222646002876,3.8297735507726243,4.332070956537094,4.677548543597833,4.123083658581671,4.356909741992031,2.8881627244171524,0.0,6.503859411094274,3.568404895191672,3.424767199627569,4.261299878448535,3.915788789647946,7.392794180941323,6.5848504952571485,11.523744484684256
PedNYC30_scenario3,7.069867704514498,6.023081689792233,6.295668051500312,6.070627030931931,6.386750636929547,6.617382524259452,7.127278691186363,6.900407493114012,5.947476746814885,7.000769910789722,6.674568291858456,6.8211142089828884,6.330458749278209,7.516320595899729,6.847816445839177,6.625141094085474,6.523522901627929,5.930602208084377,6.280532937759572,7.770587733607558,7.338465930527956,7.379329901265056,7.387265041774746,7.032106397816903,8.283194334049202,8.580837699321332,7.286397006797464,6.508375176086322,6.857987108194882,6.604538471214101,6.998770404242585,9.839635211133741,10.505497790140948,6.893413199903724,9.358662883176127,6.487596965881523,6.6386181043316626,6.2345199598650005,7.14359474126993,6.846372209707367,7.8070238242308845,7.029805415464008,5.368499370764002,6.465801708155939,8.059107556739713,7.215465206841087,6.835667068179102,7.454981965712455,8.038293863403798,7.199563942637225,7.210578181173218,7.954871601593306,7.902777066937331,7.509671040865813,6.054662178775432,7.616478459949964,7.700674142050397,6.737619061878385,7.326092191687409,7.628262764541231,6.35847283150432,6.969315271306725,5.674622436030533,6.837620961268139,7.0278154137859286,6.484266486817074,6.422546210115942,6.6612498012263,5.420027879258233,6.728716388415699,7.393121169581223,6.944924894027879,6.478207372732572,6.092303225277339,6.362394064456007,7.240254417384531,6.380644808947123,6.219503343206303,8.965322842490556,6.014149543824659,6.558153454917366,5.663859737617602,9.716362507169881,6.394764069378971,6.416305843898941,6.6944682891713985,7.173225269491906,8.475686588812858,7.776740960126512,8.895479373330481,5.331803211082611,7.778364293835295,7.807651554741008,6.1137068290541645,7.688910873250906,8.505712484026647,7.271300148372769,7.856522441078637,6.960421141923523,9.282079067782355,6.861009956479349,5.526393014290571,7.318531707352419,6.74304366727933,6.392732953988621,6.346114746030177,5.819294330998444,5.857647879439991,4.704318863300072,6.294062817871316,6.684514572761779,6.361470525630626,6.252680870706616,5.644023370391757,9.2665044210685,8.949766998722051,6.146035099246688,4.4450388690346685,5.402399002448642,6.303555085127878,7.483069851812306,6.7189943963765675,6.53353425224786,6.319279639848389,4.249799106112171,5.99950973919768,5.823382061260608,5.274908017956658,5.070752910602827,6.791825448627614,7.331062133796812,7.162452319330281,6.377093027258448,6.5486817732202995,6.9632712059337765,6.74126630957785,6.393152042628554,6.5163576498597005,6.433180660416752,7.038151379779134,6.785867117933549,7.309881931257316,9.036749083240831,8.608714324726188,8.164109913013887,7.698282321250632,6.503859411094274,0.0,6.147272120253631,5.919993685117113,7.1538029617620085,5.453663998233268,3.7007833565109776,4.202100218932493,7.562087779101135
PedNYC30_scenario12,3.2975954943840997,3.70895049678611,3.011237666311982,3.695962158505029,4.186133314365005,5.091922523279341,4.197814680198452,3.467000553563649,3.2854110976873523,3.1090359103647462,3.445340884778261,3.761865087743386,3.9099015787894142,3.6931759300639775,2.890521093935263,3.0956058691833115,3.87805648333156,2.9388810431001686,2.813367900745455,4.9225955688457645,3.6528992798854003,4.530908044876395,4.11616100493831,4.917837993995218,5.395688702044508,5.407231824571506,4.86010529093536,4.281707751412764,4.44363491527635,5.1334546595819255,5.081482871238576,9.018103888137738,11.058080177686302,3.845596861871398,8.316171649967457,3.9355701499878917,3.1408630433341167,2.632547943904001,3.557734553079033,3.1224079840691914,4.500871188840166,3.177783235658556,4.341169208456181,2.7679807694711456,4.316109289535822,2.630603847315296,2.7606117284498883,3.233420745811904,5.180730209439011,4.226848636957152,3.2382248736743082,4.563346613068353,3.5538513910931915,3.9358126663366635,4.760335553791725,4.073255303749509,5.821600644783836,4.684845748946766,5.235166106495695,4.69711534065953,4.345907554392813,3.479202865401922,3.1855578875483515,4.306710806239132,3.0528576342609073,3.3573277223229954,3.0756962634082585,3.831322120104452,3.734727596795421,2.93119477643656,3.125189560935725,4.967982984540241,4.7041783034933315,3.730243525454625,3.0241739317894396,4.663530800799438,3.927414565352934,3.845153792000268,5.226427941984327,4.944938888680547,3.942584192333016,3.7360091388181034,9.451574067232167,4.103924826903929,4.083289050173572,3.8778629150404638,4.805288718403982,6.937513367824601,4.348714574970684,5.223459295408423,4.221895236700313,4.209770197101859,3.833261268096186,3.4069177355349805,3.9043412768566377,4.600371961673964,4.2752373939452735,4.442595756687176,4.288370341080289,6.35888265011793,3.5758903093997345,4.137998502274666,4.958683978974904,4.210359122456814,3.1194717043243734,2.0387616726629707,2.6343207975065503,3.398750738710439,4.144396893869082,2.9035969275174045,3.9170823909498202,4.655849847513388,4.897770636233528,3.723799218322697,5.7985326486389885,5.268183084636822,4.7231931236493345,2.5377960410713873,2.9836541159472856,3.233595752658591,3.591606329877478,4.433925640926766,4.342736911606868,3.5107270360471463,3.893580762649994,2.9362411206889356,3.712587490493671,3.1749979918154785,2.969741937679433,3.4546631561606818,4.449222475426261,3.4605543544411206,3.145722646524629,2.6089383702225355,4.462769131970561,5.520711220903222,4.25084436779676,3.9616969813530205,2.6765177659267696,5.222743821577871,4.512118702332404,5.69137348429484,5.185161863957782,4.235864857788586,3.5956162458521446,3.6495377462831717,3.568404895191672,6.147272120253631,0.0,4.411946394222707,2.918819184115543,3.7827164481471596,7.615343860079382,7.329175523044918,12.072326428908937
PedNYC30_scenario15,5.953705593368023,3.1319623211842296,5.296380920619435,2.1744099020070706,2.643542634175422,2.864637815995203,5.841000891670805,4.507781053681772,3.3763274598783273,3.876005740292058,3.7601321396849774,4.916482449882318,4.477585258274,5.342495031683744,5.063745591681632,3.857793388358777,4.466100830173249,3.8899114086692306,4.363723526978613,5.5550607738670985,5.401573559234932,3.082328294004725,4.3267304064467655,2.4679220615814597,4.791898984697474,7.149770637361058,5.863951109011297,2.539894887282017,3.90391049645084,3.942235414170861,6.466099319092478,8.7371071773111,9.721407418338826,5.313956056794521,7.386806705988641,2.526867431237628,4.0854423447686115,3.501493005956643,4.34558905442949,4.728048024256346,4.245067024452485,3.9673683346602795,3.025731624393221,2.941686718600224,5.762133203654812,4.804067453982697,3.72951667501403,4.77628698991877,4.997298931212289,5.23549076406914,5.874180762050139,5.56106027659266,6.239703536394,5.501025234571163,3.6890781755346076,4.389625023244208,5.59601395433744,4.966397661943374,5.0267888957989255,5.0469160870352425,3.896139169908409,4.624880903625881,3.6398059236613234,4.9744510281366185,5.059357345113722,5.128914011855659,3.7623311588238293,3.9652644458281214,2.7760192343146413,4.03176716937109,4.302829049624108,5.945128689177812,2.7354815205872614,3.273088837789365,3.1357905916743554,4.766317315721781,3.573880717173506,2.488149457749058,6.022053129555944,3.495960126485273,3.671964827085423,2.135116049015166,8.606256187337088,3.6583013718565547,3.9645948180023565,2.2547031000985065,4.767851839769968,8.75926420959439,4.888002977483803,6.655285024097605,3.4806146549817223,6.295297688945249,5.924462443857422,3.642134540112055,4.959131203883942,5.539979956685047,4.910264494260437,5.2780384047834605,4.708591449624407,8.178153358024877,4.520494349971473,3.839652826816586,4.621071953448651,3.1433156962554394,3.7560957251612206,4.154375627399162,3.042614151155065,3.3527036133323254,3.4541323146366714,4.638082583643652,3.78053611325582,3.423724260544125,2.2679477842647593,3.2475147442421344,6.385569171920893,5.570822835235705,2.7227673984726617,4.001134011199869,3.904964472052814,3.977642172248559,4.846598395111413,2.1167301796391844,3.293498061684691,5.085503146601281,2.669934736189093,3.473508235224494,2.4410313813150313,3.2739273792861003,2.689522418565381,3.8854517159301363,4.924713415643401,4.6758689860398075,3.1496160937867437,5.514700507546521,5.773378825868465,3.800332820475793,3.367665600343765,5.176623217126977,5.023955367278196,3.831017035541824,4.063592208761176,4.116886671801888,6.2572998478698745,5.671296488402173,5.717858124733957,4.963855303239751,3.424767199627569,5.919993685117113,4.411946394222707,0.0,4.557146164942517,3.0711428647672325,6.840613370827544,6.113999298401822,10.692261820995313
PedNYC30_scenario16,4.8793209370817445,4.654767720607458,5.03586262722337,4.381655997240988,4.647510971414868,5.756988916287068,3.0348288874906553,4.016684206641214,4.36150707675787,2.5807237404621692,4.30544398929552,3.8361261974144893,3.301530006280918,4.164373412476184,3.7612974006955695,4.330828670238934,3.6905905681599203,3.4069388268228944,4.1777723611668405,4.411801530836578,5.270867229002491,5.105222725028336,4.828800036886834,5.289481092029433,4.831855294331372,6.284121816950673,6.622143027822057,4.741159135539408,5.6283764037841015,6.238001931551177,6.187678718521679,9.210588593412485,11.993509249434332,5.233158031283178,8.656361594830948,4.808792411086335,3.8278436814622485,4.0717573323071035,3.4193795811829975,4.74273666083409,4.8464332978461435,3.5740155687756667,5.410932175113504,2.7119098871479768,4.000967321134767,3.9999773918982355,2.6032533952678354,1.7091857157759762,4.200879398247097,5.029673276207478,3.916347882934287,4.612588547614426,4.732357261891896,4.47270576839663,5.0291690983781985,3.8598879035910105,7.076791293929358,4.8302424614199335,6.142554046804902,6.1887751091132195,5.7417264060512965,4.785249360585679,3.9490265332909162,5.005291201463157,3.7712366979611422,4.50742266756894,2.6773333759873132,4.809865547860521,4.457446429822064,4.240801408283527,4.2798014263923,6.594958772305551,5.425359760928323,3.646513655502367,2.9509130547247944,5.656933237787401,3.2323379686474456,4.717147341188879,4.092179251462446,5.9391149530779375,4.532509709164628,4.6083278940729295,9.985347358591227,5.318825469381628,4.873943620264744,4.096996552442936,3.830990921491293,5.906593599470476,3.8022412961011725,3.66243271198246,4.657794595447735,5.044037300127417,4.104971920576287,4.494126178767869,3.0749366496146995,3.9930080967093247,4.577716354652081,3.6934163803537694,4.588844198035406,4.381529760887898,5.176150436470991,5.818385829371915,6.317538985293119,5.167370381693308,2.768713094155075,3.9533514951049344,4.069811429391647,4.501180238153406,5.192290557505301,3.8755825949803158,3.361636779824652,5.23680489415797,5.484383042971235,4.673594973285787,3.898029879212543,4.2721559947474725,5.49003845406118,3.797195784008724,4.561876042519225,4.775387773127569,4.20971535693636,4.222751136573047,4.571252103786671,5.12720009745445,4.012336698340909,3.521352117399928,4.447683758656328,3.7270939710362883,3.76221686604217,2.7010558656666213,3.283548281560224,2.903124362895518,3.218640374889355,2.6213132805619583,3.874332233790436,6.798127363160095,5.471480579582883,5.940010292269388,4.480564922147378,6.731183390980347,6.068911600950909,6.969596894064649,4.017260825998061,3.896994270433086,2.5126860001664615,3.508365517309869,4.261299878448535,7.1538029617620085,2.918819184115543,4.557146164942517,0.0,4.220521020364488,8.03056304793243,7.918193625702703,12.553589097648626
PedNYC30_scenario21,5.077424339096796,4.6825477608384185,5.256332340909117,3.8572236683196968,4.220398588536142,4.579171329244246,5.886537294188392,3.402401202759854,3.287196065530734,3.846109160001505,4.540673566809168,4.427528226527278,4.2865574233027335,4.997071707054151,5.030266940708413,4.307399744148514,4.797462308674857,3.3317665793961098,4.299042586041726,5.9943018579947225,5.859417703185297,5.000078202615459,5.129835720029043,4.3249582166393115,5.059319778334959,6.117456698966221,6.5120732871164115,4.266850024119337,5.4058663307529375,5.279241694672262,5.983881375230193,9.511339846366889,10.666161437254912,5.327520660533286,8.861474583820828,3.558441181424105,4.090152850919627,3.868813932641865,4.582229699047993,4.969930881371741,5.339069669149514,5.162624164769037,4.671928562185109,3.8686396434990256,5.7113388532816645,4.673596828077736,4.083628654651056,4.618021123985996,5.112037094175983,5.484388081751388,5.59664601272123,5.447000555953734,5.99746445329439,4.9587110571057025,3.7895355916099116,4.7310157538342565,6.3169825027401725,5.191227082979495,5.742819948660647,6.239988414398874,5.1664744957382736,4.914895506077788,3.5712062163975893,4.979951861096111,4.87822097564305,5.120110365096593,4.153817781532831,4.562794018468285,3.488637865938639,4.271385347869692,4.933706822353626,5.85437031279881,4.560558358930091,4.182177347263652,3.7507316238646005,4.748838476734175,2.9549540126926748,3.076197374524393,5.599425739965949,3.4127678499428225,4.011790966394888,3.0528130990348763,9.769367089518088,4.860506118798626,3.421220691678334,3.7626093946613532,4.80935843469054,7.785645215685832,4.065452932787242,6.072304280149191,1.8770917240954694,5.61076927146193,5.741323455859994,4.269882627865758,4.840856398886654,5.9241345744132605,5.332279944024703,5.862159311534177,4.703508196760724,7.643413672772872,4.975362700775672,4.6052094621255595,5.754691027769014,3.6738087507437553,3.387557474955928,4.307177722979467,4.198349172751513,4.115589139674828,1.6985353419251659,4.8032171396085594,3.3670995087574482,4.771668444719579,4.110095761045148,3.872535688637046,6.013972383463697,6.185441167444676,4.58225771510691,3.1861462868336288,3.3932970878952236,3.8674298275434458,4.743082382664344,3.348075246412902,4.047867787104359,4.379186692270932,2.6286911852364367,3.980993150439155,2.7634565511115095,2.915235379926822,2.569948988162781,3.9739781969682397,4.715460602951596,3.8975740417231783,2.2479916775966533,4.549779964240792,4.2848476211129665,5.7436393751063894,4.4788437998398045,5.635846988397653,5.063132516252247,5.269282446990518,5.223625627222832,5.78988853757269,5.9192343222400705,6.036641569488078,5.490593518816855,5.010084177221521,3.915788789647946,5.453663998233268,3.7827164481471596,3.0711428647672325,4.220521020364488,0.0,6.447354963915569,5.966254016382603,10.195140068033066
PedNYC31_scenario3,8.882087036700508,6.978119142542127,8.052289970175316,7.247903123981786,8.047817477097265,8.121597061107638,7.8916554750525,7.72889273861692,7.408331351962186,7.7496005545050695,8.351821680999025,7.934146535142815,6.497784453950553,7.905527996706665,8.130075308435663,7.9657715094782375,7.521744504027877,6.973903938043909,7.991025752334425,8.313056328704834,8.869583429422649,8.354039727952637,8.807713770153535,8.0229339482319,8.74975031106051,9.777950796029232,9.34975254189028,7.853704268833407,8.606010405961651,8.288034043134624,8.115346555026774,11.162326621302027,11.228713204951783,7.976819226552219,10.985699348730238,7.679041893191819,7.718357773485153,7.525153682187206,7.63152346869564,7.902958578202432,8.237519483680124,7.8471497885152415,6.812803912367257,7.375032039354137,8.12745808932173,8.34753958827386,7.4516482104160975,8.137034529996454,8.184856423151063,7.888242427467404,8.043413007646857,8.815716252738587,9.025929942946917,8.468793379751586,7.126535755054164,8.257394979324134,9.904354054710367,7.38172615531039,8.468660161398603,9.012037752116003,7.865693086707051,8.559234813116195,6.960078696674217,8.06553372465401,7.838998967897316,7.679939690965248,7.0209131865569345,8.341196785455377,6.968490218833269,8.129978784348932,8.413517493788945,9.419042639233988,7.718734139407953,7.081226231659838,7.195991706692818,8.589127507416357,7.024454847822818,7.4052149713080135,8.727608906401512,7.251804873072067,7.6697002653474735,7.323095292097229,11.109436682548841,8.2780754797067,7.666247864173153,7.8317523716258926,7.259114266263678,8.176056794898313,8.299581203398116,8.880434490857585,6.385383940684577,8.683583250582526,8.576802098643478,7.976376904991566,8.42775289857997,9.017835341168935,8.577023764240797,8.441192491574942,8.549463272621061,9.940419535566738,8.428518829025405,7.254320905913056,9.335767299052065,8.088242342254143,7.099986975736294,7.787692652993018,7.36668730940574,7.801888955565086,6.399193248802699,7.958446669442424,7.5760016590068195,8.271525641432174,7.42480099724358,7.170493263287121,9.035551258017167,9.377534612728022,7.321526456079965,6.075568814639069,7.21503781035152,7.895273457547419,8.298227360291776,7.230348240701528,7.83109909293332,7.852352548980881,5.668153224565241,6.99856392395384,7.437780980933108,7.024842083519949,6.874933264055911,7.495129325794798,7.508352582217126,7.574656884174702,7.4883098790096465,7.878483987823374,7.767270498643689,8.274680002607875,8.08384335429867,8.301645887316349,8.094696372519103,8.731341096176111,8.498313484433954,9.044695282145446,8.795257065129826,8.68323232711086,8.400765972711353,7.988827942338383,7.392794180941323,3.7007833565109776,7.615343860079382,6.840613370827544,8.03056304793243,6.447354963915569,0.0,2.849944323055443,5.476804953873088
PedNYC31_scenario12,8.712140028959519,6.7521921825037445,7.7505322388000755,6.663457488943663,7.402913367750469,7.425959064800853,8.40956625905072,7.2956813258125175,6.840493742508941,7.576094245999859,8.048281164993544,7.9892734010521425,6.758329439099322,7.923910272529637,7.703197336758998,7.651926405268826,6.715115565545805,6.498769627446632,7.633922682153899,8.302089887154903,8.471932841748302,7.728505944555187,8.100667721228495,7.203463920190498,8.549254347827311,9.664215999193308,8.703981645963998,7.196733228672304,7.977894794947876,7.865736067823413,8.118979449941463,10.299915767889509,9.50026200058337,7.429455726222826,9.880671521671927,6.979416303689572,7.480882208985374,6.998539901221801,7.13818189567858,7.508918582525076,7.865798214899457,7.455601326486986,6.138156945581212,7.19980761204741,8.437298870034308,7.895250935452852,7.29281584835558,8.233596215901299,8.308785670503898,7.732122418412769,7.858958829218457,8.872369980389161,8.758475742509068,8.641494224108962,6.7399166355464395,8.164571937062574,9.107758678615456,7.450708799207952,8.181361629075145,8.569708927228723,6.995793087349785,8.132190211252608,6.524178428420977,7.9018054533845445,7.711916388451228,7.521357254308589,6.8844296933452425,7.796803412773965,6.788342840712741,7.736937735884992,8.017090721974732,9.090890568567954,7.038106939226371,6.449357685843947,6.809903560302655,8.522536160864405,6.887505340653719,6.956520737446542,8.882084755940802,6.146508685830408,6.8678865383644165,6.833806173426686,9.962953535570549,7.695055410350472,8.027430465842995,7.460409259959257,7.807593130484873,9.735547301588685,8.751441546944916,9.39854439381827,6.554604762016531,8.957895290996108,8.635741895892528,7.535097262456104,8.040247380347864,8.537971626919507,7.53201500701409,8.164265314691235,7.936164967126018,9.990784623719689,8.251324880523326,6.840400078038413,8.688651004570149,7.608473076034486,6.566373359237943,7.162206021675746,6.718648028558338,7.342722662737785,5.805895497264215,7.757977117161652,7.290198131943206,7.456371603054617,6.444415861284166,7.0315207011887955,9.242888823788894,9.090327029312839,6.436886691502569,6.211017094670302,6.64957110241989,7.296463232183741,8.075354185385772,6.268301529556604,6.734180584532297,7.123210132712515,5.681872110004775,6.9160660064572665,6.487955359755743,6.512800405109696,6.130952330241144,6.926670411937528,7.630274487951907,7.264130725761468,6.997554360839112,7.545416534390075,8.248840565562613,7.232094311252037,7.62666445029585,7.958257678768997,7.629084144605767,8.160942580488495,8.081601068873665,8.443677924092647,8.739687021332509,8.504528828039863,8.2662640166207,7.76339992630976,6.5848504952571485,4.202100218932493,7.329175523044918,6.113999298401822,7.918193625702703,5.966254016382603,2.849944323055443,0.0,5.194367148295188
PedNYC31_scenario15,13.3148331799443,11.497084314178789,12.473016986353462,11.42537567699699,12.053790287709045,12.125498842417032,12.817861501658257,11.996367681931417,11.67892747468771,12.237813332093218,12.922834197437481,12.592549551963582,11.27360675749523,12.566207405761778,12.480902627800578,12.512097019734252,11.5471569879224,11.192891218376054,12.329774400862378,12.846086660984861,13.33369517062781,12.600886236623882,13.094886873718018,11.995413124677757,13.093378342428615,14.095053038636374,13.497315107608422,12.038101522214435,12.83447593579017,12.497001040638644,12.553905978440385,14.38966867684997,12.519747719864212,12.233502406451631,14.335803566165538,11.770729556916866,12.274969964118002,11.91755986237652,12.052044833648054,12.279774360228473,12.735976316718292,12.450871525748996,10.91921236326787,12.044458185885569,12.89639090880507,12.83899184808012,12.095985354450768,12.885111236031623,12.72853309817002,12.383971647431293,12.551368700138218,13.42499125482028,13.520644074453989,13.114532504139799,11.261843324776105,12.90055543713524,13.787393151752841,12.019440757739186,12.792065216053242,13.40669096023467,11.84957987164024,12.940446378743125,11.316457789527076,12.534347818399944,12.422555328172443,12.2353658873281,11.687954155008974,12.676161253694959,11.483323127098357,12.61941838324659,12.977052321702152,13.639301092674293,11.792903279444262,11.348834015690727,11.670250300235882,13.028295568650162,11.379187832157337,11.626531547903978,13.373926636451193,10.69437858128329,11.759204342946349,11.41320440847495,13.935465366929474,12.516828560564468,12.18461256857804,12.173139808682512,12.161663314971833,13.020338587520948,12.985396277474004,13.698612503549871,10.551937079950418,13.409827772365768,13.353155884275802,12.360303331878496,12.843419328902305,13.384276817523318,12.517308915344438,12.98292712326269,12.77911643021198,14.079129647020446,12.968776445403893,11.466421554193584,13.433020989589453,12.280562590084926,11.380859758097143,12.083784785853036,11.65678769374659,12.150836009477194,9.93794530853931,12.570586995793194,11.897207286577286,12.278004047614273,11.207402427589788,11.733586662212032,13.57117288925759,13.769422594056275,11.156542835581268,10.719854166903087,11.296725195548063,12.050970374476849,12.835056491917246,11.022564636146422,11.633288033931438,11.745829245623801,9.965037507798563,11.713238865155107,11.149161278505895,11.287296014991288,10.886593649702263,11.678549831406572,12.165536630715655,12.042046121578295,11.648088941144787,12.232086501894152,12.317373019546839,11.787196700302113,12.35452508109641,12.687864833283003,12.498954660541138,12.590418150052669,12.766545154380369,12.949036766160239,13.269269474049075,13.284281105395248,12.967523675412233,12.50253494425174,11.523744484684256,7.562087779101135,12.072326428908937,10.692261820995313,12.553589097648626,10.195140068033066,5.476804953873088,5.194367148295188,0.0
