scenario_number,aligned_time,median_speed,q1_speed,q3_speed,contributing_recordings
3,-5.0,0.0671604888213554,0.04299057443417971,0.08168492117492107,19
3,-4.9,0.0639507637573696,0.02982642598999457,0.08964094837265404,19
3,-4.800000000000001,0.06276846872834649,0.02452607589328206,0.09406068406566037,19
3,-4.700000000000001,0.07045824536738761,0.02949307402235255,0.09892302189437226,19
3,-4.600000000000001,0.06429262887426529,0.024084300257184065,0.1116814747485538,19
3,-4.500000000000002,0.060592671197003956,0.028095469402598307,0.11782152085997898,19
3,-4.400000000000002,0.060284129085006674,0.03174322706531045,0.12164904283638842,19
3,-4.3000000000000025,0.059525565359637385,0.028030556494289486,0.11591531565602489,19
3,-4.200000000000003,0.06152592500115182,0.02461183461228858,0.11692963917116246,19
3,-4.100000000000003,0.061221421521188694,0.028775845013440472,0.11725756935712522,19
3,-4.0000000000000036,0.05541512164263669,0.02719664329061789,0.11418846182674564,19
3,-3.900000000000004,0.05326402140184484,0.026477916083247045,0.09908597751348813,19
3,-3.8000000000000043,0.052787974720251145,0.025947627582377376,0.08872479785657676,19
3,-3.7000000000000046,0.046706658462030634,0.02686458018556616,0.08039560293820791,19
3,-3.600000000000005,0.040201621345093565,0.0271738520971206,0.06981310283473766,19
3,-3.5000000000000053,0.03445734544166137,0.02664561069049122,0.06185876131652997,19
3,-3.4000000000000057,0.03848620417881437,0.02287179926784707,0.05340655100753812,19
3,-3.300000000000006,0.033536075141733276,0.01865156967780255,0.04958009448422428,19
3,-3.2000000000000064,0.032513842268331865,0.019459123140731442,0.044840416128295466,20
3,-3.1000000000000068,0.03472408751855312,0.016638468265354554,0.05408628295307051,20
3,-3.000000000000007,0.032981351405069484,0.015315036345624679,0.07110826946243833,20
3,-2.9000000000000075,0.03746873994662572,0.017671919353776197,0.08290975791975871,20
3,-2.800000000000008,0.05237834282992651,0.021853122338028982,0.09026934330514193,21
3,-2.700000000000008,0.05805073410387539,0.026931611042873217,0.09061399733327323,21
3,-2.6000000000000085,0.0751739555901627,0.030934958751800207,0.08904640856637654,21
3,-2.500000000000009,0.0682146275090668,0.0341443642107167,0.10322667290887164,21
3,-2.4000000000000092,0.06007659814715898,0.03208375425547917,0.12502968441608414,21
3,-2.3000000000000096,0.05147230371924093,0.03308949438988118,0.1083905775105787,21
3,-2.20000000000001,0.05034041281610814,0.03427990104222368,0.07790401114793043,21
3,-2.1000000000000103,0.05104095153398841,0.03773376604059929,0.0842568091869389,21
3,-2.0000000000000107,0.05575554441481833,0.03994982377945931,0.10072992314946867,21
3,-1.900000000000011,0.06258945828990395,0.031018198888133966,0.12138476727622888,21
3,-1.8000000000000114,0.07143926168514357,0.032918790146778315,0.1262387355895133,21
3,-1.7000000000000117,0.06814283839247497,0.04081096934035213,0.13980432658288838,21
3,-1.600000000000012,0.06604523910508256,0.04404101561487369,0.14324767080085893,23
3,-1.5000000000000124,0.07118910680737359,0.042648119451200894,0.13790321828894395,23
3,-1.4000000000000128,0.08538772923988011,0.030881955770795434,0.14193057847997995,23
3,-1.3000000000000131,0.08052174194194175,0.03573790029081403,0.1144258974216257,23
3,-1.2000000000000135,0.08107642418785982,0.03960756922496324,0.10991240438169683,24
3,-1.1000000000000139,0.08118608025955815,0.045316641077288056,0.11597529822847945,24
3,-1.0000000000000142,0.0823621072908723,0.05305575790674391,0.12206268808379665,24
3,-0.9000000000000146,0.08612019972124973,0.05472969234845619,0.12513159163842527,24
3,-0.8000000000000149,0.08606628563498381,0.05335043260353633,0.13670186025475545,24
3,-0.7000000000000153,0.08881670368406908,0.05205350493765492,0.12370574792350367,24
3,-0.6000000000000156,0.08465710482154526,0.059589771688265514,0.13929684146259308,24
3,-0.500000000000016,0.08934421889879264,0.06254177857567449,0.1386832904795538,25
3,-0.40000000000001634,0.11595416706768283,0.07138521849594488,0.1330667009863888,26
3,-0.3000000000000167,0.13770006924447767,0.10726155071174337,0.15916047676446296,26
3,-0.20000000000001705,0.17745249486472844,0.1583478619455823,0.20340540281167824,26
3,-0.10000000000001741,0.24487407396635946,0.2354810820084856,0.26640701490487856,26
3,-1.7763568394002505e-14,0.3107296330735825,0.30694703686310415,0.32158783202753016,26
3,0.09999999999998188,0.3700978219134873,0.3406266115832039,0.4009268466719545,26
3,0.19999999999998153,0.40017397212743655,0.3557067113301718,0.484098099321251,26
3,0.29999999999998117,0.4240344600588001,0.3287646315621819,0.5157176015949494,26
3,0.3999999999999808,0.46293040627768783,0.29416500967994014,0.5655640368492092,26
3,0.49999999999998046,0.460019978721122,0.2647995797649887,0.573453838944594,26
3,0.5999999999999801,0.4918875583903396,0.22037838329868578,0.5980754720025167,26
3,0.6999999999999797,0.5052367740849585,0.2387151011486392,0.6542464388106277,26
3,0.7999999999999794,0.49896562930846616,0.2419155685199201,0.6841373601529248,26
3,0.899999999999979,0.5442167226004602,0.23354439066734328,0.6960236237066375,26
3,0.9999999999999787,0.5892203559215383,0.20125265343994256,0.7251951320878047,26
3,1.0999999999999783,0.6084990948173061,0.19207766736085574,0.7301499088628303,26
3,1.199999999999978,0.583690218868268,0.1812714286580141,0.7375124753891862,26
3,1.2999999999999776,0.5526670110666521,0.18550495508074935,0.7420029807884219,26
3,1.3999999999999773,0.510261908303658,0.18003991108538395,0.7716178213792607,26
3,1.499999999999977,0.5511962460873507,0.1775777336447677,0.8078973244772208,26
3,1.5999999999999766,0.5764017118148461,0.18418083162932178,0.8127603076014077,26
3,1.6999999999999762,0.5762924937768117,0.17966534919785146,0.8274575569971522,26
3,1.7999999999999758,0.5811776023935917,0.18660278186841625,0.8402153219186346,26
3,1.8999999999999755,0.5891917772403801,0.22719306936583233,0.8509114890511598,26
3,1.9999999999999751,0.6545883391327041,0.20813402184416135,0.8611772612235741,26
3,2.0999999999999748,0.6488972433439704,0.2429015664946744,0.8508248773736716,26
3,2.1999999999999744,0.6603047865529135,0.2496088009402334,0.8367641660805492,26
3,2.299999999999974,0.6799834743292095,0.23764197848728325,0.839275437694823,26
3,2.3999999999999737,0.6344339434503109,0.22549630298267617,0.9045235502988074,26
3,2.4999999999999734,0.6641755226166175,0.22567187686870316,0.9240089468474166,26
3,2.599999999999973,0.6230192687941588,0.2065528108717481,0.9112502696382411,26
3,2.6999999999999726,0.578082402696038,0.1679304561452734,0.897179413918862,26
3,2.7999999999999723,0.6144987345010577,0.13778302883284377,0.88024911632819,26
3,2.899999999999972,0.6198659741993299,0.1271792764190616,0.9231783328816733,26
3,2.9999999999999716,0.6888232569061841,0.1430563105296735,0.9337310946736617,26
3,3.0999999999999712,0.6404761015515436,0.15630362497115724,0.9255017360981024,26
3,3.199999999999971,0.5632865818329289,0.1682986923767892,0.9523004224325906,26
3,3.2999999999999705,0.5968494939383451,0.18951701304097457,0.9320230291443414,26
3,3.39999999999997,0.5284335291594964,0.1982263996792205,0.9220275539199733,26
3,3.49999999999997,0.5021897258563583,0.20267331332580016,0.9370852450968553,26
3,3.5999999999999694,0.4382038655417125,0.18035414114352816,0.9269211514364427,26
3,3.699999999999969,0.40787345795045127,0.1653897647582446,0.9495129041199365,26
3,3.7999999999999687,0.43272439911198124,0.16170279575350616,0.9498167634079164,26
3,3.8999999999999684,0.4483647741215716,0.16944458781741126,0.906989042152657,26
3,3.999999999999968,0.5549806573209697,0.18341077420817695,0.9263741599526684,26
3,4.099999999999968,0.5702046844807893,0.21855545935616938,0.8827043289630007,26
3,4.199999999999967,0.5321905942098648,0.22945656524999986,0.8771684685191709,26
3,4.299999999999967,0.5366836859807185,0.22453317698795805,0.9090352348028905,26
3,4.399999999999967,0.5252211712292383,0.20018173913727727,0.8353977699602597,26
3,4.499999999999966,0.5175891741907397,0.20967762541702856,0.8589496133912179,26
3,4.599999999999966,0.48708934411616545,0.2151118966033293,0.8904080925735123,26
3,4.6999999999999655,0.49318846554672996,0.2012317817770389,0.8906160556918,26
3,4.799999999999965,0.4749302985749305,0.1935033212237234,0.9228226286476566,26
3,4.899999999999965,0.4350225553369268,0.23257652344057989,0.9049261417853987,26
3,4.9999999999999645,0.4525402372927516,0.2685301667992368,0.9155075348908146,26
3,5.099999999999964,0.5274606342139156,0.2962867201117482,0.9141157519588027,26
3,5.199999999999964,0.5470267178541814,0.2756203598815304,0.8607771338240515,26
3,5.299999999999963,0.5383449366046371,0.2698064094697166,0.9254472484750595,26
3,5.399999999999963,0.6057201579382309,0.2689975171255249,0.9013102254386367,26
3,5.499999999999963,0.5636524500637384,0.262542753647864,0.8790949949894931,26
3,5.599999999999962,0.5031728238060869,0.24444307165226123,0.8799047591418465,26
3,5.699999999999962,0.5066051956292923,0.23052132378109758,0.8167787196843725,26
3,5.799999999999962,0.5440511914128552,0.22425002167067695,0.7658394261930495,26
3,5.899999999999961,0.5641429044733006,0.24061839961931564,0.725670361675447,26
3,5.999999999999961,0.5746237684951934,0.26558303970434777,0.7375816498282288,26
3,6.099999999999961,0.5277796892407352,0.2701076627043304,0.7727378161033626,26
3,6.19999999999996,0.5235644733518641,0.2522532744051416,0.7756157559126104,26
3,6.29999999999996,0.5590944785327248,0.24032154594805108,0.7439375656483416,26
3,6.3999999999999595,0.506293803397614,0.22968052551446727,0.7464263028074358,26
3,6.499999999999959,0.4542983340135933,0.2021303258478708,0.7645795110483078,26
3,6.599999999999959,0.5434555320714068,0.15982766019675082,0.75646220703024,26
3,6.699999999999958,0.5467349739947776,0.12676110983687333,0.7859135499758643,26
3,6.799999999999958,0.5476414620489858,0.10722173048590711,0.825786837808151,26
3,6.899999999999958,0.5851693114210178,0.13176609365336403,0.8477274035110289,26
3,6.999999999999957,0.603564994396298,0.1719987866979756,0.8234825580841164,26
3,7.099999999999957,0.6133231000846393,0.12894740205541894,0.8282965334746791,26
3,7.199999999999957,0.6126172914834062,0.0946183554418059,0.83158126442556,26
3,7.299999999999956,0.5929403393867534,0.10169562663096231,0.8905384365747265,26
3,7.399999999999956,0.5447853012585238,0.10683449673091157,0.9006525505319488,26
3,7.499999999999956,0.5534463954735491,0.09684750517337798,0.9518870608321336,26
3,7.599999999999955,0.5745738975400555,0.11505885937724308,0.9782247850247279,26
3,7.699999999999955,0.6126640450539356,0.1774803607047752,0.9814540336302899,26
3,7.7999999999999545,0.6429409383160392,0.25032551100434086,0.9474264447114018,26
3,7.899999999999954,0.6699119312916049,0.3411098446709485,0.9656107589969489,26
3,7.999999999999954,0.6932463387780734,0.3339718815609385,0.9727230802796762,26
3,8.099999999999953,0.6751544962188479,0.30319810082996146,1.006689765107705,26
3,8.199999999999953,0.6578062799186017,0.28940492681937624,1.0408690032957466,26
3,8.299999999999953,0.7075136024508746,0.26249425593326065,1.055939197226244,26
3,8.399999999999952,0.6722039755770625,0.24220012933275764,0.9803665741312204,26
3,8.499999999999952,0.7258288373955744,0.24573248193445604,0.9937988946649816,26
3,8.599999999999952,0.693604472995808,0.22138362308890716,1.0098317925717462,26
3,8.699999999999951,0.7138736423909507,0.24313207620067884,1.0066549644543938,26
3,8.799999999999951,0.732346879258815,0.30000268309280714,1.0102776232186212,26
3,8.89999999999995,0.7049189997664118,0.4014188007102661,1.036996645084219,26
3,8.99999999999995,0.7210844680114483,0.4674530870620383,1.0541749100616775,26
3,9.09999999999995,0.784603207612101,0.39498692259563156,1.0493304182821064,26
3,9.19999999999995,0.8197571024673778,0.34905450920247694,1.0758314912886289,26
3,9.29999999999995,0.8237254776806044,0.3766295017508273,1.0852753661714625,26
3,9.399999999999949,0.831728965692129,0.4036198191040788,1.1624618541420606,26
3,9.499999999999948,0.848968227877961,0.4030570375938222,1.1677619328628353,26
3,9.599999999999948,0.8654610779770016,0.36946897764722736,1.148528075692444,26
3,9.699999999999948,0.8654457288431809,0.405950473990654,1.126231467988867,26
3,9.799999999999947,0.8602033635994173,0.4654483819769507,1.0669407925046162,26
3,9.899999999999947,0.9023978130253271,0.4747113746690046,1.0766641849442475,26
3,9.999999999999947,0.899458241153158,0.4349682763008499,1.0678434372872572,26
3,10.099999999999946,0.9469459125664907,0.44413375720292564,1.1458222936092963,26
3,10.199999999999946,0.9910930850126907,0.4699758057855514,1.1051622335371118,26
3,10.299999999999946,0.9815066807231905,0.4584252330961709,1.151271409715058,26
3,10.399999999999945,0.9632202630250167,0.5164237549346596,1.136055142044421,26
3,10.499999999999945,0.9692664724540219,0.556201029728017,1.1048083658223509,26
3,10.599999999999945,0.9712942592040519,0.5817986230317986,1.158846182403497,26
3,10.699999999999944,0.9594220537907612,0.5951235177036039,1.1070807799946067,26
3,10.799999999999944,0.9505062631181285,0.6167213514725033,1.1044261649321137,26
3,10.899999999999944,0.9615860893289605,0.6257614563097809,1.1142094764005603,26
3,10.999999999999943,0.9342694174728388,0.6366702202777279,1.050563812825386,26
3,11.099999999999945,0.9488875631129486,0.6556370670681618,1.0751727476137973,26
3,11.199999999999942,0.9272759135770361,0.6543423167769358,1.072498267112409,26
3,11.29999999999994,0.9733211314055008,0.6624983986363668,1.1138804415423396,26
3,11.399999999999942,0.9390404975711945,0.6785658543320006,1.1232670264936606,26
3,11.499999999999943,0.9747130756966456,0.6855908321751586,1.0626661335875163,26
3,11.599999999999941,1.0148160049442105,0.74026751359157,1.1197782398574347,26
3,11.699999999999939,0.9817782369298607,0.7734836823658018,1.130553219388199,26
3,11.79999999999994,0.9569247232766699,0.66268012436003,1.120713278495327,26
3,11.899999999999942,1.00685538051476,0.6764444863967463,1.152445756658473,26
3,11.99999999999994,1.0112700669699204,0.6090914316140471,1.1828456029473995,26
3,12.099999999999937,1.029674962577727,0.5949858479856154,1.1938154823359919,26
3,12.199999999999939,1.0177567363984938,0.5815454551561109,1.1359236496114844,26
3,12.29999999999994,1.007640849157853,0.6205493358309497,1.1661354445997882,26
3,12.399999999999938,1.0016075874866708,0.6692900944800265,1.1108705296567887,26
3,12.499999999999936,0.9593637511713831,0.6889098346965414,1.1034451928597315,26
3,12.599999999999937,0.9560863471134079,0.7369032060818533,1.105969070015953,26
3,12.699999999999939,0.9485362364162455,0.7135870024447122,1.0767910985672617,26
3,12.799999999999937,0.9103106565227344,0.710159701838283,1.1199282226186082,26
3,12.899999999999935,0.9294542527204952,0.6140022086446357,1.0962867391165876,26
3,12.999999999999936,0.9458478786861009,0.7685096305192408,1.1056937581563453,26
3,13.099999999999937,1.0081727347698757,0.8062822260051297,1.1336905356912303,26
3,13.199999999999935,1.0041422171840082,0.8162705156915111,1.133779044523469,26
3,13.299999999999933,0.9303080976161633,0.7821526041395366,1.141816203782911,26
3,13.399999999999935,0.9031773122870919,0.7430115177060773,1.0850951259285848,26
3,13.499999999999936,0.8959910498282624,0.7078785810004824,1.1219567563982558,26
3,13.599999999999934,0.887501088143618,0.7139017329185803,1.1990127469981813,26
3,13.699999999999932,0.9016410303718735,0.6825905899335954,1.1211144227189855,26
3,13.799999999999933,0.9803861191295302,0.6771802644918932,1.170701966519132,26
3,13.899999999999935,1.0083256587943286,0.6634150350444346,1.1344716956095655,26
3,13.999999999999932,1.021973120482341,0.6595283327671471,1.154670057687614,26
3,14.09999999999993,1.0110742876077956,0.6412953494557494,1.0914275625741805,26
3,14.199999999999932,0.9564102168472561,0.6006041968185454,1.0583128743326489,26
3,14.299999999999933,0.9538239991898934,0.63628374619933,1.0802993030261303,26
3,14.399999999999931,0.9636515115878688,0.6003248567891156,1.1088888102546053,26
3,14.499999999999929,0.9656093374222863,0.6903370249253676,1.1332308847815606,26
3,14.59999999999993,0.9583913890023457,0.7189222271533724,1.2065391343068663,26
3,14.699999999999932,0.9617768064397196,0.7306517381015661,1.1616504530734464,26
3,14.79999999999993,0.9566286011794657,0.7726140368947078,1.150411150767866,26
3,14.899999999999928,0.9658973861115971,0.7875755050306359,1.1600298540595089,26
3,14.999999999999929,0.9627765795056176,0.6712869734478483,1.1764040890722542,26
3,15.09999999999993,1.0211394493570203,0.6709280490912173,1.176640854436375,26
3,15.199999999999928,1.020518027384758,0.6065275913587493,1.140582106797953,26
3,15.299999999999926,0.9853624746864548,0.6179474453538212,1.156326960885765,26
3,15.399999999999928,0.9732849774248182,0.6313557286659384,1.1475762295101481,26
3,15.499999999999929,0.9800922140407857,0.6847252983668879,1.1278277407821535,26
3,15.599999999999927,0.981037377604207,0.7696436574262657,1.172130148588478,26
3,15.699999999999925,0.9568926900789847,0.7497715628487538,1.1338977987676229,26
3,15.799999999999926,0.9651109297917932,0.7871625292148973,1.094205748739043,26
3,15.899999999999928,0.9309291980496894,0.795402393221065,1.0851950722762007,26
3,15.999999999999925,0.9471534873052683,0.8216847450618825,1.0878283701115967,26
3,16.099999999999923,0.95568405380161,0.8278325263418264,1.079706895303311,26
3,16.199999999999925,0.9860002664371422,0.850783358248006,1.0873213473141863,26
3,16.299999999999926,0.9771179911250114,0.8655296976667967,1.1000270842005766,26
3,16.399999999999924,0.9725598766268992,0.8925116344535103,1.0506559635816908,26
3,16.499999999999922,0.951083629512409,0.8692432229917079,1.0691912944736548,26
3,16.599999999999923,0.9264638105313848,0.8188502468523411,1.059231861337252,26
3,16.699999999999925,0.9152099932766473,0.7902116434522048,1.0756073743762191,26
3,16.799999999999923,0.9471590761401101,0.7872899105197334,1.1096344060110193,26
3,16.89999999999992,0.9493875467621091,0.8106979715020536,1.1292846023295084,26
3,16.999999999999922,0.9792650546085381,0.7780007561048518,1.1291331630898285,26
3,17.099999999999923,0.9862679905183532,0.8098583959594425,1.1902874838253976,26
3,17.19999999999992,0.9890743865267002,0.7747537029824796,1.1329034666234585,26
3,17.29999999999992,0.9341304990932626,0.7230211252373904,1.2195891638455567,26
3,17.39999999999992,0.9324983006712588,0.7424627993464072,1.2449717018697548,26
3,17.499999999999922,0.9711254519199508,0.6910946316630341,1.1108286419223063,26
3,17.59999999999992,0.9534739150372888,0.6619647402747686,1.1323094367236135,26
3,17.699999999999918,0.9493060136285205,0.675114007849188,1.1083198964752885,26
3,17.79999999999992,0.9310795471159551,0.6709388332646654,1.1145962958859168,26
3,17.89999999999992,0.9349025675735281,0.7142705714598447,1.0679193762996273,26
3,17.99999999999992,0.9078768461299744,0.710909066128796,1.0485226383519972,26
3,18.099999999999916,0.9126309846859195,0.7050005696243646,1.0921155671042182,26
3,18.199999999999918,0.8995664804697638,0.6948285048315368,1.1013814171037746,26
3,18.29999999999992,0.9119083474030605,0.6242361314319076,1.1020658697535086,26
3,18.399999999999917,0.845355581487925,0.5676535906338362,1.0813342234338024,26
3,18.499999999999915,0.8823454868069438,0.46872870854613274,1.0692662390481307,26
3,18.599999999999916,0.847531629762506,0.38249469405805464,1.0801195382265645,26
3,18.699999999999918,0.8509153794319215,0.3190380746982602,1.091273181042251,26
3,18.799999999999915,0.8487549334505756,0.2860409104929338,1.1126230532396024,26
3,18.899999999999913,0.8233748134396204,0.27782527317872463,1.0941359156178507,26
3,18.999999999999915,0.8475618179080668,0.3053884266889145,1.0845156400900704,26
3,19.099999999999916,0.8601112790029719,0.33304075184914245,1.0665350758962127,26
3,19.199999999999914,0.8560536383466903,0.34807639496512416,1.1118461735001144,26
3,19.299999999999912,0.8524233816372231,0.3559160551912758,1.081131894081698,26
3,19.399999999999913,0.8423435871489127,0.37885206585706066,1.0311872090269476,26
3,19.499999999999915,0.8404046962847447,0.3971893572143367,1.0371196417545747,26
3,19.599999999999913,0.8148255779130383,0.417444937624704,0.9980797309797331,26
3,19.69999999999991,0.8127412680172295,0.3973779458921452,1.018276186568424,26
3,19.799999999999912,0.8311350380207057,0.37535173109990416,0.9996350704766711,26
3,19.899999999999913,0.7852720161193676,0.31791661608012006,1.0754291601102317,26
3,19.99999999999991,0.7773770561985021,0.23119537234932533,1.0856150025992128,26
3,20.09999999999991,0.7528958891011368,0.18072663057920663,1.118305812189342,26
3,20.19999999999991,0.7170531043527016,0.14309886998326543,1.119500471917153,26
3,20.299999999999912,0.6824358795030427,0.22507322710222846,1.1025100663065817,26
3,20.39999999999991,0.7331736605035108,0.2213975979969235,1.053372421042352,26
3,20.499999999999908,0.7000586166600447,0.2571531498297447,1.0527586239317865,26
3,20.59999999999991,0.7403839503447103,0.2683380819782012,0.9908396031363056,26
3,20.69999999999991,0.7639187629863328,0.2294396368703816,0.9840695162590518,26
3,20.79999999999991,0.8064414027916214,0.12125934929854144,0.9921462991644857,26
3,20.899999999999906,0.7883943061056827,0.09583384203422946,1.0337277337246615,26
3,20.999999999999908,0.731240866282004,0.10169205009640894,1.0238740664323647,26
3,21.09999999999991,0.7560097991172015,0.10027729040970354,1.0223387903741818,26
3,21.199999999999907,0.7658715452288083,0.1001518875855828,1.0045641303649837,26
3,21.299999999999905,0.7396533972209424,0.10586573025340378,1.0716358227806335,26
3,21.399999999999906,0.6907476895508502,0.11375929783457185,1.000080557980933,26
3,21.499999999999908,0.707132753820078,0.12242922066270787,1.0271226551591022,26
3,21.599999999999905,0.7082561562013344,0.12139960083648337,1.0001455460668058,26
3,21.699999999999903,0.7387342435420234,0.12781822568028636,0.9456330961670535,26
3,21.799999999999905,0.7719085710204293,0.11818496697704002,0.9399426053643107,26
3,21.899999999999906,0.7207920742117143,0.11177576880677637,0.992157188768433,26
3,21.999999999999904,0.741900122788467,0.12376679171319152,1.0153567032930286,26
3,22.099999999999902,0.7660313640507406,0.11775021505604413,0.97459362085991,26
3,22.199999999999903,0.7741292490456833,0.0964457283417005,1.0237443414526861,26
3,22.299999999999905,0.744011044217973,0.10603021247886471,0.9610190385700222,26
3,22.399999999999903,0.7712167865684828,0.20064015712147906,0.958372581260671,25
3,22.4999999999999,0.7642972851564667,0.2160892231175024,0.9535093573522331,25
3,22.599999999999902,0.7617989699618183,0.22760204025014882,0.9697768791739344,25
3,22.699999999999903,0.7772568489765364,0.25927519501051943,1.0065010844973061,25
3,22.7999999999999,0.7589168709419818,0.3152488507229456,1.0539623258066049,25
3,22.8999999999999,0.8090377040430624,0.2627944297502274,1.0182017894142035,25
3,22.9999999999999,0.8421833611291492,0.2262791260266384,0.9478771921838259,25
3,23.099999999999902,0.8121368767583659,0.24360361794317648,0.9894796485864308,25
3,23.1999999999999,0.7374876812834756,0.26633165967920086,1.0291790197683879,25
3,23.299999999999898,0.6880388696523482,0.2852514152566237,0.9229341925480866,25
3,23.3999999999999,0.7009852961540909,0.2954822518771049,0.9764386686100949,25
3,23.4999999999999,0.7132487643873013,0.29979865250217436,1.0030959885161894,25
3,23.5999999999999,0.6777227948948241,0.2564015983036929,0.9322184389168772,25
3,23.699999999999896,0.6677329779042875,0.2025115380216901,0.9614431029665227,25
3,23.799999999999898,0.6818979620600668,0.15368174961559725,0.938645668631044,25
3,23.8999999999999,0.6847032762632033,0.18359700537470292,0.9123385985046611,25
3,23.999999999999897,0.7005275994121789,0.1902858696246033,0.91960249547806,25
3,24.099999999999895,0.6848673851701682,0.14190687666666538,0.9142700198388805,25
3,24.199999999999896,0.5858008596210581,0.12944943026230604,0.8700311215121845,25
3,24.299999999999898,0.522577168065746,0.1014415207801834,0.9120468428253875,25
3,24.399999999999896,0.5031369778689448,0.09751049747158196,0.8883917761381306,25
3,24.499999999999893,0.5504051197352762,0.10477901063375344,0.8688561842258397,25
3,24.599999999999895,0.5814419742561029,0.10087814235803734,0.9681654008007492,25
3,24.699999999999896,0.4809654422767067,0.10194874088400957,0.8438573015674411,25
3,24.799999999999894,0.5352967335455597,0.08709278352943471,0.8402756365600332,25
3,24.899999999999892,0.5181596285757378,0.07395845177195697,0.8701419402238462,25
3,24.999999999999893,0.4036984737157904,0.07243436784198304,0.8642186366222508,25
3,25.099999999999895,0.32167393106727177,0.07191785828601231,0.8289959523557118,25
3,25.199999999999893,0.21253835061656084,0.05216947416936428,0.7518197021430074,23
3,25.29999999999989,0.21197729298094772,0.036613553725514614,0.7274598975072661,23
3,25.399999999999892,0.2989563515042171,0.03191036944409437,0.7468049438008739,22
3,25.499999999999893,0.28863918073482614,0.03244518281717659,0.7254083115288381,22
3,25.59999999999989,0.25015399252916165,0.03238244192556396,0.7223329150767744,22
3,25.69999999999989,0.22986122282262725,0.03090626336781209,0.6392135201919624,22
3,25.79999999999989,0.3572395044572336,0.034437736648975974,0.6863746030926922,21
3,25.899999999999892,0.29228385214002855,0.027512680003916573,0.6620397994434685,21
3,25.99999999999989,0.15962223836620634,0.01843642659545467,0.6816605768340845,21
3,26.099999999999888,0.09057034923538318,0.017119426532740806,0.6398361286344723,21
3,26.19999999999989,0.07883290871794925,0.026920027224893353,0.662819671217792,21
3,26.29999999999989,0.09600725316140332,0.03828221900501143,0.6719480012436366,21
3,26.39999999999989,0.14748871579802872,0.044754489966497835,0.6784760790183959,21
3,26.499999999999886,0.19267720623966805,0.04563444729819179,0.6748102952861466,21
3,26.599999999999888,0.2283680269041956,0.038516990449890126,0.7285074318158926,21
3,26.69999999999989,0.2393994676079045,0.05001547210732538,0.7144634716827527,21
3,26.799999999999887,0.2380648048451569,0.05198679024521215,0.7261284538368046,21
3,26.899999999999885,0.23661736844859466,0.04077335205934799,0.7095834813174229,21
3,26.999999999999886,0.13812155929929013,0.029276269680235747,0.7306238057122526,21
3,27.099999999999888,0.15792387598631952,0.022811160393127982,0.7487573786887907,20
3,27.19999999999989,0.1420830328935543,0.0277514398442842,0.7615960062773822,20
3,27.299999999999883,0.12432657502780797,0.020430030766578375,0.722422524267609,20
3,27.399999999999885,0.12103737601937578,0.019652411178387487,0.747755777970507,20
3,27.499999999999886,0.13647453904681667,0.02262016934405307,0.6972376013861861,20
3,27.59999999999988,0.14978726121169061,0.0230863763992425,0.636014642032499,20
3,27.699999999999882,0.14089033221779423,0.023317338057901437,0.6503742862705703,20
3,27.799999999999883,0.14742060847923827,0.01885151486280981,0.6483827167359071,20
3,27.899999999999885,0.208171772058484,0.016196562672124028,0.6959261085105543,19
3,27.999999999999886,0.23670390709714978,0.022501013399850514,0.7407442342679105,18
3,28.09999999999988,0.18354483944318312,0.026895976933448036,0.7274540506637023,18
3,28.199999999999882,0.20291625666278157,0.03384178184371117,0.742710952428574,18
3,28.299999999999883,0.20478085457711098,0.035937784487442094,0.7411311649636892,18
3,28.399999999999878,0.2686879354438188,0.03915716548742554,0.7463760081406662,17
3,28.49999999999988,0.21987394031520868,0.03747955626208795,0.7286406432505202,17
3,28.59999999999988,0.1648638148215281,0.03588382519081984,0.7337411640762621,17
3,28.699999999999882,0.13578884033503194,0.032057717506171576,0.7033522633211216,17
3,28.799999999999883,0.10755605975116567,0.029232532084346844,0.663612346403941,17
3,28.899999999999878,0.07938885544862562,0.027304134465512542,0.6813345979857217,17
3,28.99999999999988,0.0822555310188323,0.028346773851202385,0.7120145384352794,17
3,29.09999999999988,0.11694760214489465,0.029989025521485198,0.7454682769532618,17
3,29.199999999999875,0.1555732502241567,0.03504434231708049,0.6618711514218825,17
3,29.299999999999876,0.1856941094523489,0.04357378431146678,0.6405981872922829,17
3,29.399999999999878,0.17658740583621768,0.05423705382512517,0.652290855537691,17
3,29.49999999999988,0.1782205810078392,0.060057853798687805,0.7025986544570982,17
3,29.59999999999988,0.17418514602124308,0.08332121443245222,0.7133476622400712,16
3,29.699999999999875,0.16700300911002466,0.07887705695355775,0.7089562877028199,16
3,29.799999999999876,0.1676970758934098,0.07935286947773317,0.6983986870437335,16
3,29.899999999999878,0.1606898531871323,0.07261885926908873,0.7073395996571589,16
3,29.999999999999872,0.1746283012649872,0.05861463847849736,0.7038756437698199,16
7,-5.0,0.06536592476573455,0.024171515540856645,0.11343430429912324,14
7,-4.9,0.0522721620546147,0.020902800363673344,0.11675307148453196,14
7,-4.800000000000001,0.04676535302860831,0.02341999599185395,0.099814843014271,15
7,-4.700000000000001,0.04043237142191281,0.024517247030636683,0.08511873204156063,15
7,-4.600000000000001,0.05353793780775042,0.025592215306235747,0.0710175697634696,15
7,-4.500000000000002,0.04295157447366018,0.02556568329109711,0.07034859507751132,15
7,-4.400000000000002,0.04518401842499734,0.02265658120372345,0.08075578911630829,15
7,-4.3000000000000025,0.035419034422751,0.020063363175403706,0.07073289174858054,15
7,-4.200000000000003,0.036128149024296376,0.024668061399102485,0.04935395852687052,15
7,-4.100000000000003,0.03756094251335217,0.02457108805865501,0.04704103916327913,15
7,-4.0000000000000036,0.03192638901716573,0.02378015576057531,0.06622232279946574,15
7,-3.900000000000004,0.034723679572028134,0.02339505774607769,0.06403436812155555,15
7,-3.8000000000000043,0.034507541167683335,0.021153368588667038,0.06573491339957363,15
7,-3.7000000000000046,0.03700580196253578,0.019526968493633383,0.06390434225307678,15
7,-3.600000000000005,0.03876511112520728,0.016864356822647832,0.05822877029686262,15
7,-3.5000000000000053,0.029378696288107138,0.01490608200467187,0.046263623816168456,16
7,-3.4000000000000057,0.0296463217949759,0.015135179673929978,0.04409513688620975,16
7,-3.300000000000006,0.02950911397667127,0.016203258276548053,0.04217651339219453,16
7,-3.2000000000000064,0.02513565336794208,0.016430365321798604,0.04280864860206152,16
7,-3.1000000000000068,0.02441409062889299,0.01233187134591498,0.046992941213348266,16
7,-3.000000000000007,0.020684364346913554,0.011054193992019106,0.053485394786648995,16
7,-2.9000000000000075,0.0190219566905679,0.010636325362317277,0.04854962079349728,16
7,-2.800000000000008,0.01929028989259822,0.012502345294735177,0.05659932302975669,16
7,-2.700000000000008,0.01942346943584511,0.01332100603590449,0.061340020463245035,16
7,-2.6000000000000085,0.023635604060995533,0.015059887024998123,0.05400966116796081,16
7,-2.500000000000009,0.03150522342562462,0.013810879667069386,0.054786950762848306,16
7,-2.4000000000000092,0.03503948621257483,0.011866019823212592,0.059262967190698575,17
7,-2.3000000000000096,0.03589977495161975,0.013371123221256175,0.10095456536365369,18
7,-2.20000000000001,0.03467030943278647,0.010065316834037538,0.0972131001945329,18
7,-2.1000000000000103,0.03785830787946111,0.011207921640898018,0.07835487593563839,18
7,-2.0000000000000107,0.03790393108874313,0.015134813111887517,0.06268616055225916,18
7,-1.900000000000011,0.03957787783229412,0.021276101316561016,0.05874600608374894,18
7,-1.8000000000000114,0.04326296082457661,0.022244886073412642,0.06760738443002849,18
7,-1.7000000000000117,0.03557141652115296,0.023238165881665333,0.07534126233586844,18
7,-1.600000000000012,0.03589038376647731,0.022510189760777836,0.0901045088105738,18
7,-1.5000000000000124,0.03989926139109049,0.02556370114303947,0.09637141245312165,18
7,-1.4000000000000128,0.04737400111043005,0.026644164326393528,0.10478267417280875,19
7,-1.3000000000000131,0.056151555327866046,0.0327878164895739,0.11683664409315728,19
7,-1.2000000000000135,0.0672579908718333,0.03420342324548903,0.1265014726553001,19
7,-1.1000000000000139,0.08450875892623604,0.054242959165361565,0.13544034793313603,19
7,-1.0000000000000142,0.09753062145472606,0.07865324837311898,0.14270569441750774,19
7,-0.9000000000000146,0.1195971882509184,0.0899551736994349,0.1505124610735452,19
7,-0.8000000000000149,0.11507579484727792,0.08364286600715844,0.17753903235648888,20
7,-0.7000000000000153,0.12160169426070766,0.07227474146570251,0.17061621514814573,20
7,-0.6000000000000156,0.11079581542573447,0.08433605525567696,0.14321944035417583,20
7,-0.500000000000016,0.11311776395503961,0.07564956861878516,0.14851809719515718,22
7,-0.40000000000001634,0.12061580909661157,0.07940359472305963,0.15945646137669148,22
7,-0.3000000000000167,0.1448237424682376,0.11867980151320093,0.19180297470268537,22
7,-0.20000000000001705,0.19522154549677,0.16471233610737696,0.23251401059706941,22
7,-0.10000000000001741,0.258497803096311,0.24391265986443855,0.2744659935990428,22
7,-1.7763568394002505e-14,0.3099253182829377,0.30431699715057126,0.3170728060079091,23
7,0.09999999999998188,0.34731410280031116,0.32420559742180044,0.40263926719770804,23
7,0.19999999999998153,0.37705554929569235,0.30799525750311996,0.4684272810110168,23
7,0.29999999999998117,0.40039676532348145,0.25138704314951243,0.5184813581221172,23
7,0.3999999999999808,0.4363371461130124,0.21333660344117727,0.5619410201184588,23
7,0.49999999999998046,0.4278247292998434,0.1960464046580867,0.5948791277579376,23
7,0.5999999999999801,0.40500942671418333,0.1979875321683922,0.6726025162820088,23
7,0.6999999999999797,0.42689667571569084,0.19804785549803652,0.7219236520475193,23
7,0.7999999999999794,0.45014728236029095,0.17427857914009162,0.7336605131456228,23
7,0.899999999999979,0.46842179379333126,0.13666952473741453,0.80126425377713,23
7,0.9999999999999787,0.5023458674964429,0.13843045462318565,0.8156575714921435,23
7,1.0999999999999783,0.5837521418023258,0.1968799105306499,0.8266771540349355,23
7,1.199999999999978,0.645192916353933,0.2515066815251013,0.8560915916683971,23
7,1.2999999999999776,0.6985173379310065,0.2684229264190371,0.8644899325023514,23
7,1.3999999999999773,0.7236903223003075,0.28195365976311904,0.8947238687107797,23
7,1.499999999999977,0.733898052027432,0.2784112282333188,0.9402497100756574,23
7,1.5999999999999766,0.7078744205014326,0.2635547792793643,0.9198865921586443,23
7,1.6999999999999762,0.7290492398353646,0.22965778573692203,0.9311601837576025,23
7,1.7999999999999758,0.7801555539738979,0.23503231396265412,0.9394644976242827,23
7,1.8999999999999755,0.8683681759546363,0.27385048174028204,1.0282136859086384,23
7,1.9999999999999751,0.8797053134143124,0.29096540684875327,1.1142101904207562,23
7,2.0999999999999748,0.928450344603063,0.3025903274220804,1.0854795079084836,23
7,2.1999999999999744,0.932492869228871,0.3024257903398706,1.1188607269473274,23
7,2.299999999999974,0.9382340164328278,0.312242434430842,1.0926719325862098,23
7,2.3999999999999737,0.9719046603118328,0.3046466190170981,1.0405859834190596,23
7,2.4999999999999734,0.8747625365434069,0.2769890307191816,1.1286905298778547,23
7,2.599999999999973,0.9459894923560349,0.23100159879878188,1.116106511782235,23
7,2.6999999999999726,0.9110151844218001,0.1748407292423269,1.1511864477093334,23
7,2.7999999999999723,0.9146633330918387,0.15214536674574541,1.1447352980584633,23
7,2.899999999999972,0.9326259089880498,0.17555786291439646,1.1552798595640381,23
7,2.9999999999999716,0.9319512186283095,0.1810838033649091,1.156346504953929,23
7,3.0999999999999712,0.9445296769045468,0.1786114681925645,1.1325595296038795,23
7,3.199999999999971,0.9933487208555335,0.15465458287568454,1.1055591406163345,23
7,3.2999999999999705,0.9989744170997379,0.15110081224257615,1.0941197533152134,23
7,3.39999999999997,1.0164348315735507,0.16234469226929,1.1747319668445222,23
7,3.49999999999997,0.939008319894933,0.177728193201814,1.1979578697107727,23
7,3.5999999999999694,0.9671497275615678,0.21167301718113804,1.1727274210766714,23
7,3.699999999999969,0.9174013819996514,0.24296294473139654,1.1812844055741785,23
7,3.7999999999999687,0.914449286735458,0.27019832483311945,1.1733811917460863,23
7,3.8999999999999684,0.9011834253610228,0.29156428173610605,1.1624418841037796,23
7,3.999999999999968,0.9141633636201604,0.3123904896471724,1.1745837771515664,23
7,4.099999999999968,0.8855082385943877,0.32311890165873747,1.1746327299364654,23
7,4.199999999999967,0.9448406891174641,0.3371872762031591,1.169837719404251,23
7,4.299999999999967,0.9696442870622508,0.35081185460628056,1.1276857458634457,23
7,4.399999999999967,0.9073175583301853,0.4146670596145192,1.1787129038516238,23
7,4.499999999999966,0.958050863477956,0.42778278024168137,1.1804999336203803,23
7,4.599999999999966,1.051566211499061,0.3593527613914402,1.1669853150555993,23
7,4.6999999999999655,1.0070861865825327,0.35491036391364916,1.211478739185456,23
7,4.799999999999965,1.08069750637853,0.3259898814751997,1.2368462641878564,23
7,4.899999999999965,1.1362524871399287,0.28086220609629775,1.2155124294561648,23
7,4.9999999999999645,1.0746019171829742,0.22933425787305808,1.2200224564399098,23
7,5.099999999999964,1.0735668627184072,0.21492960369845227,1.234426117804185,23
7,5.199999999999964,1.0768279444482138,0.2410863973336833,1.177951518687654,23
7,5.299999999999963,1.0968173451501513,0.2656549958642871,1.1813867477486126,23
7,5.399999999999963,1.087658161083412,0.3938825236721636,1.1911799996445573,23
7,5.499999999999963,1.0016445525571789,0.475760422507938,1.1585752125113538,23
7,5.599999999999962,1.0693735920369547,0.4947310165640139,1.1839321958847477,23
7,5.699999999999962,1.0361510884850675,0.49951633372792137,1.1822709746336941,23
7,5.799999999999962,1.0595275019172588,0.4640735385181761,1.1672313563783556,23
7,5.899999999999961,1.030717169107619,0.47010730487228947,1.1380243833134847,23
7,5.999999999999961,1.0428964518947912,0.4425365814335164,1.1759482184000667,23
7,6.099999999999961,1.0299888202799548,0.39849674749674313,1.1517489293043135,23
7,6.19999999999996,1.0591346220595905,0.3714644904889981,1.1300081134551294,23
7,6.29999999999996,1.0649074915719443,0.3940408485554796,1.1363544430867012,23
7,6.3999999999999595,1.0495700674829387,0.41604282009878535,1.1551248829713319,23
7,6.499999999999959,1.0009488544488052,0.4777952477247526,1.17698366206778,23
7,6.599999999999959,1.019372304010951,0.5321922755715813,1.1550514172490187,23
7,6.699999999999958,1.0240752138743963,0.6007074609316314,1.1618363106965277,23
7,6.799999999999958,1.034388340986694,0.6630224230094871,1.1567312835345485,23
7,6.899999999999958,1.0049032490927898,0.6666380359343387,1.1448965933497615,23
7,6.999999999999957,0.971951086495778,0.7024703102740377,1.146125620610103,23
7,7.099999999999957,0.9805241819531524,0.6743355628833514,1.115105949096507,23
7,7.199999999999957,0.9339934844553075,0.6024892801351888,1.1079092552124101,23
7,7.299999999999956,0.8919120917301637,0.6554164955270987,1.1152127726792411,23
7,7.399999999999956,0.9395333743987417,0.6853764133228593,1.0965153535501342,23
7,7.499999999999956,0.8874336148781375,0.7097749694273359,1.0821448045659172,23
7,7.599999999999955,0.9225653376643241,0.7429852880179073,1.054139689102207,23
7,7.699999999999955,0.9329032978667284,0.7816630482976794,1.0529844228644865,23
7,7.7999999999999545,0.9483515769768898,0.7403351199597632,1.0467475636331336,23
7,7.899999999999954,0.939676304431685,0.7253875258722368,1.066147814935922,23
7,7.999999999999954,0.8824539847501154,0.7268224133330714,1.0805023352859586,23
7,8.099999999999953,0.9295487649564829,0.7295396270781396,1.0722662915168026,23
7,8.199999999999953,0.8877019989723492,0.7381275213376488,1.0717031558637955,23
7,8.299999999999953,0.8696049384948316,0.7509266182641219,1.1066686316294478,23
7,8.399999999999952,0.8514613795910415,0.7361488831915506,1.0839420567543114,23
7,8.499999999999952,0.8254296637606606,0.7019123876603653,1.0902370828610444,23
7,8.599999999999952,0.8045030285732754,0.669906535077606,1.0533372241231114,23
7,8.699999999999951,0.8172225746396932,0.5623811103398527,0.9999129150238101,23
7,8.799999999999951,0.81947107333685,0.6290980080573145,0.9882514239637757,23
7,8.89999999999995,0.8106670357568336,0.6136565655361701,0.9829246017760865,23
7,8.99999999999995,0.8800772153315501,0.6614185173539812,1.0030150314649526,23
7,9.09999999999995,0.8775747110880329,0.6631992807761293,0.9341057770857562,23
7,9.19999999999995,0.9033608026610102,0.6671841229784947,1.0159041604556087,23
7,9.29999999999995,0.8807911657543367,0.6846109343220943,0.9922999950903726,23
7,9.399999999999949,0.8701819869262825,0.6792114985997417,0.9897828673658781,23
7,9.499999999999948,0.8548014028086912,0.7065929801983339,0.9715465779110426,23
7,9.599999999999948,0.8206497864203164,0.7226079152449235,0.9162797347343556,23
7,9.699999999999948,0.8113678498053445,0.7492847143279939,0.9563281470448401,23
7,9.799999999999947,0.8017919969866897,0.7312142044457823,1.0351129246272435,23
7,9.899999999999947,0.7935577014102784,0.7073554299356023,1.0470816681856476,23
7,9.999999999999947,0.8068934444031962,0.675309544757992,1.0644903448838834,23
7,10.099999999999946,0.860514019843872,0.6673174772915403,1.0161827124762992,23
7,10.199999999999946,0.8460565815696285,0.7101791036370682,1.0106081127235145,23
7,10.299999999999946,0.9073289097696902,0.7004107173126445,1.0787754462567873,23
7,10.399999999999945,0.9162885160897564,0.7099520517477013,1.1444982308944067,23
7,10.499999999999945,0.8509051269078663,0.7162003207772315,1.1723577606497324,23
7,10.599999999999945,0.8869654462170999,0.7004071761347614,1.1959943048079398,23
7,10.699999999999944,0.876877345463196,0.7177694028801542,1.2109041495849766,23
7,10.799999999999944,0.8997940349098531,0.7176956784582116,1.1639005734865329,23
7,10.899999999999944,0.9416585512440261,0.7546340730897998,1.189270853056363,23
7,10.999999999999943,0.9701854554785839,0.749662561491053,1.1803018319199716,23
7,11.099999999999945,1.0094334576686508,0.77600617049946,1.1721260793323667,23
7,11.199999999999942,1.071114404222863,0.8054803772073307,1.1730075171337155,23
7,11.29999999999994,1.0896840314081975,0.7818938037120431,1.2287751736631596,23
7,11.399999999999942,1.057231707991907,0.8400974384544863,1.238210455570345,23
7,11.499999999999943,1.0499241940594877,0.8662322659677302,1.235903707915029,23
7,11.599999999999941,1.0565955556052802,0.8504363223518303,1.2406824904994285,23
7,11.699999999999939,1.0438233021472658,0.8533240529569495,1.275574797699499,23
7,11.79999999999994,1.1491827591143604,0.7836241280246856,1.2777515783682176,23
7,11.899999999999942,1.1317591542881922,0.8072293085399176,1.2749326142748085,23
7,11.99999999999994,1.1539868466022583,0.8000986649957675,1.2723397556134879,23
7,12.099999999999937,1.1665302776067699,0.8249608424936427,1.2770809965145893,23
7,12.199999999999939,1.113468926187599,0.9014941461414769,1.2161467593964574,23
7,12.29999999999994,1.1151478959859575,0.8726304229398607,1.2572073532502905,23
7,12.399999999999938,1.0573883223987943,0.8724444124503246,1.2498229901015836,23
7,12.499999999999936,1.028176146779706,0.8236436793912338,1.2078452839604403,23
7,12.599999999999937,1.051063652728073,0.8234262346479911,1.2462999382538955,23
7,12.699999999999939,1.1281609675566107,0.815680156835872,1.2273490434374197,23
7,12.799999999999937,1.0980376049811766,0.7957900954558249,1.2241167417617929,23
7,12.899999999999935,1.0822982417591172,0.8559545400570927,1.233783083169497,23
7,12.999999999999936,1.0710983714851217,0.8329044989161789,1.2140080759264555,23
7,13.099999999999937,0.9369999757678409,0.8448333139092578,1.1778304863107265,23
7,13.199999999999935,0.9831855578960302,0.8578832001122993,1.228593333018324,23
7,13.299999999999933,1.0081746112895034,0.8572896650400426,1.2337436868387295,23
7,13.399999999999935,0.9547737954551488,0.8075650608315741,1.1655860627562347,23
7,13.499999999999936,0.939626196866373,0.8034430727535655,1.1969952188845694,23
7,13.599999999999934,0.9441276886258176,0.7799972511863256,1.2182256527582713,23
7,13.699999999999932,0.959502240898719,0.8085382502462861,1.2444208990696959,23
7,13.799999999999933,0.948352917647312,0.8885165403380789,1.2666406424032939,23
7,13.899999999999935,0.970716644557958,0.8719594240666584,1.2489674481409208,23
7,13.999999999999932,1.0369706742127343,0.8537445633773701,1.2596434522028859,23
7,14.09999999999993,1.0472842325459806,0.853865034702856,1.2003560054446474,23
7,14.199999999999932,1.030806364384215,0.8495750293611626,1.1803093315698971,23
7,14.299999999999933,0.9986904354179112,0.8194386965799227,1.1461727650140905,23
7,14.399999999999931,1.0042549992204295,0.7973016957987145,1.1648583783189705,23
7,14.499999999999929,0.9516471006934029,0.7839991661968321,1.1615427809916372,23
7,14.59999999999993,0.9691561880498818,0.7413787716719009,1.1401830319892428,23
7,14.699999999999932,0.9309943067917062,0.7689260167290495,1.146529991020008,23
7,14.79999999999993,0.9277635308328386,0.7747167497960029,1.1539365832097561,23
7,14.899999999999928,0.9250910874097558,0.7673817918820929,1.169367383311287,23
7,14.999999999999929,0.9447377094767356,0.7597610114315316,1.1118284013622004,23
7,15.09999999999993,0.9349746733253264,0.7575314960684323,1.1186356099619998,23
7,15.199999999999928,0.9286899715382168,0.7638191592334524,1.1144935544773356,23
7,15.299999999999926,0.9297591763460654,0.7000368821335656,1.0943867372017126,23
7,15.399999999999928,0.9598080293336684,0.7327121617549159,1.1290098378804267,23
7,15.499999999999929,0.9249716917995148,0.7100662193216127,1.0484951484487874,23
7,15.599999999999927,0.9157255760335777,0.7086430577017091,1.0166754620483678,23
7,15.699999999999925,0.9028466746554029,0.7371155964662419,1.014660881458243,23
7,15.799999999999926,0.8828263273280007,0.7425802566383317,1.0022305239236398,23
7,15.899999999999928,0.8509167850657259,0.6552653855263197,1.0275962984904692,23
7,15.999999999999925,0.8467589829054906,0.6219787274313344,1.037020184326721,23
7,16.099999999999923,0.7993553047056192,0.6125551578251303,1.0740302047292793,23
7,16.199999999999925,0.7460815039540749,0.6569064281041032,1.0184701265737335,23
7,16.299999999999926,0.8429156195622095,0.6417180995537138,1.0045195208649436,23
7,16.399999999999924,0.9070905806514704,0.6281297821214731,0.9663683877831091,23
7,16.499999999999922,0.8043061222552914,0.6416375091144984,0.9605582106578373,23
7,16.599999999999923,0.8093905940345865,0.6265145352707597,0.9586866035447275,23
7,16.699999999999925,0.8273159729172402,0.6504050412425508,0.927416470554058,23
7,16.799999999999923,0.7854745598615136,0.6025668781841675,0.9741902867997068,23
7,16.89999999999992,0.7399821537610596,0.6132223396875527,0.9846942384574999,23
7,16.999999999999922,0.7256716553685105,0.5858853265670162,1.0102341180418892,23
7,17.099999999999923,0.8105507444962713,0.6280547449072523,1.0219618232768286,23
7,17.19999999999992,0.8623070097730126,0.6655528952490789,0.9867701883732578,23
7,17.29999999999992,0.835256116509907,0.6483063032389456,0.9816393025694756,23
7,17.39999999999992,0.824828142141497,0.6499683786720047,0.9553647351720784,23
7,17.499999999999922,0.8003368614566623,0.6151326673802451,0.9843224370296428,23
7,17.59999999999992,0.7406366646607903,0.5445385995961948,0.9698965282276252,23
7,17.699999999999918,0.7611414998229854,0.5194608129666249,0.9674349052492248,23
7,17.79999999999992,0.7155503988009425,0.46331577586987416,0.9765519400485936,23
7,17.89999999999992,0.6877981996784664,0.4293500447591633,0.9575201011657828,23
7,17.99999999999992,0.7212121719023254,0.37636574208207163,0.9594537569948497,23
7,18.099999999999916,0.7066873544313828,0.36103351161667463,0.9707915178961071,23
7,18.199999999999918,0.7056273610725005,0.33733296944055496,0.9755401810891664,23
7,18.29999999999992,0.7264389611380218,0.3275585251363422,0.9883660966982886,23
7,18.399999999999917,0.735482525544935,0.32317792232201725,0.9557405459695991,23
7,18.499999999999915,0.70880154236211,0.33796576913732806,0.9432809315423674,23
7,18.599999999999916,0.6667419754875731,0.37711191219426643,0.9455521043819877,23
7,18.699999999999918,0.6546444353101037,0.35779990122333916,0.9167437233253606,23
7,18.799999999999915,0.5775653249645727,0.32386279152108344,0.9140017812170406,23
7,18.899999999999913,0.5906260766183375,0.2907622020548918,0.876537034258426,23
7,18.999999999999915,0.6630522635272212,0.24964992190006674,0.8694766643926619,23
7,19.099999999999916,0.6679864300698743,0.22341113412522967,0.8589226586974776,23
7,19.199999999999914,0.654346163150932,0.22468982130530507,0.8809070785913815,23
7,19.299999999999912,0.678147055052501,0.24555666869648216,0.9173308469461596,23
7,19.399999999999913,0.5939075384549946,0.25546101014871625,0.9211469694630358,23
7,19.499999999999915,0.5243701263660204,0.2411436590980115,0.9642906574198955,23
7,19.599999999999913,0.48211438087080827,0.21989690293576822,0.9588812159545717,23
7,19.69999999999991,0.4826124654663473,0.1972546144635236,0.955681194657898,23
7,19.799999999999912,0.5402146040377772,0.17336656046441878,0.9868182527315739,23
7,19.899999999999913,0.5826812576901426,0.17512742562504427,0.9699649829460341,23
7,19.99999999999991,0.610609477125127,0.17794066471944409,0.9753156823480751,23
7,20.09999999999991,0.6221865491450064,0.15754392594004585,0.951846229540827,23
7,20.19999999999991,0.5669577600644664,0.13141255094065912,0.9427479474203142,23
7,20.299999999999912,0.5468419262626039,0.10935346705069582,0.8949569692024606,23
7,20.39999999999991,0.5196138284178137,0.09786486449070224,0.9226623920725112,23
7,20.499999999999908,0.5979986926058991,0.0998696861093376,0.8946441214412888,22
7,20.59999999999991,0.625526719314215,0.11175722567987803,0.9252280610925034,22
7,20.69999999999991,0.5693940514149076,0.11813945790679328,0.9190003338137093,22
7,20.79999999999991,0.5547601268830527,0.12312772597493173,0.8906257176737465,22
7,20.899999999999906,0.6058083013141596,0.1205688298749279,0.9250181126451471,22
7,20.999999999999908,0.6114434430495179,0.11854379499317856,0.9122121505690655,22
7,21.09999999999991,0.5996189996317289,0.0964329391887925,0.8728809833145832,22
7,21.199999999999907,0.5579570277406892,0.0825185489761735,0.8912130872450746,22
7,21.299999999999905,0.5530148705014079,0.0703477768890002,0.9030978278371353,22
7,21.399999999999906,0.5155486413532202,0.062390294697997235,0.8673510817451604,22
7,21.499999999999908,0.5451623646753424,0.05176256717096217,0.8430129604100995,22
7,21.599999999999905,0.5232575874802192,0.05044596588459245,0.8630982912698701,22
7,21.699999999999903,0.4798805532413362,0.05829396093714512,0.850354516149506,22
7,21.799999999999905,0.45967846451665806,0.06766544367901309,0.87507597065686,22
7,21.899999999999906,0.4436142773329389,0.08388170117790791,0.8270509874888282,22
7,21.999999999999904,0.45122176715584517,0.07741686546378337,0.8399477550345255,22
7,22.099999999999902,0.5127012521226653,0.07045519398720482,0.8432148715313138,22
7,22.199999999999903,0.551087125569084,0.07129904284953432,0.8013753501770835,22
7,22.299999999999905,0.590027414473345,0.08202671837058095,0.8867834808094128,22
7,22.399999999999903,0.5889613358728683,0.11819867628268681,0.8136754371326514,22
7,22.4999999999999,0.5439611111781846,0.15050972354661302,0.903290995203073,22
7,22.599999999999902,0.48899602316653495,0.16718336351644442,0.9296209653146145,22
7,22.699999999999903,0.47133303422188144,0.1606717330862546,0.8364149019421805,21
7,22.7999999999999,0.3209375612260739,0.1525435839765066,0.9316539334426164,21
7,22.8999999999999,0.2827870262235726,0.13406410209797437,0.9136174648345342,21
7,22.9999999999999,0.31700773404479177,0.11024200733805484,0.8901962526888421,20
7,23.099999999999902,0.3911419486923661,0.09339851132162208,0.9719347082236642,20
7,23.1999999999999,0.4257406127506857,0.08299830348309346,0.9643748233462794,20
7,23.299999999999898,0.44576542541720715,0.05718951478705947,0.8396968434250296,20
7,23.3999999999999,0.4052678011520645,0.038436364305929054,0.8881548447205727,20
7,23.4999999999999,0.3366337316862057,0.02738232202839712,0.8253606506456768,20
7,23.5999999999999,0.5007709005835697,0.027283736888156405,0.8635302398568072,19
7,23.699999999999896,0.49903039436814983,0.03240661607215549,0.8605697747148722,19
7,23.799999999999898,0.491176822774071,0.03355247114483918,0.7931483515733105,19
7,23.8999999999999,0.5230404406191903,0.03205783991659923,0.7528469592118125,18
7,23.999999999999897,0.4773236395285294,0.03718427648893575,0.7285372079124877,18
7,24.099999999999895,0.426395220353991,0.03757413421406794,0.6975497644831746,18
7,24.199999999999896,0.32254508049724906,0.03998976379549177,0.6767549677945652,18
7,24.299999999999898,0.2704621208013292,0.0561805922017535,0.6241928628669342,18
7,24.399999999999896,0.24539148804216293,0.07499795732012202,0.6113369595932691,18
7,24.499999999999893,0.24801487532724265,0.06566787045735188,0.5913410118951781,18
7,24.599999999999895,0.32244260521116186,0.050893910342473814,0.573409206172298,18
7,24.699999999999896,0.361490863990238,0.04167553460479873,0.5472798069911721,18
7,24.799999999999894,0.3456488674369551,0.03717598491206464,0.602941488212966,18
7,24.899999999999892,0.32827697764679564,0.03412791245456814,0.5888584975738889,18
7,24.999999999999893,0.3169185535818949,0.033798713005200584,0.5698162349417617,18
7,25.099999999999895,0.3132721286259753,0.03280436875013825,0.5440932113642611,18
7,25.199999999999893,0.3516246176819348,0.039065431815192765,0.4931849347313298,17
7,25.29999999999989,0.31035903625145644,0.04781197235384093,0.5685306627076181,17
7,25.399999999999892,0.2796451826935735,0.058649994819604395,0.549601288098362,17
7,25.499999999999893,0.24342516479765353,0.08007375955248036,0.5272879522589439,17
7,25.59999999999989,0.2057136396159566,0.10797801343447556,0.547558063904023,17
7,25.69999999999989,0.1778184413811198,0.1353102105969327,0.517400779453893,17
7,25.79999999999989,0.17272564762277892,0.09798714819610754,0.4996755517223316,17
7,25.899999999999892,0.16657980397625144,0.0665541512001466,0.402292701895279,17
7,25.99999999999989,0.13583297724187238,0.04529618352302283,0.34247074960562257,17
7,26.099999999999888,0.10742733835970039,0.03873170349672637,0.2935567433042724,17
7,26.19999999999989,0.14010669892030597,0.04410486899722705,0.3060285229124395,17
7,26.29999999999989,0.1295736425902589,0.04826089029966219,0.3189202778885603,17
7,26.39999999999989,0.14939901873864575,0.053362626628510185,0.33898221598242634,17
7,26.499999999999886,0.13060905077229498,0.049509222490073806,0.3217933442358177,17
7,26.599999999999888,0.11422705477134229,0.043304121051829514,0.44191705552228966,16
7,26.69999999999989,0.10183196595914015,0.04223194622947257,0.4185440308716126,16
7,26.799999999999887,0.08762434012835346,0.05269019866039592,0.5171586259022645,15
7,26.899999999999885,0.09601220069800577,0.05329562422569309,0.48321626219186664,15
7,26.999999999999886,0.10478720532849876,0.04872803727731505,0.42562197792226497,15
7,27.099999999999888,0.12880234551741032,0.054045334014112954,0.44801873306288365,14
7,27.19999999999989,0.2004800116463521,0.056700849206112916,0.38616001012823375,14
7,27.299999999999883,0.22597133603522435,0.058808964706549255,0.3687071623759982,14
7,27.399999999999885,0.24344143721889855,0.057355736882179764,0.41543506407696623,14
7,27.499999999999886,0.21129100060387834,0.050030105123612105,0.4145733082028087,14
7,27.59999999999988,0.20640671241807837,0.04174684982201754,0.37957491972598734,14
7,27.699999999999882,0.2393301582031565,0.03582468955058137,0.3417080133350442,14
7,27.799999999999883,0.23714963199486203,0.03551393763263522,0.34133406100165364,14
7,27.899999999999885,0.21086078727428348,0.039399111167567204,0.3364732989985488,14
7,27.999999999999886,0.1854192835698609,0.06754933342565611,0.3759347367517965,13
7,28.09999999999988,0.16715517185461642,0.06824656772717898,0.39744271742530357,12
7,28.199999999999882,0.15873216487118552,0.056834413326219364,0.3494034810018568,12
7,28.299999999999883,0.12160250324943175,0.06020474506657297,0.31979127813930874,12
7,28.399999999999878,0.11416473465964515,0.0701574432193317,0.270789394373861,11
7,28.49999999999988,0.12403930538170592,0.04340875537659375,0.23386129119525764,11
7,28.59999999999988,0.13092126128785161,0.03193419043824073,0.21231791269921865,11
7,28.699999999999882,0.11972544285837133,0.051712863408952925,0.17633160823402236,10
7,28.799999999999883,0.08661781878381342,0.04678995170687002,0.14226151856687702,10
7,28.899999999999878,0.06785447846580898,0.04659646794218967,0.12317158676653986,10
7,28.99999999999988,0.06150274690457279,0.03715434788117482,0.10300453225890979,10
7,29.09999999999988,0.06619897190446682,0.0259714457571471,0.08840054944880818,9
7,29.199999999999875,0.0537786701977434,0.021092234637281163,0.06939482362550753,9
7,29.299999999999876,0.03661698660299949,0.019975839090196665,0.06060098508748379,9
7,29.399999999999878,0.032945415147122,0.01924574632383469,0.057354527403827384,9
7,29.49999999999988,0.03358699792200831,0.02359152023789229,0.052666208091223604,9
7,29.59999999999988,0.03218437938633207,0.023055263669928522,0.04940871758711815,9
7,29.699999999999875,0.032991000445945294,0.023826011708297117,0.06002517329196881,9
7,29.799999999999876,0.03406909499797685,0.030498888583001454,0.07471110783819096,9
7,29.899999999999878,0.05250076966965188,0.028641771905478595,0.13398218332534925,9
7,29.999999999999872,0.041258186880995744,0.03229574592588098,0.20608848960707718,9
12,-5.0,0.07079609707548198,0.027877046166386248,0.1086010648037999,22
12,-4.9,0.06422731472362303,0.02677793283502386,0.09322643307505545,22
12,-4.800000000000001,0.05175923594868416,0.03013154605332067,0.08343642512654628,22
12,-4.700000000000001,0.043024844669054395,0.03144727530601065,0.08557649488821874,22
12,-4.600000000000001,0.041608424289408336,0.027063854247143884,0.0829394237723364,22
12,-4.500000000000002,0.04002000235802478,0.02586894521484163,0.08159707193292058,22
12,-4.400000000000002,0.044311483859469876,0.022553604378422246,0.08686406670368689,22
12,-4.3000000000000025,0.04937968298240611,0.02089817742255168,0.07368100581548707,22
12,-4.200000000000003,0.04882741826220882,0.023123882269732172,0.07123677176346623,22
12,-4.100000000000003,0.05438061231879782,0.022563483056275653,0.08121068322613445,22
12,-4.0000000000000036,0.05583656756036591,0.02197769699564867,0.09210305468684843,22
12,-3.900000000000004,0.06026490549565012,0.02972944702205367,0.08456352496232195,23
12,-3.8000000000000043,0.0602818166537689,0.028023731284914366,0.0827379307008917,23
12,-3.7000000000000046,0.053889235416041424,0.022079305003239402,0.08660817147407907,23
12,-3.600000000000005,0.043450620600062266,0.020703628600902874,0.07501361881199346,23
12,-3.5000000000000053,0.03503404261812139,0.0218012541248818,0.06692570516455365,23
12,-3.4000000000000057,0.0308005127397928,0.023246277154745542,0.06291763203250644,23
12,-3.300000000000006,0.029617221681789294,0.018417728041154026,0.05803413341599045,23
12,-3.2000000000000064,0.026404403561388318,0.019361590372644143,0.05512375626442188,23
12,-3.1000000000000068,0.027737475041154556,0.01491265695837302,0.05380515006546373,23
12,-3.000000000000007,0.026894979401943974,0.015741381467605155,0.05192381567745116,23
12,-2.9000000000000075,0.028409777093351064,0.019041153810314817,0.05586661826998193,23
12,-2.800000000000008,0.02914509097747555,0.016661537290577073,0.07199869465217543,23
12,-2.700000000000008,0.02709544245336168,0.015547592467286802,0.06338538275039969,24
12,-2.6000000000000085,0.02704695482885703,0.018435485353474904,0.06602661919400864,24
12,-2.500000000000009,0.0425661158180112,0.01814665229056705,0.06933103078980168,24
12,-2.4000000000000092,0.04670048868987062,0.018425392490780877,0.10022839759674249,24
12,-2.3000000000000096,0.04850402084996492,0.01825332434256786,0.12146865227165993,24
12,-2.20000000000001,0.04595084559803061,0.020332908436299594,0.12147657930589775,24
12,-2.1000000000000103,0.04137013987284251,0.020075749653594935,0.10061978166801047,24
12,-2.0000000000000107,0.04520131990919611,0.019057501590359904,0.10420735724310665,24
12,-1.900000000000011,0.04704375382440846,0.02409642419685233,0.10854846889574082,24
12,-1.8000000000000114,0.05863304941484375,0.016619539303977734,0.1132566236731977,24
12,-1.7000000000000117,0.0621728573784886,0.017239755643995984,0.12021663166638788,24
12,-1.600000000000012,0.06301344426779418,0.03072002576127674,0.13351750184788017,25
12,-1.5000000000000124,0.066977161773394,0.029676551535909205,0.1310319635462791,25
12,-1.4000000000000128,0.05933056859571386,0.03715701911890181,0.11817642610497714,25
12,-1.3000000000000131,0.07687414770885445,0.04990144719722965,0.11820884361688545,25
12,-1.2000000000000135,0.0789534728754254,0.04820240271556132,0.12656634279514192,25
12,-1.1000000000000139,0.08028767664973581,0.053841867678427024,0.11115117906464965,25
12,-1.0000000000000142,0.078451366370751,0.05693967047918556,0.14154602283281997,25
12,-0.9000000000000146,0.08155013597588719,0.05891872980641085,0.1402972530871286,25
12,-0.8000000000000149,0.08817860557038235,0.07079178600247824,0.14380472080989115,25
12,-0.7000000000000153,0.09507676636394005,0.07165483615321447,0.17555550416517882,25
12,-0.6000000000000156,0.11090336593074149,0.07830286322756125,0.15034759391197178,25
12,-0.500000000000016,0.11384465293274969,0.0875466217663948,0.15475848069716247,25
12,-0.40000000000001634,0.10958116014617567,0.09915626644638133,0.160268150899989,25
12,-0.3000000000000167,0.13933719268269826,0.11847587231324308,0.16176600103461306,25
12,-0.20000000000001705,0.18383107941037125,0.17364717873381869,0.22483771544706385,25
12,-0.10000000000001741,0.2501442349538167,0.24064618889379386,0.2713475120959343,25
12,-1.7763568394002505e-14,0.310329395156153,0.30676877511055894,0.31391490505333264,26
12,0.09999999999998188,0.37801652196547164,0.3281946323340587,0.39740331257123507,26
12,0.19999999999998153,0.4389367331458136,0.3247348581962313,0.47753776068679604,26
12,0.29999999999998117,0.4759206828074788,0.2907707405786801,0.5692004954068403,26
12,0.3999999999999808,0.4997483678760416,0.21309114570138876,0.6589887838130202,26
12,0.49999999999998046,0.5143512121575649,0.18087931566100168,0.7305537785423477,26
12,0.5999999999999801,0.5121010644351681,0.14576736041204658,0.7576787210197092,26
12,0.6999999999999797,0.5187553336119176,0.15320314443978214,0.7568175280726925,26
12,0.7999999999999794,0.5287932037268169,0.17662020828504033,0.7673713709369858,26
12,0.899999999999979,0.5439126714364694,0.16662850742998236,0.7856314122017837,26
12,0.9999999999999787,0.5883052191430824,0.14930648081999523,0.839379068904055,26
12,1.0999999999999783,0.6582415077875242,0.13504140111204438,0.8021092144940809,26
12,1.199999999999978,0.6954643319119951,0.15369996875420158,0.852121977140225,26
12,1.2999999999999776,0.719275005632071,0.17836633729351892,0.8765125445574721,26
12,1.3999999999999773,0.7235302686834197,0.2271381184077799,0.8745744492330989,26
12,1.499999999999977,0.7538668801887434,0.2610027146205465,0.9194087187472186,26
12,1.5999999999999766,0.7636509457020288,0.2725785766232518,0.9284495248610187,26
12,1.6999999999999762,0.8008548932915881,0.2671627748905909,0.9049481647928258,26
12,1.7999999999999758,0.8301313941954973,0.2448009635973009,0.9431468247498761,26
12,1.8999999999999755,0.853187177585905,0.21600802970396638,0.9971874863480475,26
12,1.9999999999999751,0.875184948977249,0.2224224863418,1.0192695774258895,26
12,2.0999999999999748,0.8869185642435844,0.25542164408724516,1.0009413752213996,26
12,2.1999999999999744,0.9311891602894675,0.2848642130893788,1.0317652330097573,26
12,2.299999999999974,0.9162898965495794,0.2952260192031105,1.072241383525216,26
12,2.3999999999999737,0.9443944027481612,0.2692647005134981,1.06957245751697,26
12,2.4999999999999734,0.9187771304054397,0.24984680629333322,1.0783983630059133,26
12,2.599999999999973,0.8470935596143174,0.233816589782473,1.0978135809635237,26
12,2.6999999999999726,0.8528748024561965,0.2104286803455066,1.0764782503294572,26
12,2.7999999999999723,0.8603565091482828,0.18350827811405562,1.0891363598967037,26
12,2.899999999999972,0.8964027509385305,0.20073445152251082,1.0493325719688154,26
12,2.9999999999999716,0.8905403515560667,0.1965215135692915,1.074970548380477,26
12,3.0999999999999712,0.9452670618146181,0.17937313864300022,1.0897735064052605,26
12,3.199999999999971,0.9173392012269219,0.1953652563192574,1.1012044321563184,26
12,3.2999999999999705,0.8954741421256718,0.1900106845579649,1.1300966033187472,26
12,3.39999999999997,0.9100745929009146,0.16388291802485588,1.1007932757458634,26
12,3.49999999999997,0.8955881749297895,0.1763741507932471,1.1109652503298137,26
12,3.5999999999999694,0.9437552908248494,0.19407277230692502,1.0772891326303558,26
12,3.699999999999969,0.9556600942157913,0.2178815546654801,1.0770869331603106,26
12,3.7999999999999687,0.9578868414272248,0.25187027231624287,1.106559745276385,26
12,3.8999999999999684,0.939531507993583,0.2706430024113268,1.1188755359458402,26
12,3.999999999999968,0.9386530902058621,0.27709044310591335,1.0860429277465582,26
12,4.099999999999968,0.8527785654837079,0.20785337148294603,1.149790249855546,26
12,4.199999999999967,0.8868821854581703,0.14400021532964058,1.1484954012439659,26
12,4.299999999999967,0.8733659565585801,0.14596704625625415,1.1596639018940744,26
12,4.399999999999967,0.9409399501118447,0.171543534527168,1.1968649838716459,26
12,4.499999999999966,0.9481304293858228,0.2197939103777795,1.1868820769898951,26
12,4.599999999999966,0.9327708917012465,0.2306906282194154,1.1464678141166353,26
12,4.6999999999999655,0.9370129010246261,0.27942639925645396,1.173828278027864,26
12,4.799999999999965,0.9422246441684727,0.3248146522097827,1.1381835268396043,26
12,4.899999999999965,0.9641718481770964,0.3307991702379224,1.1729841030172536,26
12,4.9999999999999645,0.9385948243201938,0.32047315292249023,1.1437118626332852,26
12,5.099999999999964,0.9165432954106341,0.3861849403501789,1.145265059555953,26
12,5.199999999999964,0.9606343065043319,0.400752071647659,1.1558562328748831,26
12,5.299999999999963,0.9844364766212277,0.3436120431775324,1.115646942694701,26
12,5.399999999999963,1.0211418148734284,0.3722477819003656,1.1405158096168706,26
12,5.499999999999963,1.0413228129388776,0.3832036842560568,1.2111541520605915,26
12,5.599999999999962,1.0540647992336694,0.382440596592221,1.166873312510038,26
12,5.699999999999962,1.0119913093486017,0.39749396115640734,1.179931067075371,26
12,5.799999999999962,0.9871043559823707,0.41440209240662507,1.2161799504071187,26
12,5.899999999999961,0.9877744182987144,0.3958631640287731,1.1712757173625867,26
12,5.999999999999961,0.9724604617318713,0.4278274030364342,1.1857405161926367,26
12,6.099999999999961,1.004201971377767,0.49130374644713926,1.1388221809083539,26
12,6.19999999999996,1.008072770463834,0.5537188941758281,1.1236525715853223,26
12,6.29999999999996,0.9972224804829244,0.5334481836554978,1.1249460428311657,26
12,6.3999999999999595,1.0012306758047118,0.48961334575444243,1.1119189389531925,26
12,6.499999999999959,0.9565233964746771,0.46330438387120015,1.093785463315863,26
12,6.599999999999959,0.9746862860544605,0.45708221433002144,1.092262750575484,26
12,6.699999999999958,1.0068982793450496,0.45107696828278454,1.0833269528670004,26
12,6.799999999999958,0.9991883288102409,0.5367606799400326,1.1063383354906555,26
12,6.899999999999958,1.0132373884247405,0.6225573755894963,1.135149691776149,26
12,6.999999999999957,0.9992659505622934,0.6437998130420082,1.0725622742612253,26
12,7.099999999999957,0.9838746370249385,0.6404685070233781,1.0728254013514378,26
12,7.199999999999957,0.9897527409745797,0.5603066783505178,1.0538029454917335,26
12,7.299999999999956,1.000577623705725,0.5544416592885981,1.061876863808433,26
12,7.399999999999956,1.0172026672905576,0.5918702353854306,1.1133668690606413,26
12,7.499999999999956,1.0221035532420997,0.5883527042381771,1.1297970582541805,26
12,7.599999999999955,0.9947163455678227,0.5452402878270907,1.177338362700182,26
12,7.699999999999955,1.037626045085811,0.5336481074383761,1.1333209713881414,26
12,7.7999999999999545,1.026752436374696,0.5525301944480089,1.0963328186380248,26
12,7.899999999999954,1.0177020973824984,0.6192073161017043,1.0871696230250607,26
12,7.999999999999954,1.0076866774578481,0.6625643105705494,1.0710157199539843,26
12,8.099999999999953,0.9978185479031316,0.6768204558669437,1.1012203236668057,26
12,8.199999999999953,1.0022516059740383,0.6748698757982479,1.122065167863472,26
12,8.299999999999953,1.003955424410984,0.6538342787199908,1.1218239669133756,26
12,8.399999999999952,1.0132545604028462,0.639677585789744,1.1276160963072221,26
12,8.499999999999952,0.9828609697117818,0.6347733018966358,1.1326411221153867,26
12,8.599999999999952,0.9864570027170538,0.6476929349252285,1.1303829952755382,26
12,8.699999999999951,1.0047694877505198,0.6473779774920985,1.1079568223910097,26
12,8.799999999999951,0.9915230055050198,0.6115614873627578,1.1189360399695063,26
12,8.89999999999995,0.972580021056096,0.6135100546843503,1.0667517013497936,26
12,8.99999999999995,0.9760051296350118,0.6349245208346662,1.109535468895774,26
12,9.09999999999995,0.9764615934592991,0.6625323863498099,1.1203950306615875,26
12,9.19999999999995,0.918791067849731,0.6178849020499465,1.1038654213646517,26
12,9.29999999999995,0.8559646448036449,0.6187702913770473,1.1322842460417724,26
12,9.399999999999949,0.8648192567688132,0.5653330765902584,1.1601473011296337,26
12,9.499999999999948,0.8586293965289069,0.5903891970030046,1.1095838309982218,26
12,9.599999999999948,0.8528190780754064,0.6110220441972987,1.1424238867035623,26
12,9.699999999999948,0.9223563986471018,0.7035588932845389,1.0896623506208774,26
12,9.799999999999947,0.9277880381546597,0.7264526927758757,1.1350751788956706,26
12,9.899999999999947,0.9761718484473993,0.6589812653453249,1.1922517499091763,26
12,9.999999999999947,0.998073980962402,0.6716151002495934,1.1980014882275107,26
12,10.099999999999946,0.9833781717801332,0.678306867529894,1.146156903290587,26
12,10.199999999999946,1.0041616050961817,0.7479498587267189,1.1625828353942926,26
12,10.299999999999946,1.0009347224589806,0.7752215224953655,1.1644049117308928,26
12,10.399999999999945,1.0062497849527157,0.7925550962297552,1.1929286450882235,26
12,10.499999999999945,0.9780490790972374,0.8049060345359393,1.1753915553841856,26
12,10.599999999999945,0.9757354697227272,0.6932289877848712,1.1975625049714236,26
12,10.699999999999944,0.9916390149718026,0.6613703044049458,1.132651320346504,26
12,10.799999999999944,0.9480200635510699,0.7810674700262382,1.1246134060808055,26
12,10.899999999999944,0.9752488386162885,0.8001143785894018,1.147535240202591,26
12,10.999999999999943,0.9868266614664543,0.7528643018010879,1.1783007767373024,26
12,11.099999999999945,1.0258683235445942,0.8572473493875261,1.2062550867384094,26
12,11.199999999999942,1.0405367850293183,0.8389799567234666,1.1330543722902306,26
12,11.29999999999994,1.0330926410063714,0.8548841964492488,1.1813583311808713,26
12,11.399999999999942,1.0305581065882852,0.8397439855656756,1.2089487523581797,26
12,11.499999999999943,1.0457573976008878,0.8100849141397856,1.189280777095587,26
12,11.599999999999941,1.0235359050992217,0.7979250039699086,1.1821962260162533,26
12,11.699999999999939,1.0472348144133417,0.7624557723406614,1.1737295828398178,26
12,11.79999999999994,1.0390199456375262,0.7753402778580774,1.1647827959464765,26
12,11.899999999999942,1.0337075400508913,0.7438473719604384,1.158820515025326,26
12,11.99999999999994,1.0411784232449577,0.8428912385887176,1.1080674777574528,26
12,12.099999999999937,1.028093085154449,0.808564537422446,1.1164721171023961,26
12,12.199999999999939,1.0061363043206801,0.8255346910945669,1.1230598829721352,26
12,12.29999999999994,0.9970404453942847,0.8184032807110925,1.108947765864929,26
12,12.399999999999938,0.989409511328659,0.7154067428745677,1.0901157535326158,26
12,12.499999999999936,0.9864979012001913,0.717621724955947,1.1157772793953784,26
12,12.599999999999937,0.9935534267644553,0.8630037262362023,1.1072185348492276,26
12,12.699999999999939,0.9708205839276989,0.882108577437929,1.1227890528460334,26
12,12.799999999999937,1.0104366765386645,0.685017194120554,1.1241437286423661,26
12,12.899999999999935,1.0030234318428257,0.8260822574547678,1.1032408765096207,26
12,12.999999999999936,1.0197053348395353,0.8247133285627823,1.1149660648139739,26
12,13.099999999999937,0.9767844185138819,0.775496873685951,1.0607159794879975,26
12,13.199999999999935,0.9926893094700668,0.8081899470620975,1.065116109080221,25
12,13.299999999999933,0.9904964421682649,0.7276261235413943,1.0505579046003979,25
12,13.399999999999935,0.9850559036067926,0.7202878580756067,1.0540748809583482,25
12,13.499999999999936,0.9513201111345722,0.6610380495872663,1.1117278241445767,25
12,13.599999999999934,0.8996410815585879,0.611291672210836,1.1043128464373773,25
12,13.699999999999932,0.8744304765693937,0.5324297441925845,1.075938938443633,25
12,13.799999999999933,0.93597067985804,0.4587923645675904,1.075252274215301,25
12,13.899999999999935,0.924978739657949,0.40959724207112086,1.068827742873222,25
12,13.999999999999932,0.9236729560237872,0.36065231982480556,1.1161923406508831,25
12,14.09999999999993,0.9340488767643076,0.3135170013519674,1.093611954411327,25
12,14.199999999999932,0.9459781874674454,0.25544378913672716,1.067855329353841,25
12,14.299999999999933,0.8645607757871573,0.1829310957285725,1.0763495839608308,25
12,14.399999999999931,0.8097857599088742,0.18311241380607313,1.0462437642529157,25
12,14.499999999999929,0.8492025748231726,0.27761542413708334,1.0770326213905792,24
12,14.59999999999993,0.7945140186318884,0.21075213600395692,1.0756438568578697,24
12,14.699999999999932,0.7952037152290808,0.1653393284589498,1.0213961158019664,24
12,14.79999999999993,0.7600071688589345,0.1360858632371113,1.0259831522624996,24
12,14.899999999999928,0.7432186989707534,0.11371606387035288,0.9914886612489939,23
12,14.999999999999929,0.756275371329099,0.15146576531890105,0.9451274783185257,23
12,15.09999999999993,0.7276116263274406,0.24262450413406217,0.9237119386683417,22
12,15.199999999999928,0.6704705198968839,0.23522167358754792,0.9016761946613774,22
12,15.299999999999926,0.6436835864364978,0.31296355598345926,0.875206043681307,22
12,15.399999999999928,0.6238700279713004,0.3185752998049134,0.8535877574609895,22
12,15.499999999999929,0.5770168531981086,0.25953760820631167,0.8463684041776196,22
12,15.599999999999927,0.585592466613184,0.20347962663187624,0.8447007011679082,22
12,15.699999999999925,0.5394153200521072,0.1588081852186926,0.8225899387588804,22
12,15.799999999999926,0.4945638971043175,0.13192864528971612,0.7760030581321873,21
12,15.899999999999928,0.546179198796396,0.2507463490724218,0.8032000528487518,20
12,15.999999999999925,0.5063875010024562,0.21748286716458937,0.7359735145750728,20
12,16.099999999999923,0.501901279745958,0.18095247624877936,0.6758602068483186,20
12,16.199999999999925,0.49064096784747735,0.1537867259506143,0.6783081714279068,20
12,16.299999999999926,0.4293760901707213,0.13319662679573074,0.7232359147689783,20
12,16.399999999999924,0.3778791417646076,0.11087120459043245,0.8025775177516131,20
12,16.499999999999922,0.3222777981533329,0.09313066729487927,0.8140466547592078,20
12,16.599999999999923,0.3020596333498273,0.08394623095239571,0.7930701805006561,20
12,16.699999999999925,0.33598863535079126,0.07211108899185652,0.7647945947345354,20
12,16.799999999999923,0.34740973888604343,0.07919189539419126,0.7791343490189637,20
12,16.89999999999992,0.3383211571809529,0.0836279807535103,0.7275575902070608,20
12,16.999999999999922,0.30391648019143985,0.08878932513914888,0.7979563181503129,20
12,17.099999999999923,0.29076032393496953,0.0904657892067531,0.8018578551324087,20
12,17.19999999999992,0.2843253630036716,0.10524048256445241,0.8829452117106898,20
12,17.29999999999992,0.26843010044244286,0.10133646904111829,0.9564279038518747,20
12,17.39999999999992,0.2899504745995574,0.07706454381527507,0.9404204980904669,19
12,17.499999999999922,0.21015463900920764,0.05948224103010963,0.8844080815923288,18
12,17.59999999999992,0.17917261020651326,0.05687497168542483,0.8834505853469128,18
12,17.699999999999918,0.1709875446496792,0.05406428692139909,0.8785432357832739,18
12,17.79999999999992,0.14389866288394068,0.05265394076447132,0.8855925209184319,18
12,17.89999999999992,0.12477158352409139,0.04898917296310831,0.9207671094095942,18
12,17.99999999999992,0.1227530770154894,0.038315942812899864,0.918242056728482,18
12,18.099999999999916,0.11776029988062807,0.03150744173812516,0.9006355603907543,18
12,18.199999999999918,0.11618313637441305,0.03028874914372607,0.8649345429271047,18
12,18.29999999999992,0.12235938403876855,0.033600783191730994,0.8445594824508027,17
12,18.399999999999917,0.1486127332215234,0.03237298392015305,0.8027291535256967,16
12,18.499999999999915,0.17925959665429325,0.03550387196380912,0.8239220580783084,15
12,18.599999999999916,0.41196446193792335,0.03640331895555604,0.8631066156849477,14
12,18.699999999999918,0.38012765633656365,0.05904377659126058,0.8326586743369048,14
12,18.799999999999915,0.40262529660825297,0.05875162536794441,0.8435012636432015,14
12,18.899999999999913,0.4169667602454591,0.05160838705447507,0.808823990188756,14
12,18.999999999999915,0.41926980074207043,0.04601570900954602,0.8110161786498404,14
12,19.099999999999916,0.32158478749289177,0.044556032973182065,0.8142148347037859,14
12,19.199999999999914,0.4476212371173441,0.049485435723995594,0.9389272240556675,13
12,19.299999999999912,0.3810556992237625,0.030263326113977328,0.9707215155609848,13
12,19.399999999999913,0.3050586509195584,0.02880310886106766,0.9805211538802743,13
12,19.499999999999915,0.2567776797550403,0.030187901146459757,0.9708348640061045,13
12,19.599999999999913,0.21121042408193946,0.028058231043558004,0.9222790241117577,13
12,19.69999999999991,0.19178638909906617,0.030965622191043228,0.8435359184777526,13
12,19.799999999999912,0.16161891114624305,0.029459915723921096,0.8487186669812133,13
12,19.899999999999913,0.15130846731323044,0.02428660730158824,0.8466529341493675,13
12,19.99999999999991,0.1635817857100081,0.02820915343588862,0.894276636420299,12
12,20.09999999999991,0.1361063376904047,0.028071503017748946,0.8832630851661604,12
12,20.19999999999991,0.15367629064496838,0.02510632728269863,0.8839601462114801,12
12,20.299999999999912,0.1609876539111465,0.024058866790662672,0.8663189028627084,12
12,20.39999999999991,0.20873574527740782,0.027485798127471296,0.9008710900775048,12
12,20.499999999999908,0.25266202549095385,0.050655111688748575,0.9606509979801201,12
12,20.59999999999991,0.23762586808155034,0.06543514182935528,0.900853635179056,12
12,20.69999999999991,0.22243869649283315,0.07830167731894333,0.8996802765611845,12
12,20.79999999999991,0.20551328391869877,0.09920998406208335,0.894942892463985,12
12,20.899999999999906,0.22827269346840554,0.09624599382053967,0.8850013421930595,12
12,20.999999999999908,0.24732735082470964,0.08789197619628253,0.8911951295413107,12
12,21.09999999999991,0.2675846425909929,0.07054426852862178,0.9449237488175555,11
12,21.199999999999907,0.25195183147003525,0.06137780875134674,0.9614031661615581,11
12,21.299999999999905,0.2560695555451814,0.059029932457100504,0.99016625808303,11
12,21.399999999999906,0.28318516977090613,0.06485013832755074,0.9826870529294209,11
12,21.499999999999908,0.5451955878327658,0.07409026645664653,1.0051481828250388,10
12,21.599999999999905,0.5585890047438932,0.0950673548764095,0.946944386169979,10
12,21.699999999999903,0.5922418594739459,0.10946601845519419,0.8850423909500529,10
12,21.799999999999905,0.6498070446791884,0.11983124834171201,0.8662221162012094,10
12,21.899999999999906,0.6278314641887786,0.10802025088171494,0.8707066663005512,10
12,21.999999999999904,0.6911176448968196,0.05643852711465747,0.9060612381470855,9
12,22.099999999999902,0.7177331815912633,0.05066326035619776,0.9307369478640078,9
12,22.199999999999903,0.7289042021299997,0.0463559116804232,0.8582406039449966,9
12,22.299999999999905,0.7591549740803225,0.051103300763725296,0.9254358050971995,9
12,22.399999999999903,0.7488417802592147,0.07027931316253273,0.9641025298230396,9
12,22.4999999999999,0.7282446275719141,0.09073099745012511,1.0666912553119254,9
12,22.599999999999902,0.6936863956856936,0.12754870072935923,1.0837226920908527,9
12,22.699999999999903,0.6471040317381385,0.16595780022944098,1.091804517784525,9
12,22.7999999999999,0.6151215495595863,0.18486259969097324,1.0967982522882769,9
12,22.8999999999999,0.5912260321700253,0.1907066567440581,0.9776105111190321,9
12,22.9999999999999,0.6815040250905386,0.11405743265127857,1.0136450364564669,8
12,23.099999999999902,0.6486190736711033,0.08224854479897906,1.0284398874497036,8
12,23.1999999999999,0.6592125745015578,0.08627745885724487,1.0145689194105134,8
12,23.299999999999898,0.6668533671148956,0.09058483595971518,0.9752909367358797,8
12,23.3999999999999,0.6681511116582283,0.09766614200103918,0.9732128206577549,8
12,23.4999999999999,0.6708859190284118,0.1031948974503471,0.9798736234929856,8
12,23.5999999999999,0.6580513182753995,0.10189750187491542,0.946056267482063,8
12,23.699999999999896,0.6941512003907594,0.12380477325200517,0.9732074582920252,8
12,23.799999999999898,0.7393804309030598,0.15950188304214707,0.9672127605711311,8
12,23.8999999999999,0.7702108469315814,0.192526865402405,0.9636322378524271,8
12,23.999999999999897,0.802149526719792,0.240516645413772,1.0024452251383131,8
12,24.099999999999895,0.8032769838590338,0.2890958749797583,1.001442328854933,8
12,24.199999999999896,0.7978861751129163,0.3050402816960742,1.009019353589743,8
12,24.299999999999898,0.8125327119902521,0.2925758472732004,0.9490557896761069,8
12,24.399999999999896,0.8159513409996161,0.250019122694913,0.9344774055854446,8
12,24.499999999999893,0.8571622930474341,0.18662799973322444,0.9205807091455827,8
12,24.599999999999895,0.865233397188042,0.14797817551447912,0.9348664416175331,8
12,24.699999999999896,0.8803048833212288,0.1331176090125602,0.937512123991113,8
12,24.799999999999894,0.7712351463379035,0.14198752058418276,0.9303857977505392,8
12,24.899999999999892,0.8689322204960944,0.16394034865000925,0.8810462030074576,8
12,24.999999999999893,0.8049886697694639,0.17392455981081267,0.8760749531676104,8
12,25.099999999999895,0.7078478802130552,0.1587450062800962,0.8736549629323795,8
12,25.199999999999893,0.7035443319327931,0.3201444255872501,0.8787447815393089,7
12,25.29999999999989,0.762044038391187,0.27427150564127256,0.8211618365716079,7
12,25.399999999999892,0.7473166108064921,0.24799888956887822,0.8422505855243572,7
12,25.499999999999893,0.7182379994287603,0.22878513899722783,0.8523680362806434,7
12,25.59999999999989,0.6348498706703475,0.21468279161544157,0.8416930616646523,7
12,25.69999999999989,0.5836217909232078,0.1976397140262607,0.87222809911334,7
12,25.79999999999989,0.5402235154592867,0.19485596356795373,0.7876234093733745,7
12,25.899999999999892,0.49697012825236864,0.21328828357253318,0.7666755216396244,7
12,25.99999999999989,0.4666422082531007,0.2490579089340293,0.7919053027291398,7
12,26.099999999999888,0.5186926945795245,0.2696601982127015,0.7218380021629887,7
12,26.19999999999989,0.5994528988414721,0.2457448686716296,0.7509297865786875,7
12,26.29999999999989,0.6622406002818427,0.2464996147129826,0.6946854999189311,7
12,26.39999999999989,0.6256604188076814,0.26203234507875817,0.6912035544788009,7
12,26.499999999999886,0.5814111212214996,0.2733373523296505,0.6909914585176575,7
12,26.599999999999888,0.4767255939014565,0.2865306970748395,0.6302168265766476,7
12,26.69999999999989,0.46324403646094736,0.2434967522773458,0.6094873441981633,7
12,26.799999999999887,0.3946070777264401,0.32359472292627844,0.5912271545302272,7
12,26.899999999999885,0.419857758955478,0.32442148546785543,0.6229952483909453,7
12,26.999999999999886,0.45072514632839333,0.3367241622710827,0.7269350542501265,7
12,27.099999999999888,0.44906164828036577,0.3491547391426005,0.782617535522248,7
12,27.19999999999989,0.466213364386451,0.35828458009835346,0.6536790835265402,7
12,27.299999999999883,0.3975753135520154,0.3364735805372372,0.6330371555855857,7
12,27.399999999999885,0.3096535914027975,0.2595869945285319,0.6460257948033593,7
12,27.499999999999886,0.24817579665896683,0.19542242531280551,0.5923577726947393,7
12,27.59999999999988,0.26869265993016145,0.14012350226793122,0.584809179940021,7
12,27.699999999999882,0.2759318854140181,0.09600294366119327,0.4940375392697257,7
12,27.799999999999883,0.29256508877584647,0.06681294303689853,0.4157237001675698,7
12,27.899999999999885,0.33145784876797846,0.11180357805044835,0.4998202160277345,6
12,27.999999999999886,0.3106945053754977,0.10692934504899686,0.5199444401977997,6
12,28.09999999999988,0.2922011652237273,0.10056887517556587,0.5808129599658292,6
12,28.199999999999882,0.21819406952527504,0.08668817106864615,0.6384656235153703,6
12,28.299999999999883,0.15419618800022827,0.06718825473790047,0.6183834454355387,6
12,28.399999999999878,0.12142169655316698,0.05645352588682402,0.5503122627654203,6
12,28.49999999999988,0.14083697829301,0.05441059802805445,0.531230950506755,6
12,28.59999999999988,0.21535133445195387,0.06801313121094316,0.5395362986198101,6
12,28.699999999999882,0.3037627219080433,0.09072760768687055,0.5560592364003891,6
12,28.799999999999883,0.35441670597648195,0.10410666717040346,0.549026590329766,6
12,28.899999999999878,0.3757470587738807,0.12005196616189137,0.5310457658715048,6
12,28.99999999999988,0.34359167198327356,0.11244824570476866,0.5477745264596547,6
12,29.09999999999988,0.30509389670907905,0.10722970971281577,0.5859704809580355,6
12,29.199999999999875,0.27009308090013734,0.10744653015811284,0.5745240424836104,6
12,29.299999999999876,0.23327734422751334,0.11085763091167729,0.5545879475677452,6
12,29.399999999999878,0.18945335732693558,0.11116071616804298,0.5083310343467047,6
12,29.49999999999988,0.14516808319741425,0.11049887620433045,0.4480429222117439,6
12,29.59999999999988,0.11684987645767969,0.10506771417777808,0.3738592386301533,6
12,29.699999999999875,0.12509889326833804,0.0814021967910242,0.3388545596109218,6
12,29.799999999999876,0.16963115448441107,0.06638167564066588,0.331561105395495,6
12,29.899999999999878,0.19621746715348606,0.058163474084954495,0.352732408171335,6
12,29.999999999999872,0.2834606953857068,0.09820504835464405,0.39990482071119654,6
15,-5.0,0.04222861077366005,0.021345119265685775,0.07204961061497443,18
15,-4.9,0.043005567000718226,0.026663071779639967,0.06380571231614099,18
15,-4.800000000000001,0.043138323640550855,0.027920590822981754,0.06440353709042052,18
15,-4.700000000000001,0.03954407991623712,0.0310627632307015,0.06778312886600661,18
15,-4.600000000000001,0.04435734554643077,0.021946065627282657,0.059798911378362934,18
15,-4.500000000000002,0.04369972124486009,0.018446805679836014,0.058575338648273065,18
15,-4.400000000000002,0.03394576217899936,0.017647245226804043,0.0691581446774348,18
15,-4.3000000000000025,0.029928515270370052,0.01573777720047437,0.07937905689428856,18
15,-4.200000000000003,0.02872054064047467,0.016931383916957927,0.08429371021508612,18
15,-4.100000000000003,0.03305221666211161,0.01600045921925182,0.07300755468059937,18
15,-4.0000000000000036,0.029713096765383088,0.02004501817562942,0.05832908234979792,18
15,-3.900000000000004,0.03303371891842437,0.020093290456414774,0.06367296820794739,18
15,-3.8000000000000043,0.03524942976881405,0.018064060778254138,0.05502413336252799,18
15,-3.7000000000000046,0.034329596112672014,0.017174085602586483,0.05919998067090475,19
15,-3.600000000000005,0.028229265652348776,0.014054122680480721,0.07720989614581071,19
15,-3.5000000000000053,0.027325878011200826,0.013507945178040097,0.073844144192076,19
15,-3.4000000000000057,0.026074433994455092,0.014615925820594605,0.05720781375496249,19
15,-3.300000000000006,0.023871053562251367,0.013089909056685391,0.05962690777547834,19
15,-3.2000000000000064,0.02387381523071612,0.014505889603926831,0.06956881620223002,19
15,-3.1000000000000068,0.02533318226423499,0.016413564673940624,0.08370339868932494,19
15,-3.000000000000007,0.020465968265304103,0.016500184956836875,0.08581694571641996,19
15,-2.9000000000000075,0.021956475879078313,0.014414742630768744,0.07995266892373089,19
15,-2.800000000000008,0.024824286627220544,0.014227855693034579,0.06783534288406975,19
15,-2.700000000000008,0.03863935382845505,0.015461590341413345,0.05734033323109004,19
15,-2.6000000000000085,0.0403588226845281,0.016626667337358757,0.05069591462302413,19
15,-2.500000000000009,0.030649084715079006,0.01744844022934311,0.06263798182582722,19
15,-2.4000000000000092,0.027969921248042855,0.015626636577429916,0.07478476025975364,19
15,-2.3000000000000096,0.026148619978310913,0.013276101362033603,0.07895916709737423,19
15,-2.20000000000001,0.033471190772368084,0.014128641429419815,0.09384288054194506,20
15,-2.1000000000000103,0.041662533514389394,0.01613472049617632,0.09524557788453195,20
15,-2.0000000000000107,0.049961021910175644,0.015240629808974995,0.09452821502327764,20
15,-1.900000000000011,0.05976119159389595,0.022203096311110525,0.10776029587263034,20
15,-1.8000000000000114,0.0705373523163848,0.024638969630423634,0.11775095808560568,20
15,-1.7000000000000117,0.07736027031320653,0.02051343292834521,0.12669724892519812,20
15,-1.600000000000012,0.08708459029068794,0.0178395387712217,0.13731316721858475,20
15,-1.5000000000000124,0.08059059461273574,0.01398024448597776,0.13451977622436406,20
15,-1.4000000000000128,0.06672713909792394,0.012199086365169537,0.13261220865964868,20
15,-1.3000000000000131,0.06879083227104173,0.0182431376440334,0.1577132900265536,21
15,-1.2000000000000135,0.0655487727581033,0.01907939153092097,0.14059261920205463,22
15,-1.1000000000000139,0.05118031450508285,0.027799365982267128,0.10593232855330367,22
15,-1.0000000000000142,0.05433763470892361,0.032457232617968346,0.10954991518810422,22
15,-0.9000000000000146,0.06358302025641835,0.03508062487902791,0.11938566455250335,22
15,-0.8000000000000149,0.07515832189963766,0.039442051306610645,0.10659302012554077,23
15,-0.7000000000000153,0.08941270296834009,0.046652897299283624,0.11962266927068413,23
15,-0.6000000000000156,0.08586602329718841,0.05781436031403801,0.12271248158283497,24
15,-0.500000000000016,0.10688133010783743,0.06754050001569824,0.16200673091914305,25
15,-0.40000000000001634,0.12370789078462918,0.0780316092169028,0.16348911067812408,26
15,-0.3000000000000167,0.152704368405587,0.1115646001733093,0.20340180872861538,26
15,-0.20000000000001705,0.2002306898868994,0.17503632230958216,0.22511984255407477,26
15,-0.10000000000001741,0.255533448874882,0.24302562172694353,0.2673246813161989,26
15,-1.7763568394002505e-14,0.3124657834606,0.30308787168392654,0.32237295457203663,26
15,0.09999999999998188,0.3645354460921114,0.33322676278607954,0.40082830407253633,28
15,0.19999999999998153,0.4022494689999443,0.33381252248767784,0.48768198745219515,28
15,0.29999999999998117,0.42553870629088586,0.28898198060028946,0.5359931485613922,28
15,0.3999999999999808,0.41687056162653724,0.2521538280628508,0.5615585918840347,28
15,0.49999999999998046,0.36901680276086524,0.2157558822439497,0.5751516872370417,28
15,0.5999999999999801,0.29704367566435463,0.16069919851499034,0.5804877447106757,28
15,0.6999999999999797,0.2189111123791987,0.13782269338638065,0.5752064669349284,28
15,0.7999999999999794,0.18898362364123264,0.12426392544757711,0.5844532058318231,28
15,0.899999999999979,0.22834769379357042,0.09186579396771125,0.6485088249328462,28
15,0.9999999999999787,0.3025624968016756,0.0863608518612869,0.690080885133072,28
15,1.0999999999999783,0.30890071273811726,0.10238926601639278,0.7351153880238539,28
15,1.199999999999978,0.3634451852663008,0.08164763558749431,0.7650284200168369,28
15,1.2999999999999776,0.4075802988678575,0.10282004328333351,0.7465571856596076,28
15,1.3999999999999773,0.3840729270454278,0.10523172780866366,0.7441431225609505,28
15,1.499999999999977,0.38152717138405945,0.1116571790661043,0.738530622179759,28
15,1.5999999999999766,0.3835043449961932,0.12404740869061337,0.7478585564638374,28
15,1.6999999999999762,0.39548127803234845,0.10990213252743782,0.7596948648474561,28
15,1.7999999999999758,0.3693001237084503,0.08550814881404262,0.8027154729484185,28
15,1.8999999999999755,0.381611660397059,0.10190384854875054,0.8334465732899361,28
15,1.9999999999999751,0.42093675097974437,0.11553809664830977,0.8400462646181862,28
15,2.0999999999999748,0.40601020215088585,0.13312047808287078,0.8517325225772804,28
15,2.1999999999999744,0.4963167538941473,0.15749887558706577,0.794113354551107,28
15,2.299999999999974,0.5352714278716455,0.13616710900308984,0.9248372482096392,28
15,2.3999999999999737,0.5428955610226083,0.12675263436654768,0.9523209062893153,28
15,2.4999999999999734,0.5857439416867023,0.1336944168161284,0.9809485677613919,28
15,2.599999999999973,0.6669081520578504,0.15667691317108468,0.9098451521844246,28
15,2.6999999999999726,0.7480372739342238,0.14412558332559888,1.009840475400511,28
15,2.7999999999999723,0.7489873673329406,0.14922794835530837,1.0294245729494997,28
15,2.899999999999972,0.7214644682386477,0.1499087048693713,1.0468181689444989,28
15,2.9999999999999716,0.7452941086405638,0.14542795017140173,0.9918696390196331,28
15,3.0999999999999712,0.7581604400622868,0.133556746461249,1.0110592938554255,28
15,3.199999999999971,0.7732448041666318,0.11494988629175126,0.9567497427793408,28
15,3.2999999999999705,0.7646831788614246,0.09605335546278701,1.035484791475549,28
15,3.39999999999997,0.8034735794294974,0.08837271301750585,1.0601019655165305,28
15,3.49999999999997,0.7601556156417062,0.08821957048151582,1.0097830531410792,28
15,3.5999999999999694,0.7338400878806962,0.10547509951063552,1.073901642482767,28
15,3.699999999999969,0.7225457745148023,0.11466285816345402,1.0244958231486463,28
15,3.7999999999999687,0.7151803816942026,0.1018786713105398,1.0613262207353484,28
15,3.8999999999999684,0.7682422984318855,0.10090447391605094,1.1672495436736998,28
15,3.999999999999968,0.7751205393968215,0.09196294123944784,1.1427629623864668,28
15,4.099999999999968,0.7730475776192174,0.08911703147171002,1.1291294120893014,28
15,4.199999999999967,0.7623249833285348,0.08180143084462152,1.1727036438099132,28
15,4.299999999999967,0.6435689158293298,0.07954665161108276,1.1363235607533504,28
15,4.399999999999967,0.696593704519033,0.08907688792520829,1.1179193836884138,28
15,4.499999999999966,0.660186048943727,0.08955635406662933,1.1512028486469732,28
15,4.599999999999966,0.664516798383598,0.09789045491407163,1.1501473821729284,28
15,4.6999999999999655,0.6513831420323386,0.12739295032638534,1.184196062060153,28
15,4.799999999999965,0.5882774799446511,0.13492456128190616,1.211023142823393,28
15,4.899999999999965,0.6269574097192755,0.11232485620635263,1.1967386500413364,28
15,4.9999999999999645,0.6740783988649328,0.10579282181592047,1.0269938639958966,28
15,5.099999999999964,0.7424194100663566,0.12726792138182,1.0602848405188767,28
15,5.199999999999964,0.7648148784110992,0.120047173523428,1.092972447701261,28
15,5.299999999999963,0.6946773375346322,0.11399049995052465,1.1235977521653138,28
15,5.399999999999963,0.6495284303288413,0.10798904012033306,1.1653291375120292,28
15,5.499999999999963,0.6092503082001397,0.09351097183079113,1.1234545577629833,28
15,5.599999999999962,0.5727508217038557,0.0746424533915917,1.0836314314174482,28
15,5.699999999999962,0.5947100409078592,0.06528963912340352,1.1033751792815432,28
15,5.799999999999962,0.5718095211139499,0.07167105967560751,1.0263191927082533,28
15,5.899999999999961,0.6264074727464213,0.07339862368302366,1.0270279347624642,28
15,5.999999999999961,0.6656818200851682,0.07582865555633582,1.0539980636391304,28
15,6.099999999999961,0.7021774336555866,0.07447771552747147,1.049650861644563,28
15,6.19999999999996,0.7204145562131358,0.06741847776432873,1.0449448568728774,28
15,6.29999999999996,0.7378715673273476,0.059397679709343364,1.0447182698972353,28
15,6.3999999999999595,0.7081758797814793,0.05454553884216492,1.0414118464338438,28
15,6.499999999999959,0.7249698911170962,0.05916161349020086,1.0394955965348665,28
15,6.599999999999959,0.7229782745259543,0.06899947478410497,0.971352784145969,28
15,6.699999999999958,0.7085632024027643,0.08563885704826561,0.9423948877499972,28
15,6.799999999999958,0.7154147263844233,0.10627514140662683,0.9406768449456394,28
15,6.899999999999958,0.7171538966104596,0.08642215057500666,0.9913525875846732,28
15,6.999999999999957,0.7145278379291002,0.06974946514771302,1.0257591122855887,28
15,7.099999999999957,0.7255407962902876,0.061901259311975085,0.9804510961431554,28
15,7.199999999999957,0.690676616410656,0.06597292536938781,1.0039763301194449,28
15,7.299999999999956,0.7220425597235214,0.06783442420756242,1.0436923379221423,28
15,7.399999999999956,0.7113766163746562,0.07265027787749177,1.0474355744720145,28
15,7.499999999999956,0.7521056312582702,0.06547595724415319,1.0599063040508518,28
15,7.599999999999955,0.7370539694996305,0.05782765807592744,1.067772274873385,28
15,7.699999999999955,0.7611762284903607,0.06325679350416728,1.057388603096478,28
15,7.7999999999999545,0.7809310977966759,0.08744867665135334,1.0824576160875434,28
15,7.899999999999954,0.8113325908811694,0.12055309565613516,1.1029897969834932,28
15,7.999999999999954,0.8005983393089401,0.1292928752098807,1.0613471020193002,28
15,8.099999999999953,0.7754634828423723,0.14964939164083846,1.0463537587626779,28
15,8.199999999999953,0.7505993331357819,0.1672250569093307,1.0150834752826972,28
15,8.299999999999953,0.6794338458320941,0.16195179180743052,0.9525634772144622,28
15,8.399999999999952,0.7277044376674793,0.15496796722559672,0.9056881210258255,28
15,8.499999999999952,0.6520650894537232,0.1470462385715436,0.964401034419716,28
15,8.599999999999952,0.6569449480690546,0.13284509317188217,0.972730123241417,28
15,8.699999999999951,0.6220556296851827,0.11495454783838736,1.0632601453625756,28
15,8.799999999999951,0.6655553209786587,0.09762790666722652,1.0556663209091588,28
15,8.89999999999995,0.6015737902402603,0.08891875758669152,1.0113447126001953,28
15,8.99999999999995,0.6168522287571998,0.0977761070494352,1.0200053452182178,28
15,9.09999999999995,0.6454354859886122,0.10539349344277209,1.0074762052993635,28
15,9.19999999999995,0.6224851383044465,0.10587834686534475,1.0434556598012892,28
15,9.29999999999995,0.6200043457963602,0.08034601583334983,1.0483588575542915,28
15,9.399999999999949,0.6419901500348252,0.07568594853176813,1.0603946342865131,28
15,9.499999999999948,0.6544405468065049,0.0976619810137517,1.009090484427937,28
15,9.599999999999948,0.7186035126123076,0.10387171123116395,0.9104379551649882,28
15,9.699999999999948,0.6745889633451541,0.0820125397280636,0.9948005295212912,28
15,9.799999999999947,0.6985620990326638,0.09284290363974922,1.0539088420924698,28
15,9.899999999999947,0.7169974360887363,0.1260224636492586,1.0549167162244553,28
15,9.999999999999947,0.6752956454857024,0.12942883478578773,1.014260703107746,28
15,10.099999999999946,0.6861698951305353,0.12816188995010513,0.9954193056113206,28
15,10.199999999999946,0.6665384786501751,0.13772646140817427,1.0187258060640068,28
15,10.299999999999946,0.670167810044533,0.16625795198679622,0.980451384614412,28
15,10.399999999999945,0.681185072399782,0.18672687449504188,0.9742697465963394,28
15,10.499999999999945,0.69453494180081,0.2099795196257033,1.0212508488568126,28
15,10.599999999999945,0.6933059816808131,0.2418218998663374,1.057374170511625,28
15,10.699999999999944,0.6429785964180652,0.23113617250953178,1.0417466437783751,28
15,10.799999999999944,0.659450546451679,0.21210362985296405,1.056301298272142,28
15,10.899999999999944,0.6678169097539205,0.19731193844434097,0.9809508476280797,28
15,10.999999999999943,0.7000876071910902,0.18799769488580512,0.9773902715210896,28
15,11.099999999999945,0.7579141929581843,0.21196016746250285,0.9523715235787069,28
15,11.199999999999942,0.768419402612257,0.20041279177486498,1.005690162963994,28
15,11.29999999999994,0.7325446953630536,0.20662774032229048,0.9900071017677842,28
15,11.399999999999942,0.6809979477866678,0.21478238335515445,0.9948374739783012,28
15,11.499999999999943,0.7220828115059008,0.2012754848834301,0.9977726831351281,28
15,11.599999999999941,0.6629923604663697,0.1959788255070481,1.0473345559725893,28
15,11.699999999999939,0.7402321713420165,0.1980006648251998,1.0995228071440082,28
15,11.79999999999994,0.7263454929601256,0.21517415324913713,1.0795114054850647,28
15,11.899999999999942,0.7218455466796891,0.18903538885627424,1.1329337290956016,28
15,11.99999999999994,0.6918954375119979,0.19208653993276492,1.135802026001561,28
15,12.099999999999937,0.6458391586986153,0.2058234602011393,1.1189778274419944,28
15,12.199999999999939,0.6486675235794483,0.2303010257086935,1.1211078392954463,27
15,12.29999999999994,0.6374940057019957,0.25501433989952066,1.1579427559916302,27
15,12.399999999999938,0.6352057689134166,0.26717391097075815,1.1445097118138488,27
15,12.499999999999936,0.6418663647128693,0.27368275675109666,1.1476809556692875,27
15,12.599999999999937,0.6706419425114424,0.3109290676819045,1.1776475143838352,27
15,12.699999999999939,0.6659954502032468,0.37073872758643595,1.167473113608295,27
15,12.799999999999937,0.6535693969106778,0.3649847486545031,1.176459430157181,27
15,12.899999999999935,0.6760665423043845,0.3757405813530452,1.1411718354388047,27
15,12.999999999999936,0.6383114227458049,0.3929508972950208,1.1415297458023765,27
15,13.099999999999937,0.6314433038738876,0.35623657254063146,1.163795586246154,27
15,13.199999999999935,0.6758754312233641,0.33704697079292645,1.136339840321308,27
15,13.299999999999933,0.7025246657357491,0.3260106814269371,1.136946808502297,27
15,13.399999999999935,0.7386506827415313,0.3770204688469223,1.144159535958029,27
15,13.499999999999936,0.736453093485819,0.4389814236145754,1.1258822804021702,27
15,13.599999999999934,0.7538683508883085,0.4226554732444853,1.1270746343924278,27
15,13.699999999999932,0.7501103066810337,0.35210401781808376,1.1226212116184382,27
15,13.799999999999933,0.718749649812645,0.24604324332198876,1.1494679021678191,27
15,13.899999999999935,0.7794638962455432,0.21608616582779888,1.0976525415266767,27
15,13.999999999999932,0.7952356727091903,0.20100535651221288,1.1362886825258036,27
15,14.09999999999993,0.8011769519304759,0.22132650479288657,1.1106123721677754,27
15,14.199999999999932,0.8432848693187134,0.2504480944036684,1.1354317024050546,27
15,14.299999999999933,0.8773150242805484,0.2715471637056357,1.0448023224975866,27
15,14.399999999999931,0.8841490054669573,0.2878495199353077,1.0317307023273248,27
15,14.499999999999929,0.840354995263987,0.2880857609812332,1.0352467042337685,27
15,14.59999999999993,0.8789684466660753,0.29050312940457096,1.0364806614861872,27
15,14.699999999999932,0.8465133337821017,0.29409563825029844,1.070207730933546,27
15,14.79999999999993,0.8271809959478572,0.29631585764026347,1.0588642496628615,27
15,14.899999999999928,0.8357655122782902,0.3031575458238558,1.0400234756084603,27
15,14.999999999999929,0.8266369023530231,0.31295524917739964,1.0904212541173908,27
15,15.09999999999993,0.8229877471400295,0.32105460273513975,1.0913885546052027,27
15,15.199999999999928,0.8167823482150456,0.3205984645194293,1.0808377886151295,27
15,15.299999999999926,0.8088834676822731,0.3155700921452507,1.0882003671756757,27
15,15.399999999999928,0.8424159180563588,0.3088378543149358,1.1040288786797636,27
15,15.499999999999929,0.8170214825908434,0.2999602375526487,1.0413298604863228,27
15,15.599999999999927,0.9108545584030492,0.2831617204849639,1.0507796544926173,27
15,15.699999999999925,0.9096255748713873,0.23913235166099944,1.0598361196607573,27
15,15.799999999999926,0.9146065433935477,0.23959404658380845,1.018172840492065,27
15,15.899999999999928,0.8959945767654354,0.27534605973947834,1.035174805399949,27
15,15.999999999999925,0.8257370452471525,0.29135724717099387,1.0176663548396885,27
15,16.099999999999923,0.8137777904479757,0.2590439966456861,1.018687001270369,27
15,16.199999999999925,0.7803902626681722,0.23970290163238522,1.0190339704571394,27
15,16.299999999999926,0.7735742140669698,0.25117546637439725,1.0120580330482785,27
15,16.399999999999924,0.7529947183272434,0.2558753350515159,1.0067014562620884,27
15,16.499999999999922,0.7203317972935908,0.27186522875122004,0.9881603015131897,27
15,16.599999999999923,0.7197939210165739,0.2538881012526777,1.033363561656043,27
15,16.699999999999925,0.7040618985211974,0.2303735598410617,1.0362355772911904,27
15,16.799999999999923,0.6768336465957915,0.2013015658645422,1.075749060718225,27
15,16.89999999999992,0.685798996490113,0.17999818025290212,1.0653755601531574,27
15,16.999999999999922,0.6472696298511041,0.16320348945704383,1.0242829466209247,27
15,17.099999999999923,0.5878236643359243,0.15857234627576314,0.9998388496560022,27
15,17.19999999999992,0.5913284048693279,0.16884172435692613,1.008149345193798,27
15,17.29999999999992,0.6212201754212331,0.19339029511968697,1.017336959112504,27
15,17.39999999999992,0.6364487526552656,0.2133105326232672,1.0324906480005145,26
15,17.499999999999922,0.5826218667587073,0.22427953042588356,1.0350646765663116,26
15,17.59999999999992,0.5466354282426705,0.18946132582777886,1.0376684793567903,26
15,17.699999999999918,0.5915183435337515,0.12725064143226386,1.04762081784005,26
15,17.79999999999992,0.6119177630747163,0.0936815925208993,1.0944316128387617,26
15,17.89999999999992,0.6208719547908197,0.10072197651529766,1.0266062043133461,26
15,17.99999999999992,0.6016656477510425,0.09843576207182159,1.0227905312399108,26
15,18.099999999999916,0.5750494813244473,0.1044334475103874,1.0248533660858905,26
15,18.199999999999918,0.5637828279073713,0.10918057842505928,1.033873331565684,26
15,18.29999999999992,0.5307934436496188,0.08439299762835456,1.0357269337164738,26
15,18.399999999999917,0.5182042719037161,0.060572831270106306,1.0223814867860757,26
15,18.499999999999915,0.5376152660159181,0.0554296908826271,1.0623116261598347,26
15,18.599999999999916,0.5383537885775138,0.05062828869121275,1.002691237772589,26
15,18.699999999999918,0.5355586856476378,0.04966455719476967,1.0483417024836115,26
15,18.799999999999915,0.5081971832771892,0.04330667980512065,0.9960887932989938,26
15,18.899999999999913,0.5020573505877433,0.03860841382881075,0.9776012166527938,26
15,18.999999999999915,0.49858738909369027,0.037756563735920165,1.0053110522223854,26
15,19.099999999999916,0.5111745621800408,0.03695212881309323,0.9858613089807992,26
15,19.199999999999914,0.5633380559847885,0.04157933384627326,0.9373169654826131,26
15,19.299999999999912,0.5926637214625416,0.043843431500742575,0.9428003966901184,26
15,19.399999999999913,0.5796497564259036,0.04483643235125226,0.9088391980242273,26
15,19.499999999999915,0.5589994663958653,0.0499279715938907,0.9136204011350588,26
15,19.599999999999913,0.5029298465793361,0.052262105531591524,0.8969576667199184,26
15,19.69999999999991,0.47587059210089366,0.05600437817195607,0.9274079873279379,26
15,19.799999999999912,0.4774553056869663,0.055678046922951335,0.9449405154480468,26
15,19.899999999999913,0.5083434936600663,0.056106298859426654,1.0187273827940944,26
15,19.99999999999991,0.548807918136963,0.06637142763084652,1.0100641897953224,26
15,20.09999999999991,0.5357892918038321,0.05965088091738166,1.0725888623272417,26
15,20.19999999999991,0.472843764310699,0.0485499065676908,1.049449871061837,26
15,20.299999999999912,0.4045443445347256,0.045460995895673185,0.9917871884131738,26
15,20.39999999999991,0.3540005145138304,0.05763276018958064,0.9943745025641472,26
15,20.499999999999908,0.3331261335153961,0.06279345430527963,0.9676579599734516,26
15,20.59999999999991,0.3038920378108262,0.07067692917960852,0.9924807200530017,26
15,20.69999999999991,0.2913777513098365,0.06648671474435715,0.9929562809517762,26
15,20.79999999999991,0.284522885045283,0.05730643328855195,0.9615258082791667,26
15,20.899999999999906,0.2868051635979204,0.0478503915089406,0.936094878399219,26
15,20.999999999999908,0.29861996171510263,0.05021458243607173,0.9452199695502501,26
15,21.09999999999991,0.30388336307422237,0.05471062996257705,0.9361432526847825,26
15,21.199999999999907,0.3323287786160599,0.0677498282441762,0.9366086891641354,26
15,21.299999999999905,0.34940331073075254,0.05514847266870789,0.9041329416590751,26
15,21.399999999999906,0.35241789445375726,0.062421474767639165,0.8901210162520136,26
15,21.499999999999908,0.33690156548193667,0.05543491596661852,0.8975040964217318,26
15,21.599999999999905,0.3098318723945327,0.04662968754008154,0.902472280561137,26
15,21.699999999999903,0.30324801535038326,0.04340916082039483,0.9312083336275061,26
15,21.799999999999905,0.3065347883016234,0.05222194044498239,0.9227829783778343,26
15,21.899999999999906,0.31271588772022235,0.04878955283022386,0.9048792164059394,26
15,21.999999999999904,0.30952476317986244,0.045180575800007665,0.848788410612565,26
15,22.099999999999902,0.27786088903285616,0.044885467684691246,0.8797769786979014,26
15,22.199999999999903,0.3114725952179528,0.09080635165857368,0.8773872107953176,25
15,22.299999999999905,0.315399887362494,0.10009104232380263,0.8629783653647378,25
15,22.399999999999903,0.30009196380376596,0.09571732690218311,0.8432192487187277,25
15,22.4999999999999,0.37404949608228555,0.09987161651321595,0.8173005369148724,25
15,22.599999999999902,0.4756175061070691,0.07990021136583418,0.867294741150672,25
15,22.699999999999903,0.48209162220333723,0.061209450499054505,0.8459186008026726,25
15,22.7999999999999,0.5201363189188593,0.05034672621948337,0.8218357475972562,24
15,22.8999999999999,0.5336896437785905,0.04068967335065383,0.8139861794700716,24
15,22.9999999999999,0.5108988791814024,0.05127120675800316,0.8754575815950093,24
15,23.099999999999902,0.4917074605358017,0.04341334426991036,0.8283560905940742,24
15,23.1999999999999,0.4958342837928298,0.04690505268174833,0.7979116862140495,24
15,23.299999999999898,0.4795115025782938,0.0434630254719729,0.7855701481170049,24
15,23.3999999999999,0.4654579437092916,0.03756513231797419,0.7744333905998041,24
15,23.4999999999999,0.4127373293020534,0.033760885911627625,0.7580125114318317,24
15,23.5999999999999,0.3975654123853877,0.035959109793501,0.8122073935817703,24
15,23.699999999999896,0.3852700462584626,0.04004266894269316,0.8408234683793918,24
15,23.799999999999898,0.3708945604843713,0.04033354182082287,0.8427161732859897,24
15,23.8999999999999,0.3671249660211112,0.03321480595347013,0.8018484827387947,24
15,23.999999999999897,0.35871726701695694,0.027799304333999252,0.7921283928226434,24
15,24.099999999999895,0.3590102249005226,0.023772916149701985,0.7511351112655398,24
15,24.199999999999896,0.3698828871417398,0.023851468062874685,0.705312225417561,24
15,24.299999999999898,0.3780160036752579,0.025447086752091813,0.7205037624735513,24
15,24.399999999999896,0.3596321320855931,0.026294696127441796,0.67057169678835,24
15,24.499999999999893,0.34158894005812057,0.025874964906311634,0.6592791016969677,24
15,24.599999999999895,0.3277072641067014,0.026595098445845698,0.6467400417713152,24
15,24.699999999999896,0.3261769957311383,0.02841966059922215,0.6152145189360084,24
15,24.799999999999894,0.28757504006847967,0.0341708483919564,0.6349414162835728,24
15,24.899999999999892,0.25099107499498474,0.04054236422203316,0.6297153183567674,24
15,24.999999999999893,0.2696106264255089,0.03828734769459743,0.6542459398022831,24
15,25.099999999999895,0.29634367537971096,0.04200789888018824,0.682008374150886,24
15,25.199999999999893,0.2878580084810558,0.046218593262192555,0.6102735537146705,24
15,25.29999999999989,0.2930552384543792,0.043306475445711305,0.6623655887209967,24
15,25.399999999999892,0.29184158383822545,0.04204365742287058,0.6878115263371893,24
15,25.499999999999893,0.2882719898976184,0.03863271829794542,0.7303927248557414,24
15,25.59999999999989,0.2831652511256895,0.03377432671164336,0.792620133857245,24
15,25.69999999999989,0.30389364044311096,0.033626104508273,0.744824371183149,24
15,25.79999999999989,0.30551866219885104,0.03090087304262951,0.7811253710753456,24
15,25.899999999999892,0.2665643235926721,0.03730248403316137,0.7609642414452584,24
15,25.99999999999989,0.20607812138510867,0.038729603479560455,0.8117178256909718,24
15,26.099999999999888,0.14636470762302498,0.03709095077626595,0.7797696431915129,24
15,26.19999999999989,0.12290495314944894,0.03485475914237966,0.7594169943526317,24
15,26.29999999999989,0.11083830163490932,0.041246224216830205,0.8181414231754793,24
15,26.39999999999989,0.1144871187512681,0.04029275529013575,0.8009108233289087,24
15,26.499999999999886,0.14030633777142132,0.035817470504215784,0.7994005365502163,24
15,26.599999999999888,0.1680358338034727,0.030503555559274777,0.7250258911933251,24
15,26.69999999999989,0.18669532489094726,0.02498626431778371,0.645232572398447,24
15,26.799999999999887,0.209949683532993,0.020232297101729364,0.6245653933323507,23
15,26.899999999999885,0.20068824776003205,0.019501625414307652,0.5877820762042729,23
15,26.999999999999886,0.1848286300238479,0.017689046856956932,0.5936338688058387,23
15,27.099999999999888,0.19232216411719344,0.018302213350089608,0.5806386647077992,23
15,27.19999999999989,0.16840039971011628,0.015835749436022527,0.5784564724213804,23
15,27.299999999999883,0.1332709486853175,0.012845715850778677,0.5902178128887512,23
15,27.399999999999885,0.10461196287797811,0.016890398897485028,0.5930818610389516,23
15,27.499999999999886,0.1144776476680103,0.020804394751919475,0.5809354980777278,23
15,27.59999999999988,0.16243545903426737,0.019956227577907524,0.5683810751300955,23
15,27.699999999999882,0.15780269302550373,0.020349342277011715,0.5768063447458951,23
15,27.799999999999883,0.09971232671273857,0.02070896382825336,0.6173300600714123,23
15,27.899999999999885,0.09866598185104755,0.03217933674101631,0.6964511168121499,22
15,27.999999999999886,0.10321139177860948,0.03691007403950219,0.6978054040439368,22
15,28.09999999999988,0.10031732654279732,0.03764816934422477,0.6707027086555732,22
15,28.199999999999882,0.09740055805275186,0.036752029775203886,0.6459693788717872,22
15,28.299999999999883,0.10225279384514074,0.03969046010565684,0.5971539195586612,22
15,28.399999999999878,0.10593151901935867,0.037864865943719364,0.6109432305434666,22
15,28.49999999999988,0.09673121717294873,0.03900314871283555,0.6192311488937847,22
15,28.59999999999988,0.09033406369935933,0.0350345857898975,0.6013473738518735,22
15,28.699999999999882,0.09351236227649788,0.028816873159369757,0.6434408430804637,22
15,28.799999999999883,0.08934561912480075,0.03292142909501102,0.6707338056046995,22
15,28.899999999999878,0.07525136867215805,0.043640053401065707,0.7379700981944414,21
15,28.99999999999988,0.09237903791957838,0.05493249010708966,0.7074865138701283,20
15,29.09999999999988,0.08737824830459676,0.04727148851352437,0.6890853743278023,20
15,29.199999999999875,0.079464414897993,0.03649264881562596,0.6305315735526976,20
15,29.299999999999876,0.06448124022568298,0.0288882835923549,0.6156798686517947,20
15,29.399999999999878,0.05175910036537598,0.027322144421205338,0.634150692023249,20
15,29.49999999999988,0.047000860278860496,0.02332236305705239,0.5824353447657373,20
15,29.59999999999988,0.04824944131186817,0.023094154065090855,0.5232374321480807,20
15,29.699999999999875,0.04838786213391856,0.02762652086991748,0.4552304596921159,20
15,29.799999999999876,0.04690968692090654,0.028207849631262116,0.4039687146688178,20
15,29.899999999999878,0.05517012325290724,0.026468310849420237,0.39433518634581044,20
15,29.999999999999872,0.06132024128439213,0.03304817670130547,0.3909877707984062,20
16,-5.0,0.02445290169450167,0.009047582488837014,0.04560510903398939,16
16,-4.9,0.02124526114562715,0.009535128392585463,0.05241006484161009,16
16,-4.800000000000001,0.02562846638451738,0.01008066797647442,0.04296377767636397,16
16,-4.700000000000001,0.016548892283842202,0.010206807093385433,0.054273846727927594,16
16,-4.600000000000001,0.013421649873666987,0.009741258870108477,0.06014178188238145,16
16,-4.500000000000002,0.0160901227566005,0.01020821239378025,0.05751934002560783,16
16,-4.400000000000002,0.018146289638711392,0.010606996284104673,0.046695802102480734,16
16,-4.3000000000000025,0.01889847109799394,0.0112730785758591,0.04023827630947205,16
16,-4.200000000000003,0.017767736498626938,0.011116099572126807,0.038740666672504656,16
16,-4.100000000000003,0.015960060267574055,0.011991618881175461,0.039296592396948,16
16,-4.0000000000000036,0.015089178599362884,0.010187349402926704,0.04105527155894422,16
16,-3.900000000000004,0.015391339572968862,0.007547646638462144,0.03546676570115521,16
16,-3.8000000000000043,0.019872496426932198,0.0064191728520456735,0.03225825545171347,16
16,-3.7000000000000046,0.019440648317219818,0.00815098719532652,0.03539424717420235,16
16,-3.600000000000005,0.01805206279604016,0.011356991130663206,0.04855233344132869,16
16,-3.5000000000000053,0.01776341755825008,0.013365926459791863,0.07690539236172947,17
16,-3.4000000000000057,0.017945110186456798,0.014455899635244839,0.07504420100381533,17
16,-3.300000000000006,0.017085333113135013,0.014483879470305843,0.05296445644263521,18
16,-3.2000000000000064,0.019556962756676635,0.014724487337502201,0.048538179248090875,18
16,-3.1000000000000068,0.02181222803033843,0.015843188646706047,0.041298743828704805,18
16,-3.000000000000007,0.027597512022944165,0.017050060563599697,0.06727160954782176,19
16,-2.9000000000000075,0.029159714030211333,0.017460092447278783,0.0696706412848394,19
16,-2.800000000000008,0.035934067578717865,0.019949675929912106,0.07987633061334198,19
16,-2.700000000000008,0.05082166378106453,0.02133752313261823,0.09391326089361673,19
16,-2.6000000000000085,0.05148803937459896,0.022705880750168814,0.09030899086954834,19
16,-2.500000000000009,0.047099550937426196,0.021201044480104847,0.10970529829133627,19
16,-2.4000000000000092,0.04647091265847881,0.01805202284265485,0.10552631402093285,19
16,-2.3000000000000096,0.04184594370761136,0.021712248054796546,0.09793943370566335,19
16,-2.20000000000001,0.040722554948093036,0.02691610798062657,0.09641493277625961,19
16,-2.1000000000000103,0.047782416764549696,0.02772726551474513,0.10758704092907935,19
16,-2.0000000000000107,0.0521276509346479,0.03140920947430541,0.11973955914263132,19
16,-1.900000000000011,0.06225094416643536,0.0408293383758243,0.09792804579646985,19
16,-1.8000000000000114,0.06339139972798033,0.038303926727452295,0.1018035134655918,19
16,-1.7000000000000117,0.05992642785758308,0.031176134924921498,0.11264628582926725,19
16,-1.600000000000012,0.05250966718967387,0.02494736664673312,0.09835553774755382,20
16,-1.5000000000000124,0.0424570246203555,0.019147325344353212,0.11380213572460039,20
16,-1.4000000000000128,0.046908272454596445,0.019156447886194024,0.10642258590649359,21
16,-1.3000000000000131,0.051814274018833754,0.02169534845304944,0.1022578344218265,22
16,-1.2000000000000135,0.07010342613744797,0.02607717753516113,0.09959734071947016,22
16,-1.1000000000000139,0.07686412105298529,0.03620851368796792,0.10845465150376063,22
16,-1.0000000000000142,0.07937863669702742,0.041463095551977476,0.11569877252418517,22
16,-0.9000000000000146,0.06818763755813027,0.05882539860695919,0.12562332584313962,23
16,-0.8000000000000149,0.09040635176317947,0.05466305338068597,0.12574645709846746,23
16,-0.7000000000000153,0.10381477686867988,0.05445793725758705,0.14031091894767858,23
16,-0.6000000000000156,0.12674942522630384,0.05203621653315747,0.14347028913199802,23
16,-0.500000000000016,0.11006832244286241,0.055874755446592914,0.16041322894016624,23
16,-0.40000000000001634,0.12688519712728924,0.07691908120935863,0.177725422268054,23
16,-0.3000000000000167,0.15764984693259648,0.10424947883694863,0.19013812548305153,24
16,-0.20000000000001705,0.1950970243337183,0.16088299533560224,0.22340087493093233,24
16,-0.10000000000001741,0.2545363770403224,0.2411805722180646,0.27165472773395105,24
16,-1.7763568394002505e-14,0.31477173807044545,0.304579840130501,0.32122376603480396,24
16,0.09999999999998188,0.3631849924861683,0.3401535470899222,0.3840547224892053,25
16,0.19999999999998153,0.4049970921033873,0.3400054649396086,0.4712651045889689,25
16,0.29999999999998117,0.446560521322659,0.31418469694333173,0.528310834486401,25
16,0.3999999999999808,0.4512308803464878,0.2952431489936764,0.5856385127463974,25
16,0.49999999999998046,0.44875837086537823,0.28732322740119254,0.6094644729917068,25
16,0.5999999999999801,0.44965231219218715,0.27179637989827,0.6819183885338218,25
16,0.6999999999999797,0.4684671783466263,0.2356115692551522,0.6963921999805445,25
16,0.7999999999999794,0.5393838215911732,0.22914380515084315,0.7283362328259945,25
16,0.899999999999979,0.5601793870241991,0.23290669449576396,0.7734537828334713,25
16,0.9999999999999787,0.6233592899022813,0.2550028280980346,0.8278671689433832,25
16,1.0999999999999783,0.6635851192084393,0.27761318689922404,0.8456878953470536,25
16,1.199999999999978,0.6823163419173394,0.3082818254670582,0.9022495971361055,25
16,1.2999999999999776,0.7045609381306975,0.33284281894769885,0.928788117280163,25
16,1.3999999999999773,0.7741708068375212,0.3212271725855793,0.9523126302247267,25
16,1.499999999999977,0.7949109809993633,0.28841111098657807,0.9465259471195073,25
16,1.5999999999999766,0.8255812285742491,0.24847535125156636,0.9475268156984067,25
16,1.6999999999999762,0.8391378742410601,0.24301970428545058,1.0040260322919607,25
16,1.7999999999999758,0.8739397459733601,0.2351668181857844,1.034692645529046,25
16,1.8999999999999755,0.9148161898994173,0.22111690875279974,1.0562164872968574,25
16,1.9999999999999751,0.9168135975547353,0.21382167398501115,1.068549240142812,25
16,2.0999999999999748,0.9141707898593305,0.23398688377889362,1.089043401857097,25
16,2.1999999999999744,0.9218006472853975,0.24683651312792648,1.0985119020981384,25
16,2.299999999999974,0.9203576603609758,0.23505454466770911,1.1215244306510073,25
16,2.3999999999999737,0.9207547735735034,0.27357635120870855,1.1373083810411253,25
16,2.4999999999999734,0.972938085649235,0.23530560120081465,1.150910964059512,25
16,2.599999999999973,1.0324977979705692,0.2425800400481228,1.153236988799962,25
16,2.6999999999999726,1.0015168275785618,0.21424662670756975,1.1135403609561236,25
16,2.7999999999999723,0.9431818814844922,0.1692239788848807,1.1739825396840304,25
16,2.899999999999972,1.0126113986378913,0.15237269386694033,1.1789932479649325,25
16,2.9999999999999716,0.9680101064604778,0.16253802482052773,1.1896604820421937,25
16,3.0999999999999712,1.0039177770076428,0.1578745782388044,1.1675335728838363,25
16,3.199999999999971,0.9981424052941203,0.17234307195517581,1.2087233786268432,25
16,3.2999999999999705,1.0301069153127154,0.23378984346623113,1.2255183175553226,25
16,3.39999999999997,1.0572729008805375,0.2720149445227375,1.1275632308086951,25
16,3.49999999999997,0.9938235690997346,0.29090449446294353,1.152080561340165,25
16,3.5999999999999694,0.9835030407955424,0.26172024785923725,1.1395315220990434,25
16,3.699999999999969,1.0447773539476009,0.24245736300713902,1.11870782844346,25
16,3.7999999999999687,1.037766703879097,0.22307507843276952,1.1392774773845509,25
16,3.8999999999999684,0.9977645398841376,0.20282464529505012,1.1776748430476425,25
16,3.999999999999968,1.0138707959633408,0.16396842800310638,1.191588297909117,25
16,4.099999999999968,1.0439014418634158,0.13527744911145412,1.162587586690376,25
16,4.199999999999967,0.9916899969836181,0.14167121739233243,1.174588261536372,25
16,4.299999999999967,0.9690076003437723,0.15733093574931373,1.213309561073275,25
16,4.399999999999967,0.8917820737305042,0.18630039690176348,1.1806586990040306,25
16,4.499999999999966,0.8705512848874705,0.16762399556391644,1.192939162166375,25
16,4.599999999999966,0.8002532248913152,0.14137955302548905,1.159149463539581,25
16,4.6999999999999655,0.8486482528453397,0.1520571724978732,1.1443379839172998,25
16,4.799999999999965,0.7944655608741436,0.18359569027851638,1.1636751783035206,25
16,4.899999999999965,0.8190091076721085,0.17172666140386356,1.1516057762382528,25
16,4.9999999999999645,0.8071875664100863,0.16748151506313408,1.1481664846020667,25
16,5.099999999999964,0.782736380243318,0.16764596344879895,1.1297828614255119,25
16,5.199999999999964,0.8345752910777756,0.13632531834187717,1.1159211220353855,25
16,5.299999999999963,0.8712844820631783,0.13328180701696568,1.1369641761088802,25
16,5.399999999999963,0.9414826367158026,0.1212237226822704,1.103616706090453,25
16,5.499999999999963,0.921104498294046,0.12610960352563658,1.1388857297714043,25
16,5.599999999999962,0.9321635160084991,0.13419694824048478,1.1721426114218003,25
16,5.699999999999962,0.9174911987472248,0.1767949583604538,1.1489306165764375,25
16,5.799999999999962,0.8817147674019952,0.16176115838540228,1.0995862698303425,25
16,5.899999999999961,0.8562802187561218,0.13471641169832368,1.129558545754794,25
16,5.999999999999961,0.8718935651385534,0.0987657088311864,1.0718660789696177,25
16,6.099999999999961,0.8755566361265428,0.0974834062190511,1.0917619412941095,25
16,6.19999999999996,0.8626081349703328,0.09126599107576487,1.1213850830969967,25
16,6.29999999999996,0.8586260787700523,0.08006848434554516,1.062285868926368,25
16,6.3999999999999595,0.8876659907866348,0.07246506104846194,1.0371801647413843,25
16,6.499999999999959,0.919999457779883,0.07345722514425893,1.0615454394885977,25
16,6.599999999999959,0.926805224466801,0.08334908761338453,1.0775798186613184,25
16,6.699999999999958,0.9429269800574608,0.0821084111513388,1.1299221416429708,25
16,6.799999999999958,0.9074061418477148,0.08829255473238565,1.1084986373771175,25
16,6.899999999999958,0.8516294870259938,0.10027640815074693,1.119757601461653,25
16,6.999999999999957,0.8351665582978055,0.13355307499231645,1.1366923404508218,25
16,7.099999999999957,0.7641438409761244,0.16249908804369975,1.1158156096917955,25
16,7.199999999999957,0.7345221423372881,0.18918292541486648,1.1010679737055467,25
16,7.299999999999956,0.7119653591645191,0.1858821761005629,1.0858493995614047,25
16,7.399999999999956,0.6948896372768752,0.17733461773544007,1.047715760789948,25
16,7.499999999999956,0.6459667881885935,0.15321649187824748,0.9510060209902308,25
16,7.599999999999955,0.6017044777662358,0.11685430486669124,0.9291180497343456,25
16,7.699999999999955,0.623453669325897,0.11550987418239195,0.9458867051933765,25
16,7.7999999999999545,0.65295863727559,0.10560411129787581,0.9624410915485638,25
16,7.899999999999954,0.5955504564747316,0.16374144778031635,0.9859786595289742,25
16,7.999999999999954,0.5563226801299234,0.19697909098631383,0.9700021734194896,25
16,8.099999999999953,0.5487261533067219,0.15708172445445387,1.1093362221707606,25
16,8.199999999999953,0.5064457576464728,0.11534929928749818,1.1493932329825398,25
16,8.299999999999953,0.5152816004151263,0.07507758042365639,1.1502771403845875,25
16,8.399999999999952,0.44056011069309786,0.05997508620905136,1.1986706190702812,25
16,8.499999999999952,0.4136984076907777,0.051910336854122115,1.1355302427092582,25
16,8.599999999999952,0.36167944984742906,0.06215341881042095,1.1458155782322745,25
16,8.699999999999951,0.35733182143924536,0.0596135342859567,1.1764364362849848,25
16,8.799999999999951,0.3304509049222548,0.08425841493678456,1.0683343511237755,25
16,8.89999999999995,0.2813921985807669,0.09381553090289006,1.051174742745631,25
16,8.99999999999995,0.25304173169064836,0.14522355627960887,0.8627475362823059,25
16,9.09999999999995,0.23080531272299304,0.13865357921953436,0.7916983950701096,25
16,9.19999999999995,0.224311995164067,0.15992803759260135,0.8868475545227575,25
16,9.29999999999995,0.20945215773180972,0.14488052612254185,0.8455813333283005,25
16,9.399999999999949,0.23366150997500112,0.1379602107333968,0.9034723115730261,25
16,9.499999999999948,0.24105067797931548,0.08406610899448055,0.742217620561545,25
16,9.599999999999948,0.20697473712732012,0.09444368733920581,0.6151399570514906,25
16,9.699999999999948,0.18493414597026697,0.07660081326893554,0.6057242213318745,25
16,9.799999999999947,0.1774989810176067,0.06542945345259016,0.6067134408168966,25
16,9.899999999999947,0.19227092386193625,0.07154741080692444,0.6862854831950999,25
16,9.999999999999947,0.2045704862115332,0.06721498936942503,0.7304063555982764,25
16,10.099999999999946,0.2164936203306206,0.0757041785164825,0.7461650344105263,25
16,10.199999999999946,0.15182036099444374,0.09294392925371978,0.7494725537044076,25
16,10.299999999999946,0.17428907449357128,0.05252463276211874,0.8641787495742206,24
16,10.399999999999945,0.14445691239132707,0.041712588831638406,0.867006939716567,24
16,10.499999999999945,0.13098336974641994,0.03771491444730564,0.8795486522658509,24
16,10.599999999999945,0.12586817192331512,0.03303615730848878,0.8650690425809113,24
16,10.699999999999944,0.12065447025383233,0.025720001202980607,0.8778794166417676,24
16,10.799999999999944,0.11439158100579638,0.020333353097930044,0.9008569817515463,24
16,10.899999999999944,0.13245994034964859,0.017792807122195484,0.9284013330555763,23
16,10.999999999999943,0.10671225912625425,0.02480369110725869,0.9021265877231484,23
16,11.099999999999945,0.12446598643202358,0.029058969437629662,0.8842069384215243,23
16,11.199999999999942,0.15727335164713252,0.03566550519835483,0.8919038127076477,22
16,11.29999999999994,0.18250061063124207,0.023975925917015282,0.7956222345274185,22
16,11.399999999999942,0.15644348400498137,0.019345787710077424,0.6868686472841031,22
16,11.499999999999943,0.13324635905336563,0.019673746336761784,0.7840419605039661,22
16,11.599999999999941,0.109142660912604,0.023611334264711317,0.8059991255876731,22
16,11.699999999999939,0.10296575779562814,0.022618827272034916,0.8150404445522916,22
16,11.79999999999994,0.08628891651496612,0.029812292391805377,0.7506691489482898,22
16,11.899999999999942,0.06748883833192773,0.030180317443239835,0.7445613899134915,22
16,11.99999999999994,0.0686701369256191,0.039542727400839396,0.6909590139000761,21
16,12.099999999999937,0.07482676035753384,0.03442750224794627,0.6860495649310673,21
16,12.199999999999939,0.10392547606195217,0.02885519371348927,0.7823884820971624,21
16,12.29999999999994,0.11830182733928504,0.02433677558567635,0.8615065193736702,21
16,12.399999999999938,0.12464416347789635,0.02585659556041947,0.7077599328149011,21
16,12.499999999999936,0.13041861572925265,0.022825455890455804,0.9048436750818784,21
16,12.599999999999937,0.0989338329272744,0.035499407469307694,0.9130248497398056,19
16,12.699999999999939,0.07165547002987138,0.04020142523830224,0.867594187096975,19
16,12.799999999999937,0.07115429222054181,0.045804272319208215,0.9240027812390716,19
16,12.899999999999935,0.08571835051421049,0.05027652400030497,0.9276228703183151,19
16,12.999999999999936,0.09652428923737474,0.0543079325177316,0.8671675355327775,19
16,13.099999999999937,0.13370559088361328,0.045725577440151544,0.7709017227250594,19
16,13.199999999999935,0.17513638078664728,0.042575004359413984,0.8246399674528646,19
16,13.299999999999933,0.15620816477946134,0.037037679746542033,0.82419086337293,19
16,13.399999999999935,0.14572520772358594,0.03803368212453735,0.7247652210697861,19
16,13.499999999999936,0.11141964722865914,0.0405752137816461,0.6513906729338508,19
16,13.599999999999934,0.09200498256348613,0.036029039323373334,0.5710301629124201,19
16,13.699999999999932,0.10254920913391596,0.03640952767312897,0.5631518563886618,19
16,13.799999999999933,0.11161503457047016,0.036334493402012905,0.5663039485883604,19
16,13.899999999999935,0.12538354503149177,0.039175066953877194,0.539917965227607,19
16,13.999999999999932,0.12000443609229705,0.048692056633008456,0.5479615913885165,19
16,14.09999999999993,0.09910813450306093,0.0541178440161325,0.6020052207810112,19
16,14.199999999999932,0.09905939712203347,0.05094682534092815,0.6699717270807257,19
16,14.299999999999933,0.1023943052802024,0.044684877432561096,0.6980896413163968,19
16,14.399999999999931,0.08951013844925955,0.04250921799387703,0.6294411575101877,19
16,14.499999999999929,0.18171436407130226,0.037429051552812176,0.6656988993503121,18
16,14.59999999999993,0.194533352664146,0.032263744547292084,0.7247535482668137,18
16,14.699999999999932,0.22229240052717755,0.03227127175691557,0.7808818696053587,18
16,14.79999999999993,0.23689783491115735,0.0323569449068041,0.8791951634789956,17
16,14.899999999999928,0.2616070862865926,0.03683627539687309,0.8677691703589299,17
16,14.999999999999929,0.2960146721976615,0.04230999180794204,0.8614572472358314,17
16,15.09999999999993,0.307985057625334,0.046002954698718304,0.8862330916421066,17
16,15.199999999999928,0.2913006404627958,0.04893812148372777,0.8516858941968819,17
16,15.299999999999926,0.26218629347573047,0.04883994021971635,0.8810290525000966,17
16,15.399999999999928,0.2266168662549587,0.04476596615549648,0.8172905299530342,17
16,15.499999999999929,0.18361159773554922,0.040497977303153763,0.7276957399063999,17
16,15.599999999999927,0.34664806982048946,0.06827258498619469,0.7545275947566616,16
16,15.699999999999925,0.38365733586275425,0.08352758892148605,0.7015355898167995,16
16,15.799999999999926,0.43585286339277296,0.06614302288374303,0.7254833674212025,16
16,15.899999999999928,0.49072418772311477,0.09701933182147807,0.7939776934587709,16
16,15.999999999999925,0.5570845251627601,0.12819798205544747,0.6728623632402484,15
16,16.099999999999923,0.469721383815783,0.11724735528815466,0.6774808350240513,15
16,16.199999999999925,0.36240501848671225,0.12526522298662857,0.6760347278163577,15
16,16.299999999999926,0.3032582402572725,0.09632800869845706,0.7333258772293438,15
16,16.399999999999924,0.30015882461443094,0.07585396209137207,0.7574398741945509,15
16,16.499999999999922,0.27911551574066146,0.08612126310062684,0.7606622587558429,15
16,16.599999999999923,0.21734012755565893,0.07049478584752783,0.8196602969860778,15
16,16.699999999999925,0.2654601886399772,0.05914034213609064,0.8391940594079308,15
16,16.799999999999923,0.30092445776932075,0.04424463418871173,0.9089333171504239,15
16,16.89999999999992,0.2829962437307859,0.0403142272435794,0.9602289267530029,15
16,16.999999999999922,0.22034495749034605,0.03598016844139065,0.9464657376904856,15
16,17.099999999999923,0.21460951513508603,0.0513755083993464,0.8777151955063618,15
16,17.19999999999992,0.19914228950407412,0.07521464627816758,0.8393942363263573,15
16,17.29999999999992,0.18285177952584616,0.08561111562144588,0.8249892460041801,15
16,17.39999999999992,0.2097287136432215,0.08808125719955487,0.7817141470485067,15
16,17.499999999999922,0.19262023902789863,0.08322928720626528,0.7031618083741403,15
16,17.59999999999992,0.22761105797571607,0.07364900661583976,0.7183189883130154,15
16,17.699999999999918,0.276769024825736,0.06265019932495061,0.7231450975329584,15
16,17.79999999999992,0.3968450045255718,0.06829204703659517,0.797122972188429,14
16,17.89999999999992,0.4576038722341273,0.06802369227473758,0.8223661149013264,14
16,17.99999999999992,0.5213632875620182,0.0649733546473516,0.7689599312116678,13
16,18.099999999999916,0.48726385878301265,0.05116535436766885,0.7690259501971675,13
16,18.199999999999918,0.4620809960471102,0.03811211557745717,0.8056904361103847,13
16,18.29999999999992,0.4492266047396693,0.026557213433479974,0.7964574687273693,13
16,18.399999999999917,0.4068973155743779,0.025330645171390748,0.9187074176967198,13
16,18.499999999999915,0.40739562270458973,0.03249839699225491,0.9266478346285602,13
16,18.599999999999916,0.39937789918034167,0.04009166742020678,0.8760680737678552,13
16,18.699999999999918,0.41362990001963856,0.04575354244735786,0.9392944497421963,13
16,18.799999999999915,0.4530712870210277,0.047059703439048285,0.9556616346223574,13
16,18.899999999999913,0.5287305571752601,0.09076276893205384,0.9514102591236516,12
16,18.999999999999915,0.5834761377726914,0.07043726520536191,0.9388296937256158,12
16,19.099999999999916,0.6014605252267202,0.05972637098007652,0.9143552203039205,12
16,19.199999999999914,0.6358265230379179,0.04597356177958093,0.9102081205767929,12
16,19.299999999999912,0.5713596244505712,0.03792429629080232,0.9011464685639977,12
16,19.399999999999913,0.4804611721560623,0.029263718147061808,0.9370882536095659,12
16,19.499999999999915,0.39201272533549497,0.024018917714166033,0.779833861942683,12
16,19.599999999999913,0.32362079649656694,0.024854200610090516,0.7990876557553066,12
16,19.69999999999991,0.26259641816668006,0.039728286682419046,0.8080535303822354,12
16,19.799999999999912,0.23646831277617072,0.07910665378862823,0.7855003809444917,12
16,19.899999999999913,0.25197392769759597,0.09548915849114306,0.8739942523042734,12
16,19.99999999999991,0.32481478700547406,0.08488075639773959,0.9160355153525834,12
16,20.09999999999991,0.3770233193086743,0.07339733889530126,0.9269449724351675,12
16,20.19999999999991,0.4125586882670518,0.05721405977400744,0.9862988105571849,12
16,20.299999999999912,0.36752390995136885,0.0449181292558376,0.9842875255003593,12
16,20.39999999999991,0.4718236223019203,0.03430644821581246,0.9869127701272378,12
16,20.499999999999908,0.4975321523146919,0.029364919748467548,0.9612891362400138,12
16,20.59999999999991,0.4815344264494499,0.02366838527161838,1.028220613008995,12
16,20.69999999999991,0.44570713049798794,0.02122783593250048,1.055232857104869,12
16,20.79999999999991,0.43409740996295754,0.025557329275547463,0.9361015723722433,12
16,20.899999999999906,0.42239675025552437,0.02912221244602539,0.8817018007652742,12
16,20.999999999999908,0.44932283949761875,0.03503653062690773,0.8716290487078673,12
16,21.09999999999991,0.47411429027078184,0.04337756188674791,0.9465642532715269,12
16,21.199999999999907,0.5231752297284902,0.04878032927874769,0.8932383904549301,12
16,21.299999999999905,0.5783406179739681,0.05488301460976176,0.9142185733054887,12
16,21.399999999999906,0.6143511230294803,0.06330942120951184,0.9103752792821164,12
16,21.499999999999908,0.7160726147893901,0.0722088564016648,0.8623532098872196,12
16,21.599999999999905,0.7510977180467517,0.09622072770487308,0.940404459969445,12
16,21.699999999999903,0.7585858570546029,0.14346355908105674,0.8747293782932508,12
16,21.799999999999905,0.7561561146768863,0.11940742806001921,0.9584891223705415,12
16,21.899999999999906,0.7159201399692656,0.10075469922340702,0.8461415526708109,11
16,21.999999999999904,0.5290216405914944,0.09895385540936841,0.8429653351319644,11
16,22.099999999999902,0.4523522488752458,0.09595022742844711,0.848775558486166,11
16,22.199999999999903,0.2868471136691373,0.0797716121757591,0.8395319168905807,11
16,22.299999999999905,0.196660416552801,0.07445825728316234,0.8223607115675557,11
16,22.399999999999903,0.4151060153708638,0.09046988288191916,0.8056647072143881,10
16,22.4999999999999,0.5772460848287038,0.09759294203904084,0.7392987233796117,9
16,22.599999999999902,0.45802141709848954,0.09327897219321893,0.8087357901177625,9
16,22.699999999999903,0.315089262836163,0.13244658141817697,0.8355122634005593,9
16,22.7999999999999,0.21564861186569625,0.15051207945346734,0.9192842086156512,9
16,22.8999999999999,0.2826862490441909,0.11610923036782256,1.058542387907514,9
16,22.9999999999999,0.3143122262129265,0.10440633837702601,1.0201979210241565,9
16,23.099999999999902,0.29436610002554203,0.1501360225839114,1.0070561970861744,9
16,23.1999999999999,0.28090181231572825,0.21515930163828834,1.0343090860501674,9
16,23.299999999999898,0.3345402612887164,0.19226686306498642,1.0080349365388346,9
16,23.3999999999999,0.3741968796218498,0.1286798152557809,1.0813692915311344,9
16,23.4999999999999,0.4193632912691979,0.09144143731422157,1.0774817170797542,9
16,23.5999999999999,0.43587887571558737,0.06357405478478986,1.038102904934335,9
16,23.699999999999896,0.44706174588390635,0.05337738649775338,0.9639147356143897,9
16,23.799999999999898,0.45155517430976455,0.059151995730999746,0.8679840204294489,9
16,23.8999999999999,0.43922313370229743,0.07447259141229204,0.9232986738522113,9
16,23.999999999999897,0.4475426959688574,0.08043906273326273,0.9021904360386688,9
16,24.099999999999895,0.3675707843546091,0.06589916718168495,0.880214525660071,9
16,24.199999999999896,0.31028914643564365,0.04300395363453461,0.8755080378439585,9
16,24.299999999999898,0.2526229223264877,0.03044459377249175,0.9248705837340808,9
16,24.399999999999896,0.18867982762429714,0.032013482486720056,0.8622588386076162,9
16,24.499999999999893,0.18012395787081756,0.04278589713935165,0.8002255433230211,9
16,24.599999999999895,0.17701515471605733,0.04706244840657536,0.7828432937172679,9
16,24.699999999999896,0.17109934552126,0.04514556039891054,0.6132453476301177,9
16,24.799999999999894,0.1516052020231832,0.05394073857999217,0.5515111834296577,9
16,24.899999999999892,0.12828110856800432,0.08665510822797753,0.5355048021734385,8
16,24.999999999999893,0.1116549858426008,0.09368793546227164,0.47412383147353204,8
16,25.099999999999895,0.12569604834417136,0.0829914780536876,0.42154435996229567,8
16,25.199999999999893,0.14242497531709553,0.09090794211594978,0.400111923414352,8
16,25.29999999999989,0.14771350308869236,0.10148789771552354,0.36919348962485365,8
16,25.399999999999892,0.13724649015399337,0.11375472077667094,0.3376662424093605,8
16,25.499999999999893,0.11788649872715465,0.0996122554196859,0.32985595569830656,8
16,25.59999999999989,0.09982900840741511,0.0811859323754702,0.33344915915104933,8
16,25.69999999999989,0.08410712074468953,0.06023425690782353,0.3295988457449443,8
16,25.79999999999989,0.08856555807676714,0.041074638045406425,0.32051154284485717,8
16,25.899999999999892,0.08741483583683618,0.029562210269441325,0.30575184252859366,8
16,25.99999999999989,0.07398491406307159,0.0312881477024822,0.3000428794719312,8
16,26.099999999999888,0.05088699176528043,0.031384757765488616,0.29602614714634784,7
16,26.19999999999989,0.060833960325090246,0.03910279309336817,0.3275181855157524,7
16,26.29999999999989,0.0699914647874163,0.0457893997837896,0.4347858544489518,7
16,26.39999999999989,0.08707938549513532,0.04795428121561049,0.48697924204144727,7
16,26.499999999999886,0.08435923588520254,0.05630328967466792,0.4697454403426827,7
16,26.599999999999888,0.07966802697300546,0.06196642626211176,0.4633038797842555,7
16,26.69999999999989,0.0945818966249733,0.05173630301357389,0.45199104972332016,7
16,26.799999999999887,0.10264507941692487,0.04910017368956647,0.4059821262007417,7
16,26.899999999999885,0.09331719809739894,0.04752774804871875,0.38699938693564684,7
16,26.999999999999886,0.08023097494695078,0.04953190627808164,0.3476256541519891,7
16,27.099999999999888,0.0861409849279219,0.04989827321457991,0.30622426882891823,7
16,27.19999999999989,0.07234840764451753,0.05135441317084888,0.26555082969242405,7
16,27.299999999999883,0.09365252328888023,0.040583291162433116,0.23577691184128194,7
16,27.399999999999885,0.11732603331927653,0.03669870168703461,0.21780832802066674,7
16,27.499999999999886,0.11889409662055317,0.04026273594758021,0.20356874347447168,7
16,27.59999999999988,0.11448766783528902,0.04860428194183041,0.1899613094372738,7
16,27.699999999999882,0.09647580109475663,0.056477928054230006,0.17904709395413604,7
16,27.799999999999883,0.11156411628551478,0.04986292273983953,0.17130202901357483,7
16,27.899999999999885,0.11663484735221971,0.04565825295912429,0.17383230572466882,7
16,27.999999999999886,0.10932948034952492,0.046176772003938826,0.18509851404684557,7
16,28.09999999999988,0.09192229916863269,0.049662460535630594,0.16274160939030147,7
16,28.199999999999882,0.07295818246900192,0.04734178827065948,0.14495767739572804,7
16,28.299999999999883,0.07732838640110501,0.0394107218862857,0.16072256607402666,7
16,28.399999999999878,0.08584775598470223,0.03419423856529965,0.19928773582324358,7
16,28.49999999999988,0.08834215512077427,0.031182246771845598,0.22043402720475253,7
16,28.59999999999988,0.07940993862620213,0.03229040236236623,0.2230974483359519,7
16,28.699999999999882,0.06131858938912037,0.03173468264120276,0.22557580997950558,7
16,28.799999999999883,0.041510384961503784,0.02731809546861557,0.21275855977471847,7
16,28.899999999999878,0.029617440272821604,0.02176334489182931,0.1598714514523409,7
16,28.99999999999988,0.023301979182806652,0.017337022012618185,0.12824010790622203,7
16,29.09999999999988,0.02112649967288738,0.014627254161140576,0.12460598351854424,7
16,29.199999999999875,0.023018038718162295,0.013577792767885915,0.1327564658057101,7
16,29.299999999999876,0.024892349761498844,0.014615426523376013,0.11809160044371961,7
16,29.399999999999878,0.026022758355610263,0.017369185155732478,0.09744794866643648,7
16,29.49999999999988,0.030029053511340952,0.01671040752072657,0.08626723863541469,7
16,29.59999999999988,0.03414279017203322,0.021870007083949032,0.07652717097841454,7
16,29.699999999999875,0.04165835221515637,0.018013149478272796,0.08504632663394567,6
16,29.799999999999876,0.045615749254387106,0.020431129334484238,0.07245367977720059,6
16,29.899999999999878,0.04088067120082728,0.021684462824159013,0.05698463882440086,6
16,29.999999999999872,0.033557787882572625,0.02416338812413818,0.040899750790210215,6
21,-5.0,0.0374887565504925,0.014058038403885201,0.07617219044950248,23
21,-4.9,0.042589724789093494,0.013410748962708354,0.08069299544029693,23
21,-4.800000000000001,0.05225298643782011,0.012337581859193883,0.09447998523419121,23
21,-4.700000000000001,0.05260790974431513,0.011615763219625212,0.09842224300745638,23
21,-4.600000000000001,0.049586543724136435,0.010024292133200288,0.10351026673936013,23
21,-4.500000000000002,0.046830004757357144,0.013800424990972043,0.1137792622800413,23
21,-4.400000000000002,0.04367221455037238,0.015094908325190988,0.11243415896182396,23
21,-4.3000000000000025,0.04444208363757733,0.016983205379335523,0.08664422364520122,23
21,-4.200000000000003,0.04407470131036822,0.018190615917511303,0.08589995346255469,23
21,-4.100000000000003,0.039645692454037366,0.017772631396357007,0.10485361771892707,23
21,-4.0000000000000036,0.036815858676070436,0.01713765492640656,0.10118192928153481,23
21,-3.900000000000004,0.034770901812852154,0.015960525970331502,0.07860662574698668,23
21,-3.8000000000000043,0.03212492423835396,0.017061862893111686,0.05023509590261371,23
21,-3.7000000000000046,0.02876905360449558,0.017340970390942352,0.036436659082338535,23
21,-3.600000000000005,0.028107220394879503,0.014190747457819335,0.035935540445240235,23
21,-3.5000000000000053,0.02549588441221256,0.012882345363508454,0.04864789324876538,23
21,-3.4000000000000057,0.026592772457795413,0.014158086773689259,0.06946303739899562,23
21,-3.300000000000006,0.022561958900930518,0.014032628210825824,0.0903802949762199,23
21,-3.2000000000000064,0.025373258815054103,0.012962340866897706,0.10748540334969862,23
21,-3.1000000000000068,0.026417180982879998,0.011811840512646301,0.11120589426082503,23
21,-3.000000000000007,0.02480996516401004,0.008640878079365998,0.09645001710474652,23
21,-2.9000000000000075,0.03176193647978234,0.009120032974913848,0.08711052116182325,23
21,-2.800000000000008,0.03334998751083377,0.00876721300509426,0.07922600095312334,23
21,-2.700000000000008,0.035129263447916136,0.00927107475923735,0.08057025664089305,23
21,-2.6000000000000085,0.029303154945328876,0.008675945768343511,0.09895822820792351,23
21,-2.500000000000009,0.02369137513883871,0.014115839998156226,0.09565737623690661,23
21,-2.4000000000000092,0.036871242804860316,0.015931913102690633,0.0894353174847031,23
21,-2.3000000000000096,0.04202714267815896,0.013009312164972846,0.07980240004991149,23
21,-2.20000000000001,0.04524877913172416,0.011491407464981446,0.07935493661248502,23
21,-2.1000000000000103,0.046443697761522434,0.013940153102000159,0.07063485174092082,23
21,-2.0000000000000107,0.037324108277702536,0.015653403732120808,0.07670370981161442,24
21,-1.900000000000011,0.03627756206023452,0.016409693005926474,0.07678532290044855,24
21,-1.8000000000000114,0.03881301082898794,0.018009072934588134,0.10114257542581118,24
21,-1.7000000000000117,0.044573189447524995,0.024270283462105007,0.10430967952383377,24
21,-1.600000000000012,0.05019480346318733,0.027804213634948855,0.11568679488710143,24
21,-1.5000000000000124,0.061950070628896486,0.03227783637809342,0.11962792068906866,24
21,-1.4000000000000128,0.0666848370615291,0.03242037119965859,0.10572574341061271,24
21,-1.3000000000000131,0.05653035569466207,0.04404583789024498,0.09495369577851498,24
21,-1.2000000000000135,0.05723749954375473,0.03809265199573357,0.09468116766705836,24
21,-1.1000000000000139,0.05076275784557408,0.035612473782157844,0.11223423855138528,24
21,-1.0000000000000142,0.0508333889281635,0.03615651680468023,0.12208022578575539,24
21,-0.9000000000000146,0.06319180668409291,0.03814207566765652,0.12493902563008408,24
21,-0.8000000000000149,0.06494862541067763,0.04822632680803141,0.1343310806793031,25
21,-0.7000000000000153,0.0794804727688862,0.05591880718312693,0.12553921826353215,25
21,-0.6000000000000156,0.08725515606579329,0.06650204560306726,0.12460590901118425,25
21,-0.500000000000016,0.09544537164259424,0.0796491310442522,0.15167173374114498,25
21,-0.40000000000001634,0.12057791180952913,0.0864502747602559,0.16945250474003395,26
21,-0.3000000000000167,0.15108496453635425,0.11813623544859493,0.18708424252368744,26
21,-0.20000000000001705,0.19632254957285222,0.16764138190142072,0.21833210585846724,26
21,-0.10000000000001741,0.24838042725925275,0.23871127912001328,0.2622561485355946,26
21,-1.7763568394002505e-14,0.31930621543505167,0.30752874238171496,0.3250978085148347,26
21,0.09999999999998188,0.39192861689456265,0.3599305413218403,0.4201058031116953,27
21,0.19999999999998153,0.4705561196732771,0.38543195226419347,0.5167777985437014,27
21,0.29999999999998117,0.5381672634153049,0.42001311760229815,0.60997131726303,27
21,0.3999999999999808,0.5993261030716607,0.43419130486923657,0.6835194357626525,27
21,0.49999999999998046,0.6057543933882908,0.4546810044991692,0.7158092394472657,27
21,0.5999999999999801,0.6398574502100707,0.49280829224976075,0.7262395108844564,27
21,0.6999999999999797,0.6232964064396609,0.5388514171682669,0.7727433977686256,27
21,0.7999999999999794,0.6701812103485174,0.5603124890498747,0.8067993048930648,27
21,0.899999999999979,0.7336774948427559,0.5288700204150089,0.848335177076611,27
21,0.9999999999999787,0.763912606080651,0.531829132779275,0.887024579205375,27
21,1.0999999999999783,0.8119160030080881,0.5967971096823794,0.9308273644348439,27
21,1.199999999999978,0.8878202603940765,0.6346277824049543,0.9631468086862267,27
21,1.2999999999999776,0.8732144300068841,0.6912316029466612,0.9980638476201755,27
21,1.3999999999999773,0.8889785429394832,0.7531982078698614,1.031280990898166,27
21,1.499999999999977,0.9159980591961658,0.7848194254143777,1.0619949674859446,27
21,1.5999999999999766,0.927666286434986,0.7770033294148035,1.0885949973665034,27
21,1.6999999999999762,0.9492837499455834,0.8074652388661203,1.095760339333678,27
21,1.7999999999999758,0.9890564822674371,0.8254300037707932,1.0987122772085067,27
21,1.8999999999999755,0.9888941553047145,0.862640331600211,1.0866756434837617,27
21,1.9999999999999751,0.9684078508850891,0.8632396989821842,1.0848230435585209,27
21,2.0999999999999748,0.960555032669931,0.8718435528997341,1.0961793627402856,27
21,2.1999999999999744,0.9701089685614823,0.8612809582242185,1.1180820376678453,27
21,2.299999999999974,1.0037875040934,0.8796505187276537,1.1756120583266396,27
21,2.3999999999999737,1.0150023151832257,0.9163042668845123,1.159456387866228,27
21,2.4999999999999734,1.0441509387612942,0.9248739694077427,1.20353180358216,27
21,2.599999999999973,1.0479640456170447,0.9572239219086861,1.2334417719803075,27
21,2.6999999999999726,1.051267115343816,0.9066682062031801,1.2240537937172071,27
21,2.7999999999999723,1.0679190214086254,0.9208262078888003,1.2565804252292359,27
21,2.899999999999972,1.052182706257175,0.9252264901788227,1.2087423273485838,27
21,2.9999999999999716,1.035736299424887,0.8565791058815972,1.1996723140590162,27
21,3.0999999999999712,1.0661318130732522,0.8387892308191427,1.2300693708671333,27
21,3.199999999999971,1.0836266773666414,0.7779107342421872,1.2401686096648725,27
21,3.2999999999999705,1.0852279291237592,0.8107172482422347,1.2487535739095976,27
21,3.39999999999997,1.1397703635200342,0.8601481652648697,1.2755455339286301,27
21,3.49999999999997,1.1031383513907977,0.8737824088349453,1.2506289632496266,27
21,3.5999999999999694,1.1459195205977215,0.8959938665189597,1.2627948085464553,27
21,3.699999999999969,1.1589596839212595,0.9126942496078758,1.2829162768842228,27
21,3.7999999999999687,1.1312277688518124,0.9395106846225874,1.2515493187174191,27
21,3.8999999999999684,1.114364628857559,0.9468986228496785,1.3166728357707047,27
21,3.999999999999968,1.1473548200525119,0.916918959511309,1.2277042327058472,27
21,4.099999999999968,1.1118773923396366,0.9194975784226953,1.2636908824903763,27
21,4.199999999999967,1.153278623801195,0.9505900286936693,1.2365343668675388,27
21,4.299999999999967,1.1588760891514343,0.9318776699282849,1.3059449785274526,27
21,4.399999999999967,1.1925971637570891,0.9180450684211412,1.30199122568916,27
21,4.499999999999966,1.1514820112522122,0.9632779285392552,1.2733300965164132,27
21,4.599999999999966,1.1502540770678757,0.9114653693149752,1.2426231048326375,27
21,4.6999999999999655,1.1459532021275718,0.8734302208234892,1.278559063062438,27
21,4.799999999999965,1.1802830350482103,0.9518326175801262,1.2467446271335447,27
21,4.899999999999965,1.1488264334131633,0.9774486579332429,1.230106486565814,27
21,4.9999999999999645,1.1301037873263564,0.9778265965884448,1.258489353296286,27
21,5.099999999999964,1.122009271096825,1.0015919973541414,1.2771485461185557,27
21,5.199999999999964,1.1684290611723576,0.9078086772331349,1.2923272379009298,27
21,5.299999999999963,1.154956722418414,0.9067826019814087,1.3207282470746806,27
21,5.399999999999963,1.1686439982543768,0.8951313622307451,1.310198312264653,27
21,5.499999999999963,1.157960549346092,0.905031766113562,1.3030827727907943,27
21,5.599999999999962,1.1334749989876087,0.9207604225022935,1.2719727897132875,27
21,5.699999999999962,1.1161448964864102,0.9084221076733436,1.2445897073884304,27
21,5.799999999999962,1.1405093165221005,0.9135875377415752,1.2467981315083363,27
21,5.899999999999961,1.1114493093968278,0.9242415399758697,1.2433554335526185,27
21,5.999999999999961,1.110167789515805,0.9157431461557608,1.2220419590477387,27
21,6.099999999999961,1.1343362063920341,0.8903410977371559,1.21765556775717,27
21,6.19999999999996,1.1217311377744945,0.8694052309380438,1.2081210179162105,27
21,6.29999999999996,1.1247929289292748,0.883386705651771,1.1923504704354109,27
21,6.3999999999999595,1.0939152623571646,0.9054805969305147,1.1879448544504212,27
21,6.499999999999959,1.086999815216755,0.9575252748227882,1.1927233016225167,27
21,6.599999999999959,1.0990784762186547,0.933350649523201,1.1825239929183784,27
21,6.699999999999958,1.0291988420945075,0.9075791416758272,1.1882785966508527,27
21,6.799999999999958,1.0459632764073639,0.8491813117266866,1.1750554570368386,27
21,6.899999999999958,1.064535197791442,0.7687463948696769,1.1736630471117064,27
21,6.999999999999957,1.0450290898447951,0.803506479075693,1.1728343498730167,27
21,7.099999999999957,1.0415499756452564,0.8259636556061124,1.1452808876085632,27
21,7.199999999999957,1.05224207928257,0.83658955205434,1.1069994852382696,27
21,7.299999999999956,1.0362210989423501,0.8001076854370668,1.1257050892692984,27
21,7.399999999999956,1.0129785761417398,0.7344035149844136,1.0878424673870384,27
21,7.499999999999956,0.9733405653609247,0.7131279397105672,1.0690409574467568,27
21,7.599999999999955,0.9481220962932121,0.7074860331217536,1.0447637069886246,27
21,7.699999999999955,0.9507270529192725,0.7091974947607851,1.0704366421175222,27
21,7.7999999999999545,0.8921785602208081,0.7232942189826748,1.1245330480504572,27
21,7.899999999999954,0.8697813335589892,0.7017179322231253,1.0823392472883646,27
21,7.999999999999954,0.8463991715231861,0.6651258431115079,1.1285126037941815,27
21,8.099999999999953,0.8093314743328619,0.6081604879770574,1.0827237553751357,27
21,8.199999999999953,0.7826667378726788,0.5547755400650969,1.0369028513909169,27
21,8.299999999999953,0.7547787024328464,0.49186657964013114,1.0125602231122077,27
21,8.399999999999952,0.6599490999912948,0.44504747649299836,1.0027580594261343,27
21,8.499999999999952,0.6853571271934059,0.43999022623112466,0.9977432804507594,27
21,8.599999999999952,0.6302011548557044,0.45541737229899454,0.9882428179317596,27
21,8.699999999999951,0.657326606792597,0.4280898468560161,0.9704735055383034,27
21,8.799999999999951,0.6748274885525414,0.37143293951579276,0.984888492037704,27
21,8.89999999999995,0.6584784523324506,0.35780373626218664,0.9597889129833581,27
21,8.99999999999995,0.7232354089979544,0.33280685343643945,0.9244364131222091,27
21,9.09999999999995,0.6738189426029654,0.32191411701477735,0.9083704015632313,27
21,9.19999999999995,0.6500309553736535,0.33085031116658026,0.9848053982575958,27
21,9.29999999999995,0.6413249342218817,0.3391130318539396,1.0509680562837576,27
21,9.399999999999949,0.6046634150429042,0.3136312039456226,1.050522582096543,27
21,9.499999999999948,0.5551361320932492,0.228232484006953,1.0652657177418492,27
21,9.599999999999948,0.6341223844422249,0.16915992329449733,1.0577198792785298,27
21,9.699999999999948,0.6627900678150854,0.14907233622919083,1.0475586057630248,27
21,9.799999999999947,0.6483962738954911,0.17168818291304852,1.0043488419993643,27
21,9.899999999999947,0.6710565294486592,0.19547945220807822,1.0078824051790103,27
21,9.999999999999947,0.714653837196846,0.24875249241880798,1.0435631020237603,27
21,10.099999999999946,0.7343353141402096,0.2816015749688706,1.0636354300944366,27
21,10.199999999999946,0.6894068389535781,0.27324913218233565,1.0443667412878765,27
21,10.299999999999946,0.6693207809934767,0.18152625572285863,1.0241473487811519,27
21,10.399999999999945,0.7514005859084997,0.2183640612383932,1.0565410848085315,27
21,10.499999999999945,0.8013225302764628,0.272563679435331,1.039503963241156,27
21,10.599999999999945,0.8274788396848684,0.24958140821246103,1.077297551499545,27
21,10.699999999999944,0.7864801872454836,0.23101342852872786,1.075765603927413,27
21,10.799999999999944,0.7426723347478672,0.24332241309396047,1.0451546947288892,27
21,10.899999999999944,0.7584355729629346,0.22718260715945449,1.0706495928380688,27
21,10.999999999999943,0.7793493441912205,0.22156811982796754,1.0533436957934559,27
21,11.099999999999945,0.7908290938265078,0.2419830156827517,1.1414279231195237,27
21,11.199999999999942,0.8494609126655182,0.2619440651718514,1.14137720593594,27
21,11.29999999999994,0.8934440356758386,0.2679612104356028,1.1570838294350079,27
21,11.399999999999942,0.9431746547187844,0.2820469307848892,1.0910638375680168,27
21,11.499999999999943,0.9537023963380241,0.2979887929963105,1.1282288820339081,27
21,11.599999999999941,0.9370580956257698,0.35907933713465334,1.165631991042583,27
21,11.699999999999939,0.979783667222793,0.37840025831492186,1.1399742580888808,27
21,11.79999999999994,0.9119540009563818,0.47101720708093753,1.2143209121864011,27
21,11.899999999999942,0.8583767907656527,0.5647759477261696,1.2291269097002646,27
21,11.99999999999994,0.9524709957355849,0.5695817394370182,1.2431256514224385,27
21,12.099999999999937,1.00405149091871,0.6060200380325151,1.2263801272176744,27
21,12.199999999999939,1.0225630709905382,0.6433402983881193,1.2512384030997676,27
21,12.29999999999994,1.011149043304276,0.6650509138226883,1.2157638235324266,27
21,12.399999999999938,1.0306256825356654,0.6997099034566217,1.2530380065774667,27
21,12.499999999999936,1.0082227096065421,0.7432542534776478,1.2591003096211877,27
21,12.599999999999937,0.9843898597241995,0.7610893050516276,1.2315726855236755,27
21,12.699999999999939,1.025948275228257,0.7701168652562478,1.2168509022464375,27
21,12.799999999999937,1.0631199880323117,0.7350332151224546,1.187443426778601,27
21,12.899999999999935,1.089829442171221,0.7330648839517531,1.2057307648076656,27
21,12.999999999999936,1.11622059400275,0.7852249025973647,1.2437297381271462,27
21,13.099999999999937,1.1064436982782802,0.7522857094033393,1.2258875336142123,27
21,13.199999999999935,1.0994556730875173,0.7795417372973578,1.2924019436281495,27
21,13.299999999999933,1.1309013848853808,0.7667279903438091,1.2848240700598474,27
21,13.399999999999935,1.0782852112848593,0.7762774530026507,1.295981116103227,27
21,13.499999999999936,1.0668546175037685,0.7995776012160374,1.2791064381036499,27
21,13.599999999999934,1.1383527292075526,0.8165556695821322,1.2442578700499167,27
21,13.699999999999932,1.1023694749932171,0.8163406576168362,1.24793440857307,27
21,13.799999999999933,1.1109130121988962,0.7700148745009235,1.2162957209290348,27
21,13.899999999999935,1.065862445594623,0.7679827217704507,1.2272549755253324,27
21,13.999999999999932,1.1180506581713534,0.8109319324632237,1.2176679016445826,27
21,14.09999999999993,1.0609007436959355,0.794969059922035,1.255120805017924,27
21,14.199999999999932,1.0439828241483768,0.8014675522315874,1.2597353468048067,27
21,14.299999999999933,1.0802668955551158,0.7955413316334599,1.2677255449743523,27
21,14.399999999999931,1.006496123507881,0.7582733160302697,1.1963564599830745,27
21,14.499999999999929,1.0347027534822089,0.7364780147879406,1.241154019908063,27
21,14.59999999999993,1.054948120507522,0.7539903141964768,1.1926983005423872,27
21,14.699999999999932,1.015318103216909,0.7967689425346963,1.2223111661034056,27
21,14.79999999999993,1.0384343751935066,0.749007099822228,1.1616140321730248,27
21,14.899999999999928,0.9721909291714316,0.7368013824983319,1.185089660468198,27
21,14.999999999999929,0.9405626904035975,0.7156184811327247,1.2199072957688335,27
21,15.09999999999993,0.9249932321364014,0.7401656816606026,1.1512405960803676,27
21,15.199999999999928,0.912632520801582,0.7175353894357861,1.1364014386005876,27
21,15.299999999999926,0.9228616824608475,0.6661338194836863,1.1325265574758623,27
21,15.399999999999928,0.9418521207199944,0.6520133684966962,1.1126710250399214,27
21,15.499999999999929,0.8221198314400187,0.6415770355449694,1.1080371546378038,27
21,15.599999999999927,0.9330896149721434,0.6566035782089782,1.0699992823666815,27
21,15.699999999999925,0.8937563533839555,0.6395001997023995,1.136430593323206,27
21,15.799999999999926,0.9279000211996457,0.6469232219956393,1.1058051415311971,27
21,15.899999999999928,0.8936877352872205,0.6359474377894254,1.0778506466383813,27
21,15.999999999999925,0.8507586534526875,0.6078276915215812,1.0398737709329104,27
21,16.099999999999923,0.8693804604944971,0.5072803828224094,1.0341746205893112,27
21,16.199999999999925,0.8451489172662583,0.4127262656739984,1.0915638376104049,27
21,16.299999999999926,0.8762804668176887,0.2957695388226784,1.106488964169384,27
21,16.399999999999924,0.8736460191889597,0.27395581223989934,1.089769044498349,27
21,16.499999999999922,0.8629889834412062,0.2885526422531056,1.1235895362863615,27
21,16.599999999999923,0.8983888183018757,0.3171698245284461,1.0582962749191354,27
21,16.699999999999925,0.8871364946807002,0.3253219904459115,1.0070684068563127,27
21,16.799999999999923,0.8595761033201446,0.3572174100512272,1.0349594598991736,27
21,16.89999999999992,0.8279453271859873,0.37707716443886186,1.05153224835278,27
21,16.999999999999922,0.8225198540683049,0.35155269601019395,1.0677406208684599,27
21,17.099999999999923,0.7828034398082617,0.3564329958024616,1.0332478968053813,27
21,17.19999999999992,0.8062856529113375,0.33492743978454964,1.0412536210021277,27
21,17.29999999999992,0.8468348596629355,0.31044389513935106,1.043231272477866,27
21,17.39999999999992,0.7673862202156382,0.28571493119141783,1.0550310240649743,27
21,17.499999999999922,0.8053687851470311,0.2570240110581561,1.0858909284537384,27
21,17.59999999999992,0.8223910648741404,0.3088080496340362,1.0443662943617578,27
21,17.699999999999918,0.8642974278746809,0.3002030572758112,1.0215832829353486,27
21,17.79999999999992,0.8126743757046669,0.32727383029241974,1.0382177064092017,27
21,17.89999999999992,0.7951313646924142,0.3351508427959849,0.9987544423417125,27
21,17.99999999999992,0.7524381607834384,0.3184495397310408,0.9899562186303722,27
21,18.099999999999916,0.7008713618043417,0.29029636415864535,0.9068571459353858,27
21,18.199999999999918,0.6880320105686397,0.2540523417205285,0.8749782088717362,26
21,18.29999999999992,0.6070995338361453,0.22487729137938367,0.8652838391092442,26
21,18.399999999999917,0.5591247871869207,0.19942103071812145,0.8448039347657423,26
21,18.499999999999915,0.5280481799433434,0.16855145829080237,0.847404663583388,26
21,18.599999999999916,0.47061270379871817,0.13924056204736024,0.8849388473329854,26
21,18.699999999999918,0.4566202805912512,0.12062515376529893,0.827239649004925,26
21,18.799999999999915,0.471359015515508,0.10738642774315268,0.7812063577462888,26
21,18.899999999999913,0.45582943561544015,0.0906532831098063,0.7231115721309506,26
21,18.999999999999915,0.4247331538479415,0.09469466861858425,0.7000902638340022,26
21,19.099999999999916,0.38306530438858577,0.0903113519403579,0.8028262576969213,26
21,19.199999999999914,0.381233833973299,0.07855114300740237,0.9001085880499708,26
21,19.299999999999912,0.38227660532226293,0.07176895444128736,0.8493474894426088,26
21,19.399999999999913,0.37468582697788494,0.06432738647944326,0.7889541219827851,26
21,19.499999999999915,0.35464303240194994,0.060342965513004956,0.8114136122532296,26
21,19.599999999999913,0.3747162526337934,0.0651664313063815,0.7666904631999276,25
21,19.69999999999991,0.3174810042825935,0.06502939176460283,0.7225380353512691,25
21,19.799999999999912,0.30484897187528126,0.07038590108002829,0.676186736140819,25
21,19.899999999999913,0.28016453340823877,0.07409222845945933,0.7119549130125206,25
21,19.99999999999991,0.2754390830873534,0.06368331187836751,0.8206908469176012,25
21,20.09999999999991,0.2659119478668807,0.05302342183788177,0.819635567164535,25
21,20.19999999999991,0.1665211527512299,0.04276788787706299,0.8134104337316712,24
21,20.299999999999912,0.18131753840761808,0.037051445581837886,0.8024438399331515,24
21,20.39999999999991,0.18254929609434348,0.037724475160986,0.7998402756304976,24
21,20.499999999999908,0.2144188319455763,0.035309724878122825,0.8106730756116798,24
21,20.59999999999991,0.17904205158861722,0.033515731233632225,0.7774785241964308,24
21,20.69999999999991,0.14638854213390906,0.032701167069680404,0.7437329053844804,24
21,20.79999999999991,0.12716192276215932,0.02855533734215753,0.7149625401245359,24
21,20.899999999999906,0.10914987279516111,0.025679830021098117,0.7455891479178682,24
21,20.999999999999908,0.08392969608434712,0.02928930983949047,0.7827588527679573,24
21,21.09999999999991,0.08146852740424583,0.03370736197484959,0.8232729243447026,23
21,21.199999999999907,0.07164452292339946,0.026519949153027623,0.8530232899428254,23
21,21.299999999999905,0.06962973863666577,0.021829594795985223,0.8374156981857972,23
21,21.399999999999906,0.08148060269414353,0.02130064749140251,0.8189868536271692,23
21,21.499999999999908,0.08993129770348102,0.018750548442014844,0.8014669663378466,23
21,21.599999999999905,0.10028330549671462,0.020807576390811648,0.8105941886437508,23
21,21.699999999999903,0.1005031428536353,0.01820444476545279,0.823857904059811,23
21,21.799999999999905,0.11354078648171761,0.01568579755324235,0.7747928092570694,23
21,21.899999999999906,0.13401880477558847,0.014741333636031187,0.7606603394168521,23
21,21.999999999999904,0.13222307559757934,0.012439523779983697,0.7704145800654405,23
21,22.099999999999902,0.11715092290554048,0.012359390946320107,0.7803496699223769,23
21,22.199999999999903,0.08434611226073187,0.011946050179419361,0.790669089971513,23
21,22.299999999999905,0.07369961642757422,0.012036182315039251,0.779358499480715,23
21,22.399999999999903,0.09555412198285405,0.016598613955310697,0.88741342593264,22
21,22.4999999999999,0.09670804493509819,0.017953069864071105,0.8771520414638077,22
21,22.599999999999902,0.12619645372057314,0.024355963476405628,0.9337694065000555,21
21,22.699999999999903,0.1118590412870582,0.03126235362211325,0.9176429418093823,21
21,22.7999999999999,0.09240081732661487,0.03662050134069368,0.8499040691389708,21
21,22.8999999999999,0.13663682438667996,0.032011501157681754,0.8250585895015721,21
21,22.9999999999999,0.17805332160051393,0.0316628381782289,0.832078216717152,21
21,23.099999999999902,0.17821075559921729,0.037940958137742044,0.8240351341419808,21
21,23.1999999999999,0.1525668995975994,0.043635358083098603,0.8166904355295299,21
21,23.299999999999898,0.16533951485530612,0.05076957837042528,0.7820135671955908,21
21,23.3999999999999,0.20163669313106963,0.04702020120937095,0.6922621641896092,21
21,23.4999999999999,0.22033546801184423,0.03969469959202651,0.6860825800250882,21
21,23.5999999999999,0.2421794195458985,0.029112771815949488,0.7192968781530877,21
21,23.699999999999896,0.2130355752977755,0.021042580348584285,0.7162956902645745,21
21,23.799999999999898,0.1837787510449828,0.022777360832588293,0.771798582123007,21
21,23.8999999999999,0.15598157782262792,0.029796464104336645,0.7354012351059233,21
21,23.999999999999897,0.10079177788668162,0.03582229315433016,0.7215198911496236,21
21,24.099999999999895,0.09448204683627492,0.041475661989662606,0.7011972524121498,21
21,24.199999999999896,0.09724902943181812,0.04376163691494041,0.6887149592289415,21
21,24.299999999999898,0.1177717511810353,0.050354147337526425,0.678343135259788,21
21,24.399999999999896,0.1418226164586849,0.06261595135594326,0.6731162182395642,21
21,24.499999999999893,0.15463331195129765,0.07229202571027554,0.7084097820742815,21
21,24.599999999999895,0.1471152206340795,0.07022538462779462,0.7442954871025159,21
21,24.699999999999896,0.12959014554493742,0.10575593239049919,0.7912070622574839,21
21,24.799999999999894,0.1571299369724475,0.06934630149726799,0.8294583126335898,21
21,24.899999999999892,0.13191137636895453,0.05660208887539836,0.854770480887957,21
21,24.999999999999893,0.12759819371591308,0.05233290138582756,0.8450702254362545,21
21,25.099999999999895,0.1115336536014035,0.043168774097654954,0.7730362366856579,21
21,25.199999999999893,0.09393946965869694,0.03929912071630227,0.7604517670994629,21
21,25.29999999999989,0.07191175754483228,0.042005220955915405,0.685660353260215,21
21,25.399999999999892,0.06818924374248668,0.03512959914305543,0.6721109491214575,21
21,25.499999999999893,0.07452039189938961,0.03448957567564761,0.6952637963792913,21
21,25.59999999999989,0.07167689736411394,0.03395295118979995,0.741950530006164,21
21,25.69999999999989,0.06624326059487004,0.04184804427229936,0.739467361861698,21
21,25.79999999999989,0.06523065244835516,0.046269378882498255,0.7402586901521583,21
21,25.899999999999892,0.07631519356903381,0.03660880947653633,0.6479564126842501,21
21,25.99999999999989,0.08863706515526912,0.0374723393781423,0.6876740309786862,21
21,26.099999999999888,0.10756602265643454,0.03820235679855398,0.6459767609264492,21
21,26.19999999999989,0.10273047057851264,0.04272731933840814,0.6689935497779648,21
21,26.29999999999989,0.08586565241909964,0.038472973585792464,0.6636478122162031,21
21,26.39999999999989,0.1129066235591852,0.036718283663785115,0.6694450563035523,20
21,26.499999999999886,0.11218529134572283,0.03572660817227074,0.6079272932008527,20
21,26.599999999999888,0.13630196692970417,0.03320470658703034,0.5685112268256798,20
21,26.69999999999989,0.16956757065064876,0.03156942468975474,0.593697377994322,20
21,26.799999999999887,0.19476451547302726,0.03188056821342436,0.5548825859829943,20
21,26.899999999999885,0.19588330757017797,0.03575338802251564,0.5200706038497006,20
21,26.999999999999886,0.17738412998837838,0.03438526787719761,0.4638382173936273,20
21,27.099999999999888,0.1414290096020377,0.027371066526890732,0.39876699297848905,20
21,27.19999999999989,0.14860952767111152,0.02508365244049769,0.33995848890469,20
21,27.299999999999883,0.15945175575182996,0.02479130077233767,0.2828378166498565,20
21,27.399999999999885,0.13437504705152487,0.025610578634124272,0.2600003624473432,20
21,27.499999999999886,0.11250085875292545,0.025179331356488272,0.2272856342889582,20
21,27.59999999999988,0.08137231145604937,0.024459563433312303,0.2126980952414218,20
21,27.699999999999882,0.07151062006554781,0.023243874683763762,0.32896042174019624,18
21,27.799999999999883,0.06382002895253117,0.019203523155346933,0.30913943624505974,18
21,27.899999999999885,0.06735661328259132,0.017644799991576615,0.3216440450448166,18
21,27.999999999999886,0.07986600561429535,0.020252826023648068,0.34147221748464046,18
21,28.09999999999988,0.08767915204368362,0.024065825170911465,0.3485402570126377,18
21,28.199999999999882,0.08293831275981547,0.021989349272371072,0.3146152631958611,18
21,28.299999999999883,0.07179806539339703,0.01960909995874715,0.291789560031384,18
21,28.399999999999878,0.060141927401243245,0.01664124559117943,0.2762657559096665,18
21,28.49999999999988,0.05055055514110497,0.020899538012400947,0.22586711669979226,18
21,28.59999999999988,0.05912543788056819,0.024008041615131703,0.21779791418075406,18
21,28.699999999999882,0.08076880359151245,0.0224147310541042,0.19870350956444757,18
21,28.799999999999883,0.09551563974245432,0.01928966666607961,0.15913528003412603,18
21,28.899999999999878,0.0945662474283385,0.02687029494424197,0.1401324167001723,17
21,28.99999999999988,0.08506906044556485,0.03757974146694198,0.17481859919963696,17
21,29.09999999999988,0.08352764063856921,0.030008551987981334,0.1614199305137521,17
21,29.199999999999875,0.08141370928388711,0.02212657005420127,0.1612149146196343,17
21,29.299999999999876,0.07395103656252153,0.017536925380935247,0.15231138473079836,17
21,29.399999999999878,0.06025164848660742,0.0217545787721134,0.13661860481705437,17
21,29.49999999999988,0.053297574925286424,0.034419846961448126,0.157656839423312,17
21,29.59999999999988,0.04945837347846612,0.031971964246099625,0.24447880605227693,17
21,29.699999999999875,0.052716872197598824,0.02139721694456552,0.30513769691991605,17
21,29.799999999999876,0.04621752083882229,0.01989383720240725,0.26199171087198203,17
21,29.899999999999878,0.05063251674975756,0.017010748374626867,0.2704916605590923,17
21,29.999999999999872,0.056321153203377744,0.021913334224502142,0.3053825670761263,17
