participant_id,recording_identifier,scenario,progress_percent,ped_x,ped_z,veh_x,veh_z,mean_x,mean_z,deviation_m
PedNYC11,PedNYC11_scenario21,21,0.0,-1.7104909420013428,70.16130828857422,3.0949296951293945,95.4394073486328,-1.825302419839082,70.10194651285808,0.12924974220267949
PedNYC11,PedNYC11_scenario21,21,1.0,-1.7061027295296474,70.0294919394076,3.0368771029424226,94.4180883782585,-1.8171673414183962,70.00257768621032,0.11427915400092119
PedNYC11,PedNYC11_scenario21,21,2.0,-1.754396517259366,69.81245062567388,2.989586569029644,93.44428694262751,-1.8065296691854325,69.86694406997819,0.07541485929108141
PedNYC11,PedNYC11_scenario21,21,3.0,-1.7921763842614367,69.59763871457689,2.9469272184965773,92.48505339603005,-1.7865015493999776,69.71520258524953,0.1177007537709004
PedNYC11,PedNYC11_scenario21,21,4.0,-1.7628501490672002,69.38136339411304,2.904215144830751,91.49031910046405,-1.766365213034811,69.53404823318081,0.15272529507533616
PedNYC11,PedNYC11_scenario21,21,5.0,-1.6964631450758751,69.14210818685676,2.860647344361373,90.42097090750762,-1.747798760292633,69.3329731292374,0.19764810047063175
PedNYC11,PedNYC11_scenario21,21,6.0,-1.6781873718151314,68.92343887693796,2.8156774884598375,89.25300231404752,-1.7365755535379133,69.11983897989869,0.2048955348656365
PedNYC11,PedNYC11_scenario21,21,7.0,-1.705602471464703,68.63539051459517,2.772046406228727,87.96910498244117,-1.7330047171810947,68.90689538623847,0.27288418495095546
PedNYC11,PedNYC11_scenario21,21,8.0,-1.7235972318580846,68.39405935133992,2.7316245745627348,86.56022787985982,-1.734178519696201,68.67310029293871,0.27924149179635627
PedNYC11,PedNYC11_scenario21,21,9.0,-1.690869456874273,68.16278572287143,2.6963465458869478,85.03869481466421,-1.729664786041388,68.4404409422859,0.2803524539455331
PedNYC11,PedNYC11_scenario21,21,10.0,-1.611717682918562,67.88244834422804,2.669144414185366,83.47096457252321,-1.714501195148898,68.20996503885166,0.3432661294733122
PedNYC11,PedNYC11_scenario21,21,11.0,-1.5946585560193098,67.59822496078895,2.6511161364765576,81.92031915422845,-1.7093786353686158,67.95872061496786,0.3783091504150907
PedNYC11,PedNYC11_scenario21,21,12.0,-1.6293475095772583,67.33613503130798,2.6410920706216388,80.4220691167069,-1.7105148648709003,67.71371106683303,0.38620176354877006
PedNYC11,PedNYC11_scenario21,21,13.0,-1.6616065478182476,67.05390683667707,2.636700304401648,78.99353382079128,-1.701620808899189,67.45744478136365,0.40551697115129465
PedNYC11,PedNYC11_scenario21,21,14.0,-1.6132077012682895,66.74745737852119,2.634361793299814,77.6387886117562,-1.698685724636741,67.19825912923983,0.4588340777775425
PedNYC11,PedNYC11_scenario21,21,15.0,-1.5386704712808328,66.44815154609742,2.630779971969719,76.35600422721842,-1.6959252536032763,66.92561931432473,0.5026972610421214
PedNYC11,PedNYC11_scenario21,21,16.0,-1.5343564761641701,66.1378252797876,2.6244033497229595,75.14312185046228,-1.6865739244722937,66.67475642194377,0.5580906763121548
PedNYC11,PedNYC11_scenario21,21,17.0,-1.5788274792413028,65.82231864051579,2.6143614081001028,73.99708200539523,-1.6878849387447674,66.42719810274986,0.6146321609759152
PedNYC11,PedNYC11_scenario21,21,18.0,-1.5830474523998255,65.52667754302446,2.6003328566043966,72.91220575580009,-1.6928475003298016,66.19560740917889,0.677881417623176
PedNYC11,PedNYC11_scenario21,21,19.0,-1.537151797771472,65.20166727705873,2.5826105539546544,71.88730146444468,-1.691696157566123,65.95459758567938,0.7686273536532011
PedNYC11,PedNYC11_scenario21,21,20.0,-1.5414951798550454,64.90068231863442,2.5614138481213637,70.91837462034827,-1.691040003484116,65.71870393749454,0.8315786332011983
PedNYC11,PedNYC11_scenario21,21,21.0,-1.6031837780321736,64.58877672718727,2.5375393720875974,70.00209468366026,-1.7028991624407648,65.4971993169833,0.9138789632875262
PedNYC11,PedNYC11_scenario21,21,22.0,-1.6580675656015478,64.29733056218666,2.5115475103647413,69.13602922951829,-1.7232685253583613,65.26848722599237,0.973342915321962
PedNYC11,PedNYC11_scenario21,21,23.0,-1.6455657122164684,63.98577322224762,2.48393712218011,68.31672330259833,-1.730421229300475,65.03644162310239,1.0540894399121497
PedNYC11,PedNYC11_scenario21,21,24.0,-1.621924243939973,63.65030750810618,2.455008570543383,67.5426607402753,-1.7326844632821083,64.8256955527612,1.1805951387781823
PedNYC11,PedNYC11_scenario21,21,25.0,-1.6571417436691236,63.359629302579826,2.4225870444820243,66.81076421792429,-1.7612884374855875,64.6329153428684,1.2775382085192828
PedNYC11,PedNYC11_scenario21,21,26.0,-1.728325673504833,63.03662034621026,2.385335370673179,66.11022433648904,-1.7990657116677642,64.4404599811152,1.405620814277204
PedNYC11,PedNYC11_scenario21,21,27.0,-1.7591322412398096,62.73171405881987,2.338017564546887,65.42043218560612,-1.826652969619971,64.24456602224824,1.5143579867422547
PedNYC11,PedNYC11_scenario21,21,28.0,-1.766307394153314,62.388671342474694,2.278901938673678,64.73053995789566,-1.8429115196989831,64.05009084300737,1.6631845804963605
PedNYC11,PedNYC11_scenario21,21,29.0,-1.8199700186399903,62.07274104151152,2.206549101841831,64.04747824599855,-1.8680852622162605,63.87003610557126,1.7979389933915737
PedNYC11,PedNYC11_scenario21,21,30.0,-1.9165418654870208,61.76337440041181,2.1133603607982527,63.39328982183946,-1.8991914746182001,63.68540769192777,1.9221116017960487
PedNYC11,PedNYC11_scenario21,21,31.0,-1.9818405497292648,61.46610053289777,1.9924275650819219,62.77749104964935,-1.9244018579729016,63.49504565842647,2.029757996835425
PedNYC11,PedNYC11_scenario21,21,32.0,-1.962706601982668,61.1487596645572,1.8347603199873768,62.20752049787657,-1.9388502000199235,63.30721317825131,2.1585853466316935
PedNYC11,PedNYC11_scenario21,21,33.0,-1.9668109004451506,60.851821223919636,1.6487060561306486,61.70233566696157,-1.9497110775541249,63.131974681071775,2.280217575606713
PedNYC11,PedNYC11_scenario21,21,34.0,-2.0327776132286903,60.57501183404003,1.4677797220433892,61.30592446970752,-1.9638288600748472,62.95713407603772,2.383119868236079
PedNYC11,PedNYC11_scenario21,21,35.0,-2.131005765905701,60.26860591547939,1.3583122955255462,61.09667663559049,-1.976875437050742,62.77561340886013,2.5117409759248903
PedNYC11,PedNYC11_scenario21,21,36.0,-2.163216038010534,59.97168271180709,1.3481911913576432,61.078943209363864,-1.9806681022861308,62.58636645574973,2.6210484218486223
PedNYC11,PedNYC11_scenario21,21,37.0,-2.1447000372912335,59.66043844678424,1.3479312293301418,61.07858836270274,-1.9875194231117008,62.39356349844064,2.7376410088734535
PedNYC11,PedNYC11_scenario21,21,38.0,-2.1721019763899045,59.39751284542241,1.3478617998295812,61.078509638863444,-1.996107785750097,62.1974923280324,2.805505134227324
PedNYC11,PedNYC11_scenario21,21,39.0,-2.233249522271424,59.131883489423004,1.347849594056676,61.0784912109375,-2.005058859194586,61.9754391700128,2.8526969497880312
PedNYC11,PedNYC11_scenario21,21,40.0,-2.2620123991759273,58.8182652218524,1.3478476431897382,61.0784912109375,-2.014765555831237,61.75564211260331,2.947764237496175
PedNYC11,PedNYC11_scenario21,21,41.0,-2.2224612874429623,58.5428476989491,1.3478472232818604,61.0784912109375,-2.023002631829535,61.54150948442543,3.0052880492517193
PedNYC11,PedNYC11_scenario21,21,42.0,-2.182800168047257,58.250002415358104,1.3478471040725708,61.0784912109375,-2.0282745446250225,61.3152058821016,3.06909603317172
PedNYC11,PedNYC11_scenario21,21,43.0,-2.220935368318126,57.92955833879833,1.3478471040725708,61.0784912109375,-2.0341908489877274,61.08861519498951,3.164571651290018
PedNYC11,PedNYC11_scenario21,21,44.0,-2.280512190418239,57.65564811335292,1.3478471040725708,61.0784912109375,-2.0475315707889035,60.864360700598525,3.2171596846708224
PedNYC11,PedNYC11_scenario21,21,45.0,-2.293525103080706,57.402701372222104,1.3478471040725708,61.0784912109375,-2.073350900989988,60.63840820183235,3.2431890734973594
PedNYC11,PedNYC11_scenario21,21,46.0,-2.2586777616621414,57.113102748160976,1.3478471040725708,61.0784912109375,-2.089057810505804,60.4111279305209,3.3023841435106354
PedNYC11,PedNYC11_scenario21,21,47.0,-2.256339470257395,56.83732277543493,1.3478471040725708,61.0784912109375,-2.084047468677665,60.18267849712839,3.3497894618133177
PedNYC11,PedNYC11_scenario21,21,48.0,-2.310450272921204,56.561974964353894,1.3478470218824548,61.0784912109375,-2.0969932581660817,59.95361459827399,3.398350085486454
PedNYC11,PedNYC11_scenario21,21,49.0,-2.367123734050311,56.25997792119261,1.347847005421895,61.0784912109375,-2.1280210868134297,59.72510909821509,3.4733707187527387
PedNYC11,PedNYC11_scenario21,21,50.0,-2.3685484808265826,55.982051686114055,1.3478471040725708,61.0784912109375,-2.1415726242359976,59.50820528941491,3.5334511845427605
PedNYC11,PedNYC11_scenario21,21,51.0,-2.335054397903559,55.673690982668575,1.3478471040725708,61.0784912109375,-2.1511988329233893,59.29022030652531,3.6211996933460955
PedNYC11,PedNYC11_scenario21,21,52.0,-2.352017746360016,55.38230760136231,1.3478471040725708,61.0784912109375,-2.169277852319524,59.07241554195519,3.6946299519844423
PedNYC11,PedNYC11_scenario21,21,53.0,-2.3991520245513134,55.1050143368344,1.3478590602783769,61.07851028442383,-2.191041779263107,58.8553537433938,3.7561090956715057
PedNYC11,PedNYC11_scenario21,21,54.0,-2.4134247842274963,54.83448994682543,1.347823157800344,61.07847806505828,-2.197121118848999,58.641038644652404,3.812689374258598
PedNYC11,PedNYC11_scenario21,21,55.0,-2.3814123033348347,54.56265970869231,1.3478203232830135,61.07849001054999,-2.193226298117283,58.432645701371136,3.874558756308913
PedNYC11,PedNYC11_scenario21,21,56.0,-2.3665338205035673,54.288330335085696,1.345751801552929,61.07459080145769,-2.2068897287829405,58.21921562505987,3.934125747730571
PedNYC11,PedNYC11_scenario21,21,57.0,-2.4024744528700315,53.99847917218898,1.325195819614001,61.035682794419394,-2.228612065711436,58.00478344553898,4.010075069164041
PedNYC11,PedNYC11_scenario21,21,58.0,-2.4320857837155856,53.76586611841959,1.2620514406192405,60.921401074275465,-2.2415834951305857,57.79468855910969,4.033323862593265
PedNYC11,PedNYC11_scenario21,21,59.0,-2.404306483759984,53.5137767663869,1.1339865855077291,60.70732787641241,-2.248649494784993,57.57713523854753,4.066338792021187
PedNYC11,PedNYC11_scenario21,21,60.0,-2.3465977285839497,53.25656359872276,0.9256642521958715,60.38798328238005,-2.2538043295640473,57.363200272204615,4.107684917674165
PedNYC11,PedNYC11_scenario21,21,61.0,-2.3361587321677497,53.024351144355556,0.6224474439607097,59.976963213664426,-2.2505066610104407,57.16284960897824,4.139384715024428
PedNYC11,PedNYC11_scenario21,21,62.0,-2.372187937457194,52.8455117909548,0.20866696430485793,59.50535255141284,-2.2605093636601685,56.972795548860645,4.128794415094885
PedNYC11,PedNYC11_scenario21,21,63.0,-2.434171230821702,52.59706819750398,-0.3198828903432338,59.02138982551178,-2.26960668010071,56.780389537604606,4.186556929732988
PedNYC11,PedNYC11_scenario21,21,64.0,-2.4206486294381966,52.30076724047093,-0.9243403423109142,58.58740874400385,-2.2695786202796047,56.595322650115136,4.297211690639813
PedNYC11,PedNYC11_scenario21,21,65.0,-2.3674315113742597,52.10243283032808,-1.5586200072618956,58.24188916211919,-2.270678576491046,56.426068018985625,4.3247176063884565
PedNYC11,PedNYC11_scenario21,21,66.0,-2.3368249938685657,51.88184395599686,-2.192216951778058,57.98492835484969,-2.269968189868403,56.26084748465528,4.379513869854055
PedNYC11,PedNYC11_scenario21,21,67.0,-2.3570768990318958,51.711523630738675,-2.811216604746153,57.80074249866992,-2.2697517160711307,56.08408935831554,4.373437632979223
PedNYC11,PedNYC11_scenario21,21,68.0,-2.3949796232018117,51.50924719030648,-3.4071272461524114,57.67787066112464,-2.2753815514399096,55.920450356775795,4.412824160856408
PedNYC11,PedNYC11_scenario21,21,69.0,-2.3738607230425592,51.33968696018893,-3.9937819333240663,57.604720570484325,-2.2880545685634845,55.76000780077323,4.421153585869915
PedNYC11,PedNYC11_scenario21,21,70.0,-2.3250115386398718,51.23651276928968,-4.62062505738128,57.5722747595418,-2.294843945041439,55.60877824269272,4.372369546780765
PedNYC11,PedNYC11_scenario21,21,71.0,-2.331243109124528,51.156745838143735,-5.326350281043229,57.578647567436526,-2.2947883799553486,55.46705233267817,4.3104606510330825
PedNYC11,PedNYC11_scenario21,21,72.0,-2.374689348700921,51.10879700419657,-6.114997564139449,57.62226409581079,-2.3021287801758152,55.31677505852195,4.208603609487201
PedNYC11,PedNYC11_scenario21,21,73.0,-2.3408557514383066,51.115662777146845,-6.974694557617901,57.673430616974,-2.3145414002942717,55.18287569694167,4.067298044159303
PedNYC11,PedNYC11_scenario21,21,74.0,-2.3113593601885833,51.22998785364328,-7.897671683634669,57.70320593566528,-2.3261289988622824,55.05534571272295,3.8253863716295604
PedNYC11,PedNYC11_scenario21,21,75.0,-2.297172671167595,51.351956821032054,-8.856085905036858,57.70756740664934,-2.3395481029360004,54.92642134327374,3.5747156947066467
PedNYC11,PedNYC11_scenario21,21,76.0,-2.296320650682176,51.44026700719093,-9.810967168855525,57.69179680232567,-2.351323034633274,54.809563038522455,3.3697449471713212
PedNYC11,PedNYC11_scenario21,21,77.0,-2.3046330814893636,51.473589116114454,-10.729420315849802,57.67094389701922,-2.359643043079823,54.68348034555226,3.2103625653025465
PedNYC11,PedNYC11_scenario21,21,78.0,-2.2815481435254084,51.46107689341501,-11.60229845151463,57.65408547336799,-2.364647823633431,54.56858272927498,3.10861674651891
PedNYC11,PedNYC11_scenario21,21,79.0,-2.238890370683962,51.422291892277066,-12.429184140983041,57.638407735596644,-2.3683877302409266,54.437539623172306,3.0180272438798688
PedNYC11,PedNYC11_scenario21,21,80.0,-2.212893747050544,51.39227554733791,-13.210852706561072,57.62354362081919,-2.363749903912617,54.31233747388921,2.9239560931993616
PedNYC11,PedNYC11_scenario21,21,81.0,-2.197589213902586,51.37190751983674,-13.95024778876014,57.60933495521071,-2.357570062568436,54.20082157935562,2.833434069831771
PedNYC11,PedNYC11_scenario21,21,82.0,-2.21741191032365,51.36192838992442,-14.658931533208918,57.595573822270744,-2.3588693522693336,54.07759073823681,2.7193440749422195
PedNYC11,PedNYC11_scenario21,21,83.0,-2.252923344332927,51.37218012008309,-15.392059736322192,57.581387376791675,-2.3607271994155945,53.97038175732655,2.600437159199448
PedNYC11,PedNYC11_scenario21,21,84.0,-2.2236111981476174,51.40931471200478,-16.19217988587318,57.56646549365834,-2.351357278926944,53.853348048367444,2.4473696105015477
PedNYC11,PedNYC11_scenario21,21,85.0,-2.1821894070547256,51.430496587718444,-17.08289654305964,57.55017286704248,-2.3337644886605724,53.74060284997639,2.3150736377677488
PedNYC11,PedNYC11_scenario21,21,86.0,-2.1474864335947954,51.43310411243383,-18.072261614099162,57.53247473515957,-2.317310858251487,53.63163976247636,2.2050848826559726
PedNYC11,PedNYC11_scenario21,21,87.0,-2.1082980078605273,51.40749068112873,-19.15020654744192,57.513812897851274,-2.304096794375246,53.532144124650166,2.1336563499936307
PedNYC11,PedNYC11_scenario21,21,88.0,-2.0867097492407116,51.36956267627668,-20.292175989761553,57.49551455015611,-2.2849930895089425,53.44273811875156,2.0826359975542674
PedNYC11,PedNYC11_scenario21,21,89.0,-2.087793676840363,51.3205882607926,-21.463149880199712,57.478157960023076,-2.2652136843913655,53.3573688589584,2.044493351455087
PedNYC11,PedNYC11_scenario21,21,90.0,-2.0950307961536914,51.293456109241696,-22.60942066554887,57.462656144878004,-2.2498123757653476,53.27411724062558,1.9866997394578685
PedNYC11,PedNYC11_scenario21,21,91.0,-2.1013118581665022,51.28360609780989,-23.704484039329955,57.44983337093128,-2.2469028274449068,53.204574446245296,1.9264776474244614
PedNYC11,PedNYC11_scenario21,21,92.0,-2.1111782426192542,51.27623024774282,-24.74238400090284,57.44006879810404,-2.24088747851782,53.13506061692246,1.8633504306119975
PedNYC11,PedNYC11_scenario21,21,93.0,-2.119991047534493,51.27162708011089,-25.72505636093773,57.433446435278675,-2.233954290090036,53.06838784374048,1.8003713123610277
PedNYC11,PedNYC11_scenario21,21,94.0,-2.1143328718000003,51.29174345961853,-26.654956454189154,57.429386589709445,-2.2237956508195387,53.00834053367193,1.720083606874783
PedNYC11,PedNYC11_scenario21,21,95.0,-2.0974174193858905,51.334801900552115,-27.533408239339384,57.42752609190082,-2.2063540095778302,52.95125301377824,1.6201177062586012
PedNYC11,PedNYC11_scenario21,21,96.0,-2.0892574938296486,51.368072761701065,-28.325208367769363,57.427497084454444,-2.1933332995411763,52.896117026501116,1.5315844895149708
PedNYC11,PedNYC11_scenario21,21,97.0,-2.083126037105409,51.3868842955819,-28.961758032305024,57.42865501384842,-2.1877621883656873,52.852530737306374,1.4693768122201243
PedNYC11,PedNYC11_scenario21,21,98.0,-2.0817270847998826,51.40439804524152,-29.39631071460947,57.43007608584566,-2.187651720080178,52.813528703133805,1.4131062378219144
PedNYC11,PedNYC11_scenario21,21,99.0,-2.116780928268672,51.41882559420608,-29.620029169905617,57.43101845989066,-2.1883941165027183,52.79574136491756,1.3787768087558718
PedNYC11,PedNYC11_scenario21,21,100.0,-2.160360097885132,51.433326721191406,-29.652908325195312,57.43115615844727,-2.175133762359619,52.89806213378906,1.4648099160231087
PedNYC12,PedNYC12_scenario21,21,0.0,-1.6927213668823242,70.05438232421875,3.163470983505249,93.86658477783205,-1.825302419839082,70.10194651285808,0.1408548460083647
PedNYC12,PedNYC12_scenario21,21,1.0,-1.7174644214527428,69.95622976356827,3.1229300197275847,92.69912795884876,-1.8171673414183962,70.00257768621032,0.10994908904993336
PedNYC12,PedNYC12_scenario21,21,2.0,-1.7568234023490266,69.85739746593751,3.0775049998355417,91.50092041439349,-1.8065296691854325,69.86694406997819,0.05061472721966892
PedNYC12,PedNYC12_scenario21,21,3.0,-1.7686296105942434,69.73166434554837,3.027030657103447,90.27500112432047,-1.7865015493999776,69.71520258524953,0.024298060597758173
PedNYC12,PedNYC12_scenario21,21,4.0,-1.7308410984787979,69.57127857914816,2.9713315033900938,89.01777672560216,-1.766365213034811,69.53404823318081,0.05145931767752976
PedNYC12,PedNYC12_scenario21,21,5.0,-1.6518244706604002,69.32241973198242,2.911774116706848,87.73377852575683,-1.747798760292633,69.3329731292374,0.09655277553769832
PedNYC12,PedNYC12_scenario21,21,6.0,-1.6240338579114788,69.06067327639974,2.8482231648003133,86.42198231958984,-1.7365755535379133,69.11983897989869,0.12714642631626916
PedNYC12,PedNYC12_scenario21,21,7.0,-1.6432840320486624,68.78471998304178,2.781695224908271,85.08731686690781,-1.7330047171810947,68.90689538623847,0.1515804422968459
PedNYC12,PedNYC12_scenario21,21,8.0,-1.6463480835915794,68.48706275979714,2.712746756127909,83.72960276927009,-1.734178519696201,68.67310029293871,0.20572833845566751
PedNYC12,PedNYC12_scenario21,21,9.0,-1.5933996520701597,68.1942308798291,2.6422368257641597,82.35242759222167,-1.729664786041388,68.4404409422859,0.2814028812773184
PedNYC12,PedNYC12_scenario21,21,10.0,-1.521180361984534,67.88479842461535,2.5718504878689448,80.95976124498473,-1.714501195148898,68.20996503885166,0.3782938957335533
PedNYC12,PedNYC12_scenario21,21,11.0,-1.5143103058611052,67.57586718999002,2.5032285306204174,79.557103608872,-1.7093786353686158,67.95872061496786,0.4296840678848964
PedNYC12,PedNYC12_scenario21,21,12.0,-1.5416769224179214,67.25619838975538,2.4382408930568427,78.15112961911683,-1.7105148648709003,67.71371106683303,0.4876721239711256
PedNYC12,PedNYC12_scenario21,21,13.0,-1.5137631897741952,66.9146677156181,2.3776226190361704,76.75789776944329,-1.701620808899189,67.45744478136365,0.5743669803902943
PedNYC12,PedNYC12_scenario21,21,14.0,-1.4298864810848466,66.60920091971352,2.3222088540593213,75.38805983946665,-1.698685724636741,67.19825912923983,0.6474894651995643
PedNYC12,PedNYC12_scenario21,21,15.0,-1.3957107192336975,66.2612735496022,2.27320402231019,74.06483877505848,-1.6959252536032763,66.92561931432473,0.7290295342107341
PedNYC12,PedNYC12_scenario21,21,16.0,-1.4272842202680784,65.9274496897256,2.231399525513137,72.80088910833241,-1.6865739244722937,66.67475642194377,0.7910110635919698
PedNYC12,PedNYC12_scenario21,21,17.0,-1.488945221107446,65.6082135250411,2.1966177469522945,71.60290068205917,-1.6878849387447674,66.42719810274986,0.8428005397354792
PedNYC12,PedNYC12_scenario21,21,18.0,-1.5234769523662004,65.26951848554276,2.1690156650652948,70.46626726525072,-1.6928475003298016,66.19560740917889,0.9414494553607301
PedNYC12,PedNYC12_scenario21,21,19.0,-1.4897065711400819,64.92677589802754,2.1487869487643154,69.389828516786,-1.691696157566123,65.95459758567938,1.0474813672004069
PedNYC12,PedNYC12_scenario21,21,20.0,-1.4786822241388549,64.65200714236329,2.138868995257795,68.37105033073443,-1.691040003484116,65.71870393749454,1.0876294769781347
PedNYC12,PedNYC12_scenario21,21,21.0,-1.5187102992156092,64.32896248880742,2.1394594099850837,67.41236385616797,-1.7028991624407648,65.4971993169833,1.182667672697031
PedNYC12,PedNYC12_scenario21,21,22.0,-1.5581239396472362,64.01068144470351,2.1479475196456796,66.52816496446694,-1.7232685253583613,65.26848722599237,1.268600850399129
PedNYC12,PedNYC12_scenario21,21,23.0,-1.5428537162459706,63.69592233356773,2.1605147049600473,65.69496229598217,-1.730421229300475,65.03644162310239,1.3535780500466035
PedNYC12,PedNYC12_scenario21,21,24.0,-1.5119803124534097,63.3861165078776,2.1632535347721356,64.91842339117187,-1.7326844632821083,64.8256955527612,1.4563990348324862
PedNYC12,PedNYC12_scenario21,21,25.0,-1.5420084085109058,63.091718935036084,2.142511135396881,64.20718833068094,-1.7612884374855875,64.6329153428684,1.5567177324815098
PedNYC12,PedNYC12_scenario21,21,26.0,-1.6283558577586486,62.819775934733016,2.092380207089156,63.54691565933694,-1.7990657116677642,64.4404599811152,1.6296498496362308
PedNYC12,PedNYC12_scenario21,21,27.0,-1.7145293579012044,62.548390069963936,2.01549289114297,62.94142090401046,-1.826652969619971,64.24456602224824,1.6998778089652242
PedNYC12,PedNYC12_scenario21,21,28.0,-1.7391675279322536,62.28875438530241,1.9526478038124888,62.53417670559202,-1.8429115196989831,64.05009084300737,1.7643891104482423
PedNYC12,PedNYC12_scenario21,21,29.0,-1.749835261979996,62.03113445308912,1.9388536267085381,62.44794226445597,-1.8680852622162605,63.87003610557126,1.84269974495505
PedNYC12,PedNYC12_scenario21,21,30.0,-1.836251819032485,61.86044954788284,1.9387665345655047,62.447264465689095,-1.8991914746182001,63.68540769192777,1.8260431615274544
PedNYC12,PedNYC12_scenario21,21,31.0,-1.9543098008977333,61.69421803983616,1.9387203309680971,62.447002240351374,-1.9244018579729016,63.49504565842647,1.801075955346594
PedNYC12,PedNYC12_scenario21,21,32.0,-2.0114896176306227,61.50492197765596,1.9387090953552024,62.4469544900064,-1.9388502000199235,63.30721317825131,1.8037544336007174
PedNYC12,PedNYC12_scenario21,21,33.0,-2.0135666297488224,61.363487508903795,1.938707266295915,62.44694900512695,-1.9497110775541249,63.131974681071775,1.7696396270621846
PedNYC12,PedNYC12_scenario21,21,34.0,-2.000449600427153,61.2128302984074,1.9387066842887348,62.446946721946546,-1.9638288600748472,62.95713407603772,1.7446881518710904
PedNYC12,PedNYC12_scenario21,21,35.0,-1.9985335459044866,61.05362659520423,1.938706636428833,62.44694733216943,-1.976875437050742,62.77561340886013,1.7221230095681117
PedNYC12,PedNYC12_scenario21,21,36.0,-2.033433841594449,60.966778766308536,1.938706636428833,62.44694694135206,-1.9806681022861308,62.58636645574973,1.62044700840053
PedNYC12,PedNYC12_scenario21,21,37.0,-2.0704122177391353,60.902666666479725,1.938706636428833,62.44695281982422,-1.9875194231117008,62.39356349844064,1.4931994437958533
PedNYC12,PedNYC12_scenario21,21,38.0,-2.0636615432837186,60.77713340385911,1.938706636428833,62.446949470010935,-1.996107785750097,62.1974923280324,1.4219644804409235
PedNYC12,PedNYC12_scenario21,21,39.0,-2.1079009507451882,60.576724159342284,1.938706636428833,62.44694900512695,-2.005058859194586,61.9754391700128,1.4024907047355144
PedNYC12,PedNYC12_scenario21,21,40.0,-2.223389188895014,60.320278446702716,1.938706539358827,62.44694589888675,-2.014765555831237,61.75564211260331,1.4504456810443906
PedNYC12,PedNYC12_scenario21,21,41.0,-2.363671972469575,60.05661873548795,1.938706636428833,62.44695140495489,-2.023002631829535,61.54150948442543,1.5234684558376104
PedNYC12,PedNYC12_scenario21,21,42.0,-2.4126976851620356,59.83568464276931,1.938706636428833,62.44695199520034,-2.0282745446250225,61.3152058821016,1.5286478497730285
PedNYC12,PedNYC12_scenario21,21,43.0,-2.4075617934985982,59.55467386444233,1.938706636428833,62.446950347254386,-2.0341908489877274,61.08861519498951,1.5787279270874355
PedNYC12,PedNYC12_scenario21,21,44.0,-2.4578947053697804,59.29026276562587,1.938706636428833,62.44694519042969,-2.0475315707889035,60.864360700598525,1.626709012426077
PedNYC12,PedNYC12_scenario21,21,45.0,-2.5484262381037355,59.00733945245931,1.938706636428833,62.44694900512695,-2.073350900989988,60.63840820183235,1.6988472094673668
PedNYC12,PedNYC12_scenario21,21,46.0,-2.5989342651225744,58.63748672661175,1.938706636428833,62.44695214236304,-2.089057810505804,60.4111279305209,1.84547476795996
PedNYC12,PedNYC12_scenario21,21,47.0,-2.6003684559700604,58.288004170638004,1.938706636428833,62.44694900512695,-2.084047468677665,60.18267849712839,1.9637663214803338
PedNYC12,PedNYC12_scenario21,21,48.0,-2.630281171961598,57.94898281143349,1.938706638907648,62.44694900512695,-2.0969932581660817,59.95361459827399,2.0743540198846735
PedNYC12,PedNYC12_scenario21,21,49.0,-2.6971540176715534,57.58090120255067,1.938706636428833,62.44694691870128,-2.1280210868134297,59.72510909821509,2.2184543702354595
PedNYC12,PedNYC12_scenario21,21,50.0,-2.729983429358164,57.23400403228226,1.938706636428833,62.44694519042969,-2.1415726242359976,59.50820528941491,2.349088894343561
PedNYC12,PedNYC12_scenario21,21,51.0,-2.7221505001240223,57.03370273171379,1.9387016730565056,62.44693756103516,-2.1511988329233893,59.29022030652531,2.3276291310499766
PedNYC12,PedNYC12_scenario21,21,52.0,-2.6677480119222756,56.5922353056317,1.9387101027566054,62.44699620218804,-2.169277852319524,59.07241554195519,2.5297759791459877
PedNYC12,PedNYC12_scenario21,21,53.0,-2.681174619858962,56.25455989379463,1.938709014620229,62.44701199006116,-2.191041779263107,58.8553537433938,2.6465749280047666
PedNYC12,PedNYC12_scenario21,21,54.0,-2.7165349950072106,55.93397446870211,1.9387028769496386,62.44700878405115,-2.197121118848999,58.641038644652404,2.756444671575894
PedNYC12,PedNYC12_scenario21,21,55.0,-2.700023616253719,55.663175926992245,1.9387175618213963,62.447086951031274,-2.193226298117283,58.432645701371136,2.8154584622879004
PedNYC12,PedNYC12_scenario21,21,56.0,-2.6465176535203327,55.37753671306937,1.9386980965836766,62.447012405924106,-2.2068897287829405,58.21921562505987,2.8754846115151462
PedNYC12,PedNYC12_scenario21,21,57.0,-2.593248276951971,55.061818851612344,1.9378883386677765,62.44263607860237,-2.228612065711436,58.00478344553898,2.965467950872786
PedNYC12,PedNYC12_scenario21,21,58.0,-2.5809617317611964,54.76214747174475,1.934182404403817,62.422221830445054,-2.2415834951305857,57.79468855910969,3.0514722731912602
PedNYC12,PedNYC12_scenario21,21,59.0,-2.5879104535898443,54.41726842957439,1.9253676842130576,62.37474578230725,-2.248649494784993,57.57713523854753,3.178027100044814
PedNYC12,PedNYC12_scenario21,21,60.0,-2.540026578114893,54.110979829933356,1.908969431063815,62.28875160909597,-2.2538043295640473,57.363200272204615,3.2647911082782257
PedNYC12,PedNYC12_scenario21,21,61.0,-2.4610442966571773,53.84513260647006,1.8827398178200505,62.157498426865594,-2.2505066610104407,57.16284960897824,3.324390501243137
PedNYC12,PedNYC12_scenario21,21,62.0,-2.3885007312426922,53.591323880777125,1.843275934483802,61.98035359194916,-2.2605093636601685,56.972795548860645,3.3838930881792337
PedNYC12,PedNYC12_scenario21,21,63.0,-2.354373589931619,53.34232238609417,1.7837414197271233,61.75980427999859,-2.26960668010071,56.780389537604606,3.4391119736492124
PedNYC12,PedNYC12_scenario21,21,64.0,-2.3435487811015725,53.08532634470799,1.7010778177005332,61.49807485521324,-2.2695786202796047,56.595322650115136,3.5107756477257084
PedNYC12,PedNYC12_scenario21,21,65.0,-2.2873152721676617,52.91119498512708,1.5892146568646828,61.19852982945287,-2.270678576491046,56.426068018985625,3.514912406275438
PedNYC12,PedNYC12_scenario21,21,66.0,-2.1369625034606634,52.73295560752969,1.4392138229199647,60.86514052108516,-2.269968189868403,56.26084748465528,3.5303982224822055
PedNYC12,PedNYC12_scenario21,21,67.0,-2.0596749780291734,52.6026617938874,1.239189291231873,60.50259820226624,-2.2697517160711307,56.08408935831554,3.487760043670778
PedNYC12,PedNYC12_scenario21,21,68.0,-2.0583412893846025,52.49951295239427,0.980225157745083,60.117072095966556,-2.2753815514399096,55.920450356775795,3.427815514296189
PedNYC12,PedNYC12_scenario21,21,69.0,-2.0803630179137063,52.32667326945531,0.6516765775875707,59.719737224232695,-2.2880545685634845,55.76000780077323,3.4396107024126055
PedNYC12,PedNYC12_scenario21,21,70.0,-2.10116208562122,52.190023227871635,0.24862852836819896,59.32120760428987,-2.294843945041439,55.60877824269272,3.4242369243428246
PedNYC12,PedNYC12_scenario21,21,71.0,-2.1407442925595364,52.12269488758998,-0.2349535128437053,58.93239115361217,-2.2947883799553486,55.46705233267817,3.3479032694178055
PedNYC12,PedNYC12_scenario21,21,72.0,-2.2014704363314244,52.07937102862657,-0.80237846709143,58.569391616974094,-2.3021287801758152,55.31677505852195,3.238968501694381
PedNYC12,PedNYC12_scenario21,21,73.0,-2.231709709366498,52.01869938551813,-1.4510811636215548,58.23857943895795,-2.3145414002942717,55.18287569694167,3.1652603082204513
PedNYC12,PedNYC12_scenario21,21,74.0,-2.2199103188882483,51.98426100614413,-2.181128358719288,57.95108749469769,-2.3261289988622824,55.05534571272295,3.072921034286068
PedNYC12,PedNYC12_scenario21,21,75.0,-2.1986504127517086,51.97083169282075,-2.985432049207531,57.721673875400285,-2.3395481029360004,54.92642134327374,2.95894615377909
PedNYC12,PedNYC12_scenario21,21,76.0,-2.1964142348663658,51.96160352762495,-3.859635363535664,57.554312725092025,-2.351323034633274,54.809563038522455,2.852169369437371
PedNYC12,PedNYC12_scenario21,21,77.0,-2.205573761852036,51.95370350757061,-4.797213931397597,57.44997248518852,-2.359643043079823,54.68348034555226,2.73412123516847
PedNYC12,PedNYC12_scenario21,21,78.0,-2.2131325804647366,51.94811587409714,-5.791172228277804,57.41128088103855,-2.364647823633431,54.56858272927498,2.624843501620258
PedNYC12,PedNYC12_scenario21,21,79.0,-2.2177103754153675,51.94521705787193,-6.8348585062138305,57.44112309161541,-2.3683877302409266,54.437539623172306,2.4968731314912014
PedNYC12,PedNYC12_scenario21,21,80.0,-2.2162125763765483,51.94259699324287,-7.9249429427752585,57.52893076799859,-2.363749903912617,54.31233747388921,2.37432879118087
PedNYC12,PedNYC12_scenario21,21,81.0,-2.2198290742941413,51.93915150131673,-9.063288601911447,57.638051197246774,-2.357570062568436,54.20082157935562,2.2658605697940057
PedNYC12,PedNYC12_scenario21,21,82.0,-2.2282471173006813,51.93419257867848,-10.246193136612112,57.76088261394477,-2.3588693522693336,54.07759073823681,2.147374638638131
PedNYC12,PedNYC12_scenario21,21,83.0,-2.2304785517477987,51.93513326517659,-11.474754734662767,57.87578300779445,-2.3607271994155945,53.97038175732655,2.0394119581433223
PedNYC12,PedNYC12_scenario21,21,84.0,-2.2295219162619953,51.94448193223247,-12.747672069159705,57.96957701432719,-2.351357278926944,53.853348048367444,1.9127502986338591
PedNYC12,PedNYC12_scenario21,21,85.0,-2.228633714971119,51.9617116813487,-14.067598400215138,58.03572612031243,-2.3337644886605724,53.74060284997639,1.781995025076704
PedNYC12,PedNYC12_scenario21,21,86.0,-2.219398992922082,51.98312750106379,-15.432891818187723,58.075569998601935,-2.317310858251487,53.63163976247636,1.651417394058773
PedNYC12,PedNYC12_scenario21,21,87.0,-2.194050437819214,51.996746655219724,-16.842276199802246,58.094800294750975,-2.304096794375246,53.532144124650166,1.5393360873196809
PedNYC12,PedNYC12_scenario21,21,88.0,-2.1581199458188705,51.9897728935213,-18.29397947181371,58.100053897326056,-2.2849930895089425,53.44273811875156,1.4584939973542015
PedNYC12,PedNYC12_scenario21,21,89.0,-2.1433658395589226,51.9663814448093,-19.7833382990883,58.09796136056112,-2.2652136843913655,53.3573688589584,1.396314034739863
PedNYC12,PedNYC12_scenario21,21,90.0,-2.144954528722393,51.93323223095759,-21.310386070501163,58.0819466044661,-2.2498123757653476,53.27411724062558,1.3449787274298421
PedNYC12,PedNYC12_scenario21,21,91.0,-2.1453742614221887,51.91184662645432,-22.87219308853411,58.06778166351013,-2.2469028274449068,53.204574446245296,1.2967086279423603
PedNYC12,PedNYC12_scenario21,21,92.0,-2.13434919154083,51.903696696971295,-24.469478716109943,58.05524878233177,-2.24088747851782,53.13506061692246,1.2359642025356108
PedNYC12,PedNYC12_scenario21,21,93.0,-2.1083180309080145,51.900305279492414,-26.09447942674297,58.05361459970658,-2.233954290090036,53.06838784374048,1.1748197080920935
PedNYC12,PedNYC12_scenario21,21,94.0,-2.102192279418442,51.90186176862372,-27.701211945348795,58.07145197972613,-2.2237956508195387,53.00834053367193,1.1131408884048426
PedNYC12,PedNYC12_scenario21,21,95.0,-2.084414008031641,51.90145970698721,-29.236655398049727,58.10808364998691,-2.2063540095778302,52.95125301377824,1.0568516220171744
PedNYC12,PedNYC12_scenario21,21,96.0,-2.0718474008031404,51.89198533552003,-30.622856670294148,58.15620753170114,-2.1933332995411763,52.896117026501116,1.0114540406883141
PedNYC12,PedNYC12_scenario21,21,97.0,-2.0744502072765894,51.900699293793934,-31.69931094969599,58.201301354853676,-2.1877621883656873,52.852530737306374,0.9585523991505683
PedNYC12,PedNYC12_scenario21,21,98.0,-2.0816786373695675,51.91738501213373,-32.38788332020443,58.233782458208175,-2.187651720080178,52.813528703133805,0.9023878374504122
PedNYC12,PedNYC12_scenario21,21,99.0,-2.1069552400246083,51.95355667350692,-32.67881774201114,58.24841587126059,-2.1883941165027183,52.79574136491756,0.8461130805326545
PedNYC12,PedNYC12_scenario21,21,100.0,-2.1603572368621826,51.98664855957031,-32.69182586669922,58.24907302856445,-2.175133762359619,52.89806213378906,0.9115333504463623
PedNYC13,PedNYC13_scenario21,21,0.0,-1.9190442562103271,70.22386169433594,-8.820045471191406,116.0,-1.825302419839082,70.10194651285808,0.15378830697108545
PedNYC13,PedNYC13_scenario21,21,1.0,-1.9873420826139205,70.1366199337487,-8.820002401416795,116.0,-1.8171673414183962,70.00257768621032,0.2166258679523441
PedNYC13,PedNYC13_scenario21,21,2.0,-2.0308577849166336,70.07321473753231,-8.813905752091511,116.0,-1.8065296691854325,69.86694406997819,0.30474693074866954
PedNYC13,PedNYC13_scenario21,21,3.0,-2.066878085743994,70.03869944397745,-8.78284762185759,115.9998829855119,-1.7865015493999776,69.71520258524953,0.4280902004707655
PedNYC13,PedNYC13_scenario21,21,4.0,-2.079185782117596,70.017730336071,-8.71339047088738,115.99962305988065,-1.766365213034811,69.53404823318081,0.5760252469272064
PedNYC13,PedNYC13_scenario21,21,5.0,-2.051046596364977,70.03393625138375,-8.586169383807183,115.9990621580386,-1.747798760292633,69.3329731292374,0.7637463902970115
PedNYC13,PedNYC13_scenario21,21,6.0,-2.0231108150414623,70.06712434166472,-8.364527929200056,115.99799076713042,-1.7365755535379133,69.11983897989869,0.9896726795769977
PedNYC13,PedNYC13_scenario21,21,7.0,-2.0150856991046435,70.0714105837246,-8.03640850626922,115.99616434776412,-1.7330047171810947,68.90689538623847,1.1981925244046143
PedNYC13,PedNYC13_scenario21,21,8.0,-2.0068432701943126,70.07178997232349,-7.593181616623635,115.99321791576062,-1.734178519696201,68.67310029293871,1.4250189070260357
PedNYC13,PedNYC13_scenario21,21,9.0,-1.9926978231853019,70.0637629795583,-7.028579350411677,115.98828507946632,-1.729664786041388,68.4404409422859,1.6444940909967944
PedNYC13,PedNYC13_scenario21,21,10.0,-1.9814263893851116,70.06066282954552,-6.346601981977317,115.97855779217298,-1.714501195148898,68.20996503885166,1.8698479541923094
PedNYC13,PedNYC13_scenario21,21,11.0,-1.9801301951233357,70.05429258103571,-5.568198230154603,115.95323596006934,-1.7093786353686158,67.95872061496786,2.1129903625144846
PedNYC13,PedNYC13_scenario21,21,12.0,-2.0071842458943325,70.03364953484602,-4.732231536220887,115.89614379263526,-1.7105148648709003,67.71371106683303,2.33883030957855
PedNYC13,PedNYC13_scenario21,21,13.0,-2.0410540276016693,70.02029915756472,-3.876594057545144,115.78543280647479,-1.701620808899189,67.45744478136365,2.58523450842892
PedNYC13,PedNYC13_scenario21,21,14.0,-2.050396642261749,70.02387029995799,-3.0219656993968904,115.59735625655574,-1.698685724636741,67.19825912923983,2.8474162073121456
PedNYC13,PedNYC13_scenario21,21,15.0,-2.053684415668392,70.02941189552425,-2.1877493287317074,115.309053706723,-1.6959252536032763,66.92561931432473,3.124343131787972
PedNYC13,PedNYC13_scenario21,21,16.0,-2.0576956450000474,70.03565996598044,-1.388810405723888,114.9094840423628,-1.6865739244722937,66.67475642194377,3.381331684967589
PedNYC13,PedNYC13_scenario21,21,17.0,-2.058878945520534,70.0422370686236,-0.633581572479458,114.39870735447828,-1.6878849387447674,66.42719810274986,3.6340257673617415
PedNYC13,PedNYC13_scenario21,21,18.0,-2.0579743261292527,70.04921571924862,0.06497176701922774,113.77834479158298,-1.6928475003298016,66.19560740917889,3.8708674229889186
PedNYC13,PedNYC13_scenario21,21,19.0,-2.054587170036907,70.05797369400588,0.6811675722800804,113.04946797866698,-1.691696157566123,65.95459758567938,4.119391383847474
PedNYC13,PedNYC13_scenario21,21,20.0,-2.0496197821860513,70.06294225564808,1.176245209895011,112.21617615375504,-1.691040003484116,65.71870393749454,4.359012046623346
PedNYC13,PedNYC13_scenario21,21,21.0,-2.045760185727414,70.060237014671,1.5284581855524968,111.29812541027479,-1.7028991624407648,65.4971993169833,4.575900644879462
PedNYC13,PedNYC13_scenario21,21,22.0,-2.0328738073936465,70.05828792119588,1.7237520231573997,110.32054201753047,-1.7232685253583613,65.26848722599237,4.799796467605286
PedNYC13,PedNYC13_scenario21,21,23.0,-1.972716930107395,70.11294138641517,1.7859392485672545,109.30315855328666,-1.730421229300475,65.03644162310239,5.082278726471449
PedNYC13,PedNYC13_scenario21,21,24.0,-1.9621511898003219,70.19690869616045,1.761722691277897,108.25478945737835,-1.7326844632821083,64.8256955527612,5.376112499790512
PedNYC13,PedNYC13_scenario21,21,25.0,-1.9696288559019564,70.22964997748078,1.6632435088353876,107.18417374744442,-1.7612884374855875,64.6329153428684,5.600611064894224
PedNYC13,PedNYC13_scenario21,21,26.0,-1.953194220744919,70.23971995399458,1.5241207551945324,106.09329391627311,-1.7990657116677642,64.4404599811152,5.801307768973418
PedNYC13,PedNYC13_scenario21,21,27.0,-1.9358271975875057,70.24606196575603,1.4333294638870815,104.97765244429914,-1.826652969619971,64.24456602224824,6.002488864795401
PedNYC13,PedNYC13_scenario21,21,28.0,-1.9300099835790554,70.24491557269582,1.4374425343013626,103.86857496290504,-1.8429115196989831,64.05009084300737,6.195436996206952
PedNYC13,PedNYC13_scenario21,21,29.0,-1.9313771615730138,70.23800291479918,1.5437547695990648,102.79487032342628,-1.8680852622162605,63.87003610557126,6.368281333919902
PedNYC13,PedNYC13_scenario21,21,30.0,-1.9230357593146579,70.19367498721844,1.6849408394375636,101.77007530591129,-1.8991914746182001,63.68540769192777,6.508310974197748
PedNYC13,PedNYC13_scenario21,21,31.0,-1.94484697199802,70.08736711468221,1.8099496474381898,100.80411674650635,-1.9244018579729016,63.49504565842647,6.592353159934417
PedNYC13,PedNYC13_scenario21,21,32.0,-2.033606075346712,70.00433867877544,1.8883594436187452,99.89510310920194,-1.9388502000199235,63.30721317825131,6.6977958050152235
PedNYC13,PedNYC13_scenario21,21,33.0,-2.057597825219018,69.95527037032986,1.9186365155903078,99.04195506976858,-1.9497110775541249,63.131974681071775,6.824148563254586
PedNYC13,PedNYC13_scenario21,21,34.0,-1.994958350496824,69.86908859341078,1.9180690103860738,98.24155650893681,-1.9638288600748472,62.95713407603772,6.912024616232772
PedNYC13,PedNYC13_scenario21,21,35.0,-1.841005121098175,69.70860780995329,1.9172294270442387,97.49069218935594,-1.976875437050742,62.77561340886013,6.934325641931316
PedNYC13,PedNYC13_scenario21,21,36.0,-1.6882702095779376,69.51365574612258,1.920499970308614,96.7866768629134,-1.9806681022861308,62.58636645574973,6.933457538643656
PedNYC13,PedNYC13_scenario21,21,37.0,-1.6858652434209271,69.28174285590454,1.9383918634066757,96.12644098884508,-1.9875194231117008,62.39356349844064,6.894781367434117
PedNYC13,PedNYC13_scenario21,21,38.0,-1.6953356504264525,69.01539946488123,1.9594351193905304,95.50813636058598,-1.996107785750097,62.1974923280324,6.824538197129625
PedNYC13,PedNYC13_scenario21,21,39.0,-1.6495178565822124,68.70099934622291,1.9816256220127564,94.92832976175461,-2.005058859194586,61.9754391700128,6.734951305567255
PedNYC13,PedNYC13_scenario21,21,40.0,-1.5923470180025527,68.34080442271063,1.9976758883874655,94.38429343281526,-2.014765555831237,61.75564211260331,6.5986968464659235
PedNYC13,PedNYC13_scenario21,21,41.0,-1.5814842655030596,67.98900032822739,2.0080367039972553,93.8700906649197,-2.023002631829535,61.54150948442543,6.462590552457558
PedNYC13,PedNYC13_scenario21,21,42.0,-1.5915364792152535,67.57806986407653,2.0150062217019604,93.35675638136615,-2.0282745446250225,61.3152058821016,6.278073382375891
PedNYC13,PedNYC13_scenario21,21,43.0,-1.5690043551054873,67.22727305677068,2.0199313479394108,92.79761716521949,-2.0341908489877274,61.08861519498951,6.1562585080630186
PedNYC13,PedNYC13_scenario21,21,44.0,-1.5464240116842403,66.87791815535668,2.022314468166678,92.15099700609443,-2.0475315707889035,60.864360700598525,6.034399891245958
PedNYC13,PedNYC13_scenario21,21,45.0,-1.564095902939065,66.52440445834951,2.0206340051008453,91.3902451377635,-2.073350900989988,60.63840820183235,5.9079854929386775
PedNYC13,PedNYC13_scenario21,21,46.0,-1.5712961540331873,66.14319191414477,2.013412464307441,90.50666473055342,-2.089057810505804,60.4111279305209,5.755400476532557
PedNYC13,PedNYC13_scenario21,21,47.0,-1.4966273135429267,65.7571188043182,2.009164234806766,89.53268543347349,-2.084047468677665,60.18267849712839,5.605305270641455
PedNYC13,PedNYC13_scenario21,21,48.0,-1.5238250093413537,65.34036648207041,2.009107683837437,88.48387862736969,-2.0969932581660817,59.95361459827399,5.417159560050368
PedNYC13,PedNYC13_scenario21,21,49.0,-1.6357328806430829,64.96470330944372,2.0122325105765655,87.36325461074664,-2.1280210868134297,59.72510909821509,5.262669966497516
PedNYC13,PedNYC13_scenario21,21,50.0,-1.689076707762818,64.54398699574985,2.0177786921185312,86.21428646915764,-2.1415726242359976,59.50820528941491,5.0560706035697836
PedNYC13,PedNYC13_scenario21,21,51.0,-1.715942761594951,64.12888058645254,2.0206744123128577,85.11006125991946,-2.1511988329233893,59.29022030652531,4.858197315072092
PedNYC13,PedNYC13_scenario21,21,52.0,-1.7900499084769383,63.73454506193812,2.0210288364436955,84.06967178586724,-2.169277852319524,59.07241554195519,4.677527711781874
PedNYC13,PedNYC13_scenario21,21,53.0,-1.8490953308840106,63.35920138863886,2.0190609003656665,83.09429033509306,-2.191041779263107,58.8553537433938,4.516809823884391
PedNYC13,PedNYC13_scenario21,21,54.0,-1.863749812257552,62.997057636682406,2.0132190629080156,82.18019450061523,-2.197121118848999,58.641038644652404,4.368757018533368
PedNYC13,PedNYC13_scenario21,21,55.0,-1.8937575056733358,62.635861913667426,2.004741848303532,81.31975761784282,-2.193226298117283,58.432645701371136,4.213870914605502
PedNYC13,PedNYC13_scenario21,21,56.0,-1.955385972184389,62.23673976377045,1.9938891175427513,80.48999493161992,-2.2068897287829405,58.21921562505987,4.025388719702161
PedNYC13,PedNYC13_scenario21,21,57.0,-1.9835757437385697,61.890084501046324,1.9805677612921149,79.66813395399943,-2.228612065711436,58.00478344553898,3.8930203044695837
PedNYC13,PedNYC13_scenario21,21,58.0,-1.949724788413525,61.506350710337514,1.9644356051084695,78.83382805271857,-2.2415834951305857,57.79468855910969,3.7231193144383297
PedNYC13,PedNYC13_scenario21,21,59.0,-1.911212046406757,61.182251461618904,1.944863453563427,77.96528122791825,-2.248649494784993,57.57713523854753,3.620873791423894
PedNYC13,PedNYC13_scenario21,21,60.0,-1.9659034162010927,60.82460791493919,1.9223917175138743,77.05368044767395,-2.2538043295640473,57.363200272204615,3.473360016626058
PedNYC13,PedNYC13_scenario21,21,61.0,-2.0699063591522457,60.47587898385767,1.903425848142053,76.11417418023788,-2.2505066610104407,57.16284960897824,3.317948177389942
PedNYC13,PedNYC13_scenario21,21,62.0,-2.1525007203039226,60.2173287125798,1.8882846980371284,75.17995071330498,-2.2605093636601685,56.972795548860645,3.2463304387435796
PedNYC13,PedNYC13_scenario21,21,63.0,-2.1774147262226564,59.91732745954686,1.8758844033964892,74.26441227843398,-2.26960668010071,56.780389537604606,3.138292351340016
PedNYC13,PedNYC13_scenario21,21,64.0,-2.1312430615624964,59.51941955820735,1.8657816229886255,73.39329437093114,-2.2695786202796047,56.595322650115136,2.9273673248705974
PedNYC13,PedNYC13_scenario21,21,65.0,-2.0764697023811385,59.168985732336445,1.8569016352646535,72.57502703202144,-2.270678576491046,56.426068018985625,2.749784476826635
PedNYC13,PedNYC13_scenario21,21,66.0,-2.0696902063156672,58.80378988155649,1.8482746760017614,71.80738500415613,-2.269968189868403,56.26084748465528,2.5508169876832842
PedNYC13,PedNYC13_scenario21,21,67.0,-2.1087092096254265,58.443246248178276,1.8392723081110465,71.08795182747183,-2.2697517160711307,56.08408935831554,2.36464710260731
PedNYC13,PedNYC13_scenario21,21,68.0,-2.1483411951362723,58.059803574822155,1.8291129222724403,70.41308767410445,-2.2753815514399096,55.920450356775795,2.143121891935937
PedNYC13,PedNYC13_scenario21,21,69.0,-2.1577542071447624,57.68037030439854,1.817776205333215,69.7862345650835,-2.2880545685634845,55.76000780077323,1.924777994864837
PedNYC13,PedNYC13_scenario21,21,70.0,-2.1864862533868408,57.28490805263717,1.8078833262769816,69.29190382016475,-2.294843945041439,55.60877824269272,1.6796286878727473
PedNYC13,PedNYC13_scenario21,21,71.0,-2.238091197541577,56.926727891511334,1.7996716503418393,68.91008839627072,-2.2947883799553486,55.46705233267817,1.4607762688203023
PedNYC13,PedNYC13_scenario21,21,72.0,-2.2666320758294014,56.51285619552795,1.791771399737095,68.56184138278543,-2.3021287801758152,55.31677505852195,1.1966077478944521
PedNYC13,PedNYC13_scenario21,21,73.0,-2.2723242867800764,56.146884421896296,1.784021432879148,68.2356360414396,-2.3145414002942717,55.18287569694167,0.9649326953016518
PedNYC13,PedNYC13_scenario21,21,74.0,-2.296286066462064,55.76965842840591,1.7762468257663109,67.92216435599579,-2.3261289988622824,55.05534571272295,0.7149358407581803
PedNYC13,PedNYC13_scenario21,21,75.0,-2.3222311643693976,55.385755013741424,1.7679830151359122,67.60224975226168,-2.3395481029360004,54.92642134327374,0.45965997997066926
PedNYC13,PedNYC13_scenario21,21,76.0,-2.311010063475606,55.043484857277484,1.7590311862772587,67.26906710542428,-2.351323034633274,54.809563038522455,0.23737007590094303
PedNYC13,PedNYC13_scenario21,21,77.0,-2.301606543384925,54.69951185626612,1.7492952466087812,66.9207038884372,-2.359643043079823,54.68348034555226,0.06021000442289011
PedNYC13,PedNYC13_scenario21,21,78.0,-2.3227450412881976,54.39004010703235,1.7387278681761673,66.55719009766753,-2.364647823633431,54.56858272927498,0.18339386883303055
PedNYC13,PedNYC13_scenario21,21,79.0,-2.33505474337959,54.02845788196883,1.7272537042779734,66.1789169736358,-2.3683877302409266,54.437539623172306,0.41043752143190176
PedNYC13,PedNYC13_scenario21,21,80.0,-2.293881495107805,53.69269963126082,1.7148004026219197,65.78669333531045,-2.363749903912617,54.31233747388921,0.6235644718600286
PedNYC13,PedNYC13_scenario21,21,81.0,-2.2561225345235907,53.39201737599261,1.7012968070536152,65.37870255068322,-2.357570062568436,54.20082157935562,0.8151416075284609
PedNYC13,PedNYC13_scenario21,21,82.0,-2.251634260151783,53.06158966351765,1.685608287435129,64.94421809907718,-2.3588693522693336,54.07759073823681,1.0216445315333218
PedNYC13,PedNYC13_scenario21,21,83.0,-2.230346407418202,52.80234685086442,1.6629133859978453,64.46888442874827,-2.3607271994155945,53.97038175732655,1.1752891957454004
PedNYC13,PedNYC13_scenario21,21,84.0,-2.1717139820408935,52.51320271027303,1.622700693759926,63.94810688291536,-2.351357278926944,53.853348048367444,1.3521321094228502
PedNYC13,PedNYC13_scenario21,21,85.0,-2.1334347775527034,52.31691755082697,1.5454014008923787,63.383498696437094,-2.3337644886605724,53.74060284997639,1.4377106190630757
PedNYC13,PedNYC13_scenario21,21,86.0,-2.0854191046715167,51.97875557774733,1.4090216576295984,62.78253555016599,-2.317310858251487,53.63163976247636,1.6690715723137075
PedNYC13,PedNYC13_scenario21,21,87.0,-2.0478026360382255,51.75339097272947,1.1983215814560868,62.15559484469866,-2.304096794375246,53.532144124650166,1.7971225531569888
PedNYC13,PedNYC13_scenario21,21,88.0,-2.008374386475283,51.560196961253396,0.9019627477165375,61.51416090975913,-2.2849930895089425,53.44273811875156,1.902755663910257
PedNYC13,PedNYC13_scenario21,21,89.0,-1.9634259746666811,51.40662224979182,0.5064762746129718,60.87087125341301,-2.2652136843913655,53.3573688589584,1.973952419618005
PedNYC13,PedNYC13_scenario21,21,90.0,-1.9444483531190917,51.358005366584585,-0.010881905416454625,60.257462652801095,-2.2498123757653476,53.27411724062558,1.9402917049164516
PedNYC13,PedNYC13_scenario21,21,91.0,-1.985651112470456,51.31537471733085,-0.651962463288905,59.71029463432418,-2.2469028274449068,53.204574446245296,1.9071780394885836
PedNYC13,PedNYC13_scenario21,21,92.0,-1.9930377232861227,51.28722453351108,-1.2974047996600668,59.32544888837049,-2.24088747851782,53.13506061692246,1.8643839980877117
PedNYC13,PedNYC13_scenario21,21,93.0,-1.9974525222160744,51.27886962231128,-2.0097468038942297,59.06489840249029,-2.233954290090036,53.06838784374048,1.805078544284058
PedNYC13,PedNYC13_scenario21,21,94.0,-2.000776429051807,51.27576339993252,-2.8148629841919215,58.87774730568637,-2.2237956508195387,53.00834053367193,1.7468718034345094
PedNYC13,PedNYC13_scenario21,21,95.0,-1.982916666831491,51.252853357627004,-3.707306019542125,58.75851201633119,-2.2063540095778302,52.95125301377824,1.7130340446553274
PedNYC13,PedNYC13_scenario21,21,96.0,-1.9601809137668016,51.172736289653926,-4.6963716543667475,58.665149195432356,-2.1933332995411763,52.896117026501116,1.7390805614255616
PedNYC13,PedNYC13_scenario21,21,97.0,-1.9708606434811256,51.11684291604274,-5.7654180532528185,58.566102673239655,-2.1877621883656873,52.852530737306374,1.7491879524671448
PedNYC13,PedNYC13_scenario21,21,98.0,-1.972610296789709,51.10372135028085,-6.9035640892097305,58.459234514990115,-2.187651720080178,52.813528703133805,1.723277109927716
PedNYC13,PedNYC13_scenario21,21,99.0,-1.9524386317843003,51.17714967606705,-8.113083946797923,58.354891043223134,-2.1883941165027183,52.79574136491756,1.6356998642735905
PedNYC13,PedNYC13_scenario21,21,100.0,-1.9858778715133667,51.25021743774414,-9.392495155334473,58.27948760986328,-2.175133762359619,52.89806213378906,1.658677164038676
PedNYC16,PedNYC16_scenario21_CSV_Scenario_Ped_21_Session_temp_2024_03_14_17_39_35_decoded,21,0.0,-1.788625717163086,70.09640502929688,2.373110055923462,95.324462890625,-1.825302419839082,70.10194651285808,0.03709297183082653
PedNYC16,PedNYC16_scenario21_CSV_Scenario_Ped_21_Session_temp_2024_03_14_17_39_35_decoded,21,1.0,-1.7580962080920846,70.00047088278244,2.3810512724874298,94.37603973120004,-1.8171673414183962,70.00257768621032,0.059108691519425514
PedNYC16,PedNYC16_scenario21_CSV_Scenario_Ped_21_Session_temp_2024_03_14_17_39_35_decoded,21,2.0,-1.7413876992632764,69.83700926721201,2.3912284699668094,93.3998071737006,-1.8065296691854325,69.86694406997819,0.07169078505630311
PedNYC16,PedNYC16_scenario21_CSV_Scenario_Ped_21_Session_temp_2024_03_14_17_39_35_decoded,21,3.0,-1.73340795206101,69.65740252075577,2.4038739975750594,92.39184652748094,-1.7865015493999776,69.71520258524953,0.07848425022815375
PedNYC16,PedNYC16_scenario21_CSV_Scenario_Ped_21_Session_temp_2024_03_14_17_39_35_decoded,21,4.0,-1.721344773700233,69.44123412048602,2.419308672336543,91.35108584619104,-1.766365213034811,69.53404823318081,0.10315667439967606
PedNYC16,PedNYC16_scenario21_CSV_Scenario_Ped_21_Session_temp_2024_03_14_17_39_35_decoded,21,5.0,-1.7025709903861777,69.17262942823494,2.4381602418864556,90.27537651969531,-1.747798760292633,69.3329731292374,0.1666002809777876
PedNYC16,PedNYC16_scenario21_CSV_Scenario_Ped_21_Session_temp_2024_03_14_17_39_35_decoded,21,6.0,-1.6922574382231288,68.9107066794666,2.460673472358749,89.16162224375398,-1.7365755535379133,69.11983897989869,0.21377655257083697
PedNYC16,PedNYC16_scenario21_CSV_Scenario_Ped_21_Session_temp_2024_03_14_17_39_35_decoded,21,7.0,-1.6961218414334782,68.6372252693298,2.487203667487101,88.00855511333101,-1.7330047171810947,68.90689538623847,0.2721806724897091
PedNYC16,PedNYC16_scenario21_CSV_Scenario_Ped_21_Session_temp_2024_03_14_17_39_35_decoded,21,8.0,-1.7171448505041533,68.34473937869599,2.5179412802716743,86.82032713989527,-1.734178519696201,68.67310029293871,0.32880242682872735
PedNYC16,PedNYC16_scenario21_CSV_Scenario_Ped_21_Session_temp_2024_03_14_17_39_35_decoded,21,9.0,-1.7280025786251074,68.0515577119551,2.5526586504936746,85.61074828727477,-1.729664786041388,68.4404409422859,0.38888678270933386
PedNYC16,PedNYC16_scenario21_CSV_Scenario_Ped_21_Session_temp_2024_03_14_17_39_35_decoded,21,10.0,-1.7261183751059834,67.7828455419121,2.590190303420091,84.40097343636401,-1.714501195148898,68.20996503885166,0.42727745498219877
PedNYC16,PedNYC16_scenario21_CSV_Scenario_Ped_21_Session_temp_2024_03_14_17_39_35_decoded,21,11.0,-1.717396728108258,67.50231603515341,2.6276245897746358,83.21118917324964,-1.7093786353686158,67.95872061496786,0.4564750051062848
PedNYC16,PedNYC16_scenario21_CSV_Scenario_Ped_21_Session_temp_2024_03_14_17_39_35_decoded,21,12.0,-1.709129645371639,67.1371453626309,2.662016177735743,82.05463334715901,-1.7105148648709003,67.71371106683303,0.5765673682191466
PedNYC16,PedNYC16_scenario21_CSV_Scenario_Ped_21_Session_temp_2024_03_14_17_39_35_decoded,21,13.0,-1.712148558693011,66.78201980131485,2.691125965226408,80.93759069843156,-1.701620808899189,67.45744478136365,0.6755070223096475
PedNYC16,PedNYC16_scenario21_CSV_Scenario_Ped_21_Session_temp_2024_03_14_17_39_35_decoded,21,14.0,-1.7014996085057956,66.45768688562347,2.71359819709316,79.85938338239248,-1.698685724636741,67.19825912923983,0.740577589424222
PedNYC16,PedNYC16_scenario21_CSV_Scenario_Ped_21_Session_temp_2024_03_14_17_39_35_decoded,21,15.0,-1.6776982694902163,66.14563685385217,2.7299275597764883,78.81787624010943,-1.6959252536032763,66.92561931432473,0.7801953996241567
PedNYC16,PedNYC16_scenario21_CSV_Scenario_Ped_21_Session_temp_2024_03_14_17_39_35_decoded,21,16.0,-1.6516943373508424,65.79696607605781,2.7406163224078828,77.81157544543555,-1.6865739244722937,66.67475642194377,0.8784830544343746
PedNYC16,PedNYC16_scenario21_CSV_Scenario_Ped_21_Session_temp_2024_03_14_17_39_35_decoded,21,17.0,-1.650764443035828,65.43103258565668,2.7462469312888675,76.83833213240408,-1.6878849387447674,66.42719810274986,0.9968568947683464
PedNYC16,PedNYC16_scenario21_CSV_Scenario_Ped_21_Session_temp_2024_03_14_17_39_35_decoded,21,18.0,-1.6648532121519555,65.08886971021667,2.747172599515623,75.88670869358063,-1.6928475003298016,66.19560740917889,1.1070916919906746
PedNYC16,PedNYC16_scenario21_CSV_Scenario_Ped_21_Session_temp_2024_03_14_17_39_35_decoded,21,19.0,-1.6863091891800257,64.72791014881402,2.743601488306137,74.93828251437763,-1.691696157566123,65.95459758567938,1.2266992651794097
PedNYC16,PedNYC16_scenario21_CSV_Scenario_Ped_21_Session_temp_2024_03_14_17_39_35_decoded,21,20.0,-1.7087262153625489,64.39878845214844,2.7355383396148683,73.98343353271484,-1.691040003484116,65.71870393749454,1.3200339732548714
PedNYC16,PedNYC16_scenario21_CSV_Scenario_Ped_21_Session_temp_2024_03_14_17_39_35_decoded,21,21.0,-1.7155910989047471,64.28683872766497,2.7231188665676966,73.02105056810132,-1.7028991624407648,65.4971993169833,1.2104271318118303
PedNYC16,PedNYC16_scenario21_CSV_Scenario_Ped_21_Session_temp_2024_03_14_17_39_35_decoded,21,22.0,-1.7527020889831855,63.94808823187507,2.708810511015408,72.05104692903011,-1.7232685253583613,65.26848722599237,1.3207270112834246
PedNYC16,PedNYC16_scenario21_CSV_Scenario_Ped_21_Session_temp_2024_03_14_17_39_35_decoded,21,23.0,-1.824622411322296,63.33271041643909,2.696872514921005,71.06459522154799,-1.730421229300475,65.03644162310239,1.7063334630876492
PedNYC16,PedNYC16_scenario21_CSV_Scenario_Ped_21_Session_temp_2024_03_14_17_39_35_decoded,21,24.0,-1.8567489206934191,62.92014523615723,2.6890579502069016,70.04983639281639,-1.7326844632821083,64.8256955527612,1.9095847712794156
PedNYC16,PedNYC16_scenario21_CSV_Scenario_Ped_21_Session_temp_2024_03_14_17_39_35_decoded,21,25.0,-1.876592718416236,62.53282962630759,2.687595523033002,68.99702812093359,-1.7612884374855875,64.6329153428684,2.1032487000123585
PedNYC16,PedNYC16_scenario21_CSV_Scenario_Ped_21_Session_temp_2024_03_14_17_39_35_decoded,21,26.0,-1.8977968421174414,62.200346873203294,2.695406903262034,67.8984698102653,-1.7990657116677642,64.4404599811152,2.2422877987356116
PedNYC16,PedNYC16_scenario21_CSV_Scenario_Ped_21_Session_temp_2024_03_14_17_39_35_decoded,21,27.0,-1.8943901282346725,61.91519864924886,2.71335549470463,66.75114003228961,-1.826652969619971,64.24456602224824,2.3303520508822735
PedNYC16,PedNYC16_scenario21_CSV_Scenario_Ped_21_Session_temp_2024_03_14_17_39_35_decoded,21,28.0,-1.8593320937914009,61.655743595436114,2.7427950901506226,65.55471865434025,-1.8429115196989831,64.05009084300737,2.3944035535401222
PedNYC16,PedNYC16_scenario21_CSV_Scenario_Ped_21_Session_temp_2024_03_14_17_39_35_decoded,21,29.0,-1.8542289999787793,61.46047287222284,2.783671308909348,64.30889488447318,-1.8680852622162605,63.87003610557126,2.4096030734350617
PedNYC16,PedNYC16_scenario21_CSV_Scenario_Ped_21_Session_temp_2024_03_14_17_39_35_decoded,21,30.0,-1.8772180151257738,61.274354790738094,2.829995649180926,63.01784345434204,-1.8991914746182001,63.68540769192777,2.4111530281708013
PedNYC16,PedNYC16_scenario21_CSV_Scenario_Ped_21_Session_temp_2024_03_14_17_39_35_decoded,21,31.0,-1.913803610321966,61.065046384971865,2.87257830454926,61.70211587181916,-1.9244018579729016,63.49504565842647,2.4300223850498126
PedNYC16,PedNYC16_scenario21_CSV_Scenario_Ped_21_Session_temp_2024_03_14_17_39_35_decoded,21,32.0,-1.9581781583577331,60.853588716931235,2.9044884697228297,60.382366328176175,-1.9388502000199235,63.30721317825131,2.4537005862903762
PedNYC16,PedNYC16_scenario21_CSV_Scenario_Ped_21_Session_temp_2024_03_14_17_39_35_decoded,21,33.0,-1.9846396952303609,60.65574855409301,2.9206060428675706,59.06775971613457,-1.9497110775541249,63.131974681071775,2.476472459016056
PedNYC16,PedNYC16_scenario21_CSV_Scenario_Ped_21_Session_temp_2024_03_14_17_39_35_decoded,21,34.0,-1.9965449879825863,60.48101898063235,2.9202722252038367,57.760629100383646,-1.9638288600748472,62.95713407603772,2.476331219913769
PedNYC16,PedNYC16_scenario21_CSV_Scenario_Ped_21_Session_temp_2024_03_14_17_39_35_decoded,21,35.0,-1.9781364016701508,60.3045667510634,2.9068392547651194,56.46437593449505,-1.976875437050742,62.77561340886013,2.471046979529159
PedNYC16,PedNYC16_scenario21_CSV_Scenario_Ped_21_Session_temp_2024_03_14_17_39_35_decoded,21,36.0,-1.941047776815459,60.09433437796135,2.884619566411644,55.20130568636385,-1.9806681022861308,62.58636645574973,2.492347015749748
PedNYC16,PedNYC16_scenario21_CSV_Scenario_Ped_21_Session_temp_2024_03_14_17_39_35_decoded,21,37.0,-1.9207592471662158,59.88535420077765,2.860025350298122,53.98590301087884,-1.9875194231117008,62.39356349844064,2.509097607104068
PedNYC16,PedNYC16_scenario21_CSV_Scenario_Ped_21_Session_temp_2024_03_14_17_39_35_decoded,21,38.0,-1.9166347029453188,59.637303146902966,2.8353928216329707,52.82064472100865,-1.996107785750097,62.1974923280324,2.5614223810341623
PedNYC16,PedNYC16_scenario21_CSV_Scenario_Ped_21_Session_temp_2024_03_14_17_39_35_decoded,21,39.0,-1.9286469260080983,59.370291090048454,2.8115722698396928,51.704488105222644,-2.005058859194586,61.9754391700128,2.606268463162459
PedNYC16,PedNYC16_scenario21_CSV_Scenario_Ped_21_Session_temp_2024_03_14_17_39_35_decoded,21,40.0,-1.927198767894822,59.13042226572632,2.7894350204675495,50.652219899416124,-2.014765555831237,61.75564211260331,2.6266798790081696
PedNYC16,PedNYC16_scenario21_CSV_Scenario_Ped_21_Session_temp_2024_03_14_17_39_35_decoded,21,41.0,-1.9277032399567893,58.869557759819045,2.7703137795052757,49.699977702178714,-2.023002631829535,61.54150948442543,2.6736506863684273
PedNYC16,PedNYC16_scenario21_CSV_Scenario_Ped_21_Session_temp_2024_03_14_17_39_35_decoded,21,42.0,-1.925298926531232,58.60470856052019,2.75559502138993,48.87437565009351,-2.0282745446250225,61.3152058821016,2.712452710780746
PedNYC16,PedNYC16_scenario21_CSV_Scenario_Ped_21_Session_temp_2024_03_14_17_39_35_decoded,21,43.0,-1.9352423914677555,58.36082279196446,2.745377821096842,48.17849349143777,-2.0341908489877274,61.08861519498951,2.7295864505904097
PedNYC16,PedNYC16_scenario21_CSV_Scenario_Ped_21_Session_temp_2024_03_14_17_39_35_decoded,21,44.0,-1.9636921930692002,58.096711221186666,2.738056505908687,47.582656709536536,-2.0475315707889035,60.864360700598525,2.768919045791183
PedNYC16,PedNYC16_scenario21_CSV_Scenario_Ped_21_Session_temp_2024_03_14_17_39_35_decoded,21,45.0,-2.0043112179448657,57.829049679714224,2.732728902023448,47.06507486335508,-2.073350900989988,60.63840820183235,2.8102067154628863
PedNYC16,PedNYC16_scenario21_CSV_Scenario_Ped_21_Session_temp_2024_03_14_17_39_35_decoded,21,46.0,-2.032960116006405,57.573632427262915,2.72885539899755,46.61480930021138,-2.089057810505804,60.4111279305209,2.8380499788300813
PedNYC16,PedNYC16_scenario21_CSV_Scenario_Ped_21_Session_temp_2024_03_14_17_39_35_decoded,21,47.0,-2.0536606039986274,57.297874291147814,2.7259719868360612,46.23086629209487,-2.084047468677665,60.18267849712839,2.884964240400262
PedNYC16,PedNYC16_scenario21_CSV_Scenario_Ped_21_Session_temp_2024_03_14_17_39_35_decoded,21,48.0,-2.070699022471395,57.103625017102495,2.7235050411847994,45.91348717651835,-2.0969932581660817,59.95361459827399,2.850110874969047
PedNYC16,PedNYC16_scenario21_CSV_Scenario_Ped_21_Session_temp_2024_03_14_17_39_35_decoded,21,49.0,-2.1081358812195443,56.81325967612772,2.7216117922729617,45.66131290149737,-2.1280210868134297,59.72510909821509,2.9119173199649864
PedNYC16,PedNYC16_scenario21_CSV_Scenario_Ped_21_Session_temp_2024_03_14_17_39_35_decoded,21,50.0,-2.143507410206672,56.58463503742829,2.7202726301132842,45.47282544561019,-2.1415726242359976,59.50820528941491,2.9235708921963646
PedNYC16,PedNYC16_scenario21_CSV_Scenario_Ped_21_Session_temp_2024_03_14_17_39_35_decoded,21,51.0,-2.1761835079220337,56.298316107448485,2.7194103860161927,45.34614907035413,-2.1511988329233893,59.29022030652531,2.9920085177750315
PedNYC16,PedNYC16_scenario21_CSV_Scenario_Ped_21_Session_temp_2024_03_14_17_39_35_decoded,21,52.0,-2.179706222434545,56.104300583175856,2.718981485506017,45.28455003000299,-2.169277852319524,59.07241554195519,2.9681332785831716
PedNYC16,PedNYC16_scenario21_CSV_Scenario_Ped_21_Session_temp_2024_03_14_17_39_35_decoded,21,53.0,-2.1731098277231657,55.899828019497804,2.7189806558607543,45.2843783782795,-2.191041779263107,58.8553537433938,2.9555801223274214
PedNYC16,PedNYC16_scenario21_CSV_Scenario_Ped_21_Session_temp_2024_03_14_17_39_35_decoded,21,54.0,-2.187373070866585,55.68429867825949,2.718979597091675,45.28418641656517,-2.197121118848999,58.641038644652404,2.95675603547277
PedNYC16,PedNYC16_scenario21_CSV_Scenario_Ped_21_Session_temp_2024_03_14_17_39_35_decoded,21,55.0,-2.2027308392227676,55.55809259881929,2.718979358673096,45.284119415992905,-2.193226298117283,58.432645701371136,2.8745688156125353
PedNYC16,PedNYC16_scenario21_CSV_Scenario_Ped_21_Session_temp_2024_03_14_17_39_35_decoded,21,56.0,-2.276568838749184,55.30788554587748,2.718979358673096,45.284093629600044,-2.2068897287829405,58.21921562505987,2.912163801766274
PedNYC16,PedNYC16_scenario21_CSV_Scenario_Ped_21_Session_temp_2024_03_14_17_39_35_decoded,21,57.0,-2.3364824904711945,55.05006518049874,2.718979358673096,45.28408691483574,-2.228612065711436,58.00478344553898,2.956686668265724
PedNYC16,PedNYC16_scenario21_CSV_Scenario_Ped_21_Session_temp_2024_03_14_17_39_35_decoded,21,58.0,-2.3551225569211196,54.87101992022449,2.718979358673096,45.284088134765625,-2.2415834951305857,57.79468855910969,2.925872421783474
PedNYC16,PedNYC16_scenario21_CSV_Scenario_Ped_21_Session_temp_2024_03_14_17_39_35_decoded,21,59.0,-2.3479488065170253,54.637909144691776,2.718979358673096,45.284088134765625,-2.248649494784993,57.57713523854753,2.940902987878552
PedNYC16,PedNYC16_scenario21_CSV_Scenario_Ped_21_Session_temp_2024_03_14_17_39_35_decoded,21,60.0,-2.340603902306935,54.33445278164705,2.718979358673096,45.284088134765625,-2.2538043295640473,57.363200272204615,3.029991011106648
PedNYC16,PedNYC16_scenario21_CSV_Scenario_Ped_21_Session_temp_2024_03_14_17_39_35_decoded,21,61.0,-2.3480085990536295,54.08374637692131,2.718979358673096,45.284088134765625,-2.2505066610104407,57.16284960897824,3.0806465784938086
PedNYC16,PedNYC16_scenario21_CSV_Scenario_Ped_21_Session_temp_2024_03_14_17_39_35_decoded,21,62.0,-2.3657766946407124,53.845102499956745,2.718979358673096,45.284088134765625,-2.2605093636601685,56.972795548860645,3.129464014673047
PedNYC16,PedNYC16_scenario21_CSV_Scenario_Ped_21_Session_temp_2024_03_14_17_39_35_decoded,21,63.0,-2.360930446687485,53.62699172271583,2.718979358673096,45.284088134765625,-2.26960668010071,56.780389537604606,3.1547199256493292
PedNYC16,PedNYC16_scenario21_CSV_Scenario_Ped_21_Session_temp_2024_03_14_17_39_35_decoded,21,64.0,-2.3350753362179315,53.41498040863352,2.718979358673096,45.284088134765625,-2.2695786202796047,56.595322650115136,3.181016597371197
PedNYC16,PedNYC16_scenario21_CSV_Scenario_Ped_21_Session_temp_2024_03_14_17_39_35_decoded,21,65.0,-2.299614740660604,53.217730882219556,2.718979358673096,45.284088134765625,-2.270678576491046,56.426068018985625,3.208467622518442
PedNYC16,PedNYC16_scenario21_CSV_Scenario_Ped_21_Session_temp_2024_03_14_17_39_35_decoded,21,66.0,-2.285308319833195,53.02354163825768,2.718979358673096,45.284083867493194,-2.269968189868403,56.26084748465528,3.237342191166605
PedNYC16,PedNYC16_scenario21_CSV_Scenario_Ped_21_Session_temp_2024_03_14_17_39_35_decoded,21,67.0,-2.293485982869073,52.81889425645938,2.718979377823449,45.28412216063536,-2.2697517160711307,56.08408935831554,3.265281361323382
PedNYC16,PedNYC16_scenario21_CSV_Scenario_Ped_21_Session_temp_2024_03_14_17_39_35_decoded,21,68.0,-2.3084072434170984,52.65627365106814,2.718978881835937,45.28401213787018,-2.2753815514399096,55.920450356775795,3.2643437720949446
PedNYC16,PedNYC16_scenario21_CSV_Scenario_Ped_21_Session_temp_2024_03_14_17_39_35_decoded,21,69.0,-2.3060396932998715,52.49698505941989,2.718978748296064,45.28396590819769,-2.2880545685634845,55.76000780077323,3.2630723061711095
PedNYC16,PedNYC16_scenario21_CSV_Scenario_Ped_21_Session_temp_2024_03_14_17_39_35_decoded,21,70.0,-2.288367302092202,52.323723912161235,2.7189791678506627,45.28396760154096,-2.294843945041439,55.60877824269272,3.2850607150321545
PedNYC16,PedNYC16_scenario21_CSV_Scenario_Ped_21_Session_temp_2024_03_14_17_39_35_decoded,21,71.0,-2.2555788486331307,52.14948962298627,2.718979835510254,45.28406357259778,-2.2947883799553486,55.46705233267817,3.3177944059396993
PedNYC16,PedNYC16_scenario21_CSV_Scenario_Ped_21_Session_temp_2024_03_14_17_39_35_decoded,21,72.0,-2.2386120947725554,51.99007600373308,2.7189801787656993,45.28407470218504,-2.3021287801758152,55.31677505852195,3.3273053617691546
PedNYC16,PedNYC16_scenario21_CSV_Scenario_Ped_21_Session_temp_2024_03_14_17_39_35_decoded,21,73.0,-2.251809013943177,51.848603407124784,2.7189799499451666,45.28400421142578,-2.3145414002942717,55.18287569694167,3.334862374212473
PedNYC16,PedNYC16_scenario21_CSV_Scenario_Ped_21_Session_temp_2024_03_14_17_39_35_decoded,21,74.0,-2.3060409308324,51.701547697459276,2.7189804935692092,45.28404282070813,-2.3261289988622824,55.05534571272295,3.3538581749477356
PedNYC16,PedNYC16_scenario21_CSV_Scenario_Ped_21_Session_temp_2024_03_14_17_39_35_decoded,21,75.0,-2.364348935939562,51.57124653024181,2.718980312347412,45.28400421071606,-2.3395481029360004,54.92642134327374,3.3552664733701127
PedNYC16,PedNYC16_scenario21_CSV_Scenario_Ped_21_Session_temp_2024_03_14_17_39_35_decoded,21,76.0,-2.3936752515268336,51.48790415769528,2.7189807891845703,45.284088134765625,-2.351323034633274,54.809563038522455,3.321928872034111
PedNYC16,PedNYC16_scenario21_CSV_Scenario_Ped_21_Session_temp_2024_03_14_17_39_35_decoded,21,77.0,-2.4045733072620585,51.43581472168826,2.7189811611462287,45.28409347840044,-2.359643043079823,54.68348034555226,3.247976405866804
PedNYC16,PedNYC16_scenario21_CSV_Scenario_Ped_21_Session_temp_2024_03_14_17_39_35_decoded,21,78.0,-2.412590343098231,51.394385862061085,2.718982458114624,45.284246217582236,-2.364647823633431,54.56858272927498,3.174558904320903
PedNYC16,PedNYC16_scenario21_CSV_Scenario_Ped_21_Session_temp_2024_03_14_17_39_35_decoded,21,79.0,-2.4237565110659642,51.36042132763357,2.718982210273483,45.284182899153315,-2.3683877302409266,54.437539623172306,3.077616400175513
PedNYC16,PedNYC16_scenario21_CSV_Scenario_Ped_21_Session_temp_2024_03_14_17_39_35_decoded,21,80.0,-2.435091170369699,51.33718935097417,2.718982219696045,45.284199514774976,-2.363749903912617,54.31233747388921,2.9760033483826205
PedNYC16,PedNYC16_scenario21_CSV_Scenario_Ped_21_Session_temp_2024_03_14_17_39_35_decoded,21,81.0,-2.436650010872171,51.31367497657589,2.718982696533203,45.284282228586285,-2.357570062568436,54.20082157935562,2.8882294133545305
PedNYC16,PedNYC16_scenario21_CSV_Scenario_Ped_21_Session_temp_2024_03_14_17_39_35_decoded,21,82.0,-2.4236414504300754,51.305038991662165,2.7189827826132076,45.28427706649763,-2.3588693522693336,54.07759073823681,2.7733082432600678
PedNYC16,PedNYC16_scenario21_CSV_Scenario_Ped_21_Session_temp_2024_03_14_17_39_35_decoded,21,83.0,-2.404858446544669,51.29994285511937,2.718982696533203,45.28426178228332,-2.3607271994155945,53.97038175732655,2.670803530287217
PedNYC16,PedNYC16_scenario21_CSV_Scenario_Ped_21_Session_temp_2024_03_14_17_39_35_decoded,21,84.0,-2.397520131670584,51.29001324113875,2.7189836502075195,45.28423309326172,-2.351357278926944,53.853348048367444,2.563750444743713
PedNYC16,PedNYC16_scenario21_CSV_Scenario_Ped_21_Session_temp_2024_03_14_17_39_35_decoded,21,85.0,-2.3990262074152184,51.27736429469831,2.7189842700314837,45.284344470068284,-2.3337644886605724,53.74060284997639,2.464102934567317
PedNYC16,PedNYC16_scenario21_CSV_Scenario_Ped_21_Session_temp_2024_03_14_17_39_35_decoded,21,86.0,-2.392573648777114,51.26809489971168,2.718984451275058,45.284396665062914,-2.317310858251487,53.63163976247636,2.364742862541091
PedNYC16,PedNYC16_scenario21_CSV_Scenario_Ped_21_Session_temp_2024_03_14_17_39_35_decoded,21,87.0,-2.3779692479185663,51.263946239755505,2.718985109247778,45.284472506268365,-2.304096794375246,53.532144124650166,2.269400534157231
PedNYC16,PedNYC16_scenario21_CSV_Scenario_Ped_21_Session_temp_2024_03_14_17_39_35_decoded,21,88.0,-2.3662206142139204,51.2669329653201,2.718985080718994,45.284449933977875,-2.2849930895089425,53.44273811875156,2.177320825342146
PedNYC16,PedNYC16_scenario21_CSV_Scenario_Ped_21_Session_temp_2024_03_14_17_39_35_decoded,21,89.0,-2.358324960302844,51.275652732415054,2.718985319137573,45.28451125966488,-2.2652136843913655,53.3573688589584,2.083797432864458
PedNYC16,PedNYC16_scenario21_CSV_Scenario_Ped_21_Session_temp_2024_03_14_17_39_35_decoded,21,90.0,-2.349426144255757,51.28381073211781,2.7189851759977133,45.28459317797324,-2.2498123757653476,53.27411724062558,1.992797757094597
PedNYC16,PedNYC16_scenario21_CSV_Scenario_Ped_21_Session_temp_2024_03_14_17_39_35_decoded,21,91.0,-2.3374241684975106,51.28848891638616,2.718985280992602,45.284650879002335,-2.2469028274449068,53.204574446245296,1.918222581172878
PedNYC16,PedNYC16_scenario21_CSV_Scenario_Ped_21_Session_temp_2024_03_14_17_39_35_decoded,21,92.0,-2.3163623824521236,51.291199587370436,2.718984165267199,45.28449891405934,-2.24088747851782,53.13506061692246,1.84540509304178
PedNYC16,PedNYC16_scenario21_CSV_Scenario_Ped_21_Session_temp_2024_03_14_17_39_35_decoded,21,93.0,-2.284814589054188,51.290110417169586,2.7189840507104117,45.28449004997927,-2.233954290090036,53.06838784374048,1.7790046025410748
PedNYC16,PedNYC16_scenario21_CSV_Scenario_Ped_21_Session_temp_2024_03_14_17_39_35_decoded,21,94.0,-2.2497460763147368,51.283131877487286,2.7189837837842634,45.28447571798219,-2.2237956508195387,53.00834053367193,1.725403817069441
PedNYC16,PedNYC16_scenario21_CSV_Scenario_Ped_21_Session_temp_2024_03_14_17_39_35_decoded,21,95.0,-2.215749419079765,51.27385749283934,2.718982982591142,45.28440780355769,-2.2063540095778302,52.95125301377824,1.6774218334651536
PedNYC16,PedNYC16_scenario21_CSV_Scenario_Ped_21_Session_temp_2024_03_14_17_39_35_decoded,21,96.0,-2.1940826946931766,51.27091624638495,2.7189836502075195,45.28449187588205,-2.1933332995411763,52.896117026501116,1.6252009528926847
PedNYC16,PedNYC16_scenario21_CSV_Scenario_Ped_21_Session_temp_2024_03_14_17_39_35_decoded,21,97.0,-2.1940084786244207,51.27453340718717,2.7189827632838233,45.28437515174541,-2.1877621883656873,52.852530737306374,1.5780096926208436
PedNYC16,PedNYC16_scenario21_CSV_Scenario_Ped_21_Session_temp_2024_03_14_17_39_35_decoded,21,98.0,-2.211857440081077,51.27824479682033,2.718982696533203,45.28438323370756,-2.187651720080178,52.813528703133805,1.5354747115683545
PedNYC16,PedNYC16_scenario21_CSV_Scenario_Ped_21_Session_temp_2024_03_14_17_39_35_decoded,21,99.0,-2.242094883941982,51.28602093973612,2.718982105222527,45.28425078980585,-2.1883941165027183,52.79574136491756,1.510675191639023
PedNYC16,PedNYC16_scenario21_CSV_Scenario_Ped_21_Session_temp_2024_03_14_17_39_35_decoded,21,100.0,-2.2758164405822754,51.29254150390625,2.718982219696045,45.28422164916992,-2.175133762359619,52.89806213378906,1.6086744526700811
PedNYC16,PedNYC16_scenario21_CSV_Scenario_Ped_21_Session_temp_2024_03_14_17_40_50_decoded,21,0.0,-1.820171356201172,70.36689758300781,-8.724727630615234,116.00059509277344,-1.825302419839082,70.10194651285808,0.2650007497867619
PedNYC16,PedNYC16_scenario21_CSV_Scenario_Ped_21_Session_temp_2024_03_14_17_40_50_decoded,21,1.0,-1.800682812206606,70.27546639932525,-8.545605182102381,116.0017906818078,-1.8171673414183962,70.00257768621032,0.27338615445713627
PedNYC16,PedNYC16_scenario21_CSV_Scenario_Ped_21_Session_temp_2024_03_14_17_40_50_decoded,21,2.0,-1.822779064083756,70.23608065928622,-8.260591870876485,116.00395965118632,-1.8065296691854325,69.86694406997819,0.3694940654469635
PedNYC16,PedNYC16_scenario21_CSV_Scenario_Ped_21_Session_temp_2024_03_14_17_40_50_decoded,21,3.0,-1.8283559080836456,70.22543167662249,-7.925701691787715,116.00679929251952,-1.7865015493999776,69.71520258524953,0.5119428806264433
PedNYC16,PedNYC16_scenario21_CSV_Scenario_Ped_21_Session_temp_2024_03_14_17_40_50_decoded,21,4.0,-1.8200525924639028,70.21611220013493,-7.581369953136286,116.00948315837887,-1.766365213034811,69.53404823318081,0.6841736546573183
PedNYC16,PedNYC16_scenario21_CSV_Scenario_Ped_21_Session_temp_2024_03_14_17_40_50_decoded,21,5.0,-1.7994691921029646,70.22358880085497,-7.210051001534504,116.01170881704371,-1.747798760292633,69.3329731292374,0.8921132820748028
PedNYC16,PedNYC16_scenario21_CSV_Scenario_Ped_21_Session_temp_2024_03_14_17_40_50_decoded,21,6.0,-1.7860698924435625,70.2677218953054,-6.794964117038312,116.01430248000885,-1.7365755535379133,69.11983897989869,1.1489494667157119
PedNYC16,PedNYC16_scenario21_CSV_Scenario_Ped_21_Session_temp_2024_03_14_17_40_50_decoded,21,7.0,-1.8126198251562886,70.31810586832984,-6.372788172572685,116.01704368011082,-1.7330047171810947,68.90689538623847,1.4134544881892868
PedNYC16,PedNYC16_scenario21_CSV_Scenario_Ped_21_Session_temp_2024_03_14_17_40_50_decoded,21,8.0,-1.8548942565917972,70.35470886230469,-5.9697807693481435,116.01977722167967,-1.734178519696201,68.67310029293871,1.685935843885922
PedNYC16,PedNYC16_scenario21_CSV_Scenario_Ped_21_Session_temp_2024_03_14_17_40_50_decoded,21,9.0,-1.8716745718677539,70.3698831975869,-5.588720650093135,116.02224996246493,-1.729664786041388,68.4404409422859,1.934661261257756
PedNYC16,PedNYC16_scenario21_CSV_Scenario_Ped_21_Session_temp_2024_03_14_17_40_50_decoded,21,10.0,-1.8694221589369366,70.3716232453649,-5.222738484914834,116.02254564365084,-1.714501195148898,68.20996503885166,2.1672025071061176
PedNYC16,PedNYC16_scenario21_CSV_Scenario_Ped_21_Session_temp_2024_03_14_17_40_50_decoded,21,11.0,-1.8602583615941786,70.37058662549434,-4.85647260889036,116.01692259509757,-1.7093786353686158,67.95872061496786,2.4165807134293744
PedNYC16,PedNYC16_scenario21_CSV_Scenario_Ped_21_Session_temp_2024_03_14_17_40_50_decoded,21,12.0,-1.8564918671474822,70.37413885020972,-4.454969044544886,116.00038048896768,-1.7105148648709003,67.71371106683303,2.664429634228734
PedNYC16,PedNYC16_scenario21_CSV_Scenario_Ped_21_Session_temp_2024_03_14_17_40_50_decoded,21,13.0,-1.8555841871366405,70.38184485129652,-3.9824821665683245,115.95943656984574,-1.701620808899189,67.45744478136365,2.9284501858255463
PedNYC16,PedNYC16_scenario21_CSV_Scenario_Ped_21_Session_temp_2024_03_14_17_40_50_decoded,21,14.0,-1.8597918739385697,70.39376508002933,-3.4286820944084075,115.87787357596893,-1.698685724636741,67.19825912923983,3.1995645755124156
PedNYC16,PedNYC16_scenario21_CSV_Scenario_Ped_21_Session_temp_2024_03_14_17_40_50_decoded,21,15.0,-1.8607207042437857,70.40281060432916,-2.8192897368454988,115.75339458114657,-1.6959252536032763,66.92561931432473,3.481094196920626
PedNYC16,PedNYC16_scenario21_CSV_Scenario_Ped_21_Session_temp_2024_03_14_17_40_50_decoded,21,16.0,-1.8589170206492849,70.40775008760397,-2.2027126818537046,115.58054723483578,-1.6865739244722937,66.67475642194377,3.736969875535401
PedNYC16,PedNYC16_scenario21_CSV_Scenario_Ped_21_Session_temp_2024_03_14_17_40_50_decoded,21,17.0,-1.8609973155633468,70.41281509680528,-1.6222833323562185,115.3633794261623,-1.6878849387447674,66.42719810274986,3.9893747277375606
PedNYC16,PedNYC16_scenario21_CSV_Scenario_Ped_21_Session_temp_2024_03_14_17_40_50_decoded,21,18.0,-1.8618530399608129,70.41815807499762,-1.1005508857873754,115.10819803150875,-1.6928475003298016,66.19560740917889,4.225931494692285
PedNYC16,PedNYC16_scenario21_CSV_Scenario_Ped_21_Session_temp_2024_03_14_17_40_50_decoded,21,19.0,-1.8616292068746918,70.42500417214714,-0.6409698252851388,114.8238013781856,-1.691696157566123,65.95459758567938,4.473635243242529
PedNYC16,PedNYC16_scenario21_CSV_Scenario_Ped_21_Session_temp_2024_03_14_17_40_50_decoded,21,20.0,-1.8603065578017646,70.43343185240187,-0.24283872743793322,114.51918397760217,-1.691040003484116,65.71870393749454,4.717765411507547
PedNYC16,PedNYC16_scenario21_CSV_Scenario_Ped_21_Session_temp_2024_03_14_17_40_50_decoded,21,21.0,-1.8577904663241047,70.44345510998664,0.09425310220984008,114.20229305490156,-1.7028991624407648,65.4971993169833,4.948680398433287
PedNYC16,PedNYC16_scenario21_CSV_Scenario_Ped_21_Session_temp_2024_03_14_17_40_50_decoded,21,22.0,-1.8520707676611392,70.4504222845789,0.3805232221109212,113.8805929645795,-1.7232685253583613,65.26848722599237,5.1835355664864915
PedNYC16,PedNYC16_scenario21_CSV_Scenario_Ped_21_Session_temp_2024_03_14_17_40_50_decoded,21,23.0,-1.8476639945492122,70.45798809370237,0.6483520967356923,113.53156320160342,-1.730421229300475,65.03644162310239,5.422814029531001
PedNYC16,PedNYC16_scenario21_CSV_Scenario_Ped_21_Session_temp_2024_03_14_17_40_50_decoded,21,24.0,-1.8450939167734066,70.45915874301711,0.9229329985988018,113.11469937893943,-1.7326844632821083,64.8256955527612,5.634584581067402
PedNYC16,PedNYC16_scenario21_CSV_Scenario_Ped_21_Session_temp_2024_03_14_17_40_50_decoded,21,25.0,-1.8404048881949253,70.4576835774264,1.2034126994567322,112.60271274308319,-1.7612884374855875,64.6329153428684,5.825305519806553
PedNYC16,PedNYC16_scenario21_CSV_Scenario_Ped_21_Session_temp_2024_03_14_17_40_50_decoded,21,26.0,-1.839040458773544,70.45770980642794,1.4696967793373454,111.98067990347077,-1.7990657116677642,64.4404599811152,6.017382607133474
PedNYC16,PedNYC16_scenario21_CSV_Scenario_Ped_21_Session_temp_2024_03_14_17_40_50_decoded,21,27.0,-1.84049775852016,70.46085534073603,1.7053821830905078,111.24565147590013,-1.826652969619971,64.24456602224824,6.216304735880084
PedNYC16,PedNYC16_scenario21_CSV_Scenario_Ped_21_Session_temp_2024_03_14_17_40_50_decoded,21,28.0,-1.8448220198979097,70.46463500204392,1.895530113369394,110.40400543813631,-1.8429115196989831,64.05009084300737,6.414544443547099
PedNYC16,PedNYC16_scenario21_CSV_Scenario_Ped_21_Session_temp_2024_03_14_17_40_50_decoded,21,29.0,-1.8493840221745603,70.46283650003194,2.040867887497955,109.4787626348495,-1.8680852622162605,63.87003610557126,6.592826918521372
PedNYC16,PedNYC16_scenario21_CSV_Scenario_Ped_21_Session_temp_2024_03_14_17_40_50_decoded,21,30.0,-1.8531539565210746,70.45947048748513,2.1558678196261614,108.52057674624164,-1.8991914746182001,63.68540769192777,6.774219232592563
PedNYC16,PedNYC16_scenario21_CSV_Scenario_Ped_21_Session_temp_2024_03_14_17_40_50_decoded,21,31.0,-1.8540886414428814,70.45743308886114,2.248856867927988,107.58942955566322,-1.9244018579729016,63.49504565842647,6.9627424683018
PedNYC16,PedNYC16_scenario21_CSV_Scenario_Ped_21_Session_temp_2024_03_14_17_40_50_decoded,21,32.0,-1.8569922674693553,70.4592811516047,2.3381290959947876,106.70890248859274,-1.9388502000199235,63.30721317825131,7.15253640442247
PedNYC16,PedNYC16_scenario21_CSV_Scenario_Ped_21_Session_temp_2024_03_14_17_40_50_decoded,21,33.0,-1.8582451119211187,70.46265864397944,2.4113285910620816,105.85602204082905,-1.9497110775541249,63.131974681071775,7.331254557502473
PedNYC16,PedNYC16_scenario21_CSV_Scenario_Ped_21_Session_temp_2024_03_14_17_40_50_decoded,21,34.0,-1.8590851084053979,70.46435629405133,2.4555161977067814,104.96468754920821,-1.9638288600748472,62.95713407603772,7.507952895706723
PedNYC16,PedNYC16_scenario21_CSV_Scenario_Ped_21_Session_temp_2024_03_14_17_40_50_decoded,21,35.0,-1.8515047114035528,70.46069666322371,2.4669850982200487,103.98493172664067,-1.976875437050742,62.77561340886013,7.686105804980105
PedNYC16,PedNYC16_scenario21_CSV_Scenario_Ped_21_Session_temp_2024_03_14_17_40_50_decoded,21,36.0,-1.8317467880249028,70.44968780517578,2.442188911437988,102.89405822753908,-1.9806681022861308,62.58636645574973,7.864731413225809
PedNYC16,PedNYC16_scenario21_CSV_Scenario_Ped_21_Session_temp_2024_03_14_17_40_50_decoded,21,37.0,-1.806707636897041,70.43382516247354,2.3899817982008678,101.69101491204226,-1.9875194231117008,62.39356349844064,8.04229448156129
PedNYC16,PedNYC16_scenario21_CSV_Scenario_Ped_21_Session_temp_2024_03_14_17_40_50_decoded,21,38.0,-1.7589956879551105,70.38406160790827,2.3257445819297144,100.37944122912978,-1.996107785750097,62.1974923280324,8.190002363926883
PedNYC16,PedNYC16_scenario21_CSV_Scenario_Ped_21_Session_temp_2024_03_14_17_40_50_decoded,21,39.0,-1.7149989280949587,70.28856007122405,2.2645410365955634,98.9796101545683,-2.005058859194586,61.9754391700128,8.318179721656955
PedNYC16,PedNYC16_scenario21_CSV_Scenario_Ped_21_Session_temp_2024_03_14_17_40_50_decoded,21,40.0,-1.7235080960617886,70.18945635023972,2.2214782964388835,97.56256356720094,-2.014765555831237,61.75564211260331,8.43884195271069
PedNYC16,PedNYC16_scenario21_CSV_Scenario_Ped_21_Session_temp_2024_03_14_17_40_50_decoded,21,41.0,-1.7196943268777198,70.04749382210433,2.20162081731414,96.19546809476255,-2.023002631829535,61.54150948442543,8.511390337699913
PedNYC16,PedNYC16_scenario21_CSV_Scenario_Ped_21_Session_temp_2024_03_14_17_40_50_decoded,21,42.0,-1.7060023307713361,69.78482452214686,2.2027104629574525,94.90120061910764,-2.0282745446250225,61.3152058821016,8.47574771259883
PedNYC16,PedNYC16_scenario21_CSV_Scenario_Ped_21_Session_temp_2024_03_14_17_40_50_decoded,21,43.0,-1.7139989786166845,69.47906779522032,2.2197114798966355,93.66075765489593,-2.0341908489877274,61.08861519498951,8.396559871195564
PedNYC16,PedNYC16_scenario21_CSV_Scenario_Ped_21_Session_temp_2024_03_14_17_40_50_decoded,21,44.0,-1.6837618446350098,69.07945709228515,2.2502711677551264,92.42798492431642,-2.0475315707889035,60.864360700598525,8.223146425691857
PedNYC16,PedNYC16_scenario21_CSV_Scenario_Ped_21_Session_temp_2024_03_14_17_40_50_decoded,21,45.0,-1.6614256017592768,68.65873133234025,2.284595311459243,91.16601310510386,-2.073350900989988,60.63840820183235,8.030894443952455
PedNYC16,PedNYC16_scenario21_CSV_Scenario_Ped_21_Session_temp_2024_03_14_17_40_50_decoded,21,46.0,-1.6727649291175164,68.21873940661948,2.317022419383563,89.85710542690875,-2.089057810505804,60.4111279305209,7.81870172885504
PedNYC16,PedNYC16_scenario21_CSV_Scenario_Ped_21_Session_temp_2024_03_14_17_40_50_decoded,21,47.0,-1.6801971890591192,67.80333232107103,2.342911086880545,88.48037196311563,-2.084047468677665,60.18267849712839,7.6313471781016124
PedNYC16,PedNYC16_scenario21_CSV_Scenario_Ped_21_Session_temp_2024_03_14_17_40_50_decoded,21,48.0,-1.6697483253479004,67.35867980957032,2.3622513961791993,87.03606475830078,-2.0969932581660817,59.95361459827399,7.41738019897659
PedNYC16,PedNYC16_scenario21_CSV_Scenario_Ped_21_Session_temp_2024_03_14_17_40_50_decoded,21,49.0,-1.6783348392139323,66.91314164288214,2.377516378155048,85.55600108420954,-2.1280210868134297,59.72510909821509,7.202085085895106
PedNYC16,PedNYC16_scenario21_CSV_Scenario_Ped_21_Session_temp_2024_03_14_17_40_50_decoded,21,50.0,-1.6950551330161823,66.51967947263738,2.3908437850872755,84.08595331557223,-2.1415726242359976,59.50820528941491,7.025677767444249
PedNYC16,PedNYC16_scenario21_CSV_Scenario_Ped_21_Session_temp_2024_03_14_17_40_50_decoded,21,51.0,-1.6895267098346507,66.11027809937215,2.4066387510738103,82.66857048364342,-2.1511988329233893,59.29022030652531,6.8356659841604435
PedNYC16,PedNYC16_scenario21_CSV_Scenario_Ped_21_Session_temp_2024_03_14_17_40_50_decoded,21,52.0,-1.6880616366284331,65.6654779619907,2.4247191716859047,81.32078444052536,-2.169277852319524,59.07241554195519,6.610600662627309
PedNYC16,PedNYC16_scenario21_CSV_Scenario_Ped_21_Session_temp_2024_03_14_17_40_50_decoded,21,53.0,-1.731616153510919,65.19142155195159,2.4447845680031284,80.04713385322796,-2.191041779263107,58.8553537433938,6.3527023525614785
PedNYC16,PedNYC16_scenario21_CSV_Scenario_Ped_21_Session_temp_2024_03_14_17_40_50_decoded,21,54.0,-1.6977817315077264,64.75294861165122,2.4663324073639856,78.84899705079872,-2.197121118848999,58.641038644652404,6.132273906835035
PedNYC16,PedNYC16_scenario21_CSV_Scenario_Ped_21_Session_temp_2024_03_14_17_40_50_decoded,21,55.0,-1.6559860984686585,64.38474965808898,2.4889535671247045,77.72254097839452,-2.193226298117283,58.432645701371136,5.97630057340615
PedNYC16,PedNYC16_scenario21_CSV_Scenario_Ped_21_Session_temp_2024_03_14_17_40_50_decoded,21,56.0,-1.6936545753479006,64.0173257446289,2.512299432754517,76.66383422851563,-2.2068897287829405,58.21921562505987,5.820780985518213
PedNYC16,PedNYC16_scenario21_CSV_Scenario_Ped_21_Session_temp_2024_03_14_17_40_50_decoded,21,57.0,-1.7178607710067655,63.62766451759191,2.5360833343308107,75.66845835720825,-2.228612065711436,58.00478344553898,5.646030325413916
PedNYC16,PedNYC16_scenario21_CSV_Scenario_Ped_21_Session_temp_2024_03_14_17_40_50_decoded,21,58.0,-1.6730560506943801,63.23632165141106,2.560059043104537,74.73277349251465,-2.2415834951305857,57.79468855910969,5.471251608755218
PedNYC16,PedNYC16_scenario21_CSV_Scenario_Ped_21_Session_temp_2024_03_14_17_40_50_decoded,21,59.0,-1.7065401836972747,62.728076611977286,2.5840271809006325,73.85313214593091,-2.248649494784993,57.57713523854753,5.179389880833307
PedNYC16,PedNYC16_scenario21_CSV_Scenario_Ped_21_Session_temp_2024_03_14_17_40_50_decoded,21,60.0,-1.8094227605921762,62.317688917573996,2.607819878479538,73.0260849773373,-2.2538043295640473,57.363200272204615,4.9743776209628505
PedNYC16,PedNYC16_scenario21_CSV_Scenario_Ped_21_Session_temp_2024_03_14_17_40_50_decoded,21,61.0,-1.8693709639331701,61.96108468891589,2.631298113448812,72.24864021582401,-2.2505066610104407,57.16284960897824,4.813348553962285
PedNYC16,PedNYC16_scenario21_CSV_Scenario_Ped_21_Session_temp_2024_03_14_17_40_50_decoded,21,62.0,-1.8887571665717333,61.61612257980719,2.6543548135641144,71.51761200323337,-2.2605093636601685,56.972795548860645,4.658184798004361
PedNYC16,PedNYC16_scenario21_CSV_Scenario_Ped_21_Session_temp_2024_03_14_17_40_50_decoded,21,63.0,-1.9640380765201748,61.268546021057226,2.6768979808885978,70.83028077040103,-2.26960668010071,56.780389537604606,4.498546519871941
PedNYC16,PedNYC16_scenario21_CSV_Scenario_Ped_21_Session_temp_2024_03_14_17_40_50_decoded,21,64.0,-1.9795811106912782,61.01586039360916,2.6988543336410222,70.18414303740957,-2.2695786202796047,56.595322650115136,4.430039785060927
PedNYC16,PedNYC16_scenario21_CSV_Scenario_Ped_21_Session_temp_2024_03_14_17_40_50_decoded,21,65.0,-1.996045970484061,60.89352439643927,2.72028401184778,69.57663142637911,-2.270678576491046,56.426068018985625,4.475889805696005
PedNYC16,PedNYC16_scenario21_CSV_Scenario_Ped_21_Session_temp_2024_03_14_17_40_50_decoded,21,66.0,-1.994479339682973,60.75108095103593,2.741688939267105,69.00548512742773,-2.269968189868403,56.26084748465528,4.49867654862864
PedNYC16,PedNYC16_scenario21_CSV_Scenario_Ped_21_Session_temp_2024_03_14_17_40_50_decoded,21,67.0,-1.9656559126059332,60.62393211242034,2.7628927907207452,68.46842209007362,-2.2697517160711307,56.08408935831554,4.550016097738889
PedNYC16,PedNYC16_scenario21_CSV_Scenario_Ped_21_Session_temp_2024_03_14_17_40_50_decoded,21,68.0,-1.949537296295166,60.45671066284179,2.7837158393859864,67.9634912109375,-2.2753815514399096,55.920450356775795,4.547948113490392
PedNYC16,PedNYC16_scenario21_CSV_Scenario_Ped_21_Session_temp_2024_03_14_17_40_50_decoded,21,69.0,-2.029261768351459,60.22702093056121,2.8037148275629944,67.4886833932081,-2.2880545685634845,55.76000780077323,4.474503326084335
PedNYC16,PedNYC16_scenario21_CSV_Scenario_Ped_21_Session_temp_2024_03_14_17_40_50_decoded,21,70.0,-2.0826332838447854,59.94342670165946,2.821399990253584,67.04213457541616,-2.294843945041439,55.60877824269272,4.3398399310974884
PedNYC16,PedNYC16_scenario21_CSV_Scenario_Ped_21_Session_temp_2024_03_14_17_40_50_decoded,21,71.0,-2.072081200621655,59.596250060040276,2.8369444936624713,66.64211709344286,-2.2947883799553486,55.46705233267817,4.135199192225103
PedNYC16,PedNYC16_scenario21_CSV_Scenario_Ped_21_Session_temp_2024_03_14_17_40_50_decoded,21,72.0,-2.055201609211997,59.317322783474395,2.8473714585286753,66.37274315978709,-2.3021287801758152,55.31677505852195,4.008161065548938
PedNYC16,PedNYC16_scenario21_CSV_Scenario_Ped_21_Session_temp_2024_03_14_17_40_50_decoded,21,73.0,-2.1004396362763935,59.04228470759978,2.8537027148000593,66.2075276212177,-2.3145414002942717,55.18287569694167,3.865343125377686
PedNYC16,PedNYC16_scenario21_CSV_Scenario_Ped_21_Session_temp_2024_03_14_17_40_50_decoded,21,74.0,-2.1295854118893107,58.67691062628381,2.858062065614858,66.08658067941946,-2.3261289988622824,55.05534571272295,3.6268942367699712
PedNYC16,PedNYC16_scenario21_CSV_Scenario_Ped_21_Session_temp_2024_03_14_17_40_50_decoded,21,75.0,-2.1607556410902222,58.29605606121043,2.859511792702686,66.0456104264828,-2.3395481029360004,54.92642134327374,3.3743747386348715
PedNYC16,PedNYC16_scenario21_CSV_Scenario_Ped_21_Session_temp_2024_03_14_17_40_50_decoded,21,76.0,-2.2430897903442384,57.918663024902344,2.859522304534912,66.04531433105468,-2.351323034633274,54.809563038522455,3.1109833108643885
PedNYC16,PedNYC16_scenario21_CSV_Scenario_Ped_21_Session_temp_2024_03_14_17_40_50_decoded,21,77.0,-2.3072801753139207,57.601849228184754,2.8595257091671025,66.04520324659413,-2.359643043079823,54.68348034555226,2.9188386055138937
PedNYC16,PedNYC16_scenario21_CSV_Scenario_Ped_21_Session_temp_2024_03_14_17_40_50_decoded,21,78.0,-2.3335661895352495,57.23427056032887,2.8595951058701132,66.04335617439061,-2.364647823633431,54.56858272927498,2.6658690291548512
PedNYC16,PedNYC16_scenario21_CSV_Scenario_Ped_21_Session_temp_2024_03_14_17_40_50_decoded,21,79.0,-2.3384341099020487,56.85236027852405,2.8610383978566487,66.00515907602934,-2.3683877302409266,54.437539623172306,2.415006421706751
PedNYC16,PedNYC16_scenario21_CSV_Scenario_Ped_21_Session_temp_2024_03_14_17_40_50_decoded,21,80.0,-2.3762156207027445,56.51150366352768,2.8657375333392565,65.88347105456688,-2.363749903912617,54.31233747388921,2.199201519584795
PedNYC16,PedNYC16_scenario21_CSV_Scenario_Ped_21_Session_temp_2024_03_14_17_40_50_decoded,21,81.0,-2.4200975022529807,56.159121022802275,2.8746851885202,65.65326621059083,-2.357570062568436,54.20082157935562,1.959297422781183
PedNYC16,PedNYC16_scenario21_CSV_Scenario_Ped_21_Session_temp_2024_03_14_17_40_50_decoded,21,82.0,-2.4252653995813787,55.801157456115995,2.8888750790859943,65.28760084033581,-2.3588693522693336,54.07759073823681,1.724845113649193
PedNYC16,PedNYC16_scenario21_CSV_Scenario_Ped_21_Session_temp_2024_03_14_17_40_50_decoded,21,83.0,-2.4327499755946285,55.45444863295587,2.907781072538028,64.7804742286877,-2.3607271994155945,53.97038175732655,1.4858135049960672
PedNYC16,PedNYC16_scenario21_CSV_Scenario_Ped_21_Session_temp_2024_03_14_17_40_50_decoded,21,84.0,-2.4864394162378107,55.0887753604283,2.9210174567664464,64.13192979490236,-2.351357278926944,53.853348048367444,1.242790339199008
PedNYC16,PedNYC16_scenario21_CSV_Scenario_Ped_21_Session_temp_2024_03_14_17_40_50_decoded,21,85.0,-2.525757195430616,54.746970972579966,2.9052051746636622,63.36002373721357,-2.3337644886605724,53.74060284997639,1.0245184223065649
PedNYC16,PedNYC16_scenario21_CSV_Scenario_Ped_21_Session_temp_2024_03_14_17_40_50_decoded,21,86.0,-2.50251407474846,54.392986004937285,2.8297952189316367,62.558777750153354,-2.317310858251487,53.63163976247636,0.7835485513420292
PedNYC16,PedNYC16_scenario21_CSV_Scenario_Ped_21_Session_temp_2024_03_14_17_40_50_decoded,21,87.0,-2.4836001147835427,54.09586423057604,2.67854324353517,61.81102949754233,-2.304096794375246,53.532144124650166,0.5916094994696101
PedNYC16,PedNYC16_scenario21_CSV_Scenario_Ped_21_Session_temp_2024_03_14_17_40_50_decoded,21,88.0,-2.5103516485767936,53.73175026659896,2.4578233025734892,61.13497904037907,-2.2849930895089425,53.44273811875156,0.36648942924524064
PedNYC16,PedNYC16_scenario21_CSV_Scenario_Ped_21_Session_temp_2024_03_14_17_40_50_decoded,21,89.0,-2.5020227744956953,53.420190680430615,2.1724860298979296,60.54291088262283,-2.2652136843913655,53.3573688589584,0.24500025797767466
PedNYC16,PedNYC16_scenario21_CSV_Scenario_Ped_21_Session_temp_2024_03_14_17_40_50_decoded,21,90.0,-2.3895519093265687,53.1956630877302,1.8226979136094992,60.06384214134209,-2.2498123757653476,53.27411724062558,0.16025664212892562
PedNYC16,PedNYC16_scenario21_CSV_Scenario_Ped_21_Session_temp_2024_03_14_17_40_50_decoded,21,91.0,-2.3812921932523397,53.02609463908014,1.4383487663935617,59.713272886470385,-2.2469028274449068,53.204574446245296,0.22341786680530823
PedNYC16,PedNYC16_scenario21_CSV_Scenario_Ped_21_Session_temp_2024_03_14_17_40_50_decoded,21,92.0,-2.3989711952209474,52.7663752746582,1.0610212755203225,59.473489685058595,-2.24088747851782,53.13506061692246,0.401147532819519
PedNYC16,PedNYC16_scenario21_CSV_Scenario_Ped_21_Session_temp_2024_03_14_17_40_50_decoded,21,93.0,-2.3346751725160004,52.548254818610346,0.7152955406591305,59.31200566006167,-2.233954290090036,53.06838784374048,0.5297953000807871
PedNYC16,PedNYC16_scenario21_CSV_Scenario_Ped_21_Session_temp_2024_03_14_17_40_50_decoded,21,94.0,-2.199339461457342,52.37372131199413,0.4096869184780574,59.202934582713674,-2.2237956508195387,53.00834053367193,0.6350902784022521
PedNYC16,PedNYC16_scenario21_CSV_Scenario_Ped_21_Session_temp_2024_03_14_17_40_50_decoded,21,95.0,-2.109548155257998,52.18107872169536,0.13764806255776513,59.11517774094907,-2.2063540095778302,52.95125301377824,0.7762343805938806
PedNYC16,PedNYC16_scenario21_CSV_Scenario_Ped_21_Session_temp_2024_03_14_17_40_50_decoded,21,96.0,-2.070545599549371,52.02587284681442,-0.1293765692374687,59.03872122660582,-2.1933332995411763,52.896117026501116,0.8788638981934823
PedNYC16,PedNYC16_scenario21_CSV_Scenario_Ped_21_Session_temp_2024_03_14_17_40_50_decoded,21,97.0,-2.0722698705587916,51.932469289817995,-0.4303068814469908,58.96757929016534,-2.1877621883656873,52.852530737306374,0.9272818032436637
PedNYC16,PedNYC16_scenario21_CSV_Scenario_Ped_21_Session_temp_2024_03_14_17_40_50_decoded,21,98.0,-2.1446242963583195,51.84551579839693,-0.8089664317151499,58.90318428491571,-2.187651720080178,52.813528703133805,0.9689687006963951
PedNYC16,PedNYC16_scenario21_CSV_Scenario_Ped_21_Session_temp_2024_03_14_17_40_50_decoded,21,99.0,-2.2239033547555462,51.77444331960559,-1.31509400330539,58.845754721339546,-2.1883941165027183,52.79574136491756,1.021915164462957
PedNYC16,PedNYC16_scenario21_CSV_Scenario_Ped_21_Session_temp_2024_03_14_17_40_50_decoded,21,100.0,-2.2625770568847656,51.72903823852539,-1.9755128622055047,58.80246353149414,-2.175133762359619,52.89806213378906,1.172289724195711
PedNYC17,PedNYC17_scenario21,21,0.0,-1.7681084871292114,70.02051544189453,3.6239771842956543,98.16558837890624,-1.825302419839082,70.10194651285808,0.09950962394206565
PedNYC17,PedNYC17_scenario21,21,1.0,-1.6681810282040135,69.91648773958346,3.6508011319119436,96.44545681174829,-1.8171673414183962,70.00257768621032,0.17207091687856238
PedNYC17,PedNYC17_scenario21,21,2.0,-1.6698032934980693,69.73318649614362,3.5941218684376843,94.55285080744068,-1.8065296691854325,69.86694406997819,0.19127255518425257
PedNYC17,PedNYC17_scenario21,21,3.0,-1.7199910827474347,69.5677292574979,3.3995363005301593,92.62749348351973,-1.7865015493999776,69.71520258524953,0.1617777010977646
PedNYC17,PedNYC17_scenario21,21,4.0,-1.6467802238656233,69.36223071088185,3.1327772803652425,90.76744171285853,-1.766365213034811,69.53404823318081,0.20933664419673484
PedNYC17,PedNYC17_scenario21,21,5.0,-1.5206409502507354,69.05375356433386,2.9304359733265635,89.03054282944663,-1.747798760292633,69.3329731292374,0.35995032447263353
PedNYC17,PedNYC17_scenario21,21,6.0,-1.4877878388845194,68.67722865676733,2.8354382228488264,87.41678931409795,-1.7365755535379133,69.11983897989869,0.5077393279084329
PedNYC17,PedNYC17_scenario21,21,7.0,-1.4305344394497843,68.32081438873969,2.799345325775458,85.91973331058871,-1.7330047171810947,68.90689538623847,0.6595295327277048
PedNYC17,PedNYC17_scenario21,21,8.0,-1.421726793229517,67.95929505049503,2.7592814180235803,84.53306485086813,-1.734178519696201,68.67310029293871,0.7791944593694807
PedNYC17,PedNYC17_scenario21,21,9.0,-1.4528820865819243,67.50723420876224,2.691810192299538,83.25035334995815,-1.729664786041388,68.4404409422859,0.9733876258788018
PedNYC17,PedNYC17_scenario21,21,10.0,-1.4872524216735434,66.86326322183648,2.6022595391312784,82.06438251746458,-1.714501195148898,68.20996503885166,1.365740747359491
PedNYC17,PedNYC17_scenario21,21,11.0,-1.4999340901356664,66.28287865424394,2.5094504694262647,80.96625208624896,-1.7093786353686158,67.95872061496786,1.6888793014454326
PedNYC17,PedNYC17_scenario21,21,12.0,-1.5115640585525458,65.69087333855668,2.4297874999280697,79.94901724596986,-1.7105148648709003,67.71371106683303,2.0325978200994217
PedNYC17,PedNYC17_scenario21,21,13.0,-1.5225524317154355,65.15187644552246,2.355151894936767,79.0065293451043,-1.701620808899189,67.45744478136365,2.3125118021192286
PedNYC17,PedNYC17_scenario21,21,14.0,-1.5578157637817622,64.60709156783088,2.2910892613559795,78.13300776589907,-1.698685724636741,67.19825912923983,2.5949939647654863
PedNYC17,PedNYC17_scenario21,21,15.0,-1.658346510277839,63.92804578612268,2.2344013746783937,77.31977926392979,-1.6959252536032763,66.92561931432473,2.9978090697920754
PedNYC17,PedNYC17_scenario21,21,16.0,-1.725039938494345,63.33876233067803,2.1835456883438566,76.50899697555977,-1.6865739244722937,66.67475642194377,3.33621585200878
PedNYC17,PedNYC17_scenario21,21,17.0,-1.7761847132878665,62.788301534145354,2.139355058144884,75.62947934666504,-1.6878849387447674,66.42719810274986,3.639967731613287
PedNYC17,PedNYC17_scenario21,21,18.0,-1.8169839646540533,62.370602880205425,2.0989045382356966,74.60061636684704,-1.6928475003298016,66.19560740917889,3.8270183574739294
PedNYC17,PedNYC17_scenario21,21,19.0,-1.893252335799612,61.92130944799438,2.0611826092498764,73.40333539952351,-1.691696157566123,65.95459758567938,4.038321197549127
PedNYC17,PedNYC17_scenario21,21,20.0,-2.030370467351271,61.39530565602301,2.0239026886276714,72.1954604084263,-1.691040003484116,65.71870393749454,4.33669434753468
PedNYC17,PedNYC17_scenario21,21,21.0,-2.129103149877285,61.02361787432533,1.9768558829722989,71.06742443400141,-1.7028991624407648,65.4971993169833,4.493838088204839
PedNYC17,PedNYC17_scenario21,21,22.0,-2.316594438513335,60.68946123283095,1.9269001079575314,70.0842223619992,-1.7232685253583613,65.26848722599237,4.6173059986608145
PedNYC17,PedNYC17_scenario21,21,23.0,-2.475290274053651,60.389335756285334,1.9059093608739932,69.68566293745842,-1.730421229300475,65.03644162310239,4.706423571167073
PedNYC17,PedNYC17_scenario21,21,24.0,-2.5763779508488494,60.22872273203218,1.9058495368949246,69.68416492415099,-1.7326844632821083,64.8256955527612,4.6737541458108245
PedNYC17,PedNYC17_scenario21,21,25.0,-2.7118740217649386,60.09608224370967,1.9058643671842537,69.68450169253991,-1.7612884374855875,64.6329153428684,4.635349773497353
PedNYC17,PedNYC17_scenario21,21,26.0,-2.8729377106230447,59.818403613408584,1.9053761207607385,69.67256263311857,-1.7990657116677642,64.4404599811152,4.745166607865045
PedNYC17,PedNYC17_scenario21,21,27.0,-2.964995569862761,59.40910565570086,1.9009442870131716,69.56529369699643,-1.826652969619971,64.24456602224824,4.96764540119139
PedNYC17,PedNYC17_scenario21,21,28.0,-2.9617122164034826,58.90991047651498,1.8903592293319817,69.30458041808151,-1.8429115196989831,64.05009084300737,5.2605293649042855
PedNYC17,PedNYC17_scenario21,21,29.0,-3.0200565551082357,58.26250400231633,1.8743822826849512,68.8597369007818,-1.8680852622162605,63.87003610557126,5.724635721919945
PedNYC17,PedNYC17_scenario21,21,30.0,-3.05201595240404,57.56203093083896,1.854370655639868,68.21515494984853,-1.8991914746182001,63.68540769192777,6.2309507488684845
PedNYC17,PedNYC17_scenario21,21,31.0,-3.0899849979587586,56.82359006319213,1.8326447424385934,67.37119199824627,-1.9244018579729016,63.49504565842647,6.77251089444697
PedNYC17,PedNYC17_scenario21,21,32.0,-3.0397883594498682,56.222917467837156,1.810714590347303,66.34746868268412,-1.9388502000199235,63.30721317825131,7.169331247995267
PedNYC17,PedNYC17_scenario21,21,33.0,-2.993569236430124,55.82431608081104,1.7770362302271168,65.30377029633857,-1.9497110775541249,63.131974681071775,7.381836768299385
PedNYC17,PedNYC17_scenario21,21,34.0,-2.9291192896717675,55.35395580334511,1.7268397670088225,64.43610028943716,-1.9638288600748472,62.95713407603772,7.66420938256624
PedNYC17,PedNYC17_scenario21,21,35.0,-2.79935864003851,54.899396266016204,1.7075882558251771,64.2208646228056,-1.976875437050742,62.77561340886013,7.919045087662122
PedNYC17,PedNYC17_scenario21,21,36.0,-2.677700326387208,54.443071410458835,1.7075503279596975,64.2201919555664,-1.9806681022861308,62.58636645574973,8.173072134521668
PedNYC17,PedNYC17_scenario21,21,37.0,-2.5995524992713914,54.01161959897493,1.7074405796733798,64.2189995049585,-1.9875194231117008,62.39356349844064,8.404258921529246
PedNYC17,PedNYC17_scenario21,21,38.0,-2.510110816677331,53.633217430790914,1.7003215481646274,64.13825525534362,-1.996107785750097,62.1974923280324,8.579685520537632
PedNYC17,PedNYC17_scenario21,21,39.0,-2.3708929496888755,53.10641201687599,1.676840698903772,63.878524851929214,-2.005058859194586,61.9754391700128,8.876569000737037
PedNYC17,PedNYC17_scenario21,21,40.0,-2.2687853792583192,52.695934957417506,1.6319585918185333,63.418717577720294,-2.014765555831237,61.75564211260331,9.063267612093268
PedNYC17,PedNYC17_scenario21,21,41.0,-2.1335684307017226,52.48450485424712,1.5595093636966677,62.753168086832815,-2.023002631829535,61.54150948442543,9.057679485770715
PedNYC17,PedNYC17_scenario21,21,42.0,-2.103837716110001,52.284448248949204,1.4501381889960758,61.88822753617871,-2.0282745446250225,61.3152058821016,9.031073757955095
PedNYC17,PedNYC17_scenario21,21,43.0,-2.056837753447991,52.03169394946594,1.277684945921462,60.89779020453636,-2.0341908489877274,61.08861519498951,9.056949559862737
PedNYC17,PedNYC17_scenario21,21,44.0,-2.0543914441531497,51.906505725945024,1.0120456666613802,59.9725326543203,-2.0475315707889035,60.864360700598525,8.957857601278725
PedNYC17,PedNYC17_scenario21,21,45.0,-2.0682806154943076,51.86937345439154,0.7409920430277915,59.35222166576204,-2.073350900989988,60.63840820183235,8.769036213268778
PedNYC17,PedNYC17_scenario21,21,46.0,-2.0815776126905874,51.85382568979594,0.6614515570551731,59.21420221611823,-2.089057810505804,60.4111279305209,8.557305510058393
PedNYC17,PedNYC17_scenario21,21,47.0,-2.0841156964841585,51.835943098167505,0.6610514940793066,59.2135962646377,-2.084047468677665,60.18267849712839,8.346735399239742
PedNYC17,PedNYC17_scenario21,21,48.0,-2.079169768090421,51.8262440816016,0.6610467811318297,59.21358659622204,-2.0969932581660817,59.95361459827399,8.127390060288361
PedNYC17,PedNYC17_scenario21,21,49.0,-2.0682058043197573,51.81804738830102,0.6567496386636397,59.2070516241731,-2.1280210868134297,59.72510909821509,7.907287951782778
PedNYC17,PedNYC17_scenario21,21,50.0,-2.069308288346148,51.79654705363397,0.6078192234065,59.13208294874226,-2.1415726242359976,59.50820528941491,7.711996815334507
PedNYC17,PedNYC17_scenario21,21,51.0,-2.0606852634606194,51.75721858431122,0.4646509957066377,58.93907905950324,-2.1511988329233893,59.29022030652531,7.533545490214911
PedNYC17,PedNYC17_scenario21,21,52.0,-2.060511848162759,51.742048760864854,0.20705190416505773,58.644879935094735,-2.169277852319524,59.07241554195519,7.331173656991962
PedNYC17,PedNYC17_scenario21,21,53.0,-2.0548900661471254,51.740568033360745,-0.08528658495768054,58.371685670474555,-2.191041779263107,58.8553537433938,7.1160883207472185
PedNYC17,PedNYC17_scenario21,21,54.0,-2.0522104991490875,51.76502933045326,-0.3201775976195698,58.191084684397715,-2.197121118848999,58.641038644652404,6.877536126888408
PedNYC17,PedNYC17_scenario21,21,55.0,-2.0622062975326774,51.79547421295273,-0.35139107444440637,58.171609538697055,-2.193226298117283,58.432645701371136,6.638464551929712
PedNYC17,PedNYC17_scenario21,21,56.0,-2.0681258534686604,51.809325754523,-0.3515984030151789,58.171488832342874,-2.2068897287829405,58.21921562505987,6.411391702704129
PedNYC17,PedNYC17_scenario21,21,57.0,-2.066919904783378,51.814356570816294,-0.35158760667067096,58.171580984766734,-2.228612065711436,58.00478344553898,6.192538190935483
PedNYC17,PedNYC17_scenario21,21,58.0,-2.0654842915315217,51.81480002864243,-0.3514401259770781,58.17173362239243,-2.2415834951305857,57.79468855910969,5.982480903966353
PedNYC17,PedNYC17_scenario21,21,59.0,-2.0667783769197916,51.81266668786991,-0.3661203072194604,58.16289411366437,-2.248649494784993,57.57713523854753,5.767336887616752
PedNYC17,PedNYC17_scenario21,21,60.0,-2.070921398527243,51.8098959325659,-0.4751947522663098,58.09982917696463,-2.2538043295640473,57.363200272204615,5.556314898843908
PedNYC17,PedNYC17_scenario21,21,61.0,-2.073273519107766,51.80407686375983,-0.7209188133137857,57.97418860311038,-2.2505066610104407,57.16284960897824,5.361702800555467
PedNYC17,PedNYC17_scenario21,21,62.0,-2.0753907837241368,51.79955189187625,-1.079423618989971,57.8243546949443,-2.2605093636601685,56.972795548860645,5.176554725217037
PedNYC17,PedNYC17_scenario21,21,63.0,-2.074019490205957,51.79848931094085,-1.4712293877482427,57.70401460634425,-2.26960668010071,56.780389537604606,4.985738081496389
PedNYC17,PedNYC17_scenario21,21,64.0,-2.0725087105446627,51.80123634272203,-1.941818143865107,57.617297184090475,-2.2695786202796047,56.595322650115136,4.7981350618815455
PedNYC17,PedNYC17_scenario21,21,65.0,-2.0791634028187236,51.80152957928392,-2.5532968476724887,57.57004141251492,-2.270678576491046,56.426068018985625,4.628502332507287
PedNYC17,PedNYC17_scenario21,21,66.0,-2.0968668467813245,51.79939352165091,-3.3566748749253867,57.55241158737515,-2.269968189868403,56.26084748465528,4.46481080662842
PedNYC17,PedNYC17_scenario21,21,67.0,-2.1042831519948257,51.797471768880946,-4.373057174064714,57.51705346834366,-2.2697517160711307,56.08408935831554,4.289810042851257
PedNYC17,PedNYC17_scenario21,21,68.0,-2.1076735217646414,51.797872001704235,-5.447604015735413,57.43793865001738,-2.2753815514399096,55.920450356775795,4.125988157632314
PedNYC17,PedNYC17_scenario21,21,69.0,-2.1152817392333256,51.79965436798729,-6.455018966960046,57.32840314247239,-2.2880545685634845,55.76000780077323,3.9641203012943684
PedNYC17,PedNYC17_scenario21,21,70.0,-2.121263839206791,51.801970322314105,-7.390225879830785,57.22957897278191,-2.294843945041439,55.60877824269272,3.8107632563305396
PedNYC17,PedNYC17_scenario21,21,71.0,-2.121154197288782,51.80727657664254,-8.258308793139076,57.16913762232296,-2.2947883799553486,55.46705233267817,3.6638923856817143
PedNYC17,PedNYC17_scenario21,21,72.0,-2.1167511928237763,51.81705046413307,-9.098643156888402,57.143087047673966,-2.3021287801758152,55.31677505852195,3.504630806014076
PedNYC17,PedNYC17_scenario21,21,73.0,-2.1177280302087476,51.822683840619426,-10.025079126189912,57.13805199040413,-2.3145414002942717,55.18287569694167,3.365950803850044
PedNYC17,PedNYC17_scenario21,21,74.0,-2.1030839854871166,51.82287904052793,-11.074768978089491,57.1403268408202,-2.3261289988622824,55.05534571272295,3.2401527533193706
PedNYC17,PedNYC17_scenario21,21,75.0,-2.0528443159471803,51.80119866206407,-12.216804991065878,57.13124721151003,-2.3395481029360004,54.92642134327374,3.1383460402927357
PedNYC17,PedNYC17_scenario21,21,76.0,-2.0123398619866792,51.745351372192765,-13.385543788666146,57.11279872383687,-2.351323034633274,54.809563038522455,3.0829049170236384
PedNYC17,PedNYC17_scenario21,21,77.0,-2.0190213436839577,51.736944806925045,-14.503648021403613,57.103712692036474,-2.359643043079823,54.68348034555226,2.966158259852719
PedNYC17,PedNYC17_scenario21,21,78.0,-2.029035822637006,51.79055189354748,-15.607328782025547,57.113166881306135,-2.364647823633431,54.56858272927498,2.7982299296994255
PedNYC17,PedNYC17_scenario21,21,79.0,-2.0449361242278963,51.831923769945114,-16.788924489030897,57.13714790478559,-2.3683877302409266,54.437539623172306,2.625615150021282
PedNYC17,PedNYC17_scenario21,21,80.0,-2.0792060526118403,51.842993725028045,-18.099458407725248,57.17525134589625,-2.363749903912617,54.31233747388921,2.4856837597234254
PedNYC17,PedNYC17_scenario21,21,81.0,-2.120350037562708,51.83915972069578,-19.56253233239653,57.231989631258095,-2.357570062568436,54.20082157935562,2.373545886413901
PedNYC17,PedNYC17_scenario21,21,82.0,-2.1426296422503595,51.82659826990082,-21.170799345131936,57.30613385243147,-2.3588693522693336,54.07759073823681,2.261355059404522
PedNYC17,PedNYC17_scenario21,21,83.0,-2.1435660008028,51.809897011532264,-22.901732466339443,57.36130661833902,-2.3607271994155945,53.97038175732655,2.171371300121825
PedNYC17,PedNYC17_scenario21,21,84.0,-2.1346790881246926,51.74820548087984,-24.65815086552978,57.35759623133612,-2.351357278926944,53.853348048367444,2.1162643189870303
PedNYC17,PedNYC17_scenario21,21,85.0,-2.145674472592098,51.61058334935564,-26.37081273252895,57.33084146069809,-2.3337644886605724,53.74060284997639,2.1383079589173533
PedNYC17,PedNYC17_scenario21,21,86.0,-2.1592981852139164,51.48341278565207,-28.00039350315565,57.316538435290965,-2.317310858251487,53.63163976247636,2.154030442866606
PedNYC17,PedNYC17_scenario21,21,87.0,-2.1280181638774383,51.3956347333936,-29.476034961935106,57.330029928646546,-2.304096794375246,53.532144124650166,2.1437527989592198
PedNYC17,PedNYC17_scenario21,21,88.0,-2.0473350430784905,51.2898203360823,-30.48147926933507,57.35165956132487,-2.2849930895089425,53.44273811875156,2.1659954584362993
PedNYC17,PedNYC17_scenario21,21,89.0,-1.9978928472252193,51.24190091706278,-30.73109403602325,57.35651228648475,-2.2652136843913655,53.3573688589584,2.132291031536576
PedNYC17,PedNYC17_scenario21,21,90.0,-1.9471902930383604,51.17065983580666,-30.73215983221674,57.35655212402344,-2.2498123757653476,53.27411724062558,2.1251148625054506
PedNYC17,PedNYC17_scenario21,21,91.0,-1.9550671191888027,51.167208693143316,-30.732336738880104,57.35655975341797,-2.2469028274449068,53.204574446245296,2.0581611434788436
PedNYC17,PedNYC17_scenario21,21,92.0,-1.9704748117473372,51.18523390243489,-30.732345581054688,57.35655975341797,-2.24088747851782,53.13506061692246,1.9684885640712575
PedNYC17,PedNYC17_scenario21,21,93.0,-1.9655138724574746,51.18369501611317,-30.73235755071975,57.35655975341797,-2.233954290090036,53.06838784374048,1.9037140836608255
PedNYC17,PedNYC17_scenario21,21,94.0,-1.931159359641009,51.16624288950956,-30.732383261259642,57.35655971282947,-2.2237956508195387,53.00834053367193,1.8651969680286478
PedNYC17,PedNYC17_scenario21,21,95.0,-1.8796701246469745,51.176542670354195,-30.732325995072348,57.356557720018394,-2.2063540095778302,52.95125301377824,1.8045274073091315
PedNYC17,PedNYC17_scenario21,21,96.0,-1.9194172874382887,51.24291648941501,-30.73220269083577,57.35655975341797,-2.1933332995411763,52.896117026501116,1.6757392391145296
PedNYC17,PedNYC17_scenario21,21,97.0,-2.0252153005272855,51.29534480926508,-30.73209381103516,57.35655975341797,-2.1877621883656873,52.852530737306374,1.5656466731787766
PedNYC17,PedNYC17_scenario21,21,98.0,-2.0978731814952845,51.33516797841101,-30.732153585174036,57.35655975341797,-2.187651720080178,52.813528703133805,1.481084271199095
PedNYC17,PedNYC17_scenario21,21,99.0,-2.091488121490637,51.353849723730384,-30.732150775380916,57.35655975341797,-2.1883941165027183,52.79574136491756,1.4451443792212355
PedNYC17,PedNYC17_scenario21,21,100.0,-2.033421039581299,51.37774658203125,-30.73222541809082,57.35655975341797,-2.175133762359619,52.89806213378906,1.526905980312443
PedNYC18,PedNYC18_scenario21,21,0.0,-1.856460690498352,70.17987823486328,3.5801877975463867,87.34068298339844,-1.825302419839082,70.10194651285808,0.083929679644168
PedNYC18,PedNYC18_scenario21,21,1.0,-1.8494724196024994,70.11681639217099,3.5555183761801246,86.604327492679,-1.8171673414183962,70.00257768621032,0.11871857485688665
PedNYC18,PedNYC18_scenario21,21,2.0,-1.854585099200288,70.00815438373547,3.532670615572485,85.87210989043186,-1.8065296691854325,69.86694406997819,0.1491632564184066
PedNYC18,PedNYC18_scenario21,21,3.0,-1.8618154266733336,69.89795983783173,3.5115109659590757,85.13401681428167,-1.7865015493999776,69.71520258524953,0.19766738092397157
PedNYC18,PedNYC18_scenario21,21,4.0,-1.8605981925139083,69.76733599117193,3.4929151367111766,84.38089603149808,-1.766365213034811,69.53404823318081,0.2516009388894086
PedNYC18,PedNYC18_scenario21,21,5.0,-1.8450294404470955,69.6388335610368,3.478113699122968,83.60936863148042,-1.747798760292633,69.3329731292374,0.3209429994622352
PedNYC18,PedNYC18_scenario21,21,6.0,-1.814082527297706,69.49909150866561,3.467816051840497,82.81687894669302,-1.7365755535379133,69.11983897989869,0.38709147698897933
PedNYC18,PedNYC18_scenario21,21,7.0,-1.7913605842963378,69.36541145371766,3.4623106381644084,82.00068828566955,-1.7330047171810947,68.90689538623847,0.46221465939901196
PedNYC18,PedNYC18_scenario21,21,8.0,-1.7800798493440413,69.20524741773394,3.462097031894036,81.16073669758156,-1.734178519696201,68.67310029293871,0.5341231079922213
PedNYC18,PedNYC18_scenario21,21,9.0,-1.7823665546005434,69.0535974657443,3.4672680440905723,80.29746671623455,-1.729664786041388,68.4404409422859,0.6154172557451201
PedNYC18,PedNYC18_scenario21,21,10.0,-1.7909929961936928,68.90707230724182,3.476719158986668,79.40906764381927,-1.714501195148898,68.20996503885166,0.7012913369416883
PedNYC18,PedNYC18_scenario21,21,11.0,-1.7927874277503688,68.74598359339788,3.4872871178870595,78.49427850177213,-1.7093786353686158,67.95872061496786,0.7916691378682708
PedNYC18,PedNYC18_scenario21,21,12.0,-1.782842784036653,68.57574002608675,3.497443627871418,77.55407274938285,-1.7105148648709003,67.71371106683303,0.8650579486270848
PedNYC18,PedNYC18_scenario21,21,13.0,-1.7673138871579102,68.43019499223648,3.507385586969261,76.58566288050307,-1.701620808899189,67.45744478136365,0.9749659241656833
PedNYC18,PedNYC18_scenario21,21,14.0,-1.7504358336410841,68.29796057715092,3.5172952385661223,75.59027149949344,-1.698685724636741,67.19825912923983,1.1009184112910926
PedNYC18,PedNYC18_scenario21,21,15.0,-1.739193309084121,68.03696378943731,3.5286356681051645,74.56611488544675,-1.6959252536032763,66.92561931432473,1.1121864353553033
PedNYC18,PedNYC18_scenario21,21,16.0,-1.74199512355273,67.8731139668882,3.542244293644726,73.5154435745039,-1.6865739244722937,66.67475642194377,1.199638410035604
PedNYC18,PedNYC18_scenario21,21,17.0,-1.7505696872170542,67.67075572752617,3.558080467034074,72.43869724030625,-1.6878849387447674,66.42719810274986,1.2451365161420431
PedNYC18,PedNYC18_scenario21,21,18.0,-1.7518112063804268,67.50035755584676,3.5756354523140508,71.34209062834381,-1.6928475003298016,66.19560740917889,1.3060817983040172
PedNYC18,PedNYC18_scenario21,21,19.0,-1.7432613094839207,67.3080176463197,3.594240416356333,70.25216000155476,-1.691696157566123,65.95459758567938,1.3544020176579576
PedNYC18,PedNYC18_scenario21,21,20.0,-1.7314327342409486,67.14227826336945,3.6126356558677752,69.18877786546989,-1.691040003484116,65.71870393749454,1.4241472655551453
PedNYC18,PedNYC18_scenario21,21,21.0,-1.7278351121984976,66.95954330813854,3.6292578184423046,68.1598905933969,-1.7028991624407648,65.4971993169833,1.4625565801219955
PedNYC18,PedNYC18_scenario21,21,22.0,-1.7375337935059274,66.75833591960813,3.6410028630802973,67.16547162834276,-1.7232685253583613,65.26848722599237,1.4899169868633269
PedNYC18,PedNYC18_scenario21,21,23.0,-1.7551698412088368,66.56126585236063,3.641224293211896,66.20467013989278,-1.730421229300475,65.03644162310239,1.5250250568185384
PedNYC18,PedNYC18_scenario21,21,24.0,-1.7638093987700925,66.38565516210988,3.6298723073461177,65.27837959853149,-1.7326844632821083,64.8256955527612,1.5602700870068684
PedNYC18,PedNYC18_scenario21,21,25.0,-1.763099309930157,66.24025711819311,3.607994275615653,64.39123406838524,-1.7612884374855875,64.6329153428684,1.6073427954120458
PedNYC18,PedNYC18_scenario21,21,26.0,-1.7484509838057096,66.04460716457116,3.577982315356766,63.61062866245312,-1.7990657116677642,64.4404599811152,1.6049454934253229
PedNYC18,PedNYC18_scenario21,21,27.0,-1.737597687503747,65.8257685354298,3.5430593434496727,62.98076557463883,-1.826652969619971,64.24456602224824,1.5837083793945463
PedNYC18,PedNYC18_scenario21,21,28.0,-1.738176526993162,65.65043879957895,3.5049804431263416,62.50694705688646,-1.8429115196989831,64.05009084300737,1.6037714927008544
PedNYC18,PedNYC18_scenario21,21,29.0,-1.7489655799365267,65.48187551173964,3.4685240230385896,62.19118593006108,-1.8680852622162605,63.87003610557126,1.6162350602507296
PedNYC18,PedNYC18_scenario21,21,30.0,-1.7664085864917958,65.27374174622977,3.4425532211086196,62.02438271638476,-1.8991914746182001,63.68540769192777,1.5938746385568177
PedNYC18,PedNYC18_scenario21,21,31.0,-1.7715274157752658,65.07095022911517,3.4359272368502842,61.98886820048085,-1.9244018579729016,63.49504565842647,1.5833021856218013
PedNYC18,PedNYC18_scenario21,21,32.0,-1.7670526388248482,64.86853889253568,3.4358756720054675,61.98838528550029,-1.9388502000199235,63.30721317825131,1.570748989532758
PedNYC18,PedNYC18_scenario21,21,33.0,-1.764374771377553,64.66423007118595,3.4358049826297283,61.988120998581955,-1.9497110775541249,63.131974681071775,1.543423508607127
PedNYC18,PedNYC18_scenario21,21,34.0,-1.7700329084151707,64.46131964861986,3.4358291987322227,61.988253390813014,-1.9638288600748472,62.95713407603772,1.5166183131045052
PedNYC18,PedNYC18_scenario21,21,35.0,-1.7787513824879158,64.27620495206683,3.4357584690073404,61.988033308096824,-1.976875437050742,62.77561340886013,1.5136142575107725
PedNYC18,PedNYC18_scenario21,21,36.0,-1.7912393787337342,64.09537944652985,3.433883317807311,61.97955895723871,-1.9806681022861308,62.58636645574973,1.5208561561337204
PedNYC18,PedNYC18_scenario21,21,37.0,-1.8014512472560695,63.90521397935119,3.4275038183303677,61.949894173195325,-1.9875194231117008,62.39356349844064,1.5230589425571581
PedNYC18,PedNYC18_scenario21,21,38.0,-1.8038226698263171,63.70862990584286,3.4145527303413012,61.889948157372345,-1.996107785750097,62.1974923280324,1.523322140873913
PedNYC18,PedNYC18_scenario21,21,39.0,-1.8214938525734043,63.47867603503939,3.391994365964103,61.79233718595937,-2.005058859194586,61.9754391700128,1.514403243535491
PedNYC18,PedNYC18_scenario21,21,40.0,-1.8505133405046532,63.25635277906277,3.35396344640925,61.65209306020829,-2.014765555831237,61.75564211260331,1.5096725786291847
PedNYC18,PedNYC18_scenario21,21,41.0,-1.889188297465444,63.013972120066285,3.2978809582915387,61.47111269406107,-2.023002631829535,61.54150948442543,1.4785305169118796
PedNYC18,PedNYC18_scenario21,21,42.0,-1.9217189068508476,62.78939294998726,3.223989767130849,61.25999088545029,-2.0282745446250225,61.3152058821016,1.4780330223180997
PedNYC18,PedNYC18_scenario21,21,43.0,-1.938604365049782,62.58221509831499,3.134813250330167,61.035238367307116,-2.0341908489877274,61.08861519498951,1.496655420304055
PedNYC18,PedNYC18_scenario21,21,44.0,-1.9442954860426596,62.355199782409024,3.034780693020881,60.81442259771601,-2.0475315707889035,60.864360700598525,1.494409200000892
PedNYC18,PedNYC18_scenario21,21,45.0,-1.9557524439037743,62.142093927887444,2.9260916168792295,60.60642549917823,-2.073350900989988,60.63840820183235,1.5082772158495596
PedNYC18,PedNYC18_scenario21,21,46.0,-1.9816965768777444,61.92978228873034,2.8106029577909495,60.41432654496022,-2.089057810505804,60.4111279305209,1.5224445783655514
PedNYC18,PedNYC18_scenario21,21,47.0,-2.014287837120254,61.73916212458195,2.690782714858881,60.2379650523135,-2.084047468677665,60.18267849712839,1.5580461125159346
PedNYC18,PedNYC18_scenario21,21,48.0,-2.0372011312890628,61.52262779558209,2.5757336496130376,60.085243066325546,-2.0969932581660817,59.95361459827399,1.5701520664456268
PedNYC18,PedNYC18_scenario21,21,49.0,-2.031695463250021,61.3500825067721,2.4888775439189637,59.97940348165296,-2.1280210868134297,59.72510909821509,1.6278259133802508
PedNYC18,PedNYC18_scenario21,21,50.0,-2.017793633066744,61.15785167115233,2.4583892824735747,59.94413757305836,-2.1415726242359976,59.50820528941491,1.6542836586976966
PedNYC18,PedNYC18_scenario21,21,51.0,-2.017598909166632,60.97819874171762,2.4582522391494575,59.94399258013679,-2.1511988329233893,59.29022030652531,1.6932572566807675
PedNYC18,PedNYC18_scenario21,21,52.0,-2.027500016848977,60.791420741628116,2.458049679587168,59.943821942624645,-2.169277852319524,59.07241554195519,1.7248419728001974
PedNYC18,PedNYC18_scenario21,21,53.0,-2.047364161822535,60.563133480974436,2.457947475650969,59.943729233584136,-2.191041779263107,58.8553537433938,1.713812968163209
PedNYC18,PedNYC18_scenario21,21,54.0,-2.069309787344225,60.32298375069406,2.4579042317292603,59.94370390584861,-2.197121118848999,58.641038644652404,1.6867943194706607
PedNYC18,PedNYC18_scenario21,21,55.0,-2.087859678293561,60.12211351868886,2.4578892155458063,59.94369276611355,-2.193226298117283,58.432645701371136,1.692750315411402
PedNYC18,PedNYC18_scenario21,21,56.0,-2.107732380081824,59.945199638615975,2.4578844152328854,59.94368743896485,-2.2068897287829405,58.21921562505987,1.7288299496632644
PedNYC18,PedNYC18_scenario21,21,57.0,-2.114161032944966,59.76926505605447,2.4578826712432424,59.94369125366211,-2.228612065711436,58.00478344553898,1.7681895805452097
PedNYC18,PedNYC18_scenario21,21,58.0,-2.1230459066275227,59.5875026539642,2.4578818414916888,59.94368987768537,-2.2415834951305857,57.79468855910969,1.7967285656428826
PedNYC18,PedNYC18_scenario21,21,59.0,-2.138409013605739,59.39023493760114,2.457881621642224,59.94368743896485,-2.248649494784993,57.57713523854753,1.8164480401043535
PedNYC18,PedNYC18_scenario21,21,60.0,-2.165372115317503,59.184967296857735,2.457881689071656,59.943695068359375,-2.2538043295640473,57.363200272204615,1.8239121000284055
PedNYC18,PedNYC18_scenario21,21,61.0,-2.182445125702424,58.98243608343065,2.45788166040691,59.94369125366211,-2.2505066610104407,57.16284960897824,1.8208589485730697
PedNYC18,PedNYC18_scenario21,21,62.0,-2.187485120950262,58.77449987410951,2.457881689071656,59.94368760587842,-2.2605093636601685,56.972795548860645,1.8031835779098637
PedNYC18,PedNYC18_scenario21,21,63.0,-2.1853464905696205,58.56973871776311,2.457881689071656,59.94368743896485,-2.26960668010071,56.780389537604606,1.7913319815360083
PedNYC18,PedNYC18_scenario21,21,64.0,-2.196524340032392,58.3573954189885,2.4578818989901086,59.94369461235736,-2.2695786202796047,56.595322650115136,1.7635865078491304
PedNYC18,PedNYC18_scenario21,21,65.0,-2.2190213514328514,58.14939383135972,2.457881689071656,59.94369431891746,-2.270678576491046,56.426068018985625,1.7240998592006027
PedNYC18,PedNYC18_scenario21,21,66.0,-2.245292748507839,57.93842203292488,2.457881689071656,59.94369125366211,-2.269968189868403,56.26084748465528,1.6777560139687488
PedNYC18,PedNYC18_scenario21,21,67.0,-2.259635003365346,57.731184016423285,2.457881689071656,59.94369125366211,-2.2697517160711307,56.08408935831554,1.6471257270296786
PedNYC18,PedNYC18_scenario21,21,68.0,-2.2671672781315197,57.52347120444918,2.457881689071656,59.94369125366211,-2.2753815514399096,55.920450356775795,1.6030418935141657
PedNYC18,PedNYC18_scenario21,21,69.0,-2.269595055933301,57.31127372106922,2.457881689071656,59.94369125366211,-2.2880545685634845,55.76000780077323,1.5513757472251226
PedNYC18,PedNYC18_scenario21,21,70.0,-2.2848535835159027,57.10263845122141,2.457881689071656,59.94368971883787,-2.294843945041439,55.60877824269272,1.4938936139995993
PedNYC18,PedNYC18_scenario21,21,71.0,-2.3085941961029164,56.925312233315864,2.4578815275639356,59.94368743896485,-2.2947883799553486,55.46705233267817,1.4583252512273635
PedNYC18,PedNYC18_scenario21,21,72.0,-2.349404130334243,56.70893397505306,2.457881689071656,59.94369125366211,-2.3021287801758152,55.31677505852195,1.392961380516227
PedNYC18,PedNYC18_scenario21,21,73.0,-2.379870098177243,56.514988736282376,2.457881689071656,59.94369125366211,-2.3145414002942717,55.18287569694167,1.3337139829620945
PedNYC18,PedNYC18_scenario21,21,74.0,-2.402138604935809,56.30248589807627,2.457821332789374,59.94366329784948,-2.3261289988622824,55.05534571272295,1.2494543217495218
PedNYC18,PedNYC18_scenario21,21,75.0,-2.4176077590033707,56.10040314585653,2.4577765463683368,59.9436569212725,-2.3395481029360004,54.92642134327374,1.1765740872129147
PedNYC18,PedNYC18_scenario21,21,76.0,-2.430057791752709,55.9532742852266,2.457803749484941,59.9436880204849,-2.351323034633274,54.809563038522455,1.1464181513811622
PedNYC18,PedNYC18_scenario21,21,77.0,-2.449195760996911,55.71793390201087,2.4578138127404405,59.94371675544649,-2.359643043079823,54.68348034555226,1.0383226135244288
PedNYC18,PedNYC18_scenario21,21,78.0,-2.4762502464901344,55.53691553130648,2.4573072705675933,59.94329400365468,-2.364647823633431,54.56858272927498,0.9747427949349805
PedNYC18,PedNYC18_scenario21,21,79.0,-2.4993873959635695,55.372540828357494,2.450030241730822,59.93579124911356,-2.3683877302409266,54.437539623172306,0.944133553114811
PedNYC18,PedNYC18_scenario21,21,80.0,-2.5176796490436413,55.163821657179824,2.4257681214106133,59.91059055231058,-2.363749903912617,54.31233747388921,0.8652858954300532
PedNYC18,PedNYC18_scenario21,21,81.0,-2.518623826139284,54.967981538350436,2.376624574445498,59.86304051514454,-2.357570062568436,54.20082157935562,0.7838831019005731
PedNYC18,PedNYC18_scenario21,21,82.0,-2.5097682503239,54.78003837448022,2.298255567205379,59.79269983123132,-2.3588693522693336,54.07759073823681,0.7184727963521239
PedNYC18,PedNYC18_scenario21,21,83.0,-2.5029269278572217,54.58598985005638,2.189055154093741,59.700615608310734,-2.3607271994155945,53.97038175732655,0.6318180803074017
PedNYC18,PedNYC18_scenario21,21,84.0,-2.4979156597210914,54.357767066323255,2.0473920934031473,59.58992663386499,-2.351357278926944,53.853348048367444,0.525278882743736
PedNYC18,PedNYC18_scenario21,21,85.0,-2.488062000770364,54.15883536469929,1.8701324190252355,59.466407759408675,-2.3337644886605724,53.74060284997639,0.44578712253127495
PedNYC18,PedNYC18_scenario21,21,86.0,-2.47102925533525,53.97707331545461,1.6518815598172711,59.336598878928854,-2.317310858251487,53.63163976247636,0.3780921648555794
PedNYC18,PedNYC18_scenario21,21,87.0,-2.4361140447603145,53.803611258577774,1.3862429990135192,59.20754298540188,-2.304096794375246,53.532144124650166,0.3018657966747868
PedNYC18,PedNYC18_scenario21,21,88.0,-2.3863479393314586,53.63604291793634,1.0668497523808491,59.08773706484951,-2.2849930895089425,53.44273811875156,0.21826486425994032
PedNYC18,PedNYC18_scenario21,21,89.0,-2.3406241706233835,53.501277079613736,0.6867517522514524,58.97889346593959,-2.2652136843913655,53.3573688589584,0.16246943529763863
PedNYC18,PedNYC18_scenario21,21,90.0,-2.2933641177879993,53.35403974817272,0.2402121331750921,58.87967739274342,-2.2498123757653476,53.27411724062558,0.09101846760866715
PedNYC18,PedNYC18_scenario21,21,91.0,-2.253397475828282,53.20122964324032,-0.2751242412357692,58.793816628181766,-2.2469028274449068,53.204574446245296,0.007305351789324935
PedNYC18,PedNYC18_scenario21,21,92.0,-2.216272618261409,53.08249731023402,-0.8618205899997462,58.724654267582416,-2.24088747851782,53.13506061692246,0.05804130042879581
PedNYC18,PedNYC18_scenario21,21,93.0,-2.163266349157474,52.9699907301166,-1.518223784664495,58.67452564718304,-2.233954290090036,53.06838784374048,0.12115600258673341
PedNYC18,PedNYC18_scenario21,21,94.0,-2.0931999675544777,52.869284983239574,-2.241019060035609,58.649996581593385,-2.2237956508195387,53.00834053367193,0.19076603102626208
PedNYC18,PedNYC18_scenario21,21,95.0,-2.0286945947772645,52.779942389258814,-3.028825400681532,58.64831985398817,-2.2063540095778302,52.95125301377824,0.24679991438514717
PedNYC18,PedNYC18_scenario21,21,96.0,-1.9749479307597926,52.69219670801473,-3.879765731598255,58.65673828304094,-2.1933332995411763,52.896117026501116,0.29879033717537024
PedNYC18,PedNYC18_scenario21,21,97.0,-1.9307860931800085,52.59766863922718,-4.790520009992676,58.66624437888441,-2.1877621883656873,52.852530737306374,0.3619273442753499
PedNYC18,PedNYC18_scenario21,21,98.0,-1.8916108758383374,52.49729642957196,-5.7607965926298785,58.67114519387277,-2.187651720080178,52.813528703133805,0.43317782988227244
PedNYC18,PedNYC18_scenario21,21,99.0,-1.8626579628486886,52.42063774808997,-6.790523686831139,58.67080976118059,-2.1883941165027183,52.79574136491756,0.49679650275989184
PedNYC18,PedNYC18_scenario21,21,100.0,-1.8527394533157349,52.38676452636719,-7.876494407653809,58.662105560302734,-2.175133762359619,52.89806213378906,0.6044529211272089
PedNYC19,PedNYC19_scenario21,21,0.0,-1.7980762720108032,70.24675750732422,-8.819879531860352,116.0,-1.825302419839082,70.10194651285808,0.14734818371408598
PedNYC19,PedNYC19_scenario21,21,1.0,-1.8826240483733958,70.31922750826506,-8.819665603413334,116.0,-1.8171673414183962,70.00257768621032,0.32334453805916186
PedNYC19,PedNYC19_scenario21,21,2.0,-1.9229313471420482,70.32083027502371,-8.819576904754195,116.0,-1.8065296691854325,69.86694406997819,0.46857447408255204
PedNYC19,PedNYC19_scenario21,21,3.0,-1.846759611216678,70.30308417684542,-8.819659626933555,116.0,-1.7865015493999776,69.71520258524953,0.590961758281549
PedNYC19,PedNYC19_scenario21,21,4.0,-1.7783917997564302,70.19170745237163,-8.819656020680807,116.0,-1.766365213034811,69.53404823318081,0.6577691748439193
PedNYC19,PedNYC19_scenario21,21,5.0,-1.8563628619829646,70.09405958259069,-8.806093081299684,116.0001240786769,-1.747798760292633,69.3329731292374,0.7687904484667538
PedNYC19,PedNYC19_scenario21,21,6.0,-1.9569955283780438,70.10841372109873,-8.7300593358128,116.0008166937508,-1.7365755535379133,69.11983897989869,1.012849931750627
PedNYC19,PedNYC19_scenario21,21,7.0,-1.9587178081303938,70.1086669597117,-8.554931349089163,116.00251197298645,-1.7330047171810947,68.90689538623847,1.2227842468048866
PedNYC19,PedNYC19_scenario21,21,8.0,-1.8989053495442654,70.10554755300898,-8.257245618066301,116.00575578556385,-1.734178519696201,68.67310029293871,1.4418876798678162
PedNYC19,PedNYC19_scenario21,21,9.0,-1.827955604244687,70.20214531934006,-7.839554575697512,116.01125680773784,-1.729664786041388,68.4404409422859,1.7644442176149562
PedNYC19,PedNYC19_scenario21,21,10.0,-1.8571925771518016,70.29640042675143,-7.318188198134289,116.01986782336981,-1.714501195148898,68.20996503885166,2.091309029861048
PedNYC19,PedNYC19_scenario21,21,11.0,-1.8331747965996614,70.30691180642323,-6.716862700322539,116.0320607988919,-1.7093786353686158,67.95872061496786,2.351452181347547
PedNYC19,PedNYC19_scenario21,21,12.0,-1.782082568370085,70.24247517455532,-6.083781370302984,116.04360333341037,-1.7105148648709003,67.71371106683303,2.5297766400788597
PedNYC19,PedNYC19_scenario21,21,13.0,-1.8012903101416733,70.16608091126652,-5.46615683990518,116.03748684956805,-1.701620808899189,67.45744478136365,2.7104692755486326
PedNYC19,PedNYC19_scenario21,21,14.0,-1.8588937497164157,70.13599368890095,-4.887222941582506,116.00613931832076,-1.698685724636741,67.19825912923983,2.942099752613304
PedNYC19,PedNYC19_scenario21,21,15.0,-1.8542899299101752,70.12096043933438,-4.339350082309044,115.95124910644726,-1.6959252536032763,66.92561931432473,3.1992630832552225
PedNYC19,PedNYC19_scenario21,21,16.0,-1.7782129938307802,70.17136408144118,-3.767708573824435,115.86063363502551,-1.6865739244722937,66.67475642194377,3.4978082914146214
PedNYC19,PedNYC19_scenario21,21,17.0,-1.7897176856077839,70.30543484525349,-3.1136636909112734,115.71190597239305,-1.6878849387447674,66.42719810274986,3.879573448104681
PedNYC19,PedNYC19_scenario21,21,18.0,-1.8328175760305494,70.34737238284846,-2.361352524879892,115.46556269785948,-1.6928475003298016,66.19560740917889,4.154123736563606
PedNYC19,PedNYC19_scenario21,21,19.0,-1.7783455411631084,70.2933213769815,-1.5151837039168963,115.08951555076248,-1.691696157566123,65.95459758567938,4.339588949761111
PedNYC19,PedNYC19_scenario21,21,20.0,-1.7475444564594522,70.15075928847182,-0.5870368180811931,114.54182083339039,-1.691040003484116,65.71870393749454,4.432415525120854
PedNYC19,PedNYC19_scenario21,21,21.0,-1.8551171326538325,70.08405802284648,0.35639126832635337,113.79951876430835,-1.7028991624407648,65.4971993169833,4.589383738369306
PedNYC19,PedNYC19_scenario21,21,22.0,-1.915423349442809,70.11604217314647,1.1964901238224737,112.88095291091908,-1.7232685253583613,65.26848722599237,4.851361916214565
PedNYC19,PedNYC19_scenario21,21,23.0,-1.854178304046955,70.10694403075146,1.8780916607095386,111.82582305609155,-1.730421229300475,65.03644162310239,5.072012468392093
PedNYC19,PedNYC19_scenario21,21,24.0,-1.7576960065438214,70.16677907173731,2.3686412955068232,110.70685954178188,-1.7326844632821083,64.8256955527612,5.3411420814255175
PedNYC19,PedNYC19_scenario21,21,25.0,-1.7726243434040014,70.29949982050621,2.6728669665797664,109.58103215471502,-1.7612884374855875,64.6329153428684,5.666595816270011
PedNYC19,PedNYC19_scenario21,21,26.0,-1.8365492930168539,70.35680949632126,2.8404460298096823,108.48304768830182,-1.7990657116677642,64.4404599811152,5.916468254368462
PedNYC19,PedNYC19_scenario21,21,27.0,-1.777531911794367,70.3442105298947,2.9272803619300154,107.41780580295313,-1.826652969619971,64.24456602224824,6.099842292878032
PedNYC19,PedNYC19_scenario21,21,28.0,-1.7308230817066033,70.15875736469461,3.0287147256995004,106.35592130200862,-1.8429115196989831,64.05009084300737,6.109694795250746
PedNYC19,PedNYC19_scenario21,21,29.0,-1.885659773610862,70.05152743528662,3.172628622822216,105.23348555936876,-1.8680852622162605,63.87003610557126,6.181516312588433
PedNYC19,PedNYC19_scenario21,21,30.0,-2.0107285207078442,70.11077188279731,3.3108668475776533,104.03044310251627,-1.8991914746182001,63.68540769192777,6.426332196358895
PedNYC19,PedNYC19_scenario21,21,31.0,-2.0223038575280197,70.09947143198173,3.4074261759869797,102.74250190135119,-1.9244018579729016,63.49504565842647,6.605151368433416
PedNYC19,PedNYC19_scenario21,21,32.0,-1.935000888183612,70.04204254766515,3.440176399684305,101.36230974164785,-1.9388502000199235,63.30721317825131,6.734830469456584
PedNYC19,PedNYC19_scenario21,21,33.0,-1.8192722886594155,70.07085693128408,3.416996399985056,99.88881925213514,-1.9497110775541249,63.131974681071775,6.940108151892142
PedNYC19,PedNYC19_scenario21,21,34.0,-1.7605566708371259,70.16759260429264,3.3564161921554816,98.33404167692512,-1.9638288600748472,62.95713407603772,7.213323212680933
PedNYC19,PedNYC19_scenario21,21,35.0,-1.780858717161148,70.2129261500448,3.3017294545871554,96.74005125132634,-1.976875437050742,62.77561340886013,7.439895386674734
PedNYC19,PedNYC19_scenario21,21,36.0,-1.8077937697070747,70.1714775021639,3.270872824053996,95.18136121367088,-1.9806681022861308,62.58636645574973,7.5870808036621575
PedNYC19,PedNYC19_scenario21,21,37.0,-1.8134678231735493,70.17259789686979,3.2535875099520357,93.71405551680274,-1.9875194231117008,62.39356349844064,7.780981309024264
PedNYC19,PedNYC19_scenario21,21,38.0,-1.804306199899534,70.15719759685237,3.2223206885268043,92.31189834594726,-1.996107785750097,62.1974923280324,7.962015813524558
PedNYC19,PedNYC19_scenario21,21,39.0,-1.8680192428403615,70.05598669246857,3.1669997889677868,90.89282322090644,-2.005058859194586,61.9754391700128,8.08170947999967
PedNYC19,PedNYC19_scenario21,21,40.0,-1.986139614989118,69.8928092213677,3.0986676126563983,89.41169997029004,-2.014765555831237,61.75564211260331,8.137217460560217
PedNYC19,PedNYC19_scenario21,21,41.0,-1.987726244615101,69.71022532371798,3.0265579406949037,87.86276482510274,-2.023002631829535,61.54150948442543,8.168792009018459
PedNYC19,PedNYC19_scenario21,21,42.0,-1.909082823959318,69.47663315059087,2.96010183928421,86.24890563303056,-2.0282745446250225,61.3152058821016,8.162297576363867
PedNYC19,PedNYC19_scenario21,21,43.0,-1.9082779434487553,69.25943480189815,2.8999223131309386,84.57478249811365,-2.0341908489877274,61.08861519498951,8.17178971268987
PedNYC19,PedNYC19_scenario21,21,44.0,-1.9613892069065841,69.06892469016624,2.848532120991322,82.84483346802052,-2.0475315707889035,60.864360700598525,8.20501619533847
PedNYC19,PedNYC19_scenario21,21,45.0,-2.009272981156805,68.841067497918,2.808917634019662,81.06231272781804,-2.073350900989988,60.63840820183235,8.202909575721932
PedNYC19,PedNYC19_scenario21,21,46.0,-1.9576234027332622,68.60125779550731,2.7796038422390192,79.24483377447741,-2.089057810505804,60.4111279305209,8.19118442039299
PedNYC19,PedNYC19_scenario21,21,47.0,-1.8781060401447591,68.37897228357352,2.7526633803386127,77.48916293518538,-2.084047468677665,60.18267849712839,8.198880637361732
PedNYC19,PedNYC19_scenario21,21,48.0,-1.8557651887708788,68.06365358462882,2.727576227982629,75.84287798791004,-2.0969932581660817,59.95361459827399,8.113625782697865
PedNYC19,PedNYC19_scenario21,21,49.0,-1.8977067365064095,67.81162338385501,2.704121322289323,74.30341881656109,-2.1280210868134297,59.72510909821509,8.089793445559396
PedNYC19,PedNYC19_scenario21,21,50.0,-1.9059849320465287,67.59794226838201,2.6843900036267927,72.86559684874756,-2.1415726242359976,59.50820528941491,8.093166620648493
PedNYC19,PedNYC19_scenario21,21,51.0,-1.9086633093214622,67.32604282123019,2.6725582613544545,71.52140628170571,-2.1511988329233893,59.29022030652531,8.03948175991753
PedNYC19,PedNYC19_scenario21,21,52.0,-1.943845746698539,67.0847372929935,2.6707314039331873,70.26575770293627,-2.169277852319524,59.07241554195519,8.015492466243499
PedNYC19,PedNYC19_scenario21,21,53.0,-2.025734496457548,66.79888427979608,2.674596891538599,69.09218330939018,-2.191041779263107,58.8553537433938,7.945250397596298
PedNYC19,PedNYC19_scenario21,21,54.0,-2.0176018904605604,66.5514471360071,2.679715809880762,67.995380420451,-2.197121118848999,58.641038644652404,7.912445238575597
PedNYC19,PedNYC19_scenario21,21,55.0,-1.9326030172793875,66.30042022214242,2.6864731610230845,66.97043771856951,-2.193226298117283,58.432645701371136,7.872089964184386
PedNYC19,PedNYC19_scenario21,21,56.0,-1.8996873673458874,66.03118293184127,2.6812297342707123,66.0082028803887,-2.2068897287829405,58.21921562505987,7.818005275842043
PedNYC19,PedNYC19_scenario21,21,57.0,-1.980530327692664,65.76483891459235,2.6494485364233755,65.0758744508461,-2.228612065711436,58.00478344553898,7.764019927300768
PedNYC19,PedNYC19_scenario21,21,58.0,-2.0028600053911405,65.49061821515045,2.576421972596077,64.13893933228341,-2.2415834951305857,57.79468855910969,7.699631301255992
PedNYC19,PedNYC19_scenario21,21,59.0,-1.899139865037418,65.25356372915701,2.469434433663073,63.15898517817188,-2.248649494784993,57.57713523854753,7.684380999971777
PedNYC19,PedNYC19_scenario21,21,60.0,-1.7780969092790266,65.02761057291542,2.3127353729740623,62.12001298834918,-2.2538043295640473,57.363200272204615,7.67915899088931
PedNYC19,PedNYC19_scenario21,21,61.0,-1.783335916522391,64.75476020905411,2.0436553597338705,61.03300139919292,-2.2505066610104407,57.16284960897824,7.606270772464644
PedNYC19,PedNYC19_scenario21,21,62.0,-1.8030134390153534,64.47019065144451,1.6047199613549767,59.94215205070745,-2.2605093636601685,56.972795548860645,7.51134048258466
PedNYC19,PedNYC19_scenario21,21,63.0,-1.7346907141822487,64.21002478693961,0.9495666469206323,58.96454880227066,-2.26960668010071,56.780389537604606,7.448866694253276
PedNYC19,PedNYC19_scenario21,21,64.0,-1.6572641737728113,63.94876998713684,0.08636356781682861,58.195276079785906,-2.2695786202796047,56.595322650115136,7.378896714262406
PedNYC19,PedNYC19_scenario21,21,65.0,-1.656183391955162,63.694183551640904,-0.9576542504859927,57.65178860372387,-2.270678576491046,56.426068018985625,7.294046046457531
PedNYC19,PedNYC19_scenario21,21,66.0,-1.6756451149355218,63.46807828134595,-2.141449700924271,57.3653334581297,-2.269968189868403,56.26084748465528,7.2316938316112465
PedNYC19,PedNYC19_scenario21,21,67.0,-1.6478248391262487,63.245365197353756,-3.414230137608915,57.34501202397666,-2.2697517160711307,56.08408935831554,7.188230984258849
PedNYC19,PedNYC19_scenario21,21,68.0,-1.578543676947182,62.99531881950524,-4.773846147997563,57.454090301142706,-2.2753815514399096,55.920450356775795,7.109103093094887
PedNYC19,PedNYC19_scenario21,21,69.0,-1.597677517224878,62.72842782930365,-6.220331039199508,57.53667805340364,-2.2880545685634845,55.76000780077323,7.002535124298832
PedNYC19,PedNYC19_scenario21,21,70.0,-1.6561260885280027,62.445170217547115,-7.745771964186422,57.510987778820656,-2.294843945041439,55.60877824269272,6.866164557748574
PedNYC19,PedNYC19_scenario21,21,71.0,-1.5953468948255072,62.165206741007964,-9.355774634626643,57.36381834462938,-2.2947883799553486,55.46705233267817,6.734574290105385
PedNYC19,PedNYC19_scenario21,21,72.0,-1.4903720068953341,61.863091657973314,-11.077903694459305,57.163446045786976,-2.3021287801758152,55.31677505852195,6.596454356638818
PedNYC19,PedNYC19_scenario21,21,73.0,-1.5138135962715387,61.59865316438895,-12.917568729982747,57.02278071140944,-2.3145414002942717,55.18287569694167,6.4655522214223335
PedNYC19,PedNYC19_scenario21,21,74.0,-1.5563288480650257,61.33879486922693,-14.848913575576914,56.98198391506332,-2.3261289988622824,55.05534571272295,6.330428545883605
PedNYC19,PedNYC19_scenario21,21,75.0,-1.5541986420732388,61.12866261312697,-16.84497333947277,57.04330689742302,-2.3395481029360004,54.92642134327374,6.251765394282487
PedNYC19,PedNYC19_scenario21,21,76.0,-1.5376275556171624,60.88784889038359,-18.852999767721034,57.161925410453414,-2.351323034633274,54.809563038522455,6.132508396203503
PedNYC19,PedNYC19_scenario21,21,77.0,-1.5571682273564627,60.70789848294694,-20.76461148419535,57.27547789911129,-2.359643043079823,54.68348034555226,6.077629449385688
PedNYC19,PedNYC19_scenario21,21,78.0,-1.609906017121732,60.570479391639154,-22.554918810531728,57.36021035541052,-2.364647823633431,54.56858272927498,6.049165127535763
PedNYC19,PedNYC19_scenario21,21,79.0,-1.7070489833411981,60.28206654077493,-24.22866007491069,57.41775290676217,-2.3683877302409266,54.437539623172306,5.881824872327678
PedNYC19,PedNYC19_scenario21,21,80.0,-1.7351872774826445,60.0360550129287,-25.792964246941697,57.456445099248654,-2.363749903912617,54.31233747388921,5.7581275986255145
PedNYC19,PedNYC19_scenario21,21,81.0,-1.7133942547645065,59.80431658339682,-27.24429955001358,57.48253331982452,-2.357570062568436,54.20082157935562,5.640400582553914
PedNYC19,PedNYC19_scenario21,21,82.0,-1.7331628197986293,59.62034102897221,-28.276398039777355,57.49871229354763,-2.3588693522693336,54.07759073823681,5.5779556694387535
PedNYC19,PedNYC19_scenario21,21,83.0,-1.8019103591601173,59.42263399927998,-28.53068350131769,57.50230163100207,-2.3607271994155945,53.97038175732655,5.480814790780594
PedNYC19,PedNYC19_scenario21,21,84.0,-1.8294937366693065,59.18437635933941,-28.531982002408594,57.502335469678414,-2.351357278926944,53.853348048367444,5.35651046943085
PedNYC19,PedNYC19_scenario21,21,85.0,-1.7503926646951145,58.96728072743101,-28.532241296261866,57.50234222412109,-2.3337644886605724,53.74060284997639,5.25913341907869
PedNYC19,PedNYC19_scenario21,21,86.0,-1.7102646155647558,58.78579465131416,-28.5321579790693,57.50234478077262,-2.317310858251487,53.63163976247636,5.189780126256862
PedNYC19,PedNYC19_scenario21,21,87.0,-1.7638922256363336,58.71038803087756,-28.5319403200961,57.50234222412109,-2.304096794375246,53.532144124650166,5.206345256364346
PedNYC19,PedNYC19_scenario21,21,88.0,-1.7996173554912396,58.67881044499503,-28.53182323788077,57.50234222412109,-2.2849930895089425,53.44273811875156,5.258520990623303
PedNYC19,PedNYC19_scenario21,21,89.0,-1.7960129817639405,58.70329176376424,-28.53174265637217,57.50233847947694,-2.2652136843913655,53.3573688589584,5.366473796029733
PedNYC19,PedNYC19_scenario21,21,90.0,-1.8180085173490952,58.71363795866543,-28.53150164679475,57.50234222412109,-2.2498123757653476,53.27411724062558,5.456632680887357
PedNYC19,PedNYC19_scenario21,21,91.0,-1.8318718566458039,58.70780907366851,-28.53143979159252,57.50234222412109,-2.2469028274449068,53.204574446245296,5.5188623892240996
PedNYC19,PedNYC19_scenario21,21,92.0,-1.8490503177797932,58.67981116436859,-28.531367445920644,57.50234222412109,-2.24088747851782,53.13506061692246,5.558578504792334
PedNYC19,PedNYC19_scenario21,21,93.0,-1.881579868318847,58.61261253288302,-28.531371720913608,57.50234222412109,-2.233954290090036,53.06838784374048,5.555411338219363
PedNYC19,PedNYC19_scenario21,21,94.0,-1.9425714973549277,58.508744018936824,-28.531166848159273,57.50233942857858,-2.2237956508195387,53.00834053367193,5.507587995230409
PedNYC19,PedNYC19_scenario21,21,95.0,-1.9834004080267496,58.43470701579547,-28.531142222123552,57.50234222412109,-2.2063540095778302,52.95125301377824,5.487984703029276
PedNYC19,PedNYC19_scenario21,21,96.0,-1.9311121030196619,58.3386615779217,-28.531030966283595,57.50234222412109,-2.1933332995411763,52.896117026501116,5.4488577839858365
PedNYC19,PedNYC19_scenario21,21,97.0,-1.884150712158566,58.25353757840223,-28.53091665723131,57.50234457471178,-2.1877621883656873,52.852530737306374,5.409533697653515
PedNYC19,PedNYC19_scenario21,21,98.0,-1.9469542466357939,58.205283959219656,-28.5310158010286,57.50234222412109,-2.187651720080178,52.813528703133805,5.397125162088787
PedNYC19,PedNYC19_scenario21,21,99.0,-2.0082495630928725,58.19434084679677,-28.530981368894103,57.50234222412109,-2.1883941165027183,52.79574136491756,5.4016042455801685
PedNYC19,PedNYC19_scenario21,21,100.0,-2.0431346893310547,58.23550033569336,-28.530948638916016,57.50233840942383,-2.175133762359619,52.89806213378906,5.339070173206922
PedNYC1,PedNYC1_scenario21,21,0.0,-1.87024474143982,70.1820297241211,3.1646623611450195,98.97976684570312,-1.825302419839082,70.10194651285808,0.09183209132466187
PedNYC1,PedNYC1_scenario21,21,1.0,-1.9009121533892435,70.0862255515394,3.201099326041827,97.79261102673478,-1.8171673414183962,70.00257768621032,0.11836451709082893
PedNYC1,PedNYC1_scenario21,21,2.0,-1.9490792125907712,70.0440155543563,3.2180030283367143,96.52735876532199,-1.8065296691854325,69.86694406997819,0.22732066097242587
PedNYC1,PedNYC1_scenario21,21,3.0,-1.964918542446057,70.01373928628936,3.213605162322033,95.20341464184561,-1.7865015493999776,69.71520258524953,0.3477884202720863
PedNYC1,PedNYC1_scenario21,21,4.0,-1.9593541893937618,69.95605905669086,3.189056955034608,93.83721083068221,-1.766365213034811,69.53404823318081,0.4640451272836576
PedNYC1,PedNYC1_scenario21,21,5.0,-1.9273596849147918,69.85949349350005,3.1490189932805457,92.43570945882892,-1.747798760292633,69.3329731292374,0.5562965213215341
PedNYC1,PedNYC1_scenario21,21,6.0,-1.8709329205198482,69.71110190990022,3.099555150373069,91.02171208209666,-1.7365755535379133,69.11983897989869,0.6063363377337014
PedNYC1,PedNYC1_scenario21,21,7.0,-1.8288106613021256,69.53620313890245,3.045449344582838,89.62660393751236,-1.7330047171810947,68.90689538623847,0.6365587376604821
PedNYC1,PedNYC1_scenario21,21,8.0,-1.830456369105459,69.32581880209678,2.988340249407809,88.25760356174723,-1.734178519696201,68.67310029293871,0.6597809306765365
PedNYC1,PedNYC1_scenario21,21,9.0,-1.846722140483247,69.09728242053939,2.930135093628592,86.92066420587797,-1.729664786041388,68.4404409422859,0.6671904913764493
PedNYC1,PedNYC1_scenario21,21,10.0,-1.830262932171849,68.87833726692647,2.8727696931405267,85.62549652378755,-1.714501195148898,68.20996503885166,0.678323090437179
PedNYC1,PedNYC1_scenario21,21,11.0,-1.794486777901789,68.6302364360998,2.8185054193247483,84.3853726598285,-1.7093786353686158,67.95872061496786,0.6768876523884602
PedNYC1,PedNYC1_scenario21,21,12.0,-1.7634588379601157,68.41008317305332,2.7696577281320933,83.20680858115276,-1.7105148648709003,67.71371106683303,0.6983818258003006
PedNYC1,PedNYC1_scenario21,21,13.0,-1.7412323963940264,68.15468976960466,2.732008641910719,82.08745761348648,-1.701620808899189,67.45744478136365,0.6983692801742268
PedNYC1,PedNYC1_scenario21,21,14.0,-1.738528954076016,67.89614066448013,2.7049608327617296,81.02558825612395,-1.698685724636741,67.19825912923983,0.6990179684110469
PedNYC1,PedNYC1_scenario21,21,15.0,-1.7255311320651485,67.63707577394761,2.6869515419857417,80.01792750294308,-1.6959252536032763,66.92561931432473,0.7120721887411572
PedNYC1,PedNYC1_scenario21,21,16.0,-1.6983546316550264,67.36461785642376,2.6768519231608128,79.06231102825197,-1.6865739244722937,66.67475642194377,0.6899620162331547
PedNYC1,PedNYC1_scenario21,21,17.0,-1.6864875462321114,67.08152282764543,2.6734111369358735,78.15559665223874,-1.6878849387447674,66.42719810274986,0.6543262170473553
PedNYC1,PedNYC1_scenario21,21,18.0,-1.6988492226654826,66.793881336622,2.6739834254137165,77.29574487535787,-1.6928475003298016,66.19560740917889,0.5983040305139097
PedNYC1,PedNYC1_scenario21,21,19.0,-1.6918568389717101,66.50038922673754,2.675277909388751,76.47973117905104,-1.691696157566123,65.95459758567938,0.5457916647105123
PedNYC1,PedNYC1_scenario21,21,20.0,-1.6713559110941636,66.23711310883373,2.6702419514695652,75.70588673125886,-1.691040003484116,65.71870393749454,0.5187827410600686
PedNYC1,PedNYC1_scenario21,21,21.0,-1.675098982012672,65.95041008077388,2.6536537053960476,74.97213248562026,-1.7028991624407648,65.4971993169833,0.45406260190360864
PedNYC1,PedNYC1_scenario21,21,22.0,-1.6999575670637024,65.67963489921843,2.63033222943816,74.2763217113598,-1.7232685253583613,65.26848722599237,0.41180797706675565
PedNYC1,PedNYC1_scenario21,21,23.0,-1.7483610228143034,65.39852427887351,2.6021684715379845,73.61699294534145,-1.730421229300475,65.03644162310239,0.3625268070109919
PedNYC1,PedNYC1_scenario21,21,24.0,-1.7839100134690717,65.1181356635178,2.572201632568659,72.99427594483453,-1.7326844632821083,64.8256955527612,0.29689270009767893
PedNYC1,PedNYC1_scenario21,21,25.0,-1.8191375946403145,64.82350611218664,2.5432500314565654,72.40328404711153,-1.7612884374855875,64.6329153428684,0.1991767213627855
PedNYC1,PedNYC1_scenario21,21,26.0,-1.8671363187137442,64.54220202193115,2.5150898201907737,71.84343410530383,-1.7990657116677642,64.4404599811152,0.12241344049164928
PedNYC1,PedNYC1_scenario21,21,27.0,-1.9148804967679427,64.24307344466912,2.487188892337472,71.31748216712711,-1.826652969619971,64.24456602224824,0.08824015148715335
PedNYC1,PedNYC1_scenario21,21,28.0,-1.939946096118353,63.95133640982156,2.4598155751190265,70.82629157627501,-1.8429115196989831,64.05009084300737,0.1384490776232807
PedNYC1,PedNYC1_scenario21,21,29.0,-1.927640230979205,63.661238038194284,2.4340689474564137,70.38363385928866,-1.8680852622162605,63.87003610557126,0.21712537218094766
PedNYC1,PedNYC1_scenario21,21,30.0,-1.922846505773712,63.35480241637176,2.411288546483662,70.00627866837362,-1.8991914746182001,63.68540769192777,0.33145046194632727
PedNYC1,PedNYC1_scenario21,21,31.0,-1.938645221924417,63.051867565513064,2.3910156578331394,69.68065353651431,-1.9244018579729016,63.49504565842647,0.4434069185917369
PedNYC1,PedNYC1_scenario21,21,32.0,-1.9517041172303546,62.74709296212199,2.372666438296206,69.39332180716535,-1.9388502000199235,63.30721317825131,0.5602676857578072
PedNYC1,PedNYC1_scenario21,21,33.0,-1.9423609320059565,62.47065263755149,2.3560674949176166,69.13910065779393,-1.9497110775541249,63.131974681071775,0.6613628881978687
PedNYC1,PedNYC1_scenario21,21,34.0,-1.9115255802330242,62.215299967414694,2.3407325979363347,68.90869292054079,-1.9638288600748472,62.95713407603772,0.7436756536277955
PedNYC1,PedNYC1_scenario21,21,35.0,-1.9172769330385988,61.97356505844725,2.3260232034124497,68.69146701073716,-1.976875437050742,62.77561340886013,0.8042596210680419
PedNYC1,PedNYC1_scenario21,21,36.0,-1.9534913367933693,61.731737369749276,2.3118441187818846,68.48538971972995,-1.9806681022861308,62.58636645574973,0.8550610804033978
PedNYC1,PedNYC1_scenario21,21,37.0,-1.9973058751379336,61.51753553982662,2.298189837951112,68.28989764017255,-1.9875194231117008,62.39356349844064,0.8760826210562086
PedNYC1,PedNYC1_scenario21,21,38.0,-2.0358648600549185,61.300763125834195,2.2850537618091855,68.10441814408861,-1.996107785750097,62.1974923280324,0.8976100974433806
PedNYC1,PedNYC1_scenario21,21,39.0,-2.079506095814892,60.97612566986072,2.2724247810355998,67.92842949770946,-2.005058859194586,61.9754391700128,1.0020827623637656
PedNYC1,PedNYC1_scenario21,21,40.0,-2.182261679807324,60.68001092030548,2.260294213780334,67.76141020427949,-2.014765555831237,61.75564211260331,1.0885942372578834
PedNYC1,PedNYC1_scenario21,21,41.0,-2.233846788010601,60.39341420416925,2.2486496732728174,67.6029294346327,-2.023002631829535,61.54150948442543,1.167295177211932
PedNYC1,PedNYC1_scenario21,21,42.0,-2.2411200684820733,60.12530650549987,2.2374841565165067,67.45258857997447,-2.0282745446250225,61.3152058821016,1.2087860619080482
PedNYC1,PedNYC1_scenario21,21,43.0,-2.244834445543241,59.87704777500716,2.2267798696833068,67.30990355183334,-2.0341908489877274,61.08861519498951,1.2297423868162456
PedNYC1,PedNYC1_scenario21,21,44.0,-2.276584674518262,59.54663005944384,2.2165245214102303,67.17448513124205,-2.0475315707889035,60.864360700598525,1.3374899502299007
PedNYC1,PedNYC1_scenario21,21,45.0,-2.317435729907285,59.220466211282826,2.206828912501848,67.04759489338744,-2.073350900989988,60.63840820183235,1.4387970295601555
PedNYC1,PedNYC1_scenario21,21,46.0,-2.3382491223821305,58.921782677600284,2.1980924213424147,66.9341687684928,-2.089057810505804,60.4111279305209,1.5100482086052132
PedNYC1,PedNYC1_scenario21,21,47.0,-2.348608522371449,58.59282195811125,2.190335191252845,66.8341790178198,-2.084047468677665,60.18267849712839,1.6117184511530318
PedNYC1,PedNYC1_scenario21,21,48.0,-2.3737390542098766,58.2841686247974,2.183374581403113,66.74502135215495,-2.0969932581660817,59.95361459827399,1.692228735716627
PedNYC1,PedNYC1_scenario21,21,49.0,-2.4113994726444257,57.94448669167774,2.177021092486867,66.6640913164648,-2.1280210868134297,59.72510909821509,1.8030306331893142
PedNYC1,PedNYC1_scenario21,21,50.0,-2.4259642965379977,57.695887152539825,2.1710496291314882,66.58842848913478,-2.1415726242359976,59.50820528941491,1.8344960213969141
PedNYC1,PedNYC1_scenario21,21,51.0,-2.4406823326548683,57.34414602540241,2.1653576800222836,66.51665270697465,-2.1511988329233893,59.29022030652531,1.967487180203422
PedNYC1,PedNYC1_scenario21,21,52.0,-2.464806073283013,57.05709897877163,2.1599309585069544,66.44851941896434,-2.169277852319524,59.07241554195519,2.0368696029024154
PedNYC1,PedNYC1_scenario21,21,53.0,-2.5023583444474298,56.79039811256149,2.1547603148096184,66.38386789369754,-2.191041779263107,58.8553537433938,2.088291110229659
PedNYC1,PedNYC1_scenario21,21,54.0,-2.552003762581382,56.49702408464612,2.149835245083645,66.32254705778286,-2.197121118848999,58.641038644652404,2.1731866289717097
PedNYC1,PedNYC1_scenario21,21,55.0,-2.577563387790492,56.231594039601454,2.14514631167771,66.26437998781144,-2.193226298117283,58.432645701371136,2.234355257401462
PedNYC1,PedNYC1_scenario21,21,56.0,-2.5903841973411996,55.939751285094594,2.140701602806548,66.2094078521676,-2.2068897287829405,58.21921562505987,2.31149857983692
PedNYC1,PedNYC1_scenario21,21,57.0,-2.6014971054773532,55.66338995694469,2.136432437610648,66.15683070084164,-2.228612065711436,58.00478344553898,2.3708999812967604
PedNYC1,PedNYC1_scenario21,21,58.0,-2.632052970367356,55.36888364772333,2.1323572034403235,66.106839960558,-2.2415834951305857,57.79468855910969,2.4570298897648466
PedNYC1,PedNYC1_scenario21,21,59.0,-2.6497499968510665,55.095366384508296,2.1284803754511867,66.0594357944627,-2.248649494784993,57.57713523854753,2.5139726047904447
PedNYC1,PedNYC1_scenario21,21,60.0,-2.651839569565811,54.84130854174995,2.1248411165119476,66.01498833494475,-2.2538043295640473,57.363200272204615,2.5531098590579435
PedNYC1,PedNYC1_scenario21,21,61.0,-2.6670466326237747,54.607359158039536,2.1213892197368267,65.9729406923123,-2.2505066610104407,57.16284960897824,2.589215516868101
PedNYC1,PedNYC1_scenario21,21,62.0,-2.6778990553677526,54.38503294183365,2.1177104740766874,65.92836570773993,-2.2605093636601685,56.972795548860645,2.621207634864301
PedNYC1,PedNYC1_scenario21,21,63.0,-2.673777468468673,54.17198402336525,2.1119509246342405,65.85972314780719,-2.26960668010071,56.780389537604606,2.63953279064388
PedNYC1,PedNYC1_scenario21,21,64.0,-2.664904527075088,54.02675265068016,2.101112075925087,65.7393584369495,-2.2695786202796047,56.595322650115136,2.598814040015382
PedNYC1,PedNYC1_scenario21,21,65.0,-2.6339114766132545,53.83276992566466,2.0822713506687087,65.55276010961272,-2.270678576491046,56.426068018985625,2.6186128275392977
PedNYC1,PedNYC1_scenario21,21,66.0,-2.6154644664435938,53.716524734151164,2.052709466933275,65.28954203164835,-2.269968189868403,56.26084748465528,2.5676732533288082
PedNYC1,PedNYC1_scenario21,21,67.0,-2.6044941200484124,53.59973682259768,2.009148555836716,64.94240346269743,-2.2697517160711307,56.08408935831554,2.506802744283693
PedNYC1,PedNYC1_scenario21,21,68.0,-2.5655699057837213,53.539568277879084,1.9464250119438886,64.50508474572901,-2.2753815514399096,55.920450356775795,2.3985013559738286
PedNYC1,PedNYC1_scenario21,21,69.0,-2.5236383092623966,53.55321543187869,1.8615117768695697,63.97723456929402,-2.2880545685634845,55.76000780077323,2.2193314890508957
PedNYC1,PedNYC1_scenario21,21,70.0,-2.5190103602335325,53.60045254503656,1.7510802430839099,63.361790188051174,-2.294843945041439,55.60877824269272,2.0207975379948833
PedNYC1,PedNYC1_scenario21,21,71.0,-2.5220000121536277,53.63690540918466,1.6102008097544793,62.66128662718586,-2.2947883799553486,55.46705233267817,1.8441970847441875
PedNYC1,PedNYC1_scenario21,21,72.0,-2.511622763162018,53.62546368054933,1.4334344734706943,61.878938272378306,-2.3021287801758152,55.31677505852195,1.7042364584080043
PedNYC1,PedNYC1_scenario21,21,73.0,-2.5006918200031993,53.596561350645864,1.2149853051538952,61.01872935951609,-2.3145414002942717,55.18287569694167,1.5971991685515323
PedNYC1,PedNYC1_scenario21,21,74.0,-2.499848169032484,53.56910793407826,0.9439631043270532,60.09118262688017,-2.3261289988622824,55.05534571272295,1.4963559351823128
PedNYC1,PedNYC1_scenario21,21,75.0,-2.500647984632079,53.55599026548817,0.5048193277415447,59.31889075363005,-2.3395481029360004,54.92642134327374,1.3798675700381557
PedNYC1,PedNYC1_scenario21,21,76.0,-2.500352161053893,53.55711949830673,-0.07075910025574413,58.80572451052083,-2.351323034633274,54.809563038522455,1.2612789152086008
PedNYC1,PedNYC1_scenario21,21,77.0,-2.506942384255411,53.56208017674262,-0.6758114419097762,58.47751391154456,-2.359643043079823,54.68348034555226,1.1310329060275206
PedNYC1,PedNYC1_scenario21,21,78.0,-2.5303710792136394,53.57286481986595,-1.2607928878384118,58.29587589852082,-2.364647823633431,54.56858272927498,1.0094148565173755
PedNYC1,PedNYC1_scenario21,21,79.0,-2.544599175588787,53.57873032981122,-1.7993665907510437,58.226864318666046,-2.3683877302409266,54.437539623172306,0.8767005622417189
PedNYC1,PedNYC1_scenario21,21,80.0,-2.544729205956558,53.57872254878583,-2.2828446951643864,58.23229029955698,-2.363749903912617,54.31233747388921,0.755608606424485
PedNYC1,PedNYC1_scenario21,21,81.0,-2.5514182246869184,53.580392249733535,-2.7292264917087805,58.26010713223206,-2.357570062568436,54.20082157935562,0.6500074330436706
PedNYC1,PedNYC1_scenario21,21,82.0,-2.564775357203918,53.583784111995726,-3.148349570653962,58.299703354230864,-2.3588693522693336,54.07759073823681,0.5350161371283302
PedNYC1,PedNYC1_scenario21,21,83.0,-2.575067689606202,53.58668068661272,-3.5503695678414346,58.33452804939349,-2.3607271994155945,53.97038175732655,0.4395092233413158
PedNYC1,PedNYC1_scenario21,21,84.0,-2.58362771541894,53.58499241155299,-3.953123578827284,58.346879088358946,-2.351357278926944,53.853348048367444,0.35491450164550065
PedNYC1,PedNYC1_scenario21,21,85.0,-2.5918451277293437,53.58299396043239,-4.369039745387766,58.347899846396075,-2.3337644886605724,53.74060284997639,0.3024006916748678
PedNYC1,PedNYC1_scenario21,21,86.0,-2.594665007585637,53.58198740166625,-4.811904150055897,58.334539494742245,-2.317310858251487,53.63163976247636,0.2817635197943262
PedNYC1,PedNYC1_scenario21,21,87.0,-2.5965870219576415,53.58259661101424,-5.291531520710794,58.31944286686987,-2.304096794375246,53.532144124650166,0.29680968079144326
PedNYC1,PedNYC1_scenario21,21,88.0,-2.5958949829053872,53.583833976615026,-5.820468859143872,58.30711471689297,-2.2849930895089425,53.44273811875156,0.3414206033966324
PedNYC1,PedNYC1_scenario21,21,89.0,-2.605749682430035,53.58114807471415,-6.41608497655117,58.295302039051855,-2.2652136843913655,53.3573688589584,0.40748239638596695
PedNYC1,PedNYC1_scenario21,21,90.0,-2.627926196649628,53.57307384264612,-7.088825879735814,58.28551611792121,-2.2498123757653476,53.27411724062558,0.48202189933173833
PedNYC1,PedNYC1_scenario21,21,91.0,-2.635027319577688,53.57379283487894,-7.846619588839863,58.2782210630647,-2.2469028274449068,53.204574446245296,0.5356891261716552
PedNYC1,PedNYC1_scenario21,21,92.0,-2.6513879926002004,53.567205150749096,-8.69802464978102,58.274503478837374,-2.24088747851782,53.13506061692246,0.5960365510420819
PedNYC1,PedNYC1_scenario21,21,93.0,-2.6644087463912154,53.561020588253385,-9.640564355728797,58.27582625052268,-2.233954290090036,53.06838784374048,0.6542003209383646
PedNYC1,PedNYC1_scenario21,21,94.0,-2.6608817550494828,53.56540834782268,-10.648817351744382,58.28104233715789,-2.2237956508195387,53.00834053367193,0.7080740159570964
PedNYC1,PedNYC1_scenario21,21,95.0,-2.655916033156332,53.5749320573059,-11.69733166256219,58.28676924510337,-2.2063540095778302,52.95125301377824,0.7688182895714518
PedNYC1,PedNYC1_scenario21,21,96.0,-2.6536402500556164,53.57901654297335,-12.773030913604671,58.294190508652555,-2.1933332995411763,52.896117026501116,0.8235497788779454
PedNYC1,PedNYC1_scenario21,21,97.0,-2.650728715878085,53.5775315891736,-13.858243338164996,58.303362493505865,-2.1877621883656873,52.852530737306374,0.8602117418433063
PedNYC1,PedNYC1_scenario21,21,98.0,-2.6440200758495975,53.58195105196656,-14.92657988484137,58.314016769789184,-2.187651720080178,52.813528703133805,0.8937253394266806
PedNYC1,PedNYC1_scenario21,21,99.0,-2.6272855911355886,53.59146205501803,-15.965843090772477,58.32596539076191,-2.1883941165027183,52.79574136491756,0.908733813148481
PedNYC1,PedNYC1_scenario21,21,100.0,-2.589756727218628,53.59381866455078,-16.984088897705078,58.33919143676758,-2.175133762359619,52.89806213378906,0.8099316965559868
PedNYC20,PedNYC20_scenario21,21,0.0,-1.814097881317139,70.1094970703125,2.767351627349853,92.9380111694336,-1.825302419839082,70.10194651285808,0.013511202809603525
PedNYC20,PedNYC20_scenario21,21,1.0,-1.8221039333528164,69.96027958723994,2.7249086152368007,91.06148639419241,-1.8171673414183962,70.00257768621032,0.042585198325648596
PedNYC20,PedNYC20_scenario21,21,2.0,-1.8340880240644135,69.75359219034364,2.6815395361806327,89.13869987912939,-1.8065296691854325,69.86694406997819,0.11665381065495176
PedNYC20,PedNYC20_scenario21,21,3.0,-1.771284402359433,69.5289766794618,2.6398627129679246,87.2037840512125,-1.7865015493999776,69.71520258524953,0.18684659362833256
PedNYC20,PedNYC20_scenario21,21,4.0,-1.6923414850599874,69.2446370883094,2.604908156748294,85.2934367761345,-1.766365213034811,69.53404823318081,0.29872784115155737
PedNYC20,PedNYC20_scenario21,21,5.0,-1.7127095587919237,68.8983955907494,2.575472312119512,83.43218145519401,-1.747798760292633,69.3329731292374,0.435991845130441
PedNYC20,PedNYC20_scenario21,21,6.0,-1.7567478573017012,68.54192623998581,2.54724954825502,81.64745875685607,-1.7365755535379133,69.11983897989869,0.5782646944027842
PedNYC20,PedNYC20_scenario21,21,7.0,-1.753483879687727,68.25080334353476,2.5215361013951685,79.9593861340734,-1.7330047171810947,68.90689538623847,0.6564115817047347
PedNYC20,PedNYC20_scenario21,21,8.0,-1.7682760845183594,67.85518952708841,2.4987428263166147,78.3777053616097,-1.734178519696201,68.67310029293871,0.8186211973926802
PedNYC20,PedNYC20_scenario21,21,9.0,-1.8287827381120125,67.42371970010862,2.4786202029944877,76.88527396695842,-1.729664786041388,68.4404409422859,1.0215412143996894
PedNYC20,PedNYC20_scenario21,21,10.0,-1.8434902831924551,67.24267747674828,2.465803847819768,75.4439227617616,-1.714501195148898,68.20996503885166,0.9758500974197871
PedNYC20,PedNYC20_scenario21,21,11.0,-1.8048988202389893,66.66424746754834,2.4617134878261195,74.0247593205912,-1.7093786353686158,67.95872061496786,1.297992617509005
PedNYC20,PedNYC20_scenario21,21,12.0,-1.8013168882385142,66.25412633024489,2.4633032806693977,72.6530179796112,-1.7105148648709003,67.71371106683303,1.462406445120072
PedNYC20,PedNYC20_scenario21,21,13.0,-1.7912037324240817,65.8724081018702,2.4661825370266977,71.36347190724979,-1.701620808899189,67.45744478136365,1.5875661798888454
PedNYC20,PedNYC20_scenario21,21,14.0,-1.7270571934865837,65.39519980538603,2.4660949674012573,70.1568167711325,-1.698685724636741,67.19825912923983,1.803282525169261
PedNYC20,PedNYC20_scenario21,21,15.0,-1.7038908143772953,64.95081527672991,2.4608464614380794,69.0284466409396,-1.6959252536032763,66.92561931432473,1.9748201024547163
PedNYC20,PedNYC20_scenario21,21,16.0,-1.7027303244446377,64.56921549728189,2.4491465962933754,67.97516645849865,-1.6865739244722937,66.67475642194377,2.105602910020328
PedNYC20,PedNYC20_scenario21,21,17.0,-1.676729159133142,64.17548796657934,2.4342797007842,67.06736799824255,-1.6878849387447674,66.42719810274986,2.2517377708675994
PedNYC20,PedNYC20_scenario21,21,18.0,-1.6590698034104774,63.743686240252174,2.419669298970796,66.41953324994022,-1.6928475003298016,66.19560740917889,2.4521538188784424
PedNYC20,PedNYC20_scenario21,21,19.0,-1.678621485820846,63.31977756016441,2.4117579689708073,66.11470119907413,-1.691696157566123,65.95459758567938,2.634852465299708
PedNYC20,PedNYC20_scenario21,21,20.0,-1.6788750663368597,62.94713075537937,2.4111268001515858,66.09250778896266,-1.691040003484116,65.71870393749454,2.771599879043835
PedNYC20,PedNYC20_scenario21,21,21.0,-1.7220867815586653,62.54292164985865,2.4111148917361316,66.0921236791109,-1.7028991624407648,65.4971993169833,2.954339976915128
PedNYC20,PedNYC20_scenario21,21,22.0,-1.829012719254857,62.21038958945432,2.4111124425411714,66.0920639038086,-1.7232685253583613,65.26848722599237,3.0599253241120823
PedNYC20,PedNYC20_scenario21,21,23.0,-1.9630567001494044,61.885218666584166,2.411112070083618,66.09205627441406,-1.730421229300475,65.03644162310239,3.1597983138144383
PedNYC20,PedNYC20_scenario21,21,24.0,-2.1134716573140038,61.59512920672007,2.4111117179232426,66.09206789346564,-1.7326844632821083,64.8256955527612,3.2529306484018785
PedNYC20,PedNYC20_scenario21,21,25.0,-2.3430209469143404,61.39515523617726,2.41111063834643,66.09208677238077,-1.7612884374855875,64.6329153428684,3.2896053290640968
PedNYC20,PedNYC20_scenario21,21,26.0,-2.5361186640059983,61.236211060441846,2.411109189330247,66.09207853122416,-1.7990657116677642,64.4404599811152,3.2879261245026234
PedNYC20,PedNYC20_scenario21,21,27.0,-2.596720712746251,61.07361666100205,2.411111654155152,66.09212623835028,-1.826652969619971,64.24456602224824,3.263115716702551
PedNYC20,PedNYC20_scenario21,21,28.0,-2.6219016024182578,60.982484492071045,2.4111126348694194,66.09217259156975,-1.8429115196989831,64.05009084300737,3.164969869253078
PedNYC20,PedNYC20_scenario21,21,29.0,-2.735957012927337,60.94543309134063,2.411105851686921,66.09209379695024,-1.8680852622162605,63.87003610557126,3.050656350120278
PedNYC20,PedNYC20_scenario21,21,30.0,-2.8687897284976245,60.91352347310982,2.411105342988481,66.09209893152708,-1.8991914746182001,63.68540769192777,2.9365733255714965
PedNYC20,PedNYC20_scenario21,21,31.0,-2.930117321406974,60.89815441915175,2.4111013412475586,66.09205533922346,-1.9244018579729016,63.49504565842647,2.7848353096749174
PedNYC20,PedNYC20_scenario21,21,32.0,-2.94755178088068,60.89303159966628,2.41109618145406,66.09198379974508,-1.9388502000199235,63.30721317825131,2.6164387196359664
PedNYC20,PedNYC20_scenario21,21,33.0,-2.9692391074096394,60.87948295841981,2.4110957393371257,66.09199652728893,-1.9497110775541249,63.131974681071775,2.472479800580117
PedNYC20,PedNYC20_scenario21,21,34.0,-3.016341647077247,60.87960395060056,2.411104318888386,66.09210533681312,-1.9638288600748472,62.95713407603772,2.3289299235705845
PedNYC20,PedNYC20_scenario21,21,35.0,-3.0388342209712422,60.9007738202395,2.4110921409143993,66.09191288378078,-1.976875437050742,62.77561340886013,2.154711104024176
PedNYC20,PedNYC20_scenario21,21,36.0,-3.044912869222395,60.93560257952883,2.4110814226420323,66.091776763845,-1.9806681022861308,62.58636645574973,1.9640871413934449
PedNYC20,PedNYC20_scenario21,21,37.0,-3.0604074541474158,60.99776725138178,2.4110680246866347,66.09162526558049,-1.9875194231117008,62.39356349844064,1.7604930816232407
PedNYC20,PedNYC20_scenario21,21,38.0,-3.0806896968300466,61.046418878532094,2.4110732078552246,66.09175109863281,-1.996107785750097,62.1974923280324,1.581546081524777
PedNYC20,PedNYC20_scenario21,21,39.0,-3.0960949308177,61.07779956437678,2.411075592041016,66.09181540038546,-2.005058859194586,61.9754391700128,1.412839895808856
PedNYC20,PedNYC20_scenario21,21,40.0,-3.0989471457874846,61.10372604096325,2.4110371753929085,66.09093011948548,-2.014765555831237,61.75564211260331,1.2650866707315604
PedNYC20,PedNYC20_scenario21,21,41.0,-3.1010508895398035,61.1146954470813,2.4104187296059223,66.07122078250912,-2.023002631829535,61.54150948442543,1.1594646473377883
PedNYC20,PedNYC20_scenario21,21,42.0,-3.108505496285128,61.10768451825465,2.4092039834306043,66.0288247800503,-2.0282745446250225,61.3152058821016,1.099983647777273
PedNYC20,PedNYC20_scenario21,21,43.0,-3.1127042727193928,61.099700205574585,2.4078693865258742,65.98099868754282,-2.0341908489877274,61.08861519498951,1.0785703883516689
PedNYC20,PedNYC20_scenario21,21,44.0,-3.1178149242759376,61.09779445428482,2.405641047296788,65.90324248732439,-2.0475315707889035,60.864360700598525,1.095444099035422
PedNYC20,PedNYC20_scenario21,21,45.0,-3.1205907759429783,61.10372469786258,2.401683301170946,65.76821570069167,-2.073350900989988,60.63840820183235,1.1459628253871976
PedNYC20,PedNYC20_scenario21,21,46.0,-3.1235546831510788,61.112065286982485,2.395215973980003,65.55534562144416,-2.089057810505804,60.4111279305209,1.2495987184677373
PedNYC20,PedNYC20_scenario21,21,47.0,-3.1237730875078626,61.116812175758334,2.38530679676496,65.25545587343709,-2.084047468677665,60.18267849712839,1.3977249700862264
PedNYC20,PedNYC20_scenario21,21,48.0,-3.1201795731082025,61.119177126284434,2.369707028857452,64.87137756538272,-2.0969932581660817,59.95361459827399,1.550950109380357
PedNYC20,PedNYC20_scenario21,21,49.0,-3.113092304103181,61.12020481946826,2.3452044155632743,64.40686881986649,-2.1280210868134297,59.72510909821509,1.7078224072167505
PedNYC20,PedNYC20_scenario21,21,50.0,-3.1084669184741376,61.12249587447907,2.3048250926505474,63.87069951425594,-2.1415726242359976,59.50820528941491,1.881706318546298
PedNYC20,PedNYC20_scenario21,21,51.0,-3.1027621148870073,61.123668285771316,2.2394878313645328,63.27503730627696,-2.1511988329233893,59.29022030652531,2.0656728134393947
PedNYC20,PedNYC20_scenario21,21,52.0,-3.097664292771752,61.12000260317057,2.1389512572395013,62.64357551601245,-2.169277852319524,59.07241554195519,2.2482246676149162
PedNYC20,PedNYC20_scenario21,21,53.0,-3.0968124388237146,61.116250038548365,1.9934509977311277,62.00622708381056,-2.191041779263107,58.8553537433938,2.4355846413468165
PedNYC20,PedNYC20_scenario21,21,54.0,-3.101569689023342,61.09407344645256,1.7945415336986739,61.39331896848791,-2.197121118848999,58.641038644652404,2.6144611213275195
PedNYC20,PedNYC20_scenario21,21,55.0,-3.1045415763284967,61.07260713653792,1.5469296909264096,60.816541699667134,-2.193226298117283,58.432645701371136,2.792828658451685
PedNYC20,PedNYC20_scenario21,21,56.0,-3.096084619480413,61.07246446500465,1.2535815575164766,60.27975477241277,-2.2068897287829405,58.21921562505987,2.988594401435019
PedNYC20,PedNYC20_scenario21,21,57.0,-3.0863127496704976,61.07349313104639,0.9125496412433569,59.790649078036296,-2.228612065711436,58.00478344553898,3.1863191298410167
PedNYC20,PedNYC20_scenario21,21,58.0,-3.086585854992839,61.05899353666802,0.5288925751125448,59.34467471088953,-2.2415834951305857,57.79468855910969,3.3719009437830287
PedNYC20,PedNYC20_scenario21,21,59.0,-3.0900484372875914,61.041994175604515,0.0935390072094312,58.92982465720913,-2.248649494784993,57.57713523854753,3.5655574086176443
PedNYC20,PedNYC20_scenario21,21,60.0,-3.094114331702396,61.02223764209787,-0.4307906397366811,58.527485341360894,-2.2538043295640473,57.363200272204615,3.7542875987288324
PedNYC20,PedNYC20_scenario21,21,61.0,-3.107092152178083,61.00794194118572,-1.0640489491332672,58.14689493668936,-2.2505066610104407,57.16284960897824,3.9393494065492156
PedNYC20,PedNYC20_scenario21,21,62.0,-3.118151632983538,61.004124777457605,-1.8086021693993608,57.81772545515165,-2.2605093636601685,56.972795548860645,4.121548933528546
PedNYC20,PedNYC20_scenario21,21,63.0,-3.131449364320319,61.00113058872925,-2.658859309833298,57.566380138122234,-2.26960668010071,56.780389537604606,4.307833310724963
PedNYC20,PedNYC20_scenario21,21,64.0,-3.148842491320265,60.993138056590894,-3.6063294947371394,57.399023462518315,-2.2695786202796047,56.595322650115136,4.484850644598206
PedNYC20,PedNYC20_scenario21,21,65.0,-3.1722518927532772,60.96680784971026,-4.640486974652362,57.32367138181904,-2.270678576491046,56.426068018985625,4.629379294778647
PedNYC20,PedNYC20_scenario21,21,66.0,-3.1862832268147945,60.91357747392295,-5.75037831066363,57.332666454285445,-2.269968189868403,56.26084748465528,4.74210181248408
PedNYC20,PedNYC20_scenario21,21,67.0,-3.2201734883911364,60.7725690239934,-6.916928936945428,57.386143469818045,-2.2697517160711307,56.08408935831554,4.783841878738749
PedNYC20,PedNYC20_scenario21,21,68.0,-3.302759896144905,60.533055746754535,-8.125243643541346,57.454762708850616,-2.2753815514399096,55.920450356775795,4.7256359092538744
PedNYC20,PedNYC20_scenario21,21,69.0,-3.3388215393434084,60.312523771964955,-9.362258131070364,57.53221802959131,-2.2880545685634845,55.76000780077323,4.672206426822101
PedNYC20,PedNYC20_scenario21,21,70.0,-3.3264977784684433,60.07945129236174,-10.625784371130939,57.620633206051096,-2.294843945041439,55.60877824269272,4.588161630660095
PedNYC20,PedNYC20_scenario21,21,71.0,-3.3401038385540804,59.89242048550474,-11.922306051579813,57.71739004582927,-2.2947883799553486,55.46705233267817,4.547149403311611
PedNYC20,PedNYC20_scenario21,21,72.0,-3.4257046776976363,59.54220702504941,-13.253717784235088,57.81281171967035,-2.3021287801758152,55.31677505852195,4.372264642178476
PedNYC20,PedNYC20_scenario21,21,73.0,-3.4645014218602093,59.253043625167464,-14.619332856853072,57.90737156942217,-2.3145414002942717,55.18287569694167,4.2295005633239695
PedNYC20,PedNYC20_scenario21,21,74.0,-3.4555814333644,58.936874752269325,-16.016136464301912,57.997465345960244,-2.3261289988622824,55.05534571272295,4.042515366284282
PedNYC20,PedNYC20_scenario21,21,75.0,-3.4879439308511255,58.6211169006468,-17.4353439320699,58.076501960866196,-2.3395481029360004,54.92642134327374,3.8690552127418765
PedNYC20,PedNYC20_scenario21,21,76.0,-3.536713461417346,58.31178333442152,-18.849032005847953,58.13757753588563,-2.351323034633274,54.809563038522455,3.697390629203068
PedNYC20,PedNYC20_scenario21,21,77.0,-3.537841900025602,57.94421021955392,-20.222908850673385,58.18343197468054,-2.359643043079823,54.68348034555226,3.4670609826934444
PedNYC20,PedNYC20_scenario21,21,78.0,-3.526983893478177,57.556862773188364,-21.540737829109315,58.21733236840822,-2.364647823633431,54.56858272927498,3.206375330511559
PedNYC20,PedNYC20_scenario21,21,79.0,-3.5725390930461707,57.157990429338966,-22.808785809420822,58.24640499443619,-2.3683877302409266,54.437539623172306,2.975034973461414
PedNYC20,PedNYC20_scenario21,21,80.0,-3.5701400744047684,56.795424175251014,-24.0540693789258,58.273328660767355,-2.363749903912617,54.31233747388921,2.760633407379534
PedNYC20,PedNYC20_scenario21,21,81.0,-3.5317400193759463,56.448008371350824,-25.313076802468153,58.298391583321646,-2.357570062568436,54.20082157935562,2.535453325460173
PedNYC20,PedNYC20_scenario21,21,82.0,-3.5372457269947724,56.10378012685327,-26.54735001194905,58.32074531756311,-2.3588693522693336,54.07759073823681,2.343931381046176
PedNYC20,PedNYC20_scenario21,21,83.0,-3.546798305026939,55.72152513058978,-27.70900297720142,58.338491874524806,-2.3607271994155945,53.97038175732655,2.115010113755925
PedNYC20,PedNYC20_scenario21,21,84.0,-3.5014620595682144,55.35925316265975,-28.781544159039502,58.35220373007777,-2.351357278926944,53.853348048367444,1.8948591556381233
PedNYC20,PedNYC20_scenario21,21,85.0,-3.455234977082435,54.99221213324265,-29.64133876976507,58.361283680551196,-2.3337644886605724,53.74060284997639,1.680542131087304
PedNYC20,PedNYC20_scenario21,21,86.0,-3.4352892005310602,54.66203957460702,-30.197645606232367,58.366350837726,-2.317310858251487,53.63163976247636,1.5203944707361583
PedNYC20,PedNYC20_scenario21,21,87.0,-3.3706271380702386,54.30533879893858,-30.414454386993402,58.368308780241996,-2.304096794375246,53.532144124650166,1.3173143050806526
PedNYC20,PedNYC20_scenario21,21,88.0,-3.236931073440452,53.98010573170615,-30.417074508480315,58.36833190917969,-2.2849930895089425,53.44273811875156,1.0931376293514468
PedNYC20,PedNYC20_scenario21,21,89.0,-3.1229631477610527,53.65142553489561,-30.417329021754647,58.36833190917969,-2.2652136843913655,53.3573688589584,0.9067543606590626
PedNYC20,PedNYC20_scenario21,21,90.0,-3.0208593277896174,53.34145974278513,-30.417360305786133,58.36833190917969,-2.2498123757653476,53.27411724062558,0.7739821799130947
PedNYC20,PedNYC20_scenario21,21,91.0,-2.8846081231136678,53.105811769627906,-30.417360305786133,58.36833190917969,-2.2469028274449068,53.204574446245296,0.6453077641068741
PedNYC20,PedNYC20_scenario21,21,92.0,-2.735815430500367,52.87781809810535,-30.417360611405464,58.36833190917969,-2.24088747851782,53.13506061692246,0.5577879445999248
PedNYC20,PedNYC20_scenario21,21,93.0,-2.634512192618867,52.63613681172062,-30.417361527576137,58.36833190917969,-2.233954290090036,53.06838784374048,0.5893111130468635
PedNYC20,PedNYC20_scenario21,21,94.0,-2.5666064092052414,52.41454732900892,-30.417361985651176,58.36833190917969,-2.2237956508195387,53.00834053367193,0.6856453791640003
PedNYC20,PedNYC20_scenario21,21,95.0,-2.506978085619195,52.24545332352775,-30.417360305786133,58.36833190917969,-2.2063540095778302,52.95125301377824,0.7671558106756524
PedNYC20,PedNYC20_scenario21,21,96.0,-2.4298710679739126,52.05070619083541,-30.41748573299197,58.36833190917969,-2.1933332995411763,52.896117026501116,0.8778778941037991
PedNYC20,PedNYC20_scenario21,21,97.0,-2.4021800565831866,51.911314109010824,-30.41750237203312,58.36833023244309,-2.1877621883656873,52.852530737306374,0.9653309088550825
PedNYC20,PedNYC20_scenario21,21,98.0,-2.414043880202947,51.763381928626394,-30.41755940410528,58.36833190917969,-2.187651720080178,52.813528703133805,1.074272618180959
PedNYC20,PedNYC20_scenario21,21,99.0,-2.432617511132503,51.65016273158674,-30.41759062883953,58.36833190917969,-2.1883941165027183,52.79574136491756,1.1713221041321673
PedNYC20,PedNYC20_scenario21,21,100.0,-2.4326653480529785,51.58319091796875,-30.41754913330078,58.36832809448242,-2.175133762359619,52.89806213378906,1.3398540337747689
PedNYC22,PedNYC22_scenario21,21,0.0,-1.839582800865173,70.06932067871094,4.198458194732666,100.10708618164062,-1.825302419839082,70.10194651285808,0.03561424344341791
PedNYC22,PedNYC22_scenario21,21,1.0,-1.8141328369096272,69.95898066543647,4.180776633172161,99.04709465894526,-1.8171673414183962,70.00257768621032,0.04370249921879536
PedNYC22,PedNYC22_scenario21,21,2.0,-1.8625983410990894,69.78190045667992,4.141280406881718,97.89125759259365,-1.8065296691854325,69.86694406997819,0.10186320303714505
PedNYC22,PedNYC22_scenario21,21,3.0,-1.8730633303217015,69.54884236942202,4.0863027106664696,96.63837712843473,-1.7865015493999776,69.71520258524953,0.18753309928254297
PedNYC22,PedNYC22_scenario21,21,4.0,-1.8116442589689252,69.280384288966,4.028334250789057,95.29605894896534,-1.766365213034811,69.53404823318081,0.2576734146071659
PedNYC22,PedNYC22_scenario21,21,5.0,-1.8221923425026194,68.96657518355774,3.9686425170763577,93.8888566840106,-1.747798760292633,69.3329731292374,0.37387412276368226
PedNYC22,PedNYC22_scenario21,21,6.0,-1.8510704108032117,68.6342520915978,3.8999093861746683,92.42446795981203,-1.7365755535379133,69.11983897989869,0.498902493910322
PedNYC22,PedNYC22_scenario21,21,7.0,-1.8117413762080903,68.2878175676149,3.8133468308039755,90.90248458446491,-1.7330047171810947,68.90689538623847,0.6240647458288795
PedNYC22,PedNYC22_scenario21,21,8.0,-1.776106915377397,67.93577566482274,3.700118758607233,89.3268480641652,-1.734178519696201,68.67310029293871,0.7385158072720946
PedNYC22,PedNYC22_scenario21,21,9.0,-1.7718401306484142,67.57991339162318,3.559956123728369,87.70106746194664,-1.729664786041388,68.4404409422859,0.8615604593656256
PedNYC22,PedNYC22_scenario21,21,10.0,-1.6871717465482352,67.23044072588891,3.4071624736059327,86.027088014423,-1.714501195148898,68.20996503885166,0.9799054946503607
PedNYC22,PedNYC22_scenario21,21,11.0,-1.6679934201472282,66.865648392071,3.266946198361032,84.30989466633936,-1.7093786353686158,67.95872061496786,1.0938553928685517
PedNYC22,PedNYC22_scenario21,21,12.0,-1.7046344833786868,66.51500692930695,3.171644152084708,82.56256212646063,-1.7105148648709003,67.71371106683303,1.1987185608843447
PedNYC22,PedNYC22_scenario21,21,13.0,-1.6781195884714384,66.16530704453177,3.129688540050508,80.79655933964224,-1.701620808899189,67.45744478136365,1.2923514376154017
PedNYC22,PedNYC22_scenario21,21,14.0,-1.668637952970323,65.80031980105895,3.1205059093192533,79.01511519930831,-1.698685724636741,67.19825912923983,1.3982622192768188
PedNYC22,PedNYC22_scenario21,21,15.0,-1.698608550496474,65.42865664142873,3.135856708713162,77.22768158944345,-1.6959252536032763,66.92561931432473,1.496965077791117
PedNYC22,PedNYC22_scenario21,21,16.0,-1.6547403785769306,65.06995581128334,3.15665153928839,75.45696140692034,-1.6865739244722937,66.67475642194377,1.6051163118666423
PedNYC22,PedNYC22_scenario21,21,17.0,-1.6393118133735256,64.69918657233906,3.169810909184582,73.75143678301006,-1.6878849387447674,66.42719810274986,1.72869407291776
PedNYC22,PedNYC22_scenario21,21,18.0,-1.6846467788180501,64.34936616301728,3.1727797624079823,72.14710177309817,-1.6928475003298016,66.19560740917889,1.8462594592477224
PedNYC22,PedNYC22_scenario21,21,19.0,-1.6861892693173808,64.00046787425178,3.165988651645102,70.64422855427236,-1.691696157566123,65.95459758567938,1.9541374708301078
PedNYC22,PedNYC22_scenario21,21,20.0,-1.6946520565304597,63.645371907593564,3.149598073135778,69.23790408920584,-1.691040003484116,65.71870393749454,2.073335176265648
PedNYC22,PedNYC22_scenario21,21,21.0,-1.764925310242375,63.30544159287854,3.115847187105606,67.93244714997235,-1.7028991624407648,65.4971993169833,2.1926352100119137
PedNYC22,PedNYC22_scenario21,21,22.0,-1.7824219701497817,62.96937157248177,3.0570447442695743,66.77304713169342,-1.7232685253583613,65.26848722599237,2.299876500651325
PedNYC22,PedNYC22_scenario21,21,23.0,-1.8161767729851104,62.63363477885304,2.959781589081801,65.78968558324983,-1.730421229300475,65.03644162310239,2.4043366536415314
PedNYC22,PedNYC22_scenario21,21,24.0,-1.9044441996267714,62.35347297324983,2.832097720531673,64.96325421893019,-1.7326844632821083,64.8256955527612,2.4781819726717127
PedNYC22,PedNYC22_scenario21,21,25.0,-1.9543828078769505,62.042276631644285,2.700678991558621,64.27572356226672,-1.7612884374855875,64.6329153428684,2.597824930200222
PedNYC22,PedNYC22_scenario21,21,26.0,-1.9871731495995073,61.76249751604433,2.5756664890952106,63.710268653942656,-1.7990657116677642,64.4404599811152,2.6845609273275386
PedNYC22,PedNYC22_scenario21,21,27.0,-2.0572535549279833,61.55946762107322,2.465628362056793,63.25582917716968,-1.826652969619971,64.24456602224824,2.6949823847173917
PedNYC22,PedNYC22_scenario21,21,28.0,-2.0836362352155486,61.414104254396804,2.375247400805273,62.90007038794805,-1.8429115196989831,64.05009084300737,2.64695555006035
PedNYC22,PedNYC22_scenario21,21,29.0,-2.0195020003043402,61.28223000115093,2.294043095087963,62.58589891094548,-1.8680852622162605,63.87003610557126,2.592232139035461
PedNYC22,PedNYC22_scenario21,21,30.0,-1.9674698539908457,61.23417233129656,2.214170490893023,62.29288148943967,-1.8991914746182001,63.68540769192777,2.4521861124919875
PedNYC22,PedNYC22_scenario21,21,31.0,-1.9615907515500242,61.22462407457679,2.1361305762006433,62.01940949445699,-1.9244018579729016,63.49504565842647,2.2707261354500656
PedNYC22,PedNYC22_scenario21,21,32.0,-1.964446448831281,61.22388166138035,2.060577501028009,61.76408500898876,-1.9388502000199235,63.30721317825131,2.0834887513833813
PedNYC22,PedNYC22_scenario21,21,33.0,-1.9801918246025036,61.2367051328375,1.9862678371415556,61.52607035424306,-1.9497110775541249,63.131974681071775,1.895514636294001
PedNYC22,PedNYC22_scenario21,21,34.0,-1.9991534702358127,61.25836488519921,1.9105216059434937,61.305502063748385,-1.9638288600748472,62.95713407603772,1.6991364253129162
PedNYC22,PedNYC22_scenario21,21,35.0,-2.0041213099381783,61.26862981341332,1.8270625128251488,61.10526476964434,-1.976875437050742,62.77561340886013,1.5072298744833845
PedNYC22,PedNYC22_scenario21,21,36.0,-1.9961527738860754,61.27465870547442,1.736229670073191,60.92624645173587,-1.9806681022861308,62.58636645574973,1.3117991451387954
PedNYC22,PedNYC22_scenario21,21,37.0,-1.988361970000901,61.27254760247678,1.6414936685844947,60.7684122511276,-1.9875194231117008,62.39356349844064,1.1210162125896872
PedNYC22,PedNYC22_scenario21,21,38.0,-1.9840405327278565,61.25452151414075,1.5450583165247902,60.633608599436826,-1.996107785750097,62.1974923280324,0.9430480234044253
PedNYC22,PedNYC22_scenario21,21,39.0,-1.9870698353797958,61.224051079199754,1.4514343517796962,60.52285121039704,-2.005058859194586,61.9754391700128,0.7516033980720691
PedNYC22,PedNYC22_scenario21,21,40.0,-2.0063081657900517,61.22704744409679,1.3658568382423324,60.435259851859286,-2.014765555831237,61.75564211260331,0.528662322300188
PedNYC22,PedNYC22_scenario21,21,41.0,-2.017847004216325,61.24949853806365,1.289401198207774,60.36744322724063,-2.023002631829535,61.54150948442543,0.29205645565744864
PedNYC22,PedNYC22_scenario21,21,42.0,-2.0177335785852906,61.261511441349114,1.2024618314634081,60.30020312430308,-2.0282745446250225,61.3152058821016,0.05471932869446708
PedNYC22,PedNYC22_scenario21,21,43.0,-2.0156202747462237,61.26239411690654,1.0796329216161045,60.213126834319695,-2.0341908489877274,61.08861519498951,0.17476836078165217
PedNYC22,PedNYC22_scenario21,21,44.0,-2.0105543035617517,61.267830037091315,0.9056351694797782,60.09787416334457,-2.0475315707889035,60.864360700598525,0.4051602445718493
PedNYC22,PedNYC22_scenario21,21,45.0,-2.011543908555877,61.26561343072499,0.6619946585425012,59.94258355776362,-2.073350900989988,60.63840820183235,0.6302432097722446
PedNYC22,PedNYC22_scenario21,21,46.0,-2.0129282983831196,61.262064926257636,0.33104590325911104,59.73962458194242,-2.089057810505804,60.4111279305209,0.8543356912417412
PedNYC22,PedNYC22_scenario21,21,47.0,-2.012846205038414,61.273145820188056,-0.08195222638755141,59.48076623176799,-2.084047468677665,60.18267849712839,1.0927893679043246
PedNYC22,PedNYC22_scenario21,21,48.0,-2.007393177734887,61.278287133402095,-0.5567881244779386,59.1853650296524,-2.0969932581660817,59.95361459827399,1.3276993258023468
PedNYC22,PedNYC22_scenario21,21,49.0,-2.0010000610687855,61.277113592126,-1.0909645421382184,58.8870773629092,-2.1280210868134297,59.72510909821509,1.5571937227271604
PedNYC22,PedNYC22_scenario21,21,50.0,-1.9981106416000245,61.27313360716341,-1.6898768381002307,58.61125610208418,-2.1415726242359976,59.50820528941491,1.7707493631941227
PedNYC22,PedNYC22_scenario21,21,51.0,-2.0080715806327456,61.253561809918736,-2.3575326834365016,58.382305077921046,-2.1511988329233893,59.29022030652531,1.96855156632876
PedNYC22,PedNYC22_scenario21,21,52.0,-2.044928058916972,61.219954622452235,-3.0998324271892765,58.19999717855731,-2.169277852319524,59.07241554195519,2.1511362052137377
PedNYC22,PedNYC22_scenario21,21,53.0,-2.0915690534257303,61.1860861190178,-3.924147099471128,58.06509001825097,-2.191041779263107,58.8553537433938,2.332854095302024
PedNYC22,PedNYC22_scenario21,21,54.0,-2.1307311715941326,61.13673393651271,-4.831908993599565,58.00815622184093,-2.197121118848999,58.641038644652404,2.4965781812132803
PedNYC22,PedNYC22_scenario21,21,55.0,-2.1442992861868513,61.03689447807375,-5.817032916026498,58.01612026297781,-2.193226298117283,58.432645701371136,2.6047083413414045
PedNYC22,PedNYC22_scenario21,21,56.0,-2.1719036086628734,60.86178954031273,-6.858235642068516,58.041337562996794,-2.2068897287829405,58.21921562505987,2.6428055029032858
PedNYC22,PedNYC22_scenario21,21,57.0,-2.2436763198351755,60.70625925286778,-7.9339004409870455,58.0322217113288,-2.228612065711436,58.00478344553898,2.701517808443077
PedNYC22,PedNYC22_scenario21,21,58.0,-2.3884907377956646,60.579008683870306,-9.031620661579295,57.97491483335088,-2.2415834951305857,57.79468855910969,2.788193016111769
PedNYC22,PedNYC22_scenario21,21,59.0,-2.513594341237639,60.44105934743964,-10.149107325619463,57.879189993353805,-2.248649494784993,57.57713523854753,2.876153172756156
PedNYC22,PedNYC22_scenario21,21,60.0,-2.5495032561858535,60.27642230373072,-11.29005423563291,57.77581396344258,-2.2538043295640473,57.363200272204615,2.9281906461455627
PedNYC22,PedNYC22_scenario21,21,61.0,-2.5282813354613705,60.123206720608316,-12.455967754054859,57.682676224622185,-2.2505066610104407,57.16284960897824,2.973360556364646
PedNYC22,PedNYC22_scenario21,21,62.0,-2.5803975599731235,60.0618923496114,-13.65006811477847,57.614821197058085,-2.2605093636601685,56.972795548860645,3.1056154788622643
PedNYC22,PedNYC22_scenario21,21,63.0,-2.630161529483373,60.02195873020579,-14.888856406575906,57.571317986559045,-2.26960668010071,56.780389537604606,3.2615595395200807
PedNYC22,PedNYC22_scenario21,21,64.0,-2.6924123578487147,59.957894185220624,-16.19566359292079,57.54085422322696,-2.2695786202796047,56.595322650115136,3.3890523304204585
PedNYC22,PedNYC22_scenario21,21,65.0,-2.764049445557046,59.88351926794667,-17.579063782795014,57.52833288973633,-2.270678576491046,56.426068018985625,3.492475333253653
PedNYC22,PedNYC22_scenario21,21,66.0,-2.8188670869298122,59.78596182815713,-19.03279430236177,57.53364829350118,-2.269968189868403,56.26084748465528,3.56759318504194
PedNYC22,PedNYC22_scenario21,21,67.0,-2.882078587074755,59.71451023849794,-20.549212433488353,57.556549778402356,-2.2697517160711307,56.08408935831554,3.681697972976251
PedNYC22,PedNYC22_scenario21,21,68.0,-2.9272879020274125,59.63045784151642,-22.103854371378166,57.597079804342165,-2.2753815514399096,55.920450356775795,3.7668471467220104
PedNYC22,PedNYC22_scenario21,21,69.0,-2.9205098900520574,59.49758715068702,-23.633901561450912,57.65357616826281,-2.2880545685634845,55.76000780077323,3.7907122194359704
PedNYC22,PedNYC22_scenario21,21,70.0,-2.9023345550626822,59.33780643426661,-25.1036938190208,57.72112340366733,-2.294843945041439,55.60877824269272,3.7781868792870488
PedNYC22,PedNYC22_scenario21,21,71.0,-2.9357080193036267,59.17624805577727,-26.53443516362324,57.795067256289954,-2.2947883799553486,55.46705233267817,3.7641613802225566
PedNYC22,PedNYC22_scenario21,21,72.0,-2.9794788512791937,59.00248434713323,-27.926182142857908,57.867014617059745,-2.3021287801758152,55.31677505852195,3.7474332654470657
PedNYC22,PedNYC22_scenario21,21,73.0,-2.970196825733176,58.8072424479922,-29.240379501573553,57.933518148717766,-2.3145414002942717,55.18287569694167,3.683194046344565
PedNYC22,PedNYC22_scenario21,21,74.0,-2.962531422635801,58.58998533889779,-30.471543087392952,57.99458983606698,-2.3261289988622824,55.05534571272295,3.5914739776184095
PedNYC22,PedNYC22_scenario21,21,75.0,-3.036854692818802,58.387676406084545,-31.586887479391773,58.04884949687186,-2.3395481029360004,54.92642134327374,3.5307963818560006
PedNYC22,PedNYC22_scenario21,21,76.0,-3.078494025416695,58.184002405718836,-32.35740737822432,58.085698921349476,-2.351323034633274,54.809563038522455,3.451900736220793
PedNYC22,PedNYC22_scenario21,21,77.0,-3.0711503509076574,57.97689443896502,-32.59041622772499,58.096967463684486,-2.359643043079823,54.68348034555226,3.36939446188513
PedNYC22,PedNYC22_scenario21,21,78.0,-3.1045482749061866,57.76683278710197,-32.591356994589006,58.09701156616211,-2.364647823633431,54.56858272927498,3.2827208395146803
PedNYC22,PedNYC22_scenario21,21,79.0,-3.180323317052592,57.56490846282109,-32.59165527265602,58.09703063964844,-2.3683877302409266,54.437539623172306,3.2310486310696978
PedNYC22,PedNYC22_scenario21,21,80.0,-3.1830314501791395,57.361972962980026,-32.59169006347656,58.09703521504909,-2.363749903912617,54.31233747388921,3.1577680200380547
PedNYC22,PedNYC22_scenario21,21,81.0,-3.1494636627759993,57.12979865109732,-32.59169006347656,58.0970344543457,-2.357570062568436,54.20082157935562,3.034139443209272
PedNYC22,PedNYC22_scenario21,21,82.0,-3.1834504841725275,56.915181047097015,-32.59169006347656,58.09703628573531,-2.3588693522693336,54.07759073823681,2.954970863482095
PedNYC22,PedNYC22_scenario21,21,83.0,-3.2322655481456812,56.72803230487237,-32.59169006347656,58.09703109958909,-2.3607271994155945,53.97038175732655,2.892095371125741
PedNYC22,PedNYC22_scenario21,21,84.0,-3.2536876163829938,56.50467467210474,-32.59169006347656,58.097037351952665,-2.351357278926944,53.853348048367444,2.8006665106063173
PedNYC22,PedNYC22_scenario21,21,85.0,-3.2309949918138376,56.249002850492936,-32.59169006347656,58.09703674288496,-2.3337644886605724,53.74060284997639,2.6640370001897615
PedNYC22,PedNYC22_scenario21,21,86.0,-3.2642516324358084,56.00609828268978,-32.59169006347656,58.0970344543457,-2.317310858251487,53.63163976247636,2.556315726593037
PedNYC22,PedNYC22_scenario21,21,87.0,-3.291170320863399,55.75914672292998,-32.59169006347656,58.09703567666761,-2.304096794375246,53.532144124650166,2.435950475571863
PedNYC22,PedNYC22_scenario21,21,88.0,-3.2498900630721366,55.515722712959395,-32.59169006347656,58.097031860574845,-2.2849930895089425,53.44273811875156,2.2865457129509608
PedNYC22,PedNYC22_scenario21,21,89.0,-3.1953875721358562,55.31317662701123,-32.59169006347656,58.0970344543457,-2.2652136843913655,53.3573688589584,2.1657348607383793
PedNYC22,PedNYC22_scenario21,21,90.0,-3.1660410988507284,54.93749910729294,-32.59169006347656,58.097035981899204,-2.2498123757653476,53.27411724062558,1.899029833194959
PedNYC22,PedNYC22_scenario21,21,91.0,-3.102810211564706,54.65014892799166,-32.59169006347656,58.0970344543457,-2.2469028274449068,53.204574446245296,1.679959235358722
PedNYC22,PedNYC22_scenario21,21,92.0,-2.9878816283745775,54.3647066949688,-32.59169006347656,58.0970344543457,-2.24088747851782,53.13506061692246,1.4387597913393932
PedNYC22,PedNYC22_scenario21,21,93.0,-2.9371750609992606,54.06372643153179,-32.59169006347656,58.09703063964844,-2.233954290090036,53.06838784374048,1.218695350358145
PedNYC22,PedNYC22_scenario21,21,94.0,-2.8715533255881076,53.7599912914141,-32.59169006347656,58.09703505922691,-2.2237956508195387,53.00834053367193,0.9922544365413394
PedNYC22,PedNYC22_scenario21,21,95.0,-2.750451109528239,53.46092657426385,-32.59169006347656,58.097031407339536,-2.2063540095778302,52.95125301377824,0.7455258496071904
PedNYC22,PedNYC22_scenario21,21,96.0,-2.6959628821415613,53.22042451514862,-32.59169006347656,58.0970344543457,-2.1933332995411763,52.896117026501116,0.5981737577810392
PedNYC22,PedNYC22_scenario21,21,97.0,-2.6547257443218104,52.98137527900301,-32.59169006347656,58.097030939298044,-2.1877621883656873,52.852530737306374,0.48441292150003984
PedNYC22,PedNYC22_scenario21,21,98.0,-2.573108185020466,52.81191508687626,-32.59169006347656,58.0970344543457,-2.187651720080178,52.813528703133805,0.38545984242420134
PedNYC22,PedNYC22_scenario21,21,99.0,-2.51581625713157,52.703848631795665,-32.59169006347656,58.0970344543457,-2.1883941165027183,52.79574136491756,0.3400728342202466
PedNYC22,PedNYC22_scenario21,21,100.0,-2.520010471343994,52.627471923828125,-32.59169006347656,58.0970344543457,-2.175133762359619,52.89806213378906,0.43835944854262776
PedNYC23,PedNYC23_scenario21,21,0.0,-1.938133716583252,69.97103118896484,2.665871381759644,90.04827880859375,-1.825302419839082,70.10194651285808,0.17282859588343966
PedNYC23,PedNYC23_scenario21,21,1.0,-1.9132685698135217,69.80352376464364,2.639102685443969,88.50225238184186,-1.8171673414183962,70.00257768621032,0.22103825413290623
PedNYC23,PedNYC23_scenario21,21,2.0,-1.7930634317909895,69.49637228488716,2.64214608763787,87.06605897974099,-1.8065296691854325,69.86694406997819,0.37081637970175524
PedNYC23,PedNYC23_scenario21,21,3.0,-1.6700438361932435,69.25111222353799,2.647081643630442,85.73235791741138,-1.7865015493999776,69.71520258524953,0.47847911427657025
PedNYC23,PedNYC23_scenario21,21,4.0,-1.6380397685917945,68.94285012464157,2.6432023435776943,84.4937614186446,-1.766365213034811,69.53404823318081,0.6049649768638505
PedNYC23,PedNYC23_scenario21,21,5.0,-1.646025283667643,68.55479969223123,2.6426001168900983,83.34249312073788,-1.747798760292633,69.3329731292374,0.7848004450854622
PedNYC23,PedNYC23_scenario21,21,6.0,-1.6439042230610463,68.12310090348171,2.6458583303743755,82.24986745770207,-1.7365755535379133,69.11983897989869,1.0010368467103314
PedNYC23,PedNYC23_scenario21,21,7.0,-1.6537037277189603,67.72578191645124,2.650115752760614,81.21176798923914,-1.7330047171810947,68.90689538623847,1.1837726451656647
PedNYC23,PedNYC23_scenario21,21,8.0,-1.6610750360978719,67.29800131052419,2.6519806533156953,80.24490624568328,-1.734178519696201,68.67310029293871,1.3770407876136717
PedNYC23,PedNYC23_scenario21,21,9.0,-1.580967966494485,66.89383938195847,2.646925473560749,79.34688836682533,-1.729664786041388,68.4404409422859,1.5537332881001842
PedNYC23,PedNYC23_scenario21,21,10.0,-1.510529981779278,66.47926034169875,2.6339609524293843,78.51268879567982,-1.714501195148898,68.20996503885166,1.7426827033716268
PedNYC23,PedNYC23_scenario21,21,11.0,-1.4983893883163197,66.0661193197217,2.6190470482214114,77.73798216785133,-1.7093786353686158,67.95872061496786,1.904325635268076
PedNYC23,PedNYC23_scenario21,21,12.0,-1.4484988243040529,65.64928663367272,2.6100725726335683,77.0179841545787,-1.7105148648709003,67.71371106683303,2.0809854986865246
PedNYC23,PedNYC23_scenario21,21,13.0,-1.3842526815608072,65.23279939424492,2.6019693607524057,76.34948809071345,-1.701620808899189,67.45744478136365,2.2471692474486433
PedNYC23,PedNYC23_scenario21,21,14.0,-1.3926540251400905,64.91993256185616,2.5941914559230845,75.72844101621503,-1.698685724636741,67.19825912923983,2.29878823486268
PedNYC23,PedNYC23_scenario21,21,15.0,-1.4123018111636432,64.41884984253909,2.587084962527492,75.15131626289525,-1.6959252536032763,66.92561931432473,2.522763453393479
PedNYC23,PedNYC23_scenario21,21,16.0,-1.349237269321043,63.9837228625666,2.5809124853742387,74.61293184380378,-1.6865739244722937,66.67475642194377,2.7120946953605403
PedNYC23,PedNYC23_scenario21,21,17.0,-1.2945061255882855,63.63471215971486,2.5752942846340647,74.10443665663684,-1.6878849387447674,66.42719810274986,2.8200575583999092
PedNYC23,PedNYC23_scenario21,21,18.0,-1.2803992073168367,63.31178342570127,2.5685515632439335,73.62055790048022,-1.6928475003298016,66.19560740917889,2.9131691269286155
PedNYC23,PedNYC23_scenario21,21,19.0,-1.2948570665105557,63.01466316468379,2.5608602890234957,73.13987543731353,-1.691696157566123,65.95459758567938,2.9665966466549665
PedNYC23,PedNYC23_scenario21,21,20.0,-1.3664342069994713,62.66580484484009,2.552513534031969,72.64860316215012,-1.691040003484116,65.71870393749454,3.0701077819910156
PedNYC23,PedNYC23_scenario21,21,21.0,-1.4117336886916436,62.39835789176036,2.5440419746413223,72.17924355640832,-1.7028991624407648,65.4971993169833,3.1124902428411354
PedNYC23,PedNYC23_scenario21,21,22.0,-1.475574530556454,62.05383548666031,2.536162733529575,71.76520706040793,-1.7232685253583613,65.26848722599237,3.2241802245301954
PedNYC23,PedNYC23_scenario21,21,23.0,-1.4810982242455564,61.767278024553136,2.532280221006261,71.56886057618408,-1.730421229300475,65.03644162310239,3.278657132871495
PedNYC23,PedNYC23_scenario21,21,24.0,-1.357136788984748,61.548351155048614,2.53225851285362,71.56798567956525,-1.7326844632821083,64.8256955527612,3.298791044744764
PedNYC23,PedNYC23_scenario21,21,25.0,-1.4025797640602022,61.4532932026179,2.5322549965359515,71.56783493797857,-1.7612884374855875,64.6329153428684,3.1997920037342706
PedNYC23,PedNYC23_scenario21,21,26.0,-1.5271445762246811,61.399382982957384,2.5322569638456023,71.56795129764912,-1.7990657116677642,64.4404599811152,3.053209854010233
PedNYC23,PedNYC23_scenario21,21,27.0,-1.5657675523996422,61.37325422716264,2.5322403489116785,71.56713950839641,-1.826652969619971,64.24456602224824,2.8831393697696774
PedNYC23,PedNYC23_scenario21,21,28.0,-1.5480688592792273,61.3747439899462,2.5322010628644307,71.56518610768114,-1.8429115196989831,64.05009084300737,2.69154471978225
PedNYC23,PedNYC23_scenario21,21,29.0,-1.5167915781971724,61.39420861441186,2.532161781998993,71.56324440664831,-1.8680852622162605,63.87003610557126,2.5006257253760213
PedNYC23,PedNYC23_scenario21,21,30.0,-1.4988602327531828,61.40648301409168,2.5321102449793487,71.56079628153113,-1.8991914746182001,63.68540769192777,2.3138199563629698
PedNYC23,PedNYC23_scenario21,21,31.0,-1.4625005780598592,61.26370353494783,2.5320036752404205,71.55484290780608,-1.9244018579729016,63.49504565842647,2.278648824280625
PedNYC23,PedNYC23_scenario21,21,32.0,-1.5925937359796984,61.06157166544889,2.531859040442607,71.54235193650042,-1.9388502000199235,63.30721317825131,2.2721794257741155
PedNYC23,PedNYC23_scenario21,21,33.0,-1.6152236643437854,60.7771241487008,2.5315428340536683,71.52000099649234,-1.9497110775541249,63.131974681071775,2.3784875150826434
PedNYC23,PedNYC23_scenario21,21,34.0,-1.604425638589523,60.460254164607626,2.5311083438838287,71.48929198355114,-1.9638288600748472,62.95713407603772,2.5226137174996044
PedNYC23,PedNYC23_scenario21,21,35.0,-1.6723241197865295,60.086100755446466,2.530433302004698,71.44329041425006,-1.976875437050742,62.77561340886013,2.7067009102816626
PedNYC23,PedNYC23_scenario21,21,36.0,-1.6697614706676616,59.76082395007127,2.529310739059276,71.3738111027222,-1.9806681022861308,62.58636645574973,2.8425962402318183
PedNYC23,PedNYC23_scenario21,21,37.0,-1.6844099503281036,59.429897088892254,2.527729833868026,71.27594547725357,-1.9875194231117008,62.39356349844064,2.9791263718708856
PedNYC23,PedNYC23_scenario21,21,38.0,-1.7021610899612594,59.0141628073922,2.5256105137719027,71.14601659991148,-1.996107785750097,62.1974923280324,3.196872142727097
PedNYC23,PedNYC23_scenario21,21,39.0,-1.7264831132352223,58.490483493855336,2.52304192568323,70.99348207185174,-2.005058859194586,61.9754391700128,3.4960721547214852
PedNYC23,PedNYC23_scenario21,21,40.0,-1.734904927130095,58.010345155036674,2.5208538211327443,70.83032039829834,-2.014765555831237,61.75564211260331,3.755738445612914
PedNYC23,PedNYC23_scenario21,21,41.0,-1.6866474844832136,57.58698975261423,2.519301634122668,70.66119161686427,-2.023002631829535,61.54150948442543,3.9687984446719535
PedNYC23,PedNYC23_scenario21,21,42.0,-1.7236945761107516,57.15095015285211,2.518147799436393,70.4743284231054,-2.0282745446250225,61.3152058821016,4.175379591822444
PedNYC23,PedNYC23_scenario21,21,43.0,-1.7610264249907115,56.73849367445518,2.5171179379662196,70.25726246618946,-2.0341908489877274,61.08861519498951,4.358689716641176
PedNYC23,PedNYC23_scenario21,21,44.0,-1.7879242040677643,56.26014282661505,2.5171382243813505,70.00610057670357,-2.0475315707889035,60.864360700598525,4.61153100563845
PedNYC23,PedNYC23_scenario21,21,45.0,-1.916457267930089,55.81367731974296,2.517961713108875,69.6950278189786,-2.073350900989988,60.63840820183235,4.8272811909688675
PedNYC23,PedNYC23_scenario21,21,46.0,-2.0067245885317746,55.38361640467456,2.519252461868992,69.30802508822116,-2.089057810505804,60.4111279305209,5.02818564712545
PedNYC23,PedNYC23_scenario21,21,47.0,-2.031492861291959,54.9589178843043,2.519878114220937,68.8509613426992,-2.084047468677665,60.18267849712839,5.224024973796529
PedNYC23,PedNYC23_scenario21,21,48.0,-2.089894774376512,54.542479743193226,2.5191534812711702,68.33654621956929,-2.0969932581660817,59.95361459827399,5.411139511077311
PedNYC23,PedNYC23_scenario21,21,49.0,-2.168985927452388,54.13847545382028,2.5168815200797234,67.78933690269008,-2.1280210868134297,59.72510909821509,5.586783832837339
PedNYC23,PedNYC23_scenario21,21,50.0,-2.1328537357462274,53.72821849564592,2.510281146823349,67.23765204973213,-2.1415726242359976,59.50820528941491,5.779993369819765
PedNYC23,PedNYC23_scenario21,21,51.0,-2.0893917575116423,53.366216936001024,2.4989803421196646,66.71650480092691,-2.1511988329233893,59.29022030652531,5.924325788522615
PedNYC23,PedNYC23_scenario21,21,52.0,-2.1013142628455066,52.96403582110007,2.4855989357074915,66.23174553812275,-2.169277852319524,59.07241554195519,6.1087578003754786
PedNYC23,PedNYC23_scenario21,21,53.0,-2.084162583385272,52.603729358853265,2.470916844794438,65.78150070223421,-2.191041779263107,58.8553537433938,6.252537933343012
PedNYC23,PedNYC23_scenario21,21,54.0,-2.039542862646446,52.33227037363107,2.4551537234447145,65.36317234633971,-2.197121118848999,58.641038644652404,6.310735932066352
PedNYC23,PedNYC23_scenario21,21,55.0,-2.0142604545671112,51.97909832185309,2.4379209413077967,64.9745652008276,-2.193226298117283,58.432645701371136,6.456028388478625
PedNYC23,PedNYC23_scenario21,21,56.0,-2.041226735499261,51.78596318232425,2.4181023525700285,64.60719870019898,-2.2068897287829405,58.21921562505987,6.435385087102983
PedNYC23,PedNYC23_scenario21,21,57.0,-2.03497486187999,51.642058676832065,2.394595153026703,64.24648347809435,-2.228612065711436,58.00478344553898,6.365670573397917
PedNYC23,PedNYC23_scenario21,21,58.0,-2.014622538687603,51.598431780237824,2.364539002607439,63.85554096797987,-2.2415834951305857,57.79468855910969,6.20041203029807
PedNYC23,PedNYC23_scenario21,21,59.0,-2.0029687155975493,51.593076966788175,2.3222396365963696,63.389980092433795,-2.248649494784993,57.57713523854753,5.989099468624116
PedNYC23,PedNYC23_scenario21,21,60.0,-2.0022255878162563,51.59843292771519,2.254904813170347,62.83690263669998,-2.2538043295640473,57.363200272204615,5.7702542751070425
PedNYC23,PedNYC23_scenario21,21,61.0,-2.009017438382227,51.611401665794375,2.139946520479158,62.20252744942736,-2.2505066610104407,57.16284960897824,5.556697878284005
PedNYC23,PedNYC23_scenario21,21,62.0,-2.0121964483559402,51.619212343537335,1.9594862366135064,61.50693816533834,-2.2605093636601685,56.972795548860645,5.359338806254621
PedNYC23,PedNYC23_scenario21,21,63.0,-2.0131244050331403,51.62332258931542,1.6871264742320151,60.76519842571988,-2.26960668010071,56.780389537604606,5.163440971538317
PedNYC23,PedNYC23_scenario21,21,64.0,-2.0142517462733425,51.62873858123718,1.29198763329464,60.02301813093264,-2.2695786202796047,56.595322650115136,4.973142781564001
PedNYC23,PedNYC23_scenario21,21,65.0,-2.0145104414931128,51.634583563738865,0.7930165510258369,59.356939057456614,-2.270678576491046,56.426068018985625,4.798327354220391
PedNYC23,PedNYC23_scenario21,21,66.0,-2.016056603161416,51.642961499158524,0.24035638862085207,58.81807478590854,-2.269968189868403,56.26084748465528,4.624861302667508
PedNYC23,PedNYC23_scenario21,21,67.0,-1.9815293501497149,51.66565724160208,-0.33066124961049126,58.41689905846887,-2.2697517160711307,56.08408935831554,4.427822772223651
PedNYC23,PedNYC23_scenario21,21,68.0,-1.9492797429573185,51.728740991661965,-0.9070331327142921,58.127884789937305,-2.2753815514399096,55.920450356775795,4.204375077354375
PedNYC23,PedNYC23_scenario21,21,69.0,-1.9279590103615154,51.80421317334625,-1.5399403426756204,57.90721736768114,-2.2880545685634845,55.76000780077323,3.972150544153251
PedNYC23,PedNYC23_scenario21,21,70.0,-1.8893575359124084,51.88713564440084,-2.273013703005502,57.73915008149454,-2.294843945041439,55.60877824269272,3.7436670334591837
PedNYC23,PedNYC23_scenario21,21,71.0,-1.8879414106261891,51.8684496552131,-3.123590566830955,57.63007158278961,-2.2947883799553486,55.46705233267817,3.6215280872459243
PedNYC23,PedNYC23_scenario21,21,72.0,-1.868896841929326,51.821471396114354,-4.092251568133817,57.60606955630394,-2.3021287801758152,55.31677505852195,3.5220501990682567
PedNYC23,PedNYC23_scenario21,21,73.0,-1.8739222165507603,51.79039853726828,-5.177253674123271,57.69860400214232,-2.3145414002942717,55.18287569694167,3.4209715789506983
PedNYC23,PedNYC23_scenario21,21,74.0,-1.8848393120139313,51.776151929107726,-6.380783139850414,57.888237323408276,-2.3261289988622824,55.05534571272295,3.3087533087583707
PedNYC23,PedNYC23_scenario21,21,75.0,-1.8907208921862027,51.77760102349884,-7.66874622536867,58.05915307116601,-2.3395481029360004,54.92642134327374,3.180646989424752
PedNYC23,PedNYC23_scenario21,21,76.0,-1.8604021142526668,51.79689082598268,-8.99624736728869,58.16612444845552,-2.351323034633274,54.809563038522455,3.0524084278282047
PedNYC23,PedNYC23_scenario21,21,77.0,-1.83771922553364,51.805467676027,-10.36611443269178,58.209686559802584,-2.359643043079823,54.68348034555226,2.92495493935717
PedNYC23,PedNYC23_scenario21,21,78.0,-1.803734948136225,51.78074665924968,-11.804181427773917,58.22376714998301,-2.364647823633431,54.56858272927498,2.843704134967745
PedNYC23,PedNYC23_scenario21,21,79.0,-1.7793292647087906,51.72083298358879,-13.337630972405801,58.24910427818288,-2.3683877302409266,54.437539623172306,2.7798353982515263
PedNYC23,PedNYC23_scenario21,21,80.0,-1.7965685950027313,51.6713575278181,-14.967133550405416,58.28562820667027,-2.363749903912617,54.31233747388921,2.7011978292465866
PedNYC23,PedNYC23_scenario21,21,81.0,-1.8143557326053765,51.65259368089466,-16.68369238806395,58.32552598086835,-2.357570062568436,54.20082157935562,2.6054840684164557
PedNYC23,PedNYC23_scenario21,21,82.0,-1.833727769282128,51.63234292462656,-18.479571321824906,58.35900368350086,-2.3588693522693336,54.07759073823681,2.5010019096650025
PedNYC23,PedNYC23_scenario21,21,83.0,-1.8509662138025642,51.62848843488335,-20.349105380719962,58.38188765045475,-2.3607271994155945,53.97038175732655,2.3967312315228857
PedNYC23,PedNYC23_scenario21,21,84.0,-1.857942329672592,51.62984469057132,-22.2667622117497,58.39648711593688,-2.351357278926944,53.853348048367444,2.277592038596535
PedNYC23,PedNYC23_scenario21,21,85.0,-1.8623056439991865,51.623965265611936,-24.153297730034694,58.40524360973087,-2.3337644886605724,53.74060284997639,2.168508267393427
PedNYC23,PedNYC23_scenario21,21,86.0,-1.8646747807751927,51.62087821291589,-25.99729949747223,58.41175437539088,-2.317310858251487,53.63163976247636,2.061077734541798
PedNYC23,PedNYC23_scenario21,21,87.0,-1.8594331808356108,51.623789609255,-27.80681122834944,58.41709299660442,-2.304096794375246,53.532144124650166,1.9594751046224728
PedNYC23,PedNYC23_scenario21,21,88.0,-1.8537172694844488,51.62632371332838,-29.514478879221148,58.426738917822355,-2.2849930895089425,53.44273811875156,1.8669119221770074
PedNYC23,PedNYC23_scenario21,21,89.0,-1.8476480189507487,51.62857143909614,-30.86696712448624,58.43903688115079,-2.2652136843913655,53.3573688589584,1.7785110637489085
PedNYC23,PedNYC23_scenario21,21,90.0,-1.8450899183552552,51.62992463329757,-31.288523594621612,58.44392203278437,-2.2498123757653476,53.27411724062558,1.693271861670222
PedNYC23,PedNYC23_scenario21,21,91.0,-1.848055010484281,51.629600583762056,-31.290440966328454,58.44395255551983,-2.2469028274449068,53.204574446245296,1.6246914318108636
PedNYC23,PedNYC23_scenario21,21,92.0,-1.8498986108483308,51.629219047149455,-31.29074102699431,58.4439582824707,-2.24088747851782,53.13506061692246,1.555773482193952
PedNYC23,PedNYC23_scenario21,21,93.0,-1.8526079289316235,51.6286552658378,-31.29081344604492,58.4439582824707,-2.233954290090036,53.06838784374048,1.4893807246782347
PedNYC23,PedNYC23_scenario21,21,94.0,-1.872974791234853,51.62698773552131,-31.29081344604492,58.44396018446845,-2.2237956508195387,53.00834053367193,1.425205539028765
PedNYC23,PedNYC23_scenario21,21,95.0,-1.8861319998836137,51.627917995204534,-31.29081153869629,58.4439582824707,-2.2063540095778302,52.95125301377824,1.3615277106530292
PedNYC23,PedNYC23_scenario21,21,96.0,-1.8857618638841742,51.630233621540015,-31.290811540485144,58.443958286048414,-2.1933332995411763,52.896117026501116,1.3027129319186257
PedNYC23,PedNYC23_scenario21,21,97.0,-1.8844938848634138,51.6277987488054,-31.290812012794262,58.443955415969384,-2.1877621883656873,52.852530737306374,1.2617210894515098
PedNYC23,PedNYC23_scenario21,21,98.0,-1.8553913137982894,51.63813541661988,-31.29081153869629,58.44396019160296,-2.187651720080178,52.813528703133805,1.2214525596864612
PedNYC23,PedNYC23_scenario21,21,99.0,-1.8115426475153018,51.71676583177701,-31.29081106280946,58.4439582824707,-2.1883941165027183,52.79574136491756,1.142893359327067
PedNYC23,PedNYC23_scenario21,21,100.0,-1.83911681175232,51.77312469482422,-31.290809631347656,58.4439582824707,-2.175133762359619,52.89806213378906,1.1740492462755583
PedNYC24,PedNYC24_scenario21,21,0.0,-1.9626544713974,69.83185577392578,3.553576707839966,81.2621078491211,-1.825302419839082,70.10194651285808,0.3030092297674656
PedNYC24,PedNYC24_scenario21,21,1.0,-2.000726424185265,69.70817601055607,3.5536069689074496,79.35993185455625,-1.8171673414183962,70.00257768621032,0.34693844337899477
PedNYC24,PedNYC24_scenario21,21,2.0,-1.9999333460756068,69.54728809013397,3.579996257762371,77.58354080985386,-1.8065296691854325,69.86694406997819,0.3736106632375519
PedNYC24,PedNYC24_scenario21,21,3.0,-1.9518309272316736,69.3360934663447,3.6248083727672955,75.92502311125402,-1.7865015493999776,69.71520258524953,0.41359101442246776
PedNYC24,PedNYC24_scenario21,21,4.0,-1.916744005495181,69.09661266135377,3.6721311372800924,74.37568591432898,-1.766365213034811,69.53404823318081,0.46256206148092893
PedNYC24,PedNYC24_scenario21,21,5.0,-1.946678974772745,68.80858647745038,3.7099239569876823,72.92843908555682,-1.747798760292633,69.3329731292374,0.560833932892851
PedNYC24,PedNYC24_scenario21,21,6.0,-1.9784258998656314,68.51108152299808,3.7365181990342915,71.57646427612569,-1.7365755535379133,69.11983897989869,0.6550398700468005
PedNYC24,PedNYC24_scenario21,21,7.0,-1.968465607308757,68.35601836598174,3.7532872542677937,70.31294056894524,-1.7330047171810947,68.90689538623847,0.5990887431980758
PedNYC24,PedNYC24_scenario21,21,8.0,-1.8979004313265346,67.97825569457554,3.756601402529924,69.13291146337335,-1.734178519696201,68.67310029293871,0.7138724537495292
PedNYC24,PedNYC24_scenario21,21,9.0,-1.792667759008886,67.72396886252126,3.7472935665744727,68.03021082236526,-1.729664786041388,68.4404409422859,0.7192368286489613
PedNYC24,PedNYC24_scenario21,21,10.0,-1.7427676515854662,67.42936969229719,3.7220480517438337,67.01999727945018,-1.714501195148898,68.20996503885166,0.7811069629839342
PedNYC24,PedNYC24_scenario21,21,11.0,-1.6539910291772686,67.1789313830378,3.6898319272958164,66.21011125756422,-1.7093786353686158,67.95872061496786,0.7817538187650059
PedNYC24,PedNYC24_scenario21,21,12.0,-1.585241390278212,66.93858218418416,3.661808812038266,65.65981481876932,-1.7105148648709003,67.71371106683303,0.7851867473111179
PedNYC24,PedNYC24_scenario21,21,13.0,-1.5908598779859346,66.6196989661672,3.6406487857321164,65.30027602221521,-1.701620808899189,67.45744478136365,0.8450361144329405
PedNYC24,PedNYC24_scenario21,21,14.0,-1.640486380453554,66.33128753046275,3.6201104230389993,64.99415842199144,-1.698685724636741,67.19825912923983,0.8689228485598975
PedNYC24,PedNYC24_scenario21,21,15.0,-1.6450462341308596,66.0179557800293,3.5986505031585696,64.70850067138672,-1.6959252536032763,66.92561931432473,0.9090884259037509
PedNYC24,PedNYC24_scenario21,21,16.0,-1.602864472154183,65.7149048565838,3.5770517200823924,64.44169464731387,-1.6865739244722937,66.67475642194377,0.9634948364840266
PedNYC24,PedNYC24_scenario21,21,17.0,-1.6126224647587588,65.39631699278486,3.554896751490044,64.19249108997569,-1.6878849387447674,66.42719810274986,1.03362483661779
PedNYC24,PedNYC24_scenario21,21,18.0,-1.6347556854637826,65.14150085529747,3.532148872884456,63.959800182227866,-1.6928475003298016,66.19560740917889,1.0557060603644377
PedNYC24,PedNYC24_scenario21,21,19.0,-1.617213650390656,64.89589273250571,3.5091373137472393,63.74247637749703,-1.691696157566123,65.95459758567938,1.0613216336288525
PedNYC24,PedNYC24_scenario21,21,20.0,-1.5831125497817997,64.65574493408204,3.4862561225891113,63.541361236572264,-1.691040003484116,65.71870393749454,1.0684241565026336
PedNYC24,PedNYC24_scenario21,21,21.0,-1.5737142624902967,64.41978592708477,3.4679828670057073,63.38990285849026,-1.7028991624407648,65.4971993169833,1.0851305686910868
PedNYC24,PedNYC24_scenario21,21,22.0,-1.5968948803982725,64.1970878619998,3.463908026597315,63.3592115964548,-1.7232685253583613,65.26848722599237,1.0788266289372819
PedNYC24,PedNYC24_scenario21,21,23.0,-1.5856975305933443,64.0055467735944,3.4638803665533935,63.359013821560254,-1.730421229300475,65.03644162310239,1.0410039095553718
PedNYC24,PedNYC24_scenario21,21,24.0,-1.560147350290896,63.84615628588142,3.4638734246137592,63.35897476263273,-1.7326844632821083,64.8256955527612,0.9946186358191391
PedNYC24,PedNYC24_scenario21,21,25.0,-1.5818710052881566,63.73698448060179,3.463871955871582,63.35897064208984,-1.7612884374855875,64.6329153428684,0.9137191718127134
PedNYC24,PedNYC24_scenario21,21,26.0,-1.601766293617753,63.6808237985698,3.463871955871582,63.35897064208984,-1.7990657116677642,64.4404599811152,0.7848402322734359
PedNYC24,PedNYC24_scenario21,21,27.0,-1.602076607410083,63.66103307135382,3.463871955871582,63.35897064208984,-1.826652969619971,64.24456602224824,0.6252561453060427
PedNYC24,PedNYC24_scenario21,21,28.0,-1.594109902168912,63.65961659284976,3.463871955871582,63.35897064208984,-1.8429115196989831,64.05009084300737,0.4630036554086017
PedNYC24,PedNYC24_scenario21,21,29.0,-1.5889127216411052,63.664482862934136,3.463871955871582,63.35897064208984,-1.8680852622162605,63.87003610557126,0.3466834910546256
PedNYC24,PedNYC24_scenario21,21,30.0,-1.58191170587399,63.69508996181885,3.463871955871582,63.35897064208984,-1.8991914746182001,63.68540769192777,0.31742746888797
PedNYC24,PedNYC24_scenario21,21,31.0,-1.5935600509702348,63.68032775559726,3.463871955871582,63.35897064208984,-1.9244018579729016,63.49504565842647,0.3791909239325177
PedNYC24,PedNYC24_scenario21,21,32.0,-1.5963120162581534,63.67247334077014,3.4638692539350995,63.358956942720724,-1.9388502000199235,63.30721317825131,0.5007468358942411
PedNYC24,PedNYC24_scenario21,21,33.0,-1.6149098887327895,63.66507552110468,3.4638757041884305,63.35900115966797,-1.9497110775541249,63.131974681071775,0.6295143697168254
PedNYC24,PedNYC24_scenario21,21,34.0,-1.6459845190593603,63.643332120881794,3.4635643668470655,63.356763834668605,-1.9638288600748472,62.95713407603772,0.7562359300267357
PedNYC24,PedNYC24_scenario21,21,35.0,-1.7040443815227475,63.569413729231236,3.4603170591273797,63.332384277313736,-1.976875437050742,62.77561340886013,0.8393781826338996
PedNYC24,PedNYC24_scenario21,21,36.0,-1.7194710124408583,63.46254312860656,3.4496596220321067,63.25438796632136,-1.9806681022861308,62.58636645574973,0.9142808549904684
PedNYC24,PedNYC24_scenario21,21,37.0,-1.7121106147966287,63.32423915258261,3.431813711096424,63.12453751549591,-1.9875194231117008,62.39356349844064,0.970570546075916
PedNYC24,PedNYC24_scenario21,21,38.0,-1.7371174222413903,63.27030709454117,3.4134422509160394,62.99495324254832,-1.996107785750097,62.1974923280324,1.1036337851070093
PedNYC24,PedNYC24_scenario21,21,39.0,-1.7796938209073632,63.30289303922103,3.395347746122189,62.87310625415652,-2.005058859194586,61.9754391700128,1.3464483559936913
PedNYC24,PedNYC24_scenario21,21,40.0,-1.7835639715194702,63.33179321289063,3.3775604724884034,62.75872039794922,-2.014765555831237,61.75564211260331,1.5930180361581592
PedNYC24,PedNYC24_scenario21,21,41.0,-1.7559367412984006,63.3539573145678,3.349953716772312,62.60356234861489,-2.023002631829535,61.54150948442543,1.8320183751461023
PedNYC24,PedNYC24_scenario21,21,42.0,-1.7433678752033641,63.34660146916908,3.278724681055063,62.302388176937825,-2.0282745446250225,61.3152058821016,2.0512776119867757
PedNYC24,PedNYC24_scenario21,21,43.0,-1.7496100365953478,63.33575135995452,3.1189520684719576,61.82360276866428,-2.0341908489877274,61.08861519498951,2.2650843654653516
PedNYC24,PedNYC24_scenario21,21,44.0,-1.8097196829644138,63.32112586607053,2.8256642142666055,61.16295518513894,-2.0475315707889035,60.864360700598525,2.4682482801102776
PedNYC24,PedNYC24_scenario21,21,45.0,-1.8451002978430973,63.32131954658617,2.3512902011691112,60.35303384419107,-2.073350900989988,60.63840820183235,2.6926031311067113
PedNYC24,PedNYC24_scenario21,21,46.0,-1.82996389686222,63.31930700287986,1.6427150417262428,59.45716165879581,-2.089057810505804,60.4111279305209,2.919697787955764
PedNYC24,PedNYC24_scenario21,21,47.0,-1.8154389947721306,63.27553582903789,0.6405026324875741,58.564319133139506,-2.084047468677665,60.18267849712839,3.104499474601374
PedNYC24,PedNYC24_scenario21,21,48.0,-1.8492693348850786,63.14174306740801,-0.6751077856464851,57.75430416713237,-2.0969932581660817,59.95361459827399,3.1977383066580933
PedNYC24,PedNYC24_scenario21,21,49.0,-1.901546483261763,62.95116853764914,-2.290291854455654,57.09351736427942,-2.1280210868134297,59.72510909821509,3.233999111443198
PedNYC24,PedNYC24_scenario21,21,50.0,-1.8946387380088066,62.74648377864771,-4.186413541106121,56.608529671846924,-2.1415726242359976,59.50820528941491,3.2476797745459933
PedNYC24,PedNYC24_scenario21,21,51.0,-1.846806282415598,62.53046556837026,-6.3306112071245755,56.38441443930465,-2.1511988329233893,59.29022030652531,3.254511358362922
PedNYC24,PedNYC24_scenario21,21,52.0,-1.8544225306220041,62.30713872089771,-8.671551750518557,56.45556625053985,-2.169277852319524,59.07241554195519,3.25001044890463
PedNYC24,PedNYC24_scenario21,21,53.0,-1.9255199228178486,62.056210405018156,-11.452637907224341,56.64784636797263,-2.191041779263107,58.8553537433938,3.211850747546523
PedNYC24,PedNYC24_scenario21,21,54.0,-1.9848057106869406,61.80177283707963,-14.56408011356472,56.8038848306451,-2.197121118848999,58.641038644652404,3.167857078171555
PedNYC24,PedNYC24_scenario21,21,55.0,-2.0354183939472277,61.530543676558395,-17.674921741449566,56.95989317437829,-2.193226298117283,58.432645701371136,3.1019147633821054
PedNYC24,PedNYC24_scenario21,21,56.0,-2.1385007409431296,61.286922767905665,-20.786050942908364,57.11591593989256,-2.2068897287829405,58.21921562505987,3.068469352612941
PedNYC24,PedNYC24_scenario21,21,57.0,-2.2639099595718695,61.030463761792156,-23.89720557567479,57.27193998078394,-2.228612065711436,58.00478344553898,3.0258862036555305
PedNYC24,PedNYC24_scenario21,21,58.0,-2.3382101959518464,60.761204243310225,-27.00843122172881,57.427967582983385,-2.2415834951305857,57.79468855910969,2.968088951483662
PedNYC24,PedNYC24_scenario21,21,59.0,-2.378185880303992,60.48394613126304,-30.11948940990004,57.5839867871896,-2.248649494784993,57.57713523854753,2.909695730000455
PedNYC24,PedNYC24_scenario21,21,60.0,-2.4402019696033532,60.21546344914932,-33.23033103778484,57.73999513092278,-2.2538043295640473,57.363200272204615,2.8583473040844622
PedNYC24,PedNYC24_scenario21,21,61.0,-2.2328001497197163,59.97102427245119,-36.34177324412527,57.89603359359526,-2.2505066610104407,57.16284960897824,2.8082304857531706
PedNYC24,PedNYC24_scenario21,21,62.0,-2.263517431897012,59.7322581940206,-39.363273021959614,58.03428221078285,-2.2605093636601685,56.972795548860645,2.759464284695075
PedNYC24,PedNYC24_scenario21,21,63.0,-2.2951380574804596,59.4099585696091,-41.43688173060837,58.011614532144456,-2.26960668010071,56.780389537604606,2.629692975483635
PedNYC24,PedNYC24_scenario21,21,64.0,-2.3319849845074914,59.144284502503844,-42.93879847347628,57.968040541440395,-2.2695786202796047,56.595322650115136,2.5497256870551808
PedNYC24,PedNYC24_scenario21,21,65.0,-2.4046943664550784,58.88681831359863,-43.89332122802735,57.93981781005859,-2.270678576491046,56.426068018985625,2.4643969332065168
PedNYC24,PedNYC24_scenario21,21,66.0,-2.4646883030177036,58.61295191603846,-44.323667555716206,57.928682922506766,-2.269968189868403,56.26084748465528,2.360150668622086
PedNYC24,PedNYC24_scenario21,21,67.0,-2.4781628033698877,58.3504457912893,-44.35773115707816,57.927841723148774,-2.2697517160711307,56.08408935831554,2.2759188611614913
PedNYC24,PedNYC24_scenario21,21,68.0,-2.485263075730724,58.05767701941646,-44.35825758322447,57.927824251503644,-2.2753815514399096,55.920450356775795,2.1475074066789124
PedNYC24,PedNYC24_scenario21,21,69.0,-2.510812155606693,57.77578114916908,-44.35833366271238,57.92781829833984,-2.2880545685634845,55.76000780077323,2.0280441648761784
PedNYC24,PedNYC24_scenario21,21,70.0,-2.5244482739687135,57.46807700674712,-44.35833740234375,57.927820583809,-2.294843945041439,55.60877824269272,1.8734220138229312
PedNYC24,PedNYC24_scenario21,21,71.0,-2.4994529579204325,57.19763811681774,-44.35833740234375,57.92781829833984,-2.2947883799553486,55.46705233267817,1.7426459037164144
PedNYC24,PedNYC24_scenario21,21,72.0,-2.481423235792305,56.900988257728024,-44.35833740234375,57.92781829833984,-2.3021287801758152,55.31677505852195,1.5943268053801147
PedNYC24,PedNYC24_scenario21,21,73.0,-2.503097345392116,56.623476415347696,-44.35833740234375,57.92781829833984,-2.3145414002942717,55.18287569694167,1.4528880804465618
PedNYC24,PedNYC24_scenario21,21,74.0,-2.504489920371343,56.34071643490857,-44.35833740234375,57.92781829833984,-2.3261289988622824,55.05534571272295,1.2976865999822682
PedNYC24,PedNYC24_scenario21,21,75.0,-2.4763665199279785,56.064775466918945,-44.35833740234375,57.92781829833984,-2.3395481029360004,54.92642134327374,1.14654672388361
PedNYC24,PedNYC24_scenario21,21,76.0,-2.4753141946152275,55.8167192986678,-44.35833740234375,57.92781829833984,-2.351323034633274,54.809563038522455,1.0147598435608425
PedNYC24,PedNYC24_scenario21,21,77.0,-2.50656360704254,55.56901677843117,-44.35833740234375,57.92781829833984,-2.359643043079823,54.68348034555226,0.8976415910991555
PedNYC24,PedNYC24_scenario21,21,78.0,-2.5333788803490958,55.34177151068833,-44.35833740234375,57.92781540117944,-2.364647823633431,54.56858272927498,0.7913855325970084
PedNYC24,PedNYC24_scenario21,21,79.0,-2.520471626581153,55.0755532615977,-44.35833740234375,57.92781829833984,-2.3683877302409266,54.437539623172306,0.6558894070975922
PedNYC24,PedNYC24_scenario21,21,80.0,-2.4760276730240682,54.82911327077562,-44.35833740234375,57.92781829833984,-2.363749903912617,54.31233747388921,0.5288322245138171
PedNYC24,PedNYC24_scenario21,21,81.0,-2.455371660398677,54.589792838001785,-44.35833740234375,57.92781829833984,-2.357570062568436,54.20082157935562,0.40107828735912693
PedNYC24,PedNYC24_scenario21,21,82.0,-2.47768179282836,54.33408141373569,-44.35833740234375,57.92781829833984,-2.3588693522693336,54.07759073823681,0.2826727129552205
PedNYC24,PedNYC24_scenario21,21,83.0,-2.4792550184458655,54.120167181064566,-44.35833740234375,57.92781448364258,-2.3607271994155945,53.97038175732655,0.19100920671122085
PedNYC24,PedNYC24_scenario21,21,84.0,-2.458497213065377,53.89998349783943,-44.35833740234375,57.92781829833984,-2.351357278926944,53.853348048367444,0.11684960690837529
PedNYC24,PedNYC24_scenario21,21,85.0,-2.4424504583187963,53.67259585397277,-44.35833740234375,57.92781829833984,-2.3337644886605724,53.74060284997639,0.12820917091216388
PedNYC24,PedNYC24_scenario21,21,86.0,-2.4736093821851135,53.469221406981646,-44.35833740234375,57.92781829833984,-2.317310858251487,53.63163976247636,0.22540840886142208
PedNYC24,PedNYC24_scenario21,21,87.0,-2.5204344640912946,53.262449829008595,-44.358357393366944,57.92781829833984,-2.304096794375246,53.532144124650166,0.3457412333520162
PedNYC24,PedNYC24_scenario21,21,88.0,-2.5252350328047983,53.07046915573291,-44.3583828780073,57.92781829833984,-2.2849930895089425,53.44273811875156,0.4430579783115907
PedNYC24,PedNYC24_scenario21,21,89.0,-2.4902842536629057,52.84292659065433,-44.35836859551504,57.92781829833984,-2.2652136843913655,53.3573688589584,0.5615225806412909
PedNYC24,PedNYC24_scenario21,21,90.0,-2.4851216316223144,52.63625717163086,-44.35829315185546,57.92781829833984,-2.2498123757653476,53.27411724062558,0.6798793374635732
PedNYC24,PedNYC24_scenario21,21,91.0,-2.5369052273433237,52.41933490631743,-44.35835098735489,57.92781829833984,-2.2469028274449068,53.204574446245296,0.8370797614403099
PedNYC24,PedNYC24_scenario21,21,92.0,-2.579918007864164,52.23011528852746,-44.35837417378932,57.92781829833984,-2.24088747851782,53.13506061692246,0.9663683289578563
PedNYC24,PedNYC24_scenario21,21,93.0,-2.586855700873967,52.06402563863166,-44.35851377920885,57.92781829833984,-2.233954290090036,53.06838784374048,1.0645575817138022
PedNYC24,PedNYC24_scenario21,21,94.0,-2.579761919717079,51.88234234262543,-44.358413373224735,57.927820286454555,-2.2237956508195387,53.00834053367193,1.1809250233748219
PedNYC24,PedNYC24_scenario21,21,95.0,-2.599793841704033,51.73519553749275,-44.35841258704644,57.92781829833984,-2.2063540095778302,52.95125301377824,1.2781199815093007
PedNYC24,PedNYC24_scenario21,21,96.0,-2.6503553246052847,51.57749678071652,-44.35844421386719,57.92781326584209,-2.1933332995411763,52.896117026501116,1.3955746071015769
PedNYC24,PedNYC24_scenario21,21,97.0,-2.6762027582242744,51.4254463703451,-44.35844421386719,57.92781829833984,-2.1877621883656873,52.852530737306374,1.508358041284974
PedNYC24,PedNYC24_scenario21,21,98.0,-2.6665268776148947,51.29990900440341,-44.35840043386953,57.92781387753333,-2.187651720080178,52.813528703133805,1.5875660644170342
PedNYC24,PedNYC24_scenario21,21,99.0,-2.6618197718658805,51.20771615345022,-44.35842332205311,57.92781227323932,-2.1883941165027183,52.79574136491756,1.6570926115977733
PedNYC24,PedNYC24_scenario21,21,100.0,,,,,-2.175133762359619,52.89806213378906,
PedNYC25,PedNYC25_scenario21,21,0.0,-1.7819072008132937,70.2130355834961,4.3455963134765625,93.5099868774414,-1.825302419839082,70.10194651285808,0.1192641046145665
PedNYC25,PedNYC25_scenario21,21,1.0,-1.8108878960025447,70.07979837178509,4.251872262587915,92.43519190787033,-1.8171673414183962,70.00257768621032,0.07747558141355602
PedNYC25,PedNYC25_scenario21,21,2.0,-1.8310365423829984,69.86247071612209,4.1674431409874195,91.40758882493161,-1.8065296691854325,69.86694406997819,0.024911798984486293
PedNYC25,PedNYC25_scenario21,21,3.0,-1.823386005110842,69.61082804360085,4.090607254834955,90.43644405448018,-1.7865015493999776,69.71520258524953,0.11070008137964056
PedNYC25,PedNYC25_scenario21,21,4.0,-1.7951321525552655,69.3186660147467,4.0122611189898905,89.51172127232263,-1.766365213034811,69.53404823318081,0.21729481546271276
PedNYC25,PedNYC25_scenario21,21,5.0,-1.7814617228425758,69.00161185245855,3.9250531386053287,88.61227156173182,-1.747798760292633,69.3329731292374,0.33306679629790237
PedNYC25,PedNYC25_scenario21,21,6.0,-1.781109429274644,68.67617687090994,3.830624510652195,87.72186765104885,-1.7365755535379133,69.11983897989869,0.44589161579971104
PedNYC25,PedNYC25_scenario21,21,7.0,-1.773013117629312,68.33787125954514,3.7316103311620177,86.83455272933881,-1.7330047171810947,68.90689538623847,0.5704288990448662
PedNYC25,PedNYC25_scenario21,21,8.0,-1.761142802350726,67.98844253304702,3.6361299870937835,85.92650675025133,-1.734178519696201,68.67310029293871,0.6851885293253115
PedNYC25,PedNYC25_scenario21,21,9.0,-1.7655022298946617,67.63307098868327,3.55041022601908,84.97942993360361,-1.729664786041388,68.4404409422859,0.8081649363603022
PedNYC25,PedNYC25_scenario21,21,10.0,-1.7822015099973811,67.2688762814355,3.47568682576282,83.97897487464978,-1.714501195148898,68.20996503885166,0.9435207374327764
PedNYC25,PedNYC25_scenario21,21,11.0,-1.7820578639890152,66.89734083062172,3.4071913614382265,82.90933769241059,-1.7093786353686158,67.95872061496786,1.0638652719642294
PedNYC25,PedNYC25_scenario21,21,12.0,-1.7701984501871852,66.53944551775461,3.3431805627138393,81.7535977968028,-1.7105148648709003,67.71371106683303,1.1757813189996826
PedNYC25,PedNYC25_scenario21,21,13.0,-1.7654787620748154,66.1722963951643,3.278914462144866,80.50935650818465,-1.701620808899189,67.45744478136365,1.2867339323786335
PedNYC25,PedNYC25_scenario21,21,14.0,-1.764620744914557,65.80191731131049,3.2035232090327987,79.20717618923291,-1.698685724636741,67.19825912923983,1.39789767128973
PedNYC25,PedNYC25_scenario21,21,15.0,-1.749455708030758,65.43352020376209,3.1185929376079082,77.90844990285775,-1.6959252536032763,66.92561931432473,1.493059029406761
PedNYC25,PedNYC25_scenario21,21,16.0,-1.729047448031523,65.06066397793994,3.027923155797758,76.66991251004927,-1.6865739244722937,66.67475642194377,1.614651175329766
PedNYC25,PedNYC25_scenario21,21,17.0,-1.7480678669007539,64.7277262393191,2.9455009724433103,75.50055038021614,-1.6878849387447674,66.42719810274986,1.7005371502658342
PedNYC25,PedNYC25_scenario21,21,18.0,-1.7580830613903424,64.36246708510559,2.882373885122927,74.39680537234507,-1.6928475003298016,66.19560740917889,1.834300718576548
PedNYC25,PedNYC25_scenario21,21,19.0,-1.7576815114938067,64.01738934416329,2.84474682056972,73.3560809413067,-1.691696157566123,65.95459758567938,1.9383317151434167
PedNYC25,PedNYC25_scenario21,21,20.0,-1.766506951425613,63.64551649119746,2.82010537240745,72.3748058212237,-1.691040003484116,65.71870393749454,2.0745605432754664
PedNYC25,PedNYC25_scenario21,21,21.0,-1.7911325410981411,63.299402565956804,2.8043576233597665,71.48745980329427,-1.7028991624407648,65.4971993169833,2.199567159222903
PedNYC25,PedNYC25_scenario21,21,22.0,-1.8343632091938606,62.95420176085812,2.797816625243461,70.81773269392356,-1.7232685253583613,65.26848722599237,2.316950418741882
PedNYC25,PedNYC25_scenario21,21,23.0,-1.8826865125113066,62.62986525011277,2.7960512048378985,70.33286752229314,-1.730421229300475,65.03644162310239,2.4113885119372913
PedNYC25,PedNYC25_scenario21,21,24.0,-1.945266655816456,62.30376092313901,2.7958985841229014,70.02077673206999,-1.7326844632821083,64.8256955527612,2.5308783978433937
PedNYC25,PedNYC25_scenario21,21,25.0,-2.040020869107911,61.99993433966307,2.7946142295451266,69.78329214676073,-1.7612884374855875,64.6329153428684,2.647693473889725
PedNYC25,PedNYC25_scenario21,21,26.0,-2.1609706098028005,61.7272405351363,2.793351615770482,69.55994469356729,-1.7990657116677642,64.4404599811152,2.73724951682015
PedNYC25,PedNYC25_scenario21,21,27.0,-2.2941319877328232,61.474126241873016,2.792250057197067,69.34935850317461,-1.826652969619971,64.24456602224824,2.8096037459152945
PedNYC25,PedNYC25_scenario21,21,28.0,-2.423963325828842,61.25053237856755,2.7912131011786756,69.1455338988856,-1.8429115196989831,64.05009084300737,2.8592217117991057
PedNYC25,PedNYC25_scenario21,21,29.0,-2.5881656190127087,61.08471327742592,2.7901943347371936,68.92278902350479,-1.8680852622162605,63.87003610557126,2.876897456850288
PedNYC25,PedNYC25_scenario21,21,30.0,-2.7938836646757017,60.9479068919135,2.7891257901752557,68.65566218196587,-1.8991914746182001,63.68540769192777,2.8799973515662614
PedNYC25,PedNYC25_scenario21,21,31.0,-2.942244091586293,60.8338380627332,2.7880090373100033,68.31777443053839,-1.9244018579729016,63.49504565842647,2.8492154498918913
PedNYC25,PedNYC25_scenario21,21,32.0,-3.042294113775591,60.70903489727895,2.7869445285932355,67.8826040877777,-1.9388502000199235,63.30721317825131,2.822785654370683
PedNYC25,PedNYC25_scenario21,21,33.0,-3.1240218698534528,60.637212338372194,2.785708911480029,67.33665002364573,-1.9497110775541249,63.131974681071775,2.757325694121493
PedNYC25,PedNYC25_scenario21,21,34.0,-3.23661312874197,60.602390507398994,2.7832981459571564,66.68242467063546,-1.9638288600748472,62.95713407603772,2.6767138563193376
PedNYC25,PedNYC25_scenario21,21,35.0,-3.3372001765051187,60.56084212560563,2.7762706533532677,65.9429745657686,-1.976875437050742,62.77561340886013,2.599172028531471
PedNYC25,PedNYC25_scenario21,21,36.0,-3.3841867661525398,60.54304186764578,2.7532030066814723,65.20730380457528,-1.9806681022861308,62.58636645574973,2.4789191217487363
PedNYC25,PedNYC25_scenario21,21,37.0,-3.461904833645913,60.41299014428048,2.7051455004858567,64.51648675869734,-1.9875194231117008,62.39356349844064,2.4691057389276345
PedNYC25,PedNYC25_scenario21,21,38.0,-3.479249134562254,60.3523597866387,2.6521793281253627,64.0142232047299,-1.996107785750097,62.1974923280324,2.3673238806437804
PedNYC25,PedNYC25_scenario21,21,39.0,-3.4772254956173527,60.32713088108118,2.6340392727381743,63.87807061826742,-2.005058859194586,61.9754391700128,2.2100214525558335
PedNYC25,PedNYC25_scenario21,21,40.0,-3.5006585195853335,60.31730062381123,2.6339701907872537,63.8773500311474,-2.014765555831237,61.75564211260331,2.0680193756622685
PedNYC25,PedNYC25_scenario21,21,41.0,-3.535364263101124,60.343972076212935,2.6339319280668976,63.877131590968986,-2.023002631829535,61.54150948442543,1.9290758273874997
PedNYC25,PedNYC25_scenario21,21,42.0,-3.5780151181978663,60.35729700864802,2.6339814461595488,63.87738907512111,-2.0282745446250225,61.3152058821016,1.8218905716916698
PedNYC25,PedNYC25_scenario21,21,43.0,-3.602659999652648,60.270840715578466,2.632964281646858,63.871638746216824,-2.0341908489877274,61.08861519498951,1.768855724971242
PedNYC25,PedNYC25_scenario21,21,44.0,-3.6239203433121507,60.1136840525356,2.624720354462602,63.82175680984537,-2.0475315707889035,60.864360700598525,1.7460002841020195
PedNYC25,PedNYC25_scenario21,21,45.0,-3.6301973457408137,59.928317724195004,2.6056315410671567,63.70783830849445,-2.073350900989988,60.63840820183235,1.7111397777401227
PedNYC25,PedNYC25_scenario21,21,46.0,-3.6466854364062207,59.715261410138744,2.574889743462694,63.5315256599071,-2.089057810505804,60.4111279305209,1.7059994241373395
PedNYC25,PedNYC25_scenario21,21,47.0,-3.6541809013928788,59.43523316099645,2.540140073688548,63.34226479376368,-2.084047468677665,60.18267849712839,1.738963348387613
PedNYC25,PedNYC25_scenario21,21,48.0,-3.6016420455937,59.109265366982164,2.5047706056168857,63.160971304862514,-2.0969932581660817,59.95361459827399,1.7253676703504366
PedNYC25,PedNYC25_scenario21,21,49.0,-3.5310893337277434,58.750425413360176,2.4787724229418058,63.03198598051027,-2.1280210868134297,59.72510909821509,1.7083936288284278
PedNYC25,PedNYC25_scenario21,21,50.0,-3.4727872281955894,58.41567975408391,2.477685704133549,63.0270233708732,-2.1415726242359976,59.50820528941491,1.7221336670379508
PedNYC25,PedNYC25_scenario21,21,51.0,-3.4106678825364534,58.07581057388836,2.477643263256946,63.02682999347567,-2.1511988329233893,59.29022030652531,1.7495866042172898
PedNYC25,PedNYC25_scenario21,21,52.0,-3.3175156619867003,57.63938173001852,2.4776259131469045,63.02677337487128,-2.169277852319524,59.07241554195519,1.836310424112168
PedNYC25,PedNYC25_scenario21,21,53.0,-3.250040125435678,57.25077691758011,2.4776117428250615,63.02675671371861,-2.191041779263107,58.8553537433938,1.9225359000899227
PedNYC25,PedNYC25_scenario21,21,54.0,-3.2061886704512745,56.87446656356098,2.4773028246816757,63.02535554091968,-2.197121118848999,58.641038644652404,2.0344518282299777
PedNYC25,PedNYC25_scenario21,21,55.0,-3.168061241817539,56.53280101138386,2.4718265527361654,62.99923721260416,-2.193226298117283,58.432645701371136,2.1353484524854323
PedNYC25,PedNYC25_scenario21,21,56.0,-3.120962449166671,56.132123504016974,2.4562856798140382,62.92478773798608,-2.2068897287829405,58.21921562505987,2.278482490577673
PedNYC25,PedNYC25_scenario21,21,57.0,-3.0922893493578614,55.76670828232627,2.424915444834884,62.77839911880643,-2.228612065711436,58.00478344553898,2.398941201129465
PedNYC25,PedNYC25_scenario21,21,58.0,-3.0919308991944803,55.3831349718533,2.3721762259395756,62.54890579065738,-2.2415834951305857,57.79468855910969,2.5570845531204762
PedNYC25,PedNYC25_scenario21,21,59.0,-3.091697395883827,54.97166925081979,2.2880152777229967,62.24306494440625,-2.248649494784993,57.57713523854753,2.738463579592257
PedNYC25,PedNYC25_scenario21,21,60.0,-3.085943333819598,54.57612618242311,2.1648798195568997,61.87088664788515,-2.2538043295640473,57.363200272204615,2.9086487076191974
PedNYC25,PedNYC25_scenario21,21,61.0,-3.0615792466539915,54.186965460684036,1.9910770617052056,61.44853827838442,-2.2505066610104407,57.16284960897824,3.0844327198451333
PedNYC25,PedNYC25_scenario21,21,62.0,-3.048198482617866,53.80249097668262,1.7462830859060476,60.9964194712369,-2.2605093636601685,56.972795548860645,3.2666933171782824
PedNYC25,PedNYC25_scenario21,21,63.0,-3.0317350477428398,53.433458416315204,1.422674859740255,60.5306709313836,-2.26960668010071,56.780389537604606,3.4326065284882836
PedNYC25,PedNYC25_scenario21,21,64.0,-2.9975610509516963,53.06533815780446,1.0059904150191217,60.08498655900317,-2.2695786202796047,56.595322650115136,3.604268155301586
PedNYC25,PedNYC25_scenario21,21,65.0,-2.9689405228004975,52.74317852656047,0.5153173507273635,59.68079763042684,-2.270678576491046,56.426068018985625,3.7484990008107877
PedNYC25,PedNYC25_scenario21,21,66.0,-2.938705403704039,52.47427850450788,-0.02520839550497151,59.322490142192876,-2.269968189868403,56.26084748465528,3.845167629971829
PedNYC25,PedNYC25_scenario21,21,67.0,-2.896769551852697,52.24211575710601,-0.6044720184894351,58.99481449772358,-2.2697517160711307,56.08408935831554,3.892802656028055
PedNYC25,PedNYC25_scenario21,21,68.0,-2.8430241913315033,52.05021832194452,-1.2181293073520945,58.69481163470283,-2.2753815514399096,55.920450356775795,3.9116382974474173
PedNYC25,PedNYC25_scenario21,21,69.0,-2.7879287091439253,51.89802149082258,-1.8633324277672703,58.42505746563847,-2.2880545685634845,55.76000780077323,3.894202410592866
PedNYC25,PedNYC25_scenario21,21,70.0,-2.7420432138023734,51.752272444010096,-2.540418327791159,58.21020511139111,-2.294843945041439,55.60877824269272,3.8823477640794923
PedNYC25,PedNYC25_scenario21,21,71.0,-2.7269213546595674,51.62827928244154,-3.255837069056376,58.055462413007604,-2.2947883799553486,55.46705233267817,3.863019212876086
PedNYC25,PedNYC25_scenario21,21,72.0,-2.7215887798275697,51.517065605729364,-4.021842762541459,57.964821300431666,-2.3021287801758152,55.31677505852195,3.822791992372743
PedNYC25,PedNYC25_scenario21,21,73.0,-2.744355910158116,51.464599620339925,-4.847807416233322,57.93305683895307,-2.3145414002942717,55.18287569694167,3.743035866074272
PedNYC25,PedNYC25_scenario21,21,74.0,-2.7769146183317988,51.44083165141407,-5.736757038086706,57.914471926052464,-2.3261289988622824,55.05534571272295,3.642515555782863
PedNYC25,PedNYC25_scenario21,21,75.0,-2.7961914332340387,51.43235510010633,-6.672729098186272,57.82008691879454,-2.3395481029360004,54.92642134327374,3.5237795110857464
PedNYC25,PedNYC25_scenario21,21,76.0,-2.821234783640349,51.42247116872591,-7.63207058169981,57.61266911438425,-2.351323034633274,54.809563038522455,3.4195333579739686
PedNYC25,PedNYC25_scenario21,21,77.0,-2.8387869323960397,51.408465441192114,-8.61990200548451,57.33425005079433,-2.359643043079823,54.68348034555226,3.3098793770242114
PedNYC25,PedNYC25_scenario21,21,78.0,-2.8388206501419013,51.41046123324104,-9.648534682865455,57.06040059303508,-2.364647823633431,54.56858272927498,3.1935201976988807
PedNYC25,PedNYC25_scenario21,21,79.0,-2.835005310619541,51.41922632674096,-10.677965833427589,56.83941292743568,-2.3683877302409266,54.437539623172306,3.0541688102874476
PedNYC25,PedNYC25_scenario21,21,80.0,-2.8331304967340594,51.42221301308055,-11.672940104974233,56.6785552194889,-2.363749903912617,54.31233747388921,2.9279920662259213
PedNYC25,PedNYC25_scenario21,21,81.0,-2.8316179690863685,51.42082078961484,-12.611636363060725,56.60357725622905,-2.357570062568436,54.20082157935562,2.8201286865377986
PedNYC25,PedNYC25_scenario21,21,82.0,-2.8191610869054053,51.42787113688231,-13.496945349254743,56.593525948513246,-2.3588693522693336,54.07759073823681,2.68940187528315
PedNYC25,PedNYC25_scenario21,21,83.0,-2.8196331780401165,51.42560282967341,-14.325844174702235,56.62244362247126,-2.3607271994155945,53.97038175732655,2.58582568783064
PedNYC25,PedNYC25_scenario21,21,84.0,-2.8239810654357944,51.41578081230945,-15.11059973028595,56.637100330179905,-2.351357278926944,53.853348048367444,2.4829634056661756
PedNYC25,PedNYC25_scenario21,21,85.0,-2.8177682669486903,51.41246143618203,-15.85395116625908,56.63804478118552,-2.3337644886605724,53.74060284997639,2.3779197000785346
PedNYC25,PedNYC25_scenario21,21,86.0,-2.7534991839077176,51.42361283628323,-16.582043197587666,56.637931834305974,-2.317310858251487,53.63163976247636,2.250698372113122
PedNYC25,PedNYC25_scenario21,21,87.0,-2.6983329164027046,51.399231213061164,-17.33138078522236,56.645735398634685,-2.304096794375246,53.532144124650166,2.1690411725770273
PedNYC25,PedNYC25_scenario21,21,88.0,-2.6758372286835588,51.367038732398754,-18.126116445350778,56.66347397183554,-2.2849930895089425,53.44273811875156,2.1121759120945813
PedNYC25,PedNYC25_scenario21,21,89.0,-2.6657234364209463,51.3552043541622,-18.983400953301437,56.68582446348785,-2.2652136843913655,53.3573688589584,2.0418302490012805
PedNYC25,PedNYC25_scenario21,21,90.0,-2.6509802364829937,51.34091066632559,-19.909432905557573,56.71233622020768,-2.2498123757653476,53.27411724062558,1.9743918839453998
PedNYC25,PedNYC25_scenario21,21,91.0,-2.6501339296178186,51.306516739251386,-20.907551968397243,56.7452479633657,-2.2469028274449068,53.204574446245296,1.9404170636331153
PedNYC25,PedNYC25_scenario21,21,92.0,-2.662034343567723,51.27393031654803,-21.97653308736993,56.786335116015124,-2.24088747851782,53.13506061692246,1.908185178884158
PedNYC25,PedNYC25_scenario21,21,93.0,-2.676256172429947,51.264311990608164,-23.109067476039026,56.83336459828072,-2.233954290090036,53.06838784374048,1.857503873206333
PedNYC25,PedNYC25_scenario21,21,94.0,-2.694424601042991,51.25169817794839,-24.299479389414532,56.88454648535336,-2.2237956508195387,53.00834053367193,1.8185939554255537
PedNYC25,PedNYC25_scenario21,21,95.0,-2.691435183706331,51.24648984904842,-25.544050479447296,56.93751064625501,-2.2063540095778302,52.95125301377824,1.772433692219123
PedNYC25,PedNYC25_scenario21,21,96.0,-2.6734378181220717,51.256874920450926,-26.831637657323878,56.99108631104892,-2.1933332995411763,52.896117026501116,1.7081027577431214
PedNYC25,PedNYC25_scenario21,21,97.0,-2.6453381545373102,51.303096510747345,-28.106526484393445,57.040196705950464,-2.1877621883656873,52.852530737306374,1.6155872577024342
PedNYC25,PedNYC25_scenario21,21,98.0,-2.6625906992673425,51.3694123979958,-29.319688389377237,57.08183260470312,-2.187651720080178,52.813528703133805,1.5202101620226014
PedNYC25,PedNYC25_scenario21,21,99.0,-2.732339772193864,51.40161507612509,-30.463574752233487,57.11922438486395,-2.1883941165027183,52.79574136491756,1.4964842082185625
PedNYC25,PedNYC25_scenario21,21,100.0,-2.7891721725463867,51.40412139892578,-31.50019836425781,57.16248321533203,-2.175133762359619,52.89806213378906,1.6152096113101015
PedNYC26,PedNYC26_scenario21,21,0.0,-1.8495525121688845,70.06105041503906,3.370727062225342,92.634765625,-1.825302419839082,70.10194651285808,0.0475453235852529
PedNYC26,PedNYC26_scenario21,21,1.0,-1.838683521230182,69.97930593992245,3.387188440088775,91.49360313313919,-1.8171673414183962,70.00257768621032,0.03169416616634164
PedNYC26,PedNYC26_scenario21,21,2.0,-1.8386699618232554,69.86641692385824,3.4042995562568112,90.32609722702156,-1.8065296691854325,69.86694406997819,0.032144615316980735
PedNYC26,PedNYC26_scenario21,21,3.0,-1.8384008024185912,69.73705016952417,3.42207271293718,89.13385480289546,-1.7865015493999776,69.71520258524953,0.05631029570626941
PedNYC26,PedNYC26_scenario21,21,4.0,-1.8210110188137134,69.6284055544251,3.439618099369999,87.91634764207356,-1.766365213034811,69.53404823318081,0.10903883785891785
PedNYC26,PedNYC26_scenario21,21,5.0,-1.770228873213395,69.52669122711822,3.4560747206502347,86.67748841090804,-1.747798760292633,69.3329731292374,0.19501233656412753
PedNYC26,PedNYC26_scenario21,21,6.0,-1.6963409796952282,69.39950944493161,3.4700987963172776,85.41719389072087,-1.7365755535379133,69.11983897989869,0.28254980082108216
PedNYC26,PedNYC26_scenario21,21,7.0,-1.6251095013007633,69.25878866656389,3.4809752326488175,84.1380589725282,-1.7330047171810947,68.90689538623847,0.3680628456500915
PedNYC26,PedNYC26_scenario21,21,8.0,-1.5814133013848075,69.11117566852084,3.488323836054541,82.84272229208612,-1.734178519696201,68.67310029293871,0.4639474610525983
PedNYC26,PedNYC26_scenario21,21,9.0,-1.5693648906588795,68.96262801694198,3.492098724571832,81.53647436519344,-1.729664786041388,68.4404409422859,0.5462374917538262
PedNYC26,PedNYC26_scenario21,21,10.0,-1.5963394529790076,68.80282216686052,3.4921650087088922,80.22039684922123,-1.714501195148898,68.20996503885166,0.6045178008491862
PedNYC26,PedNYC26_scenario21,21,11.0,-1.6395213903548833,68.62728253089618,3.488536016160505,78.89618836387817,-1.7093786353686158,67.95872061496786,0.6722016588127832
PedNYC26,PedNYC26_scenario21,21,12.0,-1.6513373469993897,68.46883924156313,3.4811947282608786,77.57437391088482,-1.7105148648709003,67.71371106683303,0.7574434228988001
PedNYC26,PedNYC26_scenario21,21,13.0,-1.6467998780982185,68.30897053770376,3.4703182568677575,76.2701564471201,-1.701620808899189,67.45744478136365,0.8532886077784468
PedNYC26,PedNYC26_scenario21,21,14.0,-1.6210528111259086,68.13461072038163,3.4560360860902253,74.99847675387448,-1.698685724636741,67.19825912923983,0.9395643519706152
PedNYC26,PedNYC26_scenario21,21,15.0,-1.5791378602718702,67.95241387116513,3.4394469741177542,73.7609235268698,-1.6959252536032763,66.92561931432473,1.0334149008013278
PedNYC26,PedNYC26_scenario21,21,16.0,-1.5262638647400744,67.78073924425108,3.423662607697928,72.5573133917203,-1.6865739244722937,66.67475642194377,1.1175407457852233
PedNYC26,PedNYC26_scenario21,21,17.0,-1.4670943941795191,67.65453247279136,3.4131537305031174,71.38840747612664,-1.6878849387447674,66.42719810274986,1.2470357334313218
PedNYC26,PedNYC26_scenario21,21,18.0,-1.4547630438206582,67.53763295757619,3.4100178310233105,70.25494792751464,-1.6928475003298016,66.19560740917889,1.3629808439528173
PedNYC26,PedNYC26_scenario21,21,19.0,-1.452343619071987,67.42333966155924,3.4133084567547214,69.15750853902483,-1.691696157566123,65.95459758567938,1.4881172410611556
PedNYC26,PedNYC26_scenario21,21,20.0,-1.4390050894115076,67.28416658017534,3.4190287106930555,68.0982417085521,-1.691040003484116,65.71870393749454,1.585621292598185
PedNYC26,PedNYC26_scenario21,21,21.0,-1.4104756833005154,67.10313845513137,3.4169835841311063,67.08009171254284,-1.7028991624407648,65.4971993169833,1.6323455536706268
PedNYC26,PedNYC26_scenario21,21,22.0,-1.3977706313715752,66.90876309554102,3.391626318056853,66.10205998862877,-1.7232685253583613,65.26848722599237,1.6722600895833752
PedNYC26,PedNYC26_scenario21,21,23.0,-1.419159456496985,66.74054812273248,3.3291109987204135,65.16689050722968,-1.730421229300475,65.03644162310239,1.732299873950892
PedNYC26,PedNYC26_scenario21,21,24.0,-1.463424064703025,66.5903216385775,3.21691894448008,64.27647139217841,-1.7326844632821083,64.8256955527612,1.7850508073963425
PedNYC26,PedNYC26_scenario21,21,25.0,-1.5102803654468318,66.46436539091026,3.0466107329703673,63.437477861634505,-1.7612884374855875,64.6329153428684,1.8485708887411214
PedNYC26,PedNYC26_scenario21,21,26.0,-1.5438444770729105,66.34829463504427,2.8158309331954054,62.653669169953105,-1.7990657116677642,64.4404599811152,1.9248301081707921
PedNYC26,PedNYC26_scenario21,21,27.0,-1.558496863645327,66.22668722785934,2.5250314211125837,61.93337993353186,-1.826652969619971,64.24456602224824,2.0001780348020817
PedNYC26,PedNYC26_scenario21,21,28.0,-1.5620091215033887,66.09057714301645,2.1746452802870273,61.28406766833914,-1.8429115196989831,64.05009084300737,2.0597306857540323
PedNYC26,PedNYC26_scenario21,21,29.0,-1.5541217215942722,65.94285253320284,1.7759372051198279,60.70925544244617,-1.8680852622162605,63.87003610557126,2.096459169051293
PedNYC26,PedNYC26_scenario21,21,30.0,-1.550089951821119,65.78686168188563,1.3381805939887759,60.20872062331497,-1.8991914746182001,63.68540769192777,2.1302536809331003
PedNYC26,PedNYC26_scenario21,21,31.0,-1.5539639773669915,65.62530916755473,0.8711383724902537,59.78261868033793,-1.9244018579729016,63.49504565842647,2.1622319121017655
PedNYC26,PedNYC26_scenario21,21,32.0,-1.569915971407388,65.46424863921484,0.37966736321638145,59.42042777948616,-1.9388502000199235,63.30721317825131,2.188358847377663
PedNYC26,PedNYC26_scenario21,21,33.0,-1.5977487551888434,65.28600351152149,-0.1332712852119619,59.11524081384495,-1.9497110775541249,63.131974681071775,2.182594254270205
PedNYC26,PedNYC26_scenario21,21,34.0,-1.6136777125051964,65.10825956816662,-0.6696538068830895,58.85943503774674,-1.9638288600748472,62.95713407603772,2.1794372459493156
PedNYC26,PedNYC26_scenario21,21,35.0,-1.611555817584785,64.94474205871623,-1.2296845257470712,58.64818862457436,-1.976875437050742,62.77561340886013,2.199676686241251
PedNYC26,PedNYC26_scenario21,21,36.0,-1.5896645819175772,64.75738651913869,-1.8161716913459982,58.47609878295922,-1.9806681022861308,62.58636645574973,2.2059491990020983
PedNYC26,PedNYC26_scenario21,21,37.0,-1.5754326489589172,64.5726752884863,-2.429277521740878,58.34099273729155,-1.9875194231117008,62.39356349844064,2.217733911664701
PedNYC26,PedNYC26_scenario21,21,38.0,-1.5919906063730567,64.39304744088108,-3.0693416379448397,58.24052244964341,-1.996107785750097,62.1974923280324,2.232436549652331
PedNYC26,PedNYC26_scenario21,21,39.0,-1.6520806833600545,64.18651009485345,-3.7371559576317983,58.17461581255109,-2.005058859194586,61.9754391700128,2.23906860709786
PedNYC26,PedNYC26_scenario21,21,40.0,-1.7109256171500027,63.98803174629888,-4.4352939355897245,58.14255763144335,-2.014765555831237,61.75564211260331,2.2529718562310648
PedNYC26,PedNYC26_scenario21,21,41.0,-1.7375906886005466,63.799291642698805,-5.1630628654958395,58.141400635308024,-2.023002631829535,61.54150948442543,2.275750480952451
PedNYC26,PedNYC26_scenario21,21,42.0,-1.7554792858989954,63.602456263804676,-5.9222347748637985,58.15877971287406,-2.0282745446250225,61.3152058821016,2.3034607793023656
PedNYC26,PedNYC26_scenario21,21,43.0,-1.7788066501271123,63.38425464461633,-6.709004191272249,58.171384743418834,-2.0341908489877274,61.08861519498951,2.3098011974433215
PedNYC26,PedNYC26_scenario21,21,44.0,-1.8301370509339918,63.16508095359656,-7.516051150500631,58.16641536811176,-2.0475315707889035,60.864360700598525,2.31096820830973
PedNYC26,PedNYC26_scenario21,21,45.0,-1.9099765537935758,62.95372572282362,-8.339082210246913,58.138275443304885,-2.073350900989988,60.63840820183235,2.32107440646159
PedNYC26,PedNYC26_scenario21,21,46.0,-2.000298919038949,62.7523665253015,-9.170283279124822,58.087286053777376,-2.089057810505804,60.4111279305209,2.3429204635464385
PedNYC26,PedNYC26_scenario21,21,47.0,-2.0605061340770625,62.543585368323924,-9.999796362973106,58.03096537089387,-2.084047468677665,60.18267849712839,2.3610242372523524
PedNYC26,PedNYC26_scenario21,21,48.0,-2.093567713270209,62.32940923643737,-10.816194405493217,57.98662262427595,-2.0969932581660817,59.95361459827399,2.3757971077269455
PedNYC26,PedNYC26_scenario21,21,49.0,-2.12045543381363,62.10154520568234,-11.612345390917412,57.96036676305069,-2.1280210868134297,59.72510909821509,2.3764481504925383
PedNYC26,PedNYC26_scenario21,21,50.0,-2.1725816726684566,61.88827896118164,-12.380493164062495,57.95475387573242,-2.1415726242359976,59.50820528941491,2.3802756655736017
PedNYC26,PedNYC26_scenario21,21,51.0,-2.2584966565302365,61.683377867126026,-13.120025175000851,57.96554855081329,-2.1511988329233893,59.29022030652531,2.395561715508728
PedNYC26,PedNYC26_scenario21,21,52.0,-2.364249063186447,61.471921059379206,-13.830195704952919,57.98452778205751,-2.169277852319524,59.07241554195519,2.407413653947991
PedNYC26,PedNYC26_scenario21,21,53.0,-2.447818103471204,61.26343019815701,-14.513491287107172,58.005378249752184,-2.191041779263107,58.8553537433938,2.42172795595599
PedNYC26,PedNYC26_scenario21,21,54.0,-2.4988817517031214,61.06305374135274,-15.16952212813303,58.02438481069815,-2.197121118848999,58.641038644652404,2.440740995719303
PedNYC26,PedNYC26_scenario21,21,55.0,-2.5279457091325725,60.83944378781847,-15.80075823293285,58.041886032483156,-2.193226298117283,58.432645701371136,2.429961751352675
PedNYC26,PedNYC26_scenario21,21,56.0,-2.5609694723330474,60.61944667315066,-16.406596799117455,58.054524909291125,-2.2068897287829405,58.21921562505987,2.4262072353802644
PedNYC26,PedNYC26_scenario21,21,57.0,-2.6155884767873903,60.40788262224979,-16.989671028556064,58.05865482723963,-2.228612065711436,58.00478344553898,2.4340575991207287
PedNYC26,PedNYC26_scenario21,21,58.0,-2.6880155893471818,60.20695829415785,-17.548934888350868,58.05504307238755,-2.2415834951305857,57.79468855910969,2.453231927351336
PedNYC26,PedNYC26_scenario21,21,59.0,-2.754188866720833,59.989102826032116,-18.08654322452149,58.0461424270722,-2.248649494784993,57.57713523854753,2.464377751006025
PedNYC26,PedNYC26_scenario21,21,60.0,-2.782547199437133,59.80505244061444,-18.60361469174135,58.03348213737468,-2.2538043295640473,57.363200272204615,2.4984417213153853
PedNYC26,PedNYC26_scenario21,21,61.0,-2.7907149182204782,59.57547411097093,-19.1000555708738,58.020841061251375,-2.2505066610104407,57.16284960897824,2.4723636360320005
PedNYC26,PedNYC26_scenario21,21,62.0,-2.7999239355615244,59.35960591096102,-19.57790405551947,58.0115152592452,-2.2605093636601685,56.972795548860645,2.4470046556983203
PedNYC26,PedNYC26_scenario21,21,63.0,-2.8289577410218127,59.15714679518091,-20.036888250468092,58.00588642238417,-2.26960668010071,56.780389537604606,2.4416897163225273
PedNYC26,PedNYC26_scenario21,21,64.0,-2.8744952202610805,58.95214898900647,-20.47870780540584,58.00346608111396,-2.2695786202796047,56.595322650115136,2.433218955339832
PedNYC26,PedNYC26_scenario21,21,65.0,-2.8965566329804373,58.86958087249724,-20.902907208289818,58.00617899937203,-2.270678576491046,56.426068018985625,2.5223953708472044
PedNYC26,PedNYC26_scenario21,21,66.0,-2.9191185115066034,58.79373487714676,-21.318365651900322,58.013773277979354,-2.269968189868403,56.26084748465528,2.614749449397643
PedNYC26,PedNYC26_scenario21,21,67.0,-2.9324462826535016,58.308823496902704,-21.739937284008526,58.02388434817716,-2.2697517160711307,56.08408935831554,2.3213371310460222
PedNYC26,PedNYC26_scenario21,21,68.0,-2.934934864779482,58.02537594573904,-22.180319399278535,58.03451025592978,-2.2753815514399096,55.920450356775795,2.20583823255684
PedNYC26,PedNYC26_scenario21,21,69.0,-2.956524956968994,57.800040628978365,-22.644804635116888,58.04504513269688,-2.2880545685634845,55.76000780077323,2.14676188719887
PedNYC26,PedNYC26_scenario21,21,70.0,-2.9930931313826474,57.58733519448991,-23.137894617821864,58.055771990932676,-2.294843945041439,55.60877824269272,2.098151457290712
PedNYC26,PedNYC26_scenario21,21,71.0,-3.0230958277687803,57.3731331953016,-23.661219588503865,58.06759356835798,-2.2947883799553486,55.46705233267817,2.040484254631674
PedNYC26,PedNYC26_scenario21,21,72.0,-3.025977801806024,57.17983976512665,-24.216551782730086,58.081031667552,-2.3021287801758152,55.31677505852195,1.998741480810132
PedNYC26,PedNYC26_scenario21,21,73.0,-3.012861921590579,56.9468648978834,-24.79688396845305,58.09605939132107,-2.3145414002942717,55.18287569694167,1.8971846118663802
PedNYC26,PedNYC26_scenario21,21,74.0,-3.0062851491816334,56.74004290032957,-25.375020938827706,58.11133296906259,-2.3261289988622824,55.05534571272295,1.816815071147001
PedNYC26,PedNYC26_scenario21,21,75.0,-3.0195019680775017,56.51348774211782,-25.935913530839308,58.12195244486035,-2.3395481029360004,54.92642134327374,1.7265911539970262
PedNYC26,PedNYC26_scenario21,21,76.0,-3.038738714150493,56.35747942563471,-26.47610687782329,58.126458829057704,-2.351323034633274,54.809563038522455,1.6936898942654077
PedNYC26,PedNYC26_scenario21,21,77.0,-3.1002803279353675,56.08642790791175,-26.995823119718054,58.12771994639462,-2.359643043079823,54.68348034555226,1.586444279024201
PedNYC26,PedNYC26_scenario21,21,78.0,-3.1304914485167425,55.86637996023586,-27.48938544857934,58.12663293351738,-2.364647823633431,54.56858272927498,1.5069154291014948
PedNYC26,PedNYC26_scenario21,21,79.0,-3.1320380648459194,55.656554624728,-27.924539815272773,58.12506241388587,-2.3683877302409266,54.437539623172306,1.438457301264154
PedNYC26,PedNYC26_scenario21,21,80.0,-3.0997315284005476,55.421696587755946,-28.265268220658843,58.12726867561076,-2.363749903912617,54.31233747388921,1.3312950819044915
PedNYC26,PedNYC26_scenario21,21,81.0,-3.068555941119829,55.23602491664055,-28.471520841762437,58.13050157737604,-2.357570062568436,54.20082157935562,1.2558450816184932
PedNYC26,PedNYC26_scenario21,21,82.0,-3.0433086882045663,55.07423301183543,-28.535552296311284,58.13159498507368,-2.3588693522693336,54.07759073823681,1.2090297871017477
PedNYC26,PedNYC26_scenario21,21,83.0,-3.033830344761264,54.93032090460739,-28.53593218613804,58.131595800724526,-2.3607271994155945,53.97038175732655,1.1724124746677271
PedNYC26,PedNYC26_scenario21,21,84.0,-3.0115581608832858,54.79065366503219,-28.53626628267179,58.13160705566406,-2.351357278926944,53.853348048367444,1.146475914952952
PedNYC26,PedNYC26_scenario21,21,85.0,-2.963639300813207,54.66741116691781,-28.536393446619396,58.1316101475535,-2.3337644886605724,53.74060284997639,1.120587317140481
PedNYC26,PedNYC26_scenario21,21,86.0,-2.8845007249310046,54.55049624378818,-28.536428151267284,58.131614685058594,-2.317310858251487,53.63163976247636,1.0798155296682248
PedNYC26,PedNYC26_scenario21,21,87.0,-2.789135188026607,54.44511386280329,-28.53643798828125,58.13161740979118,-2.304096794375246,53.532144124650166,1.0338162245289415
PedNYC26,PedNYC26_scenario21,21,88.0,-2.721138066281485,54.38233209150738,-28.53643798828125,58.131614685058594,-2.2849930895089425,53.44273811875156,1.0358857438940736
PedNYC26,PedNYC26_scenario21,21,89.0,-2.690383690955001,54.34866773339906,-28.53643798828125,58.131614685058594,-2.2652136843913655,53.3573688589584,1.0786301465046484
PedNYC26,PedNYC26_scenario21,21,90.0,-2.69259028839085,54.28899114334094,-28.53643798828125,58.13161619756029,-2.2498123757653476,53.27411724062558,1.1072584695190637
PedNYC26,PedNYC26_scenario21,21,91.0,-2.691348254979346,54.181047095046566,-28.53643798828125,58.131614685058594,-2.2469028274449068,53.204574446245296,1.0728609285052928
PedNYC26,PedNYC26_scenario21,21,92.0,-2.685527963491193,54.073017280127594,-28.53643798828125,58.131614685058594,-2.24088747851782,53.13506061692246,1.0380114946031511
PedNYC26,PedNYC26_scenario21,21,93.0,-2.7004500381981056,53.97336768264091,-28.536437838145847,58.131614685058594,-2.233954290090036,53.06838784374048,1.018138886311272
PedNYC26,PedNYC26_scenario21,21,94.0,-2.725060239424361,53.89863090992477,-28.53643798828125,58.131614685058594,-2.2237956508195387,53.00834053367193,1.0217059957921306
PedNYC26,PedNYC26_scenario21,21,95.0,-2.750201725253911,53.81425701578858,-28.53643798828125,58.131614685058594,-2.2063540095778302,52.95125301377824,1.0200716863691226
PedNYC26,PedNYC26_scenario21,21,96.0,-2.749577277315151,53.73291105992443,-28.53643798828125,58.131614685058594,-2.1933332995411763,52.896117026501116,1.0048042680953724
PedNYC26,PedNYC26_scenario21,21,97.0,-2.733012570771059,53.6220439445318,-28.53643798828125,58.131614685058594,-2.1877621883656873,52.852530737306374,0.9431058029762939
PedNYC26,PedNYC26_scenario21,21,98.0,-2.7170905141859856,53.52521536238118,-28.53643798828125,58.131614685058594,-2.187651720080178,52.813528703133805,0.8870193558513274
PedNYC26,PedNYC26_scenario21,21,99.0,-2.708135879313202,53.45494519058174,-28.53643798828125,58.131614685058594,-2.1883941165027183,52.79574136491756,0.8394529074222318
PedNYC26,PedNYC26_scenario21,21,100.0,-2.7084994316101074,53.4155502319336,-28.53643798828125,58.131614685058594,-2.175133762359619,52.89806213378906,0.7431506367192818
PedNYC27,PedNYC27_scenario21,21,0.0,-1.8491809368133545,70.15463256835938,2.641824722290039,101.39599609375,-1.825302419839082,70.10194651285808,0.0578446541797633
PedNYC27,PedNYC27_scenario21,21,1.0,-1.8330325859292795,69.99850999141813,2.6484233254260987,101.0595091228717,-1.8171673414183962,70.00257768621032,0.016378404205308686
PedNYC27,PedNYC27_scenario21,21,2.0,-1.8349977155429393,69.7904192342719,2.653999412239106,100.74323429094143,-1.8065296691854325,69.86694406997819,0.08164851586702918
PedNYC27,PedNYC27_scenario21,21,3.0,-1.8338097907897402,69.56937952860449,2.6576312636799866,100.44576201638912,-1.7865015493999776,69.71520258524953,0.15330503433578202
PedNYC27,PedNYC27_scenario21,21,4.0,-1.819609067471306,69.28847123310418,2.6568227569218275,100.1660095525694,-1.766365213034811,69.53404823318081,0.2512826516134668
PedNYC27,PedNYC27_scenario21,21,5.0,-1.8283016170488644,68.99907651632422,2.6508254491644387,99.89796385272112,-1.747798760292633,69.3329731292374,0.34346420200773126
PedNYC27,PedNYC27_scenario21,21,6.0,-1.8729313712870836,68.69533182887474,2.64041052270828,99.62112851244376,-1.7365755535379133,69.11983897989869,0.445869073052294
PedNYC27,PedNYC27_scenario21,21,7.0,-1.914117033437037,68.39842594084229,2.627430383380015,99.31064998293314,-1.7330047171810947,68.90689538623847,0.5397618437802906
PedNYC27,PedNYC27_scenario21,21,8.0,-1.9249539340412416,68.0718407879958,2.6137673150328644,98.95140202538362,-1.734178519696201,68.67310029293871,0.6307996916634655
PedNYC27,PedNYC27_scenario21,21,9.0,-1.9293219892499722,67.72717179991353,2.6044860629524953,98.54025467113959,-1.729664786041388,68.4404409422859,0.7406860794248046
PedNYC27,PedNYC27_scenario21,21,10.0,-1.946790273497705,67.3932174144605,2.5984286889612327,98.07750056910882,-1.714501195148898,68.20996503885166,0.8491377378663351
PedNYC27,PedNYC27_scenario21,21,11.0,-1.958975504041835,67.07085300042881,2.5996654693965686,97.56020353842646,-1.7093786353686158,67.95872061496786,0.9222838488224405
PedNYC27,PedNYC27_scenario21,21,12.0,-1.9553614544019633,66.746687454871,2.6055009003530487,96.98702818230376,-1.7105148648709003,67.71371106683303,0.9975392315578829
PedNYC27,PedNYC27_scenario21,21,13.0,-1.9465277306791717,66.40594084749812,2.610846820834369,96.35982086723429,-1.701620808899189,67.45744478136365,1.0796480552802554
PedNYC27,PedNYC27_scenario21,21,14.0,-1.9545656255484656,66.0717523630202,2.6129118584736766,95.68050799280722,-1.698685724636741,67.19825912923983,1.1552021546158975
PedNYC27,PedNYC27_scenario21,21,15.0,-1.9622255547125818,65.75189916590281,2.6011730621522364,94.95179327054454,-1.6959252536032763,66.92561931432473,1.2035509283709118
PedNYC27,PedNYC27_scenario21,21,16.0,-1.9572467222829122,65.43589511453999,2.5746890627850436,94.19425730381992,-1.6865739244722937,66.67475642194377,1.2680856053346055
PedNYC27,PedNYC27_scenario21,21,17.0,-1.9503841754816105,65.09055378310717,2.536328275958457,93.42752035564419,-1.6878849387447674,66.42719810274986,1.3621761584026082
PedNYC27,PedNYC27_scenario21,21,18.0,-1.9668958544782689,64.76488998699742,2.5060721867867928,92.65229193771245,-1.6928475003298016,66.19560740917889,1.4567274427788761
PedNYC27,PedNYC27_scenario21,21,19.0,-1.9842218611703522,64.4327550844898,2.4951352057335314,91.8781630400079,-1.691696157566123,65.95459758567938,1.5497018699401868
PedNYC27,PedNYC27_scenario21,21,20.0,-1.9721419567279206,64.10271128564659,2.501850363965394,91.13855679884739,-1.691040003484116,65.71870393749454,1.6402592962528946
PedNYC27,PedNYC27_scenario21,21,21.0,-1.956371793165937,63.782710910980946,2.5155537248247724,90.44197934978727,-1.7028991624407648,65.4971993169833,1.7331240200410438
PedNYC27,PedNYC27_scenario21,21,22.0,-1.977201635117133,63.47103702789118,2.517555123869714,89.78666014284825,-1.7232685253583613,65.26848722599237,1.8152986638252635
PedNYC27,PedNYC27_scenario21,21,23.0,-2.001822471310264,63.17521055138772,2.50412853702316,89.1710793387996,-1.730421229300475,65.03644162310239,1.8809146010599722
PedNYC27,PedNYC27_scenario21,21,24.0,-2.0013800851352417,62.87998316647575,2.485828533629902,88.59273130570554,-1.7326844632821083,64.8256955527612,1.9641776974977756
PedNYC27,PedNYC27_scenario21,21,25.0,-1.9970423538349322,62.583870487967346,2.467492136035174,88.04880091570446,-1.7612884374855875,64.6329153428684,2.0625626600107303
PedNYC27,PedNYC27_scenario21,21,26.0,-2.031393515404439,62.289740343899865,2.4542337300300554,87.53741418040022,-1.7990657116677642,64.4404599811152,2.1632316487821535
PedNYC27,PedNYC27_scenario21,21,27.0,-2.092325425639148,62.02351959778954,2.4462633640941815,87.05673860807785,-1.826652969619971,64.24456602224824,2.2368793158076348
PedNYC27,PedNYC27_scenario21,21,28.0,-2.1585253809333813,61.77284099476402,2.4428478386013452,86.6047027349621,-1.8429115196989831,64.05009084300737,2.2990169596433274
PedNYC27,PedNYC27_scenario21,21,29.0,-2.2206637555273416,61.55991417812733,2.4382829242857342,86.16642072929257,-1.8680852622162605,63.87003610557126,2.3368728920509927
PedNYC27,PedNYC27_scenario21,21,30.0,-2.2597411354953687,61.34900963065294,2.432969583207467,85.69655711770098,-1.8991914746182001,63.68540769192777,2.36405413615836
PedNYC27,PedNYC27_scenario21,21,31.0,-2.268688626109062,61.09641874034121,2.425240944699151,85.17705412937862,-1.9244018579729016,63.49504565842647,2.423209539201439
PedNYC27,PedNYC27_scenario21,21,32.0,-2.1530927927955266,60.87202826735045,2.41740918101919,84.6008126452838,-1.9388502000199235,63.30721317825131,2.4445910575878402
PedNYC27,PedNYC27_scenario21,21,33.0,-2.0958410908278804,60.704487128356895,2.410273936248961,83.96284537491265,-1.9497110775541249,63.131974681071775,2.4318819460173353
PedNYC27,PedNYC27_scenario21,21,34.0,-2.09430426100803,60.57261185559685,2.403218567934395,83.25651965615315,-1.9638288600748472,62.95713407603772,2.388089204787991
PedNYC27,PedNYC27_scenario21,21,35.0,-2.1811640413028823,60.38887083766857,2.39633519533346,82.4822269986847,-1.976875437050742,62.77561340886013,2.395469460244775
PedNYC27,PedNYC27_scenario21,21,36.0,-2.277228511426231,60.2302013527532,2.3876144479308863,81.64266908403968,-1.9806681022861308,62.58636645574973,2.37475515976869
PedNYC27,PedNYC27_scenario21,21,37.0,-2.2688618989587144,60.09687808412583,2.377009337091471,80.74589799802077,-1.9875194231117008,62.39356349844064,2.3138533836529365
PedNYC27,PedNYC27_scenario21,21,38.0,-2.245473765064534,59.92836947860135,2.363670506521115,79.84677182439826,-1.996107785750097,62.1974923280324,2.2827838043602737
PedNYC27,PedNYC27_scenario21,21,39.0,-2.2618346029520895,59.73874615598824,2.3497568592209364,78.99344028074623,-2.005058859194586,61.9754391700128,2.251383890314686
PedNYC27,PedNYC27_scenario21,21,40.0,-2.291234024815172,59.54635180454678,2.33624846336276,78.18998674383444,-2.014765555831237,61.75564211260331,2.226521609959095
PedNYC27,PedNYC27_scenario21,21,41.0,-2.3059307819956265,59.328560122298995,2.328387693339765,77.4345706440614,-2.023002631829535,61.54150948442543,2.2309623971488657
PedNYC27,PedNYC27_scenario21,21,42.0,-2.3003923584553108,59.07782035141786,2.3261197219387304,76.72473344868379,-2.0282745446250225,61.3152058821016,2.253872693280774
PedNYC27,PedNYC27_scenario21,21,43.0,-2.32648425938927,58.819469044041625,2.3306954276983864,76.05735573541114,-2.0341908489877274,61.08861519498951,2.2878941610410557
PedNYC27,PedNYC27_scenario21,21,44.0,-2.3789756618149616,58.592537790195934,2.33932489614166,75.4301399087682,-2.0475315707889035,60.864360700598525,2.295873367959607
PedNYC27,PedNYC27_scenario21,21,45.0,-2.4244650699424133,58.34792284891514,2.344883148366517,74.84055323970315,-2.073350900989988,60.63840820183235,2.3172406675974386
PedNYC27,PedNYC27_scenario21,21,46.0,-2.4433067223284914,58.051797531172646,2.343373366070751,74.28617735946905,-2.089057810505804,60.4111279305209,2.3857770693877374
PedNYC27,PedNYC27_scenario21,21,47.0,-2.4661816710928712,57.77899438292059,2.3361502080661785,73.76519722550653,-2.084047468677665,60.18267849712839,2.4338701422940523
PedNYC27,PedNYC27_scenario21,21,48.0,-2.5203384375793294,57.45622656610557,2.3268375467842843,73.27560138793118,-2.0969932581660817,59.95361459827399,2.53301561861558
PedNYC27,PedNYC27_scenario21,21,49.0,-2.5565620320663376,57.18823703393252,2.315296759654894,72.81523032738497,-2.1280210868134297,59.72510909821509,2.572813093152233
PedNYC27,PedNYC27_scenario21,21,50.0,-2.570396661758423,56.88584518432617,2.301633834838867,72.38255310058594,-2.1415726242359976,59.50820528941491,2.6571907300602366
PedNYC27,PedNYC27_scenario21,21,51.0,-2.587167345676213,56.54488358086833,2.2908087839095335,71.97588610756559,-2.1511988329233893,59.29022030652531,2.7797378080230724
PedNYC27,PedNYC27_scenario21,21,52.0,-2.623398851380357,56.27931901237756,2.2841253167896864,71.5933530294024,-2.169277852319524,59.07241554195519,2.829772801008339
PedNYC27,PedNYC27_scenario21,21,53.0,-2.6656088800486044,55.97346812854316,2.2801781808072445,71.23379050639781,-2.191041779263107,58.8553537433938,2.9206983120875383
PedNYC27,PedNYC27_scenario21,21,54.0,-2.6760839443424893,55.65516645940774,2.277303999183855,70.89568134532017,-2.197121118848999,58.641038644652404,3.0240433354736282
PedNYC27,PedNYC27_scenario21,21,55.0,-2.6675944970605214,55.34092538547969,2.2752974197166105,70.56958247915004,-2.193226298117283,58.432645701371136,3.1279002061869776
PedNYC27,PedNYC27_scenario21,21,56.0,-2.6680713987309352,55.05943666037624,2.2740117249320244,70.22452897534832,-2.2068897287829405,58.21921562505987,3.1932572145621374
PedNYC27,PedNYC27_scenario21,21,57.0,-2.6839136228702074,54.73324962031839,2.273509411375841,69.84527065794144,-2.228612065711436,58.00478344553898,3.303064195185085
PedNYC27,PedNYC27_scenario21,21,58.0,-2.675063329827138,54.45261709862563,2.274072604290402,69.42054855026502,-2.2415834951305857,57.79468855910969,3.3700662328907702
PedNYC27,PedNYC27_scenario21,21,59.0,-2.657196695734833,54.16774040344601,2.2760802019978685,68.94350473228619,-2.248649494784993,57.57713523854753,3.433785659737783
PedNYC27,PedNYC27_scenario21,21,60.0,-2.6602572121521892,53.90473086650784,2.2780810774807425,68.41342853444786,-2.2538043295640473,57.363200272204615,3.4822714678647344
PedNYC27,PedNYC27_scenario21,21,61.0,-2.6707261524107238,53.64835829263767,2.2796988210893288,67.84068727737255,-2.2505066610104407,57.16284960897824,3.539524492581739
PedNYC27,PedNYC27_scenario21,21,62.0,-2.6422022573803448,53.39937842938223,2.2808525674662596,67.22990040523202,-2.2605093636601685,56.972795548860645,3.5937444782424204
PedNYC27,PedNYC27_scenario21,21,63.0,-2.5807021353226793,53.15353753341875,2.278733780679266,66.58056132912675,-2.26960668010071,56.780389537604606,3.640169754630507
PedNYC27,PedNYC27_scenario21,21,64.0,-2.5526280191145947,52.92905533224744,2.2706552717690625,65.91488436156071,-2.2695786202796047,56.595322650115136,3.6771773153120675
PedNYC27,PedNYC27_scenario21,21,65.0,-2.5625046516408223,52.671849806623754,2.255620933314604,65.27649600964756,-2.270678576491046,56.426068018985625,3.7655433663904176
PedNYC27,PedNYC27_scenario21,21,66.0,-2.5663396682032698,52.56660091928189,2.2301146651095576,64.6752458649642,-2.269968189868403,56.26084748465528,3.7061157212023867
PedNYC27,PedNYC27_scenario21,21,67.0,-2.515952698351504,52.27175817440595,2.1883512157769083,64.13302961153464,-2.2697517160711307,56.08408935831554,3.8202727624458017
PedNYC27,PedNYC27_scenario21,21,68.0,-2.472660272679041,52.103318806540706,2.1402814011972633,63.74029305452495,-2.2753815514399096,55.920450356775795,3.8222260746394743
PedNYC27,PedNYC27_scenario21,21,69.0,-2.458185235303786,51.968043606867674,2.117357616783569,63.58372162727404,-2.2880545685634845,55.76000780077323,3.7957788254358706
PedNYC27,PedNYC27_scenario21,21,70.0,-2.462535152355807,51.82118699604768,2.117151604194893,63.58207709325323,-2.294843945041439,55.60877824269272,3.791301596110853
PedNYC27,PedNYC27_scenario21,21,71.0,-2.482692194314897,51.6815984232459,2.117130067773127,63.58201284330216,-2.2947883799553486,55.46705233267817,3.7901146610474634
PedNYC27,PedNYC27_scenario21,21,72.0,-2.485523398200993,51.604645258601494,2.1171604946655904,63.58223472085318,-2.3021287801758152,55.31677505852195,3.7166572666010076
PedNYC27,PedNYC27_scenario21,21,73.0,-2.4788399879601397,51.57560265551951,2.11664704379764,63.579599908417734,-2.3145414002942717,55.18287569694167,3.611012714084525
PedNYC27,PedNYC27_scenario21,21,74.0,-2.4676708398052933,51.568595358554816,2.1102936992078,63.543288817561724,-2.3261289988622824,55.05534571272295,3.4896220604858006
PedNYC27,PedNYC27_scenario21,21,75.0,-2.46181969375044,51.56192905878922,2.091903969783679,63.43860165847062,-2.3395481029360004,54.92642134327374,3.366713334140012
PedNYC27,PedNYC27_scenario21,21,76.0,-2.460728906103977,51.562601417281606,2.055338432771321,63.24080532255242,-2.351323034633274,54.809563038522455,3.2488043053596303
PedNYC27,PedNYC27_scenario21,21,77.0,-2.4593757496033635,51.5624562606965,2.0021180855778997,62.94460042096582,-2.359643043079823,54.68348034555226,3.1226171636946236
PedNYC27,PedNYC27_scenario21,21,78.0,-2.461047664080659,51.56139032254563,1.9480042322958198,62.57004155836369,-2.364647823633431,54.56858272927498,3.00873712715633
PedNYC27,PedNYC27_scenario21,21,79.0,-2.461994705345448,51.560938418657834,1.8846693644288546,62.13030117370138,-2.3683877302409266,54.437539623172306,2.8781238256201434
PedNYC27,PedNYC27_scenario21,21,80.0,-2.4620392322540283,51.560916900634766,1.7994929644709006,61.6577461058465,-2.363749903912617,54.31233747388921,2.7531756142668433
PedNYC27,PedNYC27_scenario21,21,81.0,-2.4629676404373,51.56290384361426,1.6786352121050439,61.212620009151635,-2.357570062568436,54.20082157935562,2.6400224676997452
PedNYC27,PedNYC27_scenario21,21,82.0,-2.4572261164706504,51.56552965635867,1.5152020669651267,60.818147172113605,-2.3588693522693336,54.07759073823681,2.5139858655431837
PedNYC27,PedNYC27_scenario21,21,83.0,-2.448587232496337,51.568264975442254,1.336331164005374,60.487149309840156,-2.3607271994155945,53.97038175732655,2.4037230329684642
PedNYC27,PedNYC27_scenario21,21,84.0,-2.4309219510576,51.57824643211638,1.174385987858319,60.25745768788306,-2.351357278926944,53.853348048367444,2.2764924558011304
PedNYC27,PedNYC27_scenario21,21,85.0,-2.400934409601793,51.6059931140756,1.04551543972553,60.09833268716302,-2.3337644886605724,53.74060284997639,2.135666294832056
PedNYC27,PedNYC27_scenario21,21,86.0,-2.3919200985949334,51.66518565109048,0.9440942568282524,59.98415903157321,-2.317310858251487,53.63163976247636,1.9678689770741986
PedNYC27,PedNYC27_scenario21,21,87.0,-2.4242727104374513,51.711773072898296,0.8513344660014007,59.886844811182684,-2.304096794375246,53.532144124650166,1.824333581573721
PedNYC27,PedNYC27_scenario21,21,88.0,-2.4587891483251902,51.72358271626721,0.7673305474840628,59.80396731899054,-2.2849930895089425,53.44273811875156,1.727917928592444
PedNYC27,PedNYC27_scenario21,21,89.0,-2.460736523632164,51.71898437073099,0.6919518756103477,59.73294455263365,-2.2652136843913655,53.3573688589584,1.6500099732816684
PedNYC27,PedNYC27_scenario21,21,90.0,-2.4589023440825692,51.716799743400145,0.6240245326011065,59.67192305275887,-2.2498123757653476,53.27411724062558,1.5712913167250002
PedNYC27,PedNYC27_scenario21,21,91.0,-2.456049702813932,51.72369022507765,0.5494963697074238,59.608600108665776,-2.2469028274449068,53.204574446245296,1.4955803194679789
PedNYC27,PedNYC27_scenario21,21,92.0,-2.454645381079353,51.73540154380613,0.44946800444139007,59.52810612739109,-2.24088747851782,53.13506061692246,1.4158876939448186
PedNYC27,PedNYC27_scenario21,21,93.0,-2.451607483142286,51.744262760415104,0.31460415487438254,59.425548189793986,-2.233954290090036,53.06838784374048,1.3418942390282764
PedNYC27,PedNYC27_scenario21,21,94.0,-2.438936740001619,51.74628081551051,0.13379130037740725,59.2974615129029,-2.2237956508195387,53.00834053367193,1.2802657616526842
PedNYC27,PedNYC27_scenario21,21,95.0,-2.3901122688413325,51.744417049195604,-0.1016862396680211,59.143012327241905,-2.2063540095778302,52.95125301377824,1.2207457324347515
PedNYC27,PedNYC27_scenario21,21,96.0,-2.3383779368796693,51.74994015399264,-0.3976150582927593,58.97261303389529,-2.1933332995411763,52.896117026501116,1.1553178653054612
PedNYC27,PedNYC27_scenario21,21,97.0,-2.315493752468052,51.71986030355373,-0.7476371717047497,58.79593316002444,-2.1877621883656873,52.852530737306374,1.1398498427272947
PedNYC27,PedNYC27_scenario21,21,98.0,-2.3083601933095808,51.64257224714252,-1.1049278638663829,58.640034143927224,-2.187651720080178,52.813528703133805,1.1771616530184161
PedNYC27,PedNYC27_scenario21,21,99.0,-2.3013716553058607,51.55494988115725,-1.4459659052188416,58.51433440323767,-2.1883941165027183,52.79574136491756,1.2459243277366934
PedNYC27,PedNYC27_scenario21,21,100.0,-2.313873529434204,51.49712371826172,-1.768061637878418,58.40958404541016,-2.175133762359619,52.89806213378906,1.4077915921997015
PedNYC28,PedNYC28_scenario21,21,0.0,-1.9091508388519287,70.08854675292969,2.7486586570739746,93.92860412597656,-1.825302419839082,70.10194651285808,0.08491237210850028
PedNYC28,PedNYC28_scenario21,21,1.0,-1.9249435620394957,70.01310165806589,2.7240822928030286,93.1405075213703,-1.8171673414183962,70.00257768621032,0.10828881620455953
PedNYC28,PedNYC28_scenario21,21,2.0,-1.9425040282567623,69.91189043421323,2.7005031193136495,92.34410261550923,-1.8065296691854325,69.86694406997819,0.1432103417453093
PedNYC28,PedNYC28_scenario21,21,3.0,-1.9537907606263354,69.78914199487544,2.6778837651673935,91.53737988420177,-1.7865015493999776,69.71520258524953,0.18290083785637698
PedNYC28,PedNYC28_scenario21,21,4.0,-1.9580505649970616,69.6538683647674,2.656212882351416,90.7226078390977,-1.766365213034811,69.53404823318081,0.22605339654674586
PedNYC28,PedNYC28_scenario21,21,5.0,-1.9467743331611957,69.48509615917047,2.635461729749519,89.89773324549947,-1.747798760292633,69.3329731292374,0.25046495729819973
PedNYC28,PedNYC28_scenario21,21,6.0,-1.9323423027827775,69.30570551861014,2.6157316824354364,89.06533232453981,-1.7365755535379133,69.11983897989869,0.2699462730294252
PedNYC28,PedNYC28_scenario21,21,7.0,-1.9289859197332655,69.12733204505265,2.5970208711657037,88.22389932317205,-1.7330047171810947,68.90689538623847,0.29495923837532867
PedNYC28,PedNYC28_scenario21,21,8.0,-1.9359831276279857,68.93846003514226,2.57943129733112,87.37591981768482,-1.734178519696201,68.67310029293871,0.3333780025209106
PedNYC28,PedNYC28_scenario21,21,9.0,-1.9401411673045192,68.72947051205448,2.562965953394931,86.5209712143209,-1.729664786041388,68.4404409422859,0.3575449611870224
PedNYC28,PedNYC28_scenario21,21,10.0,-1.9290402335014747,68.53203582995762,2.547618615395997,85.65801029998451,-1.714501195148898,68.20996503885166,0.3869839705477035
PedNYC28,PedNYC28_scenario21,21,11.0,-1.9030954303264136,68.33149814624902,2.5331726448228906,84.78943819825078,-1.7093786353686158,67.95872061496786,0.42010627759746316
PedNYC28,PedNYC28_scenario21,21,12.0,-1.8690451018924716,68.14887265476492,2.5193072700150982,83.9131916332985,-1.7105148648709003,67.71371106683303,0.463138687286559
PedNYC28,PedNYC28_scenario21,21,13.0,-1.8412561322653145,67.9298095086019,2.5061338469943197,83.03188336119908,-1.701620808899189,67.45744478136365,0.49257127308688653
PedNYC28,PedNYC28_scenario21,21,14.0,-1.8345945333970788,67.71473806249463,2.4936527490591858,82.14360055712386,-1.698685724636741,67.19825912923983,0.5340615065651828
PedNYC28,PedNYC28_scenario21,21,15.0,-1.8412952696976106,67.47964997996519,2.4819036983896563,81.2509507311479,-1.6959252536032763,66.92561931432473,0.5727847938355831
PedNYC28,PedNYC28_scenario21,21,16.0,-1.8370838899732125,67.24632263914589,2.4708754279091063,80.35196868940344,-1.6865739244722937,66.67475642194377,0.5910509202783012
PedNYC28,PedNYC28_scenario21,21,17.0,-1.8164529116967862,67.03591794623901,2.4603304438309688,79.44937426058578,-1.6878849387447674,66.42719810274986,0.6221491553690739
PedNYC28,PedNYC28_scenario21,21,18.0,-1.7882233277656248,66.84561799256889,2.449420644225112,78.54264217210041,-1.6928475003298016,66.19560740917889,0.6569705525958338
PedNYC28,PedNYC28_scenario21,21,19.0,-1.7558981308482942,66.6080115893573,2.438499416481824,77.65193407004439,-1.691696157566123,65.95459758567938,0.6565605482937107
PedNYC28,PedNYC28_scenario21,21,20.0,-1.7451919509063132,66.38670161376,2.427637574458426,76.78923721028387,-1.691040003484116,65.71870393749454,0.6701890247576929
PedNYC28,PedNYC28_scenario21,21,21.0,-1.746001256823003,66.14805520556125,2.4167757471722298,75.96048994251831,-1.7028991624407648,65.4971993169833,0.6522815176261928
PedNYC28,PedNYC28_scenario21,21,22.0,-1.7514514963683847,65.93333062792891,2.405960278593423,75.16267214745305,-1.7232685253583613,65.26848722599237,0.6654404773933573
PedNYC28,PedNYC28_scenario21,21,23.0,-1.754428287671537,65.7251915005659,2.395457379565255,74.41134151306876,-1.730421229300475,65.03644162310239,0.6891681453445366
PedNYC28,PedNYC28_scenario21,21,24.0,-1.7567746872330228,65.50386384646343,2.385657573698481,73.72552103702895,-1.7326844632821083,64.8256955527612,0.6785960311356064
PedNYC28,PedNYC28_scenario21,21,25.0,-1.7537613345283858,65.2869690483165,2.376701428856648,73.11217321028732,-1.7612884374855875,64.6329153428684,0.6540970164198183
PedNYC28,PedNYC28_scenario21,21,26.0,-1.7545132811022843,65.05543520231474,2.3687446612152994,72.57759397369215,-1.7990657116677642,64.4404599811152,0.6165869296041875
PedNYC28,PedNYC28_scenario21,21,27.0,-1.7731350429348531,64.81458049638753,2.3621770941907902,72.14339249828464,-1.826652969619971,64.24456602224824,0.5725213264193528
PedNYC28,PedNYC28_scenario21,21,28.0,-1.8031008154921286,64.59293624872782,2.3572431414071744,71.8193469744236,-1.8429115196989831,64.05009084300737,0.5443032488248185
PedNYC28,PedNYC28_scenario21,21,29.0,-1.8143644462258146,64.51041670660824,2.354231027768377,71.6117033635847,-1.8680852622162605,63.87003610557126,0.6426299403662763
PedNYC28,PedNYC28_scenario21,21,30.0,-1.8284521553777413,64.16156036399747,2.3529651845010457,71.51978872123827,-1.8991914746182001,63.68540769192777,0.4813786642610098
PedNYC28,PedNYC28_scenario21,21,31.0,-1.8246751375602461,63.918280266978066,2.35288291869092,71.51401155298922,-1.9244018579729016,63.49504565842647,0.43482519779801904
PedNYC28,PedNYC28_scenario21,21,32.0,-1.82659152321753,63.68549066643579,2.3528787597722056,71.51367328743798,-1.9388502000199235,63.30721317825131,0.3945831580092893
PedNYC28,PedNYC28_scenario21,21,33.0,-1.8404155357151615,63.469837050668644,2.3528767333642224,71.51352265460767,-1.9497110775541249,63.131974681071775,0.3551006846733536
PedNYC28,PedNYC28_scenario21,21,34.0,-1.8662571583806598,63.24363704231581,2.3528759479522705,71.51347120750842,-1.9638288600748472,62.95713407603772,0.30266183548251574
PedNYC28,PedNYC28_scenario21,21,35.0,-1.8832104932125973,63.01700168720914,2.3528757095336914,71.51345825195312,-1.976875437050742,62.77561340886013,0.25892358453509084
PedNYC28,PedNYC28_scenario21,21,36.0,-1.883635774384624,62.80826147597849,2.3528757095336914,71.5134506225586,-1.9806681022861308,62.58636645574973,0.242183138678782
PedNYC28,PedNYC28_scenario21,21,37.0,-1.8792476705170413,62.601855487169246,2.3528757095336914,71.5134506225586,-1.9875194231117008,62.39356349844064,0.23475162401661037
PedNYC28,PedNYC28_scenario21,21,38.0,-1.888059000856686,62.405049188966096,2.3528757095336914,71.51345825195312,-1.996107785750097,62.1974923280324,0.23399656073880837
PedNYC28,PedNYC28_scenario21,21,39.0,-1.9084157425277106,62.221950593298516,2.3528757095336914,71.51345825195312,-2.005058859194586,61.9754391700128,0.2647787261270012
PedNYC28,PedNYC28_scenario21,21,40.0,-1.941434651793129,62.051605734588016,2.3528757095336914,71.51345825195312,-2.014765555831237,61.75564211260331,0.30491291711790613
PedNYC28,PedNYC28_scenario21,21,41.0,-1.9747803103272372,61.890443057298846,2.3528757095336914,71.51345825195312,-2.023002631829535,61.54150948442543,0.3522499546760462
PedNYC28,PedNYC28_scenario21,21,42.0,-1.9539879278646888,61.734627717696036,2.3528757095336914,71.51345825195312,-2.0282745446250225,61.3152058821016,0.42594973600543695
PedNYC28,PedNYC28_scenario21,21,43.0,-1.9206418455076746,61.622042527213495,2.3528757095336914,71.51345825195312,-2.0341908489877274,61.08861519498951,0.5453788545175844
PedNYC28,PedNYC28_scenario21,21,44.0,-1.904134312433519,61.523997474959884,2.3528757095336914,71.51345825195312,-2.0475315707889035,60.864360700598525,0.6750432932736243
PedNYC28,PedNYC28_scenario21,21,45.0,-1.8997146253780668,61.429441072045606,2.3528757095336914,71.51345825195312,-2.073350900989988,60.63840820183235,0.8098657653995526
PedNYC28,PedNYC28_scenario21,21,46.0,-1.919718099034494,61.340368029623754,2.3528757095336914,71.51345825195312,-2.089057810505804,60.4111279305209,0.9445438579874795
PedNYC28,PedNYC28_scenario21,21,47.0,-1.975321555408543,61.237415325242736,2.3528756736841054,71.51345825195312,-2.084047468677665,60.18267849712839,1.0603259408299464
PedNYC28,PedNYC28_scenario21,21,48.0,-2.053562696378693,61.14804790793976,2.3528757095336914,71.51345825195312,-2.0969932581660817,59.95361459827399,1.1952226340461878
PedNYC28,PedNYC28_scenario21,21,49.0,-2.1344396870526423,61.07712366022417,2.3528757095336914,71.51345825195312,-2.1280210868134297,59.72510909821509,1.3520297978645368
PedNYC28,PedNYC28_scenario21,21,50.0,-2.2041431027398986,61.02329921274677,2.3528757095336914,71.51345825195312,-2.1415726242359976,59.50820528941491,1.516385393393559
PedNYC28,PedNYC28_scenario21,21,51.0,-2.2454507819860616,60.973707176388324,2.3528757095336914,71.51345825195312,-2.1511988329233893,59.29022030652531,1.6861232075098394
PedNYC28,PedNYC28_scenario21,21,52.0,-2.2397676875886647,60.887345351876796,2.3528757095336914,71.51345825195312,-2.169277852319524,59.07241554195519,1.8162981671020746
PedNYC28,PedNYC28_scenario21,21,53.0,-2.1963490346490717,60.758984324267125,2.3528757095336914,71.51345825195312,-2.191041779263107,58.8553537433938,1.9036379790800162
PedNYC28,PedNYC28_scenario21,21,54.0,-2.134404913686274,60.62364100239589,2.3528757095336914,71.51345825195312,-2.197121118848999,58.641038644652404,1.9835940691885654
PedNYC28,PedNYC28_scenario21,21,55.0,-2.0977770834764304,60.465667689987626,2.3528757095336914,71.51345825195312,-2.193226298117283,58.432645701371136,2.035261398143664
PedNYC28,PedNYC28_scenario21,21,56.0,-2.103263029310682,60.26381288398143,2.3528757095336914,71.51345825195312,-2.2068897287829405,58.21921562505987,2.04722164018288
PedNYC28,PedNYC28_scenario21,21,57.0,-2.115192410960969,60.06532254739615,2.3528757095336914,71.51345825195312,-2.228612065711436,58.00478344553898,2.0636582586189154
PedNYC28,PedNYC28_scenario21,21,58.0,-2.1138306604010104,59.85419189597862,2.3528733751005606,71.51328596004915,-2.2415834951305857,57.79468855910969,2.063461843930176
PedNYC28,PedNYC28_scenario21,21,59.0,-2.1032250405439554,59.63856684181006,2.3528746243495533,71.51333118609226,-2.248649494784993,57.57713523854753,2.0665547480821416
PedNYC28,PedNYC28_scenario21,21,60.0,-2.100484191355971,59.40053009343145,2.352874039777842,71.51331323179761,-2.2538043295640473,57.363200272204615,2.0430907628493418
PedNYC28,PedNYC28_scenario21,21,61.0,-2.115759197647023,59.17152186338091,2.3528651937588525,71.51273675122891,-2.2505066610104407,57.16284960897824,2.01318680317798
PedNYC28,PedNYC28_scenario21,21,62.0,-2.138868716573126,58.936549479239766,2.352755104210501,71.50556102021325,-2.2605093636601685,56.972795548860645,1.9675177117635299
PedNYC28,PedNYC28_scenario21,21,63.0,-2.162710229136129,58.70189458560039,2.3524006741877503,71.4823227838416,-2.26960668010071,56.780389537604606,1.9244761626744338
PedNYC28,PedNYC28_scenario21,21,64.0,-2.176862009874852,58.46740131867575,2.351689572628972,71.435755761755,-2.2695786202796047,56.595322650115136,1.8743732048673278
PedNYC28,PedNYC28_scenario21,21,65.0,-2.1781611100871454,58.23252363308209,2.350532396717799,71.36003468753712,-2.270678576491046,56.426068018985625,1.8088231995666215
PedNYC28,PedNYC28_scenario21,21,66.0,-2.1813847617494475,57.99079404544017,2.348864432110964,71.25109079892944,-2.269968189868403,56.26084748465528,1.7322130720291806
PedNYC28,PedNYC28_scenario21,21,67.0,-2.2077235847475705,57.75985280036835,2.346624207453469,71.10522026727399,-2.2697517160711307,56.08408935831554,1.6769110300776786
PedNYC28,PedNYC28_scenario21,21,68.0,-2.2492707253160336,57.52576657086071,2.3437814378827495,70.92077409797443,-2.2753815514399096,55.920450356775795,1.605528549246259
PedNYC28,PedNYC28_scenario21,21,69.0,-2.292507204293657,57.28898371224158,2.340313542760902,70.69676595043128,-2.2880545685634845,55.76000780077323,1.528982394867717
PedNYC28,PedNYC28_scenario21,21,70.0,-2.3156588009311356,57.0863349740574,2.336211919091814,70.43323508742624,-2.294843945041439,55.60877824269272,1.4777033371508583
PedNYC28,PedNYC28_scenario21,21,71.0,-2.3231171232012713,56.954868569985294,2.331479490722947,70.13104597853071,-2.2947883799553486,55.46705233267817,1.4880859093777536
PedNYC28,PedNYC28_scenario21,21,72.0,-2.335583803540184,56.63270583016532,2.326110668636504,69.79067762102399,-2.3021287801758152,55.31677505852195,1.3163559679456898
PedNYC28,PedNYC28_scenario21,21,73.0,-2.3583167304608716,56.38091847965785,2.320101418881379,69.41263536503062,-2.3145414002942717,55.18287569694167,1.1988422701713184
PedNYC28,PedNYC28_scenario21,21,74.0,-2.3836865273115446,56.18887245146973,2.313451933376609,68.99791654474402,-2.3261289988622824,55.05534571272295,1.1349871085325527
PedNYC28,PedNYC28_scenario21,21,75.0,-2.4163326402133767,55.927553372329804,2.3061560099612732,68.54709920482443,-2.3395481029360004,54.92642134327374,1.0040723105268947
PedNYC28,PedNYC28_scenario21,21,76.0,-2.4291329938958546,55.68578316937351,2.298227374613759,68.06201498300805,-2.351323034633274,54.809563038522455,0.8796681803208982
PedNYC28,PedNYC28_scenario21,21,77.0,-2.4231151739324663,55.46632242165167,2.2896488476917436,67.54671858780367,-2.359643043079823,54.68348034555226,0.7854109927334885
PedNYC28,PedNYC28_scenario21,21,78.0,-2.405781005623812,55.2577487541883,2.280480971131686,67.02616071724259,-2.364647823633431,54.56858272927498,0.6903924598049141
PedNYC28,PedNYC28_scenario21,21,79.0,-2.390944970291375,55.01077846528478,2.2703272878082212,66.51905682257716,-2.3683877302409266,54.437539623172306,0.5736824898714823
PedNYC28,PedNYC28_scenario21,21,80.0,-2.3947787317608786,54.78733805530062,2.2578763606939622,66.03002060388279,-2.363749903912617,54.31233747388921,0.4760129625323443
PedNYC28,PedNYC28_scenario21,21,81.0,-2.400635280473102,54.57766057310237,2.240768273563606,65.56008631351827,-2.357570062568436,54.20082157935562,0.37929176131474407
PedNYC28,PedNYC28_scenario21,21,82.0,-2.4001111632564394,54.34064621215467,2.2172563038352493,65.10857163790281,-2.3588693522693336,54.07759073823681,0.2662687915089669
PedNYC28,PedNYC28_scenario21,21,83.0,-2.399243477696902,54.24771863442526,2.1821632354859903,64.67625028637435,-2.3607271994155945,53.97038175732655,0.2799986555173241
PedNYC28,PedNYC28_scenario21,21,84.0,-2.3705586131683334,53.94362847345273,2.1383734990324434,64.26174869547222,-2.351357278926944,53.853348048367444,0.0922997637604243
PedNYC28,PedNYC28_scenario21,21,85.0,-2.3470360859079644,53.701579781753246,2.089356305726223,63.86449708818194,-2.3337644886605724,53.74060284997639,0.041218140994532866
PedNYC28,PedNYC28_scenario21,21,86.0,-2.3383673300349734,53.50708366539877,2.034202327550777,63.483741484820484,-2.317310858251487,53.63163976247636,0.1263233799546695
PedNYC28,PedNYC28_scenario21,21,87.0,-2.342433509164322,53.32051825800582,1.972918938045506,63.119553340468485,-2.304096794375246,53.532144124650166,0.21507024697477323
PedNYC28,PedNYC28_scenario21,21,88.0,-2.3559750222634386,53.13248675634478,1.9047963420376424,62.77063454520809,-2.2849930895089425,53.44273811875156,0.3182677216634254
PedNYC28,PedNYC28_scenario21,21,89.0,-2.364365720167331,52.931806364973966,1.8269875186626603,62.43583751620931,-2.2652136843913655,53.3573688589584,0.4369605960321503
PedNYC28,PedNYC28_scenario21,21,90.0,-2.355323042773168,52.76543188195605,1.7360198182242237,62.11456855377544,-2.2498123757653476,53.27411724062558,0.5195125551680004
PedNYC28,PedNYC28_scenario21,21,91.0,-2.33467038841349,52.59372590498939,1.631300165636696,61.80826564051976,-2.2469028274449068,53.204574446245296,0.6171216129036811
PedNYC28,PedNYC28_scenario21,21,92.0,-2.3127769537107388,52.43380637621261,1.5150816096810988,61.51643867020055,-2.24088747851782,53.13506061692246,0.7049295048138237
PedNYC28,PedNYC28_scenario21,21,93.0,-2.3036871410087802,52.29907643219309,1.3890616952506896,61.238427934067296,-2.233954290090036,53.06838784374048,0.7724653509603497
PedNYC28,PedNYC28_scenario21,21,94.0,-2.3080818591529058,52.186197747197276,1.2530454775353173,60.975691798429146,-2.2237956508195387,53.00834053367193,0.8264520108678531
PedNYC28,PedNYC28_scenario21,21,95.0,-2.3214312725555075,52.079321113632844,1.10846833986256,60.729364227497044,-2.2063540095778302,52.95125301377824,0.8794930442849438
PedNYC28,PedNYC28_scenario21,21,96.0,-2.329420306785932,51.979352655615045,0.9579126113627177,60.50148597335107,-2.1933332995411763,52.896117026501116,0.9268098970484548
PedNYC28,PedNYC28_scenario21,21,97.0,-2.31468536604818,51.91055772036854,0.8024067137928568,60.29285157921329,-2.1877621883656873,52.852530737306374,0.9504854852505596
PedNYC28,PedNYC28_scenario21,21,98.0,-2.2791973027125287,51.87602294584368,0.6447569188827397,60.10231044497498,-2.187651720080178,52.813528703133805,0.9419647756957945
PedNYC28,PedNYC28_scenario21,21,99.0,-2.238815296291106,51.86773756633674,0.48708989868574404,59.927273477686995,-2.1883941165027183,52.79574136491756,0.9293725547656763
PedNYC28,PedNYC28_scenario21,21,100.0,-2.208653688430786,51.87666702270508,0.3302553296089172,59.767391204833984,-2.175133762359619,52.89806213378906,1.0219449879470413
PedNYC29,PedNYC29_scenario21,21,0.0,-2.044377565383911,70.1102294921875,2.399066686630249,96.19465637207033,-1.825302419839082,70.10194651285808,0.2192316745866339
PedNYC29,PedNYC29_scenario21,21,1.0,-2.0103156927920875,69.92591623098522,2.414500026903119,94.94054282651987,-1.8171673414183962,70.00257768621032,0.2078058333050443
PedNYC29,PedNYC29_scenario21,21,2.0,-1.8526471366953006,69.72529753036767,2.4157554557667917,93.66847494154784,-1.8065296691854325,69.86694406997819,0.14896497236987702
PedNYC29,PedNYC29_scenario21,21,3.0,-1.7969130753352138,69.50958060797873,2.415424588056194,92.37602424488895,-1.7865015493999776,69.71520258524953,0.2058853987271835
PedNYC29,PedNYC29_scenario21,21,4.0,-1.8180172402542971,69.19372387038797,2.4106176472211214,91.06300035162675,-1.766365213034811,69.53404823318081,0.3442217364232485
PedNYC29,PedNYC29_scenario21,21,5.0,-1.7962665179087431,68.90094303770907,2.4010653492850316,89.73408949792505,-1.747798760292633,69.3329731292374,0.4347402943302052
PedNYC29,PedNYC29_scenario21,21,6.0,-1.7340788288590248,68.5429617667488,2.386555885913273,88.3924380696903,-1.7365755535379133,69.11983897989869,0.5768826160370062
PedNYC29,PedNYC29_scenario21,21,7.0,-1.7613689487911588,68.24157872904739,2.366967755292821,87.0396805731862,-1.7330047171810947,68.90689538623847,0.6659210043021232
PedNYC29,PedNYC29_scenario21,21,8.0,-1.8270551622476936,67.90203483125165,2.342236110841398,85.67768847803171,-1.734178519696201,68.67310029293871,0.7766389231414521
PedNYC29,PedNYC29_scenario21,21,9.0,-1.7742691364384298,67.59356363081328,2.3148213116990592,84.3114304972817,-1.729664786041388,68.4404409422859,0.8480511356996363
PedNYC29,PedNYC29_scenario21,21,10.0,-1.69871932795458,67.24806650696013,2.2879025658108008,82.96710265951128,-1.714501195148898,68.20996503885166,0.9620279897109176
PedNYC29,PedNYC29_scenario21,21,11.0,-1.748804038007104,66.91424429295557,2.2646101881916865,81.69538991412864,-1.7093786353686158,67.95872061496786,1.0452201440928703
PedNYC29,PedNYC29_scenario21,21,12.0,-1.7948774419549325,66.57438338425565,2.2462206201559978,80.5211758891373,-1.7105148648709003,67.71371106683303,1.1424467658054744
PedNYC29,PedNYC29_scenario21,21,13.0,-1.7273870145912298,66.22852221165685,2.2304409762758906,79.43928231952982,-1.701620808899189,67.45744478136365,1.2291926536107023
PedNYC29,PedNYC29_scenario21,21,14.0,-1.6885855589436813,65.85114954033882,2.2154554703836684,78.44258327894138,-1.698685724636741,67.19825912923983,1.3471474521581015
PedNYC29,PedNYC29_scenario21,21,15.0,-1.7752324587368784,65.4948021478159,2.200222972126416,77.5243460398967,-1.6959252536032763,66.92561931432473,1.4330133972724968
PedNYC29,PedNYC29_scenario21,21,16.0,-1.7691872223794978,65.13654969777825,2.185895755955963,76.6783117382077,-1.6865739244722937,66.67475642194377,1.540423605135653
PedNYC29,PedNYC29_scenario21,21,17.0,-1.6833959787818802,64.75426451671309,2.1738757821888868,75.89874278746686,-1.6878849387447674,66.42719810274986,1.6729396086085626
PedNYC29,PedNYC29_scenario21,21,18.0,-1.7092202337260527,64.40613908899518,2.165172581692915,75.18039033166536,-1.6928475003298016,66.19560740917889,1.7895432197463108
PedNYC29,PedNYC29_scenario21,21,19.0,-1.746558400311601,64.03857127105005,2.1583646672801144,74.51847731098565,-1.691696157566123,65.95459758567938,1.916811598470526
PedNYC29,PedNYC29_scenario21,21,20.0,-1.6580110141191196,63.68658887346023,2.1529818182211975,73.90862127696397,-1.691040003484116,65.71870393749454,2.0323834647068035
PedNYC29,PedNYC29_scenario21,21,21.0,-1.5607998092336737,63.33646905190471,2.1483471057818577,73.3552297188296,-1.7028991624407648,65.4971993169833,2.1653977705281937
PedNYC29,PedNYC29_scenario21,21,22.0,-1.5836992684582174,62.998638575442136,2.1445936286628706,72.91424448569666,-1.7232685253583613,65.26848722599237,2.2741355443060978
PedNYC29,PedNYC29_scenario21,21,23.0,-1.587054360171876,62.671910961318645,2.142032851496017,72.63483479509851,-1.730421229300475,65.03644162310239,2.3688730041264807
PedNYC29,PedNYC29_scenario21,21,24.0,-1.5122503399189118,62.35601948407774,2.141117133687576,72.5429125456035,-1.7326844632821083,64.8256955527612,2.4794941191643716
PedNYC29,PedNYC29_scenario21,21,25.0,-1.5068040512133838,62.0688331424282,2.1411137575624166,72.54264066924343,-1.7612884374855875,64.6329153428684,2.576680002148233
PedNYC29,PedNYC29_scenario21,21,26.0,-1.6005568141907172,61.78454513220375,2.1411148279651813,72.54276256399035,-1.7990657116677642,64.4404599811152,2.663323012149643
PedNYC29,PedNYC29_scenario21,21,27.0,-1.6549290904375211,61.51407898443545,2.1411190032958984,72.54311615955278,-1.826652969619971,64.24456602224824,2.7358816776946164
PedNYC29,PedNYC29_scenario21,21,28.0,-1.6463898094871656,61.20541665118594,2.1411061460054976,72.54195061953078,-1.8429115196989831,64.05009084300737,2.8514543728068773
PedNYC29,PedNYC29_scenario21,21,29.0,-1.6959014218729795,60.93357481334387,2.1408458004516655,72.51852894692725,-1.8680852622162605,63.87003610557126,2.9415050901919453
PedNYC29,PedNYC29_scenario21,21,30.0,-1.7623253636527874,60.63314497087219,2.1399412396937794,72.43694435308045,-1.8991914746182001,63.68540769192777,3.055329777728819
PedNYC29,PedNYC29_scenario21,21,31.0,-1.736794759339076,60.37794741528419,2.1380207872348365,72.26432392844701,-1.9244018579729016,63.49504565842647,3.1227388428843184
PedNYC29,PedNYC29_scenario21,21,32.0,-1.648900462063605,60.09481718134927,2.1351642933207096,71.98687317780161,-1.9388502000199235,63.30721317825131,3.225454834818368
PedNYC29,PedNYC29_scenario21,21,33.0,-1.6941490265477042,59.775450826475556,2.1314191241656344,71.62055256428783,-1.9497110775541249,63.131974681071775,3.3662389024530133
PedNYC29,PedNYC29_scenario21,21,34.0,-1.7972132133241667,59.49429265691316,2.1261043248031424,71.19098784417227,-1.9638288600748472,62.95713407603772,3.466847482619726
PedNYC29,PedNYC29_scenario21,21,35.0,-1.8015975942345632,59.21393405043516,2.120332391514502,70.76980516360189,-1.976875437050742,62.77561340886013,3.565989648668772
PedNYC29,PedNYC29_scenario21,21,36.0,-1.7362967727484382,58.912245243596026,2.115518226705435,70.37991606293394,-1.9806681022861308,62.58636645574973,3.68223899662934
PedNYC29,PedNYC29_scenario21,21,37.0,-1.7552201693280551,58.63074877803809,2.1113653234858183,70.02050073090028,-1.9875194231117008,62.39356349844064,3.7699784566210157
PedNYC29,PedNYC29_scenario21,21,38.0,-1.8057446402322042,58.34053518070316,2.1076546970840027,69.6892936047209,-1.996107785750097,62.1974923280324,3.8616520510664385
PedNYC29,PedNYC29_scenario21,21,39.0,-1.7293143311167871,58.03314517040922,2.1042665648289955,69.38403602100647,-2.005058859194586,61.9754391700128,3.9519257361538593
PedNYC29,PedNYC29_scenario21,21,40.0,-1.64720069708609,57.7399331292345,2.1010492692760208,69.09153296431087,-2.014765555831237,61.75564211260331,4.032495823245611
PedNYC29,PedNYC29_scenario21,21,41.0,-1.6892186753601777,57.36442360600927,2.0975325712477177,68.76862332419572,-2.023002631829535,61.54150948442543,4.190400716549681
PedNYC29,PedNYC29_scenario21,21,42.0,-1.7169154492897154,57.07420841444255,2.0933591179733675,68.38128766897837,-2.0282745446250225,61.3152058821016,4.2524115519242125
PedNYC29,PedNYC29_scenario21,21,43.0,-1.6694860934851439,56.74956683094979,2.08792529311021,67.92267708956662,-2.0341908489877274,61.08861519498951,4.354348431644161
PedNYC29,PedNYC29_scenario21,21,44.0,-1.6600053113513513,56.44234434811143,2.0812300762688776,67.43947224784579,-2.0475315707889035,60.864360700598525,4.4389644314205645
PedNYC29,PedNYC29_scenario21,21,45.0,-1.7522972390645812,56.091067814468374,2.074107298981241,66.98759212840254,-2.073350900989988,60.63840820183235,4.558659896547148
PedNYC29,PedNYC29_scenario21,21,46.0,-1.7837703797736417,55.80199211389273,2.0670630915221513,66.57073926519683,-2.089057810505804,60.4111279305209,4.61923515221813
PedNYC29,PedNYC29_scenario21,21,47.0,-1.7469387813974298,55.418798613637406,2.060194791657987,66.18662273880956,-2.084047468677665,60.18267849712839,4.775792479931461
PedNYC29,PedNYC29_scenario21,21,48.0,-1.7990149508934792,55.09646935688529,2.053544489404569,65.83256230695905,-2.0969932581660817,59.95361459827399,4.866276910282638
PedNYC29,PedNYC29_scenario21,21,49.0,-1.9417154854964196,54.74457142972353,2.04714394520546,65.50626234638784,-2.1280210868134297,59.72510909821509,4.9840209915634865
PedNYC29,PedNYC29_scenario21,21,50.0,-1.9777373451418623,54.410571197026265,2.0410149211880793,65.20553730765934,-2.1415726242359976,59.50820528941491,5.1002662027151935
PedNYC29,PedNYC29_scenario21,21,51.0,-1.9880885376262685,54.08872408452693,2.0351705354631004,64.92844062345256,-2.1511988329233893,59.29022030652531,5.204053027775117
PedNYC29,PedNYC29_scenario21,21,52.0,-2.0707285698921996,53.77349460655875,2.0294363338859203,64.6652030121291,-2.169277852319524,59.07241554195519,5.299837265487461
PedNYC29,PedNYC29_scenario21,21,53.0,-2.1391298934504155,53.45063885780836,2.021915054239441,64.36631838831742,-2.191041779263107,58.8553537433938,5.40496418474327
PedNYC29,PedNYC29_scenario21,21,54.0,-2.1038997367547205,53.13396490463706,2.011387261322779,63.98595211301596,-2.197121118848999,58.641038644652404,5.507862689287575
PedNYC29,PedNYC29_scenario21,21,55.0,-2.1036682856671147,52.80729213389362,1.9917649827622979,63.495107367692476,-2.193226298117283,58.432645701371136,5.626066423063815
PedNYC29,PedNYC29_scenario21,21,56.0,-2.2290443743872914,52.490824631139574,1.942082052945284,62.91026760776922,-2.2068897287829405,58.21921562505987,5.728433835486709
PedNYC29,PedNYC29_scenario21,21,57.0,-2.2780848982139053,52.25643986977763,1.8380804742294716,62.300613987533694,-2.228612065711436,58.00478344553898,5.748556464552874
PedNYC29,PedNYC29_scenario21,21,58.0,-2.2684898314908795,51.97293603819657,1.670002019428275,61.695437249904096,-2.2415834951305857,57.79468855910969,5.821814696956143
PedNYC29,PedNYC29_scenario21,21,59.0,-2.340810782092175,51.73761712264941,1.4341033955215001,61.112043214990514,-2.248649494784993,57.57713523854753,5.840245331215153
PedNYC29,PedNYC29_scenario21,21,60.0,-2.4387394164438256,51.61833965776403,1.1352101660969565,60.581553631445615,-2.2538043295640473,57.363200272204615,5.747836503042676
PedNYC29,PedNYC29_scenario21,21,61.0,-2.429081944576521,51.52780299272335,0.7842303389161666,60.11535567697498,-2.2505066610104407,57.16284960897824,5.6378754419786885
PedNYC29,PedNYC29_scenario21,21,62.0,-2.30175195058812,51.440265525771935,0.3922921603936903,59.718120290975975,-2.2605093636601685,56.972795548860645,5.532683743659534
PedNYC29,PedNYC29_scenario21,21,63.0,-2.1859041222109448,51.36285130791538,-0.04279575011815905,59.38370573597035,-2.26960668010071,56.780389537604606,5.4181848056652315
PedNYC29,PedNYC29_scenario21,21,64.0,-2.0764600264618585,51.33129838158754,-0.5166984547184025,59.1098917056943,-2.2695786202796047,56.595322650115136,5.267565499443331
PedNYC29,PedNYC29_scenario21,21,65.0,-1.9511197180275786,51.34728858552073,-1.049534589842894,58.883209312318726,-2.270678576491046,56.426068018985625,5.08882288921598
PedNYC29,PedNYC29_scenario21,21,66.0,-1.8429958920640441,51.35521153854592,-1.6444032113345746,58.68899121032586,-2.269968189868403,56.26084748465528,4.924182102527543
PedNYC29,PedNYC29_scenario21,21,67.0,-1.775130087520212,51.362940231798355,-2.3087584361193465,58.507544866838195,-2.2697517160711307,56.08408935831554,4.746988480104446
PedNYC29,PedNYC29_scenario21,21,68.0,-1.8278562261628917,51.38612129959778,-3.055298043997587,58.335800206674435,-2.2753815514399096,55.920450356775795,4.556360270603407
PedNYC29,PedNYC29_scenario21,21,69.0,-1.9358957448835428,51.4265282223165,-3.889020785789886,58.19492919319294,-2.2880545685634845,55.76000780077323,4.3477650688597675
PedNYC29,PedNYC29_scenario21,21,70.0,-1.9225280916687666,51.54352285017407,-4.815568357718806,58.09292118853897,-2.294843945041439,55.60877824269272,4.082269038301443
PedNYC29,PedNYC29_scenario21,21,71.0,-1.7952544733556448,51.68246368020209,-5.831864169594441,58.01172659188269,-2.2947883799553486,55.46705233267817,3.817413442672078
PedNYC29,PedNYC29_scenario21,21,72.0,-1.7607964916739693,51.78095424834101,-6.924078645947648,57.92733011944682,-2.3021287801758152,55.31677505852195,3.577019632079648
PedNYC29,PedNYC29_scenario21,21,73.0,-1.8506194575890345,51.89333854599597,-8.076578634411728,57.81182671483474,-2.3145414002942717,55.18287569694167,3.3220894383468043
PedNYC29,PedNYC29_scenario21,21,74.0,-1.9521478494477278,51.99939497272336,-9.286643494553905,57.6959984758381,-2.3261289988622824,55.05534571272295,3.078749230681431
PedNYC29,PedNYC29_scenario21,21,75.0,-1.9567762173285637,52.04477439435825,-10.53819783604901,57.61628301063519,-2.3395481029360004,54.92642134327374,2.906957766223207
PedNYC29,PedNYC29_scenario21,21,76.0,-1.912272292825699,52.04955547429671,-11.806204711375434,57.58106329648485,-2.351323034633274,54.809563038522455,2.794710594760236
PedNYC29,PedNYC29_scenario21,21,77.0,-1.8860979502017106,52.04453751364108,-13.087057275454573,57.559964032138105,-2.359643043079823,54.68348034555226,2.681093848615587
PedNYC29,PedNYC29_scenario21,21,78.0,-1.8742715269293657,52.04766919247438,-14.383516196704244,57.54140969128105,-2.364647823633431,54.56858272927498,2.5681654877351066
PedNYC29,PedNYC29_scenario21,21,79.0,-1.8754209791003371,52.04860397600781,-15.701872753947397,57.52601184589564,-2.3683877302409266,54.437539623172306,2.439268280452839
PedNYC29,PedNYC29_scenario21,21,80.0,-1.8700925169092812,52.04596910945434,-17.040993710477903,57.507932590144996,-2.363749903912617,54.31233747388921,2.3195092539272486
PedNYC29,PedNYC29_scenario21,21,81.0,-1.8741603899254673,52.03902153590192,-18.401027756064494,57.49373538901849,-2.357570062568436,54.20082157935562,2.215189459048867
PedNYC29,PedNYC29_scenario21,21,82.0,-1.8843978699674233,52.033953997392636,-19.783743208972297,57.48615820627361,-2.3588693522693336,54.07759073823681,2.0979929256424956
PedNYC29,PedNYC29_scenario21,21,83.0,-1.892929759622664,52.02448369537371,-21.199207509706316,57.48695236280176,-2.3607271994155945,53.97038175732655,2.001337980499205
PedNYC29,PedNYC29_scenario21,21,84.0,-1.895129094789333,52.02042250168173,-22.65798226730615,57.49409125794732,-2.351357278926944,53.853348048367444,1.8888515599947573
PedNYC29,PedNYC29_scenario21,21,85.0,-1.859281085987451,52.047869038049384,-24.16368148617813,57.50812160898605,-2.3337644886605724,53.74060284997639,1.757976751112823
PedNYC29,PedNYC29_scenario21,21,86.0,-1.753891209215208,52.052986503948986,-25.716318312573197,57.52938305621749,-2.317310858251487,53.63163976247636,1.67618251141672
PedNYC29,PedNYC29_scenario21,21,87.0,-1.6602359875508697,52.00853154626761,-27.298617612763785,57.55804848443916,-2.304096794375246,53.532144124650166,1.6540713489961887
PedNYC29,PedNYC29_scenario21,21,88.0,-1.5856854657420847,51.994158683643434,-28.81207822381628,57.59186077023758,-2.2849930895089425,53.44273811875156,1.608543916862899
PedNYC29,PedNYC29_scenario21,21,89.0,-1.5189763735280335,52.030023925660096,-29.999454808842536,57.62125983881411,-2.2652136843913655,53.3573688589584,1.5227326410362465
PedNYC29,PedNYC29_scenario21,21,90.0,-1.4944958378658886,52.039417851037086,-30.344683768975706,57.63002089808024,-2.2498123757653476,53.27411724062558,1.4474065272322838
PedNYC29,PedNYC29_scenario21,21,91.0,-1.5740662428801562,52.05931097431024,-30.34582099536527,57.630069732666016,-2.2469028274449068,53.204574446245296,1.3282836631072032
PedNYC29,PedNYC29_scenario21,21,92.0,-1.6250723398467786,52.07001272999283,-30.345993882875145,57.63007736206055,-2.24088747851782,53.13506061692246,1.2302663477758369
PedNYC29,PedNYC29_scenario21,21,93.0,-1.6328792644406773,52.01006825783913,-30.34599899114436,57.63007781627309,-2.233954290090036,53.06838784374048,1.217099639455121
PedNYC29,PedNYC29_scenario21,21,94.0,-1.6081268902330759,51.9378349372025,-30.34599876403809,57.630077519869886,-2.2237956508195387,53.00834053367193,1.2349211532864874
PedNYC29,PedNYC29_scenario21,21,95.0,-1.5645405145393785,51.85785099603313,-30.345996856689453,57.63007736206055,-2.2063540095778302,52.95125301377824,1.2678535147336847
PedNYC29,PedNYC29_scenario21,21,96.0,-1.6099069436333626,51.75617892768134,-30.34599876403809,57.63007736206055,-2.1933332995411763,52.896117026501116,1.28056439975064
PedNYC29,PedNYC29_scenario21,21,97.0,-1.6723979819294494,51.71201395980229,-30.345997847024233,57.63007919608826,-2.1877621883656873,52.852530737306374,1.2515505523325654
PedNYC29,PedNYC29_scenario21,21,98.0,-1.6804115938320199,51.53366693720711,-30.34600067138672,57.63007858474569,-2.187651720080178,52.813528703133805,1.3767130004315533
PedNYC29,PedNYC29_scenario21,21,99.0,-1.6483729417791089,51.346722641526526,-30.34599716236074,57.63007736206055,-2.1883941165027183,52.79574136491756,1.5463758048701004
PedNYC29,PedNYC29_scenario21,21,100.0,-1.6338657140731812,51.26601409912109,-30.345996856689453,57.63007736206055,-2.175133762359619,52.89806213378906,1.7194626740814725
PedNYC2,PedNYC2_scenario21,21,0.0,-2.0170531272888184,70.10650634765625,3.684664487838745,91.26630401611328,-1.825302419839082,70.10194651285808,0.1918049162583197
PedNYC2,PedNYC2_scenario21,21,1.0,-1.9915501840035807,70.04528543463425,3.7661882959958177,90.18978365367427,-1.8171673414183962,70.00257768621032,0.17953642405799297
PedNYC2,PedNYC2_scenario21,21,2.0,-1.9433399139129461,69.94327520252945,3.8215865511924543,89.09968609090033,-1.8065296691854325,69.86694406997819,0.15666360412986885
PedNYC2,PedNYC2_scenario21,21,3.0,-1.878933886830785,69.82101246026087,3.8519365444301696,87.99750203997544,-1.7865015493999776,69.71520258524953,0.14049721226002765
PedNYC2,PedNYC2_scenario21,21,4.0,-1.8251836664157808,69.68569701264602,3.8629122283432076,86.88218885697162,-1.766365213034811,69.53404823318081,0.16265596445078706
PedNYC2,PedNYC2_scenario21,21,5.0,-1.787728971836203,69.53560258968058,3.869525315997904,85.75559333472752,-1.747798760292633,69.3329731292374,0.20652631801639043
PedNYC2,PedNYC2_scenario21,21,6.0,-1.766931222344313,69.3710587699363,3.879661111693566,84.6173784333475,-1.7365755535379133,69.11983897989869,0.2530471290791982
PedNYC2,PedNYC2_scenario21,21,7.0,-1.7443512364042892,69.19934864917543,3.894469757865981,83.47025097271803,-1.7330047171810947,68.90689538623847,0.29267328969510803
PedNYC2,PedNYC2_scenario21,21,8.0,-1.7005728689890458,69.06603085366909,3.9147897488702386,82.31513533821823,-1.734178519696201,68.67310029293871,0.3943650153288704
PedNYC2,PedNYC2_scenario21,21,9.0,-1.6388504317857155,68.93404852830288,3.9405327210340833,81.15421043669762,-1.729664786041388,68.4404409422859,0.5018921158101441
PedNYC2,PedNYC2_scenario21,21,10.0,-1.5249122956046521,68.74826540331567,3.96896877288141,79.9855748302634,-1.714501195148898,68.20996503885166,0.5707111644365133
PedNYC2,PedNYC2_scenario21,21,11.0,-1.457573401095299,68.58989071759659,3.9997049633885773,78.81329379168075,-1.7093786353686158,67.95872061496786,0.6795451231962458
PedNYC2,PedNYC2_scenario21,21,12.0,-1.4282696057131603,68.43739069047665,4.032584698851351,77.63384379295918,-1.7105148648709003,67.71371106683303,0.7767718995908581
PedNYC2,PedNYC2_scenario21,21,13.0,-1.440429987234487,68.27665788734453,4.067185006184359,76.44892838118894,-1.701620808899189,67.45744478136365,0.8598434498981316
PedNYC2,PedNYC2_scenario21,21,14.0,-1.4521789470633828,68.10602898881974,4.101639202579509,75.26012360052869,-1.698685724636741,67.19825912923983,0.9406443054371506
PedNYC2,PedNYC2_scenario21,21,15.0,-1.4253230472433815,67.91095746663555,4.135269032752671,74.06480711076668,-1.6959252536032763,66.92561931432473,1.0218203503973375
PedNYC2,PedNYC2_scenario21,21,16.0,-1.3660519710902217,67.69064801350675,4.166785159014949,72.86499235775163,-1.6865739244722937,66.67475642194377,1.0652558605369022
PedNYC2,PedNYC2_scenario21,21,17.0,-1.317066951334979,67.42707472565567,4.194298686804177,71.66025465741191,-1.6878849387447674,66.42719810274986,1.066423574767637
PedNYC2,PedNYC2_scenario21,21,18.0,-1.3363986135846657,67.18054785666587,4.2176095633874375,70.45090282652565,-1.6928475003298016,66.19560740917889,1.0474557241037414
PedNYC2,PedNYC2_scenario21,21,19.0,-1.3798878397788576,66.95118519514914,4.236338482116141,69.23775983162666,-1.691696157566123,65.95459758567938,1.0442276046868173
PedNYC2,PedNYC2_scenario21,21,20.0,-1.430452625427246,66.69378610351562,4.250301122538248,68.0191621061198,-1.691040003484116,65.71870393749454,1.009302240210988
PedNYC2,PedNYC2_scenario21,21,21.0,-1.4460446427846272,66.4676516508138,4.259873905574544,66.79643393847657,-1.7028991624407648,65.4971993169833,1.003868505584703
PedNYC2,PedNYC2_scenario21,21,22.0,-1.4321416428337002,66.24808958294287,4.266677322174403,65.56984228832687,-1.7232685253583613,65.26848722599237,1.0219469846677423
PedNYC2,PedNYC2_scenario21,21,23.0,-1.4040749500178096,66.01024427135033,4.271098523121594,64.33811290206904,-1.730421229300475,65.03644162310239,1.027031397639011
PedNYC2,PedNYC2_scenario21,21,24.0,-1.3856220794688907,65.74232053746557,4.272566423807154,63.10223632503749,-1.7326844632821083,64.8256955527612,0.9801294102527482
PedNYC2,PedNYC2_scenario21,21,25.0,-1.3733384743302033,65.46043705709556,4.269028122095087,61.864170675793304,-1.7612884374855875,64.6329153428684,0.9139460385765242
PedNYC2,PedNYC2_scenario21,21,26.0,-1.3498540804397774,65.23803630890161,4.258017933793992,60.62032431017569,-1.7990657116677642,64.4404599811152,0.9153792046336717
PedNYC2,PedNYC2_scenario21,21,27.0,-1.3245873165802138,65.00288439294495,4.238017839976926,59.372832003444486,-1.826652969619971,64.24456602224824,0.9094595490170829
PedNYC2,PedNYC2_scenario21,21,28.0,-1.3147880587991687,64.7472170334681,4.208508942523911,58.12275067683786,-1.8429115196989831,64.05009084300737,0.8745852247660579
PedNYC2,PedNYC2_scenario21,21,29.0,-1.3138596373908562,64.5007227374474,4.168791561926772,56.86848914685996,-1.8680852622162605,63.87003610557126,0.839602090778951
PedNYC2,PedNYC2_scenario21,21,30.0,-1.3490237357395714,64.26501027814531,4.11866086355084,55.61119519760646,-1.8991914746182001,63.68540769192777,0.7991393488327826
PedNYC2,PedNYC2_scenario21,21,31.0,-1.4115274679751268,63.99927507928162,4.058175026720806,54.35487574098164,-1.9244018579729016,63.49504565842647,0.7192269800080544
PedNYC2,PedNYC2_scenario21,21,32.0,-1.4679962563922575,63.768717173137546,3.9887740400620473,53.10215900961283,-1.9388502000199235,63.30721317825131,0.6593097705370976
PedNYC2,PedNYC2_scenario21,21,33.0,-1.4897315544466818,63.540968513181134,3.913801098312102,51.853694892698734,-1.9497110775541249,63.131974681071775,0.6155137012135878
PedNYC2,PedNYC2_scenario21,21,34.0,-1.4853658966451921,63.29920739665918,3.834228810939505,50.6118311536613,-1.9638288600748472,62.95713407603772,0.5881674625945226
PedNYC2,PedNYC2_scenario21,21,35.0,-1.4786430240538797,63.07588603295833,3.751677746252741,49.37505918517872,-1.976875437050742,62.77561340886013,0.5817208833654625
PedNYC2,PedNYC2_scenario21,21,36.0,-1.493756555998733,62.83906889401042,3.6692959514358194,48.144263200186714,-1.9806681022861308,62.58636645574973,0.5485812393901924
PedNYC2,PedNYC2_scenario21,21,37.0,-1.5408555264019914,62.61029818547571,3.589522478962463,46.91760602364053,-1.9875194231117008,62.39356349844064,0.49647010100115013
PedNYC2,PedNYC2_scenario21,21,38.0,-1.6023770809273747,62.39057603075196,3.514266788767444,45.69575361094417,-1.996107785750097,62.1974923280324,0.4385261499341758
PedNYC2,PedNYC2_scenario21,21,39.0,-1.642461528726328,62.17085596187729,3.443432899004976,44.477720367200966,-2.005058859194586,61.9754391700128,0.4119035646911981
PedNYC2,PedNYC2_scenario21,21,40.0,-1.658402830110476,61.95514103591358,3.376349881817299,43.26331199718964,-2.014765555831237,61.75564211260331,0.40840447192101814
PedNYC2,PedNYC2_scenario21,21,41.0,-1.6562761314062229,61.718606210723614,3.3128823316536224,42.050848578917474,-2.023002631829535,61.54150948442543,0.40724878953566257
PedNYC2,PedNYC2_scenario21,21,42.0,-1.6663539839238959,61.49383166570555,3.2516685170445867,40.83991113182879,-2.0282745446250225,61.3152058821016,0.4036008706957189
PedNYC2,PedNYC2_scenario21,21,43.0,-1.6933701606447187,61.28882646971373,3.1914968344663555,39.62837611357852,-2.0341908489877274,61.08861519498951,0.39527622762987075
PedNYC2,PedNYC2_scenario21,21,44.0,-1.7314030470316049,61.09577370782173,3.132448855276853,38.41586696118003,-2.0475315707889035,60.864360700598525,0.39177700729503667
PedNYC2,PedNYC2_scenario21,21,45.0,-1.762102268906861,60.85373803870522,3.0752298934604196,37.20249734575753,-2.073350900989988,60.63840820183235,0.3784741069364109
PedNYC2,PedNYC2_scenario21,21,46.0,-1.7571141574604467,60.638400825666075,3.0197849552762857,35.98808691375773,-2.089057810505804,60.4111279305209,0.4022928754834805
PedNYC2,PedNYC2_scenario21,21,47.0,-1.7327736241890443,60.419971226598925,2.965718106942342,34.771266166289806,-2.084047468677665,60.18267849712839,0.4239117281715509
PedNYC2,PedNYC2_scenario21,21,48.0,-1.7167169303447791,60.23178909016091,2.9130910759232314,33.552125175659164,-2.0969932581660817,59.95361459827399,0.4711593503665211
PedNYC2,PedNYC2_scenario21,21,49.0,-1.7213065041354156,59.988572451833754,2.8619144866132302,32.33164381003147,-2.1280210868134297,59.72510909821509,0.48459229302883355
PedNYC2,PedNYC2_scenario21,21,50.0,-1.734161516879301,59.80975198271401,2.812097369892127,31.10900357482446,-2.1415726242359976,59.50820528941491,0.5068670620954101
PedNYC2,PedNYC2_scenario21,21,51.0,-1.7580293178558348,59.60842056274415,2.7634430408477786,29.884904861450213,-2.1511988329233893,59.29022030652531,0.5058000302848841
PedNYC2,PedNYC2_scenario21,21,52.0,-1.7676193886259493,59.42407629482096,2.7158133643776363,28.657353878446106,-2.169277852319524,59.07241554195519,0.5338490484798178
PedNYC2,PedNYC2_scenario21,21,53.0,-1.759455929700107,59.20123867653284,2.6693065425450846,27.4293313245198,-2.191041779263107,58.8553537433938,0.553084742616911
PedNYC2,PedNYC2_scenario21,21,54.0,-1.7475279949505194,58.98614072805263,2.6238538038837245,26.19828505972442,-2.197121118848999,58.641038644652404,0.5667710516813396
PedNYC2,PedNYC2_scenario21,21,55.0,-1.7469233633677166,58.78216141560872,2.5796509380340575,24.966579736328118,-2.193226298117283,58.432645701371136,0.5668752455920822
PedNYC2,PedNYC2_scenario21,21,56.0,-1.7610723778525448,58.5910929511699,2.537207604403832,23.735826576595784,-2.2068897287829405,58.21921562505987,0.5805565054887784
PedNYC2,PedNYC2_scenario21,21,57.0,-1.786327490468971,58.41477286814806,2.4968100627588905,22.506346613670246,-2.228612065711436,58.00478344553898,0.6030812317994435
PedNYC2,PedNYC2_scenario21,21,58.0,-1.8107991074645455,58.22006283941415,2.459229035866281,21.276348356666322,-2.2415834951305857,57.79468855910969,0.6054076866057638
PedNYC2,PedNYC2_scenario21,21,59.0,-1.8181330662398685,58.033956987094435,2.4251375571432487,20.04643081611283,-2.248649494784993,57.57713523854753,0.6277184919951804
PedNYC2,PedNYC2_scenario21,21,60.0,-1.8019737990769562,57.84780193040032,2.3946438133198713,18.817749510020523,-2.2538043295640473,57.363200272204615,0.6625628992075208
PedNYC2,PedNYC2_scenario21,21,61.0,-1.7772202221381082,57.69154189764394,2.3679113696971346,17.592082258743442,-2.2505066610104407,57.16284960897824,0.7095883238294054
PedNYC2,PedNYC2_scenario21,21,62.0,-1.757209850487208,57.54756560447879,2.3449722374238164,16.367500782227037,-2.2605093636601685,56.972795548860645,0.7639836495602673
PedNYC2,PedNYC2_scenario21,21,63.0,-1.7561686952336582,57.387605761453194,2.325801833240723,15.143545438602386,-2.26960668010071,56.780389537604606,0.7951918679219993
PedNYC2,PedNYC2_scenario21,21,64.0,-1.780103918504157,57.25977268928598,2.310254991027971,13.922371094635539,-2.2695786202796047,56.595322650115136,0.8252753105675104
PedNYC2,PedNYC2_scenario21,21,65.0,-1.8217112500603416,57.14298557236061,2.2978964027411037,12.703210702141677,-2.270678576491046,56.426068018985625,0.8458974160851346
PedNYC2,PedNYC2_scenario21,21,66.0,-1.8578167137441577,57.02726807381884,2.288191649537279,11.487480669311648,-2.269968189868403,56.26084748465528,0.8702122492617599
PedNYC2,PedNYC2_scenario21,21,67.0,-1.8794043320404052,56.91813831196289,2.280903675073242,10.282708756652841,-2.2697517160711307,56.08408935831554,0.9208738986961662
PedNYC2,PedNYC2_scenario21,21,68.0,-1.8837952808197016,56.80796472851562,2.2748036352691647,9.096996977144354,-2.2753815514399096,55.920450356775795,0.9700626615755195
PedNYC2,PedNYC2_scenario21,21,69.0,-1.875410669879488,56.68482596206479,2.258093751689448,7.942293968913938,-2.2880545685634845,55.76000780077323,1.0127011496862404
PedNYC2,PedNYC2_scenario21,21,70.0,-1.8717620582343713,56.56071410065362,2.2117560403212626,6.827101493484767,-2.294843945041439,55.60877824269272,1.0417198090734276
PedNYC2,PedNYC2_scenario21,21,71.0,-1.883871493210006,56.43480918067948,2.1224768442626534,5.754974340446378,-2.2947883799553486,55.46705233267817,1.0513829010716844
PedNYC2,PedNYC2_scenario21,21,72.0,-1.911525458200073,56.313825022265625,1.966200596812441,4.730259681225596,-2.3021287801758152,55.31677505852195,1.0708312590411964
PedNYC2,PedNYC2_scenario21,21,73.0,-1.956200414168835,56.18417111172527,1.715187333327722,3.7722256702426487,-2.3145414002942717,55.18287569694167,1.0634851997108417
PedNYC2,PedNYC2_scenario21,21,74.0,-2.0091434362114575,56.0540612716202,1.367949742276527,2.8901998748146642,-2.3261289988622824,55.05534571272295,1.0478132536442253
PedNYC2,PedNYC2_scenario21,21,75.0,-2.056783674327942,55.91270367121504,0.9278819970203556,2.098179167117683,-2.3395481029360004,54.92642134327374,1.0260158636665218
PedNYC2,PedNYC2_scenario21,21,76.0,-2.08972638483517,55.76424405542784,0.40756869137264995,1.4093219846016447,-2.351323034633274,54.809563038522455,0.9898730480344878
PedNYC2,PedNYC2_scenario21,21,77.0,-2.108781291420473,55.617839232379715,-0.179644354654992,0.8307343811803378,-2.359643043079823,54.68348034555226,0.9674492998803792
PedNYC2,PedNYC2_scenario21,21,78.0,-2.119018904388875,55.47859253144347,-0.8165385401381092,0.3683761956305417,-2.364647823633431,54.56858272927498,0.942577002696321
PedNYC2,PedNYC2_scenario21,21,79.0,-2.1290959235549543,55.35552394693507,-1.4835847306611787,0.02335261222915093,-2.3683877302409266,54.437539623172306,0.9486599956892988
PedNYC2,PedNYC2_scenario21,21,80.0,-2.159143612801994,55.148248634831894,-2.1652150377014134,-0.20766207243408452,-2.363749903912617,54.31233747388921,0.8605877081103323
PedNYC2,PedNYC2_scenario21,21,81.0,-2.182374310453472,54.997777390835864,-2.8460288553955255,-0.331357481359315,-2.357570062568436,54.20082157935562,0.8159853656844982
PedNYC2,PedNYC2_scenario21,21,82.0,-2.2107897747211998,54.83314297972646,-3.5193682929337453,-0.3626113791927183,-2.3588693522693336,54.07759073823681,0.7699264581158857
PedNYC2,PedNYC2_scenario21,21,83.0,-2.228448444184218,54.702352409748826,-4.184992519987298,-0.32530527491225714,-2.3607271994155945,53.97038175732655,0.7438270666580074
PedNYC2,PedNYC2_scenario21,21,84.0,-2.2277135910554176,54.56524056010193,-4.846948498081344,-0.24465210285357064,-2.351357278926944,53.853348048367444,0.7225501434600248
PedNYC2,PedNYC2_scenario21,21,85.0,-2.2041807120761576,54.42042091419332,-5.50540115115134,-0.13564633700171194,-2.3337644886605724,53.74060284997639,0.6920582024580991
PedNYC2,PedNYC2_scenario21,21,86.0,-2.1771452838441627,54.32809601719876,-6.156887588200396,-0.01461120101209749,-2.317310858251487,53.63163976247636,0.710420792904379
PedNYC2,PedNYC2_scenario21,21,87.0,-2.16171990975798,54.23922014578458,-6.794245358681986,0.10373178759439651,-2.304096794375246,53.532144124650166,0.7212681033683592
PedNYC2,PedNYC2_scenario21,21,88.0,-2.1679275855284112,54.18506176912272,-7.384095048235074,0.20590524301404609,-2.2849930895089425,53.44273811875156,0.7514976607565539
PedNYC2,PedNYC2_scenario21,21,89.0,-2.188944198095197,54.157786967166814,-7.850762018038418,0.26998343934972835,-2.2652136843913655,53.3573688589584,0.8040436446411439
PedNYC2,PedNYC2_scenario21,21,90.0,-2.2184096549902907,54.15327727683,-8.132382711045397,0.2978165187551118,-2.2498123757653476,53.27411724062558,0.8797206943860318
PedNYC2,PedNYC2_scenario21,21,91.0,-2.259261991174384,54.18009077930965,-8.207203660143644,0.30429831063841617,-2.2469028274449068,53.204574446245296,0.9755946212456373
PedNYC2,PedNYC2_scenario21,21,92.0,-2.301702976441899,54.23184130398613,-8.207792082835166,0.30440139071334543,-2.24088747851782,53.13506061692246,1.0984654752442662
PedNYC2,PedNYC2_scenario21,21,93.0,-2.320521098570203,54.294939182877584,-8.208259744626957,0.30444811060890226,-2.233954290090036,53.06838784374048,1.2296023747006437
PedNYC2,PedNYC2_scenario21,21,94.0,-2.309541018336763,54.34479997694647,-8.208441265251624,0.30446175769855915,-2.2237956508195387,53.00834053367193,1.3392072698310604
PedNYC2,PedNYC2_scenario21,21,95.0,-2.295741031101493,54.37173676479978,-8.208491231597481,0.30446460550020815,-2.2063540095778302,52.95125301377824,1.4232934084485473
PedNYC2,PedNYC2_scenario21,21,96.0,-2.2946918580452893,54.380586267422046,-8.208500942898853,0.3044644766001244,-2.1933332995411763,52.896117026501116,1.4879255642075628
PedNYC2,PedNYC2_scenario21,21,97.0,-2.314647967649925,54.366932358352315,-8.208501815795898,0.30446401427890607,-2.1877621883656873,52.852530737306374,1.5197079557635877
PedNYC2,PedNYC2_scenario21,21,98.0,-2.334375980318445,54.33285027520731,-8.208501018628361,0.30446375883602367,-2.187651720080178,52.813528703133805,1.5263898741508943
PedNYC2,PedNYC2_scenario21,21,99.0,-2.324597856994074,54.2675115802914,-8.208500862121582,0.3044636133618762,-2.1883941165027183,52.79574136491756,1.4780592091609144
PedNYC2,PedNYC2_scenario21,21,100.0,-2.256329298019409,54.193992614746094,-8.208500862121582,0.3044635653495788,-2.175133762359619,52.89806213378906,1.2984716117361235
PedNYC30,PedNYC30_scenario21,21,0.0,-1.6727029085159302,69.99932098388672,2.52998948097229,97.93389892578124,-1.825302419839082,70.10194651285808,0.18389836881472316
PedNYC30,PedNYC30_scenario21,21,1.0,-1.6384572400344997,69.77594357032115,2.696991985343569,95.98278506807956,-1.8171673414183962,70.00257768621032,0.2886179530478101
PedNYC30,PedNYC30_scenario21,21,2.0,-1.532275973746543,69.48527964790902,2.9316036859394274,93.93459934582938,-1.8065296691854325,69.86694406997819,0.4699817236183513
PedNYC30,PedNYC30_scenario21,21,3.0,-1.3519564148571523,69.02681718530059,3.2023444033970017,91.79388279821197,-1.7865015493999776,69.71520258524953,0.8140662950999179
PedNYC30,PedNYC30_scenario21,21,4.0,-1.331842707306629,68.4956156811534,3.462696923227061,89.56505194629442,-1.766365213034811,69.53404823318081,1.125678450133283
PedNYC30,PedNYC30_scenario21,21,5.0,-1.2715384705754043,67.98773065426117,3.6875073314569713,87.27273919439138,-1.747798760292633,69.3329731292374,1.4270603281016945
PedNYC30,PedNYC30_scenario21,21,6.0,-1.259273099111725,67.43449616976307,3.859485026588556,84.9507970049644,-1.7365755535379133,69.11983897989869,1.751627249353327
PedNYC30,PedNYC30_scenario21,21,7.0,-1.32208425046938,66.82370660103314,3.95607237406614,82.6111640500899,-1.7330047171810947,68.90689538623847,2.1233302015390496
PedNYC30,PedNYC30_scenario21,21,8.0,-1.3293877433976855,66.25876254903048,3.970993001238603,80.25519824472866,-1.734178519696201,68.67310029293871,2.4480364201204723
PedNYC30,PedNYC30_scenario21,21,9.0,-1.44052925234418,65.64820774520986,3.9116262827823474,77.9164353403287,-1.729664786041388,68.4404409422859,2.80716326274406
PedNYC30,PedNYC30_scenario21,21,10.0,-1.4759751959722869,65.12121033346423,3.8206973426230304,75.74013817149286,-1.714501195148898,68.20996503885166,3.0979509812674877
PedNYC30,PedNYC30_scenario21,21,11.0,-1.5318478695857662,64.4750432407832,3.7241330558248342,73.75496437887448,-1.7093786353686158,67.95872061496786,3.488197990396418
PedNYC30,PedNYC30_scenario21,21,12.0,-1.6228614734372064,63.9233538829105,3.6253459868856437,71.95071122791845,-1.7105148648709003,67.71371106683303,3.7913705567700666
PedNYC30,PedNYC30_scenario21,21,13.0,-1.6188978618659242,63.3208863047287,3.526467723481852,70.30901054047163,-1.701620808899189,67.45744478136365,4.137385541206704
PedNYC30,PedNYC30_scenario21,21,14.0,-1.7483753941462763,62.66849455022487,3.4291542589030546,68.81690082288718,-1.698685724636741,67.19825912923983,4.530037108518487
PedNYC30,PedNYC30_scenario21,21,15.0,-1.711164384429295,62.10736611022613,3.324867647409987,67.46009171981058,-1.6959252536032763,66.92561931432473,4.818277303135924
PedNYC30,PedNYC30_scenario21,21,16.0,-1.729188978627483,61.727918737707,3.1748787085260934,66.23311363016266,-1.6865739244722937,66.67475642194377,4.947021236767197
PedNYC30,PedNYC30_scenario21,21,17.0,-1.8627683149810101,61.28689292691355,3.0034572081409143,65.1216975993713,-1.6878849387447674,66.42719810274986,5.143279255106928
PedNYC30,PedNYC30_scenario21,21,18.0,-1.8994194071583224,61.03028419259248,2.8817934118023523,64.42283566573508,-1.6928475003298016,66.19560740917889,5.169452184177481
PedNYC30,PedNYC30_scenario21,21,19.0,-2.021989738859621,60.88382311779991,2.8617388525643115,64.3132998607484,-1.691696157566123,65.95459758567938,5.081520201075853
PedNYC30,PedNYC30_scenario21,21,20.0,-2.025461115804659,60.88077850411241,2.8616600764417965,64.3128958451082,-1.691040003484116,65.71870393749454,4.849470072011099
PedNYC30,PedNYC30_scenario21,21,21.0,-2.009604451193567,60.89550920087002,2.8616567482386266,64.31288146972656,-1.7028991624407648,65.4971993169833,4.611899831835417
PedNYC30,PedNYC30_scenario21,21,22.0,-1.9879861331664477,60.8676154188467,2.8610968070011022,64.30997262654822,-1.7232685253583613,65.26848722599237,4.408826156111544
PedNYC30,PedNYC30_scenario21,21,23.0,-1.93506609676614,60.81847116579529,2.843671028645179,64.21811201524625,-1.730421229300475,65.03644162310239,4.222931955465958
PedNYC30,PedNYC30_scenario21,21,24.0,-1.8230327316658628,60.685029342474465,2.780512582477943,63.89154329394042,-1.7326844632821083,64.8256955527612,4.141651780945651
PedNYC30,PedNYC30_scenario21,21,25.0,-1.7856344025379693,60.61452128693691,2.658360977627781,63.28931175982848,-1.7612884374855875,64.6329153428684,4.018467806858709
PedNYC30,PedNYC30_scenario21,21,26.0,-1.7704459757392315,60.67225062512936,2.5120793371373256,62.61205986734207,-1.7990657116677642,64.4404599811152,3.7683180385715627
PedNYC30,PedNYC30_scenario21,21,27.0,-1.774317636081781,60.67981436604615,2.3635592883988434,61.99013643523041,-1.826652969619971,64.24456602224824,3.565135811933685
PedNYC30,PedNYC30_scenario21,21,28.0,-1.7850515309748003,60.67798992605448,2.221755388578693,61.51399963644258,-1.8429115196989831,64.05009084300737,3.3725972739729353
PedNYC30,PedNYC30_scenario21,21,29.0,-1.7818152205702145,60.67725551762754,2.1779670024130593,61.3941197141578,-1.8680852622162605,63.87003610557126,3.193945898545533
PedNYC30,PedNYC30_scenario21,21,30.0,-1.7906034844787466,60.678734653714805,2.177816118071331,61.39377079234274,-1.8991914746182001,63.68540769192777,3.00863326284865
PedNYC30,PedNYC30_scenario21,21,31.0,-1.7898112575361595,60.67244429522985,2.177802269514395,61.3937445458729,-1.9244018579729016,63.49504565842647,2.825808394998736
PedNYC30,PedNYC30_scenario21,21,32.0,-1.7891845188512192,60.60452071346498,2.177801609039306,61.39374542236328,-1.9388502000199235,63.30721317825131,2.7068332743877126
PedNYC30,PedNYC30_scenario21,21,33.0,-1.852072503858683,60.400844332252845,2.1778013706207275,61.393741607666016,-1.9497110775541249,63.131974681071775,2.732875092885346
PedNYC30,PedNYC30_scenario21,21,34.0,-1.8452601978111562,60.25380558250681,2.1778013706207275,61.393741607666016,-1.9638288600748472,62.95713407603772,2.7059274697609887
PedNYC30,PedNYC30_scenario21,21,35.0,-1.80467476521665,60.07122027518775,2.1778013706207275,61.393741607666016,-1.976875437050742,62.77561340886013,2.709869977108578
PedNYC30,PedNYC30_scenario21,21,36.0,-1.8744182034281467,59.65077561975537,2.1778013706207275,61.39374163549684,-1.9806681022861308,62.58636645574973,2.9375129952702177
PedNYC30,PedNYC30_scenario21,21,37.0,-1.7692424366446058,59.19025819935058,2.1778013706207275,61.3937437677653,-1.9875194231117008,62.39356349844064,3.2107335115203233
PedNYC30,PedNYC30_scenario21,21,38.0,-1.6570108453425059,58.69674987513557,2.1778103611128277,61.39375655720945,-1.996107785750097,62.1974923280324,3.517127301720526
PedNYC30,PedNYC30_scenario21,21,39.0,-1.5806729961449002,58.111216368377804,2.1777860025404925,61.393763134609046,-2.005058859194586,61.9754391700128,3.887456909270151
PedNYC30,PedNYC30_scenario21,21,40.0,-1.4034166891205373,57.49773583379082,2.1777601634757557,61.39375775505601,-2.014765555831237,61.75564211260331,4.301571028819505
PedNYC30,PedNYC30_scenario21,21,41.0,-1.3753294332269348,56.92091449184917,2.177791972438803,61.39383236154167,-2.023002631829535,61.54150948442543,4.665766674150024
PedNYC30,PedNYC30_scenario21,21,42.0,-1.2554559214903744,56.30032043431296,2.1672082344913077,61.36836157675973,-2.0282745446250225,61.3152058821016,5.074083629455277
PedNYC30,PedNYC30_scenario21,21,43.0,-1.1767267158434498,55.667230164903636,2.1234109687817817,61.262294578919885,-2.0341908489877274,61.08861519498951,5.48877585478475
PedNYC30,PedNYC30_scenario21,21,44.0,-1.1180716801251647,55.01230222390075,2.038951267110578,61.07454763808858,-2.0475315707889035,60.864360700598525,5.925410036701508
PedNYC30,PedNYC30_scenario21,21,45.0,-1.0049833288203716,54.383205739613686,1.8878932442258036,60.816051495763965,-2.073350900989988,60.63840820183235,6.3457834120469325
PedNYC30,PedNYC30_scenario21,21,46.0,-0.9538392763570932,53.745231960180035,1.6164385531675525,60.471757774649085,-2.089057810505804,60.4111279305209,6.7618703187565865
PedNYC30,PedNYC30_scenario21,21,47.0,-0.8523898332914177,53.18496388373869,1.1293478592435051,60.002678482932495,-2.084047468677665,60.18267849712839,7.10527904738815
PedNYC30,PedNYC30_scenario21,21,48.0,-0.8575290753419482,52.65248429840342,0.2756498825005218,59.430229652947915,-2.0969932581660817,59.95361459827399,7.405590801292759
PedNYC30,PedNYC30_scenario21,21,49.0,-0.8470860573687387,52.24956938993135,-1.0394038504026837,58.95874367542419,-2.1280210868134297,59.72510909821509,7.584489994705341
PedNYC30,PedNYC30_scenario21,21,50.0,-0.7657511603321691,51.81859180974563,-2.7954491202294696,58.85293193931174,-2.1415726242359976,59.50820528941491,7.811724532217583
PedNYC30,PedNYC30_scenario21,21,51.0,-0.8588526978364986,51.51785865178361,-4.856558634154655,59.089630223386735,-2.1511988329233893,59.29022030652531,7.879071279343345
PedNYC30,PedNYC30_scenario21,21,52.0,-0.9560080292598049,51.26423685383411,-6.842022334247174,59.315607538715916,-2.169277852319524,59.07241554195519,7.901878136821367
PedNYC30,PedNYC30_scenario21,21,53.0,-0.9061841375014317,51.13159463148162,-8.646072721780595,59.3374481657861,-2.191041779263107,58.8553537433938,7.8298987208290125
PedNYC30,PedNYC30_scenario21,21,54.0,-0.8803602018490515,51.000094452268264,-10.300010888040683,59.19299488324979,-2.197121118848999,58.641038644652404,7.753572561320843
PedNYC30,PedNYC30_scenario21,21,55.0,-0.9066458266505774,51.00545267182954,-11.876914321057054,58.97705457566215,-2.193226298117283,58.432645701371136,7.537803765529506
PedNYC30,PedNYC30_scenario21,21,56.0,-0.9684671816131882,51.04556931598646,-13.392167993330629,58.774871662301074,-2.2068897287829405,58.21921562505987,7.279759046357297
PedNYC30,PedNYC30_scenario21,21,57.0,-1.008935643057948,51.04863091321059,-14.883761777600943,58.61407714050438,-2.228612065711436,58.00478344553898,7.062270784173853
PedNYC30,PedNYC30_scenario21,21,58.0,-0.9973205203193122,51.03087322205502,-16.364087138514513,58.49988684460979,-2.2415834951305857,57.79468855910969,6.877309667614374
PedNYC30,PedNYC30_scenario21,21,59.0,-0.9798251901628231,51.009261291082126,-17.82916779296088,58.42690759493243,-2.248649494784993,57.57713523854753,6.68931112341134
PedNYC30,PedNYC30_scenario21,21,60.0,-0.9276125038836298,51.00387321487519,-19.281330150674798,58.39493683890569,-2.2538043295640473,57.363200272204615,6.496139267332841
PedNYC30,PedNYC30_scenario21,21,61.0,-0.9257915076732498,51.010502625014276,-20.75808960016036,58.404047536717485,-2.2505066610104407,57.16284960897824,6.293349159912525
PedNYC30,PedNYC30_scenario21,21,62.0,-0.9448869763999604,51.023519359357266,-22.45134866341124,58.459830494371076,-2.2605093636601685,56.972795548860645,6.0930082426377945
PedNYC30,PedNYC30_scenario21,21,63.0,-0.9326379511791981,51.0461303022523,-24.55289903560154,58.57964694403341,-2.26960668010071,56.780389537604606,5.888056925704539
PedNYC30,PedNYC30_scenario21,21,64.0,-0.9326609871060133,51.066117824255834,-27.00493988987587,58.760075104367964,-2.2695786202796047,56.595322650115136,5.688537137454258
PedNYC30,PedNYC30_scenario21,21,65.0,-0.9336500795017522,51.06072636926221,-29.313804270744413,58.95081725892201,-2.270678576491046,56.426068018985625,5.529424583084409
PedNYC30,PedNYC30_scenario21,21,66.0,-0.9061355557410461,51.03741434409054,-30.518821955793346,59.040402381366825,-2.269968189868403,56.26084748465528,5.398545473353054
PedNYC30,PedNYC30_scenario21,21,67.0,-0.9139818282445821,51.06143220495056,-30.57254151433572,59.04331407167793,-2.2697517160711307,56.08408935831554,5.202422211718842
PedNYC30,PedNYC30_scenario21,21,68.0,-0.9145974089020293,51.072062185202185,-30.572944725598383,59.04360385485217,-2.2753815514399096,55.920450356775795,5.035732453659294
PedNYC30,PedNYC30_scenario21,21,69.0,-0.9420638225813466,51.09240793053807,-30.572933884778106,59.043525523861625,-2.2880545685634845,55.76000780077323,4.857795759075181
PedNYC30,PedNYC30_scenario21,21,70.0,-1.013991196379187,51.14188111197324,-30.572846040079693,59.04344688997399,-2.294843945041439,55.60877824269272,4.646907976298388
PedNYC30,PedNYC30_scenario21,21,71.0,-1.0390492998823833,51.153781795858066,-30.572777020164843,59.04336592713638,-2.2947883799553486,55.46705233267817,4.492347199518633
PedNYC30,PedNYC30_scenario21,21,72.0,-1.1223617212701784,51.20341826326788,-30.572797104653766,59.04328581694957,-2.3021287801758152,55.31677505852195,4.279200210125917
PedNYC30,PedNYC30_scenario21,21,73.0,-1.124194889035708,51.22159069417091,-30.57278807251643,59.04320907592773,-2.3145414002942717,55.18287569694167,4.136266878483787
PedNYC30,PedNYC30_scenario21,21,74.0,-1.0895976158009415,51.18043383636431,-30.572830608858048,59.043124743925155,-2.3261289988622824,55.05534571272295,4.067425710549717
PedNYC30,PedNYC30_scenario21,21,75.0,-1.109585115069965,51.15851088257689,-30.57287441418092,59.043044224921424,-2.3395481029360004,54.92642134327374,3.9635789624213453
PedNYC30,PedNYC30_scenario21,21,76.0,-1.1507736170235934,51.18337447117192,-30.57278889221764,59.04296113135109,-2.351323034633274,54.809563038522455,3.8197594728080255
PedNYC30,PedNYC30_scenario21,21,77.0,-1.1599859373608092,51.22855698448378,-30.572789113583156,59.042879332168894,-2.359643043079823,54.68348034555226,3.657276664699958
PedNYC30,PedNYC30_scenario21,21,78.0,-1.172781531989169,51.23179564184072,-30.572670619341793,59.04279496848178,-2.364647823633431,54.56858272927498,3.5432602676103055
PedNYC30,PedNYC30_scenario21,21,79.0,-1.0954478833756918,51.13887824088412,-30.57269029313033,59.04271445426491,-2.3683877302409266,54.437539623172306,3.535752079648219
PedNYC30,PedNYC30_scenario21,21,80.0,-0.9412435740806904,51.108527828016555,-30.572512296869284,59.0426305075655,-2.363749903912617,54.31233747388921,3.5054130292161796
PedNYC30,PedNYC30_scenario21,21,81.0,-0.8347344624353118,51.09813209291366,-30.57260593617797,59.04255125727064,-2.357570062568436,54.20082157935562,3.456256691032986
PedNYC30,PedNYC30_scenario21,21,82.0,-0.740573614639855,51.069569502875545,-30.572521268945668,59.0424651930384,-2.3588693522693336,54.07759073823681,3.4157097134876717
PedNYC30,PedNYC30_scenario21,21,83.0,-0.7004255377105266,51.0373787730364,-30.572561061959096,59.042388916015625,-2.3607271994155945,53.97038175732655,3.370327597388053
PedNYC30,PedNYC30_scenario21,21,84.0,-0.6833048388878934,51.04115020704894,-30.572616927147642,59.04231178913102,-2.351357278926944,53.853348048367444,3.2696873920050313
PedNYC30,PedNYC30_scenario21,21,85.0,-0.6682918336452109,51.02222595439108,-30.572686467937256,59.042231250103384,-2.3337644886605724,53.74060284997639,3.188004408882763
PedNYC30,PedNYC30_scenario21,21,86.0,-0.6789268922700705,50.995549113350464,-30.572638228598187,59.04214690627752,-2.317310858251487,53.63163976247636,3.1037519118631227
PedNYC30,PedNYC30_scenario21,21,87.0,-0.7000690813435555,50.992841807569455,-30.572622845302405,59.04206257736339,-2.304096794375246,53.532144124650166,3.0034914951944085
PedNYC30,PedNYC30_scenario21,21,88.0,-0.6762981455091018,50.98870076461577,-30.57264582763815,59.041974389161304,-2.2849930895089425,53.44273811875156,2.934314018360075
PedNYC30,PedNYC30_scenario21,21,89.0,-0.6422565209793608,50.999020320994305,-30.57262196279045,59.04189006024717,-2.2652136843913655,53.3573688589584,2.862830379325282
PedNYC30,PedNYC30_scenario21,21,90.0,-0.6399140475388206,50.98724684332919,-30.572694065989953,59.04181715572625,-2.2498123757653476,53.27411724062558,2.796703209362251
PedNYC30,PedNYC30_scenario21,21,91.0,-0.6383160809989951,50.97705087117152,-30.572616487226924,59.04173279500298,-2.2469028274449068,53.204574446245296,2.7476194420535927
PedNYC30,PedNYC30_scenario21,21,92.0,-0.6382764345697008,50.97890599117706,-30.572624623012615,59.0416505638599,-2.24088747851782,53.13506061692246,2.6865153876923484
PedNYC30,PedNYC30_scenario21,21,93.0,-0.6488077987527626,50.988272892105016,-30.57260131835937,59.041564099501066,-2.233954290090036,53.06838784374048,2.615256700787952
PedNYC30,PedNYC30_scenario21,21,94.0,-0.7207105829716414,51.02208128844434,-30.572493241291752,59.0414835852842,-2.2237956508195387,53.00834053367193,2.4908814725794115
PedNYC30,PedNYC30_scenario21,21,95.0,-0.7559271490275774,51.05102827727846,-30.57246441867167,59.04140302647664,-2.2063540095778302,52.95125301377824,2.3905213086294212
PedNYC30,PedNYC30_scenario21,21,96.0,-0.7664908631067001,51.0542965258037,-30.57255857320904,59.041319553301776,-2.1933332995411763,52.896117026501116,2.329845938082506
PedNYC30,PedNYC30_scenario21,21,97.0,-0.7639492482052597,51.04842945852533,-30.572614054521335,59.04124195345222,-2.1877621883656873,52.852530737306374,2.298265587930971
PedNYC30,PedNYC30_scenario21,21,98.0,-0.8013153664759882,51.064619597135014,-30.57255596986182,59.04116101136572,-2.187651720080178,52.813528703133805,2.2317283764764144
PedNYC30,PedNYC30_scenario21,21,99.0,-0.8799330729845215,51.207090738270374,-30.572544300687536,59.0410808804278,-2.1883941165027183,52.79574136491756,2.0581256317220356
PedNYC30,PedNYC30_scenario21,21,100.0,-0.9432735443115229,51.35114288330078,-30.57246398925781,59.04100036621094,-2.175133762359619,52.89806213378906,1.9774829365485622
PedNYC3,PedNYC3_scenario21,21,0.0,-1.5163427591323853,69.96688079833984,-0.2278674244880676,114.44916534423828,-1.825302419839082,70.10194651285808,0.33719255505173623
PedNYC3,PedNYC3_scenario21,21,1.0,-1.4261395792375338,69.90871013529174,0.3463153587215366,113.89193046720995,-1.8171673414183962,70.00257768621032,0.4021365786789661
PedNYC3,PedNYC3_scenario21,21,2.0,-1.35125729621796,69.84407238953928,0.7718011331888482,113.31153737925688,-1.8065296691854325,69.86694406997819,0.4558465173208334
PedNYC3,PedNYC3_scenario21,21,3.0,-1.2560710509385549,69.80276628679438,1.0741508802035296,112.73408890899711,-1.7865015493999776,69.71520258524953,0.5376094451609544
PedNYC3,PedNYC3_scenario21,21,4.0,-1.1561628590216717,69.79888897935959,1.2929221179887183,112.1366238568865,-1.766365213034811,69.53404823318081,0.6651973644563755
PedNYC3,PedNYC3_scenario21,21,5.0,-1.0726053435299172,69.80115146772152,1.4560282036997318,111.47833358858693,-1.747798760292633,69.3329731292374,0.8216307605399545
PedNYC3,PedNYC3_scenario21,21,6.0,-1.046867881577018,69.80340382925627,1.5760554457293654,110.71908278795662,-1.7365755535379133,69.11983897989869,0.9710600270008901
PedNYC3,PedNYC3_scenario21,21,7.0,-1.0676443982686783,69.80854939055094,1.6677439770788693,109.82307263045999,-1.7330047171810947,68.90689538623847,1.1205732004094735
PedNYC3,PedNYC3_scenario21,21,8.0,-1.0998753602498577,69.76365173621406,1.7487972171627792,108.77345598576862,-1.734178519696201,68.67310029293871,1.261603324549183
PedNYC3,PedNYC3_scenario21,21,9.0,-1.1072599839308175,69.74103979102082,1.8012247610942291,107.56863917814326,-1.729664786041388,68.4404409422859,1.441854744078231
PedNYC3,PedNYC3_scenario21,21,10.0,-1.1345411888755517,69.77589291133737,1.853078428401464,106.21518649672953,-1.714501195148898,68.20996503885166,1.6698753578348822
PedNYC3,PedNYC3_scenario21,21,11.0,-1.2172453016324147,69.86419767862108,1.9210036257179226,104.72204418757438,-1.7093786353686158,67.95872061496786,1.9680035717149535
PedNYC3,PedNYC3_scenario21,21,12.0,-1.293497354004145,69.95255371346266,2.0102017963363235,103.10655294427188,-1.7105148648709003,67.71371106683303,2.277349336561498
PedNYC3,PedNYC3_scenario21,21,13.0,-1.2824328862460839,69.92725690090087,2.0956995241085963,101.39066138675254,-1.701620808899189,67.45744478136365,2.505132814904467
PedNYC3,PedNYC3_scenario21,21,14.0,-1.2665584302487771,69.85625636396425,2.1600640329218197,99.58545567473806,-1.698685724636741,67.19825912923983,2.6928949660834753
PedNYC3,PedNYC3_scenario21,21,15.0,-1.2672409986784061,69.82243174073814,2.198130762480852,97.7004286538161,-1.6959252536032763,66.92561931432473,2.928360022989593
PedNYC3,PedNYC3_scenario21,21,16.0,-1.2715210570468005,69.82864448028097,2.2169303408076404,95.74073565470367,-1.6865739244722937,66.67475642194377,3.1810813833160774
PedNYC3,PedNYC3_scenario21,21,17.0,-1.3278806863083834,69.81998007825486,2.2301816770657577,93.71092042630129,-1.6878849387447674,66.42719810274986,3.4118283361101134
PedNYC3,PedNYC3_scenario21,21,18.0,-1.362767873433012,69.82970515183494,2.2376340374881916,91.62170682180589,-1.6928475003298016,66.19560740917889,3.649057270483726
PedNYC3,PedNYC3_scenario21,21,19.0,-1.3323248997322223,69.80764106341907,2.2361186514050773,89.56754742953454,-1.691696157566123,65.95459758567938,3.8697663679231953
PedNYC3,PedNYC3_scenario21,21,20.0,-1.3084035772497278,69.69727686720854,2.2237929607396834,87.62806341639515,-1.691040003484116,65.71870393749454,3.996930471215944
PedNYC3,PedNYC3_scenario21,21,21.0,-1.3662018280748758,69.48215163775764,2.2059318595010593,85.8057698458769,-1.7028991624407648,65.4971993169833,3.9991511716630437
PedNYC3,PedNYC3_scenario21,21,22.0,-1.3874525849264503,69.2451345434272,2.1837920247726927,84.08458105721404,-1.7232685253583613,65.26848722599237,3.9908014524791584
PedNYC3,PedNYC3_scenario21,21,23.0,-1.320889140619976,68.95437459636416,2.157755846579586,82.4343400104114,-1.730421229300475,65.03644162310239,3.9392785271710387
PedNYC3,PedNYC3_scenario21,21,24.0,-1.299542926500064,68.70517863363928,2.129416674791526,80.82618456368594,-1.7326844632821083,64.8256955527612,3.903588165483796
PedNYC3,PedNYC3_scenario21,21,25.0,-1.3576115935129653,68.35114639333283,2.099071926100658,79.20018332923614,-1.7612884374855875,64.6329153428684,3.74007983056478
PedNYC3,PedNYC3_scenario21,21,26.0,-1.3877379463481065,68.06182607465773,2.065649566383133,77.50591146518595,-1.7990657116677642,64.4404599811152,3.64465127467394
PedNYC3,PedNYC3_scenario21,21,27.0,-1.3913153403553633,67.69725297774015,2.0283798263684734,75.72453559997274,-1.826652969619971,64.24456602224824,3.4800238596994912
PedNYC3,PedNYC3_scenario21,21,28.0,-1.4472368407125287,67.3697886975366,1.9882958384610194,73.85773427203938,-1.8429115196989831,64.05009084300737,3.3431949235659384
PedNYC3,PedNYC3_scenario21,21,29.0,-1.496214940534679,67.02496332074875,1.952296114783307,71.92973402608378,-1.8680852622162605,63.87003610557126,3.176767739261903
PedNYC3,PedNYC3_scenario21,21,30.0,-1.469788755052682,66.63726156185164,1.92748568160453,70.06106449171234,-1.8991914746182001,63.68540769192777,2.9829227219213723
PedNYC3,PedNYC3_scenario21,21,31.0,-1.4802006878338017,66.27795721266484,1.9158598560265132,68.32610382758486,-1.9244018579729016,63.49504565842647,2.818139705242874
PedNYC3,PedNYC3_scenario21,21,32.0,-1.5467819126852447,65.9042202465645,1.9134693456360898,66.92974488302723,-1.9388502000199235,63.30721317825131,2.6264354655696858
PedNYC3,PedNYC3_scenario21,21,33.0,-1.5610198292775255,65.53110289287038,1.9080330318554168,66.12757297236658,-1.9497110775541249,63.131974681071775,2.430410883602769
PedNYC3,PedNYC3_scenario21,21,34.0,-1.5954930561592746,65.14491350818477,1.9056826326734535,65.96484451918798,-1.9638288600748472,62.95713407603772,2.2185693832223983
PedNYC3,PedNYC3_scenario21,21,35.0,-1.675282015418968,64.77466528843627,1.9056704758416652,65.96430607646982,-1.976875437050742,62.77561340886013,2.021674308391053
PedNYC3,PedNYC3_scenario21,21,36.0,-1.7182507220536254,64.40526888718787,1.905556412588263,65.96179771520562,-1.9806681022861308,62.58636645574973,1.8377347296439899
PedNYC3,PedNYC3_scenario21,21,37.0,-1.7511640495558394,64.02542678121586,1.9041597398105539,65.92582402824122,-1.9875194231117008,62.39356349844064,1.6488910322633903
PedNYC3,PedNYC3_scenario21,21,38.0,-1.8078294438883682,63.638159820176455,1.8996327533897468,65.81185651687565,-1.996107785750097,62.1974923280324,1.4529182898342328
PedNYC3,PedNYC3_scenario21,21,39.0,-1.841463543300768,63.282681461320614,1.8902639731112802,65.59387795785823,-2.005058859194586,61.9754391700128,1.3174391202503841
PedNYC3,PedNYC3_scenario21,21,40.0,-1.8339924481884766,62.91368387418,1.8745412861776312,65.27107877511821,-2.014765555831237,61.75564211260331,1.1720663965844536
PedNYC3,PedNYC3_scenario21,21,41.0,-1.8799324294100392,62.56122121637687,1.8511595554730809,64.85834783821706,-2.023002631829535,61.54150948442543,1.0296995188402096
PedNYC3,PedNYC3_scenario21,21,42.0,-1.9517681087768202,62.22657756216853,1.8209537466321686,64.4004245160847,-2.0282745446250225,61.3152058821016,0.9145772651636439
PedNYC3,PedNYC3_scenario21,21,43.0,-1.9666788218679272,61.89693485257558,1.7865383551022127,63.9503155829496,-2.0341908489877274,61.08861519498951,0.8111341089153475
PedNYC3,PedNYC3_scenario21,21,44.0,-1.941055321181476,61.617318486982846,1.75067740620198,63.54425420182113,-2.0475315707889035,60.864360700598525,0.7604489593702136
PedNYC3,PedNYC3_scenario21,21,45.0,-1.9847871678502045,61.37450078505128,1.7285063291139384,63.31410745356336,-2.073350900989988,60.63840820183235,0.7414012583598558
PedNYC3,PedNYC3_scenario21,21,46.0,-1.9885511891669148,61.143977147086915,1.7276552453447434,63.30359600364797,-2.089057810505804,60.4111279305209,0.739709101711195
PedNYC3,PedNYC3_scenario21,21,47.0,-1.9312125366176731,60.93284701515507,1.7276333928249972,63.30341153838993,-2.084047468677665,60.18267849712839,0.7655790761875105
PedNYC3,PedNYC3_scenario21,21,48.0,-1.9344272386719377,60.77672528416727,1.7276308156029094,63.30338668823242,-2.0969932581660817,59.95361459827399,0.8390106745005582
PedNYC3,PedNYC3_scenario21,21,49.0,-2.0023397537896397,60.54428122874714,1.7276306828800294,63.30339050292969,-2.1280210868134297,59.72510909821509,0.82875736914434
PedNYC3,PedNYC3_scenario21,21,50.0,-2.016983767008965,60.36084651490911,1.7276304137809106,63.30338668823242,-2.1415726242359976,59.50820528941491,0.8616956787389585
PedNYC3,PedNYC3_scenario21,21,51.0,-1.955019218841361,60.18738690626802,1.7276304960250854,63.30338668823242,-2.1511988329233893,59.29022030652531,0.9183650410785782
PedNYC3,PedNYC3_scenario21,21,52.0,-1.897118440874576,60.06027266794364,1.7276304960250854,63.30338881060859,-2.169277852319524,59.07241554195519,1.024662113383837
PedNYC3,PedNYC3_scenario21,21,53.0,-1.8977440338650422,59.89414685298857,1.7276304960250854,63.30338668823242,-2.191041779263107,58.8553537433938,1.0794047859802927
PedNYC3,PedNYC3_scenario21,21,54.0,-1.928828165958517,59.67427245685271,1.7276305189121297,63.30339050292969,-2.197121118848999,58.641038644652404,1.0674985804415271
PedNYC3,PedNYC3_scenario21,21,55.0,-1.919954763019219,59.380994235321495,1.72763050077134,63.30338302541531,-2.193226298117283,58.432645701371136,0.9869358002122769
PedNYC3,PedNYC3_scenario21,21,56.0,-1.9311635948485077,59.121243722452164,1.727630376815796,63.30338668823242,-2.2068897287829405,58.21921562505987,0.9432282806508694
PedNYC3,PedNYC3_scenario21,21,57.0,-1.963736982727162,58.779401752034794,1.7276304960250854,63.30338982039023,-2.228612065711436,58.00478344553898,0.818652753213695
PedNYC3,PedNYC3_scenario21,21,58.0,-1.9510239234589613,58.41747780362544,1.7276304960250854,63.30338668823242,-2.2415834951305857,57.79468855910969,0.6872345362207123
PedNYC3,PedNYC3_scenario21,21,59.0,-1.9829584269777585,57.950857081465884,1.727630376815796,63.30338287353516,-2.248649494784993,57.57713523854753,0.4585409026322969
PedNYC3,PedNYC3_scenario21,21,60.0,-2.0478355120577185,57.46946828395111,1.7276269546847909,63.30336645354408,-2.2538043295640473,57.363200272204615,0.2317672196526253
PedNYC3,PedNYC3_scenario21,21,61.0,-2.060155533068636,57.01447837501835,1.7276099559023772,63.30321607534679,-2.2505066610104407,57.16284960897824,0.24134534380322833
PedNYC3,PedNYC3_scenario21,21,62.0,-2.1241074287136055,56.54883372501843,1.7257531007324989,63.28552524009745,-2.2605093636601685,56.972795548860645,0.44536402631193917
PedNYC3,PedNYC3_scenario21,21,63.0,-2.1989579892639197,56.116077954930674,1.7183944817929877,63.21527449776934,-2.26960668010071,56.780389537604606,0.6680577193564166
PedNYC3,PedNYC3_scenario21,21,64.0,-2.1950055493513014,55.68526284265561,1.7022916165735609,63.06473631022284,-2.2695786202796047,56.595322650115136,0.9131100678784273
PedNYC3,PedNYC3_scenario21,21,65.0,-2.205720305253553,55.29500883547403,1.6751810598165686,62.82180234689333,-2.270678576491046,56.426068018985625,1.1329229689648284
PedNYC3,PedNYC3_scenario21,21,66.0,-2.2610232947761713,54.8521348222662,1.6355350571648877,62.48779784119802,-2.269968189868403,56.26084748465528,1.408741060778572
PedNYC3,PedNYC3_scenario21,21,67.0,-2.2535959625024375,54.438762134998896,1.5815918181816955,62.06802849265988,-2.2697517160711307,56.08408935831554,1.6454065394789892
PedNYC3,PedNYC3_scenario21,21,68.0,-2.2476014054810958,54.04536203474341,1.5027233093266192,61.57302961118526,-2.2753815514399096,55.920450356775795,1.87529409745024
PedNYC3,PedNYC3_scenario21,21,69.0,-2.2707376229948384,53.5881120698247,1.367960882338927,61.0243969550729,-2.2880545685634845,55.76000780077323,2.1719647655328727
PedNYC3,PedNYC3_scenario21,21,70.0,-2.2153892795990346,53.22518493396599,1.157949702531663,60.438298901647066,-2.294843945041439,55.60877824269272,2.3849172114074335
PedNYC3,PedNYC3_scenario21,21,71.0,-2.1213567030640363,52.881837590195744,0.851198758342585,59.83663812401803,-2.2947883799553486,55.46705233267817,2.5910256292244234
PedNYC3,PedNYC3_scenario21,21,72.0,-2.0583264664990697,52.57487406854304,0.42768268823815797,59.2563431468709,-2.3021287801758152,55.31677505852195,2.7527187664201103
PedNYC3,PedNYC3_scenario21,21,73.0,-1.984214221049713,52.34608876860157,-0.12308400226378041,58.76086386988618,-2.3145414002942717,55.18287569694167,2.8559545028149427
PedNYC3,PedNYC3_scenario21,21,74.0,-1.8776769168109912,52.184892297257385,-0.7742838069357111,58.38398045327761,-2.3261289988622824,55.05534571272295,2.9052731507130423
PedNYC3,PedNYC3_scenario21,21,75.0,-1.8289938468655371,51.98997765940543,-1.500144452579497,58.108776123244304,-2.3395481029360004,54.92642134327374,2.9804978035425096
PedNYC3,PedNYC3_scenario21,21,76.0,-1.849621812252266,51.842113959414235,-2.294900395543552,57.90704332766588,-2.351323034633274,54.809563038522455,3.009561123094001
PedNYC3,PedNYC3_scenario21,21,77.0,-1.8596275176527834,51.77127688744619,-3.1564023154381133,57.778121729724916,-2.359643043079823,54.68348034555226,2.954817169821685
PedNYC3,PedNYC3_scenario21,21,78.0,-1.8440218369135553,51.764494081684404,-4.077781241033368,57.73244883105288,-2.364647823633431,54.56858272927498,2.852010617370557
PedNYC3,PedNYC3_scenario21,21,79.0,-1.8231541353816074,51.78802647612199,-5.050965838393258,57.77017895436614,-2.3683877302409266,54.437539623172306,2.7050322714074366
PedNYC3,PedNYC3_scenario21,21,80.0,-1.8167035783655177,51.805901946863216,-6.070172140256692,57.88275073092575,-2.363749903912617,54.31233747388921,2.565439286639356
PedNYC3,PedNYC3_scenario21,21,81.0,-1.8103634402762738,51.8047223542297,-7.136470084451412,58.01589909914719,-2.357570062568436,54.20082157935562,2.4577889624883196
PedNYC3,PedNYC3_scenario21,21,82.0,-1.807972779798593,51.79956493364804,-8.246763455112685,58.11733103278182,-2.3588693522693336,54.07759073823681,2.3436912339154876
PedNYC3,PedNYC3_scenario21,21,83.0,-1.8074819694764757,51.799394946567084,-9.396711309184967,58.178402703385245,-2.3607271994155945,53.97038175732655,2.2403714015631304
PedNYC3,PedNYC3_scenario21,21,84.0,-1.8034985425328638,51.80237768850694,-10.586491977791608,58.22558134878074,-2.351357278926944,53.853348048367444,2.1228821474753743
PedNYC3,PedNYC3_scenario21,21,85.0,-1.8009989113842662,51.81026692147194,-11.814822386928352,58.26573151085483,-2.3337644886605724,53.74060284997639,2.0025074175157718
PedNYC3,PedNYC3_scenario21,21,86.0,-1.801910955012578,51.81320411940692,-13.079305374762447,58.29685478423557,-2.317310858251487,53.63163976247636,1.8900648793742645
PedNYC3,PedNYC3_scenario21,21,87.0,-1.804641512890305,51.81392225415306,-14.378059047314318,58.31705341358058,-2.304096794375246,53.532144124650166,1.7893412124180694
PedNYC3,PedNYC3_scenario21,21,88.0,-1.8082500509481199,51.812911395924985,-15.709244107990619,58.32747528192497,-2.2849930895089425,53.44273811875156,1.6981222191750014
PedNYC3,PedNYC3_scenario21,21,89.0,-1.811947886664707,51.8109763628534,-17.070663080870165,58.332043864662296,-2.2652136843913655,53.3573688589584,1.6114526475818753
PedNYC3,PedNYC3_scenario21,21,90.0,-1.8171790600753523,51.809282203677725,-18.46082906273654,58.3298141428003,-2.2498123757653476,53.27411724062558,1.5273877278919517
PedNYC3,PedNYC3_scenario21,21,91.0,-1.8296665105018284,51.79555168109157,-19.87802409144149,58.327242261190946,-2.2469028274449068,53.204574446245296,1.4695003562087645
PedNYC3,PedNYC3_scenario21,21,92.0,-1.8482076347911,51.761005132563604,-21.320830715678856,58.32417238615054,-2.24088747851782,53.13506061692246,1.4290647059408788
PedNYC3,PedNYC3_scenario21,21,93.0,-1.9094797513982207,51.72843451879195,-22.78775009892146,58.31560466100693,-2.233954290090036,53.06838784374048,1.3786800351422703
PedNYC3,PedNYC3_scenario21,21,94.0,-1.938091652082819,51.71755484587725,-24.277239551628657,58.297551203139676,-2.2237956508195387,53.00834053367193,1.322026651285715
PedNYC3,PedNYC3_scenario21,21,95.0,-1.9895847167666276,51.69105468734789,-25.78614943465185,58.272915026507015,-2.2063540095778302,52.95125301377824,1.2787058880930047
PedNYC3,PedNYC3_scenario21,21,96.0,-1.9974466394021555,51.6843187310746,-27.258341558571676,58.24488877730812,-2.1933332995411763,52.896117026501116,1.2275286931143552
PedNYC3,PedNYC3_scenario21,21,97.0,-1.93879291124676,51.682830040049126,-28.58942941971886,58.2167774536571,-2.1877621883656873,52.852530737306374,1.1959036006774182
PedNYC3,PedNYC3_scenario21,21,98.0,-1.8716948484240505,51.68298917505059,-29.624521574198706,58.19641947682184,-2.187651720080178,52.813528703133805,1.1738604556357426
PedNYC3,PedNYC3_scenario21,21,99.0,-1.8403562202673778,51.74867562990986,-30.247247456076444,58.18677991853114,-2.1883941165027183,52.79574136491756,1.1033934160774816
PedNYC3,PedNYC3_scenario21,21,100.0,-1.835359811782837,51.819923400878906,-30.432462692260746,58.18419647216797,-2.175133762359619,52.89806213378906,1.1304111928372207
PedNYC4,PedNYC4_scenario21,21,0.0,-1.9413113594055176,70.01837921142578,2.5082597732543945,99.73495483398438,-1.825302419839082,70.10194651285808,0.1429740113727149
PedNYC4,PedNYC4_scenario21,21,1.0,-1.861684673354048,69.91946263806992,2.5216105998233043,98.73756698255085,-1.8171673414183962,70.00257768621032,0.09428628781561997
PedNYC4,PedNYC4_scenario21,21,2.0,-1.7774812285047807,69.79718389192955,2.5343154902124883,97.59699499587849,-1.8065296691854325,69.86694406997819,0.0755664895794109
PedNYC4,PedNYC4_scenario21,21,3.0,-1.780313409402837,69.61726925455898,2.545386634298332,96.35048890155734,-1.7865015493999776,69.71520258524953,0.09812864177582994
PedNYC4,PedNYC4_scenario21,21,4.0,-1.8569259508413696,69.41049789015787,2.5539762469712595,95.06240365741424,-1.766365213034811,69.53404823318081,0.15318594744020983
PedNYC4,PedNYC4_scenario21,21,5.0,-1.9018150562697402,69.21186251162328,2.560139026439796,93.81205853663114,-1.747798760292633,69.3329731292374,0.1959306028301394
PedNYC4,PedNYC4_scenario21,21,6.0,-1.8863952429614437,68.96910745070728,2.562613877469793,92.62703288911395,-1.7365755535379133,69.11983897989869,0.2125227828524325
PedNYC4,PedNYC4_scenario21,21,7.0,-1.8893361759214375,68.72522620508184,2.56181521982821,91.51033970764703,-1.7330047171810947,68.90689538623847,0.23967314487444366
PedNYC4,PedNYC4_scenario21,21,8.0,-1.9462575215738154,68.44773124665787,2.558363392605299,90.4615881059215,-1.734178519696201,68.67310029293871,0.3094652000773972
PedNYC4,PedNYC4_scenario21,21,9.0,-2.002750069383627,68.15401902039903,2.554121854584294,89.47553578684138,-1.729664786041388,68.4404409422859,0.39574371671004344
PedNYC4,PedNYC4_scenario21,21,10.0,-1.9830460799340894,67.91517630560706,2.5501052829960607,88.51995235923398,-1.714501195148898,68.20996503885166,0.3987690464319524
PedNYC4,PedNYC4_scenario21,21,11.0,-1.9693400454202457,67.58339185597184,2.5454858703196614,87.52318094099932,-1.7093786353686158,67.95872061496786,0.4565650140401953
PedNYC4,PedNYC4_scenario21,21,12.0,-1.9812076492556625,67.29163055603821,2.5400034885271925,86.44591556929387,-1.7105148648709003,67.71371106683303,0.5014245118766995
PedNYC4,PedNYC4_scenario21,21,13.0,-1.974120509516457,66.97256846402978,2.533412538703684,85.2645574826363,-1.701620808899189,67.45744478136365,0.5562024181426736
PedNYC4,PedNYC4_scenario21,21,14.0,-1.9176928100762916,66.6965569349871,2.528266012575738,83.96650192681656,-1.698685724636741,67.19825912923983,0.5474204921180152
PedNYC4,PedNYC4_scenario21,21,15.0,-1.8309811810466163,66.39661043613467,2.5290774122755146,82.57711934915277,-1.6959252536032763,66.92561931432473,0.545976644868163
PedNYC4,PedNYC4_scenario21,21,16.0,-1.8270931901038792,66.06161508143461,2.530224396179923,81.1985401979129,-1.6865739244722937,66.67475642194377,0.6290373339119141
PedNYC4,PedNYC4_scenario21,21,17.0,-1.837472431844301,65.73827266627028,2.525334475178601,79.97321281163173,-1.6878849387447674,66.42719810274986,0.7049784926651177
PedNYC4,PedNYC4_scenario21,21,18.0,-1.8040544526095479,65.44625602244719,2.5169767049621483,79.16562009881713,-1.6928475003298016,66.19560740917889,0.7575582400265188
PedNYC4,PedNYC4_scenario21,21,19.0,-1.7580358060022554,65.0716256373387,2.5143050430547533,78.96395928724242,-1.691696157566123,65.95459758567938,0.8854605640632277
PedNYC4,PedNYC4_scenario21,21,20.0,-1.7503130103006999,64.76459723222656,2.5142918437642416,78.96281700035807,-1.691040003484116,65.71870393749454,0.9559460729426056
PedNYC4,PedNYC4_scenario21,21,21.0,-1.7130186860227614,64.50393782768612,2.5142765372675893,78.9613190201423,-1.7028991624407648,65.4971993169833,0.9933130377068369
PedNYC4,PedNYC4_scenario21,21,22.0,-1.6582489720087814,64.21558308092531,2.513848496133997,78.91957674953173,-1.7232685253583613,65.26848722599237,1.0549097975737909
PedNYC4,PedNYC4_scenario21,21,23.0,-1.648326914306889,63.921049058777555,2.5122982690995808,78.76904089006874,-1.730421229300475,65.03644162310239,1.1184096070337552
PedNYC4,PedNYC4_scenario21,21,24.0,-1.7422798170077565,63.616157228883964,2.5090829140555795,78.46491864698999,-1.7326844632821083,64.8256955527612,1.209576383590918
PedNYC4,PedNYC4_scenario21,21,25.0,-1.7948495575923296,63.332736648718864,2.503830950815105,77.99049751371003,-1.7612884374855875,64.6329153428684,1.3006117735524363
PedNYC4,PedNYC4_scenario21,21,26.0,-1.7549147319059244,63.04551044353516,2.4961454933691405,77.34092203503255,-1.7990657116677642,64.4404599811152,1.39564806502524
PedNYC4,PedNYC4_scenario21,21,27.0,-1.7230069320317938,62.78536077009442,2.481302112334127,76.52354065911973,-1.826652969619971,64.24456602224824,1.4628815635658987
PedNYC4,PedNYC4_scenario21,21,28.0,-1.7419506263072815,62.56436837379381,2.4536349576526524,75.58810522459066,-1.8429115196989831,64.05009084300737,1.4891488701672766
PedNYC4,PedNYC4_scenario21,21,29.0,-1.757432613175613,62.32731798485202,2.416937351651265,74.63904452793722,-1.8680852622162605,63.87003610557126,1.5466813533288635
PedNYC4,PedNYC4_scenario21,21,30.0,-1.7120629681230939,62.07643145505455,2.3740707062118607,73.72973937128482,-1.8991914746182001,63.68540769192777,1.6198214743501183
PedNYC4,PedNYC4_scenario21,21,31.0,-1.6853259486339858,61.8587303809005,2.3319277056112258,72.87106726659276,-1.9244018579729016,63.49504565842647,1.653688295263389
PedNYC4,PedNYC4_scenario21,21,32.0,-1.7146459471460982,61.67673813564184,2.298915147246321,72.11960429614689,-1.9388502000199235,63.30721317825131,1.6458178549216977
PedNYC4,PedNYC4_scenario21,21,33.0,-1.7223764580627856,61.480974679425536,2.27821710116673,71.53677240290747,-1.9497110775541249,63.131974681071775,1.6665779413682253
PedNYC4,PedNYC4_scenario21,21,34.0,-1.7101788466517636,61.284219305293384,2.2670230739724198,71.15816562943697,-1.9638288600748472,62.95713407603772,1.692034916744953
PedNYC4,PedNYC4_scenario21,21,35.0,-1.68402373921689,61.08489798984625,2.262563558945429,70.98558991369043,-1.976875437050742,62.77561340886013,1.7158906564858563
PedNYC4,PedNYC4_scenario21,21,36.0,-1.6607155128566777,60.89781751955349,2.260937766177977,70.92414498993307,-1.9806681022861308,62.58636645574973,1.7185945331613475
PedNYC4,PedNYC4_scenario21,21,37.0,-1.718488288187508,60.725703690022556,2.2593210137085724,70.86411124540561,-1.9875194231117008,62.39356349844064,1.689418270321182
PedNYC4,PedNYC4_scenario21,21,38.0,-1.7740577259715395,60.53693425026229,2.2564782264698056,70.75473641256463,-1.996107785750097,62.1974923280324,1.675338580316
PedNYC4,PedNYC4_scenario21,21,39.0,-1.8086118043881223,60.26949254510205,2.2513574073641593,70.54990551276292,-2.005058859194586,61.9754391700128,1.7172202340953586
PedNYC4,PedNYC4_scenario21,21,40.0,-1.8387846748901364,59.986262635709636,2.2441738744445803,70.24248961116537,-2.014765555831237,61.75564211260331,1.7781093902539693
PedNYC4,PedNYC4_scenario21,21,41.0,-1.8735043421178736,59.67765156551902,2.2362627052345734,69.87183598511861,-2.023002631829535,61.54150948442543,1.869843865272406
PedNYC4,PedNYC4_scenario21,21,42.0,-1.9207457407571416,59.38381604985731,2.2291843469551593,69.49834358339318,-2.0282745446250225,61.3152058821016,1.9343808124973463
PedNYC4,PedNYC4_scenario21,21,43.0,-1.902883256188404,59.08372705101339,2.22313826996424,69.14033126101894,-2.0341908489877274,61.08861519498951,2.0091834544866116
PedNYC4,PedNYC4_scenario21,21,44.0,-1.8749011075865027,58.78057480499578,2.2157860498232025,68.80817700875352,-2.0475315707889035,60.864360700598525,2.0909244212879643
PedNYC4,PedNYC4_scenario21,21,45.0,-1.9074265719274672,58.466366348033375,2.209863083381015,68.59000256680216,-2.073350900989988,60.63840820183235,2.178370192972105
PedNYC4,PedNYC4_scenario21,21,46.0,-1.9571381205758178,58.15856051227041,2.2088281869782596,68.55820701568676,-2.089057810505804,60.4111279305209,2.256426993801236
PedNYC4,PedNYC4_scenario21,21,47.0,-1.9576609161452592,57.852280313969054,2.2088177936603155,68.5579018190051,-2.084047468677665,60.18267849712839,2.3338228837539012
PedNYC4,PedNYC4_scenario21,21,48.0,-1.939807288888437,57.579020247875576,2.2088153759387064,68.55783081054688,-2.0969932581660817,59.95361459827399,2.3797911164389625
PedNYC4,PedNYC4_scenario21,21,49.0,-1.9773949495592047,57.300243705231125,2.208815097808838,68.55781555175781,-2.1280210868134297,59.72510909821509,2.4295391347569235
PedNYC4,PedNYC4_scenario21,21,50.0,-2.040110196177879,57.023883846319926,2.208814859390259,68.55782318115234,-2.1415726242359976,59.50820528941491,2.4863924985667474
PedNYC4,PedNYC4_scenario21,21,51.0,-2.0437091305783226,56.70483790588765,2.208814859390259,68.55782318115234,-2.1511988329233893,59.29022030652531,2.5876159285406315
PedNYC4,PedNYC4_scenario21,21,52.0,-2.021802714382198,56.44691817645474,2.2088143167748435,68.55781344685359,-2.169277852319524,59.07241554195519,2.6296359695896006
PedNYC4,PedNYC4_scenario21,21,53.0,-2.0585333434729907,56.14589565932852,2.2088052684163806,68.55755832806831,-2.191041779263107,58.8553537433938,2.712696369825096
PedNYC4,PedNYC4_scenario21,21,54.0,-2.1132297644571665,55.919235514406914,2.2081401908796305,68.53612621002068,-2.197121118848999,58.641038644652404,2.7230956720533794
PedNYC4,PedNYC4_scenario21,21,55.0,-2.160536380074056,55.63041513463541,2.205296110130819,68.44282924811198,-2.193226298117283,58.432645701371136,2.8024212352695455
PedNYC4,PedNYC4_scenario21,21,56.0,-2.144638771404717,55.350701721017614,2.199175089797581,68.24036011313703,-2.2068897287829405,58.21921562505987,2.869189293054439
PedNYC4,PedNYC4_scenario21,21,57.0,-2.150352859419777,55.04424200844502,2.1887806421556375,67.90626249929495,-2.228612065711436,58.00478344553898,2.961575611751252
PedNYC4,PedNYC4_scenario21,21,58.0,-2.2177499400998864,54.73413248575938,2.173488258409056,67.43521725763674,-2.2415834951305857,57.79468855910969,3.060648871802651
PedNYC4,PedNYC4_scenario21,21,59.0,-2.2598271147949314,54.42417053930115,2.1528018090202976,66.83188889200653,-2.248649494784993,57.57713523854753,3.15298451215398
PedNYC4,PedNYC4_scenario21,21,60.0,-2.2371576721750692,54.11058488654867,2.1270391444856678,66.13187638435814,-2.2538043295640473,57.363200272204615,3.2526579835894194
PedNYC4,PedNYC4_scenario21,21,61.0,-2.234979664280298,53.80659225149718,2.0874961202102376,65.41613754841549,-2.2505066610104407,57.16284960897824,3.3562932734302624
PedNYC4,PedNYC4_scenario21,21,62.0,-2.265686332217532,53.51188007471074,2.014489423386747,64.73178052616234,-2.2605093636601685,56.972795548860645,3.460919346100645
PedNYC4,PedNYC4_scenario21,21,63.0,-2.235018568079497,53.25167873487588,1.8930749294844185,64.09591155037286,-2.26960668010071,56.780389537604606,3.528880313468791
PedNYC4,PedNYC4_scenario21,21,64.0,-2.1573501476045216,52.99659430489283,1.730569635403605,63.51229487143019,-2.2695786202796047,56.595322650115136,3.600477875613938
PedNYC4,PedNYC4_scenario21,21,65.0,-2.1493294718388047,52.703869402267074,1.5393909546806395,62.978704997621804,-2.270678576491046,56.426068018985625,3.724176170309535
PedNYC4,PedNYC4_scenario21,21,66.0,-2.183818176454413,52.46928686733844,1.3280956036282763,62.49180189084375,-2.269968189868403,56.26084748465528,3.792539220574955
PedNYC4,PedNYC4_scenario21,21,67.0,-2.1959727034084255,52.21452325211064,1.1007788850547549,62.050947737414056,-2.2697517160711307,56.08408935831554,3.870269395403792
PedNYC4,PedNYC4_scenario21,21,68.0,-2.133377011412788,52.01869659458941,0.8579319905667451,61.64261997990369,-2.2753815514399096,55.920450356775795,3.904337038489883
PedNYC4,PedNYC4_scenario21,21,69.0,-2.072342669359733,51.83357797140336,0.5723944968678926,61.22328332129904,-2.2880545685634845,55.76000780077323,3.932350801800829
PedNYC4,PedNYC4_scenario21,21,70.0,-2.0362674693864014,51.69067737670361,0.21318513097019937,60.77281003731258,-2.294843945041439,55.60877824269272,3.9266240194124515
PedNYC4,PedNYC4_scenario21,21,71.0,-2.0458401126575274,51.61270421475269,-0.08884821222596483,60.38856862581175,-2.2947883799553486,55.46705233267817,3.8623794031589256
PedNYC4,PedNYC4_scenario21,21,72.0,-2.0672377956742607,51.587065968756974,-0.14164739537928442,60.30965365474535,-2.3021287801758152,55.31677505852195,3.7370982953189205
PedNYC4,PedNYC4_scenario21,21,73.0,-2.1015821793006535,51.63507728892485,-0.15404085528379327,60.29047473934532,-2.3145414002942717,55.18287569694167,3.5541841783639914
PedNYC4,PedNYC4_scenario21,21,74.0,-2.150910058497166,51.699577226672396,-0.16810366924654604,60.267969614245395,-2.3261289988622824,55.05534571272295,3.360339835348908
PedNYC4,PedNYC4_scenario21,21,75.0,-2.1759799954434507,51.7603339588866,-0.18011696008020447,60.24997227663334,-2.3395481029360004,54.92642134327374,3.1703097406032894
PedNYC4,PedNYC4_scenario21,21,76.0,-2.169578756775361,51.78332873817361,-0.195259249003634,60.22869831264695,-2.351323034633274,54.809563038522455,3.031686828012084
PedNYC4,PedNYC4_scenario21,21,77.0,-2.1536065352954963,51.77010471083895,-0.21183734703511328,60.20662774841665,-2.359643043079823,54.68348034555226,2.9206520901129513
PedNYC4,PedNYC4_scenario21,21,78.0,-2.1428201940904823,51.756593347855734,-0.23073755786317732,60.18286287070448,-2.364647823633431,54.56858272927498,2.8207253993331634
PedNYC4,PedNYC4_scenario21,21,79.0,-2.142375684737111,51.752703417084994,-0.25303625156856757,60.15668847652949,-2.3683877302409266,54.437539623172306,2.6943323659545286
PedNYC4,PedNYC4_scenario21,21,80.0,-2.143177159904318,51.752044226484,-0.2782191583708541,60.12881551564395,-2.363749903912617,54.31233747388921,2.5697770035759997
PedNYC4,PedNYC4_scenario21,21,81.0,-2.1395813108541177,51.7492471430532,-0.3069489664747734,60.09911954582123,-2.357570062568436,54.20082157935562,2.4612469020001777
PedNYC4,PedNYC4_scenario21,21,82.0,-2.1330011533397926,51.747225529080424,-0.3408658774506972,60.06623977678728,-2.3588693522693336,54.07759073823681,2.34128564069704
PedNYC4,PedNYC4_scenario21,21,83.0,-2.1265920380035293,51.741663334261624,-0.37459383797783263,60.03519707608975,-2.3607271994155945,53.97038175732655,2.2409830617651854
PedNYC4,PedNYC4_scenario21,21,84.0,-2.1099312375468746,51.723124507885466,-0.3909680584059572,60.01978419769573,-2.351357278926944,53.853348048367444,2.1438607384529496
PedNYC4,PedNYC4_scenario21,21,85.0,-2.087610143933636,51.69406368267419,-0.3996601771409842,60.01142188878365,-2.3337644886605724,53.74060284997639,2.0612895295736426
PedNYC4,PedNYC4_scenario21,21,86.0,-2.088526251619285,51.693126197938675,-0.4463999499222754,59.97080961036676,-2.317310858251487,53.63163976247636,1.9519675294759538
PedNYC4,PedNYC4_scenario21,21,87.0,-2.1068374118430904,51.708781176430314,-0.5448515834967543,59.89175783200025,-2.304096794375246,53.532144124650166,1.834002100581665
PedNYC4,PedNYC4_scenario21,21,88.0,-2.121642684053988,51.722425124848236,-0.6770608769518629,59.79187391696443,-2.2849930895089425,53.44273811875156,1.728050969142672
PedNYC4,PedNYC4_scenario21,21,89.0,-2.130186040423493,51.73287178400242,-0.8046451600788501,59.697115161648576,-2.2652136843913655,53.3573688589584,1.63009914151749
PedNYC4,PedNYC4_scenario21,21,90.0,-2.137125418974515,51.739406708114714,-0.9172491231452784,59.61549622393486,-2.2498123757653476,53.27411724062558,1.5388420220511785
PedNYC4,PedNYC4_scenario21,21,91.0,-2.1443896795599264,51.74063097503238,-1.082128542492905,59.50327870536505,-2.2469028274449068,53.204574446245296,1.467528341258255
PedNYC4,PedNYC4_scenario21,21,92.0,-2.1554083291428574,51.741330226771304,-1.3497023095921616,59.33638025170311,-2.24088747851782,53.13506061692246,1.396349198950162
PedNYC4,PedNYC4_scenario21,21,93.0,-2.1709014683069494,51.74458988038655,-1.759007952386173,59.11740890156715,-2.233954290090036,53.06838784374048,1.3252987233506375
PedNYC4,PedNYC4_scenario21,21,94.0,-2.17953674277565,51.74636682075604,-2.3049787272995776,58.849698380567894,-2.2237956508195387,53.00834053367193,1.2627495804916953
PedNYC4,PedNYC4_scenario21,21,95.0,-2.1821090178623734,51.74773988875189,-3.0240546641989403,58.59348223246704,-2.2063540095778302,52.95125301377824,1.2037573101476828
PedNYC4,PedNYC4_scenario21,21,96.0,-2.187780819916321,51.748847494431025,-3.9178825905054127,58.37380025802947,-2.1933332995411763,52.896117026501116,1.1472829682542618
PedNYC4,PedNYC4_scenario21,21,97.0,-2.1965780381552147,51.75073348201013,-5.009152791965967,58.23165561191722,-2.1877621883656873,52.852530737306374,1.101832524018891
PedNYC4,PedNYC4_scenario21,21,98.0,-2.193470510418454,51.75591510970035,-6.184231060471599,58.183766507446975,-2.187651720080178,52.813528703133805,1.057629600255323
PedNYC4,PedNYC4_scenario21,21,99.0,-2.1588664861767626,51.749917867354654,-7.332629603200161,58.2243105101119,-2.1883941165027183,52.79574136491756,1.046240253960522
PedNYC4,PedNYC4_scenario21,21,100.0,,,,,-2.175133762359619,52.89806213378906,
PedNYC5,PedNYC5_scenario21,21,0.0,-1.8260250091552728,70.1387939453125,2.277362585067749,88.03771209716797,-1.825302419839082,70.10194651285808,0.03685451687111215
PedNYC5,PedNYC5_scenario21,21,1.0,-1.8176467359787465,70.05618786820199,2.2831476212155706,86.95716588507007,-1.8171673414183962,70.00257768621032,0.053612325376957135
PedNYC5,PedNYC5_scenario21,21,2.0,-1.8240233064674376,69.94940644298549,2.285892138986781,85.8635065628197,-1.8065296691854325,69.86694406997819,0.08429751068299651
PedNYC5,PedNYC5_scenario21,21,3.0,-1.8336109832089817,69.81913963220791,2.285244845564137,84.75696250747063,-1.7865015493999776,69.71520258524953,0.11411489159716691
PedNYC5,PedNYC5_scenario21,21,4.0,-1.8332035249566678,69.68323791159187,2.2800352372839865,83.63607317988429,-1.766365213034811,69.53404823318081,0.16347758282088581
PedNYC5,PedNYC5_scenario21,21,5.0,-1.8215396639740593,69.53506482951596,2.270138395349214,82.50390271767846,-1.747798760292633,69.3329731292374,0.21512502457229826
PedNYC5,PedNYC5_scenario21,21,6.0,-1.7917254150951574,69.34885932128826,2.2569365621522612,81.36052944425889,-1.7365755535379133,69.11983897989869,0.2355670265550314
PedNYC5,PedNYC5_scenario21,21,7.0,-1.7685188460297452,69.16336078403171,2.243731028351113,80.20666642211322,-1.7330047171810947,68.90689538623847,0.2589126370286335
PedNYC5,PedNYC5_scenario21,21,8.0,-1.7545729097291238,68.9586367019096,2.2304263451901964,79.0413310430473,-1.734178519696201,68.67310029293871,0.2862638153745651
PedNYC5,PedNYC5_scenario21,21,9.0,-1.761306051339531,68.75617995676679,2.2170731421695207,77.86621507684004,-1.729664786041388,68.4404409422859,0.31732049245995236
PedNYC5,PedNYC5_scenario21,21,10.0,-1.7753334500226525,68.52570054363866,2.203856440908463,76.68038868596571,-1.714501195148898,68.20996503885166,0.32154233347434524
PedNYC5,PedNYC5_scenario21,21,11.0,-1.7812296299628496,68.32041193185773,2.1904926433163037,75.4863527734452,-1.7093786353686158,67.95872061496786,0.3687589648235178
PedNYC5,PedNYC5_scenario21,21,12.0,-1.7742722838870701,68.11641500419316,2.175443432553486,74.28412058210444,-1.7105148648709003,67.71371106683303,0.40771984210356355
PedNYC5,PedNYC5_scenario21,21,13.0,-1.7695668794331416,67.90863634617756,2.1577786774119145,73.08460112838853,-1.701620808899189,67.45744478136365,0.45627896802310575
PedNYC5,PedNYC5_scenario21,21,14.0,-1.7765894975182097,67.62423111288547,2.1363922976862555,71.91225716813085,-1.698685724636741,67.19825912923983,0.43303709850331235
PedNYC5,PedNYC5_scenario21,21,15.0,-1.7936196092262002,67.38086542357699,2.110789681973635,70.77901430453232,-1.6959252536032763,66.92561931432473,0.4656105745254256
PedNYC5,PedNYC5_scenario21,21,16.0,-1.7997609779015846,67.18005720250407,2.0812378734992225,69.68834482461901,-1.6865739244722937,66.67475642194377,0.5178225447958579
PedNYC5,PedNYC5_scenario21,21,17.0,-1.7892747528554853,66.97785045515599,2.0488846598915944,68.66116017213602,-1.6878849387447674,66.42719810274986,0.5599088386655574
PedNYC5,PedNYC5_scenario21,21,18.0,-1.7583129022023989,66.75791609530272,2.017434205772768,67.77734040637525,-1.6928475003298016,66.19560740917889,0.5661066837025034
PedNYC5,PedNYC5_scenario21,21,19.0,-1.7208711191774642,66.48889770810668,1.9892661162783045,67.06709473747992,-1.691696157566123,65.95459758567938,0.5350960654040053
PedNYC5,PedNYC5_scenario21,21,20.0,-1.6926374137209228,66.23677279351219,1.964925226301115,66.54237802501548,-1.691040003484116,65.71870393749454,0.5180713187341106
PedNYC5,PedNYC5_scenario21,21,21.0,-1.6839455762974749,65.96135593451115,1.945271182018209,66.2033258349877,-1.7028991624407648,65.4971993169833,0.4645434360989126
PedNYC5,PedNYC5_scenario21,21,22.0,-1.6773095370481115,65.73394691850531,1.9331848314063438,66.029103479544,-1.7232685253583613,65.26848722599237,0.4677231595300145
PedNYC5,PedNYC5_scenario21,21,23.0,-1.6604424111839542,65.45599270256852,1.9260359153938211,65.93388815495624,-1.730421229300475,65.03644162310239,0.4253470856443964
PedNYC5,PedNYC5_scenario21,21,24.0,-1.6403126357070106,65.21875483900374,1.9193748832525608,65.8440938812797,-1.7326844632821083,64.8256955527612,0.4037674541503475
PedNYC5,PedNYC5_scenario21,21,25.0,-1.6305562609863282,64.96236572827148,1.9132702050743107,65.75815465136719,-1.7612884374855875,64.6329153428684,0.35444105069033705
PedNYC5,PedNYC5_scenario21,21,26.0,-1.637064690553618,64.66683268616445,1.9074726307924854,65.67025560152261,-1.7990657116677642,64.4404599811152,0.2783683394952527
PedNYC5,PedNYC5_scenario21,21,27.0,-1.6516001892233425,64.4107808885742,1.900883591624615,65.56259351567762,-1.826652969619971,64.24456602224824,0.24139357429796365
PedNYC5,PedNYC5_scenario21,21,28.0,-1.6576397038312967,64.13643304249781,1.8921658322420398,65.41966765524093,-1.8429115196989831,64.05009084300737,0.20440308502505006
PedNYC5,PedNYC5_scenario21,21,29.0,-1.6577009058457215,63.865699496446915,1.880889135907867,65.23700860552496,-1.8680852622162605,63.87003610557126,0.21042904643642543
PedNYC5,PedNYC5_scenario21,21,30.0,-1.6733573296654265,63.60362542639916,1.8668766774454206,65.01415670395482,-1.8991914746182001,63.68540769192777,0.24018617774872547
PedNYC5,PedNYC5_scenario21,21,31.0,-1.7074527174711849,63.3465241641489,1.8504145328925614,64.7649725204736,-1.9244018579729016,63.49504565842647,0.26291740875582015
PedNYC5,PedNYC5_scenario21,21,32.0,-1.7607659479588433,63.0903850091698,1.832978863188621,64.51029433516084,-1.9388502000199235,63.30721317825131,0.2805859150766372
PedNYC5,PedNYC5_scenario21,21,33.0,-1.8107955524985433,62.842149513006675,1.818676425620029,64.30626068230701,-1.9497110775541249,63.131974681071775,0.3213971859637719
PedNYC5,PedNYC5_scenario21,21,34.0,-1.8604036862672466,62.58710179786121,1.814396272724342,64.24705505371094,-1.9638288600748472,62.95713407603772,0.38421433272280475
PedNYC5,PedNYC5_scenario21,21,35.0,-1.9111596130242305,62.32835907009067,1.814383926068252,64.24676105127716,-1.976875437050742,62.77561340886013,0.4520564268712387
PedNYC5,PedNYC5_scenario21,21,36.0,-1.9715678037846311,62.103720161305255,1.814362687422982,64.24649490826205,-1.9806681022861308,62.58636645574973,0.4827320799095526
PedNYC5,PedNYC5_scenario21,21,37.0,-2.0471819182903963,61.87705645223053,1.8143530633653266,64.24641157971593,-1.9875194231117008,62.39356349844064,0.5199414795105686
PedNYC5,PedNYC5_scenario21,21,38.0,-2.103218442257622,61.671143689779,1.8143508249405447,64.24636840820312,-1.996107785750097,62.1974923280324,0.5371364647170068
PedNYC5,PedNYC5_scenario21,21,39.0,-2.1301339334993123,61.458539593378674,1.814350128173828,64.24635743303955,-2.005058859194586,61.9754391700128,0.5318166474800027
PedNYC5,PedNYC5_scenario21,21,40.0,-2.1383542279874876,61.28746070680391,1.8143499122722277,64.2463607788086,-2.014765555831237,61.75564211260331,0.4842189469874621
PedNYC5,PedNYC5_scenario21,21,41.0,-2.1583716931630463,61.122204423723616,1.8143500744230987,64.24636840820312,-2.023002631829535,61.54150948442543,0.4406149301788014
PedNYC5,PedNYC5_scenario21,21,42.0,-2.196040592395084,60.97586584201019,1.8143501103977435,64.24636840820312,-2.0282745446250225,61.3152058821016,0.3785460468603911
PedNYC5,PedNYC5_scenario21,21,43.0,-2.250412477357321,60.86032467040292,1.8143499592946293,64.24636840820312,-2.0341908489877274,61.08861519498951,0.3144333891157543
PedNYC5,PedNYC5_scenario21,21,44.0,-2.2981018676825773,60.75640403776221,1.8143499024514904,64.24636840820312,-2.0475315707889035,60.864360700598525,0.2728371579095078
PedNYC5,PedNYC5_scenario21,21,45.0,-2.320083119872449,60.68568194757174,1.8143500089645384,64.24636840820312,-2.073350900989988,60.63840820183235,0.2512202119075915
PedNYC5,PedNYC5_scenario21,21,46.0,-2.3311650111775135,60.62178015666021,1.8143500089645384,64.24636840820312,-2.089057810505804,60.4111279305209,0.3209209513175139
PedNYC5,PedNYC5_scenario21,21,47.0,-2.331965972503905,60.54157292540204,1.8143500089645384,64.24636840820312,-2.084047468677665,60.18267849712839,0.436198114605407
PedNYC5,PedNYC5_scenario21,21,48.0,-2.3221326435153418,60.44721099834146,1.8143500823619654,64.24636840820312,-2.0969932581660817,59.95361459827399,0.5425174181489594
PedNYC5,PedNYC5_scenario21,21,49.0,-2.310017075348291,60.34724633075948,1.8143500905354641,64.24636840820312,-2.1280210868134297,59.72510909821509,0.6482108267845987
PedNYC5,PedNYC5_scenario21,21,50.0,-2.3250480601887666,60.21328917384107,1.8143499741959535,64.24636840820312,-2.1415726242359976,59.50820528941491,0.7285646983456856
PedNYC5,PedNYC5_scenario21,21,51.0,-2.3996353699400608,60.07074460923598,1.814350128173828,64.24636840820312,-2.1511988329233893,59.29022030652531,0.8191086008868474
PedNYC5,PedNYC5_scenario21,21,52.0,-2.5097148419270776,59.94498429867245,1.8143500089645384,64.24636840820312,-2.169277852319524,59.07241554195519,0.936628837422896
PedNYC5,PedNYC5_scenario21,21,53.0,-2.5611479740393173,59.82939946575787,1.8143501222468494,64.24636840820312,-2.191041779263107,58.8553537433938,1.0419902421172014
PedNYC5,PedNYC5_scenario21,21,54.0,-2.568937641546657,59.67103148344635,1.8143500814835862,64.24636840820312,-2.197121118848999,58.641038644652404,1.095049211002769
PedNYC5,PedNYC5_scenario21,21,55.0,-2.5506538089684643,59.51935831004082,1.8143500060606774,64.24636840820312,-2.193226298117283,58.432645701371136,1.1439837058957372
PedNYC5,PedNYC5_scenario21,21,56.0,-2.5280046728773207,59.31798558283,1.8143500089645384,64.24636840820312,-2.2068897287829405,58.21921562505987,1.1447315088783534
PedNYC5,PedNYC5_scenario21,21,57.0,-2.528154213540937,59.135823971065946,1.8143499283508606,64.24636840820312,-2.228612065711436,58.00478344553898,1.170033404955012
PedNYC5,PedNYC5_scenario21,21,58.0,-2.5504166553644807,58.96151844361047,1.8143498957471544,64.24636840820312,-2.2415834951305857,57.79468855910969,1.2070086578911399
PedNYC5,PedNYC5_scenario21,21,59.0,-2.5893347474852306,58.77604934447281,1.8143500089645384,64.24636840820312,-2.248649494784993,57.57713523854753,1.2463793462642285
PedNYC5,PedNYC5_scenario21,21,60.0,-2.6475010551796925,58.53222978574877,1.8143500089645384,64.24636840820312,-2.2538043295640473,57.363200272204615,1.2335425064819452
PedNYC5,PedNYC5_scenario21,21,61.0,-2.67589467152602,58.40704339846418,1.8143500089645384,64.24636840820312,-2.2505066610104407,57.16284960897824,1.314904234264149
PedNYC5,PedNYC5_scenario21,21,62.0,-2.733454665990313,58.166479372876644,1.8143500089645384,64.24636840820312,-2.2605093636601685,56.972795548860645,1.2839619662254835
PedNYC5,PedNYC5_scenario21,21,63.0,-2.8048324995953187,57.91332989949016,1.8143501213945907,64.24636840820312,-2.26960668010071,56.780389537604606,1.253004605515495
PedNYC5,PedNYC5_scenario21,21,64.0,-2.868747119663971,57.70129179052616,1.8143500312774468,64.24636840820312,-2.2695786202796047,56.595322650115136,1.2578436429843016
PedNYC5,PedNYC5_scenario21,21,65.0,-2.9286259579721587,57.47806088111799,1.814350046324648,64.24636840820312,-2.270678576491046,56.426068018985625,1.2407996368371887
PedNYC5,PedNYC5_scenario21,21,66.0,-2.9821966782595366,57.23956683788514,1.8143500089645384,64.24636840820312,-2.269968189868403,56.26084748465528,1.2104383470720845
PedNYC5,PedNYC5_scenario21,21,67.0,-3.0276313223610307,57.00817083028364,1.8143577847814405,64.24648059137134,-2.2697517160711307,56.08408935831554,1.195118431145996
PedNYC5,PedNYC5_scenario21,21,68.0,-3.076040473098095,56.77408793854045,1.8143545468768796,64.24642435729935,-2.2753815514399096,55.920450356775795,1.1703639732287772
PedNYC5,PedNYC5_scenario21,21,69.0,-3.1410551670190916,56.51755313469757,1.81435916643492,64.24649741527291,-2.2880545685634845,55.76000780077323,1.1408264346149088
PedNYC5,PedNYC5_scenario21,21,70.0,-3.213116395108744,56.2594981027299,1.8143399179996957,64.24615036656094,-2.294843945041439,55.60877824269272,1.125460185346161
PedNYC5,PedNYC5_scenario21,21,71.0,-3.2705504292494068,56.013006395926965,1.8136009934465063,64.2335317325702,-2.2947883799553486,55.46705233267817,1.1181133287911413
PedNYC5,PedNYC5_scenario21,21,72.0,-3.313086097189216,55.79264650312207,1.810324590328551,64.17819100450176,-2.3021287801758152,55.31677505852195,1.1173577442380493
PedNYC5,PedNYC5_scenario21,21,73.0,-3.358607912537347,55.528749972503334,1.8030900496773719,64.05959522273099,-2.3145414002942717,55.18287569694167,1.099865399256984
PedNYC5,PedNYC5_scenario21,21,74.0,-3.4073330009596723,55.275978410236135,1.790400828205344,63.86870987120819,-2.3261289988622824,55.05534571272295,1.1034857866612309
PedNYC5,PedNYC5_scenario21,21,75.0,-3.4534707988953497,55.067914228151295,1.7690897169181927,63.60105805120822,-2.3395481029360004,54.92642134327374,1.122873104604576
PedNYC5,PedNYC5_scenario21,21,76.0,-3.5032550346827316,54.826722032011084,1.7346364999540507,63.25659046127192,-2.351323034633274,54.809563038522455,1.1520597917623403
PedNYC5,PedNYC5_scenario21,21,77.0,-3.5290993953334557,54.59332709332031,1.6787868070671075,62.840070651350906,-2.359643043079823,54.68348034555226,1.1729261565479603
PedNYC5,PedNYC5_scenario21,21,78.0,-3.5299050087679906,54.379944350003406,1.589804447474812,62.36148995840631,-2.364647823633431,54.56858272927498,1.18042735720667
PedNYC5,PedNYC5_scenario21,21,79.0,-3.518174785123687,54.14738923626593,1.4487122128332062,61.83786479575031,-2.3683877302409266,54.437539623172306,1.1858319942546212
PedNYC5,PedNYC5_scenario21,21,80.0,-3.5081086629587808,53.944395121972654,1.2382829075495392,61.30272016730143,-2.363749903912617,54.31233747388921,1.202055965310917
PedNYC5,PedNYC5_scenario21,21,81.0,-3.5103411327526413,53.73948844845349,0.9670746971777648,60.79238482909035,-2.357570062568436,54.20082157935562,1.241655909631004
PedNYC5,PedNYC5_scenario21,21,82.0,-3.517968345026742,53.53702890400302,0.6454397007781246,60.329833141787795,-2.3588693522693336,54.07759073823681,1.2789517471904217
PedNYC5,PedNYC5_scenario21,21,83.0,-3.518865897289299,53.353886431354105,0.28509690476718286,59.93094207005204,-2.3607271994155945,53.97038175732655,1.3120029460555607
PedNYC5,PedNYC5_scenario21,21,84.0,-3.5102610054230956,53.1592345534596,-0.09852403932333204,59.59877138825279,-2.351357278926944,53.853348048367444,1.3508706048692642
PedNYC5,PedNYC5_scenario21,21,85.0,-3.487682537197987,52.94273522306636,-0.49235136153228276,59.33080629851005,-2.3337644886605724,53.74060284997639,1.4028968646381113
PedNYC5,PedNYC5_scenario21,21,86.0,-3.4724887521107553,52.76192357533377,-0.8864841867369578,59.11731081434771,-2.317310858251487,53.63163976247636,1.445974485473027
PedNYC5,PedNYC5_scenario21,21,87.0,-3.4650031973328494,52.595929890307,-1.2741470395694907,58.94910839034022,-2.304096794375246,53.532144124650166,1.4913754621203632
PedNYC5,PedNYC5_scenario21,21,88.0,-3.463980473400424,52.55964190121046,-1.6545776279806228,58.81472315830218,-2.2849930895089425,53.44273811875156,1.4730479221025636
PedNYC5,PedNYC5_scenario21,21,89.0,-3.476093688849768,52.27901379541153,-2.0384496850488794,58.70402707484855,-2.2652136843913655,53.3573688589584,1.621443809780148
PedNYC5,PedNYC5_scenario21,21,90.0,-3.4794104542985593,52.06506908249579,-2.4391682764631035,58.61724641038168,-2.2498123757653476,53.27411724062558,1.7244445144479432
PedNYC5,PedNYC5_scenario21,21,91.0,-3.4716913360165482,51.87811902826075,-2.869238426103832,58.536494762558675,-2.2469028274449068,53.204574446245296,1.8054337059636687
PedNYC5,PedNYC5_scenario21,21,92.0,-3.448119151374671,51.665314029707936,-3.348167263867475,58.47621604237247,-2.24088747851782,53.13506061692246,1.9019893118988573
PedNYC5,PedNYC5_scenario21,21,93.0,-3.4319339305208048,51.48230928699366,-3.8758129248329523,58.43438562168324,-2.233954290090036,53.06838784374048,1.987662045484269
PedNYC5,PedNYC5_scenario21,21,94.0,-3.4339254410964326,51.31331047006202,-4.451617898710487,58.408183595757876,-2.2237956508195387,53.00834053367193,2.0826764093005425
PedNYC5,PedNYC5_scenario21,21,95.0,-3.446461369490889,51.16074403827537,-5.07531099449241,58.39164000863885,-2.2063540095778302,52.95125301377824,2.1780240254567644
PedNYC5,PedNYC5_scenario21,21,96.0,-3.447174710931762,51.035718571009745,-5.746597792939698,58.37730916251826,-2.1933332995411763,52.896117026501116,2.2434795960990184
PedNYC5,PedNYC5_scenario21,21,97.0,-3.4449643492215927,50.93027086625753,-6.459984516449476,58.35757829763588,-2.1877621883656873,52.852530737306374,2.296876201519245
PedNYC5,PedNYC5_scenario21,21,98.0,-3.443376661339288,50.85200871913839,-7.214701872097421,58.32193620184147,-2.187651720080178,52.813528703133805,2.3290353745088486
PedNYC5,PedNYC5_scenario21,21,99.0,-3.4453192313092735,50.79942329653861,-8.00578599153869,58.26636081901643,-2.1883941165027183,52.79574136491756,2.359056288935837
PedNYC5,PedNYC5_scenario21,21,100.0,-3.456892251968384,50.76943206787109,-8.831815719604492,58.19238662719727,-2.175133762359619,52.89806213378906,2.4847476296827615
PedNYC6,PedNYC6_scenario21_CSV_Scenario_Ped_21_Session_temp_2024_03_01_11_17_48_decoded,21,0.0,-1.8064351081848145,70.30330657958984,-8.819910049438477,116.00000762939452,-1.825302419839082,70.10194651285808,0.2022420626953764
PedNYC6,PedNYC6_scenario21_CSV_Scenario_Ped_21_Session_temp_2024_03_01_11_17_48_decoded,21,1.0,-1.8079036156839388,70.30686190400337,-8.819852402530117,116.00000410642201,-1.8171673414183962,70.00257768621032,0.30442519904307175
PedNYC6,PedNYC6_scenario21_CSV_Scenario_Ped_21_Session_temp_2024_03_01_11_17_48_decoded,21,2.0,-1.8089632758238015,70.3100848755456,-8.819813470193289,116.0,-1.8065296691854325,69.86694406997819,0.44314748786403285
PedNYC6,PedNYC6_scenario21_CSV_Scenario_Ped_21_Session_temp_2024_03_01_11_17_48_decoded,21,3.0,-1.8103895768763842,70.31250758363036,-8.819809900622856,116.0,-1.7865015493999776,69.71520258524953,0.5977824846442417
PedNYC6,PedNYC6_scenario21_CSV_Scenario_Ped_21_Session_temp_2024_03_01_11_17_48_decoded,21,4.0,-1.8117609044244467,70.31426724152236,-8.819800340607665,116.0,-1.766365213034811,69.53404823318081,0.781538527376744
PedNYC6,PedNYC6_scenario21_CSV_Scenario_Ped_21_Session_temp_2024_03_01_11_17_48_decoded,21,5.0,-1.8130981120113074,70.31571915101115,-8.819771066750874,116.0,-1.747798760292633,69.3329731292374,0.9849130665429362
PedNYC6,PedNYC6_scenario21_CSV_Scenario_Ped_21_Session_temp_2024_03_01_11_17_48_decoded,21,6.0,-1.814716481596617,70.3171432807585,-8.819859346567705,116.0,-1.7365755535379133,69.11983897989869,1.1998514880997897
PedNYC6,PedNYC6_scenario21_CSV_Scenario_Ped_21_Session_temp_2024_03_01_11_17_48_decoded,21,7.0,-1.8163865018768413,70.31792554806697,-8.819867868236102,116.0,-1.7330047171810947,68.90689538623847,1.4134916482274626
PedNYC6,PedNYC6_scenario21_CSV_Scenario_Ped_21_Session_temp_2024_03_01_11_17_48_decoded,21,8.0,-1.817527864905198,70.31805191338839,-8.819801590861507,116.0,-1.734178519696201,68.67310029293871,1.6470619135195794
PedNYC6,PedNYC6_scenario21_CSV_Scenario_Ped_21_Session_temp_2024_03_01_11_17_48_decoded,21,9.0,-1.8181895134346338,70.31748605794841,-8.819773641763911,116.0,-1.729664786041388,68.4404409422859,1.8791314465977464
PedNYC6,PedNYC6_scenario21_CSV_Scenario_Ped_21_Session_temp_2024_03_01_11_17_48_decoded,21,10.0,-1.8172562856701189,70.3130747242004,-8.819763750139826,116.0,-1.714501195148898,68.20996503885166,2.1056184263146314
PedNYC6,PedNYC6_scenario21_CSV_Scenario_Ped_21_Session_temp_2024_03_01_11_17_48_decoded,21,11.0,-1.8143787951655845,70.30344567839133,-8.819758769247793,116.0,-1.7093786353686158,67.95872061496786,2.34707491499602
PedNYC6,PedNYC6_scenario21_CSV_Scenario_Ped_21_Session_temp_2024_03_01_11_17_48_decoded,21,12.0,-1.8117771964310458,70.29258057165374,-8.819793202176992,116.0,-1.7105148648709003,67.71371106683303,2.5808568311100175
PedNYC6,PedNYC6_scenario21_CSV_Scenario_Ped_21_Session_temp_2024_03_01_11_17_48_decoded,21,13.0,-1.8106808176645588,70.27624007827701,-8.81976860343706,116.0,-1.701620808899189,67.45744478136365,2.820904289658337
PedNYC6,PedNYC6_scenario21_CSV_Scenario_Ped_21_Session_temp_2024_03_01_11_17_48_decoded,21,14.0,-1.8119258257866637,70.26101068818356,-8.819723260015513,116.0,-1.698685724636741,67.19825912923983,3.064844275378555
PedNYC6,PedNYC6_scenario21_CSV_Scenario_Ped_21_Session_temp_2024_03_01_11_17_48_decoded,21,15.0,-1.8148322648073272,70.24895514467742,-8.819737093149278,116.0,-1.6959252536032763,66.92561931432473,3.3254623616302563
PedNYC6,PedNYC6_scenario21_CSV_Scenario_Ped_21_Session_temp_2024_03_01_11_17_48_decoded,21,16.0,-1.8186623010304608,70.2385927621993,-8.819778265387244,116.0,-1.6865739244722937,66.67475642194377,3.566283331333579
PedNYC6,PedNYC6_scenario21_CSV_Scenario_Ped_21_Session_temp_2024_03_01_11_17_48_decoded,21,17.0,-1.822469041522825,70.23098293433854,-8.819793078358943,116.0,-1.6878849387447674,66.42719810274986,3.806164989296279
PedNYC6,PedNYC6_scenario21_CSV_Scenario_Ped_21_Session_temp_2024_03_01_11_17_48_decoded,21,18.0,-1.8259889760407855,70.22535809342874,-8.81981126320262,116.0,-1.6928475003298016,66.19560740917889,4.031949556947187
PedNYC6,PedNYC6_scenario21_CSV_Scenario_Ped_21_Session_temp_2024_03_01_11_17_48_decoded,21,19.0,-1.829202656920683,70.2201013371365,-8.819816975651676,116.0,-1.691696157566123,65.95459758567938,4.267719565653241
PedNYC6,PedNYC6_scenario21_CSV_Scenario_Ped_21_Session_temp_2024_03_01_11_17_48_decoded,21,20.0,-1.831347874174437,70.21643215332647,-8.819794948996465,116.0,-1.691040003484116,65.71870393749454,4.499916155004257
PedNYC6,PedNYC6_scenario21_CSV_Scenario_Ped_21_Session_temp_2024_03_01_11_17_48_decoded,21,21.0,-1.8330412472426325,70.21406667016491,-8.8197531210739,116.0,-1.7028991624407648,65.4971993169833,4.7186623729344195
PedNYC6,PedNYC6_scenario21_CSV_Scenario_Ped_21_Session_temp_2024_03_01_11_17_48_decoded,21,22.0,-1.8338912490526533,70.21295553893827,-8.819739376430983,116.0,-1.7232685253583613,65.26848722599237,4.945705640727481
PedNYC6,PedNYC6_scenario21_CSV_Scenario_Ped_21_Session_temp_2024_03_01_11_17_48_decoded,21,23.0,-1.8355933313537511,70.21193189295725,-8.819707513252053,116.0,-1.730421229300475,65.03644162310239,5.176558770497313
PedNYC6,PedNYC6_scenario21_CSV_Scenario_Ped_21_Session_temp_2024_03_01_11_17_48_decoded,21,24.0,-1.8387713783143596,70.21085158175346,-8.819734749137321,116.0,-1.7326844632821083,64.8256955527612,5.386200877254088
PedNYC6,PedNYC6_scenario21_CSV_Scenario_Ped_21_Session_temp_2024_03_01_11_17_48_decoded,21,25.0,-1.8428382867481918,70.21003082553148,-8.81969506039055,116.0,-1.7612884374855875,64.6329153428684,5.577711671005855
PedNYC6,PedNYC6_scenario21_CSV_Scenario_Ped_21_Session_temp_2024_03_01_11_17_48_decoded,21,26.0,-1.8485976530345933,70.20944910778131,-8.819661817114703,116.0,-1.7990657116677642,64.4404599811152,5.769201760799098
PedNYC6,PedNYC6_scenario21_CSV_Scenario_Ped_21_Session_temp_2024_03_01_11_17_48_decoded,21,27.0,-1.8530223561303072,70.20904821792301,-8.819693400718716,116.0,-1.826652969619971,64.24456602224824,5.964540485826744
PedNYC6,PedNYC6_scenario21_CSV_Scenario_Ped_21_Session_temp_2024_03_01_11_17_48_decoded,21,28.0,-1.8599279451579684,70.20810821399158,-8.819693644646694,116.0,-1.8429115196989831,64.05009084300737,6.158040881650487
PedNYC6,PedNYC6_scenario21_CSV_Scenario_Ped_21_Session_temp_2024_03_01_11_17_48_decoded,21,29.0,-1.8653557972886459,70.20702042584064,-8.819674819634148,116.0,-1.8680852622162605,63.87003610557126,6.336984908086713
PedNYC6,PedNYC6_scenario21_CSV_Scenario_Ped_21_Session_temp_2024_03_01_11_17_48_decoded,21,30.0,-1.8696931057911537,70.2057539948825,-8.81962507372696,116.0,-1.8991914746182001,63.68540769192777,6.520413028652314
PedNYC6,PedNYC6_scenario21_CSV_Scenario_Ped_21_Session_temp_2024_03_01_11_17_48_decoded,21,31.0,-1.8720569344846338,70.20464283377123,-8.819628937066385,116.0,-1.9244018579729016,63.49504565842647,6.7098013567027
PedNYC6,PedNYC6_scenario21_CSV_Scenario_Ped_21_Session_temp_2024_03_01_11_17_48_decoded,21,32.0,-1.8729312476265974,70.2034937043604,-8.819556047456384,116.0,-1.9388502000199235,63.30721317825131,6.896595566152627
PedNYC6,PedNYC6_scenario21_CSV_Scenario_Ped_21_Session_temp_2024_03_01_11_17_48_decoded,21,33.0,-1.872886421292893,70.20242360901646,-8.819562890599249,116.0,-1.9497110775541249,63.131974681071775,7.070866288545121
PedNYC6,PedNYC6_scenario21_CSV_Scenario_Ped_21_Session_temp_2024_03_01_11_17_48_decoded,21,34.0,-1.8731402633151204,70.2014506064547,-8.819551794198109,116.0,-1.9638288600748472,62.95713407603772,7.244884154660789
PedNYC6,PedNYC6_scenario21_CSV_Scenario_Ped_21_Session_temp_2024_03_01_11_17_48_decoded,21,35.0,-1.8730399051517508,70.20080663387458,-8.819549069343562,116.0,-1.976875437050742,62.77561340886013,7.425919218957689
PedNYC6,PedNYC6_scenario21_CSV_Scenario_Ped_21_Session_temp_2024_03_01_11_17_48_decoded,21,36.0,-1.8727812712915788,70.2003539942092,-8.81952266571902,116.0,-1.9806681022861308,62.58636645574973,7.6147518544019555
PedNYC6,PedNYC6_scenario21_CSV_Scenario_Ped_21_Session_temp_2024_03_01_11_17_48_decoded,21,37.0,-1.872683037857251,70.20017941713769,-8.8195717836516,116.0,-1.9875194231117008,62.39356349844064,7.807460502457407
PedNYC6,PedNYC6_scenario21_CSV_Scenario_Ped_21_Session_temp_2024_03_01_11_17_48_decoded,21,38.0,-1.873008659139749,70.19973525389915,-8.819580140162142,116.0,-1.996107785750097,62.1974923280324,8.00318969158901
PedNYC6,PedNYC6_scenario21_CSV_Scenario_Ped_21_Session_temp_2024_03_01_11_17_48_decoded,21,39.0,-1.8727967980712006,70.19904095738988,-8.819604497585045,116.0,-2.005058859194586,61.9754391700128,8.224665319036648
PedNYC6,PedNYC6_scenario21_CSV_Scenario_Ped_21_Session_temp_2024_03_01_11_17_48_decoded,21,40.0,-1.8723495050656593,70.19842022115417,-8.819607126410533,116.0,-2.014765555831237,61.75564211260331,8.443979187666274
PedNYC6,PedNYC6_scenario21_CSV_Scenario_Ped_21_Session_temp_2024_03_01_11_17_48_decoded,21,41.0,-1.8717033644517809,70.19795860057708,-8.81960202390336,116.0,-2.023002631829535,61.54150948442543,8.657771235649028
PedNYC6,PedNYC6_scenario21_CSV_Scenario_Ped_21_Session_temp_2024_03_01_11_17_48_decoded,21,42.0,-1.8694386320748777,70.19819913179323,-8.819583578719554,116.0,-2.0282745446250225,61.3152058821016,8.88441320072309
PedNYC6,PedNYC6_scenario21_CSV_Scenario_Ped_21_Session_temp_2024_03_01_11_17_48_decoded,21,43.0,-1.866200429866315,70.19888023202991,-8.819635216730784,116.0,-2.0341908489877274,61.08861519498951,9.111813750622721
PedNYC6,PedNYC6_scenario21_CSV_Scenario_Ped_21_Session_temp_2024_03_01_11_17_48_decoded,21,44.0,-1.8619424237712994,70.2009030026838,-8.819638450984566,116.0,-2.0475315707889035,60.864360700598525,9.338386664200545
PedNYC6,PedNYC6_scenario21_CSV_Scenario_Ped_21_Session_temp_2024_03_01_11_17_48_decoded,21,45.0,-1.8581713703930276,70.20299213246341,-8.819621068105112,116.0,-2.073350900989988,60.63840820183235,9.56700412859082
PedNYC6,PedNYC6_scenario21_CSV_Scenario_Ped_21_Session_temp_2024_03_01_11_17_48_decoded,21,46.0,-1.8551875173488748,70.20467169730084,-8.819669497184346,116.0,-2.089057810505804,60.4111279305209,9.79633578568311
PedNYC6,PedNYC6_scenario21_CSV_Scenario_Ped_21_Session_temp_2024_03_01_11_17_48_decoded,21,47.0,-1.8532662894919818,70.20516718330529,-8.819659142422605,116.0,-2.084047468677665,60.18267849712839,10.025145356413057
PedNYC6,PedNYC6_scenario21_CSV_Scenario_Ped_21_Session_temp_2024_03_01_11_17_48_decoded,21,48.0,-1.8520407322345702,70.20579860016475,-8.819723354299589,116.0,-2.0969932581660817,59.95361459827399,10.25510987501281
PedNYC6,PedNYC6_scenario21_CSV_Scenario_Ped_21_Session_temp_2024_03_01_11_17_48_decoded,21,49.0,-1.851389667913203,70.20623181409944,-8.819768574883236,116.0,-2.1280210868134297,59.72510909821509,10.484772688396712
PedNYC6,PedNYC6_scenario21_CSV_Scenario_Ped_21_Session_temp_2024_03_01_11_17_48_decoded,21,50.0,-1.8505189311199879,70.20703968889529,-8.819774601313998,116.0,-2.1415726242359976,59.50820528941491,10.702792615003863
PedNYC6,PedNYC6_scenario21_CSV_Scenario_Ped_21_Session_temp_2024_03_01_11_17_48_decoded,21,51.0,-1.8498775461335464,70.20767184091139,-8.819724759304751,116.0,-2.1511988329233893,59.29022030652531,10.921608971371459
PedNYC6,PedNYC6_scenario21_CSV_Scenario_Ped_21_Session_temp_2024_03_01_11_17_48_decoded,21,52.0,-1.8491662038384469,70.20839681065146,-8.81969513242362,116.0,-2.169277852319524,59.07241554195519,11.140581236373963
PedNYC6,PedNYC6_scenario21_CSV_Scenario_Ped_21_Session_temp_2024_03_01_11_17_48_decoded,21,53.0,-1.8484138599997575,70.20917094059803,-8.819641400312188,116.0,-2.191041779263107,58.8553537433938,11.358985819103273
PedNYC6,PedNYC6_scenario21_CSV_Scenario_Ped_21_Session_temp_2024_03_01_11_17_48_decoded,21,54.0,-1.8477626159671723,70.20984587997681,-8.81966234878438,116.0,-2.197121118848999,58.641038644652404,11.574081052577357
PedNYC6,PedNYC6_scenario21_CSV_Scenario_Ped_21_Session_temp_2024_03_01_11_17_48_decoded,21,55.0,-1.8471885553451193,70.21074402232047,-8.819620442457282,116.0,-2.193226298117283,58.432645701371136,11.783180478010694
PedNYC6,PedNYC6_scenario21_CSV_Scenario_Ped_21_Session_temp_2024_03_01_11_17_48_decoded,21,56.0,-1.847253581367005,70.21139215882576,-8.819629687683713,116.0,-2.2068897287829405,58.21921562505987,11.997567927523209
PedNYC6,PedNYC6_scenario21_CSV_Scenario_Ped_21_Session_temp_2024_03_01_11_17_48_decoded,21,57.0,-1.846930263790714,70.21200983377844,-8.819631092180272,116.0,-2.228612065711436,58.00478344553898,12.21319192887949
PedNYC6,PedNYC6_scenario21_CSV_Scenario_Ped_21_Session_temp_2024_03_01_11_17_48_decoded,21,58.0,-1.8467234117644087,70.21233598225767,-8.819570519816335,116.0,-2.2415834951305857,57.79468855910969,12.423923776772364
PedNYC6,PedNYC6_scenario21_CSV_Scenario_Ped_21_Session_temp_2024_03_01_11_17_48_decoded,21,59.0,-1.8466463165125981,70.2124541493008,-8.819557589994135,116.0,-2.248649494784993,57.57713523854753,12.641712325938299
PedNYC6,PedNYC6_scenario21_CSV_Scenario_Ped_21_Session_temp_2024_03_01_11_17_48_decoded,21,60.0,-1.8463030921785597,70.21201924278293,-8.81957683235642,116.0,-2.2538043295640473,57.363200272204615,12.855279312296714
PedNYC6,PedNYC6_scenario21_CSV_Scenario_Ped_21_Session_temp_2024_03_01_11_17_48_decoded,21,61.0,-1.8462466981488073,70.21125596982408,-8.819581877776528,116.0,-2.2505066610104407,57.16284960897824,13.054667160649291
PedNYC6,PedNYC6_scenario21_CSV_Scenario_Ped_21_Session_temp_2024_03_01_11_17_48_decoded,21,62.0,-1.8459828830300091,70.21067018198744,-8.8196012218511,116.0,-2.2605093636601685,56.972795548860645,13.244363216309248
PedNYC6,PedNYC6_scenario21_CSV_Scenario_Ped_21_Session_temp_2024_03_01_11_17_48_decoded,21,63.0,-1.8455939461207964,70.20995449052371,-8.819604732632902,116.0,-2.26960668010071,56.780389537604606,13.436256979652121
PedNYC6,PedNYC6_scenario21_CSV_Scenario_Ped_21_Session_temp_2024_03_01_11_17_48_decoded,21,64.0,-1.8457277180267804,70.20925977379447,-8.8196102583258,116.0000047452281,-2.2695786202796047,56.595322650115136,13.620533528273953
PedNYC6,PedNYC6_scenario21_CSV_Scenario_Ped_21_Session_temp_2024_03_01_11_17_48_decoded,21,65.0,-1.8461798952122361,70.20858050082776,-8.819659923154315,116.0,-2.270678576491046,56.426068018985625,13.78904817028869
PedNYC6,PedNYC6_scenario21_CSV_Scenario_Ped_21_Session_temp_2024_03_01_11_17_48_decoded,21,66.0,-1.8461062461855717,70.20795081930427,-8.819725374016185,116.0,-2.269968189868403,56.26084748465528,13.953542574367258
PedNYC6,PedNYC6_scenario21_CSV_Scenario_Ped_21_Session_temp_2024_03_01_11_17_48_decoded,21,67.0,-1.8442320755892974,70.2086215027978,-8.81976250337329,115.99999631486854,-2.2697517160711307,56.08408935831554,14.130940353173543
PedNYC6,PedNYC6_scenario21_CSV_Scenario_Ped_21_Session_temp_2024_03_01_11_17_48_decoded,21,68.0,-1.8417434027253108,70.20969766200609,-8.81978997540533,116.0,-2.2753815514399096,55.920450356775795,14.295825635270315
PedNYC6,PedNYC6_scenario21_CSV_Scenario_Ped_21_Session_temp_2024_03_01_11_17_48_decoded,21,69.0,-1.8388246923194467,70.2105962703217,-8.819619927024986,116.0,-2.2880545685634845,55.76000780077323,14.457569456791742
PedNYC6,PedNYC6_scenario21_CSV_Scenario_Ped_21_Session_temp_2024_03_01_11_17_48_decoded,21,70.0,-1.8374945114958303,70.21041890935096,-8.81872225214326,116.0,-2.294843945041439,55.60877824269272,14.608801410881464
PedNYC6,PedNYC6_scenario21_CSV_Scenario_Ped_21_Session_temp_2024_03_01_11_17_48_decoded,21,71.0,-1.8385686960181749,70.20862010559864,-8.814545898051605,116.0,-2.2947883799553486,55.46705233267817,14.748625590326004
PedNYC6,PedNYC6_scenario21_CSV_Scenario_Ped_21_Session_temp_2024_03_01_11_17_48_decoded,21,72.0,-1.840979806651858,70.20622940965417,-8.80394819240208,116.0000091733961,-2.3021287801758152,55.31677505852195,14.89659388082499
PedNYC6,PedNYC6_scenario21_CSV_Scenario_Ped_21_Session_temp_2024_03_01_11_17_48_decoded,21,73.0,-1.8453918504143307,70.20279933590916,-8.784585392701088,116.00004415333765,-2.3145414002942717,55.18287569694167,15.027248830726368
PedNYC6,PedNYC6_scenario21_CSV_Scenario_Ped_21_Session_temp_2024_03_01_11_17_48_decoded,21,74.0,-1.850222816232053,70.20033715781992,-8.754464687444578,116.00007370412817,-2.3261289988622824,55.05534571272295,15.15246688056852
PedNYC6,PedNYC6_scenario21_CSV_Scenario_Ped_21_Session_temp_2024_03_01_11_17_48_decoded,21,75.0,-1.8535145031144014,70.19864940636845,-8.71223794555414,116.00013384543495,-2.3395481029360004,54.92642134327374,15.279960035004446
PedNYC6,PedNYC6_scenario21_CSV_Scenario_Ped_21_Session_temp_2024_03_01_11_17_48_decoded,21,76.0,-1.8578599491859538,70.19748309912619,-8.656584406722308,116.00019669891103,-2.351323034633274,54.809563038522455,15.395830266933642
PedNYC6,PedNYC6_scenario21_CSV_Scenario_Ped_21_Session_temp_2024_03_01_11_17_48_decoded,21,77.0,-1.8618060328491277,70.19652940298589,-8.58773022099334,116.00031316148201,-2.359643043079823,54.68348034555226,15.521035169958793
PedNYC6,PedNYC6_scenario21_CSV_Scenario_Ped_21_Session_temp_2024_03_01_11_17_48_decoded,21,78.0,-1.8651800966729315,70.19594172195336,-8.50492221901237,116.00054007170915,-2.364647823633431,54.56858272927498,15.635338726625687
PedNYC6,PedNYC6_scenario21_CSV_Scenario_Ped_21_Session_temp_2024_03_01_11_17_48_decoded,21,79.0,-1.8676131576615638,70.19471332585763,-8.407508617596104,116.00089489517909,-2.3683877302409266,54.437539623172306,15.76512918656679
PedNYC6,PedNYC6_scenario21_CSV_Scenario_Ped_21_Session_temp_2024_03_01_11_17_48_decoded,21,80.0,-1.868734254612,70.1940364824804,-8.295233487035052,116.00134299274116,-2.363749903912617,54.31233747388921,15.88941169120301
PedNYC6,PedNYC6_scenario21_CSV_Scenario_Ped_21_Session_temp_2024_03_01_11_17_48_decoded,21,81.0,-1.8691667201684061,70.19377059532681,-8.168655355965976,116.00188447391064,-2.357570062568436,54.20082157935562,16.000404871512515
PedNYC6,PedNYC6_scenario21_CSV_Scenario_Ped_21_Session_temp_2024_03_01_11_17_48_decoded,21,82.0,-1.8691633992193228,70.19384466073035,-8.02742615537818,116.00254422374724,-2.3588693522693336,54.07759073823681,16.123692269909554
PedNYC6,PedNYC6_scenario21_CSV_Scenario_Ped_21_Session_temp_2024_03_01_11_17_48_decoded,21,83.0,-1.8691190735007845,70.19443571253191,-7.8721645019946545,116.0033825528857,-2.3607271994155945,53.97038175732655,16.231500401715184
PedNYC6,PedNYC6_scenario21_CSV_Scenario_Ped_21_Session_temp_2024_03_01_11_17_48_decoded,21,84.0,-1.8693249443189603,70.19492236129764,-7.702654051630261,116.00457226293018,-2.351357278926944,53.853348048367444,16.34868209357035
PedNYC6,PedNYC6_scenario21_CSV_Scenario_Ped_21_Session_temp_2024_03_01_11_17_48_decoded,21,85.0,-1.869388630496146,70.19583051890156,-7.518778487032886,116.0063032489858,-2.3337644886605724,53.74060284997639,16.46177883990082
PedNYC6,PedNYC6_scenario21_CSV_Scenario_Ped_21_Session_temp_2024_03_01_11_17_48_decoded,21,86.0,-1.8692989212738231,70.19669562398589,-7.320310007447687,116.00854090588808,-2.317310858251487,53.63163976247636,16.571113130704457
PedNYC6,PedNYC6_scenario21_CSV_Scenario_Ped_21_Session_temp_2024_03_01_11_17_48_decoded,21,87.0,-1.8691657450991654,70.19773686230657,-7.107591518690911,116.01123125940427,-2.304096794375246,53.532144124650166,16.671267087868586
PedNYC6,PedNYC6_scenario21_CSV_Scenario_Ped_21_Session_temp_2024_03_01_11_17_48_decoded,21,88.0,-1.8684366428824217,70.19887881751494,-6.881669671678941,116.01437654114959,-2.2849930895089425,53.44273811875156,16.761317680599593
PedNYC6,PedNYC6_scenario21_CSV_Scenario_Ped_21_Session_temp_2024_03_01_11_17_48_decoded,21,89.0,-1.8677185470793836,70.19985496422794,-6.643236412002847,116.01797283242648,-2.2652136843913655,53.3573688589584,16.84717604200728
PedNYC6,PedNYC6_scenario21_CSV_Scenario_Ped_21_Session_temp_2024_03_01_11_17_48_decoded,21,90.0,-1.867456125027329,70.20105874559194,-6.394558198055384,116.02178604013274,-2.2498123757653476,53.27411724062558,16.931259404280333
PedNYC6,PedNYC6_scenario21_CSV_Scenario_Ped_21_Session_temp_2024_03_01_11_17_48_decoded,21,91.0,-1.8670459313986765,70.20182830402354,-6.1385456451870875,116.02545811477967,-2.2469028274449068,53.204574446245296,17.001497874223645
PedNYC6,PedNYC6_scenario21_CSV_Scenario_Ped_21_Session_temp_2024_03_01_11_17_48_decoded,21,92.0,-1.8659630534624418,70.20284734743969,-5.879107080259849,116.02844348119466,-2.24088747851782,53.13506061692246,17.071904176245923
PedNYC6,PedNYC6_scenario21_CSV_Scenario_Ped_21_Session_temp_2024_03_01_11_17_48_decoded,21,93.0,-1.8640436141191392,70.20365545788508,-5.618667949070776,116.02975243049781,-2.233954290090036,53.06838784374048,17.13925990574126
PedNYC6,PedNYC6_scenario21_CSV_Scenario_Ped_21_Session_temp_2024_03_01_11_17_48_decoded,21,94.0,-1.8587106643027316,70.20595131737669,-5.359106219885594,116.02843777531972,-2.2237956508195387,53.00834053367193,17.201485508966318
PedNYC6,PedNYC6_scenario21_CSV_Scenario_Ped_21_Session_temp_2024_03_01_11_17_48_decoded,21,95.0,-1.8488159648114182,70.2114742303626,-5.101731174677898,116.02388374766389,-2.2063540095778302,52.95125301377824,17.263923942687075
PedNYC6,PedNYC6_scenario21_CSV_Scenario_Ped_21_Session_temp_2024_03_01_11_17_48_decoded,21,96.0,-1.832000040527213,70.2241357646306,-4.847278195716548,116.01720887064431,-2.1933332995411763,52.896117026501116,17.331785687373248
PedNYC6,PedNYC6_scenario21_CSV_Scenario_Ped_21_Session_temp_2024_03_01_11_17_48_decoded,21,97.0,-1.8171546189724193,70.24346536961944,-4.596100509152989,116.00897919115192,-2.1877621883656873,52.852530737306374,17.39488307968403
PedNYC6,PedNYC6_scenario21_CSV_Scenario_Ped_21_Session_temp_2024_03_01_11_17_48_decoded,21,98.0,-1.808789432970642,70.26127461920603,-4.348656868566427,115.99936417415135,-2.187651720080178,52.813528703133805,17.451858760155293
PedNYC6,PedNYC6_scenario21_CSV_Scenario_Ped_21_Session_temp_2024_03_01_11_17_48_decoded,21,99.0,-1.8057960153060741,70.27772153512275,-4.105169906758731,115.98843739226884,-2.1883941165027183,52.79574136491756,17.48616630306617
PedNYC6,PedNYC6_scenario21_CSV_Scenario_Ped_21_Session_temp_2024_03_01_11_17_48_decoded,21,100.0,-1.806152939796448,70.2896728515625,-3.865931510925293,115.97630310058594,-2.175133762359619,52.89806213378906,17.39552443032378
PedNYC6,PedNYC6_scenario21_CSV_Scenario_Ped_21_Session_temp_2024_03_01_11_18_30_decoded,21,0.0,-1.7512433528900146,70.12286376953125,3.78196382522583,97.27654266357422,-1.825302419839082,70.10194651285808,0.07695633192985359
PedNYC6,PedNYC6_scenario21_CSV_Scenario_Ped_21_Session_temp_2024_03_01_11_18_30_decoded,21,1.0,-1.755282993259629,70.033819196193,3.745828307307571,96.53530282291081,-1.8171673414183962,70.00257768621032,0.06932318871080065
PedNYC6,PedNYC6_scenario21_CSV_Scenario_Ped_21_Session_temp_2024_03_01_11_18_30_decoded,21,2.0,-1.7717713559267623,69.89860335391631,3.698299202644631,95.77134728754652,-1.8065296691854325,69.86694406997819,0.047015429382945305
PedNYC6,PedNYC6_scenario21_CSV_Scenario_Ped_21_Session_temp_2024_03_01_11_18_30_decoded,21,3.0,-1.7881200540556275,69.78269969475362,3.6411061586860995,94.98330779727948,-1.7865015493999776,69.71520258524953,0.06751651167475493
PedNYC6,PedNYC6_scenario21_CSV_Scenario_Ped_21_Session_temp_2024_03_01_11_18_30_decoded,21,4.0,-1.7868111049817281,69.66739021041404,3.575836498963577,94.17034876564942,-1.766365213034811,69.53404823318081,0.13490039803489096
PedNYC6,PedNYC6_scenario21_CSV_Scenario_Ped_21_Session_temp_2024_03_01_11_18_30_decoded,21,5.0,-1.765379172906653,69.53918083729752,3.5024617798191917,93.33242564606105,-1.747798760292633,69.3329731292374,0.20695576766808607
PedNYC6,PedNYC6_scenario21_CSV_Scenario_Ped_21_Session_temp_2024_03_01_11_18_30_decoded,21,6.0,-1.7254683424643678,69.39612895599652,3.4201098366934892,92.46973218759621,-1.7365755535379133,69.11983897989869,0.2765131480236898
PedNYC6,PedNYC6_scenario21_CSV_Scenario_Ped_21_Session_temp_2024_03_01_11_18_30_decoded,21,7.0,-1.6914033414793377,69.23792331654138,3.3308985865371263,91.58278022632918,-1.7330047171810947,68.90689538623847,0.33363178071176974
PedNYC6,PedNYC6_scenario21_CSV_Scenario_Ped_21_Session_temp_2024_03_01_11_18_30_decoded,21,8.0,-1.684703960466772,69.08532356176303,3.2387939147544667,90.67168581163236,-1.734178519696201,68.67310029293871,0.4151815932470441
PedNYC6,PedNYC6_scenario21_CSV_Scenario_Ped_21_Session_temp_2024_03_01_11_18_30_decoded,21,9.0,-1.7012876341100058,68.90161541670643,3.146803058096875,89.7369731017347,-1.729664786041388,68.4404409422859,0.462046706090185
PedNYC6,PedNYC6_scenario21_CSV_Scenario_Ped_21_Session_temp_2024_03_01_11_18_30_decoded,21,10.0,-1.7176720679180135,68.72766714288022,3.057935376933269,88.7794351098115,-1.714501195148898,68.20996503885166,0.517711814574203
PedNYC6,PedNYC6_scenario21_CSV_Scenario_Ped_21_Session_temp_2024_03_01_11_18_30_decoded,21,11.0,-1.7137876787098762,68.54784284232616,2.978129936775674,87.80134443126241,-1.7093786353686158,67.95872061496786,0.5891387259642611
PedNYC6,PedNYC6_scenario21_CSV_Scenario_Ped_21_Session_temp_2024_03_01_11_18_30_decoded,21,12.0,-1.6935985755924061,68.37210415848362,2.9115000833233093,86.80781366687125,-1.7105148648709003,67.71371106683303,0.6586103734198105
PedNYC6,PedNYC6_scenario21_CSV_Scenario_Ped_21_Session_temp_2024_03_01_11_18_30_decoded,21,13.0,-1.6586787082076173,68.17606292955192,2.859664389239476,85.80435168769483,-1.701620808899189,67.45744478136365,0.7199000395314222
PedNYC6,PedNYC6_scenario21_CSV_Scenario_Ped_21_Session_temp_2024_03_01_11_18_30_decoded,21,14.0,-1.64249032863516,67.97965765975894,2.8244878820724564,84.79811787437221,-1.698685724636741,67.19825912923983,0.7834166107692655
PedNYC6,PedNYC6_scenario21_CSV_Scenario_Ped_21_Session_temp_2024_03_01_11_18_30_decoded,21,15.0,-1.6494514407854879,67.78135557497968,2.8019964260854566,83.79860175794018,-1.6959252536032763,66.92561931432473,0.8569972946734079
PedNYC6,PedNYC6_scenario21_CSV_Scenario_Ped_21_Session_temp_2024_03_01_11_18_30_decoded,21,16.0,-1.6692778365144323,67.5690741281706,2.786328628739433,82.82292396364501,-1.6865739244722937,66.67475642194377,0.8944849436013235
PedNYC6,PedNYC6_scenario21_CSV_Scenario_Ped_21_Session_temp_2024_03_01_11_18_30_decoded,21,17.0,-1.6671779001543892,67.3726000712165,2.7766376472321355,81.88100696742585,-1.6878849387447674,66.42719810274986,0.9456287133054825
PedNYC6,PedNYC6_scenario21_CSV_Scenario_Ped_21_Session_temp_2024_03_01_11_18_30_decoded,21,18.0,-1.641018470502722,67.17653572443054,2.769534105726866,80.97580513131463,-1.6928475003298016,66.19560740917889,0.9822965987904306
PedNYC6,PedNYC6_scenario21_CSV_Scenario_Ped_21_Session_temp_2024_03_01_11_18_30_decoded,21,19.0,-1.5772370582775337,66.97560437455373,2.7631496620556026,80.10827452394062,-1.691696157566123,65.95459758567938,1.0274024276482205
PedNYC6,PedNYC6_scenario21_CSV_Scenario_Ped_21_Session_temp_2024_03_01_11_18_30_decoded,21,20.0,-1.5246041697609063,66.80330896875978,2.7571096442850074,79.27729330268282,-1.691040003484116,65.71870393749454,1.097300761228668
PedNYC6,PedNYC6_scenario21_CSV_Scenario_Ped_21_Session_temp_2024_03_01_11_18_30_decoded,21,21.0,-1.5003088261863302,66.60836539253164,2.7502104727495076,78.48142392197929,-1.7028991624407648,65.4971993169833,1.129483462381448
PedNYC6,PedNYC6_scenario21_CSV_Scenario_Ped_21_Session_temp_2024_03_01_11_18_30_decoded,21,22.0,-1.5044457205716208,66.38057959390876,2.74286712003055,77.72014411501581,-1.7232685253583613,65.26848722599237,1.1334164524448276
PedNYC6,PedNYC6_scenario21_CSV_Scenario_Ped_21_Session_temp_2024_03_01_11_18_30_decoded,21,23.0,-1.5024358502002078,66.1466345940745,2.7352005448041172,76.99129996278575,-1.730421229300475,65.03644162310239,1.1333603865846766
PedNYC6,PedNYC6_scenario21_CSV_Scenario_Ped_21_Session_temp_2024_03_01_11_18_30_decoded,21,24.0,-1.486560905858273,65.91935541438974,2.7272717819826706,76.29373917148885,-1.7326844632821083,64.8256955527612,1.1210123542835364
PedNYC6,PedNYC6_scenario21_CSV_Scenario_Ped_21_Session_temp_2024_03_01_11_18_30_decoded,21,25.0,-1.4530782188110791,65.68649275025548,2.7191439023652815,75.62608022267072,-1.7612884374855875,64.6329153428684,1.0977335251562066
PedNYC6,PedNYC6_scenario21_CSV_Scenario_Ped_21_Session_temp_2024_03_01_11_18_30_decoded,21,26.0,-1.4345852239710177,65.46856440024214,2.710873429265214,74.98714364949234,-1.7990657116677642,64.4404599811152,1.0908000378346234
PedNYC6,PedNYC6_scenario21_CSV_Scenario_Ped_21_Session_temp_2024_03_01_11_18_30_decoded,21,27.0,-1.4385850806910223,65.2776739749622,2.7025068542113275,74.37566498149022,-1.826652969619971,64.24456602224824,1.103589021501485
PedNYC6,PedNYC6_scenario21_CSV_Scenario_Ped_21_Session_temp_2024_03_01_11_18_30_decoded,21,28.0,-1.4712185981114525,65.03043295676241,2.6940865403701775,73.79020031754212,-1.8429115196989831,64.05009084300737,1.048439930544416
PedNYC6,PedNYC6_scenario21_CSV_Scenario_Ped_21_Session_temp_2024_03_01_11_18_30_decoded,21,29.0,-1.4979163672005058,64.82263634512502,2.6856748658710625,73.2299344306054,-1.8680852622162605,63.87003610557126,1.0219942403140374
PedNYC6,PedNYC6_scenario21_CSV_Scenario_Ped_21_Session_temp_2024_03_01_11_18_30_decoded,21,30.0,-1.5149479534339079,64.57465559810905,2.677296865553436,72.69365216124888,-1.8991914746182001,63.68540769192777,0.9687130236658766
PedNYC6,PedNYC6_scenario21_CSV_Scenario_Ped_21_Session_temp_2024_03_01_11_18_30_decoded,21,31.0,-1.5046627257215992,64.31884712413894,2.66897220759394,72.18030205057266,-1.9244018579729016,63.49504565842647,0.9245700590291098
PedNYC6,PedNYC6_scenario21_CSV_Scenario_Ped_21_Session_temp_2024_03_01_11_18_30_decoded,21,32.0,-1.501298747153785,64.08937674451214,2.6607017116467535,71.68904047779563,-1.9388502000199235,63.30721317825131,0.8962316208944673
PedNYC6,PedNYC6_scenario21_CSV_Scenario_Ped_21_Session_temp_2024_03_01_11_18_30_decoded,21,33.0,-1.5151200410331505,63.872608309546955,2.652311674504285,71.2188430206536,-1.9497110775541249,63.131974681071775,0.8587243682653277
PedNYC6,PedNYC6_scenario21_CSV_Scenario_Ped_21_Session_temp_2024_03_01_11_18_30_decoded,21,34.0,-1.5465501833699513,63.57913951200212,2.643842224228527,70.76869266246764,-1.9638288600748472,62.95713407603772,0.7490075142492612
PedNYC6,PedNYC6_scenario21_CSV_Scenario_Ped_21_Session_temp_2024_03_01_11_18_30_decoded,21,35.0,-1.5539461591876629,63.3512538875945,2.635725664432359,70.3377018684165,-1.976875437050742,62.77561340886013,0.7143046512737556
PedNYC6,PedNYC6_scenario21_CSV_Scenario_Ped_21_Session_temp_2024_03_01_11_18_30_decoded,21,36.0,-1.5480767119760763,63.11066409901936,2.6277741677128867,69.92495850638518,-1.9806681022861308,62.58636645574973,0.6797229801238668
PedNYC6,PedNYC6_scenario21_CSV_Scenario_Ped_21_Session_temp_2024_03_01_11_18_30_decoded,21,37.0,-1.5422690788657312,62.87789474824241,2.6198301983867807,69.52226219518393,-1.9875194231117008,62.39356349844064,0.6578940861458618
PedNYC6,PedNYC6_scenario21_CSV_Scenario_Ped_21_Session_temp_2024_03_01_11_18_30_decoded,21,38.0,-1.561511675530512,62.65239888410157,2.6118175514646262,69.12505908605115,-1.996107785750097,62.1974923280324,0.6291373091565191
PedNYC6,PedNYC6_scenario21_CSV_Scenario_Ped_21_Session_temp_2024_03_01_11_18_30_decoded,21,39.0,-1.6093761278122891,62.42276112682914,2.603868454220537,68.7392041618257,-2.005058859194586,61.9754391700128,0.5972116517317402
PedNYC6,PedNYC6_scenario21_CSV_Scenario_Ped_21_Session_temp_2024_03_01_11_18_30_decoded,21,40.0,-1.6607399954412063,62.20596712064138,2.596127472177737,68.37167365725635,-2.014765555831237,61.75564211260331,0.5728234547170393
PedNYC6,PedNYC6_scenario21_CSV_Scenario_Ped_21_Session_temp_2024_03_01_11_18_30_decoded,21,41.0,-1.6949586058936332,62.01658623289925,2.5887585598782845,68.03427099112133,-2.023002631829535,61.54150948442543,0.5773307543277852
PedNYC6,PedNYC6_scenario21_CSV_Scenario_Ped_21_Session_temp_2024_03_01_11_18_30_decoded,21,42.0,-1.7191482218129617,61.80549200992272,2.5808862319794943,67.71287145291781,-2.0282745446250225,61.3152058821016,0.5796029421846787
PedNYC6,PedNYC6_scenario21_CSV_Scenario_Ped_21_Session_temp_2024_03_01_11_18_30_decoded,21,43.0,-1.7456580827187989,61.62094123076067,2.57164866818974,67.40535925880421,-2.0341908489877274,61.08861519498951,0.6054933241338354
PedNYC6,PedNYC6_scenario21_CSV_Scenario_Ped_21_Session_temp_2024_03_01_11_18_30_decoded,21,44.0,-1.787195508320185,61.453166217456356,2.5620577411842533,67.11083055545016,-2.0475315707889035,60.864360700598525,0.6437909614959929
PedNYC6,PedNYC6_scenario21_CSV_Scenario_Ped_21_Session_temp_2024_03_01_11_18_30_decoded,21,45.0,-1.8495880746690458,61.28957885852745,2.552331305543098,66.8289494618055,-2.073350900989988,60.63840820183235,0.6885441355380675
PedNYC6,PedNYC6_scenario21_CSV_Scenario_Ped_21_Session_temp_2024_03_01_11_18_30_decoded,21,46.0,-1.8975274998550231,61.119601281596644,2.5424121161851643,66.55909377414272,-2.089057810505804,60.4111279305209,0.7339062263548947
PedNYC6,PedNYC6_scenario21_CSV_Scenario_Ped_21_Session_temp_2024_03_01_11_18_30_decoded,21,47.0,-1.8917491793951364,60.96055961545403,2.531397389301383,66.30078742240475,-2.084047468677665,60.18267849712839,0.8012974892688309
PedNYC6,PedNYC6_scenario21_CSV_Scenario_Ped_21_Session_temp_2024_03_01_11_18_30_decoded,21,48.0,-1.8830398247195868,60.83159650947746,2.5197628708512343,66.05364877464179,-2.0969932581660817,59.95361459827399,0.9036748907013197
PedNYC6,PedNYC6_scenario21_CSV_Scenario_Ped_21_Session_temp_2024_03_01_11_18_30_decoded,21,49.0,-1.8616659812658454,60.72399979445804,2.507996903953627,65.81709153928774,-2.1280210868134297,59.72510909821509,1.0337928541501826
PedNYC6,PedNYC6_scenario21_CSV_Scenario_Ped_21_Session_temp_2024_03_01_11_18_30_decoded,21,50.0,-1.8707529381892076,60.63946907542415,2.49627693926325,65.59059556648995,-2.1415726242359976,59.50820528941491,1.1632287203669134
PedNYC6,PedNYC6_scenario21_CSV_Scenario_Ped_21_Session_temp_2024_03_01_11_18_30_decoded,21,51.0,-1.922842362244544,60.53043969134087,2.4851675379626474,65.37379409518354,-2.1511988329233893,59.29022030652531,1.2610673257892173
PedNYC6,PedNYC6_scenario21_CSV_Scenario_Ped_21_Session_temp_2024_03_01_11_18_30_decoded,21,52.0,-1.9778811486485102,60.40618283217632,2.474340046189421,65.16626503783715,-2.169277852319524,59.07241554195519,1.3474301030628462
PedNYC6,PedNYC6_scenario21_CSV_Scenario_Ped_21_Session_temp_2024_03_01_11_18_30_decoded,21,53.0,-2.0073190957321803,60.27624842205832,2.463651507594393,64.96760830062618,-2.191041779263107,58.8553537433938,1.432723180625262
PedNYC6,PedNYC6_scenario21_CSV_Scenario_Ped_21_Session_temp_2024_03_01_11_18_30_decoded,21,54.0,-2.0185420812606543,60.103266470805906,2.453422754291076,64.77739120405163,-2.197121118848999,58.641038644652404,1.4730922198706957
PedNYC6,PedNYC6_scenario21_CSV_Scenario_Ped_21_Session_temp_2024_03_01_11_18_30_decoded,21,55.0,-2.03312738313993,59.86820802330226,2.443795014554883,64.59532499961941,-2.193226298117283,58.432645701371136,1.4444621292111475
PedNYC6,PedNYC6_scenario21_CSV_Scenario_Ped_21_Session_temp_2024_03_01_11_18_30_decoded,21,56.0,-2.0473770216176526,59.65207560291404,2.434433286842062,64.42102831099089,-2.2068897287829405,58.21921562505987,1.441711489821544
PedNYC6,PedNYC6_scenario21_CSV_Scenario_Ped_21_Session_temp_2024_03_01_11_18_30_decoded,21,57.0,-2.0729459228483695,59.40400297533726,2.425323231317047,64.25418300597492,-2.228612065711436,58.00478344553898,1.4078519952760538
PedNYC6,PedNYC6_scenario21_CSV_Scenario_Ped_21_Session_temp_2024_03_01_11_18_30_decoded,21,58.0,-2.099720033109243,59.15374010751485,2.416465817561754,64.09446162649338,-2.2415834951305857,57.79468855910969,1.366435638103438
PedNYC6,PedNYC6_scenario21_CSV_Scenario_Ped_21_Session_temp_2024_03_01_11_18_30_decoded,21,59.0,-2.108501420798802,58.91168935318521,2.407861535899524,63.9415345893155,-2.248649494784993,57.57713523854753,1.3418927556024771
PedNYC6,PedNYC6_scenario21_CSV_Scenario_Ped_21_Session_temp_2024_03_01_11_18_30_decoded,21,60.0,-2.093416619995708,58.6266195109058,2.399509648577882,63.795131877410725,-2.2538043295640473,57.363200272204615,1.2735589464570742
PedNYC6,PedNYC6_scenario21_CSV_Scenario_Ped_21_Session_temp_2024_03_01_11_18_30_decoded,21,61.0,-2.084121434274419,58.34310416647946,2.3914121546699945,63.65502654539436,-2.2505066610104407,57.16284960897824,1.191924856766735
PedNYC6,PedNYC6_scenario21_CSV_Scenario_Ped_21_Session_temp_2024_03_01_11_18_30_decoded,21,62.0,-2.106767549994834,58.07245689046081,2.383364093169795,63.52089438468194,-2.2605093636601685,56.972795548860645,1.1103565244906646
PedNYC6,PedNYC6_scenario21_CSV_Scenario_Ped_21_Session_temp_2024_03_01_11_18_30_decoded,21,63.0,-2.15032935091946,57.7529581025719,2.374726780596997,63.394847077111095,-2.26960668010071,56.780389537604606,0.9798554458792171
PedNYC6,PedNYC6_scenario21_CSV_Scenario_Ped_21_Session_temp_2024_03_01_11_18_30_decoded,21,64.0,-2.1710131667168513,57.465748510027254,2.3660845521397373,63.2802278326953,-2.2695786202796047,56.595322650115136,0.8759887706128319
PedNYC6,PedNYC6_scenario21_CSV_Scenario_Ped_21_Session_temp_2024_03_01_11_18_30_decoded,21,65.0,-2.1791225253318274,57.17316599679016,2.3574282747419866,63.17078429576323,-2.270678576491046,56.426068018985625,0.7526871188903771
PedNYC6,PedNYC6_scenario21_CSV_Scenario_Ped_21_Session_temp_2024_03_01_11_18_30_decoded,21,66.0,-2.181673587990521,56.898011196174906,2.3479864234818177,63.06637646409973,-2.269968189868403,56.26084748465528,0.6432523081950344
PedNYC6,PedNYC6_scenario21_CSV_Scenario_Ped_21_Session_temp_2024_03_01_11_18_30_decoded,21,67.0,-2.2139401633121234,56.615193334585896,2.33804004257719,62.97095921001119,-2.2697517160711307,56.08408935831554,0.5340284290480771
PedNYC6,PedNYC6_scenario21_CSV_Scenario_Ped_21_Session_temp_2024_03_01_11_18_30_decoded,21,68.0,-2.263616332222994,56.317768163911005,2.328829269854673,62.88848794378833,-2.2753815514399096,55.920450356775795,0.3974919624972983
PedNYC6,PedNYC6_scenario21_CSV_Scenario_Ped_21_Session_temp_2024_03_01_11_18_30_decoded,21,69.0,-2.2946034912143167,56.07476906838032,2.3195703409276076,62.81127764918343,-2.2880545685634845,55.76000780077323,0.314829388675054
PedNYC6,PedNYC6_scenario21_CSV_Scenario_Ped_21_Session_temp_2024_03_01_11_18_30_decoded,21,70.0,-2.31592010313511,55.79162227689346,2.310020736011999,62.73747879604168,-2.294843945041439,55.60877824269272,0.18405473447534895
PedNYC6,PedNYC6_scenario21_CSV_Scenario_Ped_21_Session_temp_2024_03_01_11_18_30_decoded,21,71.0,-2.3163205241920863,55.540104583761384,2.3002509912745293,62.66697281833402,-2.2947883799553486,55.46705233267817,0.07615946837889745
PedNYC6,PedNYC6_scenario21_CSV_Scenario_Ped_21_Session_temp_2024_03_01_11_18_30_decoded,21,72.0,-2.3055657899211384,55.33050949030053,2.2902618520201052,62.59895956926664,-2.3021287801758152,55.31677505852195,0.014157953675228782
PedNYC6,PedNYC6_scenario21_CSV_Scenario_Ped_21_Session_temp_2024_03_01_11_18_30_decoded,21,73.0,-2.3048135605696176,55.09042277539788,2.2794057152025706,62.52917682589758,-2.3145414002942717,55.18287569694167,0.09296329150632784
PedNYC6,PedNYC6_scenario21_CSV_Scenario_Ped_21_Session_temp_2024_03_01_11_18_30_decoded,21,74.0,-2.324451302795564,54.87595428353783,2.266376948308177,62.450376082436286,-2.3261289988622824,55.05534571272295,0.1793992740486247
PedNYC6,PedNYC6_scenario21_CSV_Scenario_Ped_21_Session_temp_2024_03_01_11_18_30_decoded,21,75.0,-2.355760009300679,54.62658674528276,2.2488962365380583,62.35164908899394,-2.3395481029360004,54.92642134327374,0.30027256294971355
PedNYC6,PedNYC6_scenario21_CSV_Scenario_Ped_21_Session_temp_2024_03_01_11_18_30_decoded,21,76.0,-2.3659205751938774,54.5372189111563,2.2247219173237442,62.22358890959328,-2.351323034633274,54.809563038522455,0.27273505807147375
PedNYC6,PedNYC6_scenario21_CSV_Scenario_Ped_21_Session_temp_2024_03_01_11_18_30_decoded,21,77.0,-2.340119646983971,54.239488817443686,2.1886286403668533,62.060077438466784,-2.359643043079823,54.68348034555226,0.4444205666115194
PedNYC6,PedNYC6_scenario21_CSV_Scenario_Ped_21_Session_temp_2024_03_01_11_18_30_decoded,21,78.0,-2.295686620355101,54.01853645619883,2.135116112716696,61.858087680081304,-2.364647823633431,54.56858272927498,0.554352369962063
PedNYC6,PedNYC6_scenario21_CSV_Scenario_Ped_21_Session_temp_2024_03_01_11_18_30_decoded,21,79.0,-2.2558450541582795,53.7857699299446,2.0602360116371807,61.619671073038816,-2.3683877302409266,54.437539623172306,0.6614148372617459
PedNYC6,PedNYC6_scenario21_CSV_Scenario_Ped_21_Session_temp_2024_03_01_11_18_30_decoded,21,80.0,-2.2305264268524465,53.57780803953141,1.9606395407816772,61.353995494365854,-2.363749903912617,54.31233747388921,0.7465132180865827
PedNYC6,PedNYC6_scenario21_CSV_Scenario_Ped_21_Session_temp_2024_03_01_11_18_30_decoded,21,81.0,-2.2141648757322487,53.37146203064873,1.8354309281136407,61.06799302458893,-2.357570062568436,54.20082157935562,0.8416663879725849
PedNYC6,PedNYC6_scenario21_CSV_Scenario_Ped_21_Session_temp_2024_03_01_11_18_30_decoded,21,82.0,-2.1891577987198336,53.18140574962594,1.6860041725226087,60.769015800053786,-2.3588693522693336,54.07759073823681,0.9121126823039186
PedNYC6,PedNYC6_scenario21_CSV_Scenario_Ped_21_Session_temp_2024_03_01_11_18_30_decoded,21,83.0,-2.1506334464427623,52.981161054849075,1.5162478211715256,60.474891305437694,-2.3607271994155945,53.97038175732655,1.011284818064742
PedNYC6,PedNYC6_scenario21_CSV_Scenario_Ped_21_Session_temp_2024_03_01_11_18_30_decoded,21,84.0,-2.0974766469754824,52.78215686898082,1.3317051408668832,60.19979239181386,-2.351357278926944,53.853348048367444,1.1008659855203897
PedNYC6,PedNYC6_scenario21_CSV_Scenario_Ped_21_Session_temp_2024_03_01_11_18_30_decoded,21,85.0,-2.0644974848178697,52.57682366164544,1.134451495083994,59.948971274699645,-2.3337644886605724,53.74060284997639,1.1945236366647034
PedNYC6,PedNYC6_scenario21_CSV_Scenario_Ped_21_Session_temp_2024_03_01_11_18_30_decoded,21,86.0,-2.0537565872677046,52.39835406051318,0.9255016131186005,59.722073978176155,-2.317310858251487,53.63163976247636,1.2611322200390467
PedNYC6,PedNYC6_scenario21_CSV_Scenario_Ped_21_Session_temp_2024_03_01_11_18_30_decoded,21,87.0,-2.0548469481161797,52.22113943134014,0.7060021653062518,59.52098924934048,-2.304096794375246,53.532144124650166,1.3344882134140716
PedNYC6,PedNYC6_scenario21_CSV_Scenario_Ped_21_Session_temp_2024_03_01_11_18_30_decoded,21,88.0,-2.043406265388964,52.050917952630925,0.47950765282994345,59.34809282292669,-2.2849930895089425,53.44273811875156,1.4126314340295767
PedNYC6,PedNYC6_scenario21_CSV_Scenario_Ped_21_Session_temp_2024_03_01_11_18_30_decoded,21,89.0,-2.016044435278958,51.91045269885157,0.2515932408832436,59.20152065264086,-2.2652136843913655,53.3573688589584,1.4682137749937973
PedNYC6,PedNYC6_scenario21_CSV_Scenario_Ped_21_Session_temp_2024_03_01_11_18_30_decoded,21,90.0,-1.964654873970437,51.78850399780153,0.02369021530526852,59.075083624138145,-2.2498123757653476,53.27411724062558,1.512733125202231
PedNYC6,PedNYC6_scenario21_CSV_Scenario_Ped_21_Session_temp_2024_03_01_11_18_30_decoded,21,91.0,-1.9211023069643365,51.689652310191,-0.20557468104890878,58.966556547133514,-2.2469028274449068,53.204574446245296,1.5495596333967658
PedNYC6,PedNYC6_scenario21_CSV_Scenario_Ped_21_Session_temp_2024_03_01_11_18_30_decoded,21,92.0,-1.8880802933329643,51.60839199173212,-0.43637407809820905,58.87390734311494,-2.24088747851782,53.13506061692246,1.5669045922003746
PedNYC6,PedNYC6_scenario21_CSV_Scenario_Ped_21_Session_temp_2024_03_01_11_18_30_decoded,21,93.0,-1.8757045773885102,51.54285341302329,-0.6691199463662726,58.796041771480574,-2.233954290090036,53.06838784374048,1.567034829209089
PedNYC6,PedNYC6_scenario21_CSV_Scenario_Ped_21_Session_temp_2024_03_01_11_18_30_decoded,21,94.0,-1.8702436719227087,51.489048456460935,-0.9051324143662594,58.73178219140354,-2.2237956508195387,53.00834053367193,1.5598869887456444
PedNYC6,PedNYC6_scenario21_CSV_Scenario_Ped_21_Session_temp_2024_03_01_11_18_30_decoded,21,95.0,-1.858953720738204,51.44727849929497,-1.1451354810353482,58.68098788992855,-2.2063540095778302,52.95125301377824,1.5435758163760724
PedNYC6,PedNYC6_scenario21_CSV_Scenario_Ped_21_Session_temp_2024_03_01_11_18_30_decoded,21,96.0,-1.8499523623703507,51.44022846005186,-1.390061606616633,58.64153683978964,-2.1933332995411763,52.896117026501116,1.495834879232991
PedNYC6,PedNYC6_scenario21_CSV_Scenario_Ped_21_Session_temp_2024_03_01_11_18_30_decoded,21,97.0,-1.8382611503475186,51.49777588613764,-1.647359996439734,58.603845495863965,-2.1877621883656873,52.852530737306374,1.3991110328851672
PedNYC6,PedNYC6_scenario21_CSV_Scenario_Ped_21_Session_temp_2024_03_01_11_18_30_decoded,21,98.0,-1.8366797090006306,51.56538437496456,-1.925902236185406,58.56076851666384,-2.187651720080178,52.813528703133805,1.2965514322626317
PedNYC6,PedNYC6_scenario21_CSV_Scenario_Ped_21_Session_temp_2024_03_01_11_18_30_decoded,21,99.0,-1.8422269249976317,51.624526201300505,-2.229488353883943,58.51355220859397,-2.1883941165027183,52.79574136491756,1.2213012257264981
PedNYC6,PedNYC6_scenario21_CSV_Scenario_Ped_21_Session_temp_2024_03_01_11_18_30_decoded,21,100.0,-1.846785306930542,51.648468017578125,-2.558042526245117,58.46987533569336,-2.175133762359619,52.89806213378906,1.292013221082374
PedNYC7,PedNYC7_scenario21,21,0.0,-1.965604543685913,69.96575164794922,3.169696092605591,98.56534576416016,-1.825302419839082,70.10194651285808,0.19553446546190745
PedNYC7,PedNYC7_scenario21,21,1.0,-1.9314261371849808,69.84439856011218,3.1387598707826987,98.20167079281288,-1.8171673414183962,70.00257768621032,0.19512997807410132
PedNYC7,PedNYC7_scenario21,21,2.0,-1.8516964006767163,69.68528644670307,3.1100793491110412,97.86139253829431,-1.8065296691854325,69.86694406997819,0.18718847648177805
PedNYC7,PedNYC7_scenario21,21,3.0,-1.7944166681230596,69.46857395568522,3.0829909601903807,97.54278745453429,-1.7865015493999776,69.71520258524953,0.24675560789001655
PedNYC7,PedNYC7_scenario21,21,4.0,-1.802731626820947,69.18965132807749,3.0574953563471516,97.24474681620799,-1.766365213034811,69.53404823318081,0.3463116288784021
PedNYC7,PedNYC7_scenario21,21,5.0,-1.808848132724538,68.9021973104165,3.033559706722245,96.965762659751,-1.747798760292633,69.3329731292374,0.43508025921104554
PedNYC7,PedNYC7_scenario21,21,6.0,-1.7876436125186213,68.6200445734591,3.0110163075518215,96.70456207715777,-1.7365755535379133,69.11983897989869,0.5023966514183391
PedNYC7,PedNYC7_scenario21,21,7.0,-1.796972101828528,68.31373094047275,2.989808089899711,96.46020688301154,-1.7330047171810947,68.90689538623847,0.5966036255498199
PedNYC7,PedNYC7_scenario21,21,8.0,-1.847726059615166,67.99960959294751,2.96981215379623,96.23095152514271,-1.734178519696201,68.67310029293871,0.6829954368780901
PedNYC7,PedNYC7_scenario21,21,9.0,-1.8524280864993394,67.70436390674674,2.9500042960104804,96.00501649393172,-1.729664786041388,68.4404409422859,0.746244082179188
PedNYC7,PedNYC7_scenario21,21,10.0,-1.8140360648167768,67.40142091789033,2.928369724727683,95.75955981185237,-1.714501195148898,68.20996503885166,0.8146476451944916
PedNYC7,PedNYC7_scenario21,21,11.0,-1.802283624895719,67.12691744947296,2.9030090642817186,95.47351552431893,-1.7093786353686158,67.95872061496786,0.8369754137406747
PedNYC7,PedNYC7_scenario21,21,12.0,-1.820711494406207,66.8290660681045,2.872421847869223,95.13084833956617,-1.7105148648709003,67.71371106683303,0.8914819521091534
PedNYC7,PedNYC7_scenario21,21,13.0,-1.8119026055960619,66.53873275525507,2.835773260401283,94.71971718615961,-1.701620808899189,67.45744478136365,0.9253074416642404
PedNYC7,PedNYC7_scenario21,21,14.0,-1.7895086202323431,66.22162739784399,2.793693551743307,94.23535956626056,-1.698685724636741,67.19825912923983,0.9808457254500362
PedNYC7,PedNYC7_scenario21,21,15.0,-1.7916358884110997,65.86768935186545,2.747587569400762,93.67925450698289,-1.6959252536032763,66.92561931432473,1.0622505971212337
PedNYC7,PedNYC7_scenario21,21,16.0,-1.8183949299955675,65.540709478936,2.69879035949707,93.0534627319147,-1.6865739244722937,66.67475642194377,1.1416826382329048
PedNYC7,PedNYC7_scenario21,21,17.0,-1.8081886329816363,65.22126124587533,2.650899665257303,92.36258473540236,-1.6878849387447674,66.42719810274986,1.2119227209750045
PedNYC7,PedNYC7_scenario21,21,18.0,-1.7788541225180643,64.90503672263394,2.6091579921492567,91.6148449412764,-1.6928475003298016,66.19560740917889,1.2934333519858479
PedNYC7,PedNYC7_scenario21,21,19.0,-1.7919574843098416,64.59099598673097,2.5771920436082136,90.81688827018709,-1.691696157566123,65.95459758567938,1.3672825802646145
PedNYC7,PedNYC7_scenario21,21,20.0,-1.8151887618809048,64.26933325546017,2.5574481404472746,89.97355398569312,-1.691040003484116,65.71870393749454,1.4546780702795516
PedNYC7,PedNYC7_scenario21,21,21.0,-1.800286904377916,63.94555800159729,2.551334487844576,89.0925583795595,-1.7028991624407648,65.4971993169833,1.5546945500298235
PedNYC7,PedNYC7_scenario21,21,22.0,-1.7535909470331603,63.631991136839964,2.5588761445679395,88.188767881399,-1.7232685253583613,65.26848722599237,1.6367769851349188
PedNYC7,PedNYC7_scenario21,21,23.0,-1.7376045610740634,63.376424502273345,2.571588912187257,87.30564156516105,-1.730421229300475,65.03644162310239,1.6600326628415856
PedNYC7,PedNYC7_scenario21,21,24.0,-1.7733962456685917,63.166751243512245,2.5849018602588734,86.46931244066569,-1.7326844632821083,64.8256955527612,1.6594437834451006
PedNYC7,PedNYC7_scenario21,21,25.0,-1.7745309956717072,62.95464886043996,2.594075142595052,85.68369751487283,-1.7612884374855875,64.6329153428684,1.6783187275931963
PedNYC7,PedNYC7_scenario21,21,26.0,-1.7525372457929913,62.63659549167702,2.5988301280656585,84.94157495189876,-1.7990657116677642,64.4404599811152,1.8044644619367576
PedNYC7,PedNYC7_scenario21,21,27.0,-1.8836641121875042,62.24057705541967,2.6005471623988634,84.2015630493164,-1.826652969619971,64.24456602224824,2.0047997529797024
PedNYC7,PedNYC7_scenario21,21,28.0,-1.9634692006331853,61.930142486294045,2.5998148537216483,83.42612046661961,-1.8429115196989831,64.05009084300737,2.1233735398096467
PedNYC7,PedNYC7_scenario21,21,29.0,-1.9614861702277104,61.618791782952364,2.5964490144604087,82.60519728106755,-1.8680852622162605,63.87003610557126,2.2531810246274424
PedNYC7,PedNYC7_scenario21,21,30.0,-1.996771812742095,61.300495030862265,2.592295394292868,81.7394965386182,-1.8991914746182001,63.68540769192777,2.38690810952138
PedNYC7,PedNYC7_scenario21,21,31.0,-2.0730442646064775,60.99126046157193,2.5916779501903746,80.83531910042612,-1.9244018579729016,63.49504565842647,2.508193548559946
PedNYC7,PedNYC7_scenario21,21,32.0,-2.0920576473359773,60.69451158467984,2.5935693802911213,79.90922536824715,-1.9388502000199235,63.30721317825131,2.6171897407264937
PedNYC7,PedNYC7_scenario21,21,33.0,-2.110081101589838,60.40861606609991,2.5973226578602144,78.99970213598381,-1.9497110775541249,63.131974681071775,2.7280763717958276
PedNYC7,PedNYC7_scenario21,21,34.0,-2.194553926921388,60.12126236578589,2.602556599522469,78.13842979721461,-1.9638288600748472,62.95713407603772,2.845242065884374
PedNYC7,PedNYC7_scenario21,21,35.0,-2.2820791798475386,59.864246162473215,2.6087871486169574,77.33053331712294,-1.976875437050742,62.77561340886013,2.927321056521083
PedNYC7,PedNYC7_scenario21,21,36.0,-2.3059482547391257,59.62448708959172,2.6158559213064487,76.57423668202223,-1.9806681022861308,62.58636645574973,2.979687325417291
PedNYC7,PedNYC7_scenario21,21,37.0,-2.2964081635638327,59.33973737290395,2.6235548401509656,75.86665161747683,-1.9875194231117008,62.39356349844064,3.0694081284489627
PedNYC7,PedNYC7_scenario21,21,38.0,-2.2968084431851294,59.0497984969784,2.6316233064756784,75.20417433538009,-1.996107785750097,62.1974923280324,3.162024247129884
PedNYC7,PedNYC7_scenario21,21,39.0,-2.280291016866333,58.84823912185785,2.63973347784733,74.58452854156049,-2.005058859194586,61.9754391700128,3.139288594856635
PedNYC7,PedNYC7_scenario21,21,40.0,-2.2609904436753387,58.62323878511112,2.647926064311628,74.0045358022375,-2.014765555831237,61.75564211260331,3.142065769756896
PedNYC7,PedNYC7_scenario21,21,41.0,-2.2043237061447543,58.35762369203417,2.655822582941305,73.46189272160508,-2.023002631829535,61.54150948442543,3.1890446956701286
PedNYC7,PedNYC7_scenario21,21,42.0,-2.199238645530069,57.93591071679068,2.6633431776174303,72.95417490889739,-2.0282745446250225,61.3152058821016,3.3836170791169677
PedNYC7,PedNYC7_scenario21,21,43.0,-2.2364362544834546,57.60756442131523,2.6706309606836993,72.4788144552714,-2.0341908489877274,61.08861519498951,3.4869209473319596
PedNYC7,PedNYC7_scenario21,21,44.0,-2.195549454469962,57.33365447271917,2.677668751002575,72.03396076269604,-2.0475315707889035,60.864360700598525,3.5338075444873187
PedNYC7,PedNYC7_scenario21,21,45.0,-2.1678115440365233,56.9746974014528,2.6844430569224196,71.61780428009529,-2.073350900989988,60.63840820183235,3.664928326980285
PedNYC7,PedNYC7_scenario21,21,46.0,-2.210615985201791,56.62949234984768,2.690950712267274,71.22826028393592,-2.089057810505804,60.4111279305209,3.7835887798291563
PedNYC7,PedNYC7_scenario21,21,47.0,-2.199971897254395,56.29924861093565,2.697186593554094,70.86368487739718,-2.084047468677665,60.18267849712839,3.88515973341069
PedNYC7,PedNYC7_scenario21,21,48.0,-2.1540813557184175,55.94006597432553,2.7031501360897994,70.52250166233455,-2.0969932581660817,59.95361459827399,4.013954609569062
PedNYC7,PedNYC7_scenario21,21,49.0,-2.181340962149604,55.643436268925285,2.7088550068780135,70.20253349803112,-2.1280210868134297,59.72510909821509,4.082021079620796
PedNYC7,PedNYC7_scenario21,21,50.0,-2.2548850311535933,55.32857712403016,2.7144330301994195,69.89547775087337,-2.1415726242359976,59.50820528941491,4.181163869359695
PedNYC7,PedNYC7_scenario21,21,51.0,-2.2799986054086525,55.03773352876493,2.72003390951018,69.5926401390088,-2.1511988329233893,59.29022030652531,4.254436881235768
PedNYC7,PedNYC7_scenario21,21,52.0,-2.281215138731881,54.71657453213295,2.7257692274469063,69.28783832961774,-2.169277852319524,59.07241554195519,4.3572790659927385
PedNYC7,PedNYC7_scenario21,21,53.0,-2.3308257055943833,54.384314097801955,2.731830804524548,68.97133284855182,-2.191041779263107,58.8553537433938,4.473224235214979
PedNYC7,PedNYC7_scenario21,21,54.0,-2.3427358738890893,54.036355157413105,2.738421441013944,68.6308128197774,-2.197121118848999,58.641038644652404,4.606985313037113
PedNYC7,PedNYC7_scenario21,21,55.0,-2.2657877422826465,53.78379107275305,2.7453032769817796,68.25432061643302,-2.193226298117283,58.432645701371136,4.64942088019607
PedNYC7,PedNYC7_scenario21,21,56.0,-2.188069396102522,53.47578451896257,2.753351896962107,67.83152548806763,-2.2068897287829405,58.21921562505987,4.743468442312401
PedNYC7,PedNYC7_scenario21,21,57.0,-2.148684425179458,53.16578200742243,2.7636751334999525,67.35796031441336,-2.228612065711436,58.00478344553898,4.839661490829197
PedNYC7,PedNYC7_scenario21,21,58.0,-2.0835243075883403,52.901715368258536,2.775064045491593,66.83045763170591,-2.2415834951305857,57.79468855910969,4.895525441988287
PedNYC7,PedNYC7_scenario21,21,59.0,-1.971902771700458,52.70147964564538,2.784804093960393,66.24792917567707,-2.248649494784993,57.57713523854753,4.883503476945218
PedNYC7,PedNYC7_scenario21,21,60.0,-1.901446648131293,52.54534447004089,2.790686590865275,65.61234830212125,-2.2538043295640473,57.363200272204615,4.830723596533687
PedNYC7,PedNYC7_scenario21,21,61.0,-1.9022278516317108,52.38447145659434,2.7829173822623767,64.94919369844435,-2.2505066610104407,57.16284960897824,4.791053735478454
PedNYC7,PedNYC7_scenario21,21,62.0,-1.9172818051441687,52.27499916893458,2.7484956639462133,64.29657642433074,-2.2605093636601685,56.972795548860645,4.710318034291456
PedNYC7,PedNYC7_scenario21,21,63.0,-1.9941628754751048,52.20972738217586,2.667073621816351,63.6845002844104,-2.26960668010071,56.780389537604606,4.578954228704972
PedNYC7,PedNYC7_scenario21,21,64.0,-2.077387151435426,52.135619696854306,2.5411600736094475,63.12258041012365,-2.2695786202796047,56.595322650115136,4.463842290227093
PedNYC7,PedNYC7_scenario21,21,65.0,-2.0833310840876136,52.0630245914557,2.3808530261154144,62.61140181552857,-2.270678576491046,56.426068018985625,4.367063891612066
PedNYC7,PedNYC7_scenario21,21,66.0,-2.0137511873108953,51.97020560350138,2.195667362628439,62.14903244413126,-2.269968189868403,56.26084748465528,4.298285112078008
PedNYC7,PedNYC7_scenario21,21,67.0,-1.999368467628899,51.92928274584443,1.9919960446175986,61.73379095589963,-2.2697517160711307,56.08408935831554,4.1635952118417805
PedNYC7,PedNYC7_scenario21,21,68.0,-2.0288221911290747,51.91437937135091,1.7762929863156618,61.36303818131788,-2.2753815514399096,55.920450356775795,4.013651237765931
PedNYC7,PedNYC7_scenario21,21,69.0,-2.0481911300270075,51.917369341064486,1.5539475541890422,61.02991369912956,-2.2880545685634845,55.76000780077323,3.8501175048534995
PedNYC7,PedNYC7_scenario21,21,70.0,-2.054288975951896,51.92638656563638,1.3115491382289393,60.711791399817514,-2.294843945041439,55.60877824269272,3.6902405282593036
PedNYC7,PedNYC7_scenario21,21,71.0,-2.0537098498752977,51.927309341489554,1.006097345147168,60.361384591942056,-2.2947883799553486,55.46705233267817,3.547942967598902
PedNYC7,PedNYC7_scenario21,21,72.0,-2.0546317564996,51.92603755684938,0.5920604757554415,59.953529778042856,-2.3021287801758152,55.31677505852195,3.399758165219596
PedNYC7,PedNYC7_scenario21,21,73.0,-2.059439447661267,51.92092679945492,0.03719991912170347,59.49950532042857,-2.3145414002942717,55.18287569694167,3.2719088642644403
PedNYC7,PedNYC7_scenario21,21,74.0,-2.068573645523849,51.912261448098214,-0.6714939701866119,59.03662635779157,-2.3261289988622824,55.05534571272295,3.153619104230079
PedNYC7,PedNYC7_scenario21,21,75.0,-2.084342121693237,51.90423572693376,-1.5312036300544087,58.59918085405241,-2.3395481029360004,54.92642134327374,3.03294180499302
PedNYC7,PedNYC7_scenario21,21,76.0,-2.102004564305709,51.900843649255386,-2.497686735016722,58.21455865345148,-2.351323034633274,54.809563038522455,2.919384898423754
PedNYC7,PedNYC7_scenario21,21,77.0,-2.1108883615032634,51.90009870521743,-3.4886793851278424,57.93840138548621,-2.359643043079823,54.68348034555226,2.7944753080604
PedNYC7,PedNYC7_scenario21,21,78.0,-2.122081148713821,51.90090407568106,-4.445955470752634,57.77667117670705,-2.364647823633431,54.56858272927498,2.678684003502879
PedNYC7,PedNYC7_scenario21,21,79.0,-2.1428512265224215,51.90192610540539,-5.352255676071984,57.70222644860646,-2.3683877302409266,54.437539623172306,2.545624211464036
PedNYC7,PedNYC7_scenario21,21,80.0,-2.1639026980941445,51.90073472373405,-6.202282052000469,57.70204235382879,-2.363749903912617,54.31233747388921,2.4198691556010603
PedNYC7,PedNYC7_scenario21,21,81.0,-2.170158736649662,51.910536210696236,-6.9969079191769685,57.74744494538854,-2.357570062568436,54.20082157935562,2.297940398482493
PedNYC7,PedNYC7_scenario21,21,82.0,-2.173049903041719,51.920527545931364,-7.743842588420784,57.782411911015934,-2.3588693522693336,54.07759073823681,2.1650520740412236
PedNYC7,PedNYC7_scenario21,21,83.0,-2.1742094323734276,51.92569905441581,-8.443342008674248,57.77972222004937,-2.3607271994155945,53.97038175732655,2.053172236565839
PedNYC7,PedNYC7_scenario21,21,84.0,-2.1761278461319695,51.92605497155788,-9.096184446039423,57.748174006619756,-2.351357278926944,53.853348048367444,1.9352426096062778
PedNYC7,PedNYC7_scenario21,21,85.0,-2.179131664380232,51.924192126018546,-9.705819166849613,57.701680094755424,-2.3337644886605724,53.74060284997639,1.8229808634360303
PedNYC7,PedNYC7_scenario21,21,86.0,-2.1787292377289584,51.92318968154302,-10.276823009064689,57.65690208989347,-2.317310858251487,53.63163976247636,1.714061417974217
PedNYC7,PedNYC7_scenario21,21,87.0,-2.1781353399873695,51.92629241833026,-10.812200615347763,57.62665402643603,-2.304096794375246,53.532144124650166,1.610784278133498
PedNYC7,PedNYC7_scenario21,21,88.0,-2.1810408143472317,51.92819300017075,-11.318352038477588,57.60317399671046,-2.2849930895089425,53.44273811875156,1.5181083596793294
PedNYC7,PedNYC7_scenario21,21,89.0,-2.1810063297121123,51.927943334776764,-11.85308934289761,57.58270630653886,-2.2652136843913655,53.3573688589584,1.4319037005902422
PedNYC7,PedNYC7_scenario21,21,90.0,-2.1806203169128935,51.92781829833984,-12.481702987377895,57.56028914360509,-2.2498123757653476,53.27411724062558,1.3480758075894503
PedNYC7,PedNYC7_scenario21,21,91.0,-2.1802206484374684,51.929320106888696,-13.224270199372794,57.536884373048395,-2.2469028274449068,53.204574446245296,1.2769965321194174
PedNYC7,PedNYC7_scenario21,21,92.0,-2.1806372924145947,51.93102266237475,-14.079883158218179,57.51441921847435,-2.24088747851782,53.13506061692246,1.2055444748813302
PedNYC7,PedNYC7_scenario21,21,93.0,-2.1833904223103078,51.927977223773794,-15.040894992410118,57.49495555300404,-2.233954290090036,53.06838784374048,1.1415310275492512
PedNYC7,PedNYC7_scenario21,21,94.0,-2.187377133082952,51.92262217316026,-16.052090243143027,57.480936440485415,-2.2237956508195387,53.00834053367193,1.0863289864429946
PedNYC7,PedNYC7_scenario21,21,95.0,-2.191311526500809,51.91929371028868,-17.050185887951425,57.47385686382004,-2.2063540095778302,52.95125301377824,1.0320689319787657
PedNYC7,PedNYC7_scenario21,21,96.0,-2.19426936208453,51.91994144509418,-18.0339031536575,57.47346987836731,-2.1933332995411763,52.896117026501116,0.9761760302057473
PedNYC7,PedNYC7_scenario21,21,97.0,-2.193138923519886,51.924229791938245,-19.005688378585333,57.47955711224958,-2.1877621883656873,52.852530737306374,0.9283165163091089
PedNYC7,PedNYC7_scenario21,21,98.0,-2.190788162338277,51.92585673405798,-19.966103793671298,57.491863292447725,-2.187651720080178,52.813528703133805,0.887677510108818
PedNYC7,PedNYC7_scenario21,21,99.0,-2.1630209471702075,51.95128652933964,-20.916140427914375,57.51022189289837,-2.1883941165027183,52.79574136491756,0.8448359409097774
PedNYC7,PedNYC7_scenario21,21,100.0,-2.0983715057373047,51.97029876708984,-21.85651016235352,57.53435516357422,-2.175133762359619,52.89806213378906,0.9309335683231267
PedNYC9,PedNYC9_scenario21,21,0.0,-1.5738654136657717,69.98951721191406,4.091564178466797,99.5063934326172,-1.825302419839082,70.10194651285808,0.2754286037871832
PedNYC9,PedNYC9_scenario21,21,1.0,-1.5944541338407736,69.91429989040682,4.0577864800559444,98.54077039273902,-1.8171673414183962,70.00257768621032,0.23957074542071338
PedNYC9,PedNYC9_scenario21,21,2.0,-1.6233103686951473,69.83631031257431,4.035373208285016,97.6057976388164,-1.8065296691854325,69.86694406997819,0.18576258817326202
PedNYC9,PedNYC9_scenario21,21,3.0,-1.6462742552914122,69.74532940525002,4.030546258612029,96.70578481197636,-1.7865015493999776,69.71520258524953,0.1434270521775861
PedNYC9,PedNYC9_scenario21,21,4.0,-1.6572500436056619,69.6213849991878,4.041088183639231,95.83752775878841,-1.766365213034811,69.53404823318081,0.13976348198335187
PedNYC9,PedNYC9_scenario21,21,5.0,-1.6466070479775798,69.47916680033839,4.057969654664724,94.99187713766251,-1.747798760292633,69.3329731292374,0.17779862797906076
PedNYC9,PedNYC9_scenario21,21,6.0,-1.6281091544091586,69.31986305175408,4.067414359068456,94.16081363994846,-1.7365755535379133,69.11983897989869,0.2275403020600322
PedNYC9,PedNYC9_scenario21,21,7.0,-1.6223040374098328,69.13403799875788,4.067587223197715,93.336260016124,-1.7330047171810947,68.90689538623847,0.25268242306096067
PedNYC9,PedNYC9_scenario21,21,8.0,-1.628292893934934,68.94846455300079,4.055647280451459,92.51099227226389,-1.734178519696201,68.67310029293871,0.295020747511747
PedNYC9,PedNYC9_scenario21,21,9.0,-1.6389197239463824,68.76511882781362,4.029656680928097,91.680513673853,-1.729664786041388,68.4404409422859,0.33712074342196396
PedNYC9,PedNYC9_scenario21,21,10.0,-1.636143283648504,68.58642972193138,3.9985768127207746,90.84048068784848,-1.714501195148898,68.20996503885166,0.38453298935333985
PedNYC9,PedNYC9_scenario21,21,11.0,-1.6206726847921376,68.39085196295355,3.973180270498187,89.98545905474295,-1.7093786353686158,67.95872061496786,0.44114198120288284
PedNYC9,PedNYC9_scenario21,21,12.0,-1.5934158978239665,68.16343494754881,3.964600165007747,89.11045387024085,-1.7105148648709003,67.71371106683303,0.46471898709813864
PedNYC9,PedNYC9_scenario21,21,13.0,-1.5886206499299609,67.96263394201262,3.9738149822324673,88.21212182708103,-1.701620808899189,67.45744478136365,0.5176727962374295
PedNYC9,PedNYC9_scenario21,21,14.0,-1.6064832772301294,67.74905803428969,3.9933270641319623,87.28994104485,-1.698685724636741,67.19825912923983,0.5584628233928316
PedNYC9,PedNYC9_scenario21,21,15.0,-1.6346933097884622,67.53659709034834,4.0114000659877735,86.35310101917182,-1.6959252536032763,66.92561931432473,0.614038430180138
PedNYC9,PedNYC9_scenario21,21,16.0,-1.6355927395721854,67.32968447178527,4.017127834911268,85.40686851917707,-1.6865739244722937,66.67475642194377,0.656909302478669
PedNYC9,PedNYC9_scenario21,21,17.0,-1.6106567074181777,67.12810316976446,4.002425494629339,84.45384986349069,-1.6878849387447674,66.42719810274986,0.7051468731268526
PedNYC9,PedNYC9_scenario21,21,18.0,-1.572343741926472,66.90202270442987,3.9736857558543126,83.50637029482783,-1.6928475003298016,66.19560740917889,0.7166196516659681
PedNYC9,PedNYC9_scenario21,21,19.0,-1.554604695869834,66.67102322279669,3.9368156940475045,82.58070256683418,-1.691696157566123,65.95459758567938,0.7294242677543502
PedNYC9,PedNYC9_scenario21,21,20.0,-1.5562071750224693,66.44967481020217,3.8985902110171775,81.6827294375589,-1.691040003484116,65.71870393749454,0.7433022994569046
PedNYC9,PedNYC9_scenario21,21,21.0,-1.5603938921698808,66.28360263709789,3.868178580676593,80.80695749380992,-1.7028991624407648,65.4971993169833,0.799210819460187
PedNYC9,PedNYC9_scenario21,21,22.0,-1.5414457393537613,66.00831901985846,3.848323903019045,79.94291154464648,-1.7232685253583613,65.26848722599237,0.7618468407269195
PedNYC9,PedNYC9_scenario21,21,23.0,-1.519337412889559,65.81299103925855,3.8367322835035775,79.07919213840493,-1.730421229300475,65.03644162310239,0.8047268935999758
PedNYC9,PedNYC9_scenario21,21,24.0,-1.4989740061106798,65.54039310308093,3.836034615659418,78.20548191934883,-1.7326844632821083,64.8256955527612,0.7519396027769096
PedNYC9,PedNYC9_scenario21,21,25.0,-1.5000746392164341,65.35379603311188,3.836476107019552,77.31031646813743,-1.7612884374855875,64.6329153428684,0.7667474277570863
PedNYC9,PedNYC9_scenario21,21,26.0,-1.5237679271645428,65.09298793460802,3.8330332897557597,76.38527446877522,-1.7990657116677642,64.4404599811152,0.7082242584393111
PedNYC9,PedNYC9_scenario21,21,27.0,-1.545312029172089,64.85514757784205,3.8279852814791653,75.42511497588794,-1.826652969619971,64.24456602224824,0.6722816082591108
PedNYC9,PedNYC9_scenario21,21,28.0,-1.5653265344424785,64.63155633671138,3.8193151817311266,74.4276543124386,-1.8429115196989831,64.05009084300737,0.6443256509004659
PedNYC9,PedNYC9_scenario21,21,29.0,-1.5850225463208525,64.40640839164621,3.806544331948205,73.3924745463232,-1.8680852622162605,63.87003610557126,0.606481434505091
PedNYC9,PedNYC9_scenario21,21,30.0,-1.63219589666796,64.18361617341773,3.7893364802903853,72.32455718756863,-1.8991914746182001,63.68540769192777,0.5652418329118214
PedNYC9,PedNYC9_scenario21,21,31.0,-1.6892817994802873,63.96190333759043,3.7644175971781264,71.2404563094603,-1.9244018579729016,63.49504565842647,0.5227212780248452
PedNYC9,PedNYC9_scenario21,21,32.0,-1.7450756057026826,63.73473252267488,3.725092024023245,70.16978568793121,-1.9388502000199235,63.30721317825131,0.4693840466602721
PedNYC9,PedNYC9_scenario21,21,33.0,-1.7759374776419943,63.53320783502231,3.6718683496622955,69.13063838560095,-1.9497110775541249,63.131974681071775,0.4372474217825821
PedNYC9,PedNYC9_scenario21,21,34.0,-1.783412306260079,63.30829920237563,3.589311891392092,68.13198481740488,-1.9638288600748472,62.95713407603772,0.3948000491974614
PedNYC9,PedNYC9_scenario21,21,35.0,-1.8023050254855875,63.081721659297806,3.4623275809080893,67.18082992586247,-1.976875437050742,62.77561340886013,0.3523876978273238
PedNYC9,PedNYC9_scenario21,21,36.0,-1.8432737271058584,62.87716808153965,3.2856673686263105,66.28159394741182,-1.9806681022861308,62.58636645574973,0.32162524759918465
PedNYC9,PedNYC9_scenario21,21,37.0,-1.8985528866135866,62.669066386442466,3.064275750106586,65.43449798567252,-1.9875194231117008,62.39356349844064,0.2895114607641917
PedNYC9,PedNYC9_scenario21,21,38.0,-1.943727902701927,62.48080665709949,2.8091665721979617,64.63674509018666,-1.996107785750097,62.1974923280324,0.2881157080113383
PedNYC9,PedNYC9_scenario21,21,39.0,-1.978342568911076,62.285661811423296,2.537037283664162,63.8825066882456,-2.005058859194586,61.9754391700128,0.31137091612772533
PedNYC9,PedNYC9_scenario21,21,40.0,-2.000305987717741,62.09395735013284,2.264617970656541,63.16367434323844,-2.014765555831237,61.75564211260331,0.33862409697877366
PedNYC9,PedNYC9_scenario21,21,41.0,-2.042959661617731,61.90852324214951,2.006154164977462,62.47192560719964,-2.023002631829535,61.54150948442543,0.3675559568238791
PedNYC9,PedNYC9_scenario21,21,42.0,-2.0930360870939118,61.74831720664966,1.7609049697706234,61.80016019681531,-2.0282745446250225,61.3152058821016,0.4379263372243361
PedNYC9,PedNYC9_scenario21,21,43.0,-2.152449471988304,61.58388058082863,1.5107157412817847,61.15011528966729,-2.0341908489877274,61.08861519498951,0.5091884762289536
PedNYC9,PedNYC9_scenario21,21,44.0,-2.183000449618651,61.42584655260467,1.2313364005809533,60.52720922834313,-2.0475315707889035,60.864360700598525,0.5775969002119501
PedNYC9,PedNYC9_scenario21,21,45.0,-2.1926519617724045,61.25622263412446,0.903621635070441,59.94363359261586,-2.073350900989988,60.63840820183235,0.6292276343679107
PedNYC9,PedNYC9_scenario21,21,46.0,-2.1926911623777,61.1070972880978,0.5258271172147353,59.40714552135278,-2.089057810505804,60.4111279305209,0.7036428201198435
PedNYC9,PedNYC9_scenario21,21,47.0,-2.2193000844802455,60.96671826045394,0.09699484046011489,58.92693131343423,-2.084047468677665,60.18267849712839,0.7956202740987794
PedNYC9,PedNYC9_scenario21,21,48.0,-2.2733012328253985,60.85147447470267,-0.3754095465980887,58.50815851874939,-2.0969932581660817,59.95361459827399,0.9150064806486345
PedNYC9,PedNYC9_scenario21,21,49.0,-2.339652814870742,60.769275799032776,-0.8851088393432573,58.151130964434145,-2.1280210868134297,59.72510909821509,1.065397619397101
PedNYC9,PedNYC9_scenario21,21,50.0,-2.387310897820808,60.713502163102696,-1.430173486962023,57.85225177415573,-2.1415726242359976,59.50820528941491,1.2300926196128459
PedNYC9,PedNYC9_scenario21,21,51.0,-2.4110136083076603,60.67996401607043,-2.0120009069251164,57.610807112885645,-2.1511988329233893,59.29022030652531,1.4138215218789807
PedNYC9,PedNYC9_scenario21,21,52.0,-2.42173991633261,60.66681134991531,-2.6270734256832062,57.43133993848899,-2.169277852319524,59.07241554195519,1.6142599190361344
PedNYC9,PedNYC9_scenario21,21,53.0,-2.4269988992881326,60.6599588798815,-3.270996316095074,57.31348798280077,-2.191041779263107,58.8553537433938,1.81996578570266
PedNYC9,PedNYC9_scenario21,21,54.0,-2.428247084753587,60.65340435344073,-3.9397645530054737,57.250155651335696,-2.197121118848999,58.641038644652404,2.025594963960579
PedNYC9,PedNYC9_scenario21,21,55.0,-2.428582954285616,60.640893629976944,-4.633867593698994,57.22126278357847,-2.193226298117283,58.432645701371136,2.2207547522845874
PedNYC9,PedNYC9_scenario21,21,56.0,-2.4353589923986863,60.626914281738976,-5.354925852563257,57.216747235399225,-2.2068897287829405,58.21921562505987,2.418514218645718
PedNYC9,PedNYC9_scenario21,21,57.0,-2.455765218090678,60.602646214157176,-6.103300468028533,57.21857039841265,-2.228612065711436,58.00478344553898,2.607774821415455
PedNYC9,PedNYC9_scenario21,21,58.0,-2.4858427462446495,60.5537478829498,-6.875443382775886,57.19946612688024,-2.2415834951305857,57.79468855910969,2.7698503450951755
PedNYC9,PedNYC9_scenario21,21,59.0,-2.512495922735046,60.46684582999707,-7.66723914117225,57.1463150673832,-2.248649494784993,57.57713523854753,2.9017309041118318
PedNYC9,PedNYC9_scenario21,21,60.0,-2.526669118545447,60.33305507393183,-8.476961075668735,57.05508012928645,-2.2538043295640473,57.363200272204615,2.9823636157263027
PedNYC9,PedNYC9_scenario21,21,61.0,-2.5213995843701826,60.165425866635545,-9.306222915915969,56.94164904970985,-2.2505066610104407,57.16284960897824,3.0147714936581385
PedNYC9,PedNYC9_scenario21,21,62.0,-2.5216552616425614,60.00863263140862,-10.158196264588044,56.842361913121835,-2.2605093636601685,56.972795548860645,3.047048403259523
PedNYC9,PedNYC9_scenario21,21,63.0,-2.5430336214903746,59.815303144833294,-11.028140751018633,56.77513274204462,-2.26960668010071,56.780389537604606,3.0472057520980687
PedNYC9,PedNYC9_scenario21,21,64.0,-2.583830412089983,59.61423827078572,-11.906333534553923,56.75180296421462,-2.2695786202796047,56.595322650115136,3.0352274566142294
PedNYC9,PedNYC9_scenario21,21,65.0,-2.63270539431725,59.370518229378085,-12.774373850333715,56.77487935880487,-2.270678576491046,56.426068018985625,2.9666227360932793
PedNYC9,PedNYC9_scenario21,21,66.0,-2.665645689004095,59.08934031466362,-13.618457034997187,56.823073943302546,-2.269968189868403,56.26084748465528,2.856034378772581
PedNYC9,PedNYC9_scenario21,21,67.0,-2.6643629480260143,58.85359975408101,-14.433727269191172,56.8682072729701,-2.2697517160711307,56.08408935831554,2.7974820565354794
PedNYC9,PedNYC9_scenario21,21,68.0,-2.6748104558951513,58.61363007508477,-15.219906206572155,56.8990360143127,-2.2753815514399096,55.920450356775795,2.7226385079229907
PedNYC9,PedNYC9_scenario21,21,69.0,-2.7116276084549775,58.36596809192547,-15.979556703140886,56.91670911517848,-2.2880545685634845,55.76000780077323,2.640159684410238
PedNYC9,PedNYC9_scenario21,21,70.0,-2.759145658206148,58.138680138502274,-16.71460386652275,56.92974587409997,-2.294843945041439,55.60877824269272,2.572154677166295
PedNYC9,PedNYC9_scenario21,21,71.0,-2.7908980020897496,57.89653104913617,-17.425344551487235,56.941085110504225,-2.2947883799553486,55.46705233267817,2.479615210248709
PedNYC9,PedNYC9_scenario21,21,72.0,-2.7940326330327343,57.61299577007671,-18.10961605211978,56.95191380644713,-2.3021287801758152,55.31677505852195,2.3483183252337256
PedNYC9,PedNYC9_scenario21,21,73.0,-2.79221957344768,57.36731005434266,-18.76613932535408,56.966062281505735,-2.3145414002942717,55.18287569694167,2.236052302362592
PedNYC9,PedNYC9_scenario21,21,74.0,-2.8088454082054217,57.13373916839239,-19.3956266799108,56.98250100150156,-2.3261289988622824,55.05534571272295,2.1337137784667064
PedNYC9,PedNYC9_scenario21,21,75.0,-2.838403199199057,56.90109371913777,-19.998264865551615,57.00483292658291,-2.3395481029360004,54.92642134327374,2.0367099447560326
PedNYC9,PedNYC9_scenario21,21,76.0,-2.863062393219763,56.640069983465736,-20.575544755313338,57.03135866479885,-2.351323034633274,54.809563038522455,1.9006927280894443
PedNYC9,PedNYC9_scenario21,21,77.0,-2.869521641582408,56.383623039275435,-21.12796929191523,57.05972226373652,-2.359643043079823,54.68348034555226,1.774953904818727
PedNYC9,PedNYC9_scenario21,21,78.0,-2.865792140674206,56.13636735755626,-21.656833409683472,57.08937781232096,-2.364647823633431,54.56858272927498,1.6459326435724333
PedNYC9,PedNYC9_scenario21,21,79.0,-2.874025744829991,55.85924229122233,-22.163149782732035,57.12022501132796,-2.3683877302409266,54.437539623172306,1.5089427683441567
PedNYC9,PedNYC9_scenario21,21,80.0,-2.893070344599236,55.60755505777753,-22.64824446358757,57.148668282481125,-2.363749903912617,54.31233747388921,1.3992028868402833
PedNYC9,PedNYC9_scenario21,21,81.0,-2.90056372482869,55.532698687525055,-23.11289862111723,57.17090854762698,-2.357570062568436,54.20082157935562,1.4383110750183994
PedNYC9,PedNYC9_scenario21,21,82.0,-2.9149488373182955,55.11035173458852,-23.557948118901887,57.189458524085886,-2.3588693522693336,54.07759073823681,1.1729533960382652
PedNYC9,PedNYC9_scenario21,21,83.0,-2.885521764137122,54.80047836843928,-23.98421210567753,57.205990921367196,-2.3607271994155945,53.97038175732655,0.9820741921780123
PedNYC9,PedNYC9_scenario21,21,84.0,-2.850746929838487,54.58251840514151,-24.392579905741886,57.221534179171385,-2.351357278926944,53.853348048367444,0.883786983744147
PedNYC9,PedNYC9_scenario21,21,85.0,-2.825198487219289,54.383472817610844,-24.783609942508328,57.23610983333081,-2.3337644886605724,53.74060284997639,0.8091904412594924
PedNYC9,PedNYC9_scenario21,21,86.0,-2.8039574306382784,54.10219656990601,-25.158024070846682,57.24998970495777,-2.317310858251487,53.63163976247636,0.6769406144073491
PedNYC9,PedNYC9_scenario21,21,87.0,-2.7777869856668524,53.826465052892146,-25.5173723444808,57.263307893656346,-2.304096794375246,53.532144124650166,0.5576802005873075
PedNYC9,PedNYC9_scenario21,21,88.0,-2.7416607194530314,53.60825474776611,-25.86897043865412,57.276024949267025,-2.2849930895089425,53.44273811875156,0.48573766450532796
PedNYC9,PedNYC9_scenario21,21,89.0,-2.6948901863627603,53.39319881961435,-26.22141528943734,57.2884582167589,-2.2652136843913655,53.3573688589584,0.43116781237353596
PedNYC9,PedNYC9_scenario21,21,90.0,-2.660859611260218,53.157231487720864,-26.57208355092771,57.30056987033099,-2.2498123757653476,53.27411724062558,0.42734308118896375
PedNYC9,PedNYC9_scenario21,21,91.0,-2.6496173997000305,52.9866276242871,-26.911097719144674,57.31208649421642,-2.2469028274449068,53.204574446245296,0.4579081173208265
PedNYC9,PedNYC9_scenario21,21,92.0,-2.6429116196596634,52.79847672767502,-27.18985018884082,57.321361718863436,-2.24088747851782,53.13506061692246,0.5243206314477498
PedNYC9,PedNYC9_scenario21,21,93.0,-2.615931989866775,52.63332256867726,-27.36332399163815,57.32703777255546,-2.233954290090036,53.06838784374048,0.5789548831235183
PedNYC9,PedNYC9_scenario21,21,94.0,-2.5846191923133874,52.52304571653982,-27.4178593372267,57.32881546020508,-2.2237956508195387,53.00834053367193,0.6047352210938675
PedNYC9,PedNYC9_scenario21,21,95.0,-2.5038509314763773,52.36147650901022,-27.418156658176223,57.328828964032816,-2.2063540095778302,52.95125301377824,0.6605609314177601
PedNYC9,PedNYC9_scenario21,21,96.0,-2.422489335970814,52.17059283170809,-27.418385448034673,57.32884216308594,-2.1933332995411763,52.896117026501116,0.7608533671228694
PedNYC9,PedNYC9_scenario21,21,97.0,-2.3779655500179597,52.02464388972241,-27.418404475490593,57.32884360944995,-2.1877621883656873,52.852530737306374,0.8494550907413144
PedNYC9,PedNYC9_scenario21,21,98.0,-2.356429075717408,51.8951806310135,-27.418371200561523,57.328844775203265,-2.187651720080178,52.813528703133805,0.933728535144435
PedNYC9,PedNYC9_scenario21,21,99.0,-2.34383838049618,51.784113193552756,-27.41833295220695,57.32884618054704,-2.1883941165027183,52.79574136491756,1.023501087594619
PedNYC9,PedNYC9_scenario21,21,100.0,-2.3252816200256348,51.67975616455078,-27.418113708496094,57.32883834838867,-2.175133762359619,52.89806213378906,1.2275234473700771
