participant_id,recording_identifier,scenario,progress_percent,ped_x,ped_z,veh_x,veh_z,mean_x,mean_z,deviation_m
PedNYC11,PedNYC11_scenario12,12,0.0,-5.029054164886475,45.74057769775391,41.3818359375,58.21333312988281,49.71087803038519,58.21886866836355,8.3290439323634
PedNYC11,PedNYC11_scenario12,12,1.0,-5.00976250835083,45.792604695232576,40.5214361683467,58.216475693961996,48.81154167601853,58.22203667144088,8.290107372814978
PedNYC11,PedNYC11_scenario12,12,2.0,-4.973716332824236,45.868990552674724,39.64665287239969,58.21920571045069,47.899549641264926,58.226024529765546,8.252899585833035
PedNYC11,PedNYC11_scenario12,12,3.0,-4.922233319639629,45.965405011926265,38.75029444057502,58.22149763500637,46.97607816037263,58.23084442743293,8.225789030081922
PedNYC11,PedNYC11_scenario12,12,4.0,-4.857904856448793,46.07400299520906,37.83206593032162,58.22333139730981,46.03776523118833,58.235631171228775,8.20570851911539
PedNYC11,PedNYC11_scenario12,12,5.0,-4.814635453905859,46.178375318879276,36.887187555155556,58.2246766799144,45.082804449089096,58.24113517646439,8.195633419952209
PedNYC11,PedNYC11_scenario12,12,6.0,-4.802387611562389,46.28134364157988,35.917379954950356,58.2254779895091,44.109915970367936,58.24688368349451,8.192563980076638
PedNYC11,PedNYC11_scenario12,12,7.0,-4.808771488615975,46.39908977660511,34.92241720172978,58.22570831971963,43.12826137257003,58.25136525943814,8.205884281091748
PedNYC11,PedNYC11_scenario12,12,8.0,-4.828854215286493,46.53831384365054,33.90389431065152,58.22539017951864,42.13297447199011,58.25438884094464,8.229131255734156
PedNYC11,PedNYC11_scenario12,12,9.0,-4.8417764119539335,46.675032200101334,32.8680290061771,58.224670517173955,41.130803373103205,58.257312109930595,8.262838840998217
PedNYC11,PedNYC11_scenario12,12,10.0,-4.819804965012126,46.80305080117286,31.827613139166022,58.22365312310192,40.12522966015949,58.25923090649846,8.297692794273306
PedNYC11,PedNYC11_scenario12,12,11.0,-4.758454863278203,46.93113131843469,30.798883076082166,58.22275685603486,39.121588677301794,58.25954062733463,8.32278688723937
PedNYC11,PedNYC11_scenario12,12,12.0,-4.685049262936584,47.08640836487863,29.793451110522426,58.2220986102556,38.125927755410686,58.259449216380716,8.33256035714031
PedNYC11,PedNYC11_scenario12,12,13.0,-4.627828623721613,47.23960018974641,28.81754373387079,58.221844414558205,37.13569360768573,58.25963450963021,8.318235715254353
PedNYC11,PedNYC11_scenario12,12,14.0,-4.604802295297049,47.39843449276637,27.872512931836447,58.222572782924914,36.151444685682485,58.2599069510196,8.279015933367175
PedNYC11,PedNYC11_scenario12,12,15.0,-4.614472972666727,47.584740836725366,26.958809563681324,58.224385964030674,35.17426298330261,58.259832307840426,8.215529887551781
PedNYC11,PedNYC11_scenario12,12,16.0,-4.646211603122845,47.77537271533122,26.07550971656738,58.22717661169161,34.20370264223071,58.259080896920025,8.128255539795688
PedNYC11,PedNYC11_scenario12,12,17.0,-4.659276863078254,47.93975177578742,25.222728481885387,58.23088963543425,33.23800375852567,58.257361878879074,8.015318991780301
PedNYC11,PedNYC11_scenario12,12,18.0,-4.644311085780401,48.09097950997863,24.398922140183775,58.235442264872326,32.27666453121885,58.25619740815301,7.87776973232168
PedNYC11,PedNYC11_scenario12,12,19.0,-4.607012849961628,48.2490281364864,23.60329273251572,58.24069870023748,31.323291858409526,58.256235407089534,7.720014759899164
PedNYC11,PedNYC11_scenario12,12,20.0,-4.551967541048592,48.414529495264546,22.835861113649706,58.24656696285259,30.381292288594086,58.25779612343453,7.545439530595279
PedNYC11,PedNYC11_scenario12,12,21.0,-4.503869803695612,48.571117989959625,22.09493786142616,58.252693484632786,29.45298717689417,58.26064287979181,7.358053609599662
PedNYC11,PedNYC11_scenario12,12,22.0,-4.467277060286074,48.7284606289987,21.391450330778294,58.25840617029159,28.540255768680023,58.2644675222773,7.148808007560506
PedNYC11,PedNYC11_scenario12,12,23.0,-4.458633318866946,48.8817848439737,20.733302793856065,58.26354655416411,27.64435050663565,58.26898153921581,6.911049849869297
PedNYC11,PedNYC11_scenario12,12,24.0,-4.472056044307249,49.04162402023029,20.12110959977579,58.268139818825986,26.769569517470867,58.273776281609734,6.648462306948183
PedNYC11,PedNYC11_scenario12,12,25.0,-4.473852668094953,49.1866699330243,19.556568518357917,58.27222274390152,25.910904890378447,58.278248445782665,6.3543392290517655
PedNYC11,PedNYC11_scenario12,12,26.0,-4.455278435399055,49.344958921664784,19.039958650107415,58.27583589346048,25.06654373192686,58.282509185581844,6.026588776516647
PedNYC11,PedNYC11_scenario12,12,27.0,-4.413390802761533,49.50129005802891,18.567507370437294,58.279008528143315,24.24631941777884,58.28643462840655,5.678816902841347
PedNYC11,PedNYC11_scenario12,12,28.0,-4.356535234220289,49.6544319624737,18.116290606713807,58.28169512270568,23.459697760336443,58.29018492964262,5.343413898081205
PedNYC11,PedNYC11_scenario12,12,29.0,-4.317057006072825,49.78363069443488,17.680708111096354,58.28389077963897,22.69636539711844,58.294249814217046,5.015667983471777
PedNYC11,PedNYC11_scenario12,12,30.0,-4.29496131355683,49.903610419999374,17.260237698049977,58.285743009778194,21.94820042075727,58.29913889521508,4.6879818620852
PedNYC11,PedNYC11_scenario12,12,31.0,-4.284891911521101,50.059531003598735,16.853519696972494,58.28730672017638,21.21257410263812,58.30566005200966,4.359093042863649
PedNYC11,PedNYC11_scenario12,12,32.0,-4.296558114505715,50.26438928571596,16.461422925257935,58.28859368261317,20.4896373961614,58.31532623139423,4.028303172895556
PedNYC11,PedNYC11_scenario12,12,33.0,-4.2892678420554695,50.432803436685894,16.08228609724216,58.289647036179645,19.778258904111915,58.32969461514236,3.6961897675446083
PedNYC11,PedNYC11_scenario12,12,34.0,-4.258950001738489,50.60352302167263,15.716587679548823,58.290470308788755,19.075671899909,58.34948501642774,3.3596025859006677
PedNYC11,PedNYC11_scenario12,12,35.0,-4.2123109467279045,50.75630236938443,15.362827983232787,58.291086646636494,18.38269116014392,58.37548218212464,3.0210422396375285
PedNYC11,PedNYC11_scenario12,12,36.0,-4.149743976252303,50.933043437843615,15.021049404571805,58.2914293329072,17.701631218148336,58.40755736482897,2.683096080850491
PedNYC11,PedNYC11_scenario12,12,37.0,-4.104137979714519,51.119649706359844,14.691150160385728,58.29149885461737,17.03871633797956,58.445889008465656,2.352637515170541
PedNYC11,PedNYC11_scenario12,12,38.0,-4.089017375853125,51.276694422233206,14.368685192508506,58.29138754922001,16.398809604993367,58.491339672253964,2.039947543853221
PedNYC11,PedNYC11_scenario12,12,39.0,-4.0997884502087345,51.43631385505238,14.046331117258308,58.2912950680093,15.781241712659979,58.544444111484935,1.7532824108652914
PedNYC11,PedNYC11_scenario12,12,40.0,-4.117600994728751,51.63008877428447,13.719711677776923,58.29204545605181,15.18908388533875,58.605672591525064,1.5024701875445903
PedNYC11,PedNYC11_scenario12,12,41.0,-4.120778380057106,51.809372996370165,13.386474057141626,58.29471059122931,14.626993050516601,58.67538543121522,1.297613465837326
PedNYC11,PedNYC11_scenario12,12,42.0,-4.1064658713628415,52.00017563384892,13.04348338785592,58.30006883658156,14.091708017778329,58.75338790901953,1.142047746905528
PedNYC11,PedNYC11_scenario12,12,43.0,-4.0643570450911275,52.18257276397809,12.685773238932923,58.30935675571356,13.578120184118934,58.84184317593058,1.03914621603427
PedNYC11,PedNYC11_scenario12,12,44.0,-4.021144254481541,52.34037058797287,12.309829676068954,58.324730181445794,13.08102647081492,58.94398534653678,0.9890507852068637
PedNYC11,PedNYC11_scenario12,12,45.0,-3.9984255217210203,52.50308750450191,11.915385703834765,58.35032274203883,12.590194528284563,59.05914462151463,0.9786702235068423
PedNYC11,PedNYC11_scenario12,12,46.0,-4.00633645655342,52.69359917611792,11.508011352510044,58.39027469879722,12.102360029568924,59.18350669773941,0.9911949122485765
PedNYC11,PedNYC11_scenario12,12,47.0,-4.027255301074156,52.856730438075175,11.094410590310552,58.44650007268138,11.617138373825192,59.318847407479296,1.016973061682144
PedNYC11,PedNYC11_scenario12,12,48.0,-4.034872192765216,53.04401286903466,10.683046272322391,58.52238395366393,11.137621404805783,59.468064892645664,1.0492621166446738
PedNYC11,PedNYC11_scenario12,12,49.0,-4.019690552194537,53.212178257111034,10.284119575444189,58.61759578012949,10.665328092731077,59.633570014663505,1.0851375852347214
PedNYC11,PedNYC11_scenario12,12,50.0,-3.982580931649162,53.39666736790962,9.90238099729573,58.73123552363913,10.198990412960075,59.817600149339,1.126128432032851
PedNYC11,PedNYC11_scenario12,12,51.0,-3.949611978660857,53.56679498888988,9.540594595793014,58.86228094449964,9.736661193854992,60.02040141884621,1.174599993179096
PedNYC11,PedNYC11_scenario12,12,52.0,-3.9488540045437155,53.77458332007958,9.201027674395073,59.00925058040913,9.276195098326903,60.24455522155443,1.2375894707275352
PedNYC11,PedNYC11_scenario12,12,53.0,-3.9872216393321795,53.9708345467337,8.884044346468057,59.170285879621176,8.821102246325811,60.490181581407334,1.3213956150842536
PedNYC11,PedNYC11_scenario12,12,54.0,-4.044694008307325,54.16084253035078,8.59048899115411,59.34392484403074,8.381659586023506,60.75932475157929,1.4307224114885662
PedNYC11,PedNYC11_scenario12,12,55.0,-4.072029538060852,54.33075917574104,8.322949861149743,59.53005341524882,7.965156108921817,61.05219150542086,1.5636242306532313
PedNYC11,PedNYC11_scenario12,12,56.0,-4.062684900184725,54.497599337992824,8.07709053827438,59.72924955545971,7.571109398186001,61.36710007286979,1.714226131963225
PedNYC11,PedNYC11_scenario12,12,57.0,-4.025767097471725,54.66772806246263,7.840721285744233,59.94542316044467,7.200245381244778,61.70315768268934,1.8707859404365554
PedNYC11,PedNYC11_scenario12,12,58.0,-3.9756899182322667,54.84338529171536,7.608723796422468,60.18483200402838,6.852723317309879,62.06001112542593,2.0218391285519615
PedNYC11,PedNYC11_scenario12,12,59.0,-3.947957188480999,54.998908846045495,7.3799495061125535,60.453946384595504,6.523191860441074,62.4369783694124,2.1601966383233213
PedNYC11,PedNYC11_scenario12,12,60.0,-3.9452682331519693,55.15005513882266,7.154455097839927,60.75982266368013,6.206691900134203,62.83217772179295,2.27879585874013
PedNYC11,PedNYC11_scenario12,12,61.0,-3.9623427091216255,55.300243823334085,6.934610259452651,61.10722983188669,5.902164369555165,63.2439183929818,2.373053417578476
PedNYC11,PedNYC11_scenario12,12,62.0,-3.9829908918863364,55.4556181439199,6.723245103960322,61.49985570848218,5.610336659923215,63.67267545220533,2.441251900874271
PedNYC11,PedNYC11_scenario12,12,63.0,-3.9771134719983885,55.6058995753656,6.525077993194649,61.93958114459825,5.323008303322117,64.1188609952821,2.4888214493825966
PedNYC11,PedNYC11_scenario12,12,64.0,-3.9495139131953354,55.76288217348926,6.344703099129945,62.426111004028556,5.036584843289467,64.58369321574347,2.5231596008916553
PedNYC11,PedNYC11_scenario12,12,65.0,-3.9081298618864286,55.90817875583555,6.184274368275657,62.95883281307361,4.750447566142563,65.06863845799356,2.5509094766085445
PedNYC11,PedNYC11_scenario12,12,66.0,-3.859061655643326,56.05970325878633,6.043474174777909,63.5335382737684,4.468189414784446,65.56657805099579,2.571920063076698
PedNYC11,PedNYC11_scenario12,12,67.0,-3.8297448667270118,56.198632399956445,5.925104712477364,64.14225903959914,4.197012734630596,66.06812201576122,2.587518132661145
PedNYC11,PedNYC11_scenario12,12,68.0,-3.823183354843041,56.37250577111787,5.8296060220594255,64.7771896166936,3.944866358070973,66.58073324633746,2.6086420270018333
PedNYC11,PedNYC11_scenario12,12,69.0,-3.839552031997594,56.52606371733618,5.749360394523732,65.43193711628732,3.715882901097408,67.12537958409787,2.6462762720577215
PedNYC11,PedNYC11_scenario12,12,70.0,-3.864702366184007,56.696113076381344,5.679582700316031,66.09808025418701,3.5107432505636527,67.69482272677698,2.6932231772682558
PedNYC11,PedNYC11_scenario12,12,71.0,-3.868379732338561,56.824728809084,5.619695323147975,66.76887519668209,3.328472411742039,68.28497860698805,2.747411869467855
PedNYC11,PedNYC11_scenario12,12,72.0,-3.847162515519543,56.996477617764334,5.570561187750123,67.4388168843611,3.1623891388086274,68.9065016802853,2.820175752943447
PedNYC11,PedNYC11_scenario12,12,73.0,-3.80914406731655,57.1573801169963,5.534039934918959,68.10401951855201,3.0108253256011794,69.56086106194198,2.913588723073582
PedNYC11,PedNYC11_scenario12,12,74.0,-3.7804517973912675,57.27920400155985,5.509986776821344,68.76493995509898,2.8731001237263833,70.24976074418016,3.0261962918750016
PedNYC11,PedNYC11_scenario12,12,75.0,-3.7644096125141338,57.413673162492174,5.498537271672209,69.41897323799125,2.7511154316043696,70.9700878986686,3.15504095977373
PedNYC11,PedNYC11_scenario12,12,76.0,-3.7673443763435244,57.601252431479686,5.499067112281651,70.06646344639033,2.6485434314250207,71.73561803677298,3.303265399830884
PedNYC11,PedNYC11_scenario12,12,77.0,-3.7830829211080754,57.75934186617906,5.511240986211039,70.71098189371243,2.5707857203909934,72.55377376160092,3.470181412929992
PedNYC11,PedNYC11_scenario12,12,78.0,-3.7963420554034077,57.9086113599031,5.535040539003384,71.35639199379696,2.5064543638527406,73.390750484684,3.6484172855853276
PedNYC11,PedNYC11_scenario12,12,79.0,-3.7857688915225483,58.0955089733624,5.567823763889761,72.01064022318423,2.4528930771397404,74.22718292311575,3.823068757408985
PedNYC11,PedNYC11_scenario12,12,80.0,-3.7542520303080233,58.24967346839193,5.605371001021322,72.67939371582032,2.408499749361579,75.04937993483972,3.979550285902966
PedNYC11,PedNYC11_scenario12,12,81.0,-3.7108829594622486,58.389594947237704,5.643083010357661,73.36841593468175,2.368308445556665,75.8430779257391,4.1046437628923975
PedNYC11,PedNYC11_scenario12,12,82.0,-3.6535282418182398,58.561113224464805,5.677863895696391,74.08287452175438,2.328955323315088,76.6028567152043,4.191121434827873
PedNYC11,PedNYC11_scenario12,12,83.0,-3.6216530643257796,58.73580065314786,5.706660401123506,74.82291182452646,2.2918853785983626,77.3374849981854,4.240727142854963
PedNYC11,PedNYC11_scenario12,12,84.0,-3.6132042554060453,58.91593822782989,5.727971358375878,75.59054319499245,2.262278322869643,78.05150763926059,4.25057339806154
PedNYC11,PedNYC11_scenario12,12,85.0,-3.6190917532854208,59.09385354342957,5.741967495398724,76.38322097695043,2.2405849283075856,78.73938537830341,4.220330622988298
PedNYC11,PedNYC11_scenario12,12,86.0,-3.6187013491857494,59.23596449735303,5.748630849616874,77.19889280366591,2.240607211049289,79.36257556513357,4.12162018398363
PedNYC11,PedNYC11_scenario12,12,87.0,-3.601398764045158,59.419782663307174,5.749569952351548,78.03584082458434,2.2458056181248423,79.92032240692816,3.9783960768118845
PedNYC11,PedNYC11_scenario12,12,88.0,-3.568082220049873,59.59752126700392,5.745695361760726,78.8760743798401,2.2558098990027897,80.42013712917431,3.8162062728645405
PedNYC11,PedNYC11_scenario12,12,89.0,-3.5341052882195263,59.74462793732252,5.736811918285577,79.70391355513452,2.261968674024913,80.84642963737438,3.6578516331804254
PedNYC11,PedNYC11_scenario12,12,90.0,-3.5143974932916904,59.8881925265453,5.723553242367678,80.51003939534691,2.2657773512810104,81.21323884730525,3.528555452620053
PedNYC11,PedNYC11_scenario12,12,91.0,-3.5130680731876818,60.025179128603675,5.708450222534406,81.29309065301551,2.269287207500214,81.53530645185099,3.4476819367778955
PedNYC11,PedNYC11_scenario12,12,92.0,-3.524866699374043,60.15539514057519,5.692935804717668,82.035943566294,2.272877634208354,81.82192764078226,3.4267478322806535
PedNYC11,PedNYC11_scenario12,12,93.0,-3.538460937301307,60.26891145391088,5.677654435957442,82.70823473497941,2.276270857982402,82.08157546392341,3.458628642470701
PedNYC11,PedNYC11_scenario12,12,94.0,-3.535596421715972,60.37097845877972,5.66426945188798,83.27926773879686,2.279591689071795,82.32097120609274,3.5177230992070885
PedNYC11,PedNYC11_scenario12,12,95.0,-3.5136300939377536,60.46947390465283,5.653310079560308,83.75134700805603,2.2826748088406736,82.53645376779066,3.582896553552964
PedNYC11,PedNYC11_scenario12,12,96.0,-3.474675768426424,60.55718055665811,5.644838598237236,84.11534721426655,2.285409157183181,82.72531480281403,3.6356507360181443
PedNYC11,PedNYC11_scenario12,12,97.0,-3.438167082275972,60.626976006296935,5.638753043593441,84.37584738508788,2.28793688764587,82.88645323736631,3.666914757425719
PedNYC11,PedNYC11_scenario12,12,98.0,-3.420191459744295,60.682703929943536,5.635010590192495,84.53718067485636,2.2904799665480953,83.02040692480422,3.6723953628854322
PedNYC11,PedNYC11_scenario12,12,99.0,-3.4181447059853447,60.72153823683406,5.633436106615292,84.60561050124312,2.29315418468445,83.12843682711289,3.6523314994016354
PedNYC11,PedNYC11_scenario12,12,100.0,-3.4257285594940186,60.74896240234375,5.633349418640137,84.6098861694336,2.165416012207667,83.5742031733195,3.6192818873210433
PedNYC12,PedNYC12_scenario12,12,0.0,-4.887775897979736,45.4268798828125,43.223445892333984,58.496315002441406,49.71087803038519,58.21886866836355,6.493362165635986
PedNYC12,PedNYC12_scenario12,12,1.0,-4.859979987417376,45.48689604309192,42.26501366979977,58.49916147095252,48.81154167601853,58.22203667144088,6.552390944587396
PedNYC12,PedNYC12_scenario12,12,2.0,-4.841847253490946,45.59121317924108,41.30367768429972,58.502854451225765,47.899549641264926,58.226024529765546,6.601678701519461
PedNYC12,PedNYC12_scenario12,12,3.0,-4.836227391527862,45.724656233538305,40.33908164731108,58.50733355432037,46.97607816037263,58.23084442743293,6.642753115363999
PedNYC12,PedNYC12_scenario12,12,4.0,-4.8267295253975355,45.856090953664406,39.37228124573677,58.512302633401696,46.03776523118833,58.235631171228775,6.67122356530585
PedNYC12,PedNYC12_scenario12,12,5.0,-4.802005920082607,45.97781525645152,38.40279276259594,58.517325590349515,45.082804449089096,58.24113517646439,6.685718904980012
PedNYC12,PedNYC12_scenario12,12,6.0,-4.758743779602771,46.10155289097699,37.430749159372645,58.52210454405273,44.109915970367936,58.24688368349451,6.684834763192536
PedNYC12,PedNYC12_scenario12,12,7.0,-4.688593108247848,46.24051721025376,36.457480209864116,58.52591914083657,43.12826137257003,58.25136525943814,6.676428772517761
PedNYC12,PedNYC12_scenario12,12,8.0,-4.61510211238374,46.39126989118742,35.48271871652332,58.52877862028826,42.13297447199011,58.25438884094464,6.6559140141777196
PedNYC12,PedNYC12_scenario12,12,9.0,-4.562656067126091,46.55934483440497,34.50814909174673,58.53060671621762,41.130803373103205,58.257312109930595,6.6282908560348215
PedNYC12,PedNYC12_scenario12,12,10.0,-4.534579250844167,46.735822144784116,33.53534519451642,58.53136618836575,40.12522966015949,58.25923090649846,6.595501109253253
PedNYC12,PedNYC12_scenario12,12,11.0,-4.516006751906016,46.91243160645911,32.56041598779361,58.5307257755555,39.121588677301794,58.25954062733463,6.56677458469252
PedNYC12,PedNYC12_scenario12,12,12.0,-4.495686206027818,47.09260044415322,31.58617681090448,58.52817276726145,38.125927755410686,58.259449216380716,6.545269647842461
PedNYC12,PedNYC12_scenario12,12,13.0,-4.454798902699095,47.27698068373931,30.6117927035505,58.52373384168762,37.13569360768573,58.25963450963021,6.529244325660487
PedNYC12,PedNYC12_scenario12,12,14.0,-4.396225149217941,47.45323434151485,29.640436612531303,58.51748740619856,36.151444685682485,58.2599069510196,6.516101121033195
PedNYC12,PedNYC12_scenario12,12,15.0,-4.313071362842492,47.65118026463346,28.689747640748642,58.510122860469096,35.17426298330261,58.259832307840426,6.489343925895205
PedNYC12,PedNYC12_scenario12,12,16.0,-4.2357571658895345,47.8375093722429,27.766038996015812,58.5022675460614,34.20370264223071,58.259080896920025,6.442255270331772
PedNYC12,PedNYC12_scenario12,12,17.0,-4.177948336228885,48.01448675554224,26.872952994321174,58.494017689396806,33.23800375852567,58.257361878879074,6.369448736237073
PedNYC12,PedNYC12_scenario12,12,18.0,-4.150138019120755,48.199330819469516,26.01087402205556,58.485538606125566,32.27666453121885,58.25619740815301,6.269986291038301
PedNYC12,PedNYC12_scenario12,12,19.0,-4.148281919848837,48.40341230484763,25.178641909430798,58.47689494282353,31.323291858409526,58.256235407089534,6.148610706996713
PedNYC12,PedNYC12_scenario12,12,20.0,-4.137568607778629,48.60438442169623,24.37479618173124,58.46813920005761,30.381292288594086,58.25779612343453,6.010178008315708
PedNYC12,PedNYC12_scenario12,12,21.0,-4.103017064174182,48.807111714806425,23.599700163875013,58.45922158356639,29.45298717689417,58.26064287979181,5.856654536368992
PedNYC12,PedNYC12_scenario12,12,22.0,-4.058286655950476,48.99980182985701,22.850833272101305,58.45001059802372,28.540255768680023,58.2644675222773,5.692447151931536
PedNYC12,PedNYC12_scenario12,12,23.0,-4.018343943303933,49.1995143606923,22.128238189047067,58.44062841811573,27.64435050663565,58.26898153921581,5.51878227069057
PedNYC12,PedNYC12_scenario12,12,24.0,-4.005316160369273,49.41394004929995,21.44360782719212,58.43143367941959,26.769569517470867,58.273776281609734,5.328294641008604
PedNYC12,PedNYC12_scenario12,12,25.0,-4.014692941320286,49.62029940012551,20.81543469527131,58.42330872571027,25.910904890378447,58.278248445782665,5.097534599592025
PedNYC12,PedNYC12_scenario12,12,26.0,-4.033717788128201,49.828871069952875,20.234007211214326,58.41597428427644,25.06654373192686,58.282509185581844,4.834379190401799
PedNYC12,PedNYC12_scenario12,12,27.0,-4.024737495180339,50.04300795810555,19.675665673717848,58.40870254187381,24.24631941777884,58.28643462840655,4.572288824075136
PedNYC12,PedNYC12_scenario12,12,28.0,-3.980393335413489,50.22331704910942,19.137458824631597,58.40101520353519,23.459697760336443,58.29018492964262,4.323659649756681
PedNYC12,PedNYC12_scenario12,12,29.0,-3.918397147516519,50.39323914630379,18.617183096035088,58.392794216472204,22.69636539711844,58.294249814217046,4.080372439457887
PedNYC12,PedNYC12_scenario12,12,30.0,-3.833843161464788,50.59873449427219,18.114980287052113,58.3867338233904,21.94820042075727,58.29913889521508,3.8342208419553288
PedNYC12,PedNYC12_scenario12,12,31.0,-3.767793552621522,50.81183449815564,17.630733624355123,58.38336872258412,21.21257410263812,58.30566005200966,3.5826833308777104
PedNYC12,PedNYC12_scenario12,12,32.0,-3.7313465204205323,51.015526652236325,17.162287734013677,58.381747226230466,20.4896373961614,58.31532623139423,3.3280125484663654
PedNYC12,PedNYC12_scenario12,12,33.0,-3.713195941393268,51.1903005690775,16.706584965391077,58.38102332242088,19.778258904111915,58.32969461514236,3.0721027687900797
PedNYC12,PedNYC12_scenario12,12,34.0,-3.705155810080324,51.42871013099014,16.25676783993559,58.3812662198396,19.075671899909,58.34948501642774,2.8190832098795657
PedNYC12,PedNYC12_scenario12,12,35.0,-3.6912260754894386,51.663528753592445,15.811680763398616,58.38325729052759,18.38269116014392,58.37548218212464,2.5710221532462776
PedNYC12,PedNYC12_scenario12,12,36.0,-3.6542859148758056,51.86642446634569,15.369044921590145,58.38691553824044,17.701631218148336,58.40755736482897,2.332677627940896
PedNYC12,PedNYC12_scenario12,12,37.0,-3.5901744103854263,52.03880444578694,14.927844330216388,58.3931628794129,17.03871633797956,58.445889008465656,2.111530411299591
PedNYC12,PedNYC12_scenario12,12,38.0,-3.5109033816813926,52.23083061871859,14.48715449462095,58.40199259191714,16.398809604993367,58.491339672253964,1.9137419266394544
PedNYC12,PedNYC12_scenario12,12,39.0,-3.4728723858957715,52.42344807527524,14.046726969314614,58.41332627073814,15.781241712659979,58.544444111484935,1.7394635043726954
PedNYC12,PedNYC12_scenario12,12,40.0,-3.475301483902202,52.605977021252485,13.606170306459953,58.42887934130335,15.18908388533875,58.605672591525064,1.5927558668932407
PedNYC12,PedNYC12_scenario12,12,41.0,-3.4773499772535152,52.65525943352595,13.166962949751868,58.450358633585225,14.626993050516601,58.67538543121522,1.4772694252541367
PedNYC12,PedNYC12_scenario12,12,42.0,-3.4857496494089872,52.93705975374485,12.731157301542263,58.47867802475385,14.091708017778329,58.75338790901953,1.3880071224470487
PedNYC12,PedNYC12_scenario12,12,43.0,-3.4652786929411534,53.149437428820676,12.298319332064422,58.51413112203529,13.578120184118934,58.84184317593058,1.3210925066730659
PedNYC12,PedNYC12_scenario12,12,44.0,-3.4581359013475366,53.204540621342666,11.869513639503758,58.55774086503799,13.08102647081492,58.94398534653678,1.271592757104198
PedNYC12,PedNYC12_scenario12,12,45.0,-3.3866438452934915,53.476492460637836,11.444517165865603,58.61172698393272,12.590194528284563,59.05914462151463,1.229942747114127
PedNYC12,PedNYC12_scenario12,12,46.0,-3.307662950791741,53.71767310207014,11.026306555492448,58.67958652087668,12.102360029568924,59.18350669773941,1.1882031070997146
PedNYC12,PedNYC12_scenario12,12,47.0,-3.251344095216608,53.8864552764346,10.617054558609313,58.76515098912563,11.617138373825192,59.318847407479296,1.1431305092396173
PedNYC12,PedNYC12_scenario12,12,48.0,-3.2122288510615595,54.05796179532826,10.219400496938327,58.86905231368624,11.137621404805783,59.468064892645664,1.09633284425696
PedNYC12,PedNYC12_scenario12,12,49.0,-3.210422567707274,54.235205582843285,9.835304280859363,58.98943369444017,10.665328092731077,59.633570014663505,1.0506431969536112
PedNYC12,PedNYC12_scenario12,12,50.0,-3.1970989300173107,54.392115729676796,9.46628494013501,59.127520144547,10.198990412960075,59.817600149339,1.0065126541288647
PedNYC12,PedNYC12_scenario12,12,51.0,-3.16342727988806,54.560194021013906,9.111564652483077,59.2841358555977,9.736661193854992,60.02040141884621,0.9658326281819148
PedNYC12,PedNYC12_scenario12,12,52.0,-3.1116120266530043,54.729219732950234,8.77368504864204,59.460996980803564,9.276195098326903,60.24455522155443,0.9308490031594129
PedNYC12,PedNYC12_scenario12,12,53.0,-3.0729786529563805,54.88045309893794,8.452287214629038,59.6522875187361,8.821102246325811,60.490181581407334,0.9154730951072206
PedNYC12,PedNYC12_scenario12,12,54.0,-3.0651230285037814,55.00154641885054,8.14550935881826,59.86712662065034,8.381659586023506,60.75932475157929,0.9229216839159257
PedNYC12,PedNYC12_scenario12,12,55.0,-3.086442959192656,55.088885133968795,7.8584880722187105,60.10744221532062,7.965156108921817,61.05219150542086,0.9507519609230389
PedNYC12,PedNYC12_scenario12,12,56.0,-3.127124917492605,55.1746715512187,7.591207209721724,60.37010440885337,7.571109398186001,61.36710007286979,0.9971982130429545
PedNYC12,PedNYC12_scenario12,12,57.0,-3.1662735654223453,55.27751522770333,7.339650150208304,60.654791751715294,7.200245381244778,61.70315768268934,1.0575938799165048
PedNYC12,PedNYC12_scenario12,12,58.0,-3.231004545475717,55.396113489759806,7.10427228427587,60.962428975733474,6.852723317309879,62.06001112542593,1.1260388350786006
PedNYC12,PedNYC12_scenario12,12,59.0,-3.2647815667143654,55.506939889803384,6.885689571856355,61.29037861030518,6.523191860441074,62.4369783694124,1.2025371505138822
PedNYC12,PedNYC12_scenario12,12,60.0,-3.2437668876041066,55.64334900172374,6.682849658029505,61.641203719953616,6.206691900134203,62.83217772179295,1.2826321699774588
PedNYC12,PedNYC12_scenario12,12,61.0,-3.2123127788725574,55.80806668997914,6.499632286740358,62.0155501818469,5.902164369555165,63.2439183929818,1.365963533258617
PedNYC12,PedNYC12_scenario12,12,62.0,-3.204156248458289,55.983831650485044,6.332824252473761,62.410023320627595,5.610336659923215,63.67267545220533,1.454743526112864
PedNYC12,PedNYC12_scenario12,12,63.0,-3.2271934626342063,56.154296668304724,6.1808677065725295,62.82549995543478,5.323008303322117,64.1188609952821,1.5520004945682557
PedNYC12,PedNYC12_scenario12,12,64.0,-3.271031295096623,56.319572131516125,6.045574440585017,63.26120171740298,5.036584843289467,64.58369321574347,1.6634433475876151
PedNYC12,PedNYC12_scenario12,12,65.0,-3.3201411528914155,56.47800799195136,5.927394912660663,63.71682795431563,4.750447566142563,65.06863845799356,1.7923718069446306
PedNYC12,PedNYC12_scenario12,12,66.0,-3.363075449254313,56.62783929112689,5.826509265678365,64.19342179864209,4.468189414784446,65.56657805099579,1.9314737665084982
PedNYC12,PedNYC12_scenario12,12,67.0,-3.3926616017661617,56.825857382440475,5.743094747714027,64.68908641802929,4.197012734630596,66.06812201576122,2.071740517292638
PedNYC12,PedNYC12_scenario12,12,68.0,-3.38467294228282,57.026700695793316,5.677370552884297,65.20417248891432,3.944866358070973,66.58073324633746,2.2128014605750606
PedNYC12,PedNYC12_scenario12,12,69.0,-3.36821118943386,57.20681491776777,5.629638402154206,65.73852533800284,3.715882901097408,67.12537958409787,2.363434961605028
PedNYC12,PedNYC12_scenario12,12,70.0,-3.3734812892989767,57.38798491625122,5.596256063870198,66.29025670306055,3.5107432505636527,67.69482272677698,2.514392453346207
PedNYC12,PedNYC12_scenario12,12,71.0,-3.3900965981812194,57.56481691730002,5.566418874416261,66.86071336656289,3.328472411742039,68.28497860698805,2.652722345983347
PedNYC12,PedNYC12_scenario12,12,72.0,-3.4161177933011766,57.770248823456775,5.527782321381654,67.44783345808722,3.1623891388086274,68.9065016802853,2.778992243712363
PedNYC12,PedNYC12_scenario12,12,73.0,-3.4231082807929356,57.97151948852087,5.473650755607448,68.05033200466183,3.0108253256011794,69.56086106194198,2.889153358957123
PedNYC12,PedNYC12_scenario12,12,74.0,-3.402412196675893,58.15506000999983,5.40864462139459,68.66706489622463,2.8731001237263833,70.24976074418016,2.9889650460972614
PedNYC12,PedNYC12_scenario12,12,75.0,-3.3577688168136004,58.33408578365239,5.335488988370769,69.29900015958555,2.7511154316043696,70.9700878986686,3.0775836158627934
PedNYC12,PedNYC12_scenario12,12,76.0,-3.2961401728569064,58.527303044750454,5.254198109300868,69.94640480604369,2.6485434314250207,71.73561803677298,3.160810067902376
PedNYC12,PedNYC12_scenario12,12,77.0,-3.2482037938135337,58.71213113807537,5.173428787562752,70.6107161829769,2.5707857203909934,72.55377376160092,3.2479568483810657
PedNYC12,PedNYC12_scenario12,12,78.0,-3.218654624209032,58.88979371564677,5.102405702868996,71.29276112640159,2.5064543638527406,73.390750484684,3.337742156309646
PedNYC12,PedNYC12_scenario12,12,79.0,-3.198470288765932,59.07566744830365,5.04359143196147,71.99338921112196,2.4528930771397404,74.22718292311575,3.420753179260232
PedNYC12,PedNYC12_scenario12,12,80.0,-3.172949892309427,59.268025142270965,5.001691831114602,72.71147120664348,2.408499749361579,75.04937993483972,3.4914842680789406
PedNYC12,PedNYC12_scenario12,12,81.0,-3.1290303925449825,59.44107397946735,4.978260623606659,73.44778106727856,2.368308445556665,75.8430779257391,3.5424987525557214
PedNYC12,PedNYC12_scenario12,12,82.0,-3.0622154969150843,59.61373131586791,4.973982873975622,74.20151285540497,2.328955323315088,76.6028567152043,3.5724813612878634
PedNYC12,PedNYC12_scenario12,12,83.0,-2.9756130577753925,59.78412039658773,4.989623026673965,74.9715968050456,2.2918853785983626,77.3374849981854,3.588205033200133
PedNYC12,PedNYC12_scenario12,12,84.0,-2.8934229899482182,59.93780787592221,5.026282777841401,75.75645648315123,2.262278322869643,78.05150763926059,3.5926286248738077
PedNYC12,PedNYC12_scenario12,12,85.0,-2.827421980272714,60.097439984134226,5.078340946525607,76.55761034752888,2.2405849283075856,78.73938537830341,3.579525318229193
PedNYC12,PedNYC12_scenario12,12,86.0,-2.774229564147715,60.260277878669505,5.137718962215411,77.37368420103797,2.240607211049289,79.36257556513357,3.514106622872855
PedNYC12,PedNYC12_scenario12,12,87.0,-2.73775407456255,60.40824711237452,5.200483755550862,78.20520693362948,2.2458056181248423,79.92032240692816,3.4163934174113866
PedNYC12,PedNYC12_scenario12,12,88.0,-2.698887826362594,60.54900119485754,5.266692346355024,79.05270404183946,2.2558098990027897,80.42013712917431,3.306854451002022
PedNYC12,PedNYC12_scenario12,12,89.0,-2.60907784038677,60.76139637721066,5.332185470776003,79.91399582704356,2.261968674024913,80.84642963737438,3.2086857106454936
PedNYC12,PedNYC12_scenario12,12,90.0,-2.5275940973855633,60.88743122381268,5.392342498625114,80.78527367058616,2.2657773512810104,81.21323884730525,3.1557192227875808
PedNYC12,PedNYC12_scenario12,12,91.0,-2.430637627832473,61.002064550049376,5.445995456316028,81.64587322283738,2.269287207500214,81.53530645185099,3.178631829724983
PedNYC12,PedNYC12_scenario12,12,92.0,-2.3456536196043745,61.099087098521245,5.489742213061802,82.48307865432862,2.272877634208354,81.82192764078226,3.2841038932097364
PedNYC12,PedNYC12_scenario12,12,93.0,-2.2858620201474986,61.19377976317594,5.524213868703995,83.2920081543626,2.276270857982402,82.08157546392341,3.4661623013037204
PedNYC12,PedNYC12_scenario12,12,94.0,-2.254031427142429,61.29758078173072,5.552668016364253,84.04652969957503,2.279591689071795,82.32097120609274,3.700078480074602
PedNYC12,PedNYC12_scenario12,12,95.0,-2.2465503628072776,61.410799553656,5.574462105017945,84.69871954240857,2.2826748088406736,82.53645376779066,3.938433303149623
PedNYC12,PedNYC12_scenario12,12,96.0,-2.244356189852243,61.50924929512088,5.590139188366206,85.23388545952005,2.285409157183181,82.72531480281403,4.148995941030729
PedNYC12,PedNYC12_scenario12,12,97.0,-2.2206033462074606,61.57636260297543,5.601344432173184,85.63223148095396,2.28793688764587,82.88645323736631,4.303250831533041
PedNYC12,PedNYC12_scenario12,12,98.0,-2.1931985205602635,61.611648125086006,5.608417788022697,85.88119269797134,2.2904799665480953,83.02040692480422,4.380959555522859
PedNYC12,PedNYC12_scenario12,12,99.0,-2.1555036490782453,61.608982324014285,5.610949932187301,85.97194340505415,2.29315418468445,83.12843682711289,4.369587884565682
PedNYC12,PedNYC12_scenario12,12,100.0,-2.127255439758301,61.59038543701172,5.611023902893066,85.97447204589844,2.165416012207667,83.5742031733195,4.199226642731354
PedNYC13,PedNYC13_scenario12,12,0.0,-4.907881259918213,45.5869026184082,30.110836678808862,57.92475819849706,49.71087803038519,58.21886866836355,19.602247880077098
PedNYC13,PedNYC13_scenario12,12,1.0,-4.871104395985199,45.59604259170788,29.006893450371322,57.92714606387911,48.81154167601853,58.22203667144088,19.80684356004407
PedNYC13,PedNYC13_scenario12,12,2.0,-4.8297461153251104,45.59812458048614,27.89829403445349,57.92954400074728,47.899549641264926,58.226024529765546,20.00345286577027
PedNYC13,PedNYC13_scenario12,12,3.0,-4.779486490247409,45.59384965314976,26.840073841670225,57.93183296570475,46.97607816037263,58.23084442743293,20.138224295529305
PedNYC13,PedNYC13_scenario12,12,4.0,-4.728725133453533,45.58710453767768,25.80097309476804,57.93408057467419,46.03776523118833,58.235631171228775,20.239038730507055
PedNYC13,PedNYC13_scenario12,12,5.0,-4.684459806945392,45.587223785786975,24.833473971607678,57.93617330698491,45.082804449089096,58.24113517646439,20.25162676251205
PedNYC13,PedNYC13_scenario12,12,6.0,-4.647067215792237,45.601521258275554,23.906592506395107,57.93359716518726,44.109915970367936,58.24688368349451,20.205752335225437
PedNYC13,PedNYC13_scenario12,12,7.0,-4.614477499421483,45.63078053888327,23.117429410974864,57.924529821520636,43.12826137257003,58.25136525943814,20.013500873127555
PedNYC13,PedNYC13_scenario12,12,8.0,-4.591088755874365,45.66887876562251,22.345738500039133,57.91648534146979,42.13297447199011,58.25438884094464,19.79012092395163
PedNYC13,PedNYC13_scenario12,12,9.0,-4.574274897833078,45.715445394456665,21.5909329515297,57.90952029573788,41.130803373103205,58.257312109930595,19.542965364496315
PedNYC13,PedNYC13_scenario12,12,10.0,-4.56707676121622,45.76922306813225,20.852794120521384,57.90361250138444,40.12522966015949,58.25923090649846,19.275716227408044
PedNYC13,PedNYC13_scenario12,12,11.0,-4.567030082960215,45.83910697960618,20.130794949787703,57.89870406065,39.121588677301794,58.25954062733463,18.9942214746708
PedNYC13,PedNYC13_scenario12,12,12.0,-4.572246010960251,45.9116070182229,19.424683507661722,57.89471025328725,38.125927755410686,58.259449216380716,18.704800745401222
PedNYC13,PedNYC13_scenario12,12,13.0,-4.581612623095541,46.00836350685141,18.73380496223053,57.891588345387646,37.13569360768573,58.25963450963021,18.405568823015134
PedNYC13,PedNYC13_scenario12,12,14.0,-4.590453014693999,46.09339808053206,18.057804659382406,57.889273435531976,36.151444685682485,58.2599069510196,18.097435691393713
PedNYC13,PedNYC13_scenario12,12,15.0,-4.596510559678627,46.17384113811212,17.39706312294978,57.88774301275787,35.17426298330261,58.259832307840426,17.781093479267344
PedNYC13,PedNYC13_scenario12,12,16.0,-4.5994087792286855,46.25333724643907,16.750778991057643,57.88708147722226,34.20370264223071,58.259080896920025,17.456887681999092
PedNYC13,PedNYC13_scenario12,12,17.0,-4.596058375985915,46.334754585247396,16.118597030997574,57.88811813962415,33.23800375852567,58.257361878879074,17.12338832245281
PedNYC13,PedNYC13_scenario12,12,18.0,-4.588220983924416,46.40360085177545,15.500243313005253,57.892931300672934,32.27666453121885,58.25619740815301,16.780353725585496
PedNYC13,PedNYC13_scenario12,12,19.0,-4.568777015111075,46.51009393242057,14.895577763278602,57.90448347522767,31.323291858409526,58.256235407089534,16.431479538158815
PedNYC13,PedNYC13_scenario12,12,20.0,-4.540171485770173,46.62443686513081,14.304931669861789,57.925719307909205,30.381292288594086,58.25779612343453,16.079789978570492
PedNYC13,PedNYC13_scenario12,12,21.0,-4.520802417375133,46.70678307475339,13.728238263230317,57.95877350697297,29.45298717689417,58.26064287979181,15.727646153064944
PedNYC13,PedNYC13_scenario12,12,22.0,-4.5019821273700105,46.8104971877743,13.16612899698697,58.005691784981245,28.540255768680023,58.2644675222773,15.37630446090029
PedNYC13,PedNYC13_scenario12,12,23.0,-4.492117857216191,46.89707898613276,12.619278853363328,58.069296008991834,27.64435050663565,58.26898153921581,15.02639852050212
PedNYC13,PedNYC13_scenario12,12,24.0,-4.485646920458256,46.9853493917738,12.089151287894529,58.152607740525376,26.769569517470867,58.273776281609734,14.680918268644703
PedNYC13,PedNYC13_scenario12,12,25.0,-4.479461942677278,47.09512834979836,11.576674686381605,58.256756098678665,25.910904890378447,58.278248445782665,14.334246316502288
PedNYC13,PedNYC13_scenario12,12,26.0,-4.4755211406039095,47.18332886414612,11.083219197303501,58.38245944158909,25.06654373192686,58.282509185581844,13.98368174317034
PedNYC13,PedNYC13_scenario12,12,27.0,-4.469239299619376,47.307117579873676,10.609683825937715,58.52905163144245,24.24631941777884,58.28643462840655,13.63879368840332
PedNYC13,PedNYC13_scenario12,12,28.0,-4.454462727239674,47.4307752481017,10.156800534028475,58.695783941554396,23.459697760336443,58.29018492964262,13.309079050489407
PedNYC13,PedNYC13_scenario12,12,29.0,-4.438569425777561,47.53083617478836,9.72527662521732,58.88150342257352,22.69636539711844,58.294249814217046,12.984375638784757
PedNYC13,PedNYC13_scenario12,12,30.0,-4.427646546999379,47.59801048146173,9.315813023847843,59.085199972901705,21.94820042075727,58.29913889521508,12.656820428664144
PedNYC13,PedNYC13_scenario12,12,31.0,-4.406980632131944,47.72866608264735,8.929892374859794,59.30617607339081,21.21257410263812,58.30566005200966,12.323364099747273
PedNYC13,PedNYC13_scenario12,12,32.0,-4.387980122722474,47.841977034897944,8.567645691182559,59.542680251396206,20.4896373961614,58.31532623139423,11.985002465748568
PedNYC13,PedNYC13_scenario12,12,33.0,-4.37721878780283,47.954407156428225,8.229148735110492,59.79291223010199,19.778258904111915,58.32969461514236,11.641432535751784
PedNYC13,PedNYC13_scenario12,12,34.0,-4.371016982767484,48.047930157995715,7.913452396141127,60.05436089615558,19.075671899909,58.34948501642774,11.291667105240645
PedNYC13,PedNYC13_scenario12,12,35.0,-4.371671048999135,48.17227345530646,7.619387461108978,60.32494556270503,18.38269116014392,58.37548218212464,10.938423743386576
PedNYC13,PedNYC13_scenario12,12,36.0,-4.372716597043181,48.239065660543645,7.347582270717547,60.60346643857156,17.701631218148336,58.40755736482897,10.584344394715133
PedNYC13,PedNYC13_scenario12,12,37.0,-4.37664518296863,48.36939592438773,7.096070051204478,60.88790123421048,17.03871633797956,58.445889008465656,10.238146262610705
PedNYC13,PedNYC13_scenario12,12,38.0,-4.382653922903694,48.491574746565725,6.863904600035583,61.17776393417319,16.398809604993367,58.491339672253964,9.906123801396655
PedNYC13,PedNYC13_scenario12,12,39.0,-4.3867201771328865,48.5733126707805,6.650099876310665,61.472294011029035,15.781241712659979,58.544444111484935,9.589059196281413
PedNYC13,PedNYC13_scenario12,12,40.0,-4.383228307039031,48.704333642483185,6.454567246890949,61.770626759782424,15.18908388533875,58.605672591525064,9.290248424799582
PedNYC13,PedNYC13_scenario12,12,41.0,-4.376970234993349,48.80460333848561,6.276289196078249,62.07198848124565,14.626993050516601,58.67538543121522,9.015052254091906
PedNYC13,PedNYC13_scenario12,12,42.0,-4.369414137356445,48.89301333790732,6.1146127306438975,62.375578661821805,14.091708017778329,58.75338790901953,8.760954004542466
PedNYC13,PedNYC13_scenario12,12,43.0,-4.353489170888508,49.01557011128332,5.968572875800841,62.68136804111627,13.578120184118934,58.84184317593058,8.523330418792314
PedNYC13,PedNYC13_scenario12,12,44.0,-4.342209412101007,49.09944334162522,5.83762829500475,62.9896645376424,13.08102647081492,58.94398534653678,8.296646144718668
PedNYC13,PedNYC13_scenario12,12,45.0,-4.3304180598668545,49.21319585958518,5.7215906657660565,63.30052500475229,12.590194528284563,59.05914462151463,8.072609650882256
PedNYC13,PedNYC13_scenario12,12,46.0,-4.326974301270879,49.29670572995717,5.619370643888037,63.61386709834053,12.102360029568924,59.18350669773941,7.852212723434429
PedNYC13,PedNYC13_scenario12,12,47.0,-4.331395384359929,49.40399125772089,5.530638101384745,63.92936240820942,11.617138373825192,59.318847407479296,7.635596514901448
PedNYC13,PedNYC13_scenario12,12,48.0,-4.338640245798402,49.48553565156749,5.454667583093658,64.24669856389458,11.137621404805783,59.468064892645664,7.4250457172805575
PedNYC13,PedNYC13_scenario12,12,49.0,-4.352890237043886,49.584991582250645,5.390509885265416,64.5659024110549,10.665328092731077,59.633570014663505,7.221607161172878
PedNYC13,PedNYC13_scenario12,12,50.0,-4.371441814123953,49.68698625408534,5.337500875811257,64.88675893491505,10.198990412960075,59.817600149339,7.023564003637349
PedNYC13,PedNYC13_scenario12,12,51.0,-4.388609029832283,49.78431738286425,5.294258034870913,65.20924221920157,9.736661193854992,60.02040141884621,6.830740419484856
PedNYC13,PedNYC13_scenario12,12,52.0,-4.404953429962976,49.88801138193221,5.259005804409326,65.5333453149687,9.276195098326903,60.24455522155443,6.641468999804406
PedNYC13,PedNYC13_scenario12,12,53.0,-4.417903189637045,50.00873284371908,5.228762095161335,65.85954301492839,8.821102246325811,60.490181581407334,6.460259280048418
PedNYC13,PedNYC13_scenario12,12,54.0,-4.424802249061145,50.11910146867947,5.199964121591657,66.18838255208591,8.381659586023506,60.75932475157929,6.292682625846307
PedNYC13,PedNYC13_scenario12,12,55.0,-4.425545924203023,50.219812490748545,5.169859036074044,66.52055819778074,7.965156108921817,61.05219150542086,6.141393979186023
PedNYC13,PedNYC13_scenario12,12,56.0,-4.4221023605497525,50.329085749745374,5.136663849192502,66.85643267978142,7.571109398186001,61.36710007286979,6.004939433526162
PedNYC13,PedNYC13_scenario12,12,57.0,-4.421559263536639,50.43508559829585,5.099816535104529,67.19638908342122,7.200245381244778,61.70315768268934,5.88110470572365
PedNYC13,PedNYC13_scenario12,12,58.0,-4.425778817474201,50.53404246935237,5.059735302185166,67.54110354370071,6.852723317309879,62.06001112542593,5.766903859095466
PedNYC13,PedNYC13_scenario12,12,59.0,-4.432432072541835,50.63082939930544,5.0177296889883785,67.89138526482017,6.523191860441074,62.4369783694124,5.65835408315412
PedNYC13,PedNYC13_scenario12,12,60.0,-4.43917552539205,50.726022928996564,4.97460378907372,68.24823311120043,6.206691900134203,62.83217772179295,5.55443040234968
PedNYC13,PedNYC13_scenario12,12,61.0,-4.447737258988061,50.835450888322946,4.930500444812394,68.61215482281001,5.902164369555165,63.2439183929818,5.455464521851582
PedNYC13,PedNYC13_scenario12,12,62.0,-4.457486672324339,50.95013079568381,4.8854301213961175,68.98358150775175,5.610336659923215,63.67267545220533,5.360150428900196
PedNYC13,PedNYC13_scenario12,12,63.0,-4.463504505580234,51.06399948613265,4.8394479145805,69.36295382985435,5.323008303322117,64.1188609952821,5.266340314409228
PedNYC13,PedNYC13_scenario12,12,64.0,-4.464417099429696,51.16285592811366,4.793003764089644,69.75099223988737,5.036584843289467,64.58369321574347,5.173036917233692
PedNYC13,PedNYC13_scenario12,12,65.0,-4.461861143322344,51.27206141879849,4.746581993490455,70.14848752650354,4.750447566142563,65.06863845799356,5.079850539286929
PedNYC13,PedNYC13_scenario12,12,66.0,-4.458007925074297,51.381061822976875,4.701416064224898,70.55572673744472,4.468189414784446,65.56657805099579,4.994597009319599
PedNYC13,PedNYC13_scenario12,12,67.0,-4.453782110168829,51.488531915249965,4.6596456208225385,70.97305267263397,4.197012734630596,66.06812201576122,4.926700106168067
PedNYC13,PedNYC13_scenario12,12,68.0,-4.449063353268654,51.59742069841065,4.623394862023736,71.40037981416981,3.944866358070973,66.58073324633746,4.867175152950069
PedNYC13,PedNYC13_scenario12,12,69.0,-4.447127159103055,51.687982545058,4.594267013828272,71.8376758706812,3.715882901097408,67.12537958409787,4.7934637728937695
PedNYC13,PedNYC13_scenario12,12,70.0,-4.446372539264051,51.75830722358384,4.5726031836777015,72.28462203762523,3.5107432505636527,67.69482272677698,4.711030060551093
PedNYC13,PedNYC13_scenario12,12,71.0,-4.447531430310397,51.89784708153578,4.5581655763258615,72.74108437981505,3.328472411742039,68.28497860698805,4.622664160162006
PedNYC13,PedNYC13_scenario12,12,72.0,-4.448162478249667,51.953634093919035,4.551207808075004,73.20713457447259,3.1623891388086274,68.9065016802853,4.519320810328534
PedNYC13,PedNYC13_scenario12,12,73.0,-4.448873485351025,51.98454299539209,4.551506835476751,73.68260529059809,3.0108253256011794,69.56086106194198,4.400281241163165
PedNYC13,PedNYC13_scenario12,12,74.0,-4.45555593206847,52.11166635222672,4.55767057413816,74.1672792848554,2.8731001237263833,70.24976074418016,4.2643556510843155
PedNYC13,PedNYC13_scenario12,12,75.0,-4.46494026803229,52.301854714657026,4.567860327057476,74.66095513587356,2.7511154316043696,70.9700878986686,4.1137650610879515
PedNYC13,PedNYC13_scenario12,12,76.0,-4.4671606630362835,52.47019334908814,4.579626441890146,75.16345934505073,2.6485434314250207,71.73561803677298,3.93435860440331
PedNYC13,PedNYC13_scenario12,12,77.0,-4.468727854689082,52.61126714978698,4.590778682813278,75.67468879908192,2.5707857203909934,72.55377376160092,3.7175909187820246
PedNYC13,PedNYC13_scenario12,12,78.0,-4.468553033831454,52.731955063563504,4.599841336567643,76.19450439056142,2.5064543638527406,73.390750484684,3.4990434381778286
PedNYC13,PedNYC13_scenario12,12,79.0,-4.462487989788273,52.85484460869098,4.60592357164248,76.72282105471582,2.4528930771397404,74.22718292311575,3.296020326720547
PedNYC13,PedNYC13_scenario12,12,80.0,-4.455175101142894,52.978250913677385,4.608107731189389,77.25932542091772,2.408499749361579,75.04937993483972,3.1180337273924947
PedNYC13,PedNYC13_scenario12,12,81.0,-4.451745428424083,53.064807945303386,4.605772108654546,77.80400887086408,2.368308445556665,75.8430779257391,2.9751460157834533
PedNYC13,PedNYC13_scenario12,12,82.0,-4.451126085111751,53.182233658020934,4.598415875963094,78.3563523289912,2.328955323315088,76.6028567152043,2.867960611234981
PedNYC13,PedNYC13_scenario12,12,83.0,-4.450646016989613,53.2783550043065,4.58586192563946,78.91630075237116,2.2918853785983626,77.3374849981854,2.784777833874675
PedNYC13,PedNYC13_scenario12,12,84.0,-4.450279245295457,53.38614331757177,4.5679038280712945,79.48321324268434,2.262278322869643,78.05150763926059,2.713980454076878
PedNYC13,PedNYC13_scenario12,12,85.0,-4.4500076600438305,53.484601954064516,4.544853295606196,80.05578397576046,2.2405849283075856,78.73938537830341,2.653781825229779
PedNYC13,PedNYC13_scenario12,12,86.0,-4.442079706189427,53.623142559176436,4.518817274103841,80.62844242656637,2.240607211049289,79.36257556513357,2.60627320177236
PedNYC13,PedNYC13_scenario12,12,87.0,-4.43354744621729,53.71969116086881,4.493089184834864,81.19541810518764,2.2458056181248423,79.92032240692816,2.5838251622206836
PedNYC13,PedNYC13_scenario12,12,88.0,-4.418408948334522,53.82417002153386,4.471171433815691,81.75385491135813,2.2558098990027897,80.42013712917431,2.5858518620450623
PedNYC13,PedNYC13_scenario12,12,89.0,-4.403159224177908,53.894314326724434,4.455203836892537,82.30125421663901,2.261968674024913,80.84642963737438,2.631880513258811
PedNYC13,PedNYC13_scenario12,12,90.0,-4.3902901524016205,53.94038129218529,4.446721164138483,82.82034898975095,2.2657773512810104,81.21323884730525,2.709117739189854
PedNYC13,PedNYC13_scenario12,12,91.0,-4.368975654647985,53.989790768701575,4.446440960530416,83.27363912207247,2.269287207500214,81.53530645185099,2.786000527044609
PedNYC13,PedNYC13_scenario12,12,92.0,-4.356971186528717,54.01996260496262,4.453630997189174,83.65173327237075,2.272877634208354,81.82192764078226,2.8467303840625813
PedNYC13,PedNYC13_scenario12,12,93.0,-4.347893084944608,54.05473583448524,4.466281319096741,83.96130906896778,2.276270857982402,82.08157546392341,2.886094982103556
PedNYC13,PedNYC13_scenario12,12,94.0,-4.346762140830573,54.08551477179336,4.481340516298322,84.20658479544298,2.279591689071795,82.32097120609274,2.8988336458885824
PedNYC13,PedNYC13_scenario12,12,95.0,-4.347009075570779,54.10155569330335,4.495729052707219,84.39239749521145,2.2826748088406736,82.53645376779066,2.8882756457181014
PedNYC13,PedNYC13_scenario12,12,96.0,-4.347088608441829,54.10671322440062,4.507201239041122,84.5219951188572,2.285409157183181,82.72531480281403,2.857344958709687
PedNYC13,PedNYC13_scenario12,12,97.0,-4.372042811743987,54.1521495497763,4.514506197459957,84.59891960040399,2.28793688764587,82.88645323736631,2.8089414262211787
PedNYC13,PedNYC13_scenario12,12,98.0,-4.404957254868075,54.20974260465007,4.5170648797297,84.62663816043215,2.2904799665480953,83.02040692480422,2.745479768258139
PedNYC13,PedNYC13_scenario12,12,99.0,-4.42052768362894,54.23631587351803,4.516954647986779,84.62689207086558,2.29315418468445,83.12843682711289,2.681539971380919
PedNYC13,PedNYC13_scenario12,12,100.0,-4.431540012359619,54.25391387939453,4.516992568969727,84.6272201538086,2.165416012207667,83.5742031733195,2.576578557605272
PedNYC15,PedNYC15_scenario12,12,0.0,-4.992688655853272,45.44114303588867,79.73614501953125,58.01363754272461,49.71087803038519,58.21886866836355,30.025968387121758
PedNYC15,PedNYC15_scenario12,12,1.0,-4.9282742080145265,45.340451633729394,78.23977557631954,58.01923205271978,48.81154167601853,58.22203667144088,29.42893270582881
PedNYC15,PedNYC15_scenario12,12,2.0,-4.950714098824237,45.37407578817984,76.54909902306962,58.02837147047156,47.899549641264926,58.226024529765546,28.650231177292685
PedNYC15,PedNYC15_scenario12,12,3.0,-4.980342851902455,45.40642525095609,74.63436431755014,58.03916531058419,46.97607816037263,58.23084442743293,27.65895034226991
PedNYC15,PedNYC15_scenario12,12,4.0,-4.977655043560414,45.4396964545678,72.50647184213506,58.050726357135005,46.03776523118833,58.235631171228775,26.469352456126497
PedNYC15,PedNYC15_scenario12,12,5.0,-4.962138789821952,45.510965473277025,70.17854673791871,58.061120150643674,45.082804449089096,58.24113517646439,25.096387916129927
PedNYC15,PedNYC15_scenario12,12,6.0,-4.9922949437999335,45.575773937502284,67.64313739534859,58.05862355129371,44.109915970367936,58.24688368349451,23.533974430906156
PedNYC15,PedNYC15_scenario12,12,7.0,-5.046983183205675,45.62399704969411,64.90525283302297,58.03524840903352,43.12826137257003,58.25136525943814,21.778063815722213
PedNYC15,PedNYC15_scenario12,12,8.0,-5.079488705381359,45.63242795165347,61.936266818239694,57.996012763939106,42.13297447199011,58.25438884094464,19.8049778073139
PedNYC15,PedNYC15_scenario12,12,9.0,-5.0828357935545165,45.62408983640506,58.9237725600503,57.95532554493519,41.130803373103205,58.257312109930595,17.79553169683577
PedNYC15,PedNYC15_scenario12,12,10.0,-5.059103296802314,45.60752008081897,55.911278301860904,57.91463832593128,40.12522966015949,58.25923090649846,15.789809237756641
PedNYC15,PedNYC15_scenario12,12,11.0,-5.017369794623005,45.58644819408745,53.02840079758207,57.878004278485314,39.121588677301794,58.25954062733463,13.912044901245386
PedNYC15,PedNYC15_scenario12,12,12.0,-4.991188405758196,45.55504541678161,50.400778118121266,57.84815082708956,38.125927755410686,58.259449216380716,12.281739200616888
PedNYC15,PedNYC15_scenario12,12,13.0,-4.991464347704183,45.53517478638894,47.970633172812484,57.825624774951564,37.13569360768573,58.25963450963021,10.843628536137935
PedNYC15,PedNYC15_scenario12,12,14.0,-5.003514061987225,45.534275788147866,45.72262722510799,57.812338204977465,36.151444685682485,58.2599069510196,9.5816414556921
PedNYC15,PedNYC15_scenario12,12,15.0,-5.072160172421916,45.64425389819919,43.64327261000858,57.80825611576674,35.17426298330261,58.259832307840426,8.481040332086986
PedNYC15,PedNYC15_scenario12,12,16.0,-5.076570338040598,45.666239461844896,41.70946184601857,57.811819089732545,34.20370264223071,58.259080896920025,7.519073370397098
PedNYC15,PedNYC15_scenario12,12,17.0,-5.119477479594631,45.69303909721663,39.82101647573449,57.820900889875816,33.23800375852567,58.257361878879074,6.5974657732992235
PedNYC15,PedNYC15_scenario12,12,18.0,-5.108149020702911,45.71333017872636,37.901310147134424,57.83293716821381,32.27666453121885,58.25619740815301,5.6405485136954265
PedNYC15,PedNYC15_scenario12,12,19.0,-5.031272600515714,45.81717157186534,35.92149809974952,57.848219734314156,31.323291858409526,58.256235407089534,4.616273110110408
PedNYC15,PedNYC15_scenario12,12,20.0,-4.888596473869434,46.061042916766155,33.85933949607938,57.86720277079419,30.381292288594086,58.25779612343453,3.4999107909521165
PedNYC15,PedNYC15_scenario12,12,21.0,-4.788851588068423,46.352949804435966,31.713795373137575,57.89181764959021,29.45298717689417,58.26064287979181,2.2906954731335696
PedNYC15,PedNYC15_scenario12,12,22.0,-4.715577072745438,46.70560664750863,29.492794845324664,57.9234805364701,28.540255768680023,58.2644675222773,1.0117325817748992
PedNYC15,PedNYC15_scenario12,12,23.0,-4.588200338861655,47.068839261168584,27.22533065970386,57.959017168529925,27.64435050663565,58.26898153921581,0.5212058549339554
PedNYC15,PedNYC15_scenario12,12,24.0,-4.487801923455369,47.47156333639249,25.0644654556089,57.989207649302436,26.769569517470867,58.273776281609734,1.7286871227238965
PedNYC15,PedNYC15_scenario12,12,25.0,-4.411568880379014,47.88606627687489,23.070165290394016,58.00291935328661,25.910904890378447,58.278248445782665,2.854051082951111
PedNYC15,PedNYC15_scenario12,12,26.0,-4.361240996613161,48.32512330923042,21.428719961559253,58.00085852646858,25.06654373192686,58.282509185581844,3.648710577454798
PedNYC15,PedNYC15_scenario12,12,27.0,-4.329665852809567,48.79536677988054,20.232602805581777,57.991364506229516,24.24631941777884,58.28643462840655,4.024548101343582
PedNYC15,PedNYC15_scenario12,12,28.0,-4.372278600794563,49.272971647399395,19.397786890560607,57.982716968246606,23.459697760336443,58.29018492964262,4.073531202935373
PedNYC15,PedNYC15_scenario12,12,29.0,-4.385554536562537,49.73940139729755,18.675675517702924,57.975163762003135,22.69636539711844,58.294249814217046,4.0333315032553205
PedNYC15,PedNYC15_scenario12,12,30.0,-4.371527569194835,50.21300405688906,18.00770079569421,57.96894260509564,21.94820042075727,58.29913889521508,3.9543099126308716
PedNYC15,PedNYC15_scenario12,12,31.0,-4.3642778363354084,50.65502345790284,17.389557341567972,57.96453181954789,21.21257410263812,58.30566005200966,3.8382060427243565
PedNYC15,PedNYC15_scenario12,12,32.0,-4.313150371187112,51.092959737065904,16.817283413097456,57.96275388417395,20.4896373961614,58.31532623139423,3.6892398996202487
PedNYC15,PedNYC15_scenario12,12,33.0,-4.224353717897569,51.52792825700771,16.287516809858513,57.962778112020054,19.778258904111915,58.32969461514236,3.5099726621237566
PedNYC15,PedNYC15_scenario12,12,34.0,-4.166591478775913,51.996292203819316,15.7970441266528,57.96394796655634,19.075671899909,58.34948501642774,3.301217789299951
PedNYC15,PedNYC15_scenario12,12,35.0,-4.125044390346272,52.27697964492641,15.343123414001763,57.965968158870204,18.38269116014392,58.37548218212464,3.067030130049223
PedNYC15,PedNYC15_scenario12,12,36.0,-4.005607580503302,52.87187947872915,14.922924222666202,57.9686443989231,17.701631218148336,58.40755736482897,2.813157862328674
PedNYC15,PedNYC15_scenario12,12,37.0,-4.002298290786455,53.264503424417235,14.533886057064159,57.97265907291355,17.03871633797956,58.445889008465656,2.5491412883740647
PedNYC15,PedNYC15_scenario12,12,38.0,-4.0247991521202815,53.71529332861783,14.16912620760984,57.97799946461798,16.398809604993367,58.491339672253964,2.2880135972811657
PedNYC15,PedNYC15_scenario12,12,39.0,-4.012840738434431,54.215119396531016,13.806949426353807,57.98471530898178,15.781241712659979,58.544444111484935,2.0521029126531816
PedNYC15,PedNYC15_scenario12,12,40.0,-3.9701729012562037,54.608565447230006,13.443188937559313,57.99287707314546,15.18908388533875,58.605672591525064,1.8503155179665691
PedNYC15,PedNYC15_scenario12,12,41.0,-3.933722531371657,54.94601490765619,13.098656249810626,58.00168309329079,14.626993050516601,58.67538543121522,1.6702359762970689
PedNYC15,PedNYC15_scenario12,12,42.0,-3.9481173893905113,55.28624434600941,12.77914744885888,58.011524772508416,14.091708017778329,58.75338790901953,1.5077055947353424
PedNYC15,PedNYC15_scenario12,12,43.0,-3.944922859477645,55.4401678875286,12.483359217344942,58.02261805469487,13.578120184118934,58.84184317593058,1.3673446433272005
PedNYC15,PedNYC15_scenario12,12,44.0,-3.931596224280865,55.57220275332719,12.205659939808042,58.0352722564926,13.08102647081492,58.94398534653678,1.2617551440848818
PedNYC15,PedNYC15_scenario12,12,45.0,-3.8835247906603914,55.73866048319464,11.893942005241511,58.053972960061415,12.590194528284563,59.05914462151463,1.2227582119259877
PedNYC15,PedNYC15_scenario12,12,46.0,-3.8223744431979862,56.01886363504783,11.48313873010866,58.08798397118828,12.102360029568924,59.18350669773941,1.2584137086408755
PedNYC15,PedNYC15_scenario12,12,47.0,-3.7460217994534295,56.27741324005984,10.959188332785642,58.15705404750732,11.617138373825192,59.318847407479296,1.3351636857625033
PedNYC15,PedNYC15_scenario12,12,48.0,-3.6918958296381983,56.5701221577538,10.325513666877209,58.29782370816084,11.137621404805783,59.468064892645664,1.4244238863020753
PedNYC15,PedNYC15_scenario12,12,49.0,-3.7344776971875437,56.964158987962875,9.602875794345756,58.55574800969029,10.665328092731077,59.633570014663505,1.5134414956478262
PedNYC15,PedNYC15_scenario12,12,50.0,-3.7317437336094033,57.42338652872538,8.817198026502457,58.95475979389729,10.198990412960075,59.817600149339,1.6290622082201223
PedNYC15,PedNYC15_scenario12,12,51.0,-3.7367028981897854,57.87282876902079,7.997209137288688,59.51263570341826,9.736661193854992,60.02040141884621,1.812048420671149
PedNYC15,PedNYC15_scenario12,12,52.0,-3.7382591861113665,58.24154030343439,7.187575710526156,60.25330012702152,9.276195098326903,60.24455522155443,2.088637694878841
PedNYC15,PedNYC15_scenario12,12,53.0,-3.636053648919111,58.64899871464155,6.4438317428557745,61.18698140234509,8.821102246325811,60.490181581407334,2.477285820636684
PedNYC15,PedNYC15_scenario12,12,54.0,-3.546620425028745,59.01657408170013,5.819468389635518,62.30705439948975,8.381659586023506,60.75932475157929,2.9933744820635355
PedNYC15,PedNYC15_scenario12,12,55.0,-3.4987927899189,59.345043256727166,5.354210038271244,63.59126843384357,7.965156108921817,61.05219150542086,3.641970762141586
PedNYC15,PedNYC15_scenario12,12,56.0,-3.4048339324688723,59.623245093297484,5.057548894322731,65.01067880060751,7.571109398186001,61.36710007286979,4.4264717723943745
PedNYC15,PedNYC15_scenario12,12,57.0,-3.270698827466682,59.90550879564002,4.901696460344182,66.5361476828325,7.200245381244778,61.70315768268934,5.3517398557158185
PedNYC15,PedNYC15_scenario12,12,58.0,-3.1564040840975327,60.1769646246401,4.852974296968262,68.14831056348318,6.852723317309879,62.06001112542593,6.408306031378766
PedNYC15,PedNYC15_scenario12,12,59.0,-3.0507873091296105,60.38494937890698,4.847692606800347,69.83701874096731,6.523191860441074,62.4369783694124,7.587351003452597
PedNYC15,PedNYC15_scenario12,12,60.0,-2.8702263449325045,60.5634431625356,4.858287886242832,71.59881205597611,6.206691900134203,62.83217772179295,8.86972778240445
PedNYC15,PedNYC15_scenario12,12,61.0,-2.6899382708037507,60.748875607961715,4.922527540778229,73.43042005398817,5.902164369555165,63.2439183929818,10.233499128156595
PedNYC15,PedNYC15_scenario12,12,62.0,-2.569024796919827,60.92848472396535,5.040941107184093,75.3254659048183,5.610336659923215,63.67267545220533,11.66669347450198
PedNYC15,PedNYC15_scenario12,12,63.0,-2.473893082339023,61.077295147431144,5.175841440185362,77.26710864693219,5.323008303322117,64.1188609952821,13.149071236962989
PedNYC15,PedNYC15_scenario12,12,64.0,-2.432029402177086,61.12677782305325,5.3018816951153624,79.16737093551984,5.036584843289467,64.58369321574347,14.586090574718456
PedNYC15,PedNYC15_scenario12,12,65.0,-2.4027462856764874,61.12571276648835,5.4033684263280675,80.93418561561246,4.750447566142563,65.06863845799356,15.878976423570089
PedNYC15,PedNYC15_scenario12,12,66.0,-2.3640083963863106,61.10863679123676,5.47251361364336,82.27039112113974,4.468189414784446,65.56657805099579,16.733978551997893
PedNYC15,PedNYC15_scenario12,12,67.0,-2.314255707307592,61.051508743662964,5.5040116634350795,82.87711373657012,4.197012734630596,66.06812201576122,16.859728611994868
PedNYC15,PedNYC15_scenario12,12,68.0,-2.3084550889435422,60.99098936039603,5.507149135833551,82.93772607051787,3.944866358070973,66.58073324633746,16.431431517916597
PedNYC15,PedNYC15_scenario12,12,69.0,-2.3349078340575846,60.96172661088602,5.507176258123571,82.9382671822704,3.715882901097408,67.12537958409787,15.914023566759113
PedNYC15,PedNYC15_scenario12,12,70.0,-2.3815108366369846,60.91802583791132,5.5071799768996765,82.93832397460938,3.5107432505636527,67.69482272677698,15.373681728685916
PedNYC15,PedNYC15_scenario12,12,71.0,-2.402280357231453,60.89420452576254,5.5071797370910645,82.93832397460938,3.328472411742039,68.28497860698805,14.814428644815125
PedNYC15,PedNYC15_scenario12,12,72.0,-2.417964952519091,60.87660880665648,5.507179830505143,82.93832247998412,3.1623891388086274,68.9065016802853,14.226385287300744
PedNYC15,PedNYC15_scenario12,12,73.0,-2.434287496816016,60.88658044672102,5.507179520630753,82.93831634521484,3.0108253256011794,69.56086106194198,13.608383229576056
PedNYC15,PedNYC15_scenario12,12,74.0,-2.4226113727672045,60.90281957587028,5.5071797370910645,82.93831634521484,2.8731001237263833,70.24976074418016,12.9590824771699
PedNYC15,PedNYC15_scenario12,12,75.0,-2.3419232743772596,61.00078061010392,5.5071797370910645,82.93831634521484,2.7511154316043696,70.9700878986686,12.281465002380486
PedNYC15,PedNYC15_scenario12,12,76.0,-2.372976274602617,61.108259651287824,5.5071795446818985,82.93831634521484,2.6485434314250207,71.73561803677298,11.561671584073935
PedNYC15,PedNYC15_scenario12,12,77.0,-2.3997600585310166,61.14200014239838,5.5071797370910645,82.93831634521484,2.5707857203909934,72.55377376160092,10.791716012395938
PedNYC15,PedNYC15_scenario12,12,78.0,-2.387505278320204,61.15847395583175,5.5071797370910645,82.93831634521484,2.5064543638527406,73.390750484684,10.008015119231697
PedNYC15,PedNYC15_scenario12,12,79.0,-2.379604046121952,61.169633858748135,5.507180045570203,82.93832128088106,2.4528930771397404,74.22718292311575,9.231067130817227
PedNYC15,PedNYC15_scenario12,12,80.0,-2.37848878481854,61.16739241546381,5.5071797370910645,82.93831634521484,2.408499749361579,75.04937993483972,8.47567904968667
PedNYC15,PedNYC15_scenario12,12,81.0,-2.3840467781935817,61.15190679309034,5.507179902174743,82.93831634521484,2.368308445556665,75.8430779257391,7.75853866719606
PedNYC15,PedNYC15_scenario12,12,82.0,-2.3889479252654064,61.12194924824674,5.5071797370910645,82.93831634521484,2.328955323315088,76.6028567152043,7.0879587433770395
PedNYC15,PedNYC15_scenario12,12,83.0,-2.3699325434678062,61.04618900856074,5.5071797370910645,82.93832361211508,2.2918853785983626,77.3374849981854,6.45813525648393
PedNYC15,PedNYC15_scenario12,12,84.0,-2.442063403428559,60.911884112993405,5.5071797370910645,82.93831634521484,2.262278322869643,78.05150763926059,5.866028001689598
PedNYC15,PedNYC15_scenario12,12,85.0,-2.5057709719860606,60.83357020025153,5.5071797370910645,82.93831634521484,2.2405849283075856,78.73938537830341,5.31993072414096
PedNYC15,PedNYC15_scenario12,12,86.0,-2.5196664205439943,60.838075522641816,5.507179783661612,82.9383170903436,2.240607211049289,79.36257556513357,4.843183232880465
PedNYC15,PedNYC15_scenario12,12,87.0,-2.5361429462682312,60.89019433256469,5.507179950136465,82.93831634521484,2.2458056181248423,79.92032240692816,4.443517744427201
PedNYC15,PedNYC15_scenario12,12,88.0,-2.5536487207585465,60.90719075900843,5.5071797370910645,82.93831788448817,2.2558098990027897,80.42013712917431,4.112498041393245
PedNYC15,PedNYC15_scenario12,12,89.0,-2.5591130926971832,60.905041649971054,5.5071797370910645,82.93831634521484,2.261968674024913,80.84642963737438,3.8610082675755217
PedNYC15,PedNYC15_scenario12,12,90.0,-2.527709666970156,60.91009403149995,5.507179974117326,82.9383125082405,2.2657773512810104,81.21323884730525,3.6718619389871807
PedNYC15,PedNYC15_scenario12,12,91.0,-2.527317422017894,60.87618940489666,5.5071797370910645,82.93831516839916,2.269287207500214,81.53530645185099,3.528793206167001
PedNYC15,PedNYC15_scenario12,12,92.0,-2.5597689828875883,60.81341336668515,5.5071797370910645,82.93832248002077,2.272877634208354,81.82192764078226,3.421556302297231
PedNYC15,PedNYC15_scenario12,12,93.0,-2.5701107268989136,60.79151385758695,5.5071797370910645,82.93831634521484,2.276270857982402,82.08157546392341,3.342570436472388
PedNYC15,PedNYC15_scenario12,12,94.0,-2.5587395801363266,60.78168995794465,5.5071797370910645,82.93831634521484,2.279591689071795,82.32097120609274,3.2860979334941516
PedNYC15,PedNYC15_scenario12,12,95.0,-2.547778659624534,60.77700396252636,5.5071797370910645,82.93831634521484,2.2826748088406736,82.53645376779066,3.2494500401521895
PedNYC15,PedNYC15_scenario12,12,96.0,-2.515641568370437,60.78689572457044,5.5071797370910645,82.93831634521484,2.285409157183181,82.72531480281403,3.228804008704323
PedNYC15,PedNYC15_scenario12,12,97.0,-2.450084941214365,60.857129177917884,5.507180188553902,82.93831634521484,2.28793688764587,82.88645323736631,3.2196610399849477
PedNYC15,PedNYC15_scenario12,12,98.0,-2.4172762426619565,60.935769408457915,5.5071797370910645,82.93831634521484,2.2904799665480953,83.02040692480422,3.2177470809665123
PedNYC15,PedNYC15_scenario12,12,99.0,-2.428541816205966,60.981434398051526,5.5071797370910645,82.9383114017133,2.29315418468445,83.12843682711289,3.219644068667532
PedNYC15,PedNYC15_scenario12,12,100.0,-2.399561882019043,60.94158935546875,5.5071797370910645,82.93831634521484,2.165416012207667,83.5742031733195,3.401725569634265
PedNYC16,PedNYC16_scenario12,12,0.0,-4.982548236846924,45.35163497924805,71.15675354003906,58.02791595458984,49.71087803038519,58.21886866836355,21.446725608224426
PedNYC16,PedNYC16_scenario12,12,1.0,-4.975122259957738,45.41826381742184,70.08263214564407,58.02448503288526,48.81154167601853,58.22203667144088,21.272007813483206
PedNYC16,PedNYC16_scenario12,12,2.0,-4.998398680008111,45.454203466357576,68.97639484505041,58.0200921098235,47.899549641264926,58.226024529765546,21.077851216523904
PedNYC16,PedNYC16_scenario12,12,3.0,-5.02217609549048,45.45739128398847,67.83926603752427,58.01544001993336,46.97607816037263,58.23084442743293,20.864299831436888
PedNYC16,PedNYC16_scenario12,12,4.0,-5.028975762875049,45.45276353173587,66.67605555241971,58.01111228387783,46.03776523118833,58.235631171228775,20.639511527994312
PedNYC16,PedNYC16_scenario12,12,5.0,-5.028540254127074,45.45094475637832,65.49037274158356,58.00702511335845,45.082804449089096,58.24113517646439,20.40891107174689
PedNYC16,PedNYC16_scenario12,12,6.0,-5.024959644738381,45.44199573911154,64.27935515892561,58.00361619285403,44.109915970367936,58.24688368349451,20.170906183236504
PedNYC16,PedNYC16_scenario12,12,7.0,-5.003472131816094,45.4165040960886,63.03747522291718,58.001335089021005,43.12826137257003,58.25136525943814,19.91078379233157
PedNYC16,PedNYC16_scenario12,12,8.0,-4.987718987843158,45.39101122903473,61.75951902604794,57.99996193991879,42.13297447199011,58.25438884094464,19.6281936046184
PedNYC16,PedNYC16_scenario12,12,9.0,-4.981359206563002,45.37510577514321,60.44065746552889,57.99927980041614,41.130803373103205,58.257312109930595,19.3115780231322
PedNYC16,PedNYC16_scenario12,12,10.0,-4.989787028065589,45.369269442477645,59.08090160912608,57.999384756012994,40.12522966015949,58.25923090649846,18.957452863155453
PedNYC16,PedNYC16_scenario12,12,11.0,-5.000180773174756,45.37221166733017,57.682956139161625,58.00033685878261,39.121588677301794,58.25954062733463,18.563177223951197
PedNYC16,PedNYC16_scenario12,12,12.0,-5.008050960459208,45.382547151216166,56.25201870229727,58.00219119128528,38.125927755410686,58.259449216380716,18.127916446913577
PedNYC16,PedNYC16_scenario12,12,13.0,-5.016418716781681,45.39438505275582,54.79023891850869,58.00500171177494,37.13569360768573,58.25963450963021,17.65638150906478
PedNYC16,PedNYC16_scenario12,12,14.0,-5.0247848971273,45.41010516583039,53.30045679231862,58.008737742662476,36.151444685682485,58.2599069510196,17.15085135510128
PedNYC16,PedNYC16_scenario12,12,15.0,-5.030229947116709,45.43953774513726,51.78657288033966,58.012615479681074,35.17426298330261,58.259832307840426,16.61414927931371
PedNYC16,PedNYC16_scenario12,12,16.0,-5.034407308364731,45.478061190431156,50.251727210220466,58.01648336785761,34.20370264223071,58.259080896920025,16.049858133201987
PedNYC16,PedNYC16_scenario12,12,17.0,-5.043144529950941,45.50367235823715,48.69573107833542,58.01952560666379,33.23800375852567,58.257361878879074,15.459556914283603
PedNYC16,PedNYC16_scenario12,12,18.0,-5.052884110602579,45.51330451402924,47.12008568230813,58.020987606287875,32.27666453121885,58.25619740815301,14.845284608908583
PedNYC16,PedNYC16_scenario12,12,19.0,-5.055144631175889,45.51613715080857,45.5217934939967,58.02133375624278,31.323291858409526,58.256235407089534,14.200444622663829
PedNYC16,PedNYC16_scenario12,12,20.0,-5.058198100851173,45.52333307795139,43.89830639772739,58.020509386767216,30.381292288594086,58.25779612343453,13.519096694006851
PedNYC16,PedNYC16_scenario12,12,21.0,-5.055964644706199,45.530215462378884,42.24696398760088,58.01852600242088,29.45298717689417,58.26064287979181,12.796267550157307
PedNYC16,PedNYC16_scenario12,12,22.0,-5.0534388728025625,45.53173451567294,40.56621533814269,58.015357947694355,28.540255768680023,58.2644675222773,12.028539360475136
PedNYC16,PedNYC16_scenario12,12,23.0,-5.057170842649509,45.50336572501643,38.853340067289594,58.010941897622025,27.64435050663565,58.26898153921581,11.211959303684747
PedNYC16,PedNYC16_scenario12,12,24.0,-5.03188958577414,45.454470020846614,37.109595124036986,58.00522463508511,26.769569517470867,58.273776281609734,10.343512436851135
PedNYC16,PedNYC16_scenario12,12,25.0,-4.979454759220353,45.42051747088485,35.34200802019112,57.99816121278836,25.910904890378447,58.278248445782665,9.435261263115551
PedNYC16,PedNYC16_scenario12,12,26.0,-4.929341803639551,45.430070758076255,33.565620341799566,57.98979035953112,25.06654373192686,58.282509185581844,8.504115917108011
PedNYC16,PedNYC16_scenario12,12,27.0,-4.8623484678501665,45.50701173216641,31.797139268956773,57.98016238888217,24.24631941777884,58.28643462840655,7.557028722298602
PedNYC16,PedNYC16_scenario12,12,28.0,-4.780663357077927,45.64884016826301,30.057562954348718,57.969431302021086,23.459697760336443,58.29018492964262,6.605657272973751
PedNYC16,PedNYC16_scenario12,12,29.0,-4.702463612890119,45.812768273442906,28.381675094162325,57.95790190828282,22.69636539711844,58.294249814217046,5.6952503250627675
PedNYC16,PedNYC16_scenario12,12,30.0,-4.600044102599788,45.96948808115551,26.78286316538759,57.945785426340855,21.94820042075727,58.29913889521508,4.847558408960309
PedNYC16,PedNYC16_scenario12,12,31.0,-4.470603327414145,46.126556323024005,25.261300116254766,57.934659666676225,21.21257410263812,58.30566005200966,4.06568857873469
PedNYC16,PedNYC16_scenario12,12,32.0,-4.3482935517393155,46.283214274704136,23.812973539190846,57.92765279646089,20.4896373961614,58.31532623139423,3.345871158864139
PedNYC16,PedNYC16_scenario12,12,33.0,-4.253759840414094,46.47664122116781,22.434875643383776,57.92527511520911,19.778258904111915,58.32969461514236,2.6872230334130647
PedNYC16,PedNYC16_scenario12,12,34.0,-4.194298300936986,46.699898258898926,21.123136213769616,57.92831860342559,19.075671899909,58.34948501642774,2.0903328117727624
PedNYC16,PedNYC16_scenario12,12,35.0,-4.139936254061509,46.91724248244591,19.875101548692534,57.93620517857086,18.38269116014392,58.37548218212464,1.5557162510236284
PedNYC16,PedNYC16_scenario12,12,36.0,-4.059479477456163,47.1639765527467,18.68719917513322,57.94828833786436,17.701631218148336,58.40755736482897,1.0873234279479007
PedNYC16,PedNYC16_scenario12,12,37.0,-3.979970386848144,47.3930166071908,17.55713693324695,57.965325340124735,17.03871633797956,58.445889008465656,0.7068955742729452
PedNYC16,PedNYC16_scenario12,12,38.0,-3.9153726339851116,47.613055221853806,16.48183834629263,57.994734256476605,16.398809604993367,58.491339672253964,0.5034984715579028
PedNYC16,PedNYC16_scenario12,12,39.0,-3.869715588050081,47.85784771645938,15.459805933708257,58.04152225461533,15.781241712659979,58.544444111484935,0.5968679536610019
PedNYC16,PedNYC16_scenario12,12,40.0,-3.8403284972949434,48.05927946293068,14.503504582610367,58.106988152623316,15.18908388533875,58.605672591525064,0.8477647963511385
PedNYC16,PedNYC16_scenario12,12,41.0,-3.792457195240377,48.28314553666732,13.647170435988347,58.199223836492735,14.626993050516601,58.67538543121522,1.089395346157511
PedNYC16,PedNYC16_scenario12,12,42.0,-3.7215180309991953,48.53973378445341,12.877932388491878,58.310230015207736,14.091708017778329,58.75338790901953,1.292145578910296
PedNYC16,PedNYC16_scenario12,12,43.0,-3.68622940852871,48.75439021474073,12.185489771116817,58.43160818231519,13.578120184118934,58.84184317593058,1.4517962037438537
PedNYC16,PedNYC16_scenario12,12,44.0,-3.6809982554467098,48.97986184804681,11.566628922281666,58.55772619127515,13.08102647081492,58.94398534653678,1.5628806960311965
PedNYC16,PedNYC16_scenario12,12,45.0,-3.693831461984466,49.160017797695254,11.021909484983334,58.683236015908896,12.590194528284563,59.05914462151463,1.6127074306304867
PedNYC16,PedNYC16_scenario12,12,46.0,-3.6959870667017998,49.401853582786806,10.523865594327882,58.811095715849746,12.102360029568924,59.18350669773941,1.621830638975279
PedNYC16,PedNYC16_scenario12,12,47.0,-3.6713651704025256,49.654510378994864,10.05531685224683,58.94968687746688,11.617138373825192,59.318847407479296,1.6048569911940422
PedNYC16,PedNYC16_scenario12,12,48.0,-3.6520077497621317,49.847747290997134,9.615884261684116,59.09959791356584,11.137621404805783,59.468064892645664,1.5657112912118591
PedNYC16,PedNYC16_scenario12,12,49.0,-3.656887979545651,50.104961641632705,9.204112779969293,59.26360115740692,10.665328092731077,59.633570014663505,1.5073244991007286
PedNYC16,PedNYC16_scenario12,12,50.0,-3.681031892261162,50.329155799063564,8.803085732346208,59.45351463883574,10.198990412960075,59.817600149339,1.4426046361765656
PedNYC16,PedNYC16_scenario12,12,51.0,-3.68783519563138,50.54269726249689,8.384596930292988,59.67219164348213,9.736661193854992,60.02040141884621,1.3961833047492622
PedNYC16,PedNYC16_scenario12,12,52.0,-3.6539185433247408,50.78540034792733,7.937226483519377,59.95355100578593,9.276195098326903,60.24455522155443,1.370226406487126
PedNYC16,PedNYC16_scenario12,12,53.0,-3.597635333792935,51.042094172350936,7.467462644977502,60.305663003871565,8.821102246325811,60.490181581407334,1.3661578517119584
PedNYC16,PedNYC16_scenario12,12,54.0,-3.5690570485299205,51.255929529993494,6.983440256132062,60.737937139790525,8.381659586023506,60.75932475157929,1.3983828962126597
PedNYC16,PedNYC16_scenario12,12,55.0,-3.5649498035185574,51.50340684224614,6.503777635489557,61.26494865433037,7.965156108921817,61.05219150542086,1.4767845635106378
PedNYC16,PedNYC16_scenario12,12,56.0,-3.566760036378279,51.75498279739634,6.040620233653492,61.88380266550895,7.571109398186001,61.36710007286979,1.6153571283129473
PedNYC16,PedNYC16_scenario12,12,57.0,-3.5401301836070522,51.987706171166906,5.62095104540568,62.60326284857341,7.200245381244778,61.70315768268934,1.817789841776174
PedNYC16,PedNYC16_scenario12,12,58.0,-3.5046810828014503,52.23544630694812,5.272461019393283,63.41650262871406,6.852723317309879,62.06001112542593,2.082618094781071
PedNYC16,PedNYC16_scenario12,12,59.0,-3.4990850816676766,52.464379087354736,5.007324107732857,64.30869594084864,6.523191860441074,62.4369783694124,2.408564242639963
PedNYC16,PedNYC16_scenario12,12,60.0,-3.5023035643623306,52.703078635052854,4.817219255590917,65.2362576648045,6.206691900134203,62.83217772179295,2.7767309200432995
PedNYC16,PedNYC16_scenario12,12,61.0,-3.501700290255151,52.949143585096,4.688323793230297,66.15358040565512,5.902164369555165,63.2439183929818,3.152703914535404
PedNYC16,PedNYC16_scenario12,12,62.0,-3.4768899316124515,53.17987096456109,4.598272492007969,67.03822587718795,5.610336659923215,63.67267545220533,3.5144279112081227
PedNYC16,PedNYC16_scenario12,12,63.0,-3.427395965687242,53.42587618950666,4.5144334141111715,67.88297936855707,5.323008303322117,64.1188609952821,3.849984477824383
PedNYC16,PedNYC16_scenario12,12,64.0,-3.3862151251224253,53.66283911790646,4.418945018857439,68.68762204384105,5.036584843289467,64.58369321574347,4.150145874401862
PedNYC16,PedNYC16_scenario12,12,65.0,-3.3891843661703858,53.88967729422862,4.322142113563862,69.46634735993052,4.750447566142563,65.06863845799356,4.418516622904601
PedNYC16,PedNYC16_scenario12,12,66.0,-3.4398461455934086,54.11162436209127,4.243179301744536,70.24711198061436,4.468189414784446,65.56657805099579,4.685939331370067
PedNYC16,PedNYC16_scenario12,12,67.0,-3.493412844294405,54.294976511245224,4.191872407265926,71.0514057749779,4.197012734630596,66.06812201576122,4.983286410375998
PedNYC16,PedNYC16_scenario12,12,68.0,-3.4785194736797065,54.491455568703465,4.178129381806228,71.89129214021682,3.944866358070973,66.58073324633746,5.315679392476873
PedNYC16,PedNYC16_scenario12,12,69.0,-3.4303822387728076,54.69613237427147,4.204772362962637,72.76982294126061,3.715882901097408,67.12537958409787,5.66557620354201
PedNYC16,PedNYC16_scenario12,12,70.0,-3.322951993286377,54.877789072745976,4.271948864330335,73.68612339401272,3.5107432505636527,67.69482272677698,6.03946335957504
PedNYC16,PedNYC16_scenario12,12,71.0,-3.2371812349254903,54.95927177237947,4.363619130580432,74.63861283795558,3.328472411742039,68.28497860698805,6.437406051387797
PedNYC16,PedNYC16_scenario12,12,72.0,-3.2097727575363204,55.04290165059241,4.459271000934801,75.61812062778793,3.1623891388086274,68.9065016802853,6.835768534758045
PedNYC16,PedNYC16_scenario12,12,73.0,-3.1638622354126813,55.131517665060606,4.551596331254478,76.61452770670472,3.0108253256011794,69.56086106194198,7.219985348136127
PedNYC16,PedNYC16_scenario12,12,74.0,-3.118990642354434,55.25977558311408,4.630288860847125,77.62694843611875,2.8731001237263833,70.24976074418016,7.583575047426786
PedNYC16,PedNYC16_scenario12,12,75.0,-3.1088610450719374,55.349833502350705,4.693630874206995,78.655355436791,2.7511154316043696,70.9700878986686,7.926960538394755
PedNYC16,PedNYC16_scenario12,12,76.0,-3.111042789987962,55.386230274339255,4.742335098397549,79.69412152489947,2.6485434314250207,71.73561803677298,8.229322044689052
PedNYC16,PedNYC16_scenario12,12,77.0,-3.1241190552373483,55.39713520881766,4.772462478787037,80.7056874117745,2.5707857203909934,72.55377376160092,8.443996489124547
PedNYC16,PedNYC16_scenario12,12,78.0,-3.135433432421898,55.39334965527546,4.783842149794389,81.67305711211856,2.5064543638527406,73.390750484684,8.589708854111558
PedNYC16,PedNYC16_scenario12,12,79.0,-3.1407490849319357,55.37868797318534,4.779604271461779,82.57192244272198,2.4528930771397404,74.22718292311575,8.66304003406781
PedNYC16,PedNYC16_scenario12,12,80.0,-3.1426877888920104,55.365089292986305,4.7675849821624325,83.19724228524234,2.408499749361579,75.04937993483972,8.482508120640235
PedNYC16,PedNYC16_scenario12,12,81.0,-3.1390229977233965,55.346487121875285,4.761432390052639,83.40676563619061,2.368308445556665,75.8430779257391,7.933247380168811
PedNYC16,PedNYC16_scenario12,12,82.0,-3.1295579200592134,55.33874294463007,4.7614210977684,83.40956482366146,2.328955323315088,76.6028567152043,7.2282892179009535
PedNYC16,PedNYC16_scenario12,12,83.0,-3.1174983949661486,55.347322822904076,4.761408075763691,83.41018409541046,2.2918853785983626,77.3374849981854,6.55562481211766
PedNYC16,PedNYC16_scenario12,12,84.0,-3.107157661722029,55.33923833528002,4.761402884412488,83.41035461425781,2.262278322869643,78.05150763926059,5.91294042550266
PedNYC16,PedNYC16_scenario12,12,85.0,-3.09822615680598,55.30681428831748,4.7614003601410975,83.41038513183594,2.2405849283075856,78.73938537830341,5.307800781761775
PedNYC16,PedNYC16_scenario12,12,86.0,-3.0912575251206187,55.290322387147725,4.761399745941162,83.41039276123047,2.240607211049289,79.36257556513357,4.768565723253101
PedNYC16,PedNYC16_scenario12,12,87.0,-3.0841188322744584,55.29680353587235,4.761399745941162,83.41039276123047,2.2458056181248423,79.92032240692816,4.302186059886736
PedNYC16,PedNYC16_scenario12,12,88.0,-3.0759092284048455,55.32030733338068,4.761399745941162,83.41038513183594,2.2558098990027897,80.42013712917431,3.901225909698453
PedNYC16,PedNYC16_scenario12,12,89.0,-3.0699279413651754,55.34106574493356,4.761399745941162,83.41038513183594,2.261968674024913,80.84642963737438,3.5806456765281864
PedNYC16,PedNYC16_scenario12,12,90.0,-3.0613951769473817,55.35443209341283,4.761399745941162,83.41038513183594,2.2657773512810104,81.21323884730525,3.3249936740325206
PedNYC16,PedNYC16_scenario12,12,91.0,-3.0593991326999386,55.373540780521026,4.76140022277832,83.41038513183594,2.269287207500214,81.53530645185099,3.11874130652939
PedNYC16,PedNYC16_scenario12,12,92.0,-3.0590310203907083,55.39416169998813,4.761399745941162,83.41038513183594,2.272877634208354,81.82192764078226,2.952277002834871
PedNYC16,PedNYC16_scenario12,12,93.0,-3.0594406580478313,55.413001928757495,4.761399618074178,83.41038513183594,2.276270857982402,82.08157546392341,2.8180844713693523
PedNYC16,PedNYC16_scenario12,12,94.0,-3.065295589122717,55.40931124740887,4.761399745941162,83.41038513183594,2.279591689071795,82.32097120609274,2.710386306921011
PedNYC16,PedNYC16_scenario12,12,95.0,-3.077596675919838,55.387275514450074,4.761399745941162,83.41038513183594,2.2826748088406736,82.53645376779066,2.6282757356993307
PedNYC16,PedNYC16_scenario12,12,96.0,-3.0894289842378146,55.3736581997802,4.761399745941162,83.41038513183594,2.285409157183181,82.72531480281403,2.5690174680846924
PedNYC16,PedNYC16_scenario12,12,97.0,-3.0950603218365944,55.376988883333624,4.761399745941162,83.41038513183594,2.28793688764587,82.88645323736631,2.528343952354752
PedNYC16,PedNYC16_scenario12,12,98.0,-3.1027873735347558,55.38283112258576,4.761399745941162,83.41038513183594,2.2904799665480953,83.02040692480422,2.5015050585908383
PedNYC16,PedNYC16_scenario12,12,99.0,-3.1109608225180265,55.35476045944939,4.761399745941162,83.41038513183594,2.29315418468445,83.12843682711289,2.484296881856044
PedNYC16,PedNYC16_scenario12,12,100.0,-3.1158413887023926,55.3094482421875,4.76140022277832,83.41038513183594,2.165416012207667,83.5742031733195,2.6011478951123963
PedNYC18,PedNYC18_scenario12,12,0.0,-4.940181732177734,45.33711242675781,46.43916320800781,58.23931121826172,49.71087803038519,58.21886866836355,3.2717786870156984
PedNYC18,PedNYC18_scenario12,12,1.0,-4.893399908893735,45.38739638223405,45.46828695281065,58.243021620351165,48.81154167601853,58.22203667144088,3.3433205817469176
PedNYC18,PedNYC18_scenario12,12,2.0,-4.835526396758805,45.45892733037455,44.47342010998047,58.246234489017674,47.899549641264926,58.226024529765546,3.4261891377436307
PedNYC18,PedNYC18_scenario12,12,3.0,-4.771384881913142,45.525626468057204,43.45673342299893,58.248897084287954,46.97607816037263,58.23084442743293,3.519391038077395
PedNYC18,PedNYC18_scenario12,12,4.0,-4.6937068258603905,45.580916414062344,42.41588571273463,58.25097152387903,46.03776523118833,58.235631171228775,3.621912005089834
PedNYC18,PedNYC18_scenario12,12,5.0,-4.60509993770724,45.61701211559255,41.356496175422606,58.252411044739304,45.082804449089096,58.24113517646439,3.7263253341060665
PedNYC18,PedNYC18_scenario12,12,6.0,-4.508016442794844,45.63874194532702,40.28520832432355,58.25335987133712,44.109915970367936,58.24688368349451,3.8247131289443628
PedNYC18,PedNYC18_scenario12,12,7.0,-4.406347033201055,45.66643389902227,39.20821359444158,58.25385986230172,43.12826137257003,58.25136525943814,3.9200485718742364
PedNYC18,PedNYC18_scenario12,12,8.0,-4.297361042247121,45.720132815280714,38.14190026469212,58.25416349623913,42.13297447199011,58.25438884094464,3.991074213659717
PedNYC18,PedNYC18_scenario12,12,9.0,-4.1856120884924,45.79835297648504,37.1026713736129,58.254499940600134,41.130803373103205,58.257312109930595,4.028132981123402
PedNYC18,PedNYC18_scenario12,12,10.0,-4.067894009857602,45.901190350386244,36.100812258587446,58.25485391890031,40.12522966015949,58.25923090649846,4.024419781794181
PedNYC18,PedNYC18_scenario12,12,11.0,-3.9465881946331374,46.015529315539666,35.13490805426651,58.2552597027075,39.121588677301794,58.25954062733463,3.986682921477536
PedNYC18,PedNYC18_scenario12,12,12.0,-3.8289876137938412,46.11141891913703,34.20442279480513,58.25572555435267,38.125927755410686,58.259449216380716,3.921506728505366
PedNYC18,PedNYC18_scenario12,12,13.0,-3.6967743998349625,46.17794119260064,33.3091857796121,58.25624562043369,37.13569360768573,58.25963450963021,3.8265093287327496
PedNYC18,PedNYC18_scenario12,12,14.0,-3.5582386175014737,46.24316932908486,32.44617598120344,58.25681377801605,36.151444685682485,58.2599069510196,3.7052699955753643
PedNYC18,PedNYC18_scenario12,12,15.0,-3.462123400701055,46.300026584678974,31.616540668133382,58.2574312978176,35.17426298330261,58.259832307840426,3.5577231253573163
PedNYC18,PedNYC18_scenario12,12,16.0,-3.372946084488697,46.364441902422406,30.817159763033242,58.25826069154644,34.20370264223071,58.259080896920025,3.3865429785224825
PedNYC18,PedNYC18_scenario12,12,17.0,-3.312740266397538,46.40850078770998,30.04775400073508,58.25946454366538,33.23800375852567,58.257361878879074,3.1902504507141973
PedNYC18,PedNYC18_scenario12,12,18.0,-3.2715284143787606,46.478101248058124,29.30656071693513,58.260892658604625,32.27666453121885,58.25619740815301,2.9701075254945724
PedNYC18,PedNYC18_scenario12,12,19.0,-3.2631336153941417,46.59406308346927,28.593496227426165,58.26246908395219,31.323291858409526,58.256235407089534,2.7298027484899112
PedNYC18,PedNYC18_scenario12,12,20.0,-3.28163489615128,46.735823712810834,27.906263117558588,58.264184025428854,30.381292288594086,58.25779612343453,2.475037414417922
PedNYC18,PedNYC18_scenario12,12,21.0,-3.3048417769394876,46.89241565739068,27.245263301647974,58.266020025926,29.45298717689417,58.26064287979181,2.2077304235419293
PedNYC18,PedNYC18_scenario12,12,22.0,-3.3181443336879464,47.07793981418301,26.608043455360665,58.26797619910082,28.540255768680023,58.2644675222773,1.9322154989948706
PedNYC18,PedNYC18_scenario12,12,23.0,-3.3142989411901858,47.289203762059195,25.99505935990583,58.27007363169087,27.64435050663565,58.26898153921581,1.6492915082990443
PedNYC18,PedNYC18_scenario12,12,24.0,-3.3151443704716868,47.47440250046729,25.404832542025318,58.27226658152725,26.769569517470867,58.273776281609734,1.3647378104759185
PedNYC18,PedNYC18_scenario12,12,25.0,-3.3355852921621043,47.68771866289172,24.836165421674043,58.27454344897569,25.910904890378447,58.278248445782665,1.074745854884942
PedNYC18,PedNYC18_scenario12,12,26.0,-3.3794818952735315,47.89068558695399,24.289014278783576,58.27688088912942,25.06654373192686,58.282509185581844,0.7775498236294899
PedNYC18,PedNYC18_scenario12,12,27.0,-3.426941365424479,48.093016389395586,23.761877698190162,58.279273351976514,24.24631941777884,58.28643462840655,0.4844946476052566
PedNYC18,PedNYC18_scenario12,12,28.0,-3.4675511429302306,48.29874780740982,23.242661548032263,58.281769175539075,23.459697760336443,58.29018492964262,0.21719931484347815
PedNYC18,PedNYC18_scenario12,12,29.0,-3.4952694939045634,48.51779593806619,22.712093151465705,58.2844576241571,22.69636539711844,58.294249814217046,0.01852698688340896
PedNYC18,PedNYC18_scenario12,12,30.0,-3.531585263397111,48.738793408769595,22.160880931083664,58.28739251480161,21.94820042075727,58.29913889521508,0.21300464061966598
PedNYC18,PedNYC18_scenario12,12,31.0,-3.5812224391978558,48.95206683895809,21.586733154650673,58.290625185906634,21.21257410263812,58.30566005200966,0.3744610038464213
PedNYC18,PedNYC18_scenario12,12,32.0,-3.650485627751398,49.206108119041076,20.98796327047561,58.29414778532206,20.4896373961614,58.31532623139423,0.4987757046900493
PedNYC18,PedNYC18_scenario12,12,33.0,-3.6948931097538864,49.42484006239352,20.360809052677414,58.298017349981464,19.778258904111915,58.32969461514236,0.5834107684314359
PedNYC18,PedNYC18_scenario12,12,34.0,-3.7181880249410133,49.60940869553491,19.705068001494485,58.30229191355291,19.075671899909,58.34948501642774,0.6311629279749886
PedNYC18,PedNYC18_scenario12,12,35.0,-3.7262888617853798,49.83430378780791,19.01880989405589,58.307061887136676,18.38269116014392,58.37548218212464,0.6397877619961241
PedNYC18,PedNYC18_scenario12,12,36.0,-3.7487863479556514,50.09261197519883,18.307281285931325,58.31234526020637,17.701631218148336,58.40755736482897,0.6130883700350246
PedNYC18,PedNYC18_scenario12,12,37.0,-3.7888079801043277,50.31940936442238,17.59232063139045,58.318038905047416,17.03871633797956,58.445889008465656,0.568175468167206
PedNYC18,PedNYC18_scenario12,12,38.0,-3.8189996715138865,50.54099079155107,16.89413634343087,58.32398449187148,16.398809604993367,58.491339672253964,0.5228349014861076
PedNYC18,PedNYC18_scenario12,12,39.0,-3.820101726772663,50.75747062987931,16.220198579740508,58.33008019609882,15.781241712659979,58.544444111484935,0.48850283456375077
PedNYC18,PedNYC18_scenario12,12,40.0,-3.798817328351594,50.960974066167395,15.582533623295378,58.33616366382737,15.18908388533875,58.605672591525064,0.47690434932688475
PedNYC18,PedNYC18_scenario12,12,41.0,-3.774873975911131,51.18564865511428,15.086855656568192,58.34113095872599,14.626993050516601,58.67538543121522,0.5685065248733846
PedNYC18,PedNYC18_scenario12,12,42.0,-3.7537865255976417,51.38119657479716,14.780853901475599,58.34432365638068,14.091708017778329,58.75338790901953,0.8014085174265815
PedNYC18,PedNYC18_scenario12,12,43.0,-3.751073434385084,51.59169741975675,14.65994785181645,58.34560881480639,13.578120184118934,58.84184317593058,1.1902099158367725
PedNYC18,PedNYC18_scenario12,12,44.0,-3.7611162832773104,51.83557741580915,14.654937253065514,58.34566376356692,13.08102647081492,58.94398534653678,1.683800423783125
PedNYC18,PedNYC18_scenario12,12,45.0,-3.77448573354173,52.07205285875233,14.654385244324367,58.34567222372262,12.590194528284563,59.05914462151463,2.184016065553547
PedNYC18,PedNYC18_scenario12,12,46.0,-3.770720400899332,52.28969690388483,14.654180526733398,58.345676891476394,12.102360029568924,59.18350669773941,2.6858418855195976
PedNYC18,PedNYC18_scenario12,12,47.0,-3.7745659991992873,52.49038114244549,14.654294488908139,58.34567772223756,11.617138373825192,59.318847407479296,3.1892595541378
PedNYC18,PedNYC18_scenario12,12,48.0,-3.794197525481766,52.70625826056958,14.651659939368137,58.34570454134974,11.137621404805783,59.468064892645664,3.688923905497408
PedNYC18,PedNYC18_scenario12,12,49.0,-3.8339066144740936,52.95156703753434,14.619026556922362,58.34604407399393,10.665328092731077,59.633570014663505,4.158058993526379
PedNYC18,PedNYC18_scenario12,12,50.0,-3.862992286682129,53.16944885253906,14.52689266204834,58.34700775146485,10.198990412960075,59.817600149339,4.570927682467587
PedNYC18,PedNYC18_scenario12,12,51.0,-3.88876034252806,53.36893701649653,14.363602628540669,58.34871660449467,9.736661193854992,60.02040141884621,4.919666366588765
PedNYC18,PedNYC18_scenario12,12,52.0,-3.88653240795141,53.560022831604584,14.127734049177263,58.351203960737784,9.276195098326903,60.24455522155443,5.2078987306258355
PedNYC18,PedNYC18_scenario12,12,53.0,-3.8725194748738403,53.781788441116255,13.818107006014152,58.35451099459714,8.821102246325811,60.490181581407334,5.434256657880094
PedNYC18,PedNYC18_scenario12,12,54.0,-3.8580459924165154,53.984516540194996,13.434761064341181,58.359368149721355,8.381659586023506,60.75932475157929,5.594070632462355
PedNYC18,PedNYC18_scenario12,12,55.0,-3.8585793955202496,54.14792744102087,12.988564216417863,58.36883585411687,7.965156108921817,61.05219150542086,5.69517572738911
PedNYC18,PedNYC18_scenario12,12,56.0,-3.8695464332846377,54.37577486589678,12.512597176206961,58.38605346070866,7.571109398186001,61.36710007286979,5.77104326480125
PedNYC18,PedNYC18_scenario12,12,57.0,-3.87241567912316,54.58289025371304,12.038571678272,58.41277495639059,7.200245381244778,61.70315768268934,5.851155427950133
PedNYC18,PedNYC18_scenario12,12,58.0,-3.8600497513076886,54.83876046433924,11.579266935507315,58.45178567506053,6.852723317309879,62.06001112542593,5.94638591712542
PedNYC18,PedNYC18_scenario12,12,59.0,-3.856902893913096,55.0849285134556,11.13091823077146,58.50607456269041,6.523191860441074,62.4369783694124,6.0566613774867335
PedNYC18,PedNYC18_scenario12,12,60.0,-3.8724122620615753,55.29062243698542,10.681217370979443,58.58153450843349,6.206691900134203,62.83217772179295,6.17165665899535
PedNYC18,PedNYC18_scenario12,12,61.0,-3.9020268259897732,55.546383459757365,10.219106314886318,58.68589211383782,5.902164369555165,63.2439183929818,6.277865188161231
PedNYC18,PedNYC18_scenario12,12,62.0,-3.908178344080363,55.76498309530266,9.735072698385716,58.827909605620725,5.610336659923215,63.67267545220533,6.362798401271566
PedNYC18,PedNYC18_scenario12,12,63.0,-3.894843894934373,55.98096486674126,9.223220228527966,59.0202395981199,5.323008303322117,64.1188609952821,6.419314076528597
PedNYC18,PedNYC18_scenario12,12,64.0,-3.87354635843363,56.235389714779686,8.682838923450714,59.2785963129561,5.036584843289467,64.58369321574347,6.437330344564948
PedNYC18,PedNYC18_scenario12,12,65.0,-3.856348206086144,56.45210182297398,8.123569660071633,59.62300942232637,4.750447566142563,65.06863845799356,6.405687180518105
PedNYC18,PedNYC18_scenario12,12,66.0,-3.8419976219730185,56.68890239161166,7.5641298525941805,60.07297190306641,4.468189414784446,65.56657805099579,6.305914343141127
PedNYC18,PedNYC18_scenario12,12,67.0,-3.828506333465445,56.95504802645743,7.0304699287074595,60.63936630117445,4.197012734630596,66.06812201576122,6.123713602000379
PedNYC18,PedNYC18_scenario12,12,68.0,-3.8137702290632833,57.19957278563143,6.542842530220116,61.322821863899414,3.944866358070973,66.58073324633746,5.864734631390092
PedNYC18,PedNYC18_scenario12,12,69.0,-3.806302578271755,57.44098279671753,6.11790091320782,62.122433061942395,3.715882901097408,67.12537958409787,5.549699490427426
PedNYC18,PedNYC18_scenario12,12,70.0,-3.8092097579650495,57.65551520633871,5.772323441128511,63.02801784754051,3.5107432505636527,67.69482272677698,5.185924482599092
PedNYC18,PedNYC18_scenario12,12,71.0,-3.815758482351995,57.88558515977983,5.4997218477505525,64.02915366133044,3.328472411742039,68.28497860698805,4.777695059487249
PedNYC18,PedNYC18_scenario12,12,72.0,-3.8151329741261053,58.11197065737216,5.284747988348661,65.11664375663999,3.1623891388086274,68.9065016802853,4.34366552207212
PedNYC18,PedNYC18_scenario12,12,73.0,-3.79584477122081,58.32278165283086,5.119270269427362,66.28011592013017,3.0108253256011794,69.56086106194198,3.8998498389896965
PedNYC18,PedNYC18_scenario12,12,74.0,-3.755601861809618,58.51922560410217,4.9851856083822135,67.51461917780139,2.8731001237263833,70.24976074418016,3.455706075844237
PedNYC18,PedNYC18_scenario12,12,75.0,-3.7183140811077693,58.69837416315988,4.841818458586002,68.81321368939784,2.7511154316043696,70.9700878986686,3.0038551066333907
PedNYC18,PedNYC18_scenario12,12,76.0,-3.699965878377258,58.82001130711796,4.672950528230635,70.17009416168469,2.6485434314250207,71.73561803677298,2.55911881261273
PedNYC18,PedNYC18_scenario12,12,77.0,-3.67468044703799,59.04249911614906,4.624460764696178,71.76912053608504,2.5707857203909934,72.55377376160092,2.1984680738901763
PedNYC18,PedNYC18_scenario12,12,78.0,-3.6363915723738702,59.254519848539836,4.585560777573414,73.38133602507372,2.5064543638527406,73.390750484684,2.07912772854969
PedNYC18,PedNYC18_scenario12,12,79.0,-3.577788181356402,59.44805771713728,4.54664321300874,74.99428001363785,2.4528930771397404,74.22718292311575,2.2298492275799555
PedNYC18,PedNYC18_scenario12,12,80.0,-3.5186157058250895,59.59058818416919,4.50771294067292,76.60775067758125,2.408499749361579,75.04937993483972,2.6144244862700345
PedNYC18,PedNYC18_scenario12,12,81.0,-3.4394500261807304,59.74729913781541,4.46881597205618,78.21984106415923,2.368308445556665,75.8430779257391,3.1719292055520123
PedNYC18,PedNYC18_scenario12,12,82.0,-3.372736150919391,59.88449575462389,4.42991900343944,79.83193145073719,2.328955323315088,76.6028567152043,3.8523982183645638
PedNYC18,PedNYC18_scenario12,12,83.0,-3.349592957424952,59.93260699074362,4.391008109633864,81.44459896874345,2.2918853785983626,77.3374849981854,4.6124506942733845
PedNYC18,PedNYC18_scenario12,12,84.0,-3.269747257779084,60.13756440584717,4.352071166538946,83.05834610324472,2.262278322869643,78.05150763926059,5.4254645454451484
PedNYC18,PedNYC18_scenario12,12,85.0,-3.1984858887604717,60.2761456580846,4.313174197922207,84.67043648982268,2.2405849283075856,78.73938537830341,6.282753661252015
PedNYC18,PedNYC18_scenario12,12,86.0,-3.1821112360399137,60.306700083453926,4.2742275655621675,86.28458519729249,2.240607211049289,79.36257556513357,7.214556749654821
PedNYC18,PedNYC18_scenario12,12,87.0,-3.009679434820986,60.51459565524776,4.242226165043416,87.8874311258876,2.2458056181248423,79.92032240692816,8.21343511205136
PedNYC18,PedNYC18_scenario12,12,88.0,-2.9012625630377995,60.650547220352166,4.39551567293445,89.1087115635574,2.2558098990027897,80.42013712917431,8.948165538299572
PedNYC18,PedNYC18_scenario12,12,89.0,-2.82254211392338,60.76045303042095,4.506194149915363,90.05716589269505,2.261968674024913,80.84642963737438,9.480200965787294
PedNYC18,PedNYC18_scenario12,12,90.0,-2.7360232652552887,60.87989801997321,4.576742372862781,90.72238644355672,2.2657773512810104,81.21323884730525,9.785931092045839
PedNYC18,PedNYC18_scenario12,12,91.0,-2.652549519932259,60.99242911830717,4.6144318839670975,91.11156935033748,2.269287207500214,81.53530645185099,9.859234993369913
PedNYC18,PedNYC18_scenario12,12,92.0,-2.6020441402575285,61.054853794324146,4.625960332145519,91.23724569173201,2.272877634208354,81.82192764078226,9.704906603562522
PedNYC18,PedNYC18_scenario12,12,93.0,-2.4908025425217573,61.15409534583757,4.626297308519977,91.24063385359764,2.276270857982402,82.08157546392341,9.455737671048627
PedNYC18,PedNYC18_scenario12,12,94.0,-2.3877458828361346,61.230436104117864,4.626367242029288,91.24137021055199,2.279591689071795,82.32097120609274,9.223929417266625
PedNYC18,PedNYC18_scenario12,12,95.0,-2.2867447001296486,61.30281339665305,4.6263952707003915,91.24168698496435,2.2826748088406736,82.53645376779066,9.015215525361777
PedNYC18,PedNYC18_scenario12,12,96.0,-2.2115874197209626,61.3674442566918,4.626403925933063,91.24177739012433,2.285409157183181,82.72531480281403,8.832349150048946
PedNYC18,PedNYC18_scenario12,12,97.0,-2.1472063421483485,61.43681336431676,4.626406192779541,91.24180863051026,2.28793688764587,82.88645323736631,8.6764279768112
PedNYC18,PedNYC18_scenario12,12,98.0,-2.0931801472877964,61.49630197826012,4.626406192779541,91.24181365966795,2.2904799665480953,83.02040692480422,8.54681695337268
PedNYC18,PedNYC18_scenario12,12,99.0,-2.0473300840749857,61.53747571840779,4.62640582039803,91.24180770156377,2.29315418468445,83.12843682711289,8.442206473543981
PedNYC18,PedNYC18_scenario12,12,100.0,-2.020780563354492,61.55289840698242,4.626405715942383,91.2418212890625,2.165416012207667,83.5742031733195,8.052877615533374
PedNYC19,PedNYC19_scenario12,12,0.0,-4.93964147567749,45.5792121887207,32.39559555053711,57.309417724609375,49.71087803038519,58.21886866836355,17.339149586298323
PedNYC19,PedNYC19_scenario12,12,1.0,-4.925655645006996,45.62210539660372,31.849116510959767,57.30787558398897,48.81154167601853,58.22203667144088,16.987040883391963
PedNYC19,PedNYC19_scenario12,12,2.0,-4.915097882604421,45.66423852870642,31.29569507104359,57.30754304048692,47.899549641264926,58.226024529765546,16.62923915382804
PedNYC19,PedNYC19_scenario12,12,3.0,-4.902911090001049,45.693804727473726,30.73527827075104,57.307872426821675,46.97607816037263,58.23084442743293,16.267005205895924
PedNYC19,PedNYC19_scenario12,12,4.0,-4.884701620270642,45.713336511295864,30.16806080933233,57.30854462081212,46.03776523118833,58.235631171228775,15.896760925076508
PedNYC19,PedNYC19_scenario12,12,5.0,-4.865016675067591,45.72905064229407,29.59334058930677,57.309753104919075,45.082804449089096,58.24113517646439,15.51744061456975
PedNYC19,PedNYC19_scenario12,12,6.0,-4.844595678226187,45.74749959030082,29.01144993444388,57.31157692500654,44.109915970367936,58.24688368349451,15.127408085009987
PedNYC19,PedNYC19_scenario12,12,7.0,-4.82874794997916,45.77050160685833,28.423058785990364,57.31392781407877,43.12826137257003,58.25136525943814,14.735052496557698
PedNYC19,PedNYC19_scenario12,12,8.0,-4.817323961680863,45.80380790830317,27.828540507464,57.31632086606714,42.13297447199011,58.25438884094464,14.335159663253803
PedNYC19,PedNYC19_scenario12,12,9.0,-4.809077500017756,45.849762535990685,27.228287519023855,57.318408843257295,41.130803373103205,58.257312109930595,13.934184095852096
PedNYC19,PedNYC19_scenario12,12,10.0,-4.805425988607872,45.90260674865056,26.62292786253085,57.32054473947859,40.12522966015949,58.25923090649846,13.534891412730287
PedNYC19,PedNYC19_scenario12,12,11.0,-4.800850047637554,45.95806718866316,26.012920578377933,57.32292893276231,39.121588677301794,58.25954062733463,13.142085861618533
PedNYC19,PedNYC19_scenario12,12,12.0,-4.79118761811161,46.00195539382565,25.398512797325047,57.32544926654976,38.125927755410686,58.259449216380716,12.761639683895886
PedNYC19,PedNYC19_scenario12,12,13.0,-4.775174894106278,46.03610721707653,24.77969723729164,57.32810100125229,37.13569360768573,58.25963450963021,12.391061333978733
PedNYC19,PedNYC19_scenario12,12,14.0,-4.750141991867214,46.06649549352125,24.156474030130934,57.33087528543453,36.151444685682485,58.2599069510196,12.030894433216616
PedNYC19,PedNYC19_scenario12,12,15.0,-4.714846237393144,46.09047097767794,23.528856194863394,57.333792734068446,35.17426298330261,58.259832307840426,11.682167973472133
PedNYC19,PedNYC19_scenario12,12,16.0,-4.673526483442382,46.108606962770686,22.897139922154185,57.33706415842876,34.20370264223071,58.259080896920025,11.344094296552823
PedNYC19,PedNYC19_scenario12,12,17.0,-4.628238486423455,46.12501391953028,22.26160027728445,57.34078341772605,33.23800375852567,58.257361878879074,11.014606187170472
PedNYC19,PedNYC19_scenario12,12,18.0,-4.577271752725656,46.139210512343354,21.62258844041575,57.34489653307879,32.27666453121885,58.25619740815301,10.692979315117618
PedNYC19,PedNYC19_scenario12,12,19.0,-4.533682671009317,46.14758764270725,20.982702021469837,57.349363454134064,31.323291858409526,58.256235407089534,10.380280098093579
PedNYC19,PedNYC19_scenario12,12,20.0,-4.498811559915852,46.15473816617382,20.349529205873587,57.35406133198746,30.381292288594086,58.25779612343453,10.072388352377294
PedNYC19,PedNYC19_scenario12,12,21.0,-4.480014118451545,46.16875368485863,19.72851864717572,57.35878646404105,29.45298717689417,58.26064287979181,9.766198501981993
PedNYC19,PedNYC19_scenario12,12,22.0,-4.4689257600275045,46.188018255939866,19.121702774033928,57.36339533351348,28.540255768680023,58.2644675222773,9.461557567457938
PedNYC19,PedNYC19_scenario12,12,23.0,-4.458804437647135,46.20229037125439,18.529741648209985,57.36792669459846,27.64435050663565,58.26898153921581,9.159038949316681
PedNYC19,PedNYC19_scenario12,12,24.0,-4.452083838104555,46.202216330790215,17.952609026866764,57.37236284844233,26.769569517470867,58.273776281609734,8.862919297295242
PedNYC19,PedNYC19_scenario12,12,25.0,-4.449681758880615,46.19086837768555,17.390045166015625,57.37661743164063,25.910904890378447,58.278248445782665,8.568429781933867
PedNYC19,PedNYC19_scenario12,12,26.0,-4.451393134864422,46.172132902164165,16.841969888190707,57.38052016862941,25.06654373192686,58.282509185581844,8.27388657752641
PedNYC19,PedNYC19_scenario12,12,27.0,-4.451774153894758,46.14684070727737,16.307874450918195,57.384338065856575,24.24631941777884,58.28643462840655,7.9895360753950895
PedNYC19,PedNYC19_scenario12,12,28.0,-4.446059781608202,46.12148273493494,15.787401732056795,57.38836114460311,23.459697760336443,58.29018492964262,7.72511569394392
PedNYC19,PedNYC19_scenario12,12,29.0,-4.43407723772264,46.10083054110128,15.280177752528214,57.39320085907019,22.69636539711844,58.294249814217046,7.470724757300592
PedNYC19,PedNYC19_scenario12,12,30.0,-4.418247226566078,46.08970066576971,14.78588699422748,57.39925859814471,21.94820042075727,58.29913889521508,7.218623010582029
PedNYC19,PedNYC19_scenario12,12,31.0,-4.399190305111324,46.090065977697456,14.304232623239987,57.40661189624051,21.21257410263812,58.30566005200966,6.966596700137353
PedNYC19,PedNYC19_scenario12,12,32.0,-4.378222243741067,46.099816871950615,13.83491235743204,57.41557464632601,20.4896373961614,58.31532623139423,6.715274994810283
PedNYC19,PedNYC19_scenario12,12,33.0,-4.353052094331739,46.118048247865794,13.377636804142176,57.427151588671244,19.778258904111915,58.32969461514236,6.463942077498272
PedNYC19,PedNYC19_scenario12,12,34.0,-4.328353517572005,46.13888666215637,12.932357331077014,57.44388804829096,19.075671899909,58.34948501642774,6.2097036773361305
PedNYC19,PedNYC19_scenario12,12,35.0,-4.299433329672584,46.16612316240145,12.499119346644601,57.46799674549927,18.38269116014392,58.37548218212464,5.953145983619989
PedNYC19,PedNYC19_scenario12,12,36.0,-4.273202497200501,46.194204457089214,12.078106711876394,57.50161919041453,17.701631218148336,58.40755736482897,5.696029481007138
PedNYC19,PedNYC19_scenario12,12,37.0,-4.251234747160323,46.22207071023436,11.669619599258555,57.54633141039112,17.03871633797956,58.445889008465656,5.443932738563013
PedNYC19,PedNYC19_scenario12,12,38.0,-4.2360345379561775,46.24458414797606,11.274281994140821,57.60401126554189,16.398809604993367,58.491339672253964,5.200782146537988
PedNYC19,PedNYC19_scenario12,12,39.0,-4.226900830834924,46.26032123417647,10.892633826679868,57.675313565264354,15.781241712659979,58.544444111484935,4.965266857807404
PedNYC19,PedNYC19_scenario12,12,40.0,-4.2244753154790455,46.26896126690388,10.525081887765557,57.76007441500315,15.18908388533875,58.605672591525064,4.740037015625924
PedNYC19,PedNYC19_scenario12,12,41.0,-4.228000138287254,46.26599591598664,10.172242708928952,57.85852335412417,14.626993050516601,58.67538543121522,4.52902464763273
PedNYC19,PedNYC19_scenario12,12,42.0,-4.233968143213868,46.25401028788131,9.835493186192256,57.97161717763783,14.091708017778329,58.75338790901953,4.327416107685779
PedNYC19,PedNYC19_scenario12,12,43.0,-4.240271135449427,46.233418301858315,9.516225031324543,58.09969535130789,13.578120184118934,58.84184317593058,4.1291373948909404
PedNYC19,PedNYC19_scenario12,12,44.0,-4.246289485685246,46.209473615193744,9.214989391321957,58.24165709267401,13.08102647081492,58.94398534653678,3.929313893822738
PedNYC19,PedNYC19_scenario12,12,45.0,-4.251802418362898,46.18986187715255,8.931995429098249,58.39603090842981,12.590194528284563,59.05914462151463,3.7178139337208234
PedNYC19,PedNYC19_scenario12,12,46.0,-4.256420809984471,46.17110679936948,8.668066246645985,58.561872374253674,12.102360029568924,59.18350669773941,3.4901007176811847
PedNYC19,PedNYC19_scenario12,12,47.0,-4.25797845426873,46.155758488363254,8.42371808900074,58.73784390603804,11.617138373825192,59.318847407479296,3.2458432162098165
PedNYC19,PedNYC19_scenario12,12,48.0,-4.260357388436052,46.14756964876577,8.199090399357459,58.92228327561323,11.137621404805783,59.468064892645664,2.9887860484604234
PedNYC19,PedNYC19_scenario12,12,49.0,-4.265638960196502,46.14461223785763,7.993534660990015,59.11319819781069,10.665328092731077,59.633570014663505,2.721996871722923
PedNYC19,PedNYC19_scenario12,12,50.0,-4.273946762084961,46.14861679077149,7.804949760437012,59.308204650878906,10.198990412960075,59.817600149339,2.4476344538726496
PedNYC19,PedNYC19_scenario12,12,51.0,-4.282684414469113,46.15756529544711,7.630875576260122,59.50726537824062,9.736661193854992,60.02040141884621,2.16740436085143
PedNYC19,PedNYC19_scenario12,12,52.0,-4.291433417928252,46.17437127920297,7.466406731547566,59.71297155384006,9.276195098326903,60.24455522155443,1.8862436556050968
PedNYC19,PedNYC19_scenario12,12,53.0,-4.298323477327764,46.19554211075781,7.307397756492684,59.92897591773937,8.821102246325811,60.490181581407334,1.6143893828546956
PedNYC19,PedNYC19_scenario12,12,54.0,-4.301722412799441,46.221984086522156,7.152231200347461,60.15877999307696,8.381659586023506,60.75932475157929,1.3682646536655945
PedNYC19,PedNYC19_scenario12,12,55.0,-4.303213358876203,46.25620229654446,7.001027644628496,60.40499022010082,7.965156108921817,61.05219150542086,1.1612119528236458
PedNYC19,PedNYC19_scenario12,12,56.0,-4.300497856510371,46.2897693780844,6.854041774951184,60.669252279335964,7.571109398186001,61.36710007286979,1.0005885863988546
PedNYC19,PedNYC19_scenario12,12,57.0,-4.291445350152105,46.32389953683663,6.710458745549987,60.95217430955288,7.200245381244778,61.70315768268934,0.8965862898977609
PedNYC19,PedNYC19_scenario12,12,58.0,-4.271838970268637,46.3625166362443,6.570514845835482,61.25423621004149,6.852723317309879,62.06001112542593,0.8537650939425415
PedNYC19,PedNYC19_scenario12,12,59.0,-4.239277180684659,46.40649988988863,6.435162152182342,61.57627175764171,6.523191860441074,62.4369783694124,0.8651965678861047
PedNYC19,PedNYC19_scenario12,12,60.0,-4.1977139819231395,46.4518207677798,6.30546773902183,61.91921270127907,6.206691900134203,62.83217772179295,0.9182928699657119
PedNYC19,PedNYC19_scenario12,12,61.0,-4.152330100264284,46.498950413714134,6.181793368682326,62.28429070100054,5.902164369555165,63.2439183929818,0.9995387358027332
PedNYC19,PedNYC19_scenario12,12,62.0,-4.11823784549548,46.548127730049785,6.064823813574276,62.67251173791128,5.610336659923215,63.67267545220533,1.0985836464395058
PedNYC19,PedNYC19_scenario12,12,63.0,-4.097304459738032,46.59902680567992,5.955469406075511,63.08450755798988,5.323008303322117,64.1188609952821,1.2123918837299594
PedNYC19,PedNYC19_scenario12,12,64.0,-4.083721121986568,46.65553114813202,5.855017315824195,63.520484277872484,5.036584843289467,64.58369321574347,1.34173207372711
PedNYC19,PedNYC19_scenario12,12,65.0,-4.078645091418123,46.72065334973477,5.764593649682609,63.980304386089614,4.750447566142563,65.06863845799356,1.4876032168648436
PedNYC19,PedNYC19_scenario12,12,66.0,-4.087475018379168,46.7918256307756,5.685129847467214,64.4633759154159,4.468189414784446,65.56657805099579,1.6425586652068644
PedNYC19,PedNYC19_scenario12,12,67.0,-4.110783818650544,46.8673194288762,5.617656348525331,64.96924934339691,4.197012734630596,66.06812201576122,1.7960371454312873
PedNYC19,PedNYC19_scenario12,12,68.0,-4.139449169458278,46.93986041748948,5.562985005752902,65.49731498528934,3.944866358070973,66.58073324633746,1.947332299929453
PedNYC19,PedNYC19_scenario12,12,69.0,-4.160237403874015,47.00190962495115,5.521561146741902,66.04613260442959,3.715882901097408,67.12537958409787,2.103627336273441
PedNYC19,PedNYC19_scenario12,12,70.0,-4.169387176939842,47.06529715518745,5.491403324868792,66.61294437900771,3.5107432505636527,67.69482272677698,2.2568728562589406
PedNYC19,PedNYC19_scenario12,12,71.0,-4.167151174018058,47.129514041252605,5.468377447498362,67.19535507241622,3.328472411742039,68.28497860698805,2.4013481649165485
PedNYC19,PedNYC19_scenario12,12,72.0,-4.153300971606574,47.200570657219686,5.449525238693909,67.79213459116866,3.1623891388086274,68.9065016802853,2.544170896128
PedNYC19,PedNYC19_scenario12,12,73.0,-4.128460136057945,47.2801275787836,5.43161756256548,68.40297598389701,3.0108253256011794,69.56086106194198,2.6834554046053807
PedNYC19,PedNYC19_scenario12,12,74.0,-4.102858451382004,47.35561410688835,5.409513870897884,69.02743734001737,2.8731001237263833,70.24976074418016,2.8155761757062607
PedNYC19,PedNYC19_scenario12,12,75.0,-4.080204010009766,47.4393310546875,5.379446029663086,69.66486358642578,2.7511154316043696,70.9700878986686,2.934575307938342
PedNYC19,PedNYC19_scenario12,12,76.0,-4.069605493570734,47.51398290213426,5.34118060135964,70.31485128826554,2.6485434314250207,71.73561803677298,3.0444823997812662
PedNYC19,PedNYC19_scenario12,12,77.0,-4.067343140922263,47.589780469793695,5.295123286291471,70.97710236223269,2.5707857203909934,72.55377376160092,3.1476829374259303
PedNYC19,PedNYC19_scenario12,12,78.0,-4.072836880612189,47.66593862705948,5.240646229652636,71.65122715788677,2.5064543638527406,73.390750484684,3.240639838593307
PedNYC19,PedNYC19_scenario12,12,79.0,-4.085384686115881,47.73873416506757,5.178333865979355,72.33698882125556,2.4528930771397404,74.22718292311575,3.3167546240531194
PedNYC19,PedNYC19_scenario12,12,80.0,-4.106003193407843,47.82323813160052,5.113199722599056,73.0345720597131,2.408499749361579,75.04937993483972,3.3726625563348405
PedNYC19,PedNYC19_scenario12,12,81.0,-4.12379647206236,47.9065693839844,5.0517269289259294,73.74213032921108,2.368308445556665,75.8430779257391,3.4080369071130447
PedNYC19,PedNYC19_scenario12,12,82.0,-4.1315420287120395,47.98956677786856,4.998368372436283,74.45430184977727,2.328955323315088,76.6028567152043,3.426668066295403
PedNYC19,PedNYC19_scenario12,12,83.0,-4.129791886185727,48.078124811583685,4.9561606539909215,75.16387614379995,2.2918853785983626,77.3374849981854,3.4384499698164754
PedNYC19,PedNYC19_scenario12,12,84.0,-4.123646746546407,48.159733268200036,4.928026251576862,75.86270107583987,2.262278322869643,78.05150763926059,3.4492153008301
PedNYC19,PedNYC19_scenario12,12,85.0,-4.113397523738601,48.240083630216844,4.9157746387903805,76.54642991117437,2.2405849283075856,78.73938537830341,3.4591463784992045
PedNYC19,PedNYC19_scenario12,12,86.0,-4.100382327094115,48.31579306211212,4.919012526217654,77.21344425628652,2.240607211049289,79.36257556513357,3.4340384993457436
PedNYC19,PedNYC19_scenario12,12,87.0,-4.088838163391525,48.39902914996012,4.936116586510235,77.86339014143428,2.2458056181248423,79.92032240692816,3.38655332918951
PedNYC19,PedNYC19_scenario12,12,88.0,-4.086627717170025,48.47476790295327,4.965869150930162,78.49622985916089,2.2558098990027897,80.42013712917431,3.323528295737472
PedNYC19,PedNYC19_scenario12,12,89.0,-4.0940007041293685,48.540582017289594,5.006045945024167,79.11220010691372,2.261968674024913,80.84642963737438,3.246153436536316
PedNYC19,PedNYC19_scenario12,12,90.0,-4.105772738556845,48.59962512664069,5.052778693179775,79.71189241588462,2.2657773512810104,81.21323884730525,3.165662266712128
PedNYC19,PedNYC19_scenario12,12,91.0,-4.126930722565766,48.67308024712197,5.10143970195697,80.29600986852229,2.269287207500214,81.53530645185099,3.0914307000655543
PedNYC19,PedNYC19_scenario12,12,92.0,-4.148197494019628,48.74130683563399,5.147304386154632,80.85111855578808,2.272877634208354,81.82192764078226,3.033941237369583
PedNYC19,PedNYC19_scenario12,12,93.0,-4.163042395327572,48.81954717092431,5.185166073037345,81.33461113155167,2.276270857982402,82.08157546392341,3.003269399505331
PedNYC19,PedNYC19_scenario12,12,94.0,-4.161408527858917,48.88759115119883,5.213921098196495,81.7192569654815,2.279591689071795,82.32097120609274,2.9953879729691884
PedNYC19,PedNYC19_scenario12,12,95.0,-4.1425564961379955,48.947818933369796,5.2340327434479486,81.99684711414997,2.2826748088406736,82.53645376779066,3.000281486597986
PedNYC19,PedNYC19_scenario12,12,96.0,-4.115896633327653,48.99184433514101,5.245745727999224,82.16380443830674,2.285409157183181,82.72531480281403,3.0131190653474
PedNYC19,PedNYC19_scenario12,12,97.0,-4.081697410672312,49.02899868277922,5.249727711042956,82.22183567671023,2.28793688764587,82.88645323736631,3.035444182239501
PedNYC19,PedNYC19_scenario12,12,98.0,-4.051136248845233,49.059187303298025,5.24995036343111,82.2246492602787,2.2904799665480953,83.02040692480422,3.064587295326734
PedNYC19,PedNYC19_scenario12,12,99.0,-4.028370385153079,49.08210029284068,5.249993741221043,82.2252074838587,2.29315418468445,83.12843682711289,3.0917185204372863
PedNYC19,PedNYC19_scenario12,12,100.0,-4.012985229492188,49.09705352783203,5.2500200271606445,82.22560119628906,2.165416012207667,83.5742031733195,3.366527769306893
PedNYC1,PedNYC1_scenario12,12,0.0,-5.044317245483398,45.56938171386719,30.758102416992188,58.27684783935547,49.71087803038519,58.21886866836355,18.952864296350917
PedNYC1,PedNYC1_scenario12,12,1.0,-5.044287993919657,45.63074155402862,30.082920641403387,58.269286972595495,48.81154167601853,58.22203667144088,18.728680638240053
PedNYC1,PedNYC1_scenario12,12,2.0,-5.068726124670415,45.67712335430952,29.42668585513773,58.26078348376053,47.899549641264926,58.226024529765546,18.47289648771119
PedNYC1,PedNYC1_scenario12,12,3.0,-5.083665648333939,45.696079241830326,28.788451293115166,58.25185926277485,46.97607816037263,58.23084442743293,18.18763900801558
PedNYC1,PedNYC1_scenario12,12,4.0,-5.087167410725817,45.70571435388652,28.168412909255203,58.24290127252245,46.03776523118833,58.235631171228775,17.86935380084433
PedNYC1,PedNYC1_scenario12,12,5.0,-5.08546481317831,45.720163682789796,27.564341570738872,58.23418910308343,45.082804449089096,58.24113517646439,17.518464255409782
PedNYC1,PedNYC1_scenario12,12,6.0,-5.07484486122816,45.744903936802345,26.97694294095159,58.22579811661445,44.109915970367936,58.24688368349451,17.132986004425454
PedNYC1,PedNYC1_scenario12,12,7.0,-5.053554973135499,45.78576434340125,26.404609130969767,58.21764918722,43.12826137257003,58.25136525943814,16.72368622856538
PedNYC1,PedNYC1_scenario12,12,8.0,-5.029068415437906,45.851626809409666,25.849349325788182,58.20977938669746,42.13297447199011,58.25438884094464,16.283686250521654
PedNYC1,PedNYC1_scenario12,12,9.0,-5.00918321168896,45.944210686799465,25.307740239108533,58.20214646375906,41.130803373103205,58.257312109930595,15.823159298664057
PedNYC1,PedNYC1_scenario12,12,10.0,-4.994535482295306,46.05228803760447,24.77792857610782,58.19472460189485,40.12522966015949,58.25923090649846,15.347436646810674
PedNYC1,PedNYC1_scenario12,12,11.0,-4.9722874177088165,46.14953349344507,24.25636083711526,58.1874513392082,39.121588677301794,58.25954062733463,14.865402638546977
PedNYC1,PedNYC1_scenario12,12,12.0,-4.935021407985446,46.24347871902778,23.744290460811964,58.180353803946716,38.125927755410686,58.259449216380716,14.38185479545879
PedNYC1,PedNYC1_scenario12,12,13.0,-4.890537820377374,46.339525325839475,23.239631618678573,58.17340209880437,37.13569360768573,58.25963450963021,13.896329545279444
PedNYC1,PedNYC1_scenario12,12,14.0,-4.843099564976162,46.4315937461871,22.74235980662024,58.16660501837506,36.151444685682485,58.2599069510196,13.409409477845434
PedNYC1,PedNYC1_scenario12,12,15.0,-4.79029412725721,46.53219683942157,22.253077579195207,58.159942448407854,35.17426298330261,58.259832307840426,12.921571507805686
PedNYC1,PedNYC1_scenario12,12,16.0,-4.7455176427376236,46.637712380133706,21.771514845794016,58.15342290996083,34.20370264223071,58.259080896920025,12.432636768444484
PedNYC1,PedNYC1_scenario12,12,17.0,-4.702222118043797,46.75253677095101,21.296490403531187,58.14706872836269,33.23800375852567,58.257361878879074,11.942022684058276
PedNYC1,PedNYC1_scenario12,12,18.0,-4.663710582663028,46.86607494942298,20.828870028602243,58.14098358008337,32.27666453121885,58.25619740815301,11.448374260143554
PedNYC1,PedNYC1_scenario12,12,19.0,-4.635469709044873,46.98947264244134,20.368087163875476,58.13520278525013,31.323291858409526,58.256235407089534,10.955873255687573
PedNYC1,PedNYC1_scenario12,12,20.0,-4.617267221870243,47.11550599693913,19.912579725105136,58.129651262752446,30.381292288594086,58.25779612343453,10.469496828514282
PedNYC1,PedNYC1_scenario12,12,21.0,-4.599416432495388,47.24403133489165,19.464409305546756,58.12433254746564,29.45298717689417,58.26064287979181,9.989507915741902
PedNYC1,PedNYC1_scenario12,12,22.0,-4.578860004642585,47.363773101977955,19.022210236432006,58.11923492823643,28.540255768680023,58.2644675222773,9.519153494944721
PedNYC1,PedNYC1_scenario12,12,23.0,-4.553596188990955,47.46907206619732,18.585377440164404,58.114330126878315,27.64435050663565,58.26898153921581,9.060293045944453
PedNYC1,PedNYC1_scenario12,12,24.0,-4.501689262444782,47.61252772024731,18.154158262390315,58.109663116177074,26.769569517470867,58.273776281609734,8.616974191979281
PedNYC1,PedNYC1_scenario12,12,25.0,-4.455515038866679,47.77733640763346,17.72828245521037,58.10537541009521,25.910904890378447,58.278248445782665,8.18444836277826
PedNYC1,PedNYC1_scenario12,12,26.0,-4.431131592818127,47.89658409187749,17.308060711186318,58.10163863707277,25.06654373192686,58.282509185581844,7.760591017341222
PedNYC1,PedNYC1_scenario12,12,27.0,-4.410408240065552,48.03605717293148,16.89186758148394,58.09858582449147,24.24631941777884,58.28643462840655,7.356850480029735
PedNYC1,PedNYC1_scenario12,12,28.0,-4.402774085151912,48.174903217132865,16.479997100425475,58.09630277467015,23.459697760336443,58.29018492964262,6.982392970320302
PedNYC1,PedNYC1_scenario12,12,29.0,-4.391012529855375,48.34218592852003,16.070853812486593,58.095041745177035,22.69636539711844,58.294249814217046,6.628505684757423
PedNYC1,PedNYC1_scenario12,12,30.0,-4.377589101989107,48.47445596246016,15.664152078940232,58.09526925396651,21.94820042075727,58.29913889521508,6.287354482842232
PedNYC1,PedNYC1_scenario12,12,31.0,-4.370202033202916,48.6060759862447,15.258058118616427,58.09754547145239,21.21257410263812,58.30566005200966,5.958151750552376
PedNYC1,PedNYC1_scenario12,12,32.0,-4.365364047102769,48.72264954905288,14.852807959657595,58.10277132926022,20.4896373961614,58.31532623139423,5.640835548272702
PedNYC1,PedNYC1_scenario12,12,33.0,-4.355987406536361,48.867782943966034,14.448708584982246,58.11196681773873,19.778258904111915,58.32969461514236,5.333995875316871
PedNYC1,PedNYC1_scenario12,12,34.0,-4.339364917194822,49.022226892126994,14.049426447735769,58.12615390401116,19.075671899909,58.34948501642774,5.03120464016972
PedNYC1,PedNYC1_scenario12,12,35.0,-4.319136654324814,49.15496720413981,13.658781461183368,58.14663216179387,18.38269116014392,58.37548218212464,4.729449775157675
PedNYC1,PedNYC1_scenario12,12,36.0,-4.296663100620779,49.27743472836214,13.27860240716805,58.17479476762525,17.701631218148336,58.40755736482897,4.42914916089069
PedNYC1,PedNYC1_scenario12,12,37.0,-4.27749469776716,49.386588749356505,12.909727997686378,58.21158510344296,17.03871633797956,58.445889008465656,4.135630911262022
PedNYC1,PedNYC1_scenario12,12,38.0,-4.256422012771596,49.53118279157937,12.552075197504353,58.25762165795714,16.398809604993367,58.491339672253964,3.8538279297299605
PedNYC1,PedNYC1_scenario12,12,39.0,-4.235501202698797,49.68364266758568,12.20614588214663,58.31340629692789,15.781241712659979,58.544444111484935,3.5825533728207346
PedNYC1,PedNYC1_scenario12,12,40.0,-4.221338188911277,49.80322973271394,11.873120144490816,58.379681866936004,15.18908388533875,58.605672591525064,3.323655718966469
PedNYC1,PedNYC1_scenario12,12,41.0,-4.213957650029044,49.87181665863789,11.553036535122029,58.45794950762825,14.626993050516601,58.67538543121522,3.08163707133122
PedNYC1,PedNYC1_scenario12,12,42.0,-4.211759945199154,49.89193436685329,11.24795373234051,58.54889695248633,14.091708017778329,58.75338790901953,2.8510971550001267
PedNYC1,PedNYC1_scenario12,12,43.0,-4.1820911202424575,50.161087071652794,10.961862512475559,58.64992707062167,13.578120184118934,58.84184317593058,2.6232872499804043
PedNYC1,PedNYC1_scenario12,12,44.0,-4.165427658748966,50.3508482327256,10.695984646608554,58.757274062898006,13.08102647081492,58.94398534653678,2.392338940587573
PedNYC1,PedNYC1_scenario12,12,45.0,-4.15843087680273,50.517726438289415,10.450115006718097,58.86771986022589,12.590194528284563,59.05914462151463,2.1486236985248506
PedNYC1,PedNYC1_scenario12,12,46.0,-4.1577196700490875,50.66613176881361,10.223054273075142,58.97877936351616,12.102360029568924,59.18350669773941,1.8904241343594892
PedNYC1,PedNYC1_scenario12,12,47.0,-4.15146918677902,50.81759010854545,10.018372415257796,59.08734932755474,11.617138373825192,59.318847407479296,1.6154392440703802
PedNYC1,PedNYC1_scenario12,12,48.0,-4.142826916710972,50.98347649692842,9.834398859116067,59.192268320231555,11.137621404805783,59.468064892645664,1.3320858654566354
PedNYC1,PedNYC1_scenario12,12,49.0,-4.135190666178153,51.14707249484273,9.670069883189797,59.29276380873211,10.665328092731077,59.633570014663505,1.0519922878332644
PedNYC1,PedNYC1_scenario12,12,50.0,-4.129615603138676,51.32280402217604,9.516525509848655,59.39323519419101,10.198990412960075,59.817600149339,0.8036441744557339
PedNYC1,PedNYC1_scenario12,12,51.0,-4.127076349697991,51.486485001245526,9.3715697449976,59.49554507314512,9.736661193854992,60.02040141884621,0.6393480661200891
PedNYC1,PedNYC1_scenario12,12,52.0,-4.124539749023126,51.64353715377747,9.239634134878735,59.60091345069108,9.276195098326903,60.24455522155443,0.6446793259042544
PedNYC1,PedNYC1_scenario12,12,53.0,-4.113616203596049,51.81428102134584,9.122830883278352,59.70214316786961,8.821102246325811,60.490181581407334,0.843827418118359
PedNYC1,PedNYC1_scenario12,12,54.0,-4.094167846161247,51.96694949878048,9.013659033754623,59.80396194674495,8.381659586023506,60.75932475157929,1.145487403157879
PedNYC1,PedNYC1_scenario12,12,55.0,-4.065195505024625,52.11294232734478,8.905556379712543,59.914327809646906,7.965156108921817,61.05219150542086,1.4761729097445282
PedNYC1,PedNYC1_scenario12,12,56.0,-4.039515518322454,52.248254746496045,8.796253255252104,60.0372145907303,7.571109398186001,61.36710007286979,1.8081960253557097
PedNYC1,PedNYC1_scenario12,12,57.0,-4.0140231462922475,52.396525071636646,8.684716466419037,60.17407110941539,7.200245381244778,61.70315768268934,2.131140575205004
PedNYC1,PedNYC1_scenario12,12,58.0,-3.984689949350481,52.536932724820254,8.569952482767027,60.32691160950851,6.852723317309879,62.06001112542593,2.439776616571661
PedNYC1,PedNYC1_scenario12,12,59.0,-3.9513719523489548,52.692208505241574,8.451944474071746,60.49874252521893,6.523191860441074,62.4369783694124,2.7343819836122987
PedNYC1,PedNYC1_scenario12,12,60.0,-3.9267485507804927,52.83747427828931,8.33124211845524,60.692524037202176,6.206691900134203,62.83217772179295,3.015266409482063
PedNYC1,PedNYC1_scenario12,12,61.0,-3.9017011720325576,52.994022388683135,8.208393554542472,60.9109288612158,5.902164369555165,63.2439183929818,3.2804775885558093
PedNYC1,PedNYC1_scenario12,12,62.0,-3.8786899966876938,53.165358751725066,8.083247715524257,61.154971256006476,5.610336659923215,63.67267545220533,3.529040026476207
PedNYC1,PedNYC1_scenario12,12,63.0,-3.860673434633135,53.32337867400873,7.955187934272517,61.42682147824638,5.323008303322117,64.1188609952821,3.7650293984074166
PedNYC1,PedNYC1_scenario12,12,64.0,-3.8393523244828542,53.48498494020903,7.825899877620002,61.72717952765493,5.036584843289467,64.58369321574347,3.9924865448714426
PedNYC1,PedNYC1_scenario12,12,65.0,-3.8307549947988515,53.65689944547449,7.696917819522193,62.05882353095686,4.750447566142563,65.06863845799356,4.211967811969123
PedNYC1,PedNYC1_scenario12,12,66.0,-3.826249575696214,53.82193398658877,7.568767679810431,62.423137634556966,4.468189414784446,65.56657805099579,4.415291975538268
PedNYC1,PedNYC1_scenario12,12,67.0,-3.819376618094302,53.98148543001714,7.439512629701494,62.82009657459917,4.197012734630596,66.06812201576122,4.589496141840704
PedNYC1,PedNYC1_scenario12,12,68.0,-3.8140092989689793,54.13876141350604,7.3046039353583545,63.24987149282864,3.944866358070973,66.58073324633746,4.731012218249361
PedNYC1,PedNYC1_scenario12,12,69.0,-3.809841966279794,54.31686564121292,7.16167379094185,63.710398628124636,3.715882901097408,67.12537958409787,4.851347213526859
PedNYC1,PedNYC1_scenario12,12,70.0,-3.810868478918186,54.47380263074955,7.006294852948578,64.204171661634,3.5107432505636527,67.69482272677698,4.93999249630195
PedNYC1,PedNYC1_scenario12,12,71.0,-3.818080706285516,54.6382955108975,6.8468738027518565,64.73211233145962,3.328472411742039,68.28497860698805,5.000200707976338
PedNYC1,PedNYC1_scenario12,12,72.0,-3.821687759282227,54.79738017484554,6.6903626748091165,65.29620543415746,3.1623891388086274,68.9065016802853,5.047854619095582
PedNYC1,PedNYC1_scenario12,12,73.0,-3.8162136566834537,54.95662591369139,6.544262760711229,65.89204840067733,3.0108253256011794,69.56086106194198,5.093659436131641
PedNYC1,PedNYC1_scenario12,12,74.0,-3.7971449340362984,55.13815003351819,6.402491408365786,66.51789096785672,2.8731001237263833,70.24976074418016,5.136482733108815
PedNYC1,PedNYC1_scenario12,12,75.0,-3.776637743113107,55.29058752508278,6.2678366731280075,67.17222592572638,2.7511154316043696,70.9700878986686,5.176010418855829
PedNYC1,PedNYC1_scenario12,12,76.0,-3.759367386516067,55.42888745478537,6.1437485822891205,67.85629158286848,2.6485434314250207,71.73561803677298,5.2216503887746235
PedNYC1,PedNYC1_scenario12,12,77.0,-3.7411014144791452,55.602895139220465,6.034523721900679,68.56751269840626,2.5707857203909934,72.55377376160092,5.280886119492082
PedNYC1,PedNYC1_scenario12,12,78.0,-3.7265301019662678,55.75351687939878,5.941235616841553,69.30432942060195,2.5064543638527406,73.390750484684,5.338216871658265
PedNYC1,PedNYC1_scenario12,12,79.0,-3.7066581738433135,55.95339606913924,5.862484846395914,70.06641276220246,2.4528930771397404,74.22718292311575,5.3793423729045005
PedNYC1,PedNYC1_scenario12,12,80.0,-3.6844394059178427,56.11862865825227,5.800036438539616,70.8537834932652,2.408499749361579,75.04937993483972,5.394956034537587
PedNYC1,PedNYC1_scenario12,12,81.0,-3.6530082422841432,56.30318491094687,5.755474469603932,71.66544143741862,2.368308445556665,75.8430779257391,5.378246954445918
PedNYC1,PedNYC1_scenario12,12,82.0,-3.627362759240469,56.436431294944114,5.724941327103478,72.50143900703145,2.328955323315088,76.6028567152043,5.324880107086021
PedNYC1,PedNYC1_scenario12,12,83.0,-3.5975553824712048,56.579995743138916,5.700443640143775,73.35853446651308,2.2918853785983626,77.3374849981854,5.239304987862891
PedNYC1,PedNYC1_scenario12,12,84.0,-3.5596928435324355,56.76914502281789,5.6761450077312325,74.23397830891571,2.262278322869643,78.05150763926059,5.1213295080527
PedNYC1,PedNYC1_scenario12,12,85.0,-3.530574584743234,56.9412775998781,5.649908390520574,75.12405954675513,2.2405849283075856,78.73938537830341,4.969312561940152
PedNYC1,PedNYC1_scenario12,12,86.0,-3.505939973154677,57.09792596146731,5.6206097161045,76.02870290252464,2.240607211049289,79.36257556513357,4.747538716500438
PedNYC1,PedNYC1_scenario12,12,87.0,-3.485981091399152,57.251169913022736,5.585669055838778,76.94346058043745,2.2458056181248423,79.92032240692816,4.47396849749705
PedNYC1,PedNYC1_scenario12,12,88.0,-3.47071468951757,57.363960487238174,5.540059611838696,77.8694877353026,2.2558098990027897,80.42013712917431,4.158378110119479
PedNYC1,PedNYC1_scenario12,12,89.0,-3.4522678485205116,57.49064422583013,5.482127538719438,78.80568391333458,2.261968674024913,80.84642963737438,3.8123570430978124
PedNYC1,PedNYC1_scenario12,12,90.0,-3.4324812394078847,57.6369964013164,5.412345932516216,79.75243108409803,2.2657773512810104,81.21323884730525,3.4691285876229783
PedNYC1,PedNYC1_scenario12,12,91.0,-3.410979603163539,57.76542490256331,5.334878779728274,80.70854251121726,2.269287207500214,81.53530645185099,3.1751205175942396
PedNYC1,PedNYC1_scenario12,12,92.0,-3.396955608279273,57.86108138077955,5.256107186422114,81.67302313615454,2.272877634208354,81.82192764078226,2.9869434398227126
PedNYC1,PedNYC1_scenario12,12,93.0,-3.3888914745546557,57.92995053862448,5.1825335098429814,82.6334136297384,2.276270857982402,82.08157546392341,2.9581899808581826
PedNYC1,PedNYC1_scenario12,12,94.0,-3.3851859322959528,57.99729364728165,5.122873188033242,83.57951727472151,2.279591689071795,82.32097120609274,3.1093709796673337
PedNYC1,PedNYC1_scenario12,12,95.0,-3.397066850856666,58.060879506603314,5.083095774167339,84.50215431049403,2.2826748088406736,82.53645376779066,3.42145235340571
PedNYC1,PedNYC1_scenario12,12,96.0,-3.41370317772341,58.109884258849675,5.064132471165477,85.40262796229918,2.285409157183181,82.72531480281403,3.858666739901377
PedNYC1,PedNYC1_scenario12,12,97.0,-3.42864754645634,58.152468916078746,5.066265985417027,86.27678069160223,2.28793688764587,82.88645323736631,4.383312996178538
PedNYC1,PedNYC1_scenario12,12,98.0,-3.438121058282877,58.189199250234196,5.087834830856625,87.11170071794938,2.2904799665480953,83.02040692480422,4.956196035136087
PedNYC1,PedNYC1_scenario12,12,99.0,-3.4432596657773726,58.220290395241506,5.122603848957273,87.88507333586658,2.29315418468445,83.12843682711289,5.534561977163329
PedNYC1,PedNYC1_scenario12,12,100.0,-3.44779109954834,58.23875427246094,5.163542747497559,88.58827209472656,2.165416012207667,83.5742031733195,5.842058804007383
PedNYC20,PedNYC20_scenario12,12,0.0,-5.080901622772217,45.491844177246094,38.43540191650391,58.290672302246094,49.71087803038519,58.21886866836355,11.275704738797744
PedNYC20,PedNYC20_scenario12,12,1.0,-5.053458372458006,45.549975344975394,37.68563681879466,58.29811925748674,48.81154167601853,58.22203667144088,11.1261649930197
PedNYC20,PedNYC20_scenario12,12,2.0,-5.024490663628516,45.64697120685565,36.942325187316165,58.30541687712232,47.899549641264926,58.226024529765546,10.957512075240052
PedNYC20,PedNYC20_scenario12,12,3.0,-4.9957741571400165,45.76772288451013,36.20527917374547,58.31255030187483,46.97607816037263,58.23084442743293,10.771108887215236
PedNYC20,PedNYC20_scenario12,12,4.0,-4.965880247926397,45.88391138081717,35.47489814714441,58.319554000508,46.03776523118833,58.235631171228775,10.563200465600035
PedNYC20,PedNYC20_scenario12,12,5.0,-4.929162652110032,46.00105821789757,34.750253438686116,58.326420503388235,45.082804449089096,58.24113517646439,10.33290297881327
PedNYC20,PedNYC20_scenario12,12,6.0,-4.886406280792249,46.11713738464768,34.03105888986217,58.333153558398294,44.109915970367936,58.24688368349451,10.079226286802825
PedNYC20,PedNYC20_scenario12,12,7.0,-4.829004292202553,46.256423535432425,33.31820508894226,58.33979271252311,43.12826137257003,58.25136525943814,9.810454816286748
PedNYC20,PedNYC20_scenario12,12,8.0,-4.779952204284609,46.40802496144196,32.610541972971966,58.3466136028158,42.13297447199011,58.25438884094464,9.52287908697045
PedNYC20,PedNYC20_scenario12,12,9.0,-4.753449506844642,46.55464180551142,31.907832539512174,58.35370728363842,41.130803373103205,58.257312109930595,9.223474563676369
PedNYC20,PedNYC20_scenario12,12,10.0,-4.7436457559913245,46.65729007404792,31.21010850037585,58.36119095017493,40.12522966015949,58.25923090649846,8.915704186665714
PedNYC20,PedNYC20_scenario12,12,11.0,-4.734551163084233,46.84180487132065,30.514648361416832,58.369052443143495,39.121588677301794,58.25954062733463,8.607636983458798
PedNYC20,PedNYC20_scenario12,12,12.0,-4.717312801577176,47.00493396081431,29.817313608953917,58.37726245867481,38.125927755410686,58.259449216380716,8.309449379758048
PedNYC20,PedNYC20_scenario12,12,13.0,-4.689591357938801,47.15024066256611,29.11530084214549,58.38556620860715,37.13569360768573,58.25963450963021,8.021381358989077
PedNYC20,PedNYC20_scenario12,12,14.0,-4.63481184217406,47.32662779498925,28.407818602775492,58.39330506977821,36.151444685682485,58.2599069510196,7.744775010932585
PedNYC20,PedNYC20_scenario12,12,15.0,-4.57350961670243,47.492166989995056,27.69472650401854,58.40056916713737,35.17426298330261,58.259832307840426,7.480860432363776
PedNYC20,PedNYC20_scenario12,12,16.0,-4.529802990867891,47.63061495764496,26.97549879050361,58.407240328511314,34.20370264223071,58.259080896920025,7.229722134307232
PedNYC20,PedNYC20_scenario12,12,17.0,-4.487855627232636,47.80539350539244,26.250996324760678,58.4128297544331,33.23800375852567,58.257361878879074,6.988736877277365
PedNYC20,PedNYC20_scenario12,12,18.0,-4.459266082580558,47.96182762798409,25.52171913028186,58.41740581868811,32.27666453121885,58.25619740815301,6.75686876602373
PedNYC20,PedNYC20_scenario12,12,19.0,-4.423296273373502,48.15359170211393,24.788459178475545,58.420996748964555,31.323291858409526,58.256235407089534,6.536909396229198
PedNYC20,PedNYC20_scenario12,12,20.0,-4.389062617091209,48.30275599698196,24.05140980118568,58.424064369698364,30.381292288594086,58.25779612343453,6.332065810943161
PedNYC20,PedNYC20_scenario12,12,21.0,-4.346527190913163,48.45859501871813,23.31161879136401,58.427196710469524,29.45298717689417,58.26064287979181,6.143626439270437
PedNYC20,PedNYC20_scenario12,12,22.0,-4.291597417445974,48.62407742988529,22.573447810467066,58.42982001356175,28.540255768680023,58.2644675222773,5.969098646912066
PedNYC20,PedNYC20_scenario12,12,23.0,-4.245120688572992,48.791781472195254,21.84413836223093,58.43164929836022,27.64435050663565,58.26898153921581,5.802492716063078
PedNYC20,PedNYC20_scenario12,12,24.0,-4.217503687599646,48.94532950590685,21.124997002384386,58.43286454087979,26.769569517470867,58.273776281609734,5.646813964733325
PedNYC20,PedNYC20_scenario12,12,25.0,-4.204096348558425,49.132245103554446,20.416689262954648,58.43346705107024,25.910904890378447,58.278248445782665,5.496407751982681
PedNYC20,PedNYC20_scenario12,12,26.0,-4.19417877841455,49.319151396828616,19.719179138672626,58.433497181306045,25.06654373192686,58.282509185581844,5.349495814377447
PedNYC20,PedNYC20_scenario12,12,27.0,-4.178805959750841,49.4948423557999,19.03525395238817,58.43340706631845,24.24631941777884,58.28643462840655,5.213137652325424
PedNYC20,PedNYC20_scenario12,12,28.0,-4.1522089592474485,49.67994141938782,18.369935661282558,58.43439365490152,23.459697760336443,58.29018492964262,5.091804629147333
PedNYC20,PedNYC20_scenario12,12,29.0,-4.119442220585319,49.871004449084374,17.725042323384347,58.4365321135545,22.69636539711844,58.294249814217046,4.973358760047957
PedNYC20,PedNYC20_scenario12,12,30.0,-4.093041453642944,50.041963176612164,17.100682257902378,58.43952490821291,21.94820042075727,58.29913889521508,4.849550553592931
PedNYC20,PedNYC20_scenario12,12,31.0,-4.072333619037876,50.227098254477646,16.49684513671446,58.443503079181816,21.21257410263812,58.30566005200966,4.717743144787708
PedNYC20,PedNYC20_scenario12,12,32.0,-4.0588843375160035,50.40933185668852,15.91232986979887,58.448589854818906,20.4896373961614,58.31532623139423,4.579247032452313
PedNYC20,PedNYC20_scenario12,12,33.0,-4.050977912860539,50.58433240697413,15.346541157990847,58.455099730084974,19.778258904111915,58.32969461514236,4.433491696635754
PedNYC20,PedNYC20_scenario12,12,34.0,-4.0324206850226645,50.81366031022279,14.799248216600896,58.46396978512185,19.075671899909,58.34948501642774,4.277955853140773
PedNYC20,PedNYC20_scenario12,12,35.0,-4.01002737713052,50.995876682111906,14.269914524388678,58.47549723637702,18.38269116014392,58.37548218212464,4.1139925457748845
PedNYC20,PedNYC20_scenario12,12,36.0,-3.9873627062113752,51.15918613452717,13.757751642855009,58.48981001103806,17.701631218148336,58.40755736482897,3.9447372031891135
PedNYC20,PedNYC20_scenario12,12,37.0,-3.9732865827077744,51.32207536010163,13.262249149802164,58.507844780572,17.03871633797956,58.445889008465656,3.776975369403114
PedNYC20,PedNYC20_scenario12,12,38.0,-3.9698178623955496,51.47656371156935,12.783167135288535,58.529580130548304,16.398809604993367,58.491339672253964,3.615844687121368
PedNYC20,PedNYC20_scenario12,12,39.0,-3.972869408665836,51.61483327345531,12.319603962963548,58.55358986198716,15.781241712659979,58.544444111484935,3.4616498313485753
PedNYC20,PedNYC20_scenario12,12,40.0,-3.969816052511013,51.73982587632971,11.871077155379576,58.57920763531418,15.18908388533875,58.605672591525064,3.3181122726576957
PedNYC20,PedNYC20_scenario12,12,41.0,-3.9591245085118696,51.83895663519523,11.437291530940323,58.60678762721196,14.626993050516601,58.67538543121522,3.1904390673857552
PedNYC20,PedNYC20_scenario12,12,42.0,-3.9409410184311704,51.9115005629787,11.017886225175982,58.63845483815543,14.091708017778329,58.75338790901953,3.0759697695938684
PedNYC20,PedNYC20_scenario12,12,43.0,-3.9184594983981236,51.9697282688305,10.613277903133119,58.677245918362374,13.578120184118934,58.84184317593058,2.9694076864452517
PedNYC20,PedNYC20_scenario12,12,44.0,-3.897193181910749,52.01990211894074,10.223204873639045,58.72529535506097,13.08102647081492,58.94398534653678,2.866176825259838
PedNYC20,PedNYC20_scenario12,12,45.0,-3.883706995837131,52.06752255057722,9.848221423624345,58.78492480228034,12.590194528284563,59.05914462151463,2.7556511056265607
PedNYC20,PedNYC20_scenario12,12,46.0,-3.880444533876583,52.11695899726209,9.489685704190894,58.85917234393009,12.102360029568924,59.18350669773941,2.6327286042337246
PedNYC20,PedNYC20_scenario12,12,47.0,-3.8909713053293267,52.17200187627367,9.148570337049733,58.94933251494133,11.617138373825192,59.318847407479296,2.49607079386719
PedNYC20,PedNYC20_scenario12,12,48.0,-3.9302936746293686,52.24231735420841,8.820863714876586,59.05615141953498,11.137621404805783,59.468064892645664,2.35309135036789
PedNYC20,PedNYC20_scenario12,12,49.0,-3.9929421019895512,52.31235687200691,8.50173083229708,59.18326188195006,10.665328092731077,59.633570014663505,2.209961655718345
PedNYC20,PedNYC20_scenario12,12,50.0,-4.04003831030101,52.3741732217815,8.188434335709259,59.334500939041995,10.198990412960075,59.817600149339,2.067781561664525
PedNYC20,PedNYC20_scenario12,12,51.0,-4.061304001334618,52.44779835723741,7.880012580097504,59.512963052276135,9.736661193854992,60.02040141884621,1.9247435597593023
PedNYC20,PedNYC20_scenario12,12,52.0,-4.059672674945114,52.54083835723324,7.576946852658406,59.72034072408968,9.276195098326903,60.24455522155443,1.7782703505821844
PedNYC20,PedNYC20_scenario12,12,53.0,-4.031971078470004,52.663268472241434,7.279832393850555,59.9571165579725,8.821102246325811,60.490181581407334,1.6308498022070217
PedNYC20,PedNYC20_scenario12,12,54.0,-3.9794337311456798,52.80327058642829,6.991404086716304,60.22305525740364,8.381659586023506,60.75932475157929,1.4900990986297968
PedNYC20,PedNYC20_scenario12,12,55.0,-3.9218119407375167,52.95251797985571,6.715076340427001,60.51974403135185,7.965156108921817,61.05219150542086,1.3587493294359045
PedNYC20,PedNYC20_scenario12,12,56.0,-3.8785437273228864,53.099337095358585,6.454037019554303,60.847055689502376,7.571109398186001,61.36710007286979,1.2321918924314808
PedNYC20,PedNYC20_scenario12,12,57.0,-3.8410585034253373,53.24759600445538,6.211493654289475,61.20363477073685,7.200245381244778,61.70315768268934,1.1077694331956394
PedNYC20,PedNYC20_scenario12,12,58.0,-3.811963450120328,53.40958266605919,5.992084151841653,61.58809270366622,6.852723317309879,62.06001112542593,0.981532867475165
PedNYC20,PedNYC20_scenario12,12,59.0,-3.7850389147689163,53.57898583704647,5.799989654863781,61.99826084698546,6.523191860441074,62.4369783694124,0.8458690765338892
PedNYC20,PedNYC20_scenario12,12,60.0,-3.7515964929335732,53.76072314927758,5.637446856366983,62.42901423300372,6.206691900134203,62.83217772179295,0.6975533804277987
PedNYC20,PedNYC20_scenario12,12,61.0,-3.713689594165014,53.940431303996526,5.507236158766361,62.87480296469122,5.902164369555165,63.2439183929818,0.5405686737862105
PedNYC20,PedNYC20_scenario12,12,62.0,-3.6797588601041094,54.1176189212154,5.408819197261083,63.33079787894411,5.610336659923215,63.67267545220533,0.3968495468773597
PedNYC20,PedNYC20_scenario12,12,63.0,-3.6713404790626463,54.3128405982833,5.3346762745920975,63.79465662065155,5.323008303322117,64.1188609952821,0.3244142692347945
PedNYC20,PedNYC20_scenario12,12,64.0,-3.686296673141769,54.50772710718481,5.2811597760719415,64.26401527626277,5.036584843289467,64.58369321574347,0.4025057549106308
PedNYC20,PedNYC20_scenario12,12,65.0,-3.7089820361919785,54.70902043964245,5.247564451430903,64.7350194840213,4.750447566142563,65.06863845799356,0.5986875791538409
PedNYC20,PedNYC20_scenario12,12,66.0,-3.722109753307384,54.89322338181411,5.231176722360724,65.20492118490507,4.468189414784446,65.56657805099579,0.8443608945901351
PedNYC20,PedNYC20_scenario12,12,67.0,-3.720939421444002,55.06073481512878,5.226969894237717,65.67277820625831,4.197012734630596,66.06812201576122,1.1032263948701722
PedNYC20,PedNYC20_scenario12,12,68.0,-3.706205493106552,55.211366159647966,5.231927240938591,66.13784949447137,3.944866358070973,66.58073324633746,1.3611288454349046
PedNYC20,PedNYC20_scenario12,12,69.0,-3.689014708748156,55.35921824583606,5.244957008622997,66.60019602352966,3.715882901097408,67.12537958409787,1.616751495622094
PedNYC20,PedNYC20_scenario12,12,70.0,-3.678451417885767,55.48456547210683,5.260392306217895,67.06122548396542,3.5107432505636527,67.69482272677698,1.8608377909023113
PedNYC20,PedNYC20_scenario12,12,71.0,-3.6734351005825916,55.60654300351171,5.27590306420973,67.52225683198442,3.328472411742039,68.28497860698805,2.0914661489575734
PedNYC20,PedNYC20_scenario12,12,72.0,-3.676817254194904,55.73218417548575,5.294949797442123,67.98409623470242,3.1623891388086274,68.9065016802853,2.3234988204843754
PedNYC20,PedNYC20_scenario12,12,73.0,-3.6815691517437568,55.87784538812297,5.316927471783598,68.44972946463913,3.0108253256011794,69.56086106194198,2.5598282237587595
PedNYC20,PedNYC20_scenario12,12,74.0,-3.6752679098512155,56.0274175184592,5.338434372837171,68.92351307249412,2.8731001237263833,70.24976074418016,2.7994295573368717
PedNYC20,PedNYC20_scenario12,12,75.0,-3.6577859435876894,56.174803124861185,5.360024427726852,69.4093353530622,2.7511154316043696,70.9700878986686,3.040124118957259
PedNYC20,PedNYC20_scenario12,12,76.0,-3.6269538857007806,56.33575585848026,5.381902161108713,69.91134745800417,2.6485434314250207,71.73561803677298,3.2862156182605418
PedNYC20,PedNYC20_scenario12,12,77.0,-3.588962721757747,56.5179314981918,5.402998474701235,70.43324793082522,2.5707857203909934,72.55377376160092,3.538086896143818
PedNYC20,PedNYC20_scenario12,12,78.0,-3.5654897594758905,56.69338115939756,5.424390337455166,70.97626053387238,2.5064543638527406,73.390750484684,3.787362151763873
PedNYC20,PedNYC20_scenario12,12,79.0,-3.5574823470083454,56.859003215520055,5.446058705598673,71.54112566243715,2.4528930771397404,74.22718292311575,4.021684235122414
PedNYC20,PedNYC20_scenario12,12,80.0,-3.5596369962692718,57.04461857993616,5.467354239468068,72.12894042483414,2.408499749361579,75.04937993483972,4.229132029535878
PedNYC20,PedNYC20_scenario12,12,81.0,-3.556676186203859,57.22734523017146,5.48885650044338,72.73887373582843,2.368308445556665,75.8430779257391,4.401579695463456
PedNYC20,PedNYC20_scenario12,12,82.0,-3.542525786820387,57.44011599722941,5.510912546847353,73.37071913828278,2.328955323315088,76.6028567152043,4.535588725682396
PedNYC20,PedNYC20_scenario12,12,83.0,-3.5224981963559108,57.629516545877124,5.533234980916387,74.02401430740203,2.2918853785983626,77.3374849981854,4.635238425704516
PedNYC20,PedNYC20_scenario12,12,84.0,-3.5135624688601714,57.70570841652928,5.555738271660929,74.69833091088114,2.262278322869643,78.05150763926059,4.700071553289144
PedNYC20,PedNYC20_scenario12,12,85.0,-3.5072277909702585,57.82259469012814,5.578362795410007,75.39342922430086,2.2405849283075856,78.73938537830341,4.7261171879912505
PedNYC20,PedNYC20_scenario12,12,86.0,-3.508027231471838,58.17982517941662,5.601024482360299,76.10859415842353,2.240607211049289,79.36257556513357,4.677691656419861
PedNYC20,PedNYC20_scenario12,12,87.0,-3.5166842600246655,58.377070732511434,5.623597379102211,76.84164367630825,2.2458056181248423,79.92032240692816,4.570310701352593
PedNYC20,PedNYC20_scenario12,12,88.0,-3.523368854771243,58.56122692944778,5.64591464609276,77.59076088623443,2.2558098990027897,80.42013712917431,4.415674367563181
PedNYC20,PedNYC20_scenario12,12,89.0,-3.518010309317692,58.73417802952623,5.6677125563074195,78.34833902473655,2.261968674024913,80.84642963737438,4.223688920914277
PedNYC20,PedNYC20_scenario12,12,90.0,-3.5140710437447447,58.81723561291952,5.688455365751968,79.09481264724579,2.2657773512810104,81.21323884730525,4.025227242758006
PedNYC20,PedNYC20_scenario12,12,91.0,-3.496235549698687,58.98954275856007,5.707918157538224,79.82135737843929,2.269287207500214,81.53530645185099,3.8421093473257786
PedNYC20,PedNYC20_scenario12,12,92.0,-3.4776987075649872,59.20142583119132,5.726076033112982,80.52576682402571,2.272877634208354,81.82192764078226,3.688443038070739
PedNYC20,PedNYC20_scenario12,12,93.0,-3.473785496156127,59.346851292253085,5.743006217326091,81.20798250029284,2.276270857982402,82.08157546392341,3.575111007763068
PedNYC20,PedNYC20_scenario12,12,94.0,-3.4778458046769956,59.46196957762636,5.758775271414932,81.86823031109908,2.279591689071795,82.32097120609274,3.5085171679280234
PedNYC20,PedNYC20_scenario12,12,95.0,-3.4856437639085867,59.55592962966587,5.772955040738902,82.48539941789,2.2826748088406736,82.53645376779066,3.490653612695383
PedNYC20,PedNYC20_scenario12,12,96.0,-3.4873833045259324,59.62413420547282,5.785203614427144,83.03901609594989,2.285409157183181,82.72531480281403,3.5138255142039534
PedNYC20,PedNYC20_scenario12,12,97.0,-3.4847647051876973,59.66153572479698,5.795551533799155,83.52458515061481,2.28793688764587,82.88645323736631,3.565189033503725
PedNYC20,PedNYC20_scenario12,12,98.0,-3.484091776453228,59.669897685002624,5.803912291626913,83.94250605003326,2.2904799665480953,83.02040692480422,3.632419785715427
PedNYC20,PedNYC20_scenario12,12,99.0,-3.4746321357060657,59.69597621351569,5.810332614418601,84.29822886529206,2.29315418468445,83.12843682711289,3.70660997667337
PedNYC20,PedNYC20_scenario12,12,100.0,-3.461047887802124,59.72624969482422,5.815176963806152,84.59327697753906,2.165416012207667,83.5742031733195,3.789362271182264
PedNYC21,PedNYC21_scenario12,12,0.0,-4.757896423339844,45.7098274230957,32.5089225769043,59.17169570922852,49.71087803038519,58.21886866836355,17.22832408545139
PedNYC21,PedNYC21_scenario12,12,1.0,-4.762577359287454,45.853152282382,31.924732703390966,59.1765778770368,48.81154167601853,58.22203667144088,16.913765582838
PedNYC21,PedNYC21_scenario12,12,2.0,-4.775704302399896,46.0502295577212,31.348590716030944,59.18270507443348,47.899549641264926,58.226024529765546,16.578584951959215
PedNYC21,PedNYC21_scenario12,12,3.0,-4.725711506943804,46.257661827177316,30.775913474300506,59.19075061289689,46.97607816037263,58.23084442743293,16.228578364747488
PedNYC21,PedNYC21_scenario12,12,4.0,-4.594494371672157,46.46789923978987,30.206709855107647,59.200510802718256,46.03776523118833,58.235631171228775,15.86043211970583
PedNYC21,PedNYC21_scenario12,12,5.0,-4.500677593134793,46.66982144195538,29.640334433631345,59.211221666555545,45.082804449089096,58.24113517646439,15.472910132763296
PedNYC21,PedNYC21_scenario12,12,6.0,-4.439403113292456,46.9383461651394,29.073580205330206,59.22077787451803,44.109915970367936,58.24688368349451,15.067842019820295
PedNYC21,PedNYC21_scenario12,12,7.0,-4.3917800761054995,47.23375546742361,28.49341012375441,59.22502176236311,43.12826137257003,58.25136525943814,14.667204166460909
PedNYC21,PedNYC21_scenario12,12,8.0,-4.316140516845273,47.51834047937937,27.886180792846268,59.223706059497445,42.13297447199011,58.25438884094464,14.27973059991945
PedNYC21,PedNYC21_scenario12,12,9.0,-4.234585967551669,47.78426472513541,27.248435019400223,59.217822415639574,41.130803373103205,58.257312109930595,13.91555716294778
PedNYC21,PedNYC21_scenario12,12,10.0,-4.1904810968598,48.059862728977585,26.57545005568501,59.210816638484474,40.12522966015949,58.25923090649846,13.58315290111806
PedNYC21,PedNYC21_scenario12,12,11.0,-4.1825913691998124,48.35108277820405,25.859729481538363,59.20302573354351,39.121588677301794,58.25954062733463,13.295377898874973
PedNYC21,PedNYC21_scenario12,12,12.0,-4.150656251643277,48.63716006678206,25.0939388581945,59.197576458039066,38.125927755410686,58.259449216380716,13.065711512914534
PedNYC21,PedNYC21_scenario12,12,13.0,-4.09295818532578,48.93153338297094,24.282681188395046,59.193681268323154,37.13569360768573,58.25963450963021,12.886906983363595
PedNYC21,PedNYC21_scenario12,12,14.0,-4.083069456101655,49.25793216797514,23.458865156907297,59.195430509207746,36.151444685682485,58.2599069510196,12.72700983822233
PedNYC21,PedNYC21_scenario12,12,15.0,-4.103956997272563,49.55531692130983,22.639641126287106,59.20427651155838,35.17426298330261,58.259832307840426,12.570151946269673
PedNYC21,PedNYC21_scenario12,12,16.0,-4.094976403769193,49.86194652861833,21.834716639733013,59.21202964511516,34.20370264223071,58.259080896920025,12.405640896248391
PedNYC21,PedNYC21_scenario12,12,17.0,-4.019328542038621,50.19974299436758,21.067056442797394,59.20911317508144,33.23800375852567,58.257361878879074,12.208103419125194
PedNYC21,PedNYC21_scenario12,12,18.0,-3.9784907339637954,50.507622998801715,20.34196273783916,59.19591710665371,32.27666453121885,58.25619740815301,11.97164065651198
PedNYC21,PedNYC21_scenario12,12,19.0,-3.9770783937266634,50.797581394184384,19.658223741890883,59.17682211151805,31.323291858409526,58.256235407089534,11.701337275858275
PedNYC21,PedNYC21_scenario12,12,20.0,-3.9558680870163605,51.09469592968052,19.01372076747083,59.16262865405527,30.381292288594086,58.25779612343453,11.403525954559933
PedNYC21,PedNYC21_scenario12,12,21.0,-3.907958580265902,51.3852345306069,18.405880006678863,59.15121512123277,29.45298717689417,58.26064287979181,11.082946167308023
PedNYC21,PedNYC21_scenario12,12,22.0,-3.869225054315548,51.64597977662576,17.841140134479012,59.14135122676852,28.540255768680023,58.2644675222773,10.73498953819736
PedNYC21,PedNYC21_scenario12,12,23.0,-3.8671230878803837,51.93221431534414,17.320888234771136,59.131367717470376,27.64435050663565,58.26898153921581,10.359420022330138
PedNYC21,PedNYC21_scenario12,12,24.0,-3.8973848519215055,52.21836087724256,16.82426662971644,59.11916063097848,26.769569517470867,58.273776281609734,9.981168480059543
PedNYC21,PedNYC21_scenario12,12,25.0,-3.8748761124682627,52.48988642431692,16.351692347550763,59.104381808721094,25.910904890378447,58.278248445782665,9.59484448921993
PedNYC21,PedNYC21_scenario12,12,26.0,-3.7679685814796167,52.76873950059494,15.905521942111987,59.08768347872209,25.06654373192686,58.282509185581844,9.196337633851684
PedNYC21,PedNYC21_scenario12,12,27.0,-3.683436521293623,52.95933156128545,15.484121021447987,59.07001021138721,24.24631941777884,58.28643462840655,8.79716496553898
PedNYC21,PedNYC21_scenario12,12,28.0,-3.635189346133308,53.20672578333182,15.085835396256165,59.051920911301124,23.459697760336443,58.29018492964262,8.408436989019624
PedNYC21,PedNYC21_scenario12,12,29.0,-3.6157570097396383,53.41025833953929,14.709650722319093,59.03431755658659,22.69636539711844,58.294249814217046,8.020929594501576
PedNYC21,PedNYC21_scenario12,12,30.0,-3.5312381624745908,53.7376002403028,14.345143974444229,59.01779548404184,21.94820042075727,58.29913889521508,7.636945372234007
PedNYC21,PedNYC21_scenario12,12,31.0,-3.435314196956522,53.994294745727004,13.986104706187012,59.00013275203669,21.21257410263812,58.30566005200966,7.2597625490733
PedNYC21,PedNYC21_scenario12,12,32.0,-3.3888609006206822,54.28135432921802,13.646823802804354,58.98607608092314,20.4896373961614,58.31532623139423,6.87560929911488
PedNYC21,PedNYC21_scenario12,12,33.0,-3.4024935292996608,54.62800381539025,13.326797487895425,58.97734269665086,19.778258904111915,58.32969461514236,6.483887910999983
PedNYC21,PedNYC21_scenario12,12,34.0,-3.368250492401391,54.904058095200426,13.025483893142134,58.97161631411193,19.075671899909,58.34948501642774,6.082090287786251
PedNYC21,PedNYC21_scenario12,12,35.0,-3.2339170915220303,55.22255112505919,12.742476763308538,58.968824727817164,18.38269116014392,58.37548218212464,5.671337921407788
PedNYC21,PedNYC21_scenario12,12,36.0,-3.1484078544782936,55.50123468816111,12.479312721682794,58.96865431254655,17.701631218148336,58.40755736482897,5.252374726089534
PedNYC21,PedNYC21_scenario12,12,37.0,-3.1483804538024502,55.80625582689251,12.250348875978345,58.972597917982746,17.03871633797956,58.445889008465656,4.817248719602991
PedNYC21,PedNYC21_scenario12,12,38.0,-3.1388110867302297,56.1193434334514,12.061999867276532,58.97836959335212,16.398809604993367,58.491339672253964,4.364071132005119
PedNYC21,PedNYC21_scenario12,12,39.0,-3.1017578707143185,56.39258586296485,11.889925413438258,58.98525262877271,15.781241712659979,58.544444111484935,3.9162041174461373
PedNYC21,PedNYC21_scenario12,12,40.0,-3.074985903000056,56.69852687051419,11.723692704108506,58.99271158977089,15.18908388533875,58.605672591525064,3.486937800579683
PedNYC21,PedNYC21_scenario12,12,41.0,-3.087657479202479,56.95303193110812,11.540901287408586,59.00073285946273,14.626993050516601,58.67538543121522,3.1031940511979603
PedNYC21,PedNYC21_scenario12,12,42.0,-3.103258346211576,57.34231084495988,11.315204318543314,59.011032643817394,14.091708017778329,58.75338790901953,2.788432104469245
PedNYC21,PedNYC21_scenario12,12,43.0,-3.0625449019345536,57.707931573386624,11.023378573166658,59.02792714219012,13.578120184118934,58.84184317593058,2.5615096996165976
PedNYC21,PedNYC21_scenario12,12,44.0,-3.0195965197762997,57.99886635780839,10.656667848325947,59.05514461810039,13.08102647081492,58.94398534653678,2.426905666500284
PedNYC21,PedNYC21_scenario12,12,45.0,-3.0197417140952076,58.32010817870742,10.180337702163232,59.10741185671385,12.590194528284563,59.05914462151463,2.4103401520111953
PedNYC21,PedNYC21_scenario12,12,46.0,-3.0259861979958576,58.43581743917317,9.58899045026051,59.19344491106621,12.102360029568924,59.18350669773941,2.513389227771354
PedNYC21,PedNYC21_scenario12,12,47.0,-3.036132752463377,58.876103989041155,8.910204822646769,59.318473646753844,11.617138373825192,59.318847407479296,2.7069335769819896
PedNYC21,PedNYC21_scenario12,12,48.0,-2.988926660476133,59.200340187925825,8.176571427921207,59.49557427935095,11.137621404805783,59.468064892645664,2.96117776095341
PedNYC21,PedNYC21_scenario12,12,49.0,-2.96333410659139,59.449457381390566,7.434976970949552,59.74021168620046,10.665328092731077,59.633570014663505,3.2321108916779684
PedNYC21,PedNYC21_scenario12,12,50.0,-2.9631715976355117,59.741820566555575,6.744862061314839,60.0596983784103,10.198990412960075,59.817600149339,3.4626022327375257
PedNYC21,PedNYC21_scenario12,12,51.0,-2.9385188976845966,59.984471293002855,6.142023515429914,60.4441584901955,9.736661193854992,60.02040141884621,3.6195289879584833
PedNYC21,PedNYC21_scenario12,12,52.0,-2.8476968976329067,60.233763572675635,5.638409781787057,60.876474616633054,9.276195098326903,60.24455522155443,3.6922627386345965
PedNYC21,PedNYC21_scenario12,12,53.0,-2.744910552568692,60.48863896474727,5.217533116293674,61.329340610811144,8.821102246325811,60.490181581407334,3.6999862636975447
PedNYC21,PedNYC21_scenario12,12,54.0,-2.7033706082143674,60.69426488193776,4.874756122056219,61.79010343283543,8.381659586023506,60.75932475157929,3.65525328743685
PedNYC21,PedNYC21_scenario12,12,55.0,-2.6498289217811686,60.868516237301705,4.605617514904327,62.248925750604855,7.965156108921817,61.05219150542086,3.5663247774549536
PedNYC21,PedNYC21_scenario12,12,56.0,-2.5422740738396357,60.97653246393187,4.4046058614875,62.69667518834564,7.571109398186001,61.36710007286979,3.43431428899813
PedNYC21,PedNYC21_scenario12,12,57.0,-2.4135261324716333,61.04262380113264,4.260397108433851,63.12534274488766,7.200245381244778,61.70315768268934,3.2657798790318733
PedNYC21,PedNYC21_scenario12,12,58.0,-2.3205371514236592,61.109995207860116,4.162572162878907,63.53032372784887,6.852723317309879,62.06001112542593,3.0657352107659266
PedNYC21,PedNYC21_scenario12,12,59.0,-2.2893514422103913,61.15585713363783,4.09973929228403,63.90941960412903,6.523191860441074,62.4369783694124,2.8357019483367414
PedNYC21,PedNYC21_scenario12,12,60.0,-2.278891349151535,61.19023262236169,4.0632184959022695,64.26312275507458,6.206691900134203,62.83217772179295,2.5772236850772154
PedNYC21,PedNYC21_scenario12,12,61.0,-2.283858422917325,61.20776153289526,4.048568973987558,64.59179723499979,5.902164369555165,63.2439183929818,2.291853674044047
PedNYC21,PedNYC21_scenario12,12,62.0,-2.3038438042754454,61.21161546029276,4.045240404628204,64.89826733791105,5.610336659923215,63.67267545220533,1.9878636167117114
PedNYC21,PedNYC21_scenario12,12,63.0,-2.3285322744508523,61.211567036632346,4.041040866853456,65.19138404549636,5.323008303322117,64.1188609952821,1.6714503287285944
PedNYC21,PedNYC21_scenario12,12,64.0,-2.342667425242811,61.21429365701393,4.030370719835107,65.48689632230464,5.036584843289467,64.58369321574347,1.352125258228982
PedNYC21,PedNYC21_scenario12,12,65.0,-2.3585468976711748,61.223275484035504,4.015367033645065,65.80549581750675,4.750447566142563,65.06863845799356,1.040818023251694
PedNYC21,PedNYC21_scenario12,12,66.0,-2.3680736377873504,61.231744353284704,3.9912843893428076,66.17020374627823,4.468189414784446,65.56657805099579,0.7692869317079978
PedNYC21,PedNYC21_scenario12,12,67.0,-2.370584650309559,61.23301579306735,3.9629626987909807,66.5943231938708,4.197012734630596,66.06812201576122,0.5759054602280166
PedNYC21,PedNYC21_scenario12,12,68.0,-2.379046171190462,61.23737167235964,3.9424798339253946,67.09039799539174,3.944866358070973,66.58073324633746,0.5096703365176949
PedNYC21,PedNYC21_scenario12,12,69.0,-2.3902925994074797,61.24882434876769,3.9456467665759747,67.65788899148939,3.715882901097408,67.12537958409787,0.5799635357848938
PedNYC21,PedNYC21_scenario12,12,70.0,-2.3930726274695218,61.25818065129056,3.977593041841492,68.29755897869195,3.5107432505636527,67.69482272677698,0.7623907902045223
PedNYC21,PedNYC21_scenario12,12,71.0,-2.395816873424774,61.26561828053164,4.0312762795425705,69.01525577146889,3.328472411742039,68.28497860698805,1.0135275100151753
PedNYC21,PedNYC21_scenario12,12,72.0,-2.399328677511037,61.27306340702879,4.086409702955265,69.80852329262555,3.1623891388086274,68.9065016802853,1.29130050417971
PedNYC21,PedNYC21_scenario12,12,73.0,-2.401402127182871,61.27575868302291,4.116859204313404,70.66296736052475,3.0108253256011794,69.56086106194198,1.5613933630687107
PedNYC21,PedNYC21_scenario12,12,74.0,-2.3979430165183384,61.276466369628906,4.131240069121244,71.55280747827263,2.8731001237263833,70.24976074418016,1.8113108273919232
PedNYC21,PedNYC21_scenario12,12,75.0,-2.3981747234915236,61.27614663997022,4.153384060081409,72.47972937614944,2.7511154316043696,70.9700878986686,2.060430706658541
PedNYC21,PedNYC21_scenario12,12,76.0,-2.382868180131773,61.26604753408027,4.190468830196068,73.44946369442219,2.6485434314250207,71.73561803677298,2.3053851898583733
PedNYC21,PedNYC21_scenario12,12,77.0,-2.3544593452819638,61.23962176885665,4.2490060720240725,74.45959025656501,2.5707857203909934,72.55377376160092,2.539401516324791
PedNYC21,PedNYC21_scenario12,12,78.0,-2.3376172841722576,61.20552967456402,4.3276294014775285,75.5077552422164,2.5064543638527406,73.390750484684,2.79255933886506
PedNYC21,PedNYC21_scenario12,12,79.0,-2.3370699298462565,61.19133401494536,4.417847284680744,76.59230528886329,2.4528930771397404,74.22718292311575,3.0748737929697745
PedNYC21,PedNYC21_scenario12,12,80.0,-2.3394813411268918,61.18648661068789,4.496991013864298,77.71261555909915,2.408499749361579,75.04937993483972,3.3844674251983387
PedNYC21,PedNYC21_scenario12,12,81.0,-2.3404089676592106,61.190636901584206,4.542244405618619,78.8546341205579,2.368308445556665,75.8430779257391,3.7142251241681663
PedNYC21,PedNYC21_scenario12,12,82.0,-2.3371769605429575,61.19735179304532,4.56237174588508,79.96354811782626,2.328955323315088,76.6028567152043,4.0351450556656
PedNYC21,PedNYC21_scenario12,12,83.0,-2.335525494181038,61.20718300591601,4.5896245121332235,80.91482380436356,2.2918853785983626,77.3374849981854,4.251700607988024
PedNYC21,PedNYC21_scenario12,12,84.0,-2.338853545288045,61.22408102123425,4.633553652789408,81.56724396127684,2.262278322869643,78.05150763926059,4.2406778439573145
PedNYC21,PedNYC21_scenario12,12,85.0,-2.349038183706873,61.245108325188276,4.655585611407808,81.82233895853642,2.2405849283075856,78.73938537830341,3.9162266376253143
PedNYC21,PedNYC21_scenario12,12,86.0,-2.3692038964599758,61.26065036046959,4.65598178509695,81.82721185306546,2.240607211049289,79.36257556513357,3.45086458220931
PedNYC21,PedNYC21_scenario12,12,87.0,-2.3801359143442946,61.26270497670277,4.65602814849918,81.82765481445828,2.2458056181248423,79.92032240692816,3.0736118100272067
PedNYC21,PedNYC21_scenario12,12,88.0,-2.384675752158264,61.2582269325229,4.656037885036792,81.82773714203398,2.2558098990027897,80.42013712917431,2.782522629044263
PedNYC21,PedNYC21_scenario12,12,89.0,-2.3876408603413273,61.25736928810146,4.656040191650391,81.82775115966797,2.261968674024913,80.84642963737438,2.58738678237757
PedNYC21,PedNYC21_scenario12,12,90.0,-2.3883830748127943,61.26077993403361,4.656040191650391,81.82775423818019,2.2657773512810104,81.21323884730525,2.467992222773986
PedNYC21,PedNYC21_scenario12,12,91.0,-2.389353231614813,61.26675543004119,4.656040191650391,81.82774353027344,2.269287207500214,81.53530645185099,2.404601682646428
PedNYC21,PedNYC21_scenario12,12,92.0,-2.390670616258223,61.27060868926871,4.656040668487549,81.82774353027344,2.272877634208354,81.82192764078226,2.383170130839465
PedNYC21,PedNYC21_scenario12,12,93.0,-2.394227290615151,61.27577868058063,4.656040668487549,81.82774353027344,2.276270857982402,82.08157546392341,2.3932686856122505
PedNYC21,PedNYC21_scenario12,12,94.0,-2.400276519834225,61.28233211717664,4.656040668487549,81.8277359008789,2.279591689071795,82.32097120609274,2.427095139889567
PedNYC21,PedNYC21_scenario12,12,95.0,-2.3872250066539547,61.27865262471523,4.656040668487549,81.82774353027344,2.2826748088406736,82.53645376779066,2.4769206092442833
PedNYC21,PedNYC21_scenario12,12,96.0,-2.369409546791348,61.25385727794209,4.656040668487549,81.82774353027344,2.285409157183181,82.72531480281403,2.5348625113957093
PedNYC21,PedNYC21_scenario12,12,97.0,-2.3664102167463,61.21863039648963,4.656040668487549,81.82774353027344,2.28793688764587,82.88645323736631,2.593989545223599
PedNYC21,PedNYC21_scenario12,12,98.0,-2.3649095900119574,61.16288087363452,4.656040668487549,81.82774353027344,2.2904799665480953,83.02040692480422,2.6492118464203593
PedNYC21,PedNYC21_scenario12,12,99.0,-2.369943495413963,61.089770387643945,4.656040668487549,81.82774353027344,2.29315418468445,83.12843682711289,2.6972273889649094
PedNYC21,PedNYC21_scenario12,12,100.0,-2.378304004669189,61.034629821777344,4.656040668487549,81.82774353027344,2.165416012207667,83.5742031733195,3.0419290693995267
PedNYC22,PedNYC22_scenario12,12,0.0,-4.923880577087402,45.6533432006836,42.71956253051758,58.25771713256836,49.71087803038519,58.21886866836355,6.991423433168683
PedNYC22,PedNYC22_scenario12,12,1.0,-4.932475633281602,45.73322808043995,41.721643022399,58.25676443422401,48.81154167601853,58.22203667144088,7.089983704925133
PedNYC22,PedNYC22_scenario12,12,2.0,-4.914414793240952,45.864219311031334,40.716895027741785,58.25519262271628,47.899549641264926,58.226024529765546,7.182713837736517
PedNYC22,PedNYC22_scenario12,12,3.0,-4.8766050239946575,46.01858256178202,39.70972197096707,58.25293690786629,46.97607816037263,58.23084442743293,7.26638977409031
PedNYC22,PedNYC22_scenario12,12,4.0,-4.81678452879627,46.1676200162289,38.7006480005951,58.248753863697154,46.03776523118833,58.235631171228775,7.337128965782575
PedNYC22,PedNYC22_scenario12,12,5.0,-4.741011853806072,46.31148441187139,37.69406601020496,58.241415373676176,45.082804449089096,58.24113517646439,7.38873844419698
PedNYC22,PedNYC22_scenario12,12,6.0,-4.670974980655205,46.462532075584264,36.70155476735243,58.231923190339195,44.109915970367936,58.24688368349451,7.4083763086590615
PedNYC22,PedNYC22_scenario12,12,7.0,-4.62884855161011,46.63961257125749,35.730319785740896,58.22190072106322,43.12826137257003,58.25136525943814,7.39800026231127
PedNYC22,PedNYC22_scenario12,12,8.0,-4.62106297541318,46.82155411732977,34.78712230630107,58.21192294481992,42.13297447199011,58.25438884094464,7.345974910962602
PedNYC22,PedNYC22_scenario12,12,9.0,-4.6123156548505815,47.023580696213415,33.87703051785005,58.20205808235469,41.130803373103205,58.257312109930595,7.253983294933263
PedNYC22,PedNYC22_scenario12,12,10.0,-4.5801356959866855,47.2181774108522,32.997427285958366,58.19250890541371,40.12522966015949,58.25923090649846,7.128114653335476
PedNYC22,PedNYC22_scenario12,12,11.0,-4.5403642699375135,47.37104528782936,32.14378830930836,58.1835426458856,39.121588677301794,58.25954062733463,6.978214217746084
PedNYC22,PedNYC22_scenario12,12,12.0,-4.490418773306459,47.56096616699125,31.317813859219363,58.17516382693833,38.125927755410686,58.259449216380716,6.808635608577305
PedNYC22,PedNYC22_scenario12,12,13.0,-4.45430384983259,47.772612731219624,30.51971871283023,58.16731211519646,37.13569360768573,58.25963450963021,6.616619018341032
PedNYC22,PedNYC22_scenario12,12,14.0,-4.443029838747319,47.983783248092884,29.74870690819723,58.15998263569688,36.151444685682485,58.2599069510196,6.40351746433392
PedNYC22,PedNYC22_scenario12,12,15.0,-4.431491382119527,48.1952359785325,29.00568522568166,58.15318088864097,35.17426298330261,58.259832307840426,6.169499661806716
PedNYC22,PedNYC22_scenario12,12,16.0,-4.41476303501688,48.32219959698738,28.28716089826597,58.146827950179805,34.20370264223071,58.259080896920025,5.917606520556194
PedNYC22,PedNYC22_scenario12,12,17.0,-4.370436024042203,48.50778527697967,27.58842817110795,58.14099322407938,33.23800375852567,58.257361878879074,5.6507739276816045
PedNYC22,PedNYC22_scenario12,12,18.0,-4.316313426458277,48.791374542837204,26.90748384184589,58.136079026145744,32.27666453121885,58.25619740815301,5.370524155129694
PedNYC22,PedNYC22_scenario12,12,19.0,-4.30294526314956,48.94712529358904,26.241309928039268,58.132001808963565,31.323291858409526,58.256235407089534,5.083500204338851
PedNYC22,PedNYC22_scenario12,12,20.0,-4.305251409898513,49.16456071985765,25.588202101775167,58.12833846427477,30.381292288594086,58.25779612343453,4.794838143722366
PedNYC22,PedNYC22_scenario12,12,21.0,-4.29933738118446,49.370946797550644,24.94771148552437,58.12472056152835,29.45298717689417,58.26064287979181,4.507325585294426
PedNYC22,PedNYC22_scenario12,12,22.0,-4.270362955809743,49.56920692348995,24.314031462698786,58.12129901622751,28.540255768680023,58.2644675222773,4.228648614580209
PedNYC22,PedNYC22_scenario12,12,23.0,-4.220039081646585,49.76254180090586,23.67814793301186,58.118039634582516,27.64435050663565,58.26898153921581,3.969073734965665
PedNYC22,PedNYC22_scenario12,12,24.0,-4.181242936486952,49.95867808496312,23.03485609597146,58.1149125135275,26.769569517470867,58.273776281609734,3.7380906941294367
PedNYC22,PedNYC22_scenario12,12,25.0,-4.167912978572669,50.14542263815195,22.38094456589213,58.11191069721348,25.910904890378447,58.278248445782665,3.5338772105219807
PedNYC22,PedNYC22_scenario12,12,26.0,-4.174271010429658,50.35131145417719,21.715726097354008,58.10903813438053,25.06654373192686,58.282509185581844,3.355304908017942
PedNYC22,PedNYC22_scenario12,12,27.0,-4.177756361476167,50.53411206242407,21.04048413314775,58.10630770110645,24.24631941777884,58.28643462840655,3.2108917113668394
PedNYC22,PedNYC22_scenario12,12,28.0,-4.18027377970511,50.725656247341185,20.354519544791145,58.10372837628413,23.459697760336443,58.29018492964262,3.1107712543013197
PedNYC22,PedNYC22_scenario12,12,29.0,-4.201847912073478,50.93817678343534,19.659389684227012,58.10131561419648,22.69636539711844,58.294249814217046,3.0430979422670545
PedNYC22,PedNYC22_scenario12,12,30.0,-4.241488992659607,51.118057644251856,18.962151112291014,58.0990916342871,21.94820042075727,58.29913889521508,2.9927427853386592
PedNYC22,PedNYC22_scenario12,12,31.0,-4.282521721171523,51.28918459612127,18.274589503555916,58.09709630040086,21.21257410263812,58.30566005200966,2.9453781324185435
PedNYC22,PedNYC22_scenario12,12,32.0,-4.3152916544411415,51.45406192166602,17.606388967699893,58.09534810486454,20.4896373961614,58.31532623139423,2.8916278938302655
PedNYC22,PedNYC22_scenario12,12,33.0,-4.330207004978406,51.67344098002949,16.961080710522637,58.094007019002035,19.778258904111915,58.32969461514236,2.827019918113304
PedNYC22,PedNYC22_scenario12,12,34.0,-4.3192354926579535,51.869458473473216,16.33789397495567,58.093919991527784,19.075671899909,58.34948501642774,2.7496802447400834
PedNYC22,PedNYC22_scenario12,12,35.0,-4.29806904586674,52.05084776749681,15.736903343346821,58.09614349312293,18.38269116014392,58.37548218212464,2.6604930510499663
PedNYC22,PedNYC22_scenario12,12,36.0,-4.262533901244205,52.24152108214648,15.156605439488997,58.102366634674816,17.701631218148336,58.40755736482897,2.563259174530074
PedNYC22,PedNYC22_scenario12,12,37.0,-4.233639473470563,52.411561199019005,14.597482835624001,58.11338050637973,17.03871633797956,58.445889008465656,2.463774120527818
PedNYC22,PedNYC22_scenario12,12,38.0,-4.204033580479846,52.57647813379351,14.057989269150339,58.12935000973292,16.398809604993367,58.491339672253964,2.3686444141044833
PedNYC22,PedNYC22_scenario12,12,39.0,-4.167944870208019,52.7337947055619,13.537683117187509,58.151505816036504,15.781241712659979,58.544444111484935,2.277708426324212
PedNYC22,PedNYC22_scenario12,12,40.0,-4.134909964982972,52.84397351633284,13.036737439640866,58.18037306473175,15.18908388533875,58.605672591525064,2.193963288161161
PedNYC22,PedNYC22_scenario12,12,41.0,-4.0831783931441,52.986458005883094,12.55408919438915,58.21792358774907,14.626993050516601,58.67538543121522,2.122781603221468
PedNYC22,PedNYC22_scenario12,12,42.0,-4.0709765756633916,53.13416014760234,12.089916321609259,58.266643422086474,14.091708017778329,58.75338790901953,2.0601189748194555
PedNYC22,PedNYC22_scenario12,12,43.0,-4.073078959781091,53.29898293158829,11.644800163405009,58.327530487325895,13.578120184118934,58.84184317593058,2.000560882391003
PedNYC22,PedNYC22_scenario12,12,44.0,-4.068392471745093,53.480768025059284,11.217736657656605,58.4000207757619,13.08102647081492,58.94398534653678,1.9410683610006747
PedNYC22,PedNYC22_scenario12,12,45.0,-4.047482800675589,53.64835818658858,10.810838696051341,58.4814335885285,12.590194528284563,59.05914462151463,1.8707905321912133
PedNYC22,PedNYC22_scenario12,12,46.0,-4.03367467866817,53.82076715716254,10.435479171479171,58.56644707263356,12.102360029568924,59.18350669773941,1.7774291479554976
PedNYC22,PedNYC22_scenario12,12,47.0,-4.014835785739497,53.947034361092236,10.09830320178773,58.651627561176575,11.617138373825192,59.318847407479296,1.6589281488715224
PedNYC22,PedNYC22_scenario12,12,48.0,-4.043380173387753,54.06457133141927,9.801153119039611,58.73676171276754,11.137621404805783,59.468064892645664,1.5234670392754244
PedNYC22,PedNYC22_scenario12,12,49.0,-4.081645238921482,54.204702928343345,9.543641255661893,58.821353501004374,10.665328092731077,59.633570014663505,1.3848743717445504
PedNYC22,PedNYC22_scenario12,12,50.0,-4.087785193367747,54.35131409909051,9.325211914622425,58.903424173294816,10.198990412960075,59.817600149339,1.264597398120657
PedNYC22,PedNYC22_scenario12,12,51.0,-4.0516756122135344,54.47257026112421,9.147537425140705,58.97879571162662,9.736661193854992,60.02040141884621,1.1966658949667441
PedNYC22,PedNYC22_scenario12,12,52.0,-3.9844183012684655,54.57231685290839,8.989990949123609,59.05370080349739,9.276195098326903,60.24455522155443,1.2247640834165343
PedNYC22,PedNYC22_scenario12,12,53.0,-3.917864124332149,54.6693758798914,8.841621972881285,59.13117506840456,8.821102246325811,60.490181581407334,1.3591614185084397
PedNYC22,PedNYC22_scenario12,12,54.0,-3.89862101117096,54.69780692440163,8.702081796142279,59.210130800190726,8.381659586023506,60.75932475157929,1.5819836572342711
PedNYC22,PedNYC22_scenario12,12,55.0,-3.823258709825294,54.85612178536408,8.570852299628386,59.2898111353435,7.965156108921817,61.05219150542086,1.863559079898048
PedNYC22,PedNYC22_scenario12,12,56.0,-3.793024599715486,54.97381652242849,8.443308185340916,59.37285260065906,7.571109398186001,61.36710007286979,2.1766381657807514
PedNYC22,PedNYC22_scenario12,12,57.0,-3.7862755177693357,55.00804241731154,8.306820948232389,59.467757102058954,7.200245381244778,61.70315768268934,2.4942985469539543
PedNYC22,PedNYC22_scenario12,12,58.0,-3.781427691646882,55.17052745491972,8.154000374566575,59.5806397066247,6.852723317309879,62.06001112542593,2.8001079643669216
PedNYC22,PedNYC22_scenario12,12,59.0,-3.7757884420242482,55.284077987769585,7.9829167381241675,59.71544080434362,6.523191860441074,62.4369783694124,3.0882945838451716
PedNYC22,PedNYC22_scenario12,12,60.0,-3.753092247932437,55.36334099912974,7.794197479025989,59.87485949811148,6.206691900134203,62.83217772179295,3.3564721120740844
PedNYC22,PedNYC22_scenario12,12,61.0,-3.7361197728437747,55.43780276371714,7.5898929499592995,60.060589897800504,5.902164369555165,63.2439183929818,3.6030553797223472
PedNYC22,PedNYC22_scenario12,12,62.0,-3.7160485017067786,55.53202494235403,7.37234649758258,60.2740180727279,5.610336659923215,63.67267545220533,3.8282568684826783
PedNYC22,PedNYC22_scenario12,12,63.0,-3.689577188280195,55.64967842138815,7.1438688450003935,60.51690795322336,5.323008303322117,64.1188609952821,4.036037515860966
PedNYC22,PedNYC22_scenario12,12,64.0,-3.6756384199876555,55.712851123639865,6.908568163183989,60.79093446416326,5.036584843289467,64.58369321574347,4.22957923411438
PedNYC22,PedNYC22_scenario12,12,65.0,-3.6309125970421237,55.83925808039139,6.670227672915081,61.09723925410051,4.750447566142563,65.06863845799356,4.411073258861368
PedNYC22,PedNYC22_scenario12,12,66.0,-3.565136193190525,56.01849673667502,6.43246753845384,61.437309985980676,4.468189414784446,65.56657805099579,4.572662605078118
PedNYC22,PedNYC22_scenario12,12,67.0,-3.5079580208585215,56.15457386948134,6.198748829922844,61.81108756126133,4.197012734630596,66.06812201576122,4.704177902885371
PedNYC22,PedNYC22_scenario12,12,68.0,-3.479281134412151,56.29579992138061,5.972343672291579,62.21724407111615,3.944866358070973,66.58073324633746,4.811517644356378
PedNYC22,PedNYC22_scenario12,12,69.0,-3.4882946841332574,56.44255252605047,5.756240499102345,62.65048240832209,3.715882901097408,67.12537958409787,4.918105718821275
PedNYC22,PedNYC22_scenario12,12,70.0,-3.5261433599803187,56.60904843055438,5.555926223841506,63.10134959734867,3.5107432505636527,67.69482272677698,5.028197369332821
PedNYC22,PedNYC22_scenario12,12,71.0,-3.565759182607944,56.777963633700395,5.374946488796826,63.564473004792056,3.328472411742039,68.28497860698805,5.145019853063833
PedNYC22,PedNYC22_scenario12,12,72.0,-3.5711909645138653,56.94622216500405,5.215845619088058,64.03828495697692,3.1623891388086274,68.9065016802853,5.283579996697405
PedNYC22,PedNYC22_scenario12,12,73.0,-3.5482981264985267,57.116876128689135,5.080407636325751,64.52106689032072,3.0108253256011794,69.56086106194198,5.448182837714939
PedNYC22,PedNYC22_scenario12,12,74.0,-3.534377467206261,57.278023091698444,4.966589620952418,65.01276526097035,2.8731001237263833,70.24976074418016,5.639930847639505
PedNYC22,PedNYC22_scenario12,12,75.0,-3.5328160791601135,57.442634639596605,4.872653944511182,65.51507982659909,2.7511154316043696,70.9700878986686,5.8530367099558065
PedNYC22,PedNYC22_scenario12,12,76.0,-3.540865150831595,57.645446998104234,4.798471251326274,66.02876995978849,2.6485434314250207,71.73561803677298,6.098385409644661
PedNYC22,PedNYC22_scenario12,12,77.0,-3.5320563365687376,57.83387597597478,4.740755579443491,66.55604331106179,2.5707857203909934,72.55377376160092,6.378208192472297
PedNYC22,PedNYC22_scenario12,12,78.0,-3.5032576093397054,58.012652262229594,4.695281264404196,67.10083501730502,2.5064543638527406,73.390750484684,6.659879862831697
PedNYC22,PedNYC22_scenario12,12,79.0,-3.469785780374193,58.18249263335796,4.658049166411564,67.66506119114327,2.4528930771397404,74.22718292311575,6.922727425175581
PedNYC22,PedNYC22_scenario12,12,80.0,-3.4519351607619932,58.34585540367974,4.618828502482149,68.24906942585572,2.408499749361579,75.04937993483972,7.150508808152727
PedNYC22,PedNYC22_scenario12,12,81.0,-3.4535412403120844,58.50728923226653,4.56809463914119,68.84963824195685,2.368308445556665,75.8430779257391,7.331252137812841
PedNYC22,PedNYC22_scenario12,12,82.0,-3.468057671604776,58.682782043825455,4.51018235839006,69.46161041632573,2.328955323315088,76.6028567152043,7.466937128420785
PedNYC22,PedNYC22_scenario12,12,83.0,-3.4693995878536974,58.85167503305463,4.450517180764225,70.08530693535816,2.2918853785983626,77.3374849981854,7.566622622562494
PedNYC22,PedNYC22_scenario12,12,84.0,-3.4512546324119997,59.024728163729876,4.39656311036801,70.72024788282218,2.262278322869643,78.05150763926059,7.63561007192748
PedNYC22,PedNYC22_scenario12,12,85.0,-3.426409697131749,59.19132094818639,4.353530708236051,71.37002294525236,2.2405849283075856,78.73938537830341,7.666292620203173
PedNYC22,PedNYC22_scenario12,12,86.0,-3.416730684223502,59.349901369119856,4.325165997097469,72.03886598529682,2.240607211049289,79.36257556513357,7.614598304722526
PedNYC22,PedNYC22_scenario12,12,87.0,-3.427328232844191,59.50656394556449,4.313319846648782,72.72826678532002,2.2458056181248423,79.92032240692816,7.483333424982098
PedNYC22,PedNYC22_scenario12,12,88.0,-3.4355660112239716,59.66551779739425,4.318534835997448,73.44132814888891,2.2558098990027897,80.42013712917431,7.277266584989976
PedNYC22,PedNYC22_scenario12,12,89.0,-3.420851363466856,59.816142063446016,4.342187546036201,74.18076341532705,2.261968674024913,80.84642963737438,6.982722731085254
PedNYC22,PedNYC22_scenario12,12,90.0,-3.382002531619801,59.97014042882727,4.385637306488599,74.94540803190552,2.2657773512810104,81.21323884730525,6.616608599589915
PedNYC22,PedNYC22_scenario12,12,91.0,-3.339646850930236,60.114618689385466,4.449038946981504,75.735886890623,2.269287207500214,81.53530645185099,6.195529427976724
PedNYC22,PedNYC22_scenario12,12,92.0,-3.3088957037664697,60.25064237472546,4.528922782536184,76.55315949639265,2.272877634208354,81.82192764078226,5.731462070940388
PedNYC22,PedNYC22_scenario12,12,93.0,-3.293528565657348,60.39123187261123,4.612715565168025,77.39463832665531,2.276270857982402,82.08157546392341,5.237017624415506
PedNYC22,PedNYC22_scenario12,12,94.0,-3.2804116911822794,60.53660308313036,4.688669948704891,78.25127340786253,2.279591689071795,82.32097120609274,4.729280942168337
PedNYC22,PedNYC22_scenario12,12,95.0,-3.2524223451487546,60.660587333217435,4.74969231069042,79.09825945635805,2.2826748088406736,82.53645376779066,4.231708340327878
PedNYC22,PedNYC22_scenario12,12,96.0,-3.2133691021454247,60.765408676219096,4.794008610250165,79.92026099160883,2.285409157183181,82.72531480281403,3.7631633102597046
PedNYC22,PedNYC22_scenario12,12,97.0,-3.173492078928697,60.859488790515194,4.824492429891994,80.71493266768026,2.28793688764587,82.88645323736631,3.339104012077067
PedNYC22,PedNYC22_scenario12,12,98.0,-3.149578883998102,60.933414353787576,4.84600724949686,81.48340668998135,2.2904799665480953,83.02040692480422,2.9821283365645166
PedNYC22,PedNYC22_scenario12,12,99.0,-3.1381906600773792,60.98342610522112,4.863604450200702,82.2242013594103,2.29315418468445,83.12843682711289,2.7248589593855854
PedNYC22,PedNYC22_scenario12,12,100.0,-3.127500057220459,61.01148223876953,4.882752418518066,82.93843078613281,2.165416012207667,83.5742031733195,2.790720995257136
PedNYC23,PedNYC23_scenario12,12,0.0,-4.915655612945557,45.37444305419922,84.12171936035156,58.01225662231445,49.71087803038519,58.21886866836355,34.41146160182236
PedNYC23,PedNYC23_scenario12,12,1.0,-4.982955449960293,45.35610502363368,83.73786936515127,58.014498340003875,48.81154167601853,58.22203667144088,34.92694429817324
PedNYC23,PedNYC23_scenario12,12,2.0,-5.0073520532211315,45.36892742340451,83.24272246266067,58.01887640014877,47.899549641264926,58.226024529765546,35.34377986903283
PedNYC23,PedNYC23_scenario12,12,3.0,-4.995628982182834,45.37619304327669,82.6376415331633,58.023179412228494,46.97607816037263,58.23084442743293,35.662168006868356
PedNYC23,PedNYC23_scenario12,12,4.0,-4.963979302572887,45.37600572484269,81.93063739545252,58.02749839488124,46.03776523118833,58.235631171228775,35.89347561121382
PedNYC23,PedNYC23_scenario12,12,5.0,-4.920957903380191,45.400777608836364,81.12796008565005,58.032504954718625,45.082804449089096,58.24113517646439,36.04575940985745
PedNYC23,PedNYC23_scenario12,12,6.0,-4.909155036232722,45.43784592734188,80.24492473206584,58.03825056393223,44.109915970367936,58.24688368349451,36.13561105041068
PedNYC23,PedNYC23_scenario12,12,7.0,-4.92057321818656,45.45598990673282,79.2897588424997,58.045072032964654,43.12826137257003,58.25136525943814,36.16208589341907
PedNYC23,PedNYC23_scenario12,12,8.0,-4.926919859728732,45.45529240499206,78.26485507226418,58.053302651427536,42.13297447199011,58.25438884094464,36.13244015241811
PedNYC23,PedNYC23_scenario12,12,9.0,-4.920451575149883,45.44348646032067,77.17971883650728,58.06291300953285,41.130803373103205,58.257312109930595,36.04943962252241
PedNYC23,PedNYC23_scenario12,12,10.0,-4.910737219971638,45.42903971708028,76.04390736076184,58.073995666804485,40.12522966015949,58.25923090649846,35.91915533324486
PedNYC23,PedNYC23_scenario12,12,11.0,-4.906236744048987,45.41730136111469,74.86656440120828,58.08575158160046,39.121588677301794,58.25954062733463,35.74539819522341
PedNYC23,PedNYC23_scenario12,12,12.0,-4.907370283138345,45.409824532960876,73.65146450243383,58.09638524730098,38.125927755410686,58.259449216380716,35.525910980889755
PedNYC23,PedNYC23_scenario12,12,13.0,-4.91057629519467,45.40627388654447,72.39668780022271,58.10665628232256,37.13569360768573,58.25963450963021,35.26132603553299
PedNYC23,PedNYC23_scenario12,12,14.0,-4.912542253724376,45.40956928766187,71.09765240228955,58.116481809238984,36.151444685682485,58.2599069510196,34.94650203587681
PedNYC23,PedNYC23_scenario12,12,15.0,-4.910386727827983,45.41881688735237,69.74901208501373,58.12595229706278,35.17426298330261,58.259832307840426,34.57500830518425
PedNYC23,PedNYC23_scenario12,12,16.0,-4.90559435699306,45.42422104955149,68.34970442987317,58.13539660306115,34.20370264223071,58.259080896920025,34.146225792702616
PedNYC23,PedNYC23_scenario12,12,17.0,-4.901485718168997,45.42115868250712,66.90119610915002,58.14486817285637,33.23800375852567,58.257361878879074,33.663380312574496
PedNYC23,PedNYC23_scenario12,12,18.0,-4.8995088097945265,45.418928339833606,65.40534128035037,58.15473814008879,32.27666453121885,58.25619740815301,33.12883211239907
PedNYC23,PedNYC23_scenario12,12,19.0,-4.899132935363109,45.41868478926692,63.868077183300386,58.16654333110318,31.323291858409526,58.256235407089534,32.54490891847335
PedNYC23,PedNYC23_scenario12,12,20.0,-4.8992551402135565,45.419773619424184,62.28999612626758,58.18079163004089,30.381292288594086,58.25779612343453,31.908796754067087
PedNYC23,PedNYC23_scenario12,12,21.0,-4.900614481560633,45.42303619041291,60.6696493766637,58.197730935625096,29.45298717689417,58.26064287979181,31.21672559393824
PedNYC23,PedNYC23_scenario12,12,22.0,-4.900731770759164,45.42695877774609,59.005802327796054,58.21767348584807,28.540255768680023,58.2644675222773,30.465582496113743
PedNYC23,PedNYC23_scenario12,12,23.0,-4.899187353947296,45.43217104417349,57.29978577822912,58.24064678546427,27.64435050663565,58.26898153921581,29.655448808034254
PedNYC23,PedNYC23_scenario12,12,24.0,-4.896365343866013,45.43317644679851,55.5596954531345,58.26653996108123,26.769569517470867,58.273776281609734,28.790126845078447
PedNYC23,PedNYC23_scenario12,12,25.0,-4.892767036161046,45.42892212616408,53.80734912001896,58.29353159361638,25.910904890378447,58.278248445782665,27.89644841609862
PedNYC23,PedNYC23_scenario12,12,26.0,-4.888194583044582,45.42431902662976,52.065977021194755,58.31788522038428,25.06654373192686,58.282509185581844,26.999456465000655
PedNYC23,PedNYC23_scenario12,12,27.0,-4.8848118747301905,45.42277587496564,50.3743447597421,58.33322694461269,24.24631941777884,58.28643462840655,26.128067241782933
PedNYC23,PedNYC23_scenario12,12,28.0,-4.885978612222696,45.434395107873456,48.75435377065599,58.33796831552583,23.459697760336443,58.29018492964262,25.29470114336916
PedNYC23,PedNYC23_scenario12,12,29.0,-4.886062415118908,45.438459094485644,47.207987446712345,58.32919968907965,22.69636539711844,58.294249814217046,24.511646966205493
PedNYC23,PedNYC23_scenario12,12,30.0,-4.883995078732976,45.4350395401317,45.73396351155868,58.30674753403071,21.94820042075727,58.29913889521508,23.78576430773489
PedNYC23,PedNYC23_scenario12,12,31.0,-4.8819115180535775,45.433108667663156,44.32897006085117,58.273126617645715,21.21257410263812,58.30566005200966,23.11641885157042
PedNYC23,PedNYC23_scenario12,12,32.0,-4.880680524216217,45.43296803530622,42.98891097083863,58.235489781032385,20.4896373961614,58.31532623139423,22.499415220111292
PedNYC23,PedNYC23_scenario12,12,33.0,-4.880473136212435,45.435197187063515,41.71090926714666,58.20256248503361,19.778258904111915,58.32969461514236,21.933018819251355
PedNYC23,PedNYC23_scenario12,12,34.0,-4.888494216130932,45.45186324321048,40.492022960465846,58.17532804605547,19.075671899909,58.34948501642774,21.417059167853637
PedNYC23,PedNYC23_scenario12,12,35.0,-4.9189849185146315,45.47832444642363,39.32978782490686,58.153819734359566,18.38269116014392,58.37548218212464,20.948269449376284
PedNYC23,PedNYC23_scenario12,12,36.0,-4.944143264363433,45.47561582410341,38.218601007811166,58.13166585655471,17.701631218148336,58.40755736482897,20.518824661131912
PedNYC23,PedNYC23_scenario12,12,37.0,-4.941998539612443,45.46050842727971,37.1308282503511,58.10417331054611,17.03871633797956,58.445889008465656,20.095017559521242
PedNYC23,PedNYC23_scenario12,12,38.0,-4.912339345885041,45.4553206428454,36.03392266077135,58.07393687290719,16.398809604993367,58.491339672253964,19.63954912440929
PedNYC23,PedNYC23_scenario12,12,39.0,-4.867046082776614,45.46529848034611,34.90950226515021,58.040239768774335,15.781241712659979,58.544444111484935,19.134904592998684
PedNYC23,PedNYC23_scenario12,12,40.0,-4.8165048199408345,45.530139427421496,33.739492560754925,58.002478271881735,15.18908388533875,58.605672591525064,18.56021296785696
PedNYC23,PedNYC23_scenario12,12,41.0,-4.769728343460058,45.661802902726066,32.507726290802324,57.9617260659183,14.626993050516601,58.67538543121522,17.894969429980446
PedNYC23,PedNYC23_scenario12,12,42.0,-4.723243700680967,45.80356953233036,31.20314415894816,57.917690139057164,14.091708017778329,58.75338790901953,17.131831121513347
PedNYC23,PedNYC23_scenario12,12,43.0,-4.6144739141231925,45.87322124125813,29.826742147250396,57.87038626336756,13.578120184118934,58.84184317593058,16.27763632207467
PedNYC23,PedNYC23_scenario12,12,44.0,-4.526708620357779,45.92985605651967,28.386607507038843,57.82125740030071,13.08102647081492,58.94398534653678,15.346704170527195
PedNYC23,PedNYC23_scenario12,12,45.0,-4.422149733166659,46.06958648902401,26.920894034004558,57.772252239403834,12.590194528284563,59.05914462151463,14.388364755119955
PedNYC23,PedNYC23_scenario12,12,46.0,-4.330548673127019,46.30748848454847,25.497203967255338,57.726237453056086,12.102360029568924,59.18350669773941,13.473881317811673
PedNYC23,PedNYC23_scenario12,12,47.0,-4.296442390211048,46.53382504942255,24.133721152298136,57.684132260166,11.617138373825192,59.318847407479296,12.622881527734506
PedNYC23,PedNYC23_scenario12,12,48.0,-4.288528848517115,46.759322541576466,22.832543631397712,57.64687512198673,11.137621404805783,59.468064892645664,11.835875044405743
PedNYC23,PedNYC23_scenario12,12,49.0,-4.266428712786106,46.97675387177275,21.591753167711556,57.61493622164882,10.665328092731077,59.633570014663505,11.11132968233159
PedNYC23,PedNYC23_scenario12,12,50.0,-4.213657853284104,47.189374157119246,20.407989667275608,57.59013212007224,10.198990412960075,59.817600149339,10.449176024740929
PedNYC23,PedNYC23_scenario12,12,51.0,-4.1353247690794195,47.40529377624222,19.279015952694827,57.57556556356352,9.736661193854992,60.02040141884621,9.850571389662077
PedNYC23,PedNYC23_scenario12,12,52.0,-4.087621423104287,47.63964386322105,18.202458573835642,57.57365328103686,9.276195098326903,60.24455522155443,9.317290207461708
PedNYC23,PedNYC23_scenario12,12,53.0,-4.1025059399189505,47.894297229028176,17.175888236094174,57.588827213460235,8.821102246325811,60.490181581407334,8.844224448940418
PedNYC23,PedNYC23_scenario12,12,54.0,-4.138548397850865,48.14805153369972,16.19856635455721,57.63028495496419,8.381659586023506,60.75932475157929,8.419912201249437
PedNYC23,PedNYC23_scenario12,12,55.0,-4.139422054737069,48.39563699985394,15.269461737520809,57.70236410882285,7.965156108921817,61.05219150542086,8.03580887670815
PedNYC23,PedNYC23_scenario12,12,56.0,-4.09920181429106,48.63081772603518,14.387630786678562,57.80498844915606,7.571109398186001,61.36710007286979,7.691137956087706
PedNYC23,PedNYC23_scenario12,12,57.0,-4.031886718342467,48.870544914502574,13.549660369756841,57.934488648649356,7.200245381244778,61.70315768268934,7.383626276056603
PedNYC23,PedNYC23_scenario12,12,58.0,-3.9932112586928863,49.11363848526222,12.739340889185018,58.09216488179478,6.852723317309879,62.06001112542593,7.099018963956005
PedNYC23,PedNYC23_scenario12,12,59.0,-3.981444658814518,49.35038353660957,11.941308046705764,58.28371102809379,6.523191860441074,62.4369783694124,6.826830349168433
PedNYC23,PedNYC23_scenario12,12,60.0,-3.9776984022036306,49.59742308528525,11.14472898840589,58.51548902481996,6.206691900134203,62.83217772179295,6.558811751508125
PedNYC23,PedNYC23_scenario12,12,61.0,-3.9401064561233903,49.82220696998904,10.337203280357683,58.79338343831123,5.902164369555165,63.2439183929818,6.283059089573877
PedNYC23,PedNYC23_scenario12,12,62.0,-3.8979136803562047,50.08234459831236,9.510264846119735,59.129944815837156,5.610336659923215,63.67267545220533,5.987139675344822
PedNYC23,PedNYC23_scenario12,12,63.0,-3.8669547461915132,50.37357670771113,8.663900628124166,59.54325574047574,5.323008303322117,64.1188609952821,5.665485413778137
PedNYC23,PedNYC23_scenario12,12,64.0,-3.870333459187704,50.65856287776665,7.81705470755094,60.048744163573666,5.036584843289467,64.58369321574347,5.319471362066158
PedNYC23,PedNYC23_scenario12,12,65.0,-3.90059261062445,50.9525153070515,6.978303690810766,60.661234580092994,4.750447566142563,65.06863845799356,4.938476673545654
PedNYC23,PedNYC23_scenario12,12,66.0,-3.9090418237491718,51.247844663705706,6.1953419836762,61.40692654083272,4.468189414784446,65.56657805099579,4.5039712124114715
PedNYC23,PedNYC23_scenario12,12,67.0,-3.8800454865731404,51.54127675640431,5.503237072401975,62.27956092674018,4.197012734630596,66.06812201576122,4.00742026069522
PedNYC23,PedNYC23_scenario12,12,68.0,-3.8245020764255773,51.833406798145354,4.9282304948224,63.26471173226405,3.944866358070973,66.58073324633746,3.458757538083091
PedNYC23,PedNYC23_scenario12,12,69.0,-3.776026355981987,52.108178498448225,4.487770113384885,64.35010147030398,3.715882901097408,67.12537958409787,2.880621196442929
PedNYC23,PedNYC23_scenario12,12,70.0,-3.7371560943124957,52.38712150145945,4.181541155352925,65.52111786868144,3.5107432505636527,67.69482272677698,2.2748544215351014
PedNYC23,PedNYC23_scenario12,12,71.0,-3.6716942155737478,52.6333526699268,3.999877493155716,66.76066675710993,3.328472411742039,68.28497860698805,1.665626428412732
PedNYC23,PedNYC23_scenario12,12,72.0,-3.6021145541420623,52.84584943101733,3.9149382431579394,68.05691699614938,3.1623891388086274,68.9065016802853,1.1349556334832132
PedNYC23,PedNYC23_scenario12,12,73.0,-3.549343515361442,53.104242860970054,3.8928696086174392,69.40283397862059,3.0108253256011794,69.56086106194198,0.8960885426478413
PedNYC23,PedNYC23_scenario12,12,74.0,-3.5458477409545903,53.399584747932884,3.8999310744291877,70.79677292725383,2.8731001237263833,70.24976074418016,1.1634449405761487
PedNYC23,PedNYC23_scenario12,12,75.0,-3.6178945508642673,53.69193414367271,3.8920352173030266,72.23707482747547,2.7511154316043696,70.9700878986686,1.704979130419531
PedNYC23,PedNYC23_scenario12,12,76.0,-3.727238900883357,53.94656595877372,3.85901321505845,73.71835337198286,2.6485434314250207,71.73561803677298,2.323031748939175
PedNYC23,PedNYC23_scenario12,12,77.0,-3.7638985118267922,54.15695387236926,3.8118749466442203,75.2365591554056,2.5707857203909934,72.55377376160092,2.9559499212154385
PedNYC23,PedNYC23_scenario12,12,78.0,-3.734530148240722,54.40271236323552,3.7678962638806004,76.7923135699515,2.5064543638527406,73.390750484684,3.6279287603535484
PedNYC23,PedNYC23_scenario12,12,79.0,-3.684302826335771,54.69446352008579,3.7485129159186346,78.38288931318256,2.4528930771397404,74.22718292311575,4.352990508498677
PedNYC23,PedNYC23_scenario12,12,80.0,-3.6269233971666646,54.969653310781716,3.763636846083689,79.96414160171499,2.408499749361579,75.04937993483972,5.098164257171296
PedNYC23,PedNYC23_scenario12,12,81.0,-3.616582409884318,55.23630675283095,3.811382370635467,81.48610515825604,2.368308445556665,75.8430779257391,5.8246217645586364
PedNYC23,PedNYC23_scenario12,12,82.0,-3.6048480518991544,55.48540121513333,3.8742404719250856,82.89949898104454,2.328955323315088,76.6028567152043,6.48348748857283
PedNYC23,PedNYC23_scenario12,12,83.0,-3.5862165610440977,55.70203896423381,3.931231547702463,84.06846394222998,2.2918853785983626,77.3374849981854,6.927736528428876
PedNYC23,PedNYC23_scenario12,12,84.0,-3.54978059150367,55.872944707828786,3.9727224313639464,84.98636089794341,2.262278322869643,78.05150763926059,7.142675182853174
PedNYC23,PedNYC23_scenario12,12,85.0,-3.537581067365233,56.01302278650916,3.9979868566297427,85.6593031636035,2.2405849283075856,78.73938537830341,7.139588482047329
PedNYC23,PedNYC23_scenario12,12,86.0,-3.544171347715417,56.13987779059378,4.010906862012383,86.07138293207908,2.240607211049289,79.36257556513357,6.93844774722577
PedNYC23,PedNYC23_scenario12,12,87.0,-3.5718624463640607,56.250255754797344,4.015130995896734,86.23551295979915,2.2458056181248423,79.92032240692816,6.558364431129045
PedNYC23,PedNYC23_scenario12,12,88.0,-3.589968302979724,56.36667110774677,4.0155632303756885,86.2529965530342,2.2558098990027897,80.42013712917431,6.0925348456770525
PedNYC23,PedNYC23_scenario12,12,89.0,-3.5718938773209787,56.44155506393014,4.01564346335654,86.25636510437067,2.261968674024913,80.84642963737438,5.687071040861163
PedNYC23,PedNYC23_scenario12,12,90.0,-3.5371411414830365,56.47112955574196,4.01570772835495,86.25908335098832,2.2657773512810104,81.21323884730525,5.340674403102552
PedNYC23,PedNYC23_scenario12,12,91.0,-3.5085849426080564,56.480602367435765,4.015764453042357,86.26152648903054,2.269287207500214,81.53530645185099,5.038584980828846
PedNYC23,PedNYC23_scenario12,12,92.0,-3.4839973650045994,56.481726320516266,4.015815362653997,86.26372946587666,2.272877634208354,81.82192764078226,4.77152338133758
PedNYC23,PedNYC23_scenario12,12,93.0,-3.4383781607188952,56.43347371147888,4.015865147252982,86.26574822095701,2.276270857982402,82.08157546392341,4.531389406348225
PedNYC23,PedNYC23_scenario12,12,94.0,-3.4468246984534505,56.353261374432016,4.015911640189597,86.26767556515041,2.279591689071795,82.32097120609274,4.311760924547486
PedNYC23,PedNYC23_scenario12,12,95.0,-3.458884487857281,56.31132286413883,4.015956670109244,86.26962676929584,2.2826748088406736,82.53645376779066,4.115925979627163
PedNYC23,PedNYC23_scenario12,12,96.0,-3.4610744090206955,56.305535114112196,4.01599880276607,86.27150534731958,2.285409157183181,82.72531480281403,3.9459356177387477
PedNYC23,PedNYC23_scenario12,12,97.0,-3.4481256425154467,56.31174377562374,4.016039362213999,86.27332463842131,2.28793688764587,82.88645323736631,3.80226722494524
PedNYC23,PedNYC23_scenario12,12,98.0,-3.430215406311084,56.31469463447546,4.016076802866947,86.27503938442064,2.2904799665480953,83.02040692480422,3.6837911027503227
PedNYC23,PedNYC23_scenario12,12,99.0,-3.4034825204827497,56.31491777146469,4.016111989657724,86.27661184295745,2.29315418468445,83.12843682711289,3.588814501768823
PedNYC23,PedNYC23_scenario12,12,100.0,-3.4201271533966064,56.27352142333984,4.016139030456543,86.27779388427734,2.165416012207667,83.5742031733195,3.2763666496065045
PedNYC24,PedNYC24_scenario12,12,0.0,-4.826605796813965,45.54158020019531,41.7798957824707,57.96376037597656,49.71087803038519,58.21886866836355,7.935084098960723
PedNYC24,PedNYC24_scenario12,12,1.0,-4.809856312823633,45.60952395217287,40.7305104642297,57.97966995224606,48.81154167601853,58.22203667144088,8.084664932604099
PedNYC24,PedNYC24_scenario12,12,2.0,-4.802666646268899,45.704273728984376,39.64914097212032,57.99829823854828,47.899549641264926,58.226024529765546,8.253550900770408
PedNYC24,PedNYC24_scenario12,12,3.0,-4.7994222787275,45.809342136650464,38.541100704822426,58.019721355932745,46.97607816037263,58.23084442743293,8.437619191866853
PedNYC24,PedNYC24_scenario12,12,4.0,-4.783397857263746,45.91883697516354,37.42332401804643,58.04344569305135,46.03776523118833,58.235631171228775,8.616584745286268
PedNYC24,PedNYC24_scenario12,12,5.0,-4.746236648031188,46.02851367117757,36.32199124062138,58.06853573961654,45.082804449089096,58.24113517646439,8.762513260432911
PedNYC24,PedNYC24_scenario12,12,6.0,-4.68599516835166,46.14236763368991,35.254472252626165,58.0944923128165,44.109915970367936,58.24688368349451,8.85675485536036
PedNYC24,PedNYC24_scenario12,12,7.0,-4.622951403881889,46.25941313819621,34.22440024516229,58.120240343220566,43.12826137257003,58.25136525943814,8.904826596841493
PedNYC24,PedNYC24_scenario12,12,8.0,-4.5825996459437865,46.378042773742116,33.231829340810876,58.14503813015235,42.13297447199011,58.25438884094464,8.901816793456636
PedNYC24,PedNYC24_scenario12,12,9.0,-4.566773829156569,46.50585831264308,32.27569960915609,58.16900050900091,41.130803373103205,58.257312109930595,8.855544117056224
PedNYC24,PedNYC24_scenario12,12,10.0,-4.572218122536557,46.641334472556615,31.35470666985879,58.19236081954363,40.12522966015949,58.25923090649846,8.770777909166467
PedNYC24,PedNYC24_scenario12,12,11.0,-4.576352547700216,46.78688465970321,30.467706171842487,58.21511661545566,39.121588677301794,58.25954062733463,8.65399652825942
PedNYC24,PedNYC24_scenario12,12,12.0,-4.561552454229881,46.937530223441875,29.613718344980118,58.237243998456584,38.125927755410686,58.259449216380716,8.512238372997185
PedNYC24,PedNYC24_scenario12,12,13.0,-4.527635821236173,47.08926342335494,28.79120237584023,58.25846340534842,37.13569360768573,58.25963450963021,8.344491314024584
PedNYC24,PedNYC24_scenario12,12,14.0,-4.473927676672667,47.255003427026004,27.99879850465962,58.27745574049696,36.151444685682485,58.2599069510196,8.152665068120902
PedNYC24,PedNYC24_scenario12,12,15.0,-4.426139725346654,47.417881364567805,27.235675435407796,58.293335168778796,35.17426298330261,58.259832307840426,7.9386582428822114
PedNYC24,PedNYC24_scenario12,12,16.0,-4.398406001079397,47.55387158333306,26.500444914644756,58.306625071119285,34.20370264223071,58.259080896920025,7.703404446484229
PedNYC24,PedNYC24_scenario12,12,17.0,-4.3754487768738795,47.70934790709986,25.79241731786169,58.317582046665564,33.23800375852567,58.257361878879074,7.445829968110174
PedNYC24,PedNYC24_scenario12,12,18.0,-4.3618372462084665,47.878051970194534,25.110489509176478,58.32640160173044,32.27666453121885,58.25619740815301,7.166518895205665
PedNYC24,PedNYC24_scenario12,12,19.0,-4.347787756337297,48.04141430441661,24.453610343006126,58.333311605682034,31.323291858409526,58.256235407089534,6.870113890137821
PedNYC24,PedNYC24_scenario12,12,20.0,-4.3308685474073405,48.182813548876915,23.820865286557307,58.338795237415745,30.381292288594086,58.25779612343453,6.560927015713482
PedNYC24,PedNYC24_scenario12,12,21.0,-4.304498473989688,48.33309777573173,23.211369127105232,58.34324941870262,29.45298717689417,58.26064287979181,6.2421646661812655
PedNYC24,PedNYC24_scenario12,12,22.0,-4.275971072193277,48.46242270781502,22.624180289958087,58.34663784540918,28.540255768680023,58.2644675222773,5.916646096559991
PedNYC24,PedNYC24_scenario12,12,23.0,-4.258157754377428,48.61984104206219,22.05535922154985,58.34903285873358,27.64435050663565,58.26898153921581,5.589564544624345
PedNYC24,PedNYC24_scenario12,12,24.0,-4.263252683196263,48.74853898454417,21.488809128058534,58.35054510736579,26.769569517470867,58.273776281609734,5.281318371675225
PedNYC24,PedNYC24_scenario12,12,25.0,-4.284410727214099,48.89472151434488,20.909368997346377,58.351215411267354,25.910904890378447,58.278248445782665,5.002068119022386
PedNYC24,PedNYC24_scenario12,12,26.0,-4.2994833908989465,48.97799471168106,20.312552291698328,58.350875427588946,25.06654373192686,58.282509185581844,4.754482995743315
PedNYC24,PedNYC24_scenario12,12,27.0,-4.324394093513786,49.14170924370157,19.697532796121955,58.34938947239426,24.24631941777884,58.28643462840655,4.549222245807097
PedNYC24,PedNYC24_scenario12,12,28.0,-4.340390678810411,49.32671526248438,19.063803347094062,58.34666361964409,23.459697760336443,58.29018492964262,4.396257218907904
PedNYC24,PedNYC24_scenario12,12,29.0,-4.337163841657261,49.489042009985084,18.409659561278836,58.342582163361214,22.69636539711844,58.294249814217046,4.286978299338022
PedNYC24,PedNYC24_scenario12,12,30.0,-4.32549889738024,49.66415300492659,17.734667128348118,58.33706217711161,21.94820042075727,58.29913889521508,4.213703950392116
PedNYC24,PedNYC24_scenario12,12,31.0,-4.322792426362402,49.839526093988304,17.0478494762366,58.330105350080856,21.21257410263812,58.30566005200966,4.164796367933619
PedNYC24,PedNYC24_scenario12,12,32.0,-4.33573853087787,50.03285238287603,16.3589335018251,58.32174995681707,20.4896373961614,58.31532623139423,4.130708889153698
PedNYC24,PedNYC24_scenario12,12,33.0,-4.362442418570929,50.24282244219899,15.681422371517156,58.31268061339631,19.778258904111915,58.32969461514236,4.096871861684042
PedNYC24,PedNYC24_scenario12,12,34.0,-4.3805575071590885,50.42482495830456,15.024722303731531,58.304737235183374,19.075671899909,58.34948501642774,4.051196736113503
PedNYC24,PedNYC24_scenario12,12,35.0,-4.38564218408609,50.60420994289284,14.391200471089663,58.299202045346696,18.38269116014392,58.37548218212464,3.992219505497374
PedNYC24,PedNYC24_scenario12,12,36.0,-4.369880695236334,50.797644878764466,13.780636619373547,58.29683205170836,17.701631218148336,58.40755736482897,3.922557678172078
PedNYC24,PedNYC24_scenario12,12,37.0,-4.345210764443368,50.988914561761604,13.195476438658968,58.29936743936819,17.03871633797956,58.445889008465656,3.8460319153564693
PedNYC24,PedNYC24_scenario12,12,38.0,-4.321121549042214,51.17335839739134,12.64247903969733,58.3091153159452,16.398809604993367,58.491339672253964,3.7607479351598925
PedNYC24,PedNYC24_scenario12,12,39.0,-4.30523679284475,51.35190557078458,12.130302802517402,58.328626950243596,15.781241712659979,58.544444111484935,3.6573121240440134
PedNYC24,PedNYC24_scenario12,12,40.0,-4.29849285148884,51.542177622929145,11.672806778547072,58.3592398532563,15.18908388533875,58.605672591525064,3.524901954131192
PedNYC24,PedNYC24_scenario12,12,41.0,-4.290488581759629,51.71733062524363,11.269687801236268,58.40134979123506,14.626993050516601,58.67538543121522,3.3684705830427872
PedNYC24,PedNYC24_scenario12,12,42.0,-4.274464054180872,51.89822386543043,10.909204228139219,58.45529495861147,14.091708017778329,58.75338790901953,3.196433915811538
PedNYC24,PedNYC24_scenario12,12,43.0,-4.253444043547401,52.083644892375894,10.568709526518058,58.52553526697586,13.578120184118934,58.84184317593058,3.0259879707872344
PedNYC24,PedNYC24_scenario12,12,44.0,-4.235649924745401,52.286848934342174,10.248047771252853,58.61362368776832,13.08102647081492,58.94398534653678,2.8521758602436544
PedNYC24,PedNYC24_scenario12,12,45.0,-4.2417526725731864,52.494989724009976,9.94518669549485,58.71819361477363,12.590194528284563,59.05914462151463,2.6668922033926745
PedNYC24,PedNYC24_scenario12,12,46.0,-4.252573637776008,52.71348954545753,9.641424914992436,58.84386717747071,12.102360029568924,59.18350669773941,2.484261790126786
PedNYC24,PedNYC24_scenario12,12,47.0,-4.264496718405144,52.930146891490935,9.317515166760877,59.00005565202015,11.617138373825192,59.318847407479296,2.321614756547151
PedNYC24,PedNYC24_scenario12,12,48.0,-4.262532245110522,53.13408249732879,8.963217209807185,59.1960291374863,11.137621404805783,59.468064892645664,2.191355072851642
PedNYC24,PedNYC24_scenario12,12,49.0,-4.2515935765396655,53.34303860290397,8.57738865702306,59.44132023526864,10.665328092731077,59.633570014663505,2.0967715814704477
PedNYC24,PedNYC24_scenario12,12,50.0,-4.237351015041308,53.55855690954468,8.164777788842091,59.74440996116197,10.198990412960075,59.817600149339,2.035528875689648
PedNYC24,PedNYC24_scenario12,12,51.0,-4.230590750261693,53.76960699085219,7.730766722174266,60.1123248990906,9.736661193854992,60.02040141884621,2.0079996408713674
PedNYC24,PedNYC24_scenario12,12,52.0,-4.24171882060537,53.98093553713006,7.281259778235198,60.548880354340106,9.276195098326903,60.24455522155443,2.018014052922926
PedNYC24,PedNYC24_scenario12,12,53.0,-4.265452146774249,54.18378687653672,6.824900905045804,61.057123722189246,8.821102246325811,60.490181581407334,2.075148955116831
PedNYC24,PedNYC24_scenario12,12,54.0,-4.288360789597366,54.37950886360991,6.376532507542576,61.64120318007464,8.381659586023506,60.75932475157929,2.1904894803451795
PedNYC24,PedNYC24_scenario12,12,55.0,-4.297718819166926,54.571246822243715,5.945768399738465,62.30084858469514,7.965156108921817,61.05219150542086,2.374251718251998
PedNYC24,PedNYC24_scenario12,12,56.0,-4.295286757771562,54.768963295929446,5.537257058114491,63.03075806702171,7.571109398186001,61.36710007286979,2.627605994573757
PedNYC24,PedNYC24_scenario12,12,57.0,-4.2872355853822945,54.966052610694874,5.164140710514304,63.82958116217727,7.200245381244778,61.70315768268934,2.944044674302348
PedNYC24,PedNYC24_scenario12,12,58.0,-4.290999009301591,55.18637874576989,4.839235689765904,64.69494587579278,6.852723317309879,62.06001112542593,3.31617453777142
PedNYC24,PedNYC24_scenario12,12,59.0,-4.302092585388749,55.39131723013083,4.566961029254936,65.61846884007872,6.523191860441074,62.4369783694124,3.7347986130210287
PedNYC24,PedNYC24_scenario12,12,60.0,-4.315317993906193,55.58368988990623,4.352957734602507,66.59026838145171,6.206691900134203,62.83217772179295,4.190414748288512
PedNYC24,PedNYC24_scenario12,12,61.0,-4.319860762889556,55.781349235370016,4.2007031062896045,67.60437794903379,5.902164369555165,63.2439183929818,4.680659993030724
PedNYC24,PedNYC24_scenario12,12,62.0,-4.306330365521311,56.00290235976538,4.105417446328002,68.65720273991641,5.610336659923215,63.67267545220533,5.20675466306839
PedNYC24,PedNYC24_scenario12,12,63.0,-4.2820857191279265,56.179159721332205,4.058969465344519,69.7436266834169,5.323008303322117,64.1188609952821,5.765048415263684
PedNYC24,PedNYC24_scenario12,12,64.0,-4.26954658001346,56.25861303150249,4.050285628733753,70.85845126100679,5.036584843289467,64.58369321574347,6.351800899526847
PedNYC24,PedNYC24_scenario12,12,65.0,-4.238754768176072,56.5339670831587,4.055973873673677,71.99985889427762,4.750447566142563,65.06863845799356,6.965924952645788
PedNYC24,PedNYC24_scenario12,12,66.0,-4.221707440966349,56.77324837828505,4.054502340575695,73.16773083904731,4.468189414784446,65.56657805099579,7.612401769656593
PedNYC24,PedNYC24_scenario12,12,67.0,-4.219103798932091,56.98027104641915,4.041169574690022,74.36174136593782,4.197012734630596,66.06812201576122,8.29508342430165
PedNYC24,PedNYC24_scenario12,12,68.0,-4.216321561536406,57.17630442605483,4.009512461353156,75.57920368447598,3.944866358070973,66.58073324633746,8.998702647866665
PedNYC24,PedNYC24_scenario12,12,69.0,-4.205630482840578,57.37338813754103,3.974608684661913,76.81801760920114,3.715882901097408,67.12537958409787,9.696090496522748
PedNYC24,PedNYC24_scenario12,12,70.0,-4.18174540738828,57.563407923956234,3.9510931979174186,78.07496675036714,3.5107432505636527,67.69482272677698,10.389480161519586
PedNYC24,PedNYC24_scenario12,12,71.0,-4.154374256823601,57.78241805414882,3.9423834611368154,79.34623658420718,3.328472411742039,68.28497860698805,11.07828122116255
PedNYC24,PedNYC24_scenario12,12,72.0,-4.13613538675356,57.96429870120842,3.957556937104219,80.61287852073598,3.1623891388086274,68.9065016802853,11.733352059751985
PedNYC24,PedNYC24_scenario12,12,73.0,-4.1231453528732995,58.12081927462688,3.996089882787459,81.84648595504805,3.0108253256011794,69.56086106194198,12.3250689759431
PedNYC24,PedNYC24_scenario12,12,74.0,-4.122877277115574,58.28502194338099,4.048991366062544,83.03767228832076,2.8731001237263833,70.24976074418016,12.841861308804393
PedNYC24,PedNYC24_scenario12,12,75.0,-4.122085519320829,58.45344965200994,4.108674655551399,84.18536814603488,2.7511154316043696,70.9700878986686,13.284825895093734
PedNYC24,PedNYC24_scenario12,12,76.0,-4.1131297132924125,58.597652563373785,4.172587297197857,85.29071501879544,2.6485434314250207,71.73561803677298,13.640504532341694
PedNYC24,PedNYC24_scenario12,12,77.0,-4.088659392334522,58.72169387065919,4.23669820944838,86.35495561606365,2.5707857203909934,72.55377376160092,13.901362703028383
PedNYC24,PedNYC24_scenario12,12,78.0,-4.0638572019179655,58.83687846765752,4.298387850531493,87.36852122002361,2.5064543638527406,73.390750484684,14.092164501963383
PedNYC24,PedNYC24_scenario12,12,79.0,-4.054994137240436,58.930848884501934,4.356118631107875,88.31155843244258,2.4528930771397404,74.22718292311575,14.21238547876474
PedNYC24,PedNYC24_scenario12,12,80.0,-4.0584564201595095,59.00119994451741,4.408825864184942,89.17166897863899,2.408499749361579,75.04937993483972,14.263251817249012
PedNYC24,PedNYC24_scenario12,12,81.0,-4.074375933150264,59.061324909723766,4.456040757658936,89.94256248686578,2.368308445556665,75.8430779257391,14.25321336037757
PedNYC24,PedNYC24_scenario12,12,82.0,-4.085322430736548,59.10278030880117,4.497696475544484,90.6232512508771,2.328955323315088,76.6028567152043,14.187138581169116
PedNYC24,PedNYC24_scenario12,12,83.0,-4.090700164039162,59.1217791049081,4.53382102477853,91.21397389666572,2.2918853785983626,77.3374849981854,14.056429830908728
PedNYC24,PedNYC24_scenario12,12,84.0,-4.0952120473737015,59.128579807586895,4.564394325775389,91.71424032375998,2.262278322869643,78.05150763926059,13.855323976685735
PedNYC24,PedNYC24_scenario12,12,85.0,-4.09994233396797,59.134875121049085,4.5895177641956675,92.12555394704292,2.2405849283075856,78.73938537830341,13.590695141096452
PedNYC24,PedNYC24_scenario12,12,86.0,-4.100211749984947,59.14533445107499,4.609326086952758,92.44998283612988,2.240607211049289,79.36257556513357,13.300039781519017
PedNYC24,PedNYC24_scenario12,12,87.0,-4.1051817866319045,59.16729575214976,4.623969085870061,92.68989443541689,2.2458056181248423,79.92032240692816,12.989135124021136
PedNYC24,PedNYC24_scenario12,12,88.0,-4.113700545248519,59.19336175105016,4.633652370324491,92.84856868721185,2.2558098990027897,80.42013712917431,12.653854978276179
PedNYC24,PedNYC24_scenario12,12,89.0,-4.1213548077600635,59.210654037599674,4.638513253657368,92.92825849542552,2.261968674024913,80.84642963737438,12.313348557326625
PedNYC24,PedNYC24_scenario12,12,90.0,-4.1239068555343135,59.2174387318942,4.638961693204468,92.93555444358942,2.2657773512810104,81.21323884730525,11.960129048619747
PedNYC24,PedNYC24_scenario12,12,91.0,-4.124248181890595,59.21895955936345,4.638978021096768,92.93584179334059,2.269287207500214,81.53530645185099,11.644210605472459
PedNYC24,PedNYC24_scenario12,12,92.0,-4.12570565173968,59.22097038084426,4.638987177584527,92.93599882084462,2.272877634208354,81.82192764078226,11.363144484109512
PedNYC24,PedNYC24_scenario12,12,93.0,-4.125083373873619,59.22541136962703,4.638990153387226,92.9360464336878,2.276270857982402,82.08157546392341,11.10864449437177
PedNYC24,PedNYC24_scenario12,12,94.0,-4.1224457513030055,59.23430987359673,4.638991355895996,92.93607268918616,2.279591689071795,82.32097120609274,10.874150370681031
PedNYC24,PedNYC24_scenario12,12,95.0,-4.119805003531221,59.24575510173378,4.638991785415743,92.9360809326172,2.2826748088406736,82.53645376779066,10.663230038852861
PedNYC24,PedNYC24_scenario12,12,96.0,-4.116352701144354,59.26331625420823,4.638991832733154,92.9360809326172,2.285409157183181,82.72531480281403,10.478506399682386
PedNYC24,PedNYC24_scenario12,12,97.0,-4.101183603796673,59.285352488591315,4.638991355895996,92.93607330322266,2.28793688764587,82.88645323736631,10.320965099288989
PedNYC24,PedNYC24_scenario12,12,98.0,-4.0760786797040165,59.30360517636265,4.638991355895996,92.93607605097687,2.2904799665480953,83.02040692480422,10.189995091541025
PedNYC24,PedNYC24_scenario12,12,99.0,-4.070765152600251,59.34314010902328,4.638991355895996,92.93607330322266,2.29315418468445,83.12843682711289,10.084279115601499
PedNYC24,PedNYC24_scenario12,12,100.0,-4.08315896987915,59.41281509399414,4.638991355895996,92.93607330322266,2.165416012207667,83.5742031733195,9.683139331336491
PedNYC26,PedNYC26_scenario12,12,0.0,-5.096629619598389,45.42790603637695,62.86669158935547,58.578269958496094,49.71087803038519,58.21886866836355,13.160721852760782
PedNYC26,PedNYC26_scenario12,12,1.0,-5.14570934794764,45.50113814185083,61.48170493191979,58.61633990626871,48.81154167601853,58.22203667144088,12.67629725007213
PedNYC26,PedNYC26_scenario12,12,2.0,-5.176335052316349,45.51395921940889,60.031580909231195,58.64746478431536,47.899549641264926,58.226024529765546,12.139349017763113
PedNYC26,PedNYC26_scenario12,12,3.0,-5.176672676050305,45.50828564759944,58.52086952888699,58.678203371821134,46.97607816037263,58.23084442743293,11.55345566346484
PedNYC26,PedNYC26_scenario12,12,4.0,-5.151277257041295,45.49805827284175,56.95580933839411,58.71238654355682,46.03776523118833,58.235631171228775,10.928448325903112
PedNYC26,PedNYC26_scenario12,12,5.0,-5.100550071816423,45.45548566263184,55.33695758472247,58.753321101445835,45.082804449089096,58.24113517646439,10.266936785174478
PedNYC26,PedNYC26_scenario12,12,6.0,-5.087503985666482,45.376641329403206,53.68147314128673,58.80448753051012,44.109915970367936,58.24688368349451,9.587785392173398
PedNYC26,PedNYC26_scenario12,12,7.0,-5.122158167691256,45.32943775090605,52.0571937033279,58.859333371671234,43.12826137257003,58.25136525943814,8.94960657195306
PedNYC26,PedNYC26_scenario12,12,8.0,-5.142185522746318,45.31913437189356,50.49826040103653,58.89555532829166,42.13297447199011,58.25438884094464,8.38982140091188
PedNYC26,PedNYC26_scenario12,12,9.0,-5.134167460880369,45.31896728041026,48.9980867639282,58.92367850733475,41.130803373103205,58.257312109930595,7.89545388987487
PedNYC26,PedNYC26_scenario12,12,10.0,-5.092176021287417,45.36474773545585,47.563809901599996,58.92628546189416,40.12522966015949,58.25923090649846,7.468429405720003
PedNYC26,PedNYC26_scenario12,12,11.0,-5.098317341341236,45.44507750081618,46.176282102398986,58.89427254430656,39.121588677301794,58.25954062733463,7.083190236647072
PedNYC26,PedNYC26_scenario12,12,12.0,-5.119669022246241,45.4723888878429,44.826580674811886,58.85499598889877,38.125927755410686,58.259449216380716,6.727066634465315
PedNYC26,PedNYC26_scenario12,12,13.0,-5.148276020068256,45.47738113529965,43.479696129457786,58.825733952664365,37.13569360768573,58.25963450963021,6.369210043298444
PedNYC26,PedNYC26_scenario12,12,14.0,-5.156940770796978,45.459294131311346,42.11403573676266,58.79712834910971,36.151444685682485,58.2599069510196,5.986743595059611
PedNYC26,PedNYC26_scenario12,12,15.0,-5.109710736613147,45.43840822467199,40.7215279784161,58.754930991506036,35.17426298330261,58.259832307840426,5.569315185243052
PedNYC26,PedNYC26_scenario12,12,16.0,-5.043618106123838,45.48011191543268,39.28892620094345,58.69177412550078,34.20370264223071,58.259080896920025,5.103598933316245
PedNYC26,PedNYC26_scenario12,12,17.0,-4.9553625284838505,45.60709382313953,37.80670408161548,58.609091359834125,33.23800375852567,58.257361878879074,4.58221957897849
PedNYC26,PedNYC26_scenario12,12,18.0,-4.857629192323192,45.76261636151954,36.27514605204264,58.536065743316506,32.27666453121885,58.25619740815301,4.008264057843065
PedNYC26,PedNYC26_scenario12,12,19.0,-4.741903551427001,45.9359684225,34.69943380507791,58.4791968988607,31.323291858409526,58.256235407089534,3.3834961609061422
PedNYC26,PedNYC26_scenario12,12,20.0,-4.588443133212001,46.151057870588396,33.09024227182041,58.4409476394918,30.381292288594086,58.25779612343453,2.7151343409592035
PedNYC26,PedNYC26_scenario12,12,21.0,-4.534973805826195,46.41874002571522,31.476529963252943,58.417252881707185,29.45298717689417,58.26064287979181,2.0295940729428055
PedNYC26,PedNYC26_scenario12,12,22.0,-4.519676291729362,46.71010889475402,29.907615831487455,58.40548407544884,28.540255768680023,58.2644675222773,1.3746123852305148
PedNYC26,PedNYC26_scenario12,12,23.0,-4.444588246228447,47.0060386833912,28.42710943747449,58.397209605411334,27.64435050663565,58.26898153921581,0.793192272256989
PedNYC26,PedNYC26_scenario12,12,24.0,-4.319419964279288,47.28605342124126,27.03991464738591,58.38291319163353,26.769569517470867,58.273776281609734,0.2915430575375152
PedNYC26,PedNYC26_scenario12,12,25.0,-4.222804054625021,47.59044609198205,25.740044590098957,58.35480855195883,25.910904890378447,58.278248445782665,0.1872289829842146
PedNYC26,PedNYC26_scenario12,12,26.0,-4.190843106268055,47.91142623733604,24.523770635165718,58.32022524002812,25.06654373192686,58.282509185581844,0.5440819196873522
PedNYC26,PedNYC26_scenario12,12,27.0,-4.141791300557859,48.22832539075599,23.38353512767884,58.287991591180024,24.24631941777884,58.28643462840655,0.862785694930344
PedNYC26,PedNYC26_scenario12,12,28.0,-3.916333317728099,48.57154900646511,22.318112901245552,58.26217526727062,23.459697760336443,58.29018492964262,1.1419284266939687
PedNYC26,PedNYC26_scenario12,12,29.0,-3.8368767866568674,48.877517353230104,21.342564928121725,58.24597751074234,22.69636539711844,58.294249814217046,1.354660815532244
PedNYC26,PedNYC26_scenario12,12,30.0,-3.8511370653866055,49.18753026901242,20.433800070722338,58.237239744618236,21.94820042075727,58.29913889521508,1.5156648458780515
PedNYC26,PedNYC26_scenario12,12,31.0,-3.86202053517403,49.50851175711189,19.58265744213128,58.23321627100709,21.21257410263812,58.30566005200966,1.6315257955679763
PedNYC26,PedNYC26_scenario12,12,32.0,-3.813197665527038,49.81705668814842,18.785397023750253,58.23025584515739,20.4896373961614,58.31532623139423,1.7063622761801103
PedNYC26,PedNYC26_scenario12,12,33.0,-3.7541495947358343,50.10806221932187,18.038162103300525,58.227960375295794,19.778258904111915,58.32969461514236,1.743068194807992
PedNYC26,PedNYC26_scenario12,12,34.0,-3.769263756698469,50.40959446580198,17.338407886816167,58.22675988400086,19.075671899909,58.34948501642774,1.7415934397317334
PedNYC26,PedNYC26_scenario12,12,35.0,-3.7870301063877188,50.70427227206211,16.682352789800447,58.22770841589739,18.38269116014392,58.37548218212464,1.7067476848225944
PedNYC26,PedNYC26_scenario12,12,36.0,-3.7704451074337064,50.99091139869876,16.068210316811804,58.23084769484434,17.701631218148336,58.40755736482897,1.6429516573500034
PedNYC26,PedNYC26_scenario12,12,37.0,-3.7861497242823985,51.31150991968054,15.506559811982777,58.23557288024758,17.03871633797956,58.445889008465656,1.546524003675073
PedNYC26,PedNYC26_scenario12,12,38.0,-3.888113070252732,51.636222782418265,15.062210848258584,58.243040363055556,16.398809604993367,58.491339672253964,1.3594663598093835
PedNYC26,PedNYC26_scenario12,12,39.0,-3.989925722922015,51.93358433625405,14.778239713978857,58.24940227774262,15.781241712659979,58.544444111484935,1.045496385941316
PedNYC26,PedNYC26_scenario12,12,40.0,-4.016988665844352,52.229879227655154,14.672470672836466,58.25210339263852,15.18908388533875,58.605672591525064,0.626019480314474
PedNYC26,PedNYC26_scenario12,12,41.0,-3.9985495070591845,52.5050327786799,14.672142432853729,58.25212821315438,14.626993050516601,58.67538543121522,0.4256584773806644
PedNYC26,PedNYC26_scenario12,12,42.0,-3.9988904722856016,52.779474936375,14.672205218555165,58.25213623046875,14.091708017778329,58.75338790901953,0.7669616974528239
PedNYC26,PedNYC26_scenario12,12,43.0,-3.977035739686202,53.0997042566069,14.672557033316961,58.25213623046875,13.578120184118934,58.84184317593058,1.2432000234911615
PedNYC26,PedNYC26_scenario12,12,44.0,-3.9009585190908496,53.34697075498959,14.671602666771404,58.252150597094385,13.08102647081492,58.94398534653678,1.7345223998782535
PedNYC26,PedNYC26_scenario12,12,45.0,-3.8191114404782986,53.601259476866446,14.662496209219976,58.252290505093725,12.590194528284563,59.05914462151463,2.2238362848899422
PedNYC26,PedNYC26_scenario12,12,46.0,-3.8848247894256427,53.851108047916235,14.639118406156346,58.25266872968137,12.102360029568924,59.18350669773941,2.7021477354069443
PedNYC26,PedNYC26_scenario12,12,47.0,-3.9577058669091225,54.14102085689458,14.584976367466613,58.25356297935507,11.617138373825192,59.318847407479296,3.153235365351832
PedNYC26,PedNYC26_scenario12,12,48.0,-4.034193976521892,54.44399961373057,14.480284000706304,58.25530636527089,11.137621404805783,59.468064892645664,3.5558650812077555
PedNYC26,PedNYC26_scenario12,12,49.0,-4.066133315910538,54.79504882968658,14.316425416453585,58.25822283982385,10.665328092731077,59.633570014663505,3.901549886728745
PedNYC26,PedNYC26_scenario12,12,50.0,-4.112753025037388,55.06995340666917,14.095154849130827,58.26281817036821,10.198990412960075,59.817600149339,4.194930787964692
PedNYC26,PedNYC26_scenario12,12,51.0,-4.129112318314228,55.33328646681416,13.817108140481068,58.26942260691749,9.736661193854992,60.02040141884621,4.440267343759088
PedNYC26,PedNYC26_scenario12,12,52.0,-4.155717700206424,55.556929236738526,13.484292672009168,58.277770396553606,9.276195098326903,60.24455522155443,4.645032587343611
PedNYC26,PedNYC26_scenario12,12,53.0,-4.129104115610848,55.72292630150113,13.100890871720305,58.288199485809145,8.821102246325811,60.490181581407334,4.813036030136392
PedNYC26,PedNYC26_scenario12,12,54.0,-4.126939693137418,55.81134181588268,12.703216510167374,58.300045094763945,8.381659586023506,60.75932475157929,4.972314418763321
PedNYC26,PedNYC26_scenario12,12,55.0,-4.175064900362984,55.796963798655995,12.32439162599934,58.312519556824775,7.965156108921817,61.05219150542086,5.148663581869998
PedNYC26,PedNYC26_scenario12,12,56.0,-4.253036245029526,55.725569337353676,11.94734005677856,58.327638757193924,7.571109398186001,61.36710007286979,5.328200434170576
PedNYC26,PedNYC26_scenario12,12,57.0,-4.254026284320859,55.60744349921288,11.545687109966027,58.350308200146856,7.200245381244778,61.70315768268934,5.488575723290816
PedNYC26,PedNYC26_scenario12,12,58.0,-4.217312040664095,55.489913388230605,11.108777679810405,58.3843918762854,6.852723317309879,62.06001112542593,5.623537641130551
PedNYC26,PedNYC26_scenario12,12,59.0,-4.235881166221699,55.413274851072856,10.6304986941715,58.43554272359183,6.523191860441074,62.4369783694124,5.734235489936924
PedNYC26,PedNYC26_scenario12,12,60.0,-4.253156277963665,55.379165649870934,10.110705776699795,58.51311470167703,6.206691900134203,62.83217772179295,5.821995338382671
PedNYC26,PedNYC26_scenario12,12,61.0,-4.263441081849896,55.368778853643505,9.548874069233326,58.62416811677063,5.902164369555165,63.2439183929818,5.885625221527438
PedNYC26,PedNYC26_scenario12,12,62.0,-4.252841278670058,55.37477325025667,8.949875725016467,58.78293237922186,5.610336659923215,63.67267545220533,5.9213265816938145
PedNYC26,PedNYC26_scenario12,12,63.0,-4.158391075218913,55.36979837884982,8.322777144615591,58.999936389684606,5.323008303322117,64.1188609952821,5.933127524247789
PedNYC26,PedNYC26_scenario12,12,64.0,-4.159631113372361,55.373351344990986,7.680752111648568,59.28887760445614,5.036584843289467,64.58369321574347,5.918335314984579
PedNYC26,PedNYC26_scenario12,12,65.0,-4.163340437114698,55.373850236549316,7.041294303870738,59.66288270014658,4.750447566142563,65.06863845799356,5.87113056312458
PedNYC26,PedNYC26_scenario12,12,66.0,-4.164174428393674,55.381770663389794,6.417687207260408,60.123866815319396,4.468189414784446,65.56657805099579,5.781318814753834
PedNYC26,PedNYC26_scenario12,12,67.0,-4.161217787083449,55.38698277033929,5.823319790118708,60.67420491654688,4.197012734630596,66.06812201576122,5.633756855946773
PedNYC26,PedNYC26_scenario12,12,68.0,-4.170270911863701,55.40354551144352,5.274774287939989,61.31487292350396,3.944866358070973,66.58073324633746,5.431200607740482
PedNYC26,PedNYC26_scenario12,12,69.0,-4.22353070581543,55.45140109003351,4.787934968120533,62.042576210410864,3.715882901097408,67.12537958409787,5.194630474824227
PedNYC26,PedNYC26_scenario12,12,70.0,-4.282718799840558,55.49905040938761,4.378673008065915,62.850054364270584,3.5107432505636527,67.69482272677698,4.921898266959691
PedNYC26,PedNYC26_scenario12,12,71.0,-4.269676475762818,55.58388853014732,4.056201739988985,63.72707643749592,3.328472411742039,68.28497860698805,4.615632368576577
PedNYC26,PedNYC26_scenario12,12,72.0,-4.195692609955299,55.716563557808215,3.8233499250359904,64.66097917750294,3.1623891388086274,68.9065016802853,4.29666504193214
PedNYC26,PedNYC26_scenario12,12,73.0,-4.138210614888183,55.92151133011558,3.682011009329211,65.64192071445005,3.0108253256011794,69.56086106194198,3.9760009644417345
PedNYC26,PedNYC26_scenario12,12,74.0,-4.120827185730945,56.169693737212775,3.605484004421596,66.66221108818438,2.8731001237263833,70.24976074418016,3.661543210579068
PedNYC26,PedNYC26_scenario12,12,75.0,-4.1395281010990095,56.46817926011849,3.5349849477343214,67.7130984460941,2.7511154316043696,70.9700878986686,3.34998980782022
PedNYC26,PedNYC26_scenario12,12,76.0,-4.097320550738754,56.76049897259972,3.4380181854854226,68.78822706020232,2.6485434314250207,71.73561803677298,3.0512921780892888
PedNYC26,PedNYC26_scenario12,12,77.0,-4.001428715104719,57.04650628714083,3.3297554201752875,69.8850318532156,2.5707857203909934,72.55377376160092,2.774566340667101
PedNYC26,PedNYC26_scenario12,12,78.0,-3.9707813217409886,57.33672694112397,3.242916054990632,71.00513710042442,2.5064543638527406,73.390750484684,2.496703234602013
PedNYC26,PedNYC26_scenario12,12,79.0,-3.9835760701401197,57.693675506962386,3.197839193307007,72.1465148327529,2.4528930771397404,74.22718292311575,2.210005524483339
PedNYC26,PedNYC26_scenario12,12,80.0,-3.9521633631198276,57.99997500231112,3.194705171604272,73.30243792993032,2.408499749361579,75.04937993483972,1.9157049184257697
PedNYC26,PedNYC26_scenario12,12,81.0,-3.878314816580152,58.30738287871285,3.2327530952598007,74.46888045838307,2.368308445556665,75.8430779257391,1.6234787438362395
PedNYC26,PedNYC26_scenario12,12,82.0,-3.8539852020169096,58.52075112334953,3.3037864381954556,75.64349746686088,2.328955323315088,76.6028567152043,1.367722877603847
PedNYC26,PedNYC26_scenario12,12,83.0,-3.8526843595862252,58.92289883930809,3.3826238100063137,76.82306093493304,2.2918853785983626,77.3374849981854,1.205961211069141
PedNYC26,PedNYC26_scenario12,12,84.0,-3.8035471189827303,59.2343349461831,3.4649165984781765,77.96476214675047,2.262278322869643,78.05150763926059,1.2057626642210688
PedNYC26,PedNYC26_scenario12,12,85.0,-3.732476258396806,59.528136727848,3.536634080319757,79.03988621782989,2.2405849283075856,78.73938537830341,1.330430065425307
PedNYC26,PedNYC26_scenario12,12,86.0,-3.7084784626818554,59.77691425861943,3.591143520186483,80.04469523192874,2.240607211049289,79.36257556513357,1.5130219965772715
PedNYC26,PedNYC26_scenario12,12,87.0,-3.7106845118212872,60.00937403015162,3.6270970256459045,80.91561144760665,2.2458056181248423,79.92032240692816,1.7025176142954346
PedNYC26,PedNYC26_scenario12,12,88.0,-3.707335673075938,60.167546724956644,3.651512210553054,81.57856719573051,2.2558098990027897,80.42013712917431,1.8138205979556437
PedNYC26,PedNYC26_scenario12,12,89.0,-3.642495752944792,60.266430323990846,3.665894632705603,81.97276520662453,2.261968674024913,80.84642963737438,1.7998999727805824
PedNYC26,PedNYC26_scenario12,12,90.0,-3.5702446240813868,60.3856573562496,3.6701380236391143,82.09314417344385,2.2657773512810104,81.21323884730525,1.6572453895042756
PedNYC26,PedNYC26_scenario12,12,91.0,-3.5440098979719368,60.49692078182955,3.6701508871154607,82.09363799780188,2.269287207500214,81.53530645185099,1.5080295633935965
PedNYC26,PedNYC26_scenario12,12,92.0,-3.5196017219234257,60.57846932378312,3.6701552101059702,82.09380612744614,2.272877634208354,81.82192764078226,1.4234825378686455
PedNYC26,PedNYC26_scenario12,12,93.0,-3.5272966645015162,60.653914583938025,3.6701557712526487,82.09383367929023,2.276270857982402,82.08157546392341,1.3939388133223003
PedNYC26,PedNYC26_scenario12,12,94.0,-3.525552695870666,60.66128949368405,3.67015552520752,82.0938319602933,2.279591689071795,82.32097120609274,1.4089925547535158
PedNYC26,PedNYC26_scenario12,12,95.0,-3.4827230810014047,60.57904403754321,3.67015552520752,82.09382629394531,2.2826748088406736,82.53645376779066,1.4563728296327736
PedNYC26,PedNYC26_scenario12,12,96.0,-3.5077245481500596,60.4775042813206,3.67015552520752,82.09382629394531,2.285409157183181,82.72531480281403,1.5219396310595992
PedNYC26,PedNYC26_scenario12,12,97.0,-3.5607379880079746,60.43545461524686,3.67015552520752,82.09382629394531,2.28793688764587,82.88645323736631,1.5933567815965446
PedNYC26,PedNYC26_scenario12,12,98.0,-3.587215322666245,60.429158851330776,3.670155425406261,82.09382629394531,2.2904799665480953,83.02040692480422,1.6619434518834815
PedNYC26,PedNYC26_scenario12,12,99.0,-3.6043344650071396,60.43302275515348,3.67015552520752,82.09382629394531,2.29315418468445,83.12843682711289,1.7223680347543717
PedNYC26,PedNYC26_scenario12,12,100.0,-3.4623260498046875,60.418678283691406,3.670155286788941,82.09382629394531,2.165416012207667,83.5742031733195,2.1108661704269758
PedNYC28,PedNYC28_scenario12,12,0.0,-5.024248123168945,45.5870361328125,23.7132511138916,58.36554336547852,49.71087803038519,58.21886866836355,25.99804067148072
PedNYC28,PedNYC28_scenario12,12,1.0,-4.9901484636510895,45.63484107243528,23.03000646951388,58.35285458721008,48.81154167601853,58.22203667144088,25.7818670955252
PedNYC28,PedNYC28_scenario12,12,2.0,-4.931488199110425,45.6831911960301,22.402367481706104,58.34082308677212,47.899549641264926,58.226024529765546,25.497440592859814
PedNYC28,PedNYC28_scenario12,12,3.0,-4.859132339266898,45.74203680494319,21.816439894834016,58.32923641924864,46.97607816037263,58.23084442743293,25.15983065596445
PedNYC28,PedNYC28_scenario12,12,4.0,-4.790388367926513,45.816917539856114,21.252254139503886,58.31779406624017,46.03776523118833,58.235631171228775,24.78564727452824
PedNYC28,PedNYC28_scenario12,12,5.0,-4.749971162239756,45.9112945532929,20.70906042740859,58.30658070072767,45.082804449089096,58.24113517646439,24.373831884852496
PedNYC28,PedNYC28_scenario12,12,6.0,-4.728199174787645,46.023436795644976,20.186041983196894,58.295625451719566,44.109915970367936,58.24688368349451,23.923923639612482
PedNYC28,PedNYC28_scenario12,12,7.0,-4.711221569656606,46.14509654320142,19.68169873867545,58.284898831984364,43.12826137257003,58.25136525943814,23.446586613953624
PedNYC28,PedNYC28_scenario12,12,8.0,-4.690530063471621,46.282105503811444,19.196177338836552,58.27443233850736,42.13297447199011,58.25438884094464,22.936805890734565
PedNYC28,PedNYC28_scenario12,12,9.0,-4.6619015850706935,46.41772477456305,18.724362955809376,58.26411109750052,41.130803373103205,58.257312109930595,22.406441448832755
PedNYC28,PedNYC28_scenario12,12,10.0,-4.623183585628418,46.564166397019065,18.25717130629761,58.25373966387546,40.12522966015949,58.25923090649846,21.868059043309124
PedNYC28,PedNYC28_scenario12,12,11.0,-4.5747793265014725,46.72457482264487,17.78960891446586,58.24322234685821,39.121588677301794,58.25954062733463,21.33198600431567
PedNYC28,PedNYC28_scenario12,12,12.0,-4.530140290735918,46.89607319559096,17.31874630384271,58.23252238222177,38.125927755410686,58.259449216380716,20.807198874737377
PedNYC28,PedNYC28_scenario12,12,13.0,-4.506789328742555,47.04641524586079,16.84499262017264,58.221990103053216,37.13569360768573,58.25963450963021,20.290735907453215
PedNYC28,PedNYC28_scenario12,12,14.0,-4.494331499226478,47.227588662994584,16.366344843815178,58.21218242876881,36.151444685682485,58.2599069510196,19.78515740100851
PedNYC28,PedNYC28_scenario12,12,15.0,-4.487157483515845,47.42816444415065,15.878340448377875,58.20312703577531,35.17426298330261,58.259832307840426,19.296005855142567
PedNYC28,PedNYC28_scenario12,12,16.0,-4.459274039305501,47.61253031092585,15.378910095179757,58.19461761910283,34.20370264223071,58.259080896920025,18.82490292016647
PedNYC28,PedNYC28_scenario12,12,17.0,-4.423938234391103,47.77547935124719,14.880060669243244,58.18673301624535,33.23800375852567,58.257361878879074,18.358078954661064
PedNYC28,PedNYC28_scenario12,12,18.0,-4.389364379303453,47.952371610301746,14.395126429380355,58.18007747898319,32.27666453121885,58.25619740815301,17.88170011858824
PedNYC28,PedNYC28_scenario12,12,19.0,-4.361954102340049,48.149613849893385,13.92657570180382,58.17684511714195,31.323291858409526,58.256235407089534,17.39689730531407
PedNYC28,PedNYC28_scenario12,12,20.0,-4.3461876462060305,48.33319855311987,13.474454831446545,58.177700295192,30.381292288594086,58.25779612343453,16.907027182331877
PedNYC28,PedNYC28_scenario12,12,21.0,-4.337451414395146,48.51658832554252,13.039374901113744,58.18347537801951,29.45298717689417,58.26064287979181,16.413793673705648
PedNYC28,PedNYC28_scenario12,12,22.0,-4.335343083463546,48.68733663781386,12.620232803553183,58.19813633943027,28.540255768680023,58.2644675222773,15.920161149812017
PedNYC28,PedNYC28_scenario12,12,23.0,-4.327636081138493,48.8745728825705,12.217950184421547,58.22536437477864,27.64435050663565,58.26898153921581,15.426461984468148
PedNYC28,PedNYC28_scenario12,12,24.0,-4.312466436054676,49.03202175141851,11.832334008544063,58.264907495150126,26.769569517470867,58.273776281609734,14.937238141789033
PedNYC28,PedNYC28_scenario12,12,25.0,-4.292502253725118,49.20638854163034,11.461777387027873,58.31274775178586,25.910904890378447,58.278248445782665,14.449168689242876
PedNYC28,PedNYC28_scenario12,12,26.0,-4.270618844072264,49.37526253688104,11.106366404105481,58.366536324588665,25.06654373192686,58.282509185581844,13.960430207708777
PedNYC28,PedNYC28_scenario12,12,27.0,-4.244476220673374,49.56129280130445,10.765151199932088,58.425475520233775,24.24631941777884,58.28643462840655,13.481885212665231
PedNYC28,PedNYC28_scenario12,12,28.0,-4.228603049458541,49.75332458944194,10.437178974662396,58.488919892219265,23.459697760336443,58.29018492964262,13.024035131578223
PedNYC28,PedNYC28_scenario12,12,29.0,-4.224764236005156,49.946104549792835,10.12323826832071,58.55707245869485,22.69636539711844,58.294249814217046,12.575873788304325
PedNYC28,PedNYC28_scenario12,12,30.0,-4.223427448985497,50.014078985130176,9.823076656495875,58.6315585267092,21.94820042075727,58.29913889521508,12.129679678790332
PedNYC28,PedNYC28_scenario12,12,31.0,-4.192267282100842,50.302449625077756,9.535033969508174,58.71428323926009,21.21257410263812,58.30566005200966,11.684687264536404
PedNYC28,PedNYC28_scenario12,12,32.0,-4.157027599466567,50.504577429413544,9.258674644233196,58.80713314456698,20.4896373961614,58.31532623139423,11.241725773876679
PedNYC28,PedNYC28_scenario12,12,33.0,-4.124818605599747,50.69490833450213,8.992445807591052,58.91124957583081,19.778258904111915,58.32969461514236,10.801480006248324
PedNYC28,PedNYC28_scenario12,12,34.0,-4.111865814196786,50.938195730112305,8.731317623609373,59.02784767923906,19.075671899909,58.34948501642774,10.366573266798188
PedNYC28,PedNYC28_scenario12,12,35.0,-4.112157420662738,51.15338125934503,8.472176540448721,59.158417296142915,18.38269116014392,58.37548218212464,9.9413926298057
PedNYC28,PedNYC28_scenario12,12,36.0,-4.110746004397104,51.35944970233168,8.214803427449247,59.30379079637987,17.701631218148336,58.40755736482897,9.529067944673814
PedNYC28,PedNYC28_scenario12,12,37.0,-4.09042199364068,51.55952619714661,7.96075497758286,59.46375911262822,17.03871633797956,58.445889008465656,9.13484767304871
PedNYC28,PedNYC28_scenario12,12,38.0,-4.056435875790041,51.752300870350474,7.708788629087504,59.639693464475826,16.398809604993367,58.491339672253964,8.765567921920075
PedNYC28,PedNYC28_scenario12,12,39.0,-4.018968646914907,51.950141792470056,7.456557617820726,59.835452114600294,15.781241712659979,58.544444111484935,8.424195329108741
PedNYC28,PedNYC28_scenario12,12,40.0,-3.9865957271119337,52.1490501367808,7.204328161310575,60.0546751332319,15.18908388533875,58.605672591525064,8.115166809023311
PedNYC28,PedNYC28_scenario12,12,41.0,-3.969948764433072,52.34683848616962,6.953624321990851,60.299437730172116,14.626993050516601,58.67538543121522,7.843349636071572
PedNYC28,PedNYC28_scenario12,12,42.0,-3.971026453250251,52.53665764919284,6.706427483648999,60.56977355616396,14.091708017778329,58.75338790901953,7.605368195356612
PedNYC28,PedNYC28_scenario12,12,43.0,-4.0079317483862225,52.77189411408464,6.465607073459099,60.86650143971177,13.578120184118934,58.84184317593058,7.39507159089116
PedNYC28,PedNYC28_scenario12,12,44.0,-4.0635966261010905,52.971716149986115,6.236337915087749,61.19070292569056,13.08102647081492,58.94398534653678,7.203992039514004
PedNYC28,PedNYC28_scenario12,12,45.0,-4.105034991293948,53.14719206354439,6.02277329944931,61.54190622909606,12.590194528284563,59.05914462151463,7.0210488388157675
PedNYC28,PedNYC28_scenario12,12,46.0,-4.116274692552496,53.32698230473641,5.827959529871518,61.92040221434864,12.102360029568924,59.18350669773941,6.845341386624831
PedNYC28,PedNYC28_scenario12,12,47.0,-4.113643794718448,53.519823860133,5.655971583996718,62.324525319176445,11.617138373825192,59.318847407479296,6.676047423814337
PedNYC28,PedNYC28_scenario12,12,48.0,-4.121260772456727,53.717205076045545,5.509776036376233,62.753159070670414,11.137621404805783,59.468064892645664,6.516478132353859
PedNYC28,PedNYC28_scenario12,12,49.0,-4.14148566380216,53.92761333082626,5.390587304718847,63.20439285051894,10.665328092731077,59.633570014663505,6.369746157091863
PedNYC28,PedNYC28_scenario12,12,50.0,-4.127192497253418,54.14104461669922,5.2958807945251465,63.675275802612305,10.198990412960075,59.817600149339,6.238761525835614
PedNYC28,PedNYC28_scenario12,12,51.0,-4.114057359290899,54.331063142321554,5.221723127758044,64.16530060115194,9.736661193854992,60.02040141884621,6.129017455691406
PedNYC28,PedNYC28_scenario12,12,52.0,-4.085687395584495,54.50511443869209,5.1616466615281595,64.6725488085782,9.276195098326903,60.24455522155443,6.044554247046396
PedNYC28,PedNYC28_scenario12,12,53.0,-4.059262138852279,54.684571275076166,5.104632038423056,65.19551301582133,8.821102246325811,60.490181581407334,5.996023241608829
PedNYC28,PedNYC28_scenario12,12,54.0,-4.050917301376033,54.88491022480599,5.0425666551577635,65.73302262912847,8.381659586023506,60.75932475157929,5.9905936415429455
PedNYC28,PedNYC28_scenario12,12,55.0,-4.070082758488879,55.09419261452943,4.973263810402151,66.28122439020457,7.965156108921817,61.05219150542086,6.024467149556943
PedNYC28,PedNYC28_scenario12,12,56.0,-4.112906772376939,55.3042181581709,4.89877821165829,66.83669529331134,7.571109398186001,61.36710007286979,6.087513929837502
PedNYC28,PedNYC28_scenario12,12,57.0,-4.15158795122615,55.518479592094046,4.833464165029483,67.39654750349742,7.200245381244778,61.70315768268934,6.165739288772321
PedNYC28,PedNYC28_scenario12,12,58.0,-4.1652665208338515,55.70803023053716,4.787988167148987,67.95979881066414,6.852723317309879,62.06001112542593,6.250650043891303
PedNYC28,PedNYC28_scenario12,12,59.0,-4.153709601413659,55.911047204673615,4.761522303077468,68.52692994978209,6.523191860441074,62.4369783694124,6.339636415488582
PedNYC28,PedNYC28_scenario12,12,60.0,-4.135809344032852,56.121798705762295,4.752749033649712,69.09599109887135,6.206691900134203,62.83217772179295,6.430342749952559
PedNYC28,PedNYC28_scenario12,12,61.0,-4.134902612647071,56.33284469748613,4.7578943558981015,69.6682455637741,5.902164369555165,63.2439183929818,6.525437415341203
PedNYC28,PedNYC28_scenario12,12,62.0,-4.149346786494728,56.540312985084604,4.766334882129297,70.24481216546526,5.610336659923215,63.67267545220533,6.626108962181223
PedNYC28,PedNYC28_scenario12,12,63.0,-4.169420507179825,56.752013304181645,4.775611844837527,70.82572539429421,5.323008303322117,64.1188609952821,6.7291658435126624
PedNYC28,PedNYC28_scenario12,12,64.0,-4.175646798985179,56.95711811796296,4.787791799275935,71.41420697370609,5.036584843289467,64.58369321574347,6.835043246129914
PedNYC28,PedNYC28_scenario12,12,65.0,-4.1698446092943895,57.13871954003021,4.801303053850779,72.0113917307847,4.750447566142563,65.06863845799356,6.9429395278572095
PedNYC28,PedNYC28_scenario12,12,66.0,-4.15210576618223,57.32451451504267,4.817474220795329,72.61914685736035,4.468189414784446,65.56657805099579,7.06121283096725
PedNYC28,PedNYC28_scenario12,12,67.0,-4.1275746049198645,57.519165551869186,4.838045169258182,73.23909038383978,4.197012734630596,66.06812201576122,7.199563175514739
PedNYC28,PedNYC28_scenario12,12,68.0,-4.110381480377361,57.73273211691193,4.86278634161009,73.87070596510328,3.944866358070973,66.58073324633746,7.347535596139051
PedNYC28,PedNYC28_scenario12,12,69.0,-4.103391984028779,57.965383791006104,4.891935686369681,74.5156511373446,3.715882901097408,67.12537958409787,7.483262242129069
PedNYC28,PedNYC28_scenario12,12,70.0,-4.099762300650279,58.14531533549295,4.925691637920217,75.17286476070561,3.5107432505636527,67.69482272677698,7.6107287167581
PedNYC28,PedNYC28_scenario12,12,71.0,-4.0814046554484085,58.3587665249123,4.964297627551933,75.842456990048,3.328472411742039,68.28497860698805,7.732490132363446
PedNYC28,PedNYC28_scenario12,12,72.0,-4.049689775030881,58.54342225803844,5.007846802162966,76.52534308357234,3.1623891388086274,68.9065016802853,7.839161837573838
PedNYC28,PedNYC28_scenario12,12,73.0,-4.008426678709797,58.725413056377505,5.055760257537472,77.21962560851827,3.0108253256011794,69.56086106194198,7.927069651248642
PedNYC28,PedNYC28_scenario12,12,74.0,-3.960680055328758,58.92050108707741,5.105480757875936,77.92154203464136,2.8731001237263833,70.24976074418016,7.989978189231585
PedNYC28,PedNYC28_scenario12,12,75.0,-3.926366844464592,59.09135648806325,5.155431125955811,78.61068482455629,2.7511154316043696,70.9700878986686,8.009959759074269
PedNYC28,PedNYC28_scenario12,12,76.0,-3.903707848640513,59.26165351384317,5.204150162550894,79.27822168507333,2.6485434314250207,71.73561803677298,7.963792787330025
PedNYC28,PedNYC28_scenario12,12,77.0,-3.8925103603371536,59.41989619970162,5.247810767751047,79.910345218021,2.5707857203909934,72.55377376160092,7.828512419202503
PedNYC28,PedNYC28_scenario12,12,78.0,-3.8732137661310992,59.563612063408655,5.282141091769954,80.4495841695813,2.5064543638527406,73.390750484684,7.5849568095392925
PedNYC28,PedNYC28_scenario12,12,79.0,-3.8397772264461176,59.678928771617024,5.3070367605187965,80.86097447705176,2.4528930771397404,74.22718292311575,7.221726008818479
PedNYC28,PedNYC28_scenario12,12,80.0,-3.7921363688536656,59.78006135897214,5.323200421307693,81.13662808331438,2.408499749361579,75.04937993483972,6.749079198538959
PedNYC28,PedNYC28_scenario12,12,81.0,-3.7429500757318737,59.86261489091683,5.330768703355592,81.26601388917523,2.368308445556665,75.8430779257391,6.179353141111702
PedNYC28,PedNYC28_scenario12,12,82.0,-3.6872610346903407,59.95004831101915,5.33138994498649,81.27693958258713,2.328955323315088,76.6028567152043,5.555327560870992
PedNYC28,PedNYC28_scenario12,12,83.0,-3.6490784313142557,60.0170351700028,5.331416244393648,81.27742273306521,2.2918853785983626,77.3374849981854,4.976128740180669
PedNYC28,PedNYC28_scenario12,12,84.0,-3.6311467432685656,60.05883564259616,5.3314300164484685,81.27767274364425,2.262278322869643,78.05150763926059,4.452845539533183
PedNYC28,PedNYC28_scenario12,12,85.0,-3.6231534020646756,60.09191087675397,5.331435156716434,81.27776261732623,2.2405849283075856,78.73938537830341,3.9995892466657317
PedNYC28,PedNYC28_scenario12,12,86.0,-3.6226224815480856,60.112461451464874,5.331436930597293,81.2777986288145,2.240607211049289,79.36257556513357,3.636111623547405
PedNYC28,PedNYC28_scenario12,12,87.0,-3.625112743612746,60.12294520321186,5.331437110900879,81.27781516758888,2.2458056181248423,79.92032240692816,3.3710396474170294
PedNYC28,PedNYC28_scenario12,12,88.0,-3.628790062074675,60.12919051003044,5.331437110900879,81.2778091430664,2.2558098990027897,80.42013712917431,3.1929741668202927
PedNYC28,PedNYC28_scenario12,12,89.0,-3.636151433445044,60.135021995746555,5.331437110900879,81.27781477280591,2.261968674024913,80.84642963737438,3.0996337880544953
PedNYC28,PedNYC28_scenario12,12,90.0,-3.642474319464763,60.1441795969631,5.331436777397503,81.27780151367188,2.2657773512810104,81.21323884730525,3.066339194352978
PedNYC28,PedNYC28_scenario12,12,91.0,-3.649732138290557,60.159979387590475,5.331436634063721,81.27780151367188,2.269287207500214,81.53530645185099,3.072957517407268
PedNYC28,PedNYC28_scenario12,12,92.0,-3.658987859986552,60.18008928151838,5.331436634063721,81.27780151367188,2.272877634208354,81.82192764078226,3.1065827524468763
PedNYC28,PedNYC28_scenario12,12,93.0,-3.6672011970149563,60.19886326414503,5.331436246499536,81.27780151367188,2.276270857982402,82.08157546392341,3.1591277458019986
PedNYC28,PedNYC28_scenario12,12,94.0,-3.672305132897361,60.21486669371961,5.331436634063721,81.27780151367188,2.279591689071795,82.32097120609274,3.2252070593154483
PedNYC28,PedNYC28_scenario12,12,95.0,-3.6748114298404655,60.22664308831757,5.331436634063721,81.27780151367188,2.2826748088406736,82.53645376779066,3.2983562821101766
PedNYC28,PedNYC28_scenario12,12,96.0,-3.672958444610733,60.235014076783884,5.331436788108084,81.27780151367188,2.285409157183181,82.72531480281403,3.37247372867471
PedNYC28,PedNYC28_scenario12,12,97.0,-3.6626111669074164,60.23611242625178,5.331436400023687,81.27780151367188,2.28793688764587,82.88645323736631,3.442477254825236
PedNYC28,PedNYC28_scenario12,12,98.0,-3.645891330506582,60.226519785657395,5.331436634063721,81.27780151367188,2.2904799665480953,83.02040692480422,3.504866769595596
PedNYC28,PedNYC28_scenario12,12,99.0,-3.628405336151095,60.203878150138976,5.3314361572265625,81.27780151367188,2.29315418468445,83.12843682711289,3.557528412821087
PedNYC28,PedNYC28_scenario12,12,100.0,-3.62236213684082,60.17771911621094,5.331436634063721,81.27780151367188,2.165416012207667,83.5742031733195,3.911156754778588
PedNYC29,PedNYC29_scenario12,12,0.0,-5.064146518707275,45.69538497924805,84.68988800048828,58.00999450683594,49.71087803038519,58.21886866836355,34.9796336016249
PedNYC29,PedNYC29_scenario12,12,1.0,-4.97544915863206,45.76217124577122,84.68988800048828,58.0099983215332,48.81154167601853,58.22203667144088,35.87897288441273
PedNYC29,PedNYC29_scenario12,12,2.0,-4.9681066918851045,45.79820985561715,84.68988139612085,58.0099983215332,47.899549641264926,58.226024529765546,36.79096598290134
PedNYC29,PedNYC29_scenario12,12,3.0,-5.013469985845049,45.82256710516387,84.68988800048828,58.0099983215332,46.97607816037263,58.23084442743293,37.71445645450687
PedNYC29,PedNYC29_scenario12,12,4.0,-5.018768968364459,45.8166464497391,84.68467150766774,58.009939720067734,46.03776523118833,58.235631171228775,38.647565270972905
PedNYC29,PedNYC29_scenario12,12,5.0,-4.959474434622228,45.79873391594835,84.61754156044735,58.00920452717413,45.082804449089096,58.24113517646439,39.535417416416486
PedNYC29,PedNYC29_scenario12,12,6.0,-4.9024697705366425,45.77639824483554,84.42744743983302,58.00704418340356,44.109915970367936,58.24688368349451,40.31824483750639
PedNYC29,PedNYC29_scenario12,12,7.0,-4.849376153208778,45.698268509738966,84.09965370787675,58.00419527907386,43.12826137257003,58.25136525943814,40.97213788530962
PedNYC29,PedNYC29_scenario12,12,8.0,-4.824951604149487,45.60886578944712,83.64291934079908,58.00191553149058,42.13297447199011,58.25438884094464,41.51071266292048
PedNYC29,PedNYC29_scenario12,12,9.0,-4.805398915860606,45.59658667964899,83.0650023834836,58.00108295356154,41.130803373103205,58.257312109930595,41.93498181736534
PedNYC29,PedNYC29_scenario12,12,10.0,-4.810722592506938,45.696772991857394,82.3649460671085,58.000977646576125,40.12522966015949,58.25923090649846,42.240505878667435
PedNYC29,PedNYC29_scenario12,12,11.0,-4.814795948687723,45.86790669908843,81.53886253191915,58.000397545236744,39.121588677301794,58.25954062733463,42.41806544851621
PedNYC29,PedNYC29_scenario12,12,12.0,-4.766161178825612,45.907515089012236,80.5889676947887,58.00021734310449,38.125927755410686,58.259449216380716,42.46383122208046
PedNYC29,PedNYC29_scenario12,12,13.0,-4.686409902119197,45.99790534111504,79.51922939434031,58.00100617800077,37.13569360768573,58.25963450963021,42.384324866541775
PedNYC29,PedNYC29_scenario12,12,14.0,-4.574162043809616,46.16010733758475,78.33680314120643,58.00151062011719,36.151444685682485,58.2599069510196,42.18614982058531
PedNYC29,PedNYC29_scenario12,12,15.0,-4.359994333350272,46.18136264404095,77.05453268601039,58.00106151325327,35.17426298330261,58.259832307840426,41.88106914461084
PedNYC29,PedNYC29_scenario12,12,16.0,-4.060439082374859,46.07864420340095,75.68068217458175,58.00367202086639,34.20370264223071,58.259080896920025,41.47776590923183
PedNYC29,PedNYC29_scenario12,12,17.0,-3.857375927606031,46.00928415653177,74.2456507555991,58.01229670767744,33.23800375852567,58.257361878879074,41.00837925564386
PedNYC29,PedNYC29_scenario12,12,18.0,-3.6457025192324615,46.08197713260371,72.7878151492793,58.02552654638068,32.27666453121885,58.25619740815301,40.511807333734815
PedNYC29,PedNYC29_scenario12,12,19.0,-3.376648099880927,46.230595018913704,71.28804621820102,58.042293358572806,31.323291858409526,58.256235407089534,39.96532700027108
PedNYC29,PedNYC29_scenario12,12,20.0,-3.2215755963469417,46.286960051860845,69.72919385821767,58.06131917811496,30.381292288594086,58.25779612343453,39.34839210339894
PedNYC29,PedNYC29_scenario12,12,21.0,-3.0834709466418584,46.262840190557405,68.1023419125418,58.07688750112149,29.45298717689417,58.26064287979181,38.649791558572716
PedNYC29,PedNYC29_scenario12,12,22.0,-2.9022763921989054,46.19433480409961,66.40932006500412,58.084516144259354,28.540255768680023,58.2644675222773,37.86949185264544
PedNYC29,PedNYC29_scenario12,12,23.0,-2.7658795351624392,46.15025435861893,64.65752536432673,58.08923905547236,27.64435050663565,58.26898153921581,37.0136112856673
PedNYC29,PedNYC29_scenario12,12,24.0,-2.7136981105427527,46.13335219661474,62.86531981948192,58.0952169392677,26.769569517470867,58.273776281609734,36.09619195017487
PedNYC29,PedNYC29_scenario12,12,25.0,-2.7203060687873237,46.1249266342378,61.052051488816595,58.108891027142995,25.910904890378447,58.278248445782665,35.14155469224674
PedNYC29,PedNYC29_scenario12,12,26.0,-2.7408024310833596,46.12844994496454,59.24769231645898,58.12526822539045,25.06654373192686,58.282509185581844,34.18151025448443
PedNYC29,PedNYC29_scenario12,12,27.0,-2.7978064551324495,46.19656859431344,57.46244554397595,58.13371464632985,24.24631941777884,58.28643462840655,33.2164772097277
PedNYC29,PedNYC29_scenario12,12,28.0,-3.043726820618993,46.40110378063176,55.696103725102475,58.12929697889315,23.459697760336443,58.29018492964262,32.23680744828649
PedNYC29,PedNYC29_scenario12,12,29.0,-3.249299306532191,46.51510978738436,53.94540724402129,58.11634693108252,22.69636539711844,58.294249814217046,31.24954824929975
PedNYC29,PedNYC29_scenario12,12,30.0,-3.3222627410774908,46.701633988786405,52.209782497953896,58.09976286826445,21.94820042075727,58.29913889521508,30.262238856618502
PedNYC29,PedNYC29_scenario12,12,31.0,-3.2707916358344873,47.005659203602,50.48150605008283,58.083107090129744,21.21257410263812,58.30566005200966,29.269778051174065
PedNYC29,PedNYC29_scenario12,12,32.0,-3.2452749170991573,47.28539719310314,48.75773710218875,58.068012618649405,20.4896373961614,58.31532623139423,28.2691815412642
PedNYC29,PedNYC29_scenario12,12,33.0,-3.258619954920231,47.63984508844448,47.02720229027977,58.05578789087368,19.778258904111915,58.32969461514236,27.250320008326145
PedNYC29,PedNYC29_scenario12,12,34.0,-3.15786083621113,47.96751003238543,45.284138583269325,58.05171203613281,19.075671899909,58.34948501642774,26.21015823379557
PedNYC29,PedNYC29_scenario12,12,35.0,-3.054581881380407,48.28892376634642,43.51735103174431,58.056071736148525,18.38269116014392,58.37548218212464,25.136689318484994
PedNYC29,PedNYC29_scenario12,12,36.0,-3.005497611932508,48.623481601216554,41.726406342746124,58.06202374006108,17.701631218148336,58.40755736482897,24.027259795351984
PedNYC29,PedNYC29_scenario12,12,37.0,-3.077022358317189,49.00667103687984,39.98057890049017,58.06115343055637,17.03871633797956,58.445889008465656,22.945088348098274
PedNYC29,PedNYC29_scenario12,12,38.0,-3.0865844616404203,49.343533198041186,38.35853173612906,58.05359173306338,16.398809604993367,58.491339672253964,21.964084759783557
PedNYC29,PedNYC29_scenario12,12,39.0,-3.1158658426342876,49.72791029014675,36.860803155222584,58.040022810010974,15.781241712659979,58.544444111484935,21.085595828910144
PedNYC29,PedNYC29_scenario12,12,40.0,-3.2339036346056313,50.094190829574096,35.478409631342366,58.02199784849089,15.18908388533875,58.605672591525064,20.297719463848672
PedNYC29,PedNYC29_scenario12,12,41.0,-3.2657127382981384,50.40458556784054,34.20249790318489,58.001889633676505,14.626993050516601,58.67538543121522,19.587087247116198
PedNYC29,PedNYC29_scenario12,12,42.0,-3.216647836682699,50.69930480538282,33.024755621688044,57.982733136377796,14.091708017778329,58.75338790901953,18.948725560060943
PedNYC29,PedNYC29_scenario12,12,43.0,-3.194778103774202,51.03376238030292,31.93725828589894,57.9710082493696,13.578120184118934,58.84184317593058,18.37977979491454
PedNYC29,PedNYC29_scenario12,12,44.0,-3.230703869794733,51.382003674834344,30.89899430534706,57.963633547796135,13.08102647081492,58.94398534653678,17.84491713070464
PedNYC29,PedNYC29_scenario12,12,45.0,-3.2490448686579327,51.77188510179703,29.810839574642163,57.954607522607134,12.590194528284563,59.05914462151463,17.256031351834743
PedNYC29,PedNYC29_scenario12,12,46.0,-3.203117074745384,52.120885782421965,28.640070117301192,57.93969588235239,12.102360029568924,59.18350669773941,16.584417996732817
PedNYC29,PedNYC29_scenario12,12,47.0,-3.2773505356926216,52.49821363652772,27.380827994462447,57.920074635151266,11.617138373825192,59.318847407479296,15.825627182655131
PedNYC29,PedNYC29_scenario12,12,48.0,-3.3556980644969547,52.893512704576445,26.037194753189514,57.89531226522847,11.137621404805783,59.468064892645664,14.982350843272709
PedNYC29,PedNYC29_scenario12,12,49.0,-3.298089095304219,53.28316241862503,24.666978339424674,57.86775859918425,10.665328092731077,59.633570014663505,14.112558222582173
PedNYC29,PedNYC29_scenario12,12,50.0,-3.246274195232342,53.65651310207114,23.382493327329417,57.84045164072247,10.198990412960075,59.817600149339,13.330936400655037
PedNYC29,PedNYC29_scenario12,12,51.0,-3.260866662330231,53.99948731579131,22.195688521642968,57.81496507441254,9.736661193854992,60.02040141884621,12.652719526801997
PedNYC29,PedNYC29_scenario12,12,52.0,-3.266051571386533,54.421623885408835,21.099803106502254,57.79092926099952,9.276195098326903,60.24455522155443,12.075511860177905
PedNYC29,PedNYC29_scenario12,12,53.0,-3.1570258633958166,54.889282619918205,20.088159167308106,57.768310758000965,8.821102246325811,60.490181581407334,11.591167000779771
PedNYC29,PedNYC29_scenario12,12,54.0,-3.1171778490372724,55.296262654469615,19.154257763426482,57.7470451652934,8.381659586023506,60.75932475157929,11.18582584334928
PedNYC29,PedNYC29_scenario12,12,55.0,-3.136830275072681,55.70619188308533,18.292057821455277,57.72710466681854,7.965156108921817,61.05219150542086,10.849013847561116
PedNYC29,PedNYC29_scenario12,12,56.0,-3.0858816144276116,56.09105005193193,17.49817507118378,57.708883711637704,7.571109398186001,61.36710007286979,10.579658776236451
PedNYC29,PedNYC29_scenario12,12,57.0,-3.049382933893,56.50482743629016,16.87600918930199,57.69735945445842,7.200245381244778,61.70315768268934,10.472192927682709
PedNYC29,PedNYC29_scenario12,12,58.0,-3.117963153004726,56.93880005501965,16.378160988406638,57.68963476607018,6.852723317309879,62.06001112542593,10.480179022724988
PedNYC29,PedNYC29_scenario12,12,59.0,-3.1736076186968125,57.33575537828966,15.914607056413699,57.68332691739046,6.523191860441074,62.4369783694124,10.525962260546818
PedNYC29,PedNYC29_scenario12,12,60.0,-3.157376621525703,57.72025395787121,15.45414453574852,57.679255335093835,6.206691900134203,62.83217772179295,10.586216952777566
PedNYC29,PedNYC29_scenario12,12,61.0,-3.2270851236405327,58.11442280555805,14.978940696586562,57.679809764150434,5.902164369555165,63.2439183929818,10.646462948998282
PedNYC29,PedNYC29_scenario12,12,62.0,-3.2459134132178846,58.515551820305255,14.458917128826181,57.68713837374601,5.610336659923215,63.67267545220533,10.68288493021723
PedNYC29,PedNYC29_scenario12,12,63.0,-3.096719922513653,58.875683988392254,13.85536997745215,57.70797731763389,5.323008303322117,64.1188609952821,10.6724235891619
PedNYC29,PedNYC29_scenario12,12,64.0,-2.951247539497878,59.2076019742775,13.169366749015778,57.75532855214887,5.036584843289467,64.58369321574347,10.61926106210487
PedNYC29,PedNYC29_scenario12,12,65.0,-2.919588014020013,59.56433622051932,12.406141467019959,57.83798599029348,4.750447566142563,65.06863845799356,10.530526302734756
PedNYC29,PedNYC29_scenario12,12,66.0,-2.859466295896322,59.89732185343301,11.590818492106875,57.95869398896854,4.468189414784446,65.56657805099579,10.421695873242856
PedNYC29,PedNYC29_scenario12,12,67.0,-2.7329434027817565,60.20963364397827,10.803827559823931,58.116595032269714,4.197012734630596,66.06812201576122,10.33812282300747
PedNYC29,PedNYC29_scenario12,12,68.0,-2.6468594141697266,60.47324232271579,10.087192063203231,58.3112914680217,3.944866358070973,66.58073324633746,10.301059770377153
PedNYC29,PedNYC29_scenario12,12,69.0,-2.5608198753698037,60.84100009733636,9.447073121583015,58.54673225675128,3.715882901097408,67.12537958409787,10.316963279491729
PedNYC29,PedNYC29_scenario12,12,70.0,-2.439600017362714,61.110752770699015,8.884313950799514,58.8240479168769,3.5107432505636527,67.69482272677698,10.371398545923837
PedNYC29,PedNYC29_scenario12,12,71.0,-2.237292533881867,61.291979560979975,8.361215374356224,59.161288923727916,3.328472411742039,68.28497860698805,10.419703218622399
PedNYC29,PedNYC29_scenario12,12,72.0,-2.141588976064998,61.392952329546624,7.834509925789748,59.58520459287226,3.1623891388086274,68.9065016802853,10.426662555197419
PedNYC29,PedNYC29_scenario12,12,73.0,-1.967596824828654,61.60882938911326,7.283986106145499,60.11822538234224,3.0108253256011794,69.56086106194198,10.364519845802418
PedNYC29,PedNYC29_scenario12,12,74.0,-1.8862376937727323,61.57538060060278,6.7093041879294475,60.7635016455691,2.8731001237263833,70.24976074418016,10.23257412913238
PedNYC29,PedNYC29_scenario12,12,75.0,-1.9681765867616907,61.47821416207801,6.155944849712722,61.55124367413928,2.7511154316043696,70.9700878986686,10.01536269399992
PedNYC29,PedNYC29_scenario12,12,76.0,-2.0524942385686207,61.4055363345569,5.677533092743723,62.505572312615335,2.6485434314250207,71.73561803677298,9.714346217755281
PedNYC29,PedNYC29_scenario12,12,77.0,-2.0302908255374703,61.4375267575572,5.308368698327287,63.63912285853277,2.5707857203909934,72.55377376160092,9.32552203818426
PedNYC29,PedNYC29_scenario12,12,78.0,-1.9023191205992926,61.496870127386,5.065015654017951,64.93795920545537,2.5064543638527406,73.390750484684,8.831529668507915
PedNYC29,PedNYC29_scenario12,12,79.0,-1.8567971559442182,61.56667252833235,4.9542374621622365,66.36901630494258,2.4528930771397404,74.22718292311575,8.24666637687343
PedNYC29,PedNYC29_scenario12,12,80.0,-1.8641026921709503,61.601537973821145,4.942558091788087,67.90322797840507,2.408499749361579,75.04937993483972,7.582146099045848
PedNYC29,PedNYC29_scenario12,12,81.0,-1.8798954461038238,61.60688951127726,4.916359216927729,69.5145658093151,2.368308445556665,75.8430779257391,6.822215794095785
PedNYC29,PedNYC29_scenario12,12,82.0,-1.8761677424446472,61.6191163861241,4.7777742660302644,71.18445103811167,2.328955323315088,76.6028567152043,5.946077219121042
PedNYC29,PedNYC29_scenario12,12,83.0,-1.8713493942001422,61.62303297041202,4.571019345548312,72.9125514758692,2.2918853785983626,77.3374849981854,4.977397745431115
PedNYC29,PedNYC29_scenario12,12,84.0,-1.932355868399022,61.602784030998734,4.422618298904758,74.69965239603513,2.262278322869643,78.05150763926059,3.987731483386688
PedNYC29,PedNYC29_scenario12,12,85.0,-2.0007851016833262,61.583647930159515,4.392407505791158,76.5154186197244,2.2405849283075856,78.73938537830341,3.0945708180994136
PedNYC29,PedNYC29_scenario12,12,86.0,-2.0439710677948173,61.580125686160855,4.456823483135687,78.348670021533,2.240607211049289,79.36257556513357,2.437133360324072
PedNYC29,PedNYC29_scenario12,12,87.0,-2.0217111377929884,61.544977551531815,4.549492233136015,80.09469956986003,2.2458056181248423,79.92032240692816,2.310276913085053
PedNYC29,PedNYC29_scenario12,12,88.0,-1.9992181809149312,61.53673989865313,4.5972812572639885,81.37184305027114,2.2558098990027897,80.42013712917431,2.527495258513517
PedNYC29,PedNYC29_scenario12,12,89.0,-1.9610760686273512,61.53862306667765,4.6017276393932045,81.75738626675826,2.261968674024913,80.84642963737438,2.5108393012376813
PedNYC29,PedNYC29_scenario12,12,90.0,-1.918710121645192,61.53025050638873,4.6017608642578125,81.7585858893552,2.2657773512810104,81.21323884730525,2.398796024920017
PedNYC29,PedNYC29_scenario12,12,91.0,-1.8955817578544074,61.52298040363151,4.601758539240125,81.75881100399394,2.269287207500214,81.53530645185099,2.343155308172545
PedNYC29,PedNYC29_scenario12,12,92.0,-1.9107315490254089,61.5295766833312,4.601757049560547,81.75882104484687,2.272877634208354,81.82192764078226,2.329734271049324
PedNYC29,PedNYC29_scenario12,12,93.0,-1.9724304078832993,61.569197487250236,4.601757049560547,81.75881958007812,2.276270857982402,82.08157546392341,2.3477771162905094
PedNYC29,PedNYC29_scenario12,12,94.0,-2.071551829517668,61.59978078918266,4.601757049560547,81.75881958007812,2.279591689071795,82.32097120609274,2.389239714236461
PedNYC29,PedNYC29_scenario12,12,95.0,-2.150450462562447,61.5739120922368,4.601757049560547,81.75881958007812,2.2826748088406736,82.53645376779066,2.4459880149178255
PedNYC29,PedNYC29_scenario12,12,96.0,-2.1553207444634546,61.45206206217673,4.601757049560547,81.75881958007812,2.285409157183181,82.72531480281403,2.509896526570843
PedNYC29,PedNYC29_scenario12,12,97.0,-2.1223730256167768,61.3088447974844,4.601757049560547,81.75881958007812,2.28793688764587,82.88645323736631,2.5739699700524854
PedNYC29,PedNYC29_scenario12,12,98.0,-2.1584877919153516,61.22655978770833,4.601757049560547,81.75881958007812,2.2904799665480953,83.02040692480422,2.633173823132758
PedNYC29,PedNYC29_scenario12,12,99.0,-2.2845122302008196,61.19498753884432,4.601757049560547,81.75881958007812,2.29315418468445,83.12843682711289,2.684305979408685
PedNYC29,PedNYC29_scenario12,12,100.0,-2.335216999053955,61.23786163330078,4.601757049560547,81.75881958007812,2.165416012207667,83.5742031733195,3.0383178307905325
PedNYC2,PedNYC2_scenario12,12,0.0,-4.996654987335205,45.45026397705078,42.29305648803711,58.14990997314453,49.71087803038519,58.21886866836355,7.418142067645345
PedNYC2,PedNYC2_scenario12,12,1.0,-4.978288075222415,45.55172368529259,40.853049832409994,58.13663474973988,48.81154167601853,58.22203667144088,7.9589500509183875
PedNYC2,PedNYC2_scenario12,12,2.0,-4.9668964391391155,45.7246493080915,39.39681878875069,58.12400363382647,47.899549641264926,58.226024529765546,8.503342884625177
PedNYC2,PedNYC2_scenario12,12,3.0,-4.936932494639779,45.92123603557638,37.927870081703404,58.11251143163116,46.97607816037263,58.23084442743293,9.048981828514767
PedNYC2,PedNYC2_scenario12,12,4.0,-4.8651435633428015,46.11139747100265,36.45190198187613,58.102396635613,46.03776523118833,58.235631171228775,9.58678912232845
PedNYC2,PedNYC2_scenario12,12,5.0,-4.762877388743191,46.33452769788619,34.980074885287394,58.09504943888564,45.082804449089096,58.24113517646439,10.1037857104175
PedNYC2,PedNYC2_scenario12,12,6.0,-4.707076838220402,46.559077912714876,33.52388296904132,58.093125339520704,44.109915970367936,58.24688368349451,10.587149584922178
PedNYC2,PedNYC2_scenario12,12,7.0,-4.683302816246079,46.791705415290025,32.086214346966955,58.0965994508437,43.12826137257003,58.25136525943814,11.043131574473774
PedNYC2,PedNYC2_scenario12,12,8.0,-4.666274720991774,47.00315529323384,30.668297456102888,58.105263055806695,42.13297447199011,58.25438884094464,11.465646845180858
PedNYC2,PedNYC2_scenario12,12,9.0,-4.617048909174337,47.31033284271416,29.286788203832543,58.11866672780375,41.130803373103205,58.257312109930595,11.844826629035085
PedNYC2,PedNYC2_scenario12,12,10.0,-4.5602291218495745,47.605810215479615,27.965265313584,58.13579693018317,40.12522966015949,58.25923090649846,12.160590810338785
PedNYC2,PedNYC2_scenario12,12,11.0,-4.52901121712597,47.913842687847726,26.708293749298008,58.15423661575976,39.121588677301794,58.25954062733463,12.413741575546766
PedNYC2,PedNYC2_scenario12,12,12.0,-4.515615265103635,48.22865315616911,25.51660756303276,58.17312054481809,38.125927755410686,58.259449216380716,12.609615709982737
PedNYC2,PedNYC2_scenario12,12,13.0,-4.4867541085146,48.50972877976617,24.386126327691503,58.19209276960536,37.13569360768573,58.25963450963021,12.749746182326335
PedNYC2,PedNYC2_scenario12,12,14.0,-4.448139662417434,48.765444426490774,23.31359305143654,58.21003675452986,36.151444685682485,58.2599069510196,12.837948497303188
PedNYC2,PedNYC2_scenario12,12,15.0,-4.405030721545197,49.07644864089572,22.29703355033873,58.22698124011197,35.17426298330261,58.259832307840426,12.877271336033974
PedNYC2,PedNYC2_scenario12,12,16.0,-4.3971145540704555,49.34440712011354,21.332234421891087,58.24301666936179,34.20370264223071,58.259080896920025,12.871478244810108
PedNYC2,PedNYC2_scenario12,12,17.0,-4.418917104831206,49.64405434075378,20.417866200926593,58.25816834230475,33.23800375852567,58.257361878879074,12.820137582964769
PedNYC2,PedNYC2_scenario12,12,18.0,-4.431274886795083,49.90059402148172,19.550163912231135,58.272503109752904,32.27666453121885,58.25619740815301,12.726511064741953
PedNYC2,PedNYC2_scenario12,12,19.0,-4.436600120825056,50.24009449322594,18.727244858214,58.286069107190066,31.323291858409526,58.256235407089534,12.596082330661243
PedNYC2,PedNYC2_scenario12,12,20.0,-4.459418516903628,50.52048627894426,17.946884205627008,58.298891922890554,30.381292288594086,58.25779612343453,12.434475993723657
PedNYC2,PedNYC2_scenario12,12,21.0,-4.511716434451781,50.8798744219535,17.205414370502638,58.31104429256245,29.45298717689417,58.26064287979181,12.247676512313289
PedNYC2,PedNYC2_scenario12,12,22.0,-4.534046339779753,51.2062693454716,16.489467754594823,58.322755433869766,28.540255768680023,58.2644675222773,12.050928978342595
PedNYC2,PedNYC2_scenario12,12,23.0,-4.518666140038737,51.52999120261087,15.790075360447185,58.33407879381951,27.64435050663565,58.26898153921581,11.854453884262172
PedNYC2,PedNYC2_scenario12,12,24.0,-4.5004371908398,51.844021708502446,15.106208471925207,58.34393891306463,26.769569517470867,58.273776281609734,11.663572080353628
PedNYC2,PedNYC2_scenario12,12,25.0,-4.508143813542002,52.12846607599677,14.438290796942127,58.3515798796247,25.910904890378447,58.278248445782665,11.472848453461895
PedNYC2,PedNYC2_scenario12,12,26.0,-4.507265664274123,52.416979917388794,13.78607177776592,58.35773607688589,25.06654373192686,58.282509185581844,11.280722786851328
PedNYC2,PedNYC2_scenario12,12,27.0,-4.485223508139259,52.68611666854721,13.15304744964256,58.36260075930758,24.24631941777884,58.28643462840655,11.093533442439995
PedNYC2,PedNYC2_scenario12,12,28.0,-4.461469811856267,52.94615851980964,12.542944627204463,58.36704282949821,23.459697760336443,58.29018492964262,10.917023683519108
PedNYC2,PedNYC2_scenario12,12,29.0,-4.456594983628634,53.21115410028818,11.952455681032296,58.37342940177435,22.69636539711844,58.294249814217046,10.744201477750499
PedNYC2,PedNYC2_scenario12,12,30.0,-4.481637967762753,53.474866808831244,11.376433326606914,58.38615963140378,21.94820042075727,58.29913889521508,10.572125240531683
PedNYC2,PedNYC2_scenario12,12,31.0,-4.511912426775066,53.68386133940155,10.81377688330512,58.418558785902,21.21257410263812,58.30566005200966,10.399410066581767
PedNYC2,PedNYC2_scenario12,12,32.0,-4.529061797708544,53.954010886934185,10.268262114503587,58.48846106741077,20.4896373961614,58.31532623139423,10.222841499305748
PedNYC2,PedNYC2_scenario12,12,33.0,-4.520219795675281,54.21823576391612,9.748130743968362,58.61124578237236,19.778258904111915,58.32969461514236,10.034079029421349
PedNYC2,PedNYC2_scenario12,12,34.0,-4.520737586357889,54.44653909459174,9.256828948419972,58.7874898028713,19.075671899909,58.34948501642774,9.828607485241907
PedNYC2,PedNYC2_scenario12,12,35.0,-4.549449406354326,54.68588355087797,8.801513927358938,59.01901585704927,18.38269116014392,58.37548218212464,9.602764849604478
PedNYC2,PedNYC2_scenario12,12,36.0,-4.593080744341719,54.91825783289183,8.38153475689892,59.3035068232166,17.701631218148336,58.40755736482897,9.363061650922681
PedNYC2,PedNYC2_scenario12,12,37.0,-4.61292382495251,55.150762372898114,7.992041240803156,59.64660842233718,17.03871633797956,58.445889008465656,9.126009939985805
PedNYC2,PedNYC2_scenario12,12,38.0,-4.636882755190905,55.438032102321166,7.62709697232906,60.05153561235232,16.398809604993367,58.491339672253964,8.909385718529757
PedNYC2,PedNYC2_scenario12,12,39.0,-4.69073906342348,55.67266509079135,7.293661227090657,60.52306099988398,15.781241712659979,58.544444111484935,8.715156182770054
PedNYC2,PedNYC2_scenario12,12,40.0,-4.748474359421156,55.88959714380394,6.994933212561055,61.060376113285876,15.18908388533875,58.605672591525064,8.55392743878086
PedNYC2,PedNYC2_scenario12,12,41.0,-4.782057761139309,56.13276249147508,6.7097882719514255,61.66063815096012,14.626993050516601,58.67538543121522,8.461315814131959
PedNYC2,PedNYC2_scenario12,12,42.0,-4.7624196076439125,56.46170762456927,6.437363432950266,62.323244069706575,14.091708017778329,58.75338790901953,8.445878523355752
PedNYC2,PedNYC2_scenario12,12,43.0,-4.687932586974071,56.76581039800373,6.205660078887796,63.05112681451995,13.578120184118934,58.84184317593058,8.489478002405146
PedNYC2,PedNYC2_scenario12,12,44.0,-4.650078856623089,57.03380984143685,6.0338220458501715,63.8398534983509,13.08102647081492,58.94398534653678,8.580944887784243
PedNYC2,PedNYC2_scenario12,12,45.0,-4.667783601084906,57.307425669384806,5.937937673961911,64.68283627350353,12.590194528284563,59.05914462151463,8.710822524453834
PedNYC2,PedNYC2_scenario12,12,46.0,-4.6942634227552364,57.640034515510415,5.920307107312967,65.56852493498513,12.102360029568924,59.18350669773941,8.88742011066957
PedNYC2,PedNYC2_scenario12,12,47.0,-4.685529178523183,57.93173680496494,5.9557583977879505,66.49297304521552,11.617138373825192,59.318847407479296,9.13888953314896
PedNYC2,PedNYC2_scenario12,12,48.0,-4.666907273135119,58.21875376577714,6.013532923069908,67.45282576598896,11.137621404805783,59.468064892645664,9.487501724539094
PedNYC2,PedNYC2_scenario12,12,49.0,-4.662400288447954,58.49797274546828,6.019313038342098,68.44253221521848,10.665328092731077,59.633570014663505,9.959079823779671
PedNYC2,PedNYC2_scenario12,12,50.0,-4.666945469906832,58.75516575437655,5.9132916709550605,69.4433819153832,10.198990412960075,59.817600149339,10.53673992820988
PedNYC2,PedNYC2_scenario12,12,51.0,-4.6562791994937145,58.984421369677946,5.687423727772561,70.44348175690212,9.736661193854992,60.02040141884621,11.181991226534443
PedNYC2,PedNYC2_scenario12,12,52.0,-4.6295706856764935,59.200988859621944,5.397128918967873,71.45790971107989,9.276195098326903,60.24455522155443,11.865347585789806
PedNYC2,PedNYC2_scenario12,12,53.0,-4.58854463663939,59.47025143574997,5.06455816505637,72.48994653115605,8.821102246325811,60.490181581407334,12.574020132150986
PedNYC2,PedNYC2_scenario12,12,54.0,-4.567830182379366,59.731068091696336,4.689750418710084,73.53644761561662,8.381659586023506,60.75932475157929,13.299814358944955
PedNYC2,PedNYC2_scenario12,12,55.0,-4.572276988221008,59.95395828072714,4.280647878237379,74.59416537192389,7.965156108921817,61.05219150542086,14.034267244962686
PedNYC2,PedNYC2_scenario12,12,56.0,-4.561460096078568,60.16835799797228,3.8585023338747795,75.64998981344381,7.571109398186001,61.36710007286979,14.757519796882137
PedNYC2,PedNYC2_scenario12,12,57.0,-4.529204149132624,60.34695781410498,3.449617266692769,76.68043244247137,7.200245381244778,61.70315768268934,15.439752928193894
PedNYC2,PedNYC2_scenario12,12,58.0,-4.483470536403473,60.52227988406522,3.078026419815589,77.67252708656635,6.852723317309879,62.06001112542593,16.062347004868787
PedNYC2,PedNYC2_scenario12,12,59.0,-4.449840367507513,60.68671137699144,2.755958665887837,78.62590800790261,6.523191860441074,62.4369783694124,16.621476732893818
PedNYC2,PedNYC2_scenario12,12,60.0,-4.440270803844709,60.85100912018472,2.490621434526745,79.54213343629901,6.206691900134203,62.83217772179295,17.118171622171385
PedNYC2,PedNYC2_scenario12,12,61.0,-4.440463806747079,60.897483480853424,2.2782005478601888,80.41977440734324,5.902164369555165,63.2439183929818,17.55400648305196
PedNYC2,PedNYC2_scenario12,12,62.0,-4.4291092903259255,61.02976096630943,2.1140321061757237,81.26004980760327,5.610336659923215,63.67267545220533,17.93153318178522
PedNYC2,PedNYC2_scenario12,12,63.0,-4.405822808276636,61.090817010643185,1.9912233725585784,82.06175610312206,5.323008303322117,64.1188609952821,18.249610288326984
PedNYC2,PedNYC2_scenario12,12,64.0,-4.39171205198146,61.11467987239489,1.9037320529128035,82.82603900487355,5.036584843289467,64.58369321574347,18.509401570455026
PedNYC2,PedNYC2_scenario12,12,65.0,-4.37376111441884,61.144994515082786,1.8470413786341826,83.55308009209615,4.750447566142563,65.06863845799356,18.7110755974692
PedNYC2,PedNYC2_scenario12,12,66.0,-4.352092190302412,61.162594911141085,1.8163238007347517,84.2436192434302,4.468189414784446,65.56657805099579,18.86436479023005
PedNYC2,PedNYC2_scenario12,12,67.0,-4.349540100903289,61.16321401599245,1.805978461960828,84.89917494728292,4.197012734630596,66.06812201576122,18.98224431943845
PedNYC2,PedNYC2_scenario12,12,68.0,-4.355152925150739,61.155617176652896,1.8144787502817374,85.5210556000155,3.944866358070973,66.58073324633746,19.059757664268925
PedNYC2,PedNYC2_scenario12,12,69.0,-4.357557830123392,61.146298320575646,1.839701381943605,86.11031667380973,3.715882901097408,67.12537958409787,19.077418415318448
PedNYC2,PedNYC2_scenario12,12,70.0,-4.357707740353705,61.13620766618114,1.878785912016175,86.6681015079573,3.5107432505636527,67.69482272677698,19.043334594109997
PedNYC2,PedNYC2_scenario12,12,71.0,-4.357205072204537,61.12556301596614,1.929798547166274,87.19655014944814,3.328472411742039,68.28497860698805,18.963223006256975
PedNYC2,PedNYC2_scenario12,12,72.0,-4.356483455447849,61.11584029495854,1.9913995011632217,87.70480962326826,3.1623891388086274,68.9065016802853,18.83474444346642
PedNYC2,PedNYC2_scenario12,12,73.0,-4.353848277768128,61.109754629977964,2.0604102965528766,88.20891025809573,3.0108253256011794,69.56086106194198,18.672252878257925
PedNYC2,PedNYC2_scenario12,12,74.0,-4.3498645067407375,61.10326189153805,2.1419264897688626,88.72525926951147,2.8731001237263833,70.24976074418016,18.489961077366114
PedNYC2,PedNYC2_scenario12,12,75.0,-4.346530555773228,61.09855656396211,2.2382066742022593,89.2599346731062,2.7511154316043696,70.9700878986686,18.297037203488042
PedNYC2,PedNYC2_scenario12,12,76.0,-4.343838808685441,61.09431252905289,2.3494393663079958,89.81277532196556,2.6485434314250207,71.73561803677298,18.07963159899451
PedNYC2,PedNYC2_scenario12,12,77.0,-4.340987275674975,61.08986120717525,2.473024156546859,90.38448562742818,2.5707857203909934,72.55377376160092,17.830979865546315
PedNYC2,PedNYC2_scenario12,12,78.0,-4.338724468391815,61.088090422709534,2.590968347393821,90.96348811309842,2.5064543638527406,73.390750484684,17.572940857195928
PedNYC2,PedNYC2_scenario12,12,79.0,-4.336379255612539,61.089300830245215,2.686831871560288,91.52736623253924,2.4528930771397404,74.22718292311575,17.301764935959277
PedNYC2,PedNYC2_scenario12,12,80.0,-4.337555583576668,61.09144764085277,2.7587357896747338,92.05427467781942,2.408499749361579,75.04937993483972,17.00850112454807
PedNYC2,PedNYC2_scenario12,12,81.0,-4.341006135450832,61.092317079847625,2.8004619623285443,92.45602101505422,2.368308445556665,75.8430779257391,16.61856295685284
PedNYC2,PedNYC2_scenario12,12,82.0,-4.343296367058463,61.092484676268754,2.812001423109866,92.57888077099064,2.328955323315088,76.6028567152043,15.983325003440015
PedNYC2,PedNYC2_scenario12,12,83.0,-4.343589379990826,61.09237560181415,2.8120790235751016,92.57949025518127,2.2918853785983626,77.3374849981854,15.250879505214241
PedNYC2,PedNYC2_scenario12,12,84.0,-4.344436243893452,61.09094683204647,2.8121043703974804,92.57981673775042,2.262278322869643,78.05150763926059,14.538709500633212
PedNYC2,PedNYC2_scenario12,12,85.0,-4.344253697217588,61.08688633175442,2.812106847763061,92.57989017882475,2.2405849283075856,78.73938537830341,13.852299824854805
PedNYC2,PedNYC2_scenario12,12,86.0,-4.341524473777386,61.08175823873494,2.812105849486428,92.57990264892578,2.240607211049289,79.36257556513357,13.229676713120496
PedNYC2,PedNYC2_scenario12,12,87.0,-4.334531367869874,61.077217467090705,2.812105178833008,92.57990155564785,2.2458056181248423,79.92032240692816,12.672238926691547
PedNYC2,PedNYC2_scenario12,12,88.0,-4.3235159741466465,61.07544934420139,2.8121049404144287,92.57989501953124,2.2558098990027897,80.42013712917431,12.172476170656353
PedNYC2,PedNYC2_scenario12,12,89.0,-4.311680041332607,61.07591311354732,2.8121049404144287,92.57989501953124,2.261968674024913,80.84642963737438,11.746355170258994
PedNYC2,PedNYC2_scenario12,12,90.0,-4.299347025001522,61.0749324045447,2.8121047019958496,92.57989501953124,2.2657773512810104,81.21323884730525,11.37977794650415
PedNYC2,PedNYC2_scenario12,12,91.0,-4.28922586310689,61.07674985888792,2.8121047019958496,92.57989501953124,2.269287207500214,81.53530645185099,11.05791967151434
PedNYC2,PedNYC2_scenario12,12,92.0,-4.292556917165209,61.08182625157091,2.8121047019958496,92.57989501953124,2.272877634208354,81.82192764078226,10.771472877599503
PedNYC2,PedNYC2_scenario12,12,93.0,-4.312453913803211,61.08225211597101,2.8121047019958496,92.57989501953124,2.276270857982402,82.08157546392341,10.511985131270299
PedNYC2,PedNYC2_scenario12,12,94.0,-4.330040591161003,61.084041385995796,2.8121047019958496,92.57989501953124,2.279591689071795,82.32097120609274,10.272735172234754
PedNYC2,PedNYC2_scenario12,12,95.0,-4.3368054031677445,61.08436655479097,2.8121047019958496,92.57989501953124,2.2826748088406736,82.53645376779066,10.057385753212937
PedNYC2,PedNYC2_scenario12,12,96.0,-4.328193727841547,61.086244421245226,2.8121047019958496,92.57989501953124,2.285409157183181,82.72531480281403,9.868645268963705
PedNYC2,PedNYC2_scenario12,12,97.0,-4.299509290664099,61.08131076647215,2.8121047019958496,92.57989501953124,2.28793688764587,82.88645323736631,9.707603488081967
PedNYC2,PedNYC2_scenario12,12,98.0,-4.2459256241894705,61.048567233625846,2.8121047019958496,92.57989501953124,2.2904799665480953,83.02040692480422,9.57370905124333
PedNYC2,PedNYC2_scenario12,12,99.0,-4.1830435403089234,60.98601285819942,2.8121047019958496,92.57989501953124,2.29315418468445,83.12843682711289,9.465694459597223
PedNYC2,PedNYC2_scenario12,12,100.0,-4.150798797607422,60.94673538208008,2.8121047019958496,92.57989501953124,2.165416012207667,83.5742031733195,9.028880987720706
PedNYC30,PedNYC30_scenario12,12,0.0,-5.01252555847168,45.33292770385742,75.09029388427734,57.89453125,49.71087803038519,58.21886866836355,25.38148821180002
PedNYC30,PedNYC30_scenario12,12,1.0,-5.0335942986781035,45.44037909790839,73.52025708510863,57.86858970538597,48.81154167601853,58.22203667144088,24.711243229048996
PedNYC30,PedNYC30_scenario12,12,2.0,-5.080960060753356,45.43550511171481,72.08360001778482,57.84300306661748,47.899549641264926,58.226024529765546,24.187083289542873
PedNYC30,PedNYC30_scenario12,12,3.0,-5.05544081755156,45.44016525705872,70.76853359729905,57.81802866135108,46.97607816037263,58.23084442743293,23.796036488769627
PedNYC30,PedNYC30_scenario12,12,4.0,-5.111209156988397,45.52922318787968,69.56433929741152,57.793994547565255,46.03776523118833,58.235631171228775,23.53071886281519
PedNYC30,PedNYC30_scenario12,12,5.0,-5.110433091699957,45.61972435190724,68.4618000038193,57.772955779978126,45.082804449089096,58.24113517646439,23.38368288134675
PedNYC30,PedNYC30_scenario12,12,6.0,-5.044617091256608,45.649871333980165,67.45263331422133,57.75445959122802,44.109915970367936,58.24688368349451,23.347910709133668
PedNYC30,PedNYC30_scenario12,12,7.0,-4.957628166729364,45.67132872872235,66.52621283101821,57.7379855621214,43.12826137257003,58.25136525943814,23.403582870268274
PedNYC30,PedNYC30_scenario12,12,8.0,-4.993727889875577,45.61592642954897,65.62703917230422,57.72243393455302,42.13297447199011,58.25438884094464,23.50008621611801
PedNYC30,PedNYC30_scenario12,12,9.0,-5.031337854220211,45.663468461471425,64.69847229420449,57.70683463424927,41.130803373103205,58.257312109930595,23.574096882508055
PedNYC30,PedNYC30_scenario12,12,10.0,-5.065484612718149,45.80316939418362,63.71237020880894,57.690770226122496,40.12522966015949,58.25923090649846,23.593989633100982
PedNYC30,PedNYC30_scenario12,12,11.0,-5.034850685383564,45.7756255059801,62.65591115467071,57.674129376845926,39.121588677301794,58.25954062733463,23.541602341408083
PedNYC30,PedNYC30_scenario12,12,12.0,-4.917415684360491,45.68735182892293,61.523901495080594,57.65696095880583,38.125927755410686,58.259449216380716,23.4057293674604
PedNYC30,PedNYC30_scenario12,12,13.0,-4.944791229208436,45.6048013961065,60.31128535992731,57.63932560389739,37.13569360768573,58.25963450963021,23.18389173985031
PedNYC30,PedNYC30_scenario12,12,14.0,-4.9956291843399505,45.496895742249166,59.02209048446343,57.6214345909748,36.151444685682485,58.2599069510196,22.879556075410157
PedNYC30,PedNYC30_scenario12,12,15.0,-4.937146212909714,45.512681518474096,57.659609608514515,57.603495747332396,35.17426298330261,58.259832307840426,22.49492366149723
PedNYC30,PedNYC30_scenario12,12,16.0,-4.863225314503187,45.636400812747574,56.22618226421183,57.58568275423719,34.20370264223071,58.259080896920025,22.03277272063465
PedNYC30,PedNYC30_scenario12,12,17.0,-4.792708180719059,45.73462817928281,54.72689805063443,57.568224744189116,33.23800375852567,58.257361878879074,21.499941578707443
PedNYC30,PedNYC30_scenario12,12,18.0,-4.776085458896255,45.72890819651717,53.166272296249446,57.55098210398466,32.27666453121885,58.25619740815301,20.901508108317444
PedNYC30,PedNYC30_scenario12,12,19.0,-4.767245714862285,45.76139832045436,51.553871872177226,57.53435643606559,31.323291858409526,58.256235407089534,20.243455163145043
PedNYC30,PedNYC30_scenario12,12,20.0,-4.756015365254263,45.8303875509371,49.936945955644866,57.518437551238854,30.381292288594086,58.25779612343453,19.56962548042031
PedNYC30,PedNYC30_scenario12,12,21.0,-4.6691589055297085,45.82166053425024,48.41195991555952,57.50419384976736,29.45298717689417,58.26064287979181,18.974057616663888
PedNYC30,PedNYC30_scenario12,12,22.0,-4.5705933198794515,45.72355570260896,47.013555726669665,57.4917743846056,28.540255768680023,58.2644675222773,18.489452831894866
PedNYC30,PedNYC30_scenario12,12,23.0,-4.5064646842614025,45.67155707050377,45.733251071580696,57.48096602502563,27.64435050663565,58.26898153921581,18.106056779405993
PedNYC30,PedNYC30_scenario12,12,24.0,-4.498463891092041,45.740369396180306,44.56065856315948,57.471546539308115,26.769569517470867,58.273776281609734,17.809166796654317
PedNYC30,PedNYC30_scenario12,12,25.0,-4.4301214578868535,45.792027358112406,43.487280709128775,57.46330755940454,25.910904890378447,58.278248445782665,17.595258326328775
PedNYC30,PedNYC30_scenario12,12,26.0,-4.444258571959461,45.84541540446861,42.50395874659402,57.456099414414254,25.06654373192686,58.282509185581844,17.456987011040052
PedNYC30,PedNYC30_scenario12,12,27.0,-4.474520776761594,45.84354847297819,41.59232149610173,57.44969589463637,24.24631941777884,58.28643462840655,17.36617170851922
PedNYC30,PedNYC30_scenario12,12,28.0,-4.500007142956668,45.94759045967394,40.70899780854212,57.44373931488201,23.459697760336443,58.29018492964262,17.270055655144134
PedNYC30,PedNYC30_scenario12,12,29.0,-4.441431157063898,46.15967363137972,39.80909382353663,57.437932830608425,22.69636539711844,58.294249814217046,17.134139983458684
PedNYC30,PedNYC30_scenario12,12,30.0,-4.21216014177735,46.474620317857685,38.872725726558265,57.43213367052801,21.94820042075727,58.29913889521508,16.946718115503455
PedNYC30,PedNYC30_scenario12,12,31.0,-4.083440020319789,46.87897408085965,37.887819444828054,57.4263347618499,21.21257410263812,58.30566005200966,16.69841370274858
PedNYC30,PedNYC30_scenario12,12,32.0,-4.010224668664175,47.26773556201888,36.84763085302704,57.420581660594614,20.4896373961614,58.31532623139423,16.382445415194724
PedNYC30,PedNYC30_scenario12,12,33.0,-3.879922192645528,47.69309555551062,35.747511909448676,57.414861529895695,19.778258904111915,58.32969461514236,15.995435634027574
PedNYC30,PedNYC30_scenario12,12,34.0,-3.809410361831658,48.151447140319405,34.56160567558629,57.40914531543977,19.075671899909,58.34948501642774,15.51445724664311
PedNYC30,PedNYC30_scenario12,12,35.0,-3.6379547725214283,48.56338443351684,33.282084897191616,57.40346365051034,18.38269116014392,58.37548218212464,14.931066732064984
PedNYC30,PedNYC30_scenario12,12,36.0,-3.449049846961079,48.98120240313718,31.91398351382678,57.39796338004451,17.701631218148336,58.40755736482897,14.248166120262258
PedNYC30,PedNYC30_scenario12,12,37.0,-3.434862460311921,49.46673093140348,30.468874109168947,57.392806130406775,17.03871633797956,58.445889008465656,13.471381566383583
PedNYC30,PedNYC30_scenario12,12,38.0,-3.450582742482711,49.97204976085481,28.957996492902794,57.388115332300394,16.398809604993367,58.491339672253964,12.607548501976982
PedNYC30,PedNYC30_scenario12,12,39.0,-3.473980922253825,50.45496919627133,27.387146699567293,57.3840184159455,15.781241712659979,58.544444111484935,11.663773761522823
PedNYC30,PedNYC30_scenario12,12,40.0,-3.555588516062967,50.95110607973981,25.78584661331877,57.380649854726535,15.18908388533875,58.605672591525064,10.66733617257748
PedNYC30,PedNYC30_scenario12,12,41.0,-3.552312131135054,51.39417423001038,24.240833140272738,57.36948395122879,14.626993050516601,58.67538543121522,9.7021286296788
PedNYC30,PedNYC30_scenario12,12,42.0,-3.5199773120993205,51.89035592088757,22.817852600755,57.334604519216036,14.091708017778329,58.75338790901953,8.840732186317792
PedNYC30,PedNYC30_scenario12,12,43.0,-3.4958291616373685,52.433149823728534,21.514946667534687,57.305735331870046,13.578120184118934,58.84184317593058,8.084110460430013
PedNYC30,PedNYC30_scenario12,12,44.0,-3.255501975594975,52.970880167329014,20.327241312099627,57.365900383704265,13.08102647081492,58.94398534653678,7.416062410469105
PedNYC30,PedNYC30_scenario12,12,45.0,-3.196003759414555,53.47676948091574,19.248753434169164,57.493350775460605,12.590194528284563,59.05914462151463,6.840183993978217
PedNYC30,PedNYC30_scenario12,12,46.0,-3.160635595412344,53.9528948652332,18.25600900512506,57.57157267454359,12.102360029568924,59.18350669773941,6.36126772031325
PedNYC30,PedNYC30_scenario12,12,47.0,-3.0979518559760972,54.438101180642114,17.345720506412516,57.60777069219995,11.617138373825192,59.318847407479296,5.978665133235837
PedNYC30,PedNYC30_scenario12,12,48.0,-3.2148615861828276,54.94002904108146,16.51161245990369,57.620761176743876,11.137621404805783,59.468064892645664,5.68263238992783
PedNYC30,PedNYC30_scenario12,12,49.0,-3.2647487290646593,55.41983113166621,15.747479075013965,57.61907394241965,10.665328092731077,59.633570014663505,5.466850375838437
PedNYC30,PedNYC30_scenario12,12,50.0,-3.260650928871173,55.946904334663785,15.047853276763162,57.61631922654703,10.198990412960075,59.817600149339,5.325139319587474
PedNYC30,PedNYC30_scenario12,12,51.0,-3.317558317579985,56.43845237736319,14.407264975437178,57.608588529729154,9.736661193854992,60.02040141884621,5.256556010986755
PedNYC30,PedNYC30_scenario12,12,52.0,-3.2661859777806437,57.05194964506669,13.820454183047605,57.59679204389327,9.276195098326903,60.24455522155443,5.25936692711632
PedNYC30,PedNYC30_scenario12,12,53.0,-3.18603537078526,57.57274072752632,13.283187428093667,57.5849621521313,8.821102246325811,60.490181581407334,5.324519142757895
PedNYC30,PedNYC30_scenario12,12,54.0,-3.11197013315095,58.08781081682377,12.791292041882457,57.586446700056385,8.381659586023506,60.75932475157929,5.432496067702253
PedNYC30,PedNYC30_scenario12,12,55.0,-3.0402789218346933,58.69239735943865,12.34202668459464,57.60914565403827,7.965156108921817,61.05219150542086,5.5688024539314895
PedNYC30,PedNYC30_scenario12,12,56.0,-3.051304559171731,59.25500032618458,11.93241771282884,57.64748377442257,7.571109398186001,61.36710007286979,5.732063818821888
PedNYC30,PedNYC30_scenario12,12,57.0,-2.897236140712965,59.79516638644505,11.563157013472987,57.708611110042334,7.200245381244778,61.70315768268934,5.915352925369554
PedNYC30,PedNYC30_scenario12,12,58.0,-2.735209657995364,60.300952564141554,11.241178835651544,57.80235350875913,6.852723317309879,62.06001112542593,6.114424765848723
PedNYC30,PedNYC30_scenario12,12,59.0,-2.6087057813311305,60.777783112827024,10.972642211714867,57.91854712438113,6.523191860441074,62.4369783694124,6.341437482505472
PedNYC30,PedNYC30_scenario12,12,60.0,-2.3577174793644513,61.23864490888444,10.763894173964777,58.04150079122027,6.206691900134203,62.83217772179295,6.612010134424162
PedNYC30,PedNYC30_scenario12,12,61.0,-2.2282833842884204,61.59440014103609,10.604245248136706,58.15176164728775,5.902164369555165,63.2439183929818,6.931062321999389
PedNYC30,PedNYC30_scenario12,12,62.0,-2.1483984060756676,61.933315340332506,10.48247951721156,58.24460858394283,5.610336659923215,63.67267545220533,7.293948584145282
PedNYC30,PedNYC30_scenario12,12,63.0,-1.9984934318021979,62.12112237309435,10.380305460243612,58.327205142336986,5.323008303322117,64.1188609952821,7.688922684769284
PedNYC30,PedNYC30_scenario12,12,64.0,-1.9410389941010746,62.28540593236368,10.254372162611945,58.43749224396059,5.036584843289467,64.58369321574347,8.062325402464676
PedNYC30,PedNYC30_scenario12,12,65.0,-1.9264140701492687,62.46216210936568,10.066969761467417,58.61911125858819,4.750447566142563,65.06863845799356,8.35833771447717
PedNYC30,PedNYC30_scenario12,12,66.0,-1.8765556564129577,62.49602707772668,9.827084401294602,58.88621367510176,4.468189414784446,65.56657805099579,8.56417092725021
PedNYC30,PedNYC30_scenario12,12,67.0,-1.8489609262856181,62.358443864883604,9.539669464266844,59.25317361722658,4.197012734630596,66.06812201576122,8.659532470371442
PedNYC30,PedNYC30_scenario12,12,68.0,-1.8361359276222842,62.32646240403966,9.238371206175563,59.713196621366976,3.944866358070973,66.58073324633746,8.670885356883561
PedNYC30,PedNYC30_scenario12,12,69.0,-1.836558736020308,62.34209495160296,8.939623069626581,60.29130337230499,3.715882901097408,67.12537958409787,8.601863694391964
PedNYC30,PedNYC30_scenario12,12,70.0,-1.8372190446006216,62.3556774774697,8.699953845637342,60.78015835072871,3.5107432505636527,67.69482272677698,8.645258239833902
PedNYC30,PedNYC30_scenario12,12,71.0,-1.8407322316621135,62.350825879292614,8.603329064984013,61.03054514882573,3.328472411742039,68.28497860698805,8.969443545234899
PedNYC30,PedNYC30_scenario12,12,72.0,-1.8558601941631312,62.35911884104921,8.532165977605601,61.24404136535656,3.1623891388086274,68.9065016802853,9.35669820910872
PedNYC30,PedNYC30_scenario12,12,73.0,-1.8587230410195066,62.36075855853538,8.45707596194462,61.49941166402235,3.0108253256011794,69.56086106194198,9.72875184127389
PedNYC30,PedNYC30_scenario12,12,74.0,-1.8647840319260496,62.361174978537846,8.348303035267058,61.92855767436008,2.8731001237263833,70.24976074418016,9.960937076988627
PedNYC30,PedNYC30_scenario12,12,75.0,-1.8678149135529123,62.368598217401676,8.227071536712078,62.594573567716914,2.7511154316043696,70.9700878986686,10.006764490735423
PedNYC30,PedNYC30_scenario12,12,76.0,-1.869778482481542,62.37173736238932,8.113429731685358,63.564482991809854,2.6485434314250207,71.73561803677298,9.830179560811573
PedNYC30,PedNYC30_scenario12,12,77.0,-1.872062259861778,62.378819582128564,8.064552835702004,64.80235248239467,2.5707857203909934,72.55377376160092,9.500842539743736
PedNYC30,PedNYC30_scenario12,12,78.0,-1.8738062186358801,62.406207551643675,8.037576551792156,66.18371561168429,2.5064543638527406,73.390750484684,9.084859069823247
PedNYC30,PedNYC30_scenario12,12,79.0,-1.8770623981490808,62.42166313222673,7.950704214552802,67.5082861720771,2.4528930771397404,74.22718292311575,8.681560968730262
PedNYC30,PedNYC30_scenario12,12,80.0,-1.876622676803678,62.42233123867016,7.793596163857793,68.72077122248142,2.408499749361579,75.04937993483972,8.309666156203713
PedNYC30,PedNYC30_scenario12,12,81.0,-1.8773877329191075,62.42610707962937,7.599817065706974,69.84951142685821,2.368308445556665,75.8430779257391,7.9555968864199125
PedNYC30,PedNYC30_scenario12,12,82.0,-1.875878050937364,62.42719082496676,7.418088788071918,70.92397965479006,2.328955323315088,76.6028567152043,7.62554418316535
PedNYC30,PedNYC30_scenario12,12,83.0,-1.872099548499909,62.423469058292014,7.256268102096123,71.94152703920359,2.2918853785983626,77.3374849981854,7.3322205449960505
PedNYC30,PedNYC30_scenario12,12,84.0,-1.8730290368312141,62.38204407989745,7.106978165380822,72.92436241600926,2.262278322869643,78.05150763926059,7.053987149430937
PedNYC30,PedNYC30_scenario12,12,85.0,-1.879351940991219,62.38098559015451,6.976313380543112,73.88928940631288,2.2405849283075856,78.73938537830341,6.778683862729684
PedNYC30,PedNYC30_scenario12,12,86.0,-1.8788860265011873,62.38910235947458,6.858324512875467,74.85306773481143,2.240607211049289,79.36257556513357,6.454376341004722
PedNYC30,PedNYC30_scenario12,12,87.0,-1.8795376408727422,62.391420605724925,6.7567167318224595,75.80843149969921,2.2458056181248423,79.92032240692816,6.103766534577876
PedNYC30,PedNYC30_scenario12,12,88.0,-1.8830320917953531,62.39278076052357,6.669678558726255,76.75140902973996,2.2558098990027897,80.42013712917431,5.739494961481208
PedNYC30,PedNYC30_scenario12,12,89.0,-1.8818549986672353,62.39590925625392,6.599063990511885,77.65058496740022,2.261968674024913,80.84642963737438,5.387375886170882
PedNYC30,PedNYC30_scenario12,12,90.0,-1.878226943280758,62.399610904950585,6.545440638130826,78.46904279593788,2.2657773512810104,81.21323884730525,5.0839089111775415
PedNYC30,PedNYC30_scenario12,12,91.0,-1.9028920464583294,62.45199015579267,6.5207992028116415,78.91267441281279,2.269287207500214,81.53530645185099,4.995353146521934
PedNYC30,PedNYC30_scenario12,12,92.0,-1.973884097093182,62.48736877448716,6.514204521186509,79.04100677480001,2.272877634208354,81.82192764078226,5.071723043015982
PedNYC30,PedNYC30_scenario12,12,93.0,-1.9938974495937831,62.48008627078857,6.5141821214620945,79.04137420654297,2.276270857982402,82.08157546392341,5.215622260335356
PedNYC30,PedNYC30_scenario12,12,94.0,-1.947033679087804,62.47030629199564,6.514181940076254,79.04140954597784,2.279591689071795,82.32097120609274,5.356050716376532
PedNYC30,PedNYC30_scenario12,12,95.0,-1.8736359395902482,62.39002456452264,6.514185285427498,79.04140167686695,2.2826748088406736,82.53645376779066,5.488266578049414
PedNYC30,PedNYC30_scenario12,12,96.0,-1.8905878412311214,62.27065491535523,6.514187545776824,79.04142944333013,2.285409157183181,82.72531480281403,5.608348955054101
PedNYC30,PedNYC30_scenario12,12,97.0,-1.9114721492187288,62.220857451330076,6.514189165628561,79.04143453452555,2.28793688764587,82.88645323736631,5.713613317538135
PedNYC30,PedNYC30_scenario12,12,98.0,-1.904314966248657,62.22677840970715,6.514190462785863,79.04144287109375,2.2904799665480953,83.02040692480422,5.80274808144806
PedNYC30,PedNYC30_scenario12,12,99.0,-1.907201719380686,62.27537877277178,6.514192171793417,79.04145597136065,2.29315418468445,83.12843682711289,5.87542119374452
PedNYC30,PedNYC30_scenario12,12,100.0,-1.8995909690856927,62.34346008300781,6.514194965362549,79.04142761230469,2.165416012207667,83.5742031733195,6.281554956373148
PedNYC31,PedNYC31_scenario12,12,0.0,-4.925636291503906,45.23327255249024,82.27021789550781,58.07774353027344,49.71087803038519,58.21886866836355,32.55964570994537
PedNYC31,PedNYC31_scenario12,12,1.0,-4.8584017886298385,45.56686748360889,81.24200157413321,58.0903508905824,48.81154167601853,58.22203667144088,32.430727255923586
PedNYC31,PedNYC31_scenario12,12,2.0,-4.818704267605587,45.49430608543798,80.1901560068199,58.11833805268987,47.899549641264926,58.226024529765546,32.29078592776219
PedNYC31,PedNYC31_scenario12,12,3.0,-4.963081341142956,45.46482019412103,79.11976688602846,58.15874523802188,46.97607816037263,58.23084442743293,32.143769585799475
PedNYC31,PedNYC31_scenario12,12,4.0,-4.927348574768513,45.54849937886758,77.9447124099952,58.18880160211506,46.03776523118833,58.235631171228775,31.90698154447887
PedNYC31,PedNYC31_scenario12,12,5.0,-4.964295848006203,45.50845325691005,76.566268366987,58.227901731195765,45.082804449089096,58.24113517646439,31.483466699104994
PedNYC31,PedNYC31_scenario12,12,6.0,-4.922783759929353,45.47513167328381,74.98444746554189,58.27780942390554,44.109915970367936,58.24688368349451,30.8745469836872
PedNYC31,PedNYC31_scenario12,12,7.0,-4.88051540771412,45.4643132659888,73.28569723904859,58.319949398418146,43.12826137257003,58.25136525943814,30.15751385351397
PedNYC31,PedNYC31_scenario12,12,8.0,-4.848250025634869,45.447744057926656,71.49503803731113,58.35953679044337,42.13297447199011,58.25438884094464,29.362251836418064
PedNYC31,PedNYC31_scenario12,12,9.0,-4.668229882865845,45.38448401398388,69.62256134393584,58.40694507232649,41.130803373103205,58.257312109930595,28.492150889182454
PedNYC31,PedNYC31_scenario12,12,10.0,-4.633409997141543,45.54482077236455,67.69594325015997,58.452759695816084,40.12522966015949,58.25923090649846,27.57139280584374
PedNYC31,PedNYC31_scenario12,12,11.0,-4.599162566327176,45.76361603253507,65.75911151607842,58.49071118040561,39.121588677301794,58.25954062733463,26.638525912875764
PedNYC31,PedNYC31_scenario12,12,12.0,-4.408720549853747,45.888829554147506,63.842682861693575,58.52092122774264,38.125927755410686,58.259449216380716,25.718084314529584
PedNYC31,PedNYC31_scenario12,12,13.0,-4.210141308650645,46.13142989179098,61.97510825156525,58.54178687248512,37.13569360768573,58.25963450963021,24.841017084782198
PedNYC31,PedNYC31_scenario12,12,14.0,-3.81374412023771,46.12529312336457,60.15830805581044,58.554997913268856,36.151444685682485,58.2599069510196,24.008676922062833
PedNYC31,PedNYC31_scenario12,12,15.0,-3.4826858668109164,46.31609838585167,58.3851494329336,58.563087593479715,35.17426298330261,58.259832307840426,23.212867413267404
PedNYC31,PedNYC31_scenario12,12,16.0,-3.164872384155871,46.24097739410912,56.666152780855754,58.569058045375115,34.20370264223071,58.259080896920025,22.464588846956016
PedNYC31,PedNYC31_scenario12,12,17.0,-3.10640414825993,46.45342615695364,54.99920067317049,58.572193306799285,33.23800375852567,58.257361878879074,21.763474216814593
PedNYC31,PedNYC31_scenario12,12,18.0,-3.00748961806994,46.47472372815289,53.377565474828636,58.58354420687968,32.27666453121885,58.25619740815301,21.103439922407652
PedNYC31,PedNYC31_scenario12,12,19.0,-3.0734314391850486,46.76815713616914,51.91386271961487,58.60247477326103,31.323291858409526,58.256235407089534,20.59348173789477
PedNYC31,PedNYC31_scenario12,12,20.0,-3.0372226013983754,47.354037438634144,50.6855777492123,58.62166854688077,30.381292288594086,58.25779612343453,20.307545671666404
PedNYC31,PedNYC31_scenario12,12,21.0,-3.078350399791355,48.0533891674704,49.65630932778043,58.64163839902711,29.45298717689417,58.26064287979181,20.206914250279997
PedNYC31,PedNYC31_scenario12,12,22.0,-3.279942316439939,48.79194314906775,48.79408681677072,58.65857003490576,28.540255768680023,58.2644675222773,20.25766494231413
PedNYC31,PedNYC31_scenario12,12,23.0,-3.3793797136636976,49.53233219401691,48.07133783649369,58.66978514603495,27.64435050663565,58.26898153921581,20.430919091059515
PedNYC31,PedNYC31_scenario12,12,24.0,-3.508794089666646,50.288305577732,47.461985655051144,58.67950852191162,26.769569517470867,58.273776281609734,20.696393508570836
PedNYC31,PedNYC31_scenario12,12,25.0,-3.7246882327119253,51.043868543417894,46.74796207006748,58.69087249594371,25.910904890378447,58.278248445782665,20.841142255557912
PedNYC31,PedNYC31_scenario12,12,26.0,-3.7711095620049155,51.92263802452266,45.65618689023433,58.70769836533238,25.06654373192686,58.282509185581844,20.594032903368262
PedNYC31,PedNYC31_scenario12,12,27.0,-3.9189035680426647,52.658591498037495,44.33772604230425,58.72582232928132,24.24631941777884,58.28643462840655,20.09621063045726
PedNYC31,PedNYC31_scenario12,12,28.0,-3.715396650234744,53.43812046350733,43.15902893815311,58.74099758857624,23.459697760336443,58.29018492964262,19.704488851699615
PedNYC31,PedNYC31_scenario12,12,29.0,-3.793901048105967,54.02852211994973,42.12820105622575,58.75520311720449,22.69636539711844,58.294249814217046,19.437302154107943
PedNYC31,PedNYC31_scenario12,12,30.0,-3.9546375904194933,54.67749580426132,41.1457941472852,58.76796699958116,21.94820042075727,58.29913889521508,19.203317543598242
PedNYC31,PedNYC31_scenario12,12,31.0,-4.07913431099483,55.10444702420916,40.16447826307647,58.77809358129696,21.21257410263812,58.30566005200966,18.957791663219513
PedNYC31,PedNYC31_scenario12,12,32.0,-4.00372412821469,55.48468913237867,39.175669996942474,58.785927207082075,20.4896373961614,58.31532623139423,18.69195761914122
PedNYC31,PedNYC31_scenario12,12,33.0,-3.985684484461834,56.21785919952064,38.166869689966624,58.79331522914451,19.778258904111915,58.32969461514236,18.39445434655184
PedNYC31,PedNYC31_scenario12,12,34.0,-4.023794657673268,57.0738057547903,37.104906560772285,58.79997663876214,19.075671899909,58.34948501642774,18.03486193898549
PedNYC31,PedNYC31_scenario12,12,35.0,-4.109660162614141,57.961181406434356,36.03247149257634,58.805405018094326,18.38269116014392,58.37548218212464,17.65501570172076
PedNYC31,PedNYC31_scenario12,12,36.0,-4.220783279341187,58.786641828422404,35.00097508488504,58.80824688402208,17.701631218148336,58.40755736482897,17.303983654360984
PedNYC31,PedNYC31_scenario12,12,37.0,-4.177051867569065,59.48138266940609,34.065702346454714,58.81013939140103,17.03871633797956,58.445889008465656,17.030881682234693
PedNYC31,PedNYC31_scenario12,12,38.0,-3.9121663145600327,60.06162822968057,33.21526377221301,58.81167122172501,16.398809604993367,58.491339672253964,16.819504839910874
PedNYC31,PedNYC31_scenario12,12,39.0,-3.869700605600652,60.64398661897456,32.43753249016806,58.8121986134911,15.781241712659979,58.544444111484935,16.658442752497766
PedNYC31,PedNYC31_scenario12,12,40.0,-3.7238221087765955,60.93011787255925,31.763823188126757,58.811625109032285,15.18908388533875,58.605672591525064,16.576018804129447
PedNYC31,PedNYC31_scenario12,12,41.0,-3.5873694472244053,61.12502129833806,31.19770889060872,58.80952220951288,14.626993050516601,58.67538543121522,16.571258736993155
PedNYC31,PedNYC31_scenario12,12,42.0,-3.5540785203926957,61.107294988567865,30.70118851078503,58.80533663879106,14.091708017778329,58.75338790901953,16.609561731668148
PedNYC31,PedNYC31_scenario12,12,43.0,-3.5346950814106504,60.97236711124334,30.177750303266237,58.7990201791493,13.578120184118934,58.84184317593058,16.59968535549863
PedNYC31,PedNYC31_scenario12,12,44.0,-3.2698172711025446,60.99955312361971,29.592902276593158,58.790284285475494,13.08102647081492,58.94398534653678,16.51259115468
PedNYC31,PedNYC31_scenario12,12,45.0,-2.7500904112057687,60.96215966424689,28.92770457720064,58.7793668050173,12.590194528284563,59.05914462151463,16.339905453368996
PedNYC31,PedNYC31_scenario12,12,46.0,-2.243238273432301,60.94559907963464,28.184819246693056,58.76610664175973,12.102360029568924,59.18350669773941,16.087874852732813
PedNYC31,PedNYC31_scenario12,12,47.0,-1.7806086504304832,60.83996002841382,27.383404576672707,58.75060251826218,11.617138373825192,59.318847407479296,15.776503168737145
PedNYC31,PedNYC31_scenario12,12,48.0,-1.6989416079559096,60.99515222701303,26.62763043862598,58.73439447918854,11.137621404805783,59.468064892645664,15.507374121475683
PedNYC31,PedNYC31_scenario12,12,49.0,-1.687717223653988,60.91991615987571,25.952923330365664,58.72013098270463,10.665328092731077,59.633570014663505,15.314860071670706
PedNYC31,PedNYC31_scenario12,12,50.0,-1.740314344594754,60.91573744529748,25.266088273677806,58.70823866648222,10.198990412960075,59.817600149339,15.10788273862658
PedNYC31,PedNYC31_scenario12,12,51.0,-1.774807457720937,60.93887582338583,24.503743234410035,58.69871174018477,9.736661193854992,60.02040141884621,14.82611127703969
PedNYC31,PedNYC31_scenario12,12,52.0,-1.7569259977996308,60.92802435476638,23.57082908149193,58.68209330779994,9.276195098326903,60.24455522155443,14.379772179857014
PedNYC31,PedNYC31_scenario12,12,53.0,-1.7471597362143734,60.93321840030042,22.51675345315847,58.66212209636845,8.821102246325811,60.490181581407334,13.81711487467834
PedNYC31,PedNYC31_scenario12,12,54.0,-1.7871675414471966,60.921279012973066,21.530782663004153,58.642314322930446,8.381659586023506,60.75932475157929,13.318452269261357
PedNYC31,PedNYC31_scenario12,12,55.0,-1.765906411137539,60.92538685753872,20.687029053107906,58.62402749973044,7.965156108921817,61.05219150542086,12.95152622846221
PedNYC31,PedNYC31_scenario12,12,56.0,-1.7949810271531763,60.92124874491087,19.94005561306682,58.60684600154639,7.571109398186001,61.36710007286979,12.67319348092153
PedNYC31,PedNYC31_scenario12,12,57.0,-1.78121016797112,60.92749712057268,19.183786878125336,58.588558076203746,7.200245381244778,61.70315768268934,12.381679914946055
PedNYC31,PedNYC31_scenario12,12,58.0,-1.7645729938760233,60.92837524414063,18.44641824795206,58.56988360889344,6.852723317309879,62.06001112542593,12.107631982615569
PedNYC31,PedNYC31_scenario12,12,59.0,-1.7523993206321706,60.93784901409801,17.730579799204087,58.55009337329106,6.523191860441074,62.4369783694124,11.86226872832528
PedNYC31,PedNYC31_scenario12,12,60.0,-1.7814209756943942,60.89810608724465,16.97520185311273,58.52737871822578,6.206691900134203,62.83217772179295,11.597072952625178
PedNYC31,PedNYC31_scenario12,12,61.0,-1.8382918862548336,60.86939003141582,16.17841778553524,58.50250388512132,5.902164369555165,63.2439183929818,11.31734932768234
PedNYC31,PedNYC31_scenario12,12,62.0,-2.029094230123884,60.86039427428986,15.448996656454806,58.47952882911594,5.610336659923215,63.67267545220533,11.125106847857946
PedNYC31,PedNYC31_scenario12,12,63.0,-2.02837461984103,60.741625413783666,14.719778735778458,58.45693266563231,5.323008303322117,64.1188609952821,10.970721351414257
PedNYC31,PedNYC31_scenario12,12,64.0,-1.9010268138596482,60.75224309553757,13.965500263506689,58.43778459827276,5.036584843289467,64.58369321574347,10.839636678214521
PedNYC31,PedNYC31_scenario12,12,65.0,-1.922657443481909,60.7853925196869,13.184534889182725,58.42327000532779,4.750447566142563,65.06863845799356,10.737539329117832
PedNYC31,PedNYC31_scenario12,12,66.0,-1.917379133232688,60.8066320381848,12.35853667796954,58.41074896420717,4.468189414784446,65.56657805099579,10.651923293611462
PedNYC31,PedNYC31_scenario12,12,67.0,-1.8340531708227445,60.81844099191124,11.509454590552066,58.40432345855668,4.197012734630596,66.06812201576122,10.592715148706802
PedNYC31,PedNYC31_scenario12,12,68.0,-1.7381865593669081,60.87509566165712,10.674973933669552,58.42525803011428,3.944866358070973,66.58073324633746,10.573841495954056
PedNYC31,PedNYC31_scenario12,12,69.0,-1.7504988359366371,60.836063139192305,9.83963157297467,58.535054728078585,3.715882901097408,67.12537958409787,10.54959615000789
PedNYC31,PedNYC31_scenario12,12,70.0,-1.7739600373762734,60.83155840361748,8.94194041755197,58.74981628277983,3.5107432505636527,67.69482272677698,10.46475240747971
PedNYC31,PedNYC31_scenario12,12,71.0,-1.7222515151174642,60.82907796310478,7.968917046557977,59.14546668609934,3.328472411742039,68.28497860698805,10.250092904986706
PedNYC31,PedNYC31_scenario12,12,72.0,-1.740695959391283,60.78898584174507,6.99017497201846,59.83770787205358,3.1623891388086274,68.9065016802853,9.843524039750395
PedNYC31,PedNYC31_scenario12,12,73.0,-1.7711397797644535,60.770832120224334,6.098037230690913,60.84253406415011,3.0108253256011794,69.56086106194198,9.24878927143193
PedNYC31,PedNYC31_scenario12,12,74.0,-1.8526651494969015,60.7269481619965,5.407520342948532,62.09485742383125,2.8731001237263833,70.24976074418016,8.539656551164091
PedNYC31,PedNYC31_scenario12,12,75.0,-1.903374149802174,60.77173950206826,5.026828849836476,63.44906027743995,2.7511154316043696,70.9700878986686,7.8577813688856155
PedNYC31,PedNYC31_scenario12,12,76.0,-2.0353437789249234,60.857221463408024,4.863761150575384,64.87469090169974,2.6485434314250207,71.73561803677298,7.209681733337613
PedNYC31,PedNYC31_scenario12,12,77.0,-2.057213224549602,60.828645830349274,4.756858379826375,66.3598999898987,2.5707857203909934,72.55377376160092,6.568332054038657
PedNYC31,PedNYC31_scenario12,12,78.0,-2.0430837988345183,60.74600408218185,4.648141060076969,67.7993355172912,2.5064543638527406,73.390750484684,5.987549017951182
PedNYC31,PedNYC31_scenario12,12,79.0,-2.1190370974329293,60.74213832841245,4.562420007911144,69.15801557668087,2.4528930771397404,74.22718292311575,5.490588443674455
PedNYC31,PedNYC31_scenario12,12,80.0,-2.000801286935417,60.65253292747849,4.540335648553496,70.4642554951363,2.408499749361579,75.04937993483972,5.056489931627375
PedNYC31,PedNYC31_scenario12,12,81.0,-1.9024189702650363,60.65872201476847,4.540488521363688,71.79059402323824,2.368308445556665,75.8430779257391,4.597933455560394
PedNYC31,PedNYC31_scenario12,12,82.0,-1.8973771449244523,60.64580591628436,4.550125386448162,73.17610135699752,2.328955323315088,76.6028567152043,4.083656294836459
PedNYC31,PedNYC31_scenario12,12,83.0,-1.8925870032887344,60.63409331195072,4.567889136207895,74.6125324688687,2.2918853785983626,77.3374849981854,3.550430874088699
PedNYC31,PedNYC31_scenario12,12,84.0,-1.8739166171817794,60.62330251344493,4.577249348523392,76.10075861459447,2.262278322869643,78.05150763926059,3.027294601926314
PedNYC31,PedNYC31_scenario12,12,85.0,-1.8894528684255847,60.66587521626385,4.606337843429794,77.6197247518515,2.2405849283075856,78.73938537830341,2.6173319953410377
PedNYC31,PedNYC31_scenario12,12,86.0,-1.8771144745321389,60.6878965942788,4.63337419739276,78.57303221582356,2.240607211049289,79.36257556513357,2.5196651665201233
PedNYC31,PedNYC31_scenario12,12,87.0,-1.894897955219311,60.64387287419224,4.633389949798584,78.57373046875,2.2458056181248423,79.92032240692816,2.7411437008701993
PedNYC31,PedNYC31_scenario12,12,88.0,-1.8971971499926785,60.63466690509431,4.633390426635742,78.57373046875,2.2558098990027897,80.42013712917431,3.0103333239092698
PedNYC31,PedNYC31_scenario12,12,89.0,-1.8812514601863013,60.63829069504441,4.633390426635742,78.57373046875,2.261968674024913,80.84642963737438,3.284631279127352
PedNYC31,PedNYC31_scenario12,12,90.0,-1.8928772317640186,60.665426798818025,4.633390426635742,78.57373046875,2.2657773512810104,81.21323884730525,3.545785689385929
PedNYC31,PedNYC31_scenario12,12,91.0,-1.9184757500138787,60.670472138387396,4.633390426635742,78.57373046875,2.269287207500214,81.53530645185099,3.789448025030497
PedNYC31,PedNYC31_scenario12,12,92.0,-1.8527717965618402,60.65333035567584,4.633390426635742,78.57373046875,2.272877634208354,81.82192764078226,4.0153213459960755
PedNYC31,PedNYC31_scenario12,12,93.0,-1.9210618599154232,60.70004014728101,4.633390426635742,78.57373046875,2.276270857982402,82.08157546392341,4.226226351142551
PedNYC31,PedNYC31_scenario12,12,94.0,-1.9254651033205583,60.717064222248275,4.633390426635742,78.57373046875,2.279591689071795,82.32097120609274,4.425175888092875
PedNYC31,PedNYC31_scenario12,12,95.0,-1.903100056967979,60.6930328332865,4.633390426635742,78.57373046875,2.2826748088406736,82.53645376779066,4.607498221432684
PedNYC31,PedNYC31_scenario12,12,96.0,-1.9048620786721788,60.693479337780495,4.633390426635742,78.57373046875,2.285409157183181,82.72531480281403,4.76955642848954
PedNYC31,PedNYC31_scenario12,12,97.0,-1.865481479736087,60.71079047799647,4.633390426635742,78.57373046875,2.28793688764587,82.88645323736631,4.90924943168522
PedNYC31,PedNYC31_scenario12,12,98.0,-1.8522199500754406,60.73968151253714,4.633390426635742,78.57373046875,2.2904799665480953,83.02040692480422,5.026147722542089
PedNYC31,PedNYC31_scenario12,12,99.0,-1.826407745725392,60.77549526053416,4.633390426635742,78.57373046875,2.29315418468445,83.12843682711289,5.120747570331276
PedNYC31,PedNYC31_scenario12,12,100.0,,,,,2.165416012207667,83.5742031733195,
PedNYC3,PedNYC3_scenario12,12,0.0,-4.746885299682617,45.604488372802734,32.24913024902344,58.626930236816406,49.71087803038519,58.21886866836355,17.466515102433576
PedNYC3,PedNYC3_scenario12,12,1.0,-4.734149308691143,45.65145706275694,31.63583183385259,58.635077483982386,48.81154167601853,58.22203667144088,17.180675519172723
PedNYC3,PedNYC3_scenario12,12,2.0,-4.73348089807436,45.71706719558415,31.020435684784466,58.643421482665225,47.899549641264926,58.226024529765546,16.88427399008152
PedNYC3,PedNYC3_scenario12,12,3.0,-4.751626795208163,45.80198214328014,30.403167400211288,58.65166752318657,46.97607816037263,58.23084442743293,16.578252716803156
PedNYC3,PedNYC3_scenario12,12,4.0,-4.775706036313055,45.893782212923426,29.78395412355424,58.659656696217446,46.03776523118833,58.235631171228775,16.259341104992274
PedNYC3,PedNYC3_scenario12,12,5.0,-4.793495797201793,46.00201090532154,29.16306899726887,58.667215536026276,45.082804449089096,58.24113517646439,15.92543629947846
PedNYC3,PedNYC3_scenario12,12,6.0,-4.7988511795163316,46.10608310338062,28.540064906527967,58.673785640077405,44.109915970367936,58.24688368349451,15.575702469894992
PedNYC3,PedNYC3_scenario12,12,7.0,-4.789436731694702,46.21461378706244,27.91544926042038,58.67918786048143,43.12826137257003,58.25136525943814,15.218826647857268
PedNYC3,PedNYC3_scenario12,12,8.0,-4.753773766008661,46.331014522447845,27.28891866904541,58.683523411843645,42.13297447199011,58.25438884094464,14.850257545270953
PedNYC3,PedNYC3_scenario12,12,9.0,-4.71150119048323,46.45250373233622,26.660811517137592,58.68679105875313,41.130803373103205,58.257312109930595,14.47636406281608
PedNYC3,PedNYC3_scenario12,12,10.0,-4.686811293443767,46.57202076269838,26.031194209619144,58.688980240659596,40.12522966015949,58.25923090649846,14.100585795324248
PedNYC3,PedNYC3_scenario12,12,11.0,-4.672269058074319,46.69879773480888,25.399800403527554,58.6899948770386,39.121588677301794,58.25954062733463,13.728538315908816
PedNYC3,PedNYC3_scenario12,12,12.0,-4.665481838108628,46.83219296842465,24.767090967234328,58.68992252502808,38.125927755410686,58.259449216380716,13.365770744801507
PedNYC3,PedNYC3_scenario12,12,13.0,-4.6705257080460765,46.96835346163024,24.132896234463438,58.68868910589495,37.13569360768573,58.25963450963021,13.00987422597361
PedNYC3,PedNYC3_scenario12,12,14.0,-4.665339743597255,47.11644327123023,23.49780348035224,58.686324746730605,36.151444685682485,58.2599069510196,12.660824139436205
PedNYC3,PedNYC3_scenario12,12,15.0,-4.645535756393652,47.25146075758696,22.86141322902852,58.68280684989287,35.17426298330261,58.259832307840426,12.320112683516818
PedNYC3,PedNYC3_scenario12,12,16.0,-4.616950010333903,47.38077133129574,22.22418944461385,58.678128467922804,34.20370264223071,58.259080896920025,11.986840172399056
PedNYC3,PedNYC3_scenario12,12,17.0,-4.580858403917818,47.51463293503749,21.585778765585314,58.67230880490262,33.23800375852567,58.257361878879074,11.659610981397291
PedNYC3,PedNYC3_scenario12,12,18.0,-4.55000437052625,47.65859061349843,20.946732983389595,58.665295521968886,32.27666453121885,58.25619740815301,11.337314944254848
PedNYC3,PedNYC3_scenario12,12,19.0,-4.539575971343617,47.79964803969971,20.307107071998256,58.657126632044466,31.323291858409526,58.256235407089534,11.023476811904898
PedNYC3,PedNYC3_scenario12,12,20.0,-4.546900307608526,47.96598033164181,19.66775095169153,58.647819176824754,30.381292288594086,58.25779612343453,10.72063831866814
PedNYC3,PedNYC3_scenario12,12,21.0,-4.5628126187951095,48.122968733915286,19.029017328430225,58.6373307430072,29.45298717689417,58.26064287979181,10.430773755957858
PedNYC3,PedNYC3_scenario12,12,22.0,-4.5825358394249385,48.29094956573047,18.391272384443617,58.62574513995646,28.540255768680023,58.2644675222773,10.155411623885197
PedNYC3,PedNYC3_scenario12,12,23.0,-4.5893775096189815,48.457568819769165,17.75549455428895,58.613249403281955,27.64435050663565,58.26898153921581,9.894846760232895
PedNYC3,PedNYC3_scenario12,12,24.0,-4.580309683099185,48.61001830405727,17.122766529343043,58.60025465716315,26.769569517470867,58.273776281609734,9.652325938417947
PedNYC3,PedNYC3_scenario12,12,25.0,-4.562776791586332,48.764671584158926,16.49471226864483,58.58683190025636,25.910904890378447,58.278248445782665,9.421247647629562
PedNYC3,PedNYC3_scenario12,12,26.0,-4.540897267132426,48.9266716745246,15.874842438670331,58.57297366658517,25.06654373192686,58.282509185581844,9.196289593046659
PedNYC3,PedNYC3_scenario12,12,27.0,-4.533703612267016,49.0553196264745,15.26720283644144,58.558817852142354,24.24631941777884,58.28643462840655,8.983247029989819
PedNYC3,PedNYC3_scenario12,12,28.0,-4.5462719796711415,49.194459190169944,14.67345432178126,58.54443087901983,23.459697760336443,58.29018492964262,8.78992120353355
PedNYC3,PedNYC3_scenario12,12,29.0,-4.56252032675153,49.3126588456475,14.095635498696748,58.52987257794831,22.69636539711844,58.294249814217046,8.603956814884254
PedNYC3,PedNYC3_scenario12,12,30.0,-4.577812013932829,49.415311601375606,13.5331920128542,58.515733535526124,21.94820042075727,58.29913889521508,8.417795420612862
PedNYC3,PedNYC3_scenario12,12,31.0,-4.606318008330911,49.60425138969963,12.999724073796669,58.50379120771599,21.21257410263812,58.30566005200966,8.215239591825824
PedNYC3,PedNYC3_scenario12,12,32.0,-4.613766622421726,49.796681433350614,12.50902202348626,58.49720199873822,20.4896373961614,58.31532623139423,7.982687550025099
PedNYC3,PedNYC3_scenario12,12,33.0,-4.6112034082963005,49.95013313927007,12.058914903266547,58.4968517945247,19.778258904111915,58.32969461514236,7.721153626629017
PedNYC3,PedNYC3_scenario12,12,34.0,-4.598928354397385,50.09550400541652,11.645768635291256,58.502833020073915,19.075671899909,58.34948501642774,7.431485593863429
PedNYC3,PedNYC3_scenario12,12,35.0,-4.579976359597291,50.23400392602562,11.269794940723358,58.51605916729288,18.38269116014392,58.37548218212464,7.1142852428762176
PedNYC3,PedNYC3_scenario12,12,36.0,-4.573875808949741,50.41529749577244,10.932758400763584,58.53630600098986,17.701631218148336,58.40755736482897,6.7700971506503125
PedNYC3,PedNYC3_scenario12,12,37.0,-4.579915418188658,50.565652586854725,10.635112852106385,58.56240777575561,17.03871633797956,58.445889008465656,6.404663474954626
PedNYC3,PedNYC3_scenario12,12,38.0,-4.589293673440718,50.69347952074265,10.37336963476877,58.59317335875621,16.398809604993367,58.491339672253964,6.02630043513322
PedNYC3,PedNYC3_scenario12,12,39.0,-4.6031425915300535,50.87970129483364,10.13927561836185,58.62895847418749,15.781241712659979,58.544444111484935,5.642599054222504
PedNYC3,PedNYC3_scenario12,12,40.0,-4.5860585778612455,51.04200142002936,9.915361756593143,58.67142411010443,15.18908388533875,58.605672591525064,5.274131999999298
PedNYC3,PedNYC3_scenario12,12,41.0,-4.554920534871581,51.18040045730308,9.700100923277839,58.72038501432967,14.626993050516601,58.67538543121522,4.927097623949395
PedNYC3,PedNYC3_scenario12,12,42.0,-4.515326503290395,51.31947028234741,9.49329778903651,58.775561417862214,14.091708017778329,58.75338790901953,4.598463688699932
PedNYC3,PedNYC3_scenario12,12,43.0,-4.476975687689821,51.45337204215618,9.293335013407617,58.8376205000641,13.578120184118934,58.84184317593058,4.284787251444239
PedNYC3,PedNYC3_scenario12,12,44.0,-4.444634122251614,51.62485167029145,9.096753944256273,58.90737930990443,13.08102647081492,58.94398534653678,3.984440684438402
PedNYC3,PedNYC3_scenario12,12,45.0,-4.43626425193235,51.78071731049355,8.901444281604595,58.985992296763214,12.590194528284563,59.05914462151463,3.6894755243798625
PedNYC3,PedNYC3_scenario12,12,46.0,-4.439309503282937,51.92742210866303,8.705236911592472,59.07493894923102,12.102360029568924,59.18350669773941,3.398857519035806
PedNYC3,PedNYC3_scenario12,12,47.0,-4.456598370347111,52.091981731686644,8.50658241788644,59.17537635256117,11.617138373825192,59.318847407479296,3.113862922259964
PedNYC3,PedNYC3_scenario12,12,48.0,-4.470118655140958,52.22839416316194,8.304231809479925,59.29006732837574,11.137621404805783,59.468064892645664,2.838975119966157
PedNYC3,PedNYC3_scenario12,12,49.0,-4.478488413685979,52.37646355126768,8.098211744596567,59.41930530608255,10.665328092731077,59.633570014663505,2.576042645260894
PedNYC3,PedNYC3_scenario12,12,50.0,-4.480767405628612,52.519530840106526,7.888649477694255,59.56562535834903,10.198990412960075,59.817600149339,2.324040991992048
PedNYC3,PedNYC3_scenario12,12,51.0,-4.481556883409328,52.66904129388956,7.6767165899061665,59.72982314018114,9.736661193854992,60.02040141884621,2.080338315603941
PedNYC3,PedNYC3_scenario12,12,52.0,-4.491318444661705,52.819513326478514,7.46301358909952,59.91410374877765,9.276195098326903,60.24455522155443,1.8430478456254014
PedNYC3,PedNYC3_scenario12,12,53.0,-4.523459726643059,52.95756314315528,7.248250827852499,60.118935985445724,8.821102246325811,60.490181581407334,1.6160708143872906
PedNYC3,PedNYC3_scenario12,12,54.0,-4.555795726717694,53.08274337771269,7.0333224203441524,60.34676271045428,8.381659586023506,60.75932475157929,1.410042747624862
PedNYC3,PedNYC3_scenario12,12,55.0,-4.580348054245828,53.2135051052332,6.819905788216288,60.59717351175015,7.965156108921817,61.05219150542086,1.2323309911059743
PedNYC3,PedNYC3_scenario12,12,56.0,-4.6042694889615,53.34569797573191,6.6102562393330215,60.87234511816048,7.571109398186001,61.36710007286979,1.0807503218075667
PedNYC3,PedNYC3_scenario12,12,57.0,-4.612096825310413,53.48126808954039,6.4064280339076625,61.17209863714792,7.200245381244778,61.70315768268934,0.9550757513332107
PedNYC3,PedNYC3_scenario12,12,58.0,-4.5953562677383495,53.60931355271744,6.210680737345869,61.49848938236358,6.852723317309879,62.06001112542593,0.8529509613211198
PedNYC3,PedNYC3_scenario12,12,59.0,-4.548971064307871,53.73224943032189,6.022071862436546,61.84968026635532,6.523191860441074,62.4369783694124,0.7720364721012231
PedNYC3,PedNYC3_scenario12,12,60.0,-4.471210554590843,53.867288906013904,5.84278527525727,62.22631213298929,6.206691900134203,62.83217772179295,0.7067539482208258
PedNYC3,PedNYC3_scenario12,12,61.0,-4.403967085482147,54.00686769573475,5.675334160299576,62.62798889347158,5.902164369555165,63.2439183929818,0.6563696307705281
PedNYC3,PedNYC3_scenario12,12,62.0,-4.366971987556728,54.139704514657126,5.522283027676371,63.05444267524169,5.610336659923215,63.67267545220533,0.6244719438566009
PedNYC3,PedNYC3_scenario12,12,63.0,-4.345233142128362,54.27233603970597,5.385069159087028,63.505001058932294,5.323008303322117,64.1188609952821,0.6169891176298556
PedNYC3,PedNYC3_scenario12,12,64.0,-4.331970015983961,54.412904318660516,5.2646548826375,63.97765562047005,5.036584843289467,64.58369321574347,0.647531860013849
PedNYC3,PedNYC3_scenario12,12,65.0,-4.323846698994011,54.555496570535375,5.163718751005458,64.47263726627125,4.750447566142563,65.06863845799356,0.7252658083574551
PedNYC3,PedNYC3_scenario12,12,66.0,-4.313161989243661,54.69094414796595,5.083018062004813,64.98830711498015,4.468189414784446,65.56657805099579,0.8440447505216967
PedNYC3,PedNYC3_scenario12,12,67.0,-4.28986535635475,54.83880556836365,5.023271456843279,65.52334864494277,4.197012734630596,66.06812201576122,0.9896875777665538
PedNYC3,PedNYC3_scenario12,12,68.0,-4.26489725081632,54.948488232197235,4.9855926372047055,66.07651944997974,3.944866358070973,66.58073324633746,1.156435359420061
PedNYC3,PedNYC3_scenario12,12,69.0,-4.222966433144784,55.06518960707377,4.9714307702194,66.6465641998691,3.715882901097408,67.12537958409787,1.3437502088673017
PedNYC3,PedNYC3_scenario12,12,70.0,-4.18493016662975,55.17394557948975,4.981064029363858,67.23233561968243,3.5107432505636527,67.69482272677698,1.5413427642157744
PedNYC3,PedNYC3_scenario12,12,71.0,-4.1598022223302475,55.25391318450866,5.013231924459331,67.83262989950296,3.328472411742039,68.28497860698805,1.744429410682712
PedNYC3,PedNYC3_scenario12,12,72.0,-4.127784227306219,55.37379056123382,5.0673897559861905,68.44648912292038,3.1623891388086274,68.9065016802853,1.959754807209389
PedNYC3,PedNYC3_scenario12,12,73.0,-4.101619429190358,55.48814419706006,5.14199229813421,69.07344908004154,3.0108253256011794,69.56086106194198,2.186193748256479
PedNYC3,PedNYC3_scenario12,12,74.0,-4.094371241310029,55.52058097999574,5.234568070793354,69.7131244742069,2.8731001237263833,70.24976074418016,2.421674906191068
PedNYC3,PedNYC3_scenario12,12,75.0,-4.077693886003862,55.671603754354614,5.336357723483949,70.36576258021316,2.7511154316043696,70.9700878986686,2.6549363077575037
PedNYC3,PedNYC3_scenario12,12,76.0,-4.058022211150854,55.84504670880088,5.438203339321995,71.03157660341145,2.6485434314250207,71.73561803677298,2.8771299486845403
PedNYC3,PedNYC3_scenario12,12,77.0,-4.036782279396793,55.99087228417271,5.53409662977097,71.71033619111796,2.5707857203909934,72.55377376160092,3.081006082589352
PedNYC3,PedNYC3_scenario12,12,78.0,-3.993302235152704,56.15194709443355,5.62192298151468,72.40053972200411,2.5064543638527406,73.390750484684,3.2690460477276075
PedNYC3,PedNYC3_scenario12,12,79.0,-3.9344978762343183,56.29995513965286,5.697794601208067,73.10209354896485,2.4528930771397404,74.22718292311575,3.434415816514975
PedNYC3,PedNYC3_scenario12,12,80.0,-3.8760302982042245,56.43186706520794,5.761390297477344,73.81414684981299,2.408499749361579,75.04937993483972,3.5731884643814547
PedNYC3,PedNYC3_scenario12,12,81.0,-3.8158907500840713,56.587155281831066,5.812689104286519,74.53643744752085,2.368308445556665,75.8430779257391,3.6838929763974817
PedNYC3,PedNYC3_scenario12,12,82.0,-3.7709537772663797,56.730699392646834,5.852665697314243,75.26887804331078,2.328955323315088,76.6028567152043,3.767762452291288
PedNYC3,PedNYC3_scenario12,12,83.0,-3.7446612360087363,56.88053824508733,5.882192719688669,76.01070619788159,2.2918853785983626,77.3374849981854,3.8276165937071824
PedNYC3,PedNYC3_scenario12,12,84.0,-3.72382475378576,57.033818344083556,5.905316510027902,76.76173986410929,2.262278322869643,78.05150763926059,3.8646122893392656
PedNYC3,PedNYC3_scenario12,12,85.0,-3.696203280002175,57.185278150075945,5.926300271786034,77.52202594734901,2.2405849283075856,78.73938537830341,3.8815540157630277
PedNYC3,PedNYC3_scenario12,12,86.0,-3.6585450217856863,57.35959094522792,5.945437789536341,78.28784029802824,2.240607211049289,79.36257556513357,3.857567304617336
PedNYC3,PedNYC3_scenario12,12,87.0,-3.6168557234747754,57.514604506231414,5.962098343996896,79.04883913665061,2.2458056181248423,79.92032240692816,3.8171081612581
PedNYC3,PedNYC3_scenario12,12,88.0,-3.576638352893745,57.671339261189445,5.976603214631015,79.7956407155833,2.2558098990027897,80.42013712917431,3.7728369522431935
PedNYC3,PedNYC3_scenario12,12,89.0,-3.548518273577442,57.81818096190514,5.98926246112825,80.52450744990652,2.261968674024913,80.84642963737438,3.7411699868040253
PedNYC3,PedNYC3_scenario12,12,90.0,-3.5235595945212563,57.9594492483189,5.999996042046255,81.21937266013752,2.2657773512810104,81.21323884730525,3.7342237284501794
PedNYC3,PedNYC3_scenario12,12,91.0,-3.5059263086569157,58.09616738199188,6.008656211224719,81.85857117974909,2.269287207500214,81.53530645185099,3.7533159513047436
PedNYC3,PedNYC3_scenario12,12,92.0,-3.4937170925311083,58.231144316483885,6.015304067275529,82.43885596377119,2.272877634208354,81.82192764078226,3.792935032745199
PedNYC3,PedNYC3_scenario12,12,93.0,-3.4731944339328336,58.37218680238709,6.0202000994004745,82.96010270219983,2.276270857982402,82.08157546392341,3.845623001951556
PedNYC3,PedNYC3_scenario12,12,94.0,-3.449535126269725,58.50791024968717,6.023760699529236,83.42547198606935,2.279591689071795,82.32097120609274,3.903680769714502
PedNYC3,PedNYC3_scenario12,12,95.0,-3.4245501116583466,58.637225968045456,6.026250956113984,83.83508895303972,2.2826748088406736,82.53645376779066,3.962425483816765
PedNYC3,PedNYC3_scenario12,12,96.0,-3.394739196383277,58.765344732084216,6.0278990642096275,84.18871487090719,2.285409157183181,82.72531480281403,4.018428855098706
PedNYC3,PedNYC3_scenario12,12,97.0,-3.3670945498203673,58.885108234001585,6.028938159224251,84.48805977807167,2.28793688764587,82.88645323736631,4.069426744049002
PedNYC3,PedNYC3_scenario12,12,98.0,-3.34876589344042,59.01135740136311,6.029548784750862,84.73374777323738,2.2904799665480953,83.02040692480422,4.112927484185188
PedNYC3,PedNYC3_scenario12,12,99.0,-3.3407951340972684,59.13141036937942,6.029871439175664,84.92565462708268,2.29315418468445,83.12843682711289,4.14645000699883
PedNYC3,PedNYC3_scenario12,12,100.0,-3.3405134677886963,59.24818801879883,6.030025482177734,85.06723022460938,2.165416012207667,83.5742031733195,4.14298637835869
PedNYC4,PedNYC4_scenario12,12,0.0,-4.842096328735352,45.48109436035156,35.52922058105469,58.489742279052734,49.71087803038519,58.21886866836355,14.184244094174321
PedNYC4,PedNYC4_scenario12,12,1.0,-4.825684307194667,45.52747345622227,34.73931104229458,58.50071356777901,48.81154167601853,58.22203667144088,14.074989727217257
PedNYC4,PedNYC4_scenario12,12,2.0,-4.814163735979846,45.58770277551838,33.9615330212739,58.510350613189786,47.899549641264926,58.226024529765546,13.940916347961542
PedNYC4,PedNYC4_scenario12,12,3.0,-4.808230561780563,45.65638104385547,33.199619214503095,58.51867661571872,46.97607816037263,58.23084442743293,13.779465463356775
PedNYC4,PedNYC4_scenario12,12,4.0,-4.805074647314734,45.72718108511935,32.45547219666472,58.52595383152943,46.03776523118833,58.235631171228775,13.585395515874854
PedNYC4,PedNYC4_scenario12,12,5.0,-4.800705836002032,45.79644724211169,31.729818009773762,58.532289574813696,45.082804449089096,58.24113517646439,13.356160291499101
PedNYC4,PedNYC4_scenario12,12,6.0,-4.7935425530072235,45.87131099707205,31.022843205829364,58.537710843025856,44.109915970367936,58.24688368349451,13.090303815460064
PedNYC4,PedNYC4_scenario12,12,7.0,-4.779352330212966,45.948776739631924,30.334075285392917,58.5423038537946,43.12826137257003,58.25136525943814,12.797493617853558
PedNYC4,PedNYC4_scenario12,12,8.0,-4.7520298054950265,46.02250688711478,29.66388454963446,58.546129709417116,42.13297447199011,58.25438884094464,12.472502404334437
PedNYC4,PedNYC4_scenario12,12,9.0,-4.710100340232807,46.09306915147796,29.010891871631475,58.54925202703595,41.130803373103205,58.257312109930595,12.123427061631798
PedNYC4,PedNYC4_scenario12,12,10.0,-4.661695278841053,46.15804771404451,28.37511488479006,58.55173014768099,40.12522966015949,58.25923090649846,11.753754848577
PedNYC4,PedNYC4_scenario12,12,11.0,-4.615060254151923,46.22797364919068,27.75622481235704,58.55362666763829,39.121588677301794,58.25954062733463,11.369168060227338
PedNYC4,PedNYC4_scenario12,12,12.0,-4.579178350537985,46.304560248930514,27.153705755397826,58.55507689863334,38.125927755410686,58.259449216380716,10.97620386764387
PedNYC4,PedNYC4_scenario12,12,13.0,-4.558287715024038,46.37680540038968,26.566627423483986,58.55617936613025,37.13569360768573,58.25963450963021,10.573225565453216
PedNYC4,PedNYC4_scenario12,12,14.0,-4.563314788997052,46.481625372071164,25.995593346958422,58.55692378657066,36.151444685682485,58.2599069510196,10.160193670145471
PedNYC4,PedNYC4_scenario12,12,15.0,-4.578465408897254,46.567148069608365,25.43956285571543,58.55733009779341,35.17426298330261,58.259832307840426,9.739244914728904
PedNYC4,PedNYC4_scenario12,12,16.0,-4.594192531750379,46.66630909306298,24.898132949437844,58.55742971511375,34.20370264223071,58.259080896920025,9.310351192341924
PedNYC4,PedNYC4_scenario12,12,17.0,-4.599392060126944,46.76075747791762,24.370805753794215,58.55725339236402,33.23800375852567,58.257361878879074,8.872267769571307
PedNYC4,PedNYC4_scenario12,12,18.0,-4.580511592231946,46.88980985471071,23.857500146007858,58.55680018733872,32.27666453121885,58.25619740815301,8.424529124886407
PedNYC4,PedNYC4_scenario12,12,19.0,-4.5514178690168015,47.00622312963065,23.35785857888954,58.556109952766676,31.323291858409526,58.256235407089534,7.971075967121978
PedNYC4,PedNYC4_scenario12,12,20.0,-4.513000207708528,47.11198735882541,22.87114957649858,58.55520446618225,30.381292288594086,58.25779612343453,7.516029222826184
PedNYC4,PedNYC4_scenario12,12,21.0,-4.4754702610327834,47.20431983538377,22.397193815524258,58.55409086898713,29.45298717689417,58.26064287979181,7.061892924755691
PedNYC4,PedNYC4_scenario12,12,22.0,-4.438536956350684,47.32041827510218,21.935873621893407,58.5527998762438,28.540255768680023,58.2644675222773,6.610673119065686
PedNYC4,PedNYC4_scenario12,12,23.0,-4.420461390117944,47.40256550256328,21.48483025440636,58.55132410953606,27.64435050663565,58.26898153921581,6.165987922842357
PedNYC4,PedNYC4_scenario12,12,24.0,-4.404936774193068,47.530942058527444,21.037792231173817,58.54966011586071,26.769569517470867,58.273776281609734,5.738412912096148
PedNYC4,PedNYC4_scenario12,12,25.0,-4.3972809138797215,47.60917101257138,20.588887058527007,58.54779738245836,25.910904890378447,58.278248445782665,5.328839501411888
PedNYC4,PedNYC4_scenario12,12,26.0,-4.401306811711245,47.73766753516702,20.1343875248808,58.54570551293578,25.06654373192686,58.282509185581844,4.9391737322588245
PedNYC4,PedNYC4_scenario12,12,27.0,-4.40820727382258,47.870608823879365,19.670967576330266,58.543351945033116,24.24631941777884,58.28643462840655,4.582559435580671
PedNYC4,PedNYC4_scenario12,12,28.0,-4.40869319811536,47.9606213741766,19.19781091557864,58.540744124269466,23.459697760336443,58.29018492964262,4.269245763308981
PedNYC4,PedNYC4_scenario12,12,29.0,-4.398217869900533,48.08145749777631,18.71389236904687,58.53786005757404,22.69636539711844,58.294249814217046,3.989916962793336
PedNYC4,PedNYC4_scenario12,12,30.0,-4.374403440732844,48.200776738946985,18.21938910370662,58.53467842446145,21.94820042075727,58.29913889521508,3.7362431275283194
PedNYC4,PedNYC4_scenario12,12,31.0,-4.337847909454186,48.325606484427716,17.714109880729254,58.531057969517796,21.21257410263812,58.30566005200966,3.5057176345497947
PedNYC4,PedNYC4_scenario12,12,32.0,-4.313054520716094,48.42593640647731,17.198561488856054,58.526526688437045,20.4896373961614,58.31532623139423,3.2978456999533488
PedNYC4,PedNYC4_scenario12,12,33.0,-4.296751248655596,48.535015810286396,16.676277339378284,58.521310229075304,19.778258904111915,58.32969461514236,3.1078941699244207
PedNYC4,PedNYC4_scenario12,12,34.0,-4.288421589545881,48.64032748632485,16.155972682658266,58.51649046001623,19.075671899909,58.34948501642774,2.9244716338858097
PedNYC4,PedNYC4_scenario12,12,35.0,-4.285737336765138,48.677804249823026,15.643480240901983,58.51338752362188,18.38269116014392,58.37548218212464,2.7426801387160937
PedNYC4,PedNYC4_scenario12,12,36.0,-4.292231309699486,48.78730582268184,15.141543251871418,58.5121050007833,17.701631218148336,58.40755736482897,2.5622218099258154
PedNYC4,PedNYC4_scenario12,12,37.0,-4.303678915270983,48.96009162058295,14.6515111619156,58.51421886924984,17.03871633797956,58.445889008465656,2.388182891342569
PedNYC4,PedNYC4_scenario12,12,38.0,-4.302941308485879,49.10300340538257,14.173750113705992,58.521717696656594,16.398809604993367,58.491339672253964,2.225266852342577
PedNYC4,PedNYC4_scenario12,12,39.0,-4.29190125974282,49.23255247957716,13.708503987664619,58.53574095458247,15.781241712659979,58.544444111484935,2.072755996628404
PedNYC4,PedNYC4_scenario12,12,40.0,-4.281240647064205,49.31969635011468,13.255725152735673,58.557798759853746,15.18908388533875,58.605672591525064,1.933951367716228
PedNYC4,PedNYC4_scenario12,12,41.0,-4.254850940739262,49.437485890008425,12.815645445048279,58.58797177929673,14.626993050516601,58.67538543121522,1.8134556223899032
PedNYC4,PedNYC4_scenario12,12,42.0,-4.2287923223052815,49.547062760279864,12.388696389550885,58.62803287253928,14.091708017778329,58.75338790901953,1.7076189537039148
PedNYC4,PedNYC4_scenario12,12,43.0,-4.208912380828247,49.666268553770124,11.97467636176032,58.67805005110726,13.578120184118934,58.84184317593058,1.611787913839593
PedNYC4,PedNYC4_scenario12,12,44.0,-4.198692984969364,49.79011007991818,11.573425467716728,58.73825124602413,13.08102647081492,58.94398534653678,1.5215739563545465
PedNYC4,PedNYC4_scenario12,12,45.0,-4.197816084445558,49.90992124128159,11.184869001787723,58.807936420903665,12.590194528284563,59.05914462151463,1.427601273282502
PedNYC4,PedNYC4_scenario12,12,46.0,-4.2058221395867985,50.025346037074996,10.809361030347743,58.886982937584094,12.102360029568924,59.18350669773941,1.3265642661867627
PedNYC4,PedNYC4_scenario12,12,47.0,-4.215268514155938,50.14936320753029,10.447130645980732,58.97584342343731,11.617138373825192,59.318847407479296,1.2192496939857853
PedNYC4,PedNYC4_scenario12,12,48.0,-4.217793583148223,50.272845925526,10.097260112474242,59.072727190816174,11.137621404805783,59.468064892645664,1.1129436270852073
PedNYC4,PedNYC4_scenario12,12,49.0,-4.211137107929597,50.3914136834661,9.759226028049136,59.176390711953196,10.665328092731077,59.633570014663505,1.0149058411732388
PedNYC4,PedNYC4_scenario12,12,50.0,-4.194964387818872,50.518923365862534,9.433734962216121,59.28722850394614,10.198990412960075,59.817600149339,0.9310800111322675
PedNYC4,PedNYC4_scenario12,12,51.0,-4.161154942796934,50.64661892015558,9.120228872356767,59.40566027289628,9.736661193854992,60.02040141884621,0.870571928970565
PedNYC4,PedNYC4_scenario12,12,52.0,-4.122454365487297,50.776015310808845,8.81054617888107,59.534868075412724,9.276195098326903,60.24455522155443,0.8488137378599783
PedNYC4,PedNYC4_scenario12,12,53.0,-4.098120348904228,50.90544185093065,8.502793064662793,59.67980387460046,8.821102246325811,60.490181581407334,0.8706507697237452
PedNYC4,PedNYC4_scenario12,12,54.0,-4.088521012863486,51.03284099768988,8.197613640585947,59.84015341511893,8.381659586023506,60.75932475157929,0.9374160526694323
PedNYC4,PedNYC4_scenario12,12,55.0,-4.09078130787997,51.16671569250681,7.894074119340327,60.015908501431696,7.965156108921817,61.05219150542086,1.0387180144773
PedNYC4,PedNYC4_scenario12,12,56.0,-4.10048520781174,51.29846069770975,7.591370443100353,60.20709005043043,7.571109398186001,61.36710007286979,1.1601869513577467
PedNYC4,PedNYC4_scenario12,12,57.0,-4.10254227900839,51.417496357910665,7.28960063975291,60.41385615386682,7.200245381244778,61.70315768268934,1.2923942101569252
PedNYC4,PedNYC4_scenario12,12,58.0,-4.094228057717211,51.54109153732264,6.985252228149381,60.63835211348699,6.852723317309879,62.06001112542593,1.4278229086394132
PedNYC4,PedNYC4_scenario12,12,59.0,-4.079261995609761,51.66284741037678,6.684706272625586,60.88667752477601,6.523191860441074,62.4369783694124,1.5586916353864257
PedNYC4,PedNYC4_scenario12,12,60.0,-4.054702491551578,51.8079971532638,6.388273063729503,61.15092142904994,6.206691900134203,62.83217772179295,1.6910335422044738
PedNYC4,PedNYC4_scenario12,12,61.0,-4.028485620571109,51.92936591890233,6.0981160105361045,61.43402300066815,5.902164369555165,63.2439183929818,1.8204720203071787
PedNYC4,PedNYC4_scenario12,12,62.0,-4.0031367720195785,52.0592842126796,5.8172300808500585,61.73792855889774,5.610336659923215,63.67267545220533,1.9457775897533058
PedNYC4,PedNYC4_scenario12,12,63.0,-3.9864154632138935,52.19778650939641,5.547642980517442,62.063799321467464,5.323008303322117,64.1188609952821,2.0673024020158457
PedNYC4,PedNYC4_scenario12,12,64.0,-3.977980885864309,52.314131838973815,5.290887386701559,62.41291077607076,5.036584843289467,64.58369321574347,2.1856271832078877
PedNYC4,PedNYC4_scenario12,12,65.0,-3.976132917151758,52.46016406204494,5.048065632421058,62.78538658622749,4.750447566142563,65.06863845799356,2.3025671810608714
PedNYC4,PedNYC4_scenario12,12,66.0,-3.9763771718400904,52.56332582168593,4.822499049775184,63.18188675444634,4.468189414784446,65.56657805099579,2.410868701793185
PedNYC4,PedNYC4_scenario12,12,67.0,-3.969099576688926,52.723640123363054,4.61829838404357,63.60270865907444,4.197012734630596,66.06812201576122,2.5011486596623747
PedNYC4,PedNYC4_scenario12,12,68.0,-3.9591369472852365,52.81628548148212,4.440287688119269,64.04767873668565,3.944866358070973,66.58073324633746,2.5810477413512074
PedNYC4,PedNYC4_scenario12,12,69.0,-3.9361090075095126,52.93677530633491,4.290052737646459,64.51530316667943,3.715882901097408,67.12537958409787,2.6724838457821676
PedNYC4,PedNYC4_scenario12,12,70.0,-3.897332670308595,53.06445362167972,4.1697188006153505,65.00327026785409,3.5107432505636527,67.69482272677698,2.771047349775851
PedNYC4,PedNYC4_scenario12,12,71.0,-3.8588148057713054,53.17866203052289,4.081903450750767,65.51015494698561,3.328472411742039,68.28497860698805,2.875292102491694
PedNYC4,PedNYC4_scenario12,12,72.0,-3.8239511547903304,53.279768725894954,4.028489890047421,66.03370309225168,3.1623891388086274,68.9065016802853,3.000516995236713
PedNYC4,PedNYC4_scenario12,12,73.0,-3.800440352541989,53.42613641925168,4.009912095147266,66.57324933913344,3.0108253256011794,69.56086106194198,3.150237797269443
PedNYC4,PedNYC4_scenario12,12,74.0,-3.7956827466414684,53.55627119648848,4.019603552581502,67.1273388621875,2.8731001237263833,70.24976074418016,3.326257434643801
PedNYC4,PedNYC4_scenario12,12,75.0,-3.8019792446530496,53.68101520383051,4.052502742648287,67.69578440328466,2.7511154316043696,70.9700878986686,3.523446084904601
PedNYC4,PedNYC4_scenario12,12,76.0,-3.8114868119332557,53.77862589720158,4.10161671215923,68.27824286089586,2.6485434314250207,71.73561803677298,3.7503153288696955
PedNYC4,PedNYC4_scenario12,12,77.0,-3.8137492320458795,53.80185198337898,4.157718431612744,68.87536479529348,2.5707857203909934,72.55377376160092,4.006126302721447
PedNYC4,PedNYC4_scenario12,12,78.0,-3.8063363051668873,53.95784275468132,4.211378562389901,69.48694007166208,2.5064543638527406,73.390750484684,4.259871155748261
PedNYC4,PedNYC4_scenario12,12,79.0,-3.794925903916073,54.12141863699659,4.256816703598731,70.11182518502025,2.4528930771397404,74.22718292311575,4.4933628567699095
PedNYC4,PedNYC4_scenario12,12,80.0,-3.776091423028614,54.25111497423003,4.290912793424147,70.74975970001493,2.408499749361579,75.04937993483972,4.693635374863673
PedNYC4,PedNYC4_scenario12,12,81.0,-3.7576216317059252,54.3826559611088,4.311334248739046,71.39999856907862,2.368308445556665,75.8430779257391,4.8493611374504795
PedNYC4,PedNYC4_scenario12,12,82.0,-3.752923797874445,54.508120504923724,4.313988608350696,72.06253092723372,2.328955323315088,76.6028567152043,4.955291656765509
PedNYC4,PedNYC4_scenario12,12,83.0,-3.762519822005416,54.625111124281396,4.299147152289093,72.73644874872082,2.2918853785983626,77.3374849981854,5.019824140047855
PedNYC4,PedNYC4_scenario12,12,84.0,-3.784754700858623,54.74025120801736,4.271182300462865,73.42165505400808,2.262278322869643,78.05150763926059,5.046903025852508
PedNYC4,PedNYC4_scenario12,12,85.0,-3.823247589170457,54.864483933111,4.235647260426716,74.1187235665831,2.2405849283075856,78.73938537830341,5.032970225158405
PedNYC4,PedNYC4_scenario12,12,86.0,-3.8537551863627875,54.96972093246947,4.1979948970834595,74.82783962336757,2.240607211049289,79.36257556513357,4.9391493817238
PedNYC4,PedNYC4_scenario12,12,87.0,-3.8729109260195784,55.09650634079986,4.163390873364166,75.54887644529481,2.2458056181248423,79.92032240692816,4.773538834721242
PedNYC4,PedNYC4_scenario12,12,88.0,-3.8797699366930964,55.20494572483813,4.133681538609753,76.28155450519701,2.2558098990027897,80.42013712917431,4.5446966928857835
PedNYC4,PedNYC4_scenario12,12,89.0,-3.8803878061598205,55.312713083095986,4.111182460712744,77.02554938229439,2.261968674024913,80.84642963737438,4.244845998683173
PedNYC4,PedNYC4_scenario12,12,90.0,-3.8736434908724178,55.41968381958785,4.097499381675482,77.78074482539013,2.2657773512810104,81.21323884730525,3.8906581457531675
PedNYC4,PedNYC4_scenario12,12,91.0,-3.863377473035876,55.5188257291583,4.091773895801063,78.54213279872394,2.269287207500214,81.53530645185099,3.5043610326003365
PedNYC4,PedNYC4_scenario12,12,92.0,-3.856872256722533,55.61796439923979,4.093972425681517,79.29876790015015,2.272877634208354,81.82192764078226,3.1117071385780153
PedNYC4,PedNYC4_scenario12,12,93.0,-3.8559963015028758,55.714394863558695,4.1039675427328275,80.02230487177528,2.276270857982402,82.08157546392341,2.7533743921112217
PedNYC4,PedNYC4_scenario12,12,94.0,-3.8603949991815885,55.802478614905176,4.117396426227333,80.65590153401409,2.279591689071795,82.32097120609274,2.4799159793806362
PedNYC4,PedNYC4_scenario12,12,95.0,-3.8742518839300732,55.90243323599144,4.1312743506988,81.17920520601312,2.2826748088406736,82.53645376779066,2.293347754834681
PedNYC4,PedNYC4_scenario12,12,96.0,-3.8877379443983573,55.986979029728815,4.1437731715835495,81.58288157143893,2.285409157183181,82.72531480281403,2.1814377135660763
PedNYC4,PedNYC4_scenario12,12,97.0,-3.8993629916808623,56.060351479424455,4.153534233687049,81.86310894818219,2.28793688764587,82.88645323736631,2.1278362229649277
PedNYC4,PedNYC4_scenario12,12,98.0,-3.910303022468322,56.11400632061063,4.159528005898523,82.02504961441122,2.2904799665480953,83.02040692480422,2.11756387123328
PedNYC4,PedNYC4_scenario12,12,99.0,-3.9201549277391172,56.14332436175964,4.161544351683358,82.08023837199872,2.29315418468445,83.12843682711289,2.1423355986964205
PedNYC4,PedNYC4_scenario12,12,100.0,-3.9265623092651367,56.15808868408203,4.161615371704102,82.08175659179688,2.165416012207667,83.5742031733195,2.4924302761667287
PedNYC5,PedNYC5_scenario12,12,0.0,-4.952944278717041,45.33369827270508,31.51791763305664,57.94532012939453,49.71087803038519,58.21886866836355,18.195016812906136
PedNYC5,PedNYC5_scenario12,12,1.0,-4.94988520411591,45.368185783034264,30.69391933589972,57.957141106027116,48.81154167601853,58.22203667144088,18.119558739653346
PedNYC5,PedNYC5_scenario12,12,2.0,-4.945565487254149,45.405735316340966,29.879465441168325,57.97157842896015,47.899549641264926,58.226024529765546,18.02188051777023
PedNYC5,PedNYC5_scenario12,12,3.0,-4.938289684623361,45.43668457799808,29.07757500888899,57.988379297673355,46.97607816037263,58.23084442743293,17.9001453737901
PedNYC5,PedNYC5_scenario12,12,4.0,-4.927374345635335,45.466370651619094,28.289189574352587,58.006876427138636,46.03776523118833,58.235631171228775,17.75004976272929
PedNYC5,PedNYC5_scenario12,12,5.0,-4.9158463436625714,45.49149742696515,27.515341403824202,58.026678915725775,45.082804449089096,58.24113517646439,17.568771992786456
PedNYC5,PedNYC5_scenario12,12,6.0,-4.902416115864355,45.52067138899241,26.756314465335137,58.04709274219888,44.109915970367936,58.24688368349451,17.3547515573027
PedNYC5,PedNYC5_scenario12,12,7.0,-4.889169906675816,45.54859296633833,26.01154597952407,58.0674616236121,43.12826137257003,58.25136525943814,17.1177033037089
PedNYC5,PedNYC5_scenario12,12,8.0,-4.869508049462504,45.58267775123154,25.280948395995168,58.08745646487511,42.13297447199011,58.25438884094464,16.85285285297993
PedNYC5,PedNYC5_scenario12,12,9.0,-4.8456871495703435,45.61391494730901,24.563922361954674,58.10694388383933,41.130803373103205,58.257312109930595,16.56756340084358
PedNYC5,PedNYC5_scenario12,12,10.0,-4.813357726306902,45.64515801537508,23.861258117896686,58.125703403639925,40.12522966015949,58.25923090649846,16.26451966464285
PedNYC5,PedNYC5_scenario12,12,11.0,-4.769054113644765,45.67678987715757,23.171913085970456,58.1432938842219,39.121588677301794,58.25954062733463,15.950099208907604
PedNYC5,PedNYC5_scenario12,12,12.0,-4.718032851968417,45.7051718545856,22.497909262230603,58.15911848444143,38.125927755410686,58.259449216380716,15.62834054783009
PedNYC5,PedNYC5_scenario12,12,13.0,-4.663685312264929,45.733864806845716,21.83851075392061,58.1733243870841,37.13569360768573,58.25963450963021,15.297426342322408
PedNYC5,PedNYC5_scenario12,12,14.0,-4.610437200850516,45.7682269519146,21.192808590978338,58.18598712582666,36.151444685682485,58.2599069510196,14.958818735259221
PedNYC5,PedNYC5_scenario12,12,15.0,-4.56550085159692,45.80530054028603,20.56169201528706,58.19709800898078,35.17426298330261,58.259832307840426,14.612705632002045
PedNYC5,PedNYC5_scenario12,12,16.0,-4.530515695629382,45.84753545014245,19.944421822002777,58.20669557657045,34.20370264223071,58.259080896920025,14.25937704571656
PedNYC5,PedNYC5_scenario12,12,17.0,-4.505258641013021,45.902466659480524,19.341112144345995,58.21482573437793,33.23800375852567,58.257361878879074,13.896956712167107
PedNYC5,PedNYC5_scenario12,12,18.0,-4.489535794632863,45.96334831722908,18.75112888592215,58.22142829864219,32.27666453121885,58.25619740815301,13.525580334431783
PedNYC5,PedNYC5_scenario12,12,19.0,-4.481063167444134,46.03108804509418,18.17431256115123,58.22618317285101,31.323291858409526,58.256235407089534,13.149013639680735
PedNYC5,PedNYC5_scenario12,12,20.0,-4.475890539105428,46.09205179137013,17.61031920748277,58.228303352623094,30.381292288594086,58.25779612343453,12.771007135774374
PedNYC5,PedNYC5_scenario12,12,21.0,-4.46864528712408,46.15658584373553,17.059080012776676,58.227652235215096,29.45298717689417,58.26064287979181,12.393951072010593
PedNYC5,PedNYC5_scenario12,12,22.0,-4.457820889885613,46.213670806375404,16.51986353095367,58.2245450509442,28.540255768680023,58.2644675222773,12.020458533371732
PedNYC5,PedNYC5_scenario12,12,23.0,-4.443929093173161,46.265260254491764,15.992769333519602,58.21916984485393,27.64435050663565,58.26898153921581,11.651687647658923
PedNYC5,PedNYC5_scenario12,12,24.0,-4.4283398664819345,46.31205190162896,15.477132513306628,58.21173496789992,26.769569517470867,58.273776281609734,11.29260743219318
PedNYC5,PedNYC5_scenario12,12,25.0,-4.410439899711116,46.35621464233571,14.973666816108727,58.20237947245371,25.910904890378447,58.278248445782665,10.93750121345681
PedNYC5,PedNYC5_scenario12,12,26.0,-4.384245971125964,46.409190004112155,14.480967787781394,58.191125808270876,25.06654373192686,58.282509185581844,10.585970384944401
PedNYC5,PedNYC5_scenario12,12,27.0,-4.355928203475192,46.45966752697225,13.999862046371968,58.178544292209615,24.24631941777884,58.28643462840655,10.247025372697331
PedNYC5,PedNYC5_scenario12,12,28.0,-4.3187960153869005,46.51840664857879,13.529014621853634,58.1661558898092,23.459697760336443,58.29018492964262,9.931457637208588
PedNYC5,PedNYC5_scenario12,12,29.0,-4.286124760122083,46.566384824441045,13.068474555578375,58.15631157576218,22.69636539711844,58.294249814217046,9.628878907444996
PedNYC5,PedNYC5_scenario12,12,30.0,-4.248042067941854,46.620729733438736,12.618585814444051,58.15098622877232,21.94820042075727,58.29913889521508,9.330790851525238
PedNYC5,PedNYC5_scenario12,12,31.0,-4.212895201009269,46.672040174622104,12.178586993014205,58.151699296050445,21.21257410263812,58.30566005200966,9.035298944209126
PedNYC5,PedNYC5_scenario12,12,32.0,-4.1850153294785875,46.71485044710005,11.749008917271516,58.160666317805656,20.4896373961614,58.31532623139423,8.741996676666728
PedNYC5,PedNYC5_scenario12,12,33.0,-4.148527498808443,46.785578554181434,11.330021359923242,58.180750536051946,19.778258904111915,58.32969461514236,8.449550398792539
PedNYC5,PedNYC5_scenario12,12,34.0,-4.1209083945620035,46.85677382716888,10.922426042514406,58.214030643906895,19.075671899909,58.34948501642774,8.15437096888271
PedNYC5,PedNYC5_scenario12,12,35.0,-4.101206410820083,46.92790628369828,10.526219443870453,58.26021315602681,18.38269116014392,58.37548218212464,7.857317276079827
PedNYC5,PedNYC5_scenario12,12,36.0,-4.084135822989646,47.025109103408795,10.141610225286467,58.319830773977046,17.701631218148336,58.40755736482897,7.560529966031129
PedNYC5,PedNYC5_scenario12,12,37.0,-4.073710777456327,47.11468188791379,9.76995037433026,58.393724640725914,17.03871633797956,58.445889008465656,7.268953140278746
PedNYC5,PedNYC5_scenario12,12,38.0,-4.065478581668499,47.20046238518976,9.411618715785574,58.48238793575005,16.398809604993367,58.491339672253964,6.987196623526121
PedNYC5,PedNYC5_scenario12,12,39.0,-4.0580683415141605,47.277930466341225,9.06723709792193,58.58516364898319,15.781241712659979,58.544444111484935,6.714128092869385
PedNYC5,PedNYC5_scenario12,12,40.0,-4.050255794675558,47.347818101570645,8.737231433492447,58.701468805425264,15.18908388533875,58.605672591525064,6.452563597128878
PedNYC5,PedNYC5_scenario12,12,41.0,-4.04034276521913,47.424986061303066,8.421663444138588,58.83013102702626,14.626993050516601,58.67538543121522,6.207258792995055
PedNYC5,PedNYC5_scenario12,12,42.0,-4.021608647039635,47.524489676313436,8.121568137847802,58.97052693047496,14.091708017778329,58.75338790901953,5.9740873395503264
PedNYC5,PedNYC5_scenario12,12,43.0,-4.0030005746583015,47.60883650986132,7.836176429824162,59.1217957952436,13.578120184118934,58.84184317593058,5.748764349540252
PedNYC5,PedNYC5_scenario12,12,44.0,-3.985867827707609,47.68226602809003,7.565953745696196,59.28226717706145,13.08102647081492,58.94398534653678,5.525437698518698
PedNYC5,PedNYC5_scenario12,12,45.0,-3.9672982041071765,47.77652176000482,7.3108744563075225,59.45096987110014,12.590194528284563,59.05914462151463,5.293840519754294
PedNYC5,PedNYC5_scenario12,12,46.0,-3.9561017200062714,47.844587400314545,7.070582148829285,59.62718909244485,12.102360029568924,59.18350669773941,5.051301090656965
PedNYC5,PedNYC5_scenario12,12,47.0,-3.942830990576471,47.95094666252898,6.8452653324397,59.80953783210398,11.617138373825192,59.318847407479296,4.797035482036794
PedNYC5,PedNYC5_scenario12,12,48.0,-3.9367885160607865,48.051884344977516,6.634346830122604,59.99730318796108,11.137621404805783,59.468064892645664,4.5342667619160135
PedNYC5,PedNYC5_scenario12,12,49.0,-3.934933622560963,48.136629244433365,6.437921229555564,60.18963769181917,10.665328092731077,59.633570014663505,4.263822234615407
PedNYC5,PedNYC5_scenario12,12,50.0,-3.936344414452832,48.22656725623652,6.25562514595878,60.3851309880774,10.198990412960075,59.817600149339,3.9839955926069126
PedNYC5,PedNYC5_scenario12,12,51.0,-3.934843938078117,48.3159564340795,6.086211647735215,60.58333823725424,9.736661193854992,60.02040141884621,3.693599836241798
PedNYC5,PedNYC5_scenario12,12,52.0,-3.9319659091483077,48.39368865720132,5.928994836041283,60.7842395596583,9.276195098326903,60.24455522155443,3.3904289965488945
PedNYC5,PedNYC5_scenario12,12,53.0,-3.9233646032431055,48.50378830077829,5.781771855691756,60.99013470666403,8.821102246325811,60.490181581407334,3.080175701301096
PedNYC5,PedNYC5_scenario12,12,54.0,-3.9149206798447804,48.58299546974611,5.641599718931858,61.20446077822865,8.381659586023506,60.75932475157929,2.775981656543767
PedNYC5,PedNYC5_scenario12,12,55.0,-3.9029972328713494,48.670368790340326,5.507293664964143,61.42930049931751,7.965156108921817,61.05219150542086,2.4866240139384437
PedNYC5,PedNYC5_scenario12,12,56.0,-3.879399881604951,48.78226776127404,5.378305957201868,61.66626148347652,7.571109398186001,61.36710007286979,2.213116463358416
PedNYC5,PedNYC5_scenario12,12,57.0,-3.8610756903753205,48.86294444570672,5.25404085510282,61.917743675005305,7.200245381244778,61.70315768268934,1.9579987757079087
PedNYC5,PedNYC5_scenario12,12,58.0,-3.837204880551792,48.973627412400496,5.134990697250729,62.18590063529783,6.852723317309879,62.06001112542593,1.722339549192045
PedNYC5,PedNYC5_scenario12,12,59.0,-3.82178763634145,49.05144587351938,5.021716480123919,62.47170500688687,6.523191860441074,62.4369783694124,1.501876911417453
PedNYC5,PedNYC5_scenario12,12,60.0,-3.803086818085213,49.158330054185825,4.913698730886103,62.77533243271975,6.206691900134203,62.83217772179295,1.294242142186717
PedNYC5,PedNYC5_scenario12,12,61.0,-3.789388350297207,49.2592790084748,4.8110302555563775,63.09716713692731,5.902164369555165,63.2439183929818,1.1009584850871938
PedNYC5,PedNYC5_scenario12,12,62.0,-3.7808123462626244,49.35159799649751,4.714591294188532,63.43703352351579,5.610336659923215,63.67267545220533,0.9262218302284234
PedNYC5,PedNYC5_scenario12,12,63.0,-3.7758002427164548,49.4292325750426,4.625224990055391,63.79480731711523,5.323008303322117,64.1188609952821,0.7693583941226432
PedNYC5,PedNYC5_scenario12,12,64.0,-3.7657888390994554,49.54169595837329,4.543588505627193,64.17100205402666,5.036584843289467,64.58369321574347,0.6429303103039886
PedNYC5,PedNYC5_scenario12,12,65.0,-3.7510258547397255,49.65825183912489,4.469657663597309,64.5642515699586,4.750447566142563,65.06863845799356,0.5772773182734294
PedNYC5,PedNYC5_scenario12,12,66.0,-3.7357920751458344,49.758865619317355,4.40412211890776,64.97419763700846,4.468189414784446,65.56657805099579,0.5958348540298304
PedNYC5,PedNYC5_scenario12,12,67.0,-3.7158586448232067,49.86726489640835,4.347568436007973,65.40052106114545,4.197012734630596,66.06812201576122,0.684366900004021
PedNYC5,PedNYC5_scenario12,12,68.0,-3.6923980683035857,49.96751621873526,4.300159523286875,65.84298221308427,3.944866358070973,66.58073324633746,0.8188466402906489
PedNYC5,PedNYC5_scenario12,12,69.0,-3.660581882428164,50.07761229386203,4.262210760319602,66.30061078489493,3.715882901097408,67.12537958409787,0.9893016233186772
PedNYC5,PedNYC5_scenario12,12,70.0,-3.6292289083531224,50.181993880399816,4.233975076549771,66.77317691285194,3.5107432505636527,67.69482272677698,1.1715354371271758
PedNYC5,PedNYC5_scenario12,12,71.0,-3.6015660178684876,50.277661403696676,4.215411059500623,67.26015624903617,3.328472411742039,68.28497860698805,1.355330598136805
PedNYC5,PedNYC5_scenario12,12,72.0,-3.5736653546288624,50.37974834219266,4.207712497741608,67.7609712242058,3.1623891388086274,68.9065016802853,1.5507872034991237
PedNYC5,PedNYC5_scenario12,12,73.0,-3.5462395698996203,50.48802946040893,4.210527641029502,68.27548561158314,3.0108253256011794,69.56086106194198,1.7582592795231524
PedNYC5,PedNYC5_scenario12,12,74.0,-3.5226852004873113,50.5988690837582,4.2245191692975625,68.80179584397649,2.8731001237263833,70.24976074418016,1.9806402472317752
PedNYC5,PedNYC5_scenario12,12,75.0,-3.504183515790243,50.699434746988516,4.251312592610561,69.34144279746192,2.7511154316043696,70.9700878986686,2.2142891382056518
PedNYC5,PedNYC5_scenario12,12,76.0,-3.478316128196638,50.81075016122729,4.288453815568975,69.89217734734251,2.6485434314250207,71.73561803677298,2.467302098136959
PedNYC5,PedNYC5_scenario12,12,77.0,-3.44816019034205,50.90414728108207,4.3347094408823885,70.45439108640369,2.5707857203909934,72.55377376160092,2.7420493264400805
PedNYC5,PedNYC5_scenario12,12,78.0,-3.4136171248954432,50.997937597056136,4.3885936818235605,71.02827024981656,2.5064543638527406,73.390750484684,3.0205564507870095
PedNYC5,PedNYC5_scenario12,12,79.0,-3.379589996488079,51.089984409851965,4.448331229176994,71.61322397348428,2.4528930771397404,74.22718292311575,3.2885490431137394
PedNYC5,PedNYC5_scenario12,12,80.0,-3.3462148565066214,51.17480854096923,4.512115685532562,72.20962996226959,2.408499749361579,75.04937993483972,3.5340316797709366
PedNYC5,PedNYC5_scenario12,12,81.0,-3.3120562514424265,51.25567402324825,4.577025557461752,72.81693780496519,2.368308445556665,75.8430779257391,3.7464590363408274
PedNYC5,PedNYC5_scenario12,12,82.0,-3.28424288591061,51.32135507748474,4.640193507147645,73.43520837630933,2.328955323315088,76.6028567152043,3.9212010840187266
PedNYC5,PedNYC5_scenario12,12,83.0,-3.2460639822721413,51.42139194974374,4.699036306633553,74.06458017876362,2.2918853785983626,77.3374849981854,4.062792333769351
PedNYC5,PedNYC5_scenario12,12,84.0,-3.212427108113132,51.51776258156077,4.751674498617917,74.70513086534235,2.262278322869643,78.05150763926059,4.170771011797407
PedNYC5,PedNYC5_scenario12,12,85.0,-3.182759277670001,51.60622200011582,4.795443724985936,75.3558425003568,2.2405849283075856,78.73938537830341,4.2397719134250575
PedNYC5,PedNYC5_scenario12,12,86.0,-3.1534697609809457,51.707483149487054,4.829033088998449,76.01692559657569,2.240607211049289,79.36257556513357,4.230049909604876
PedNYC5,PedNYC5_scenario12,12,87.0,-3.130652088412532,51.814114116725136,4.851036702235042,76.68787433895852,2.2458056181248423,79.92032240692816,4.151620107106945
PedNYC5,PedNYC5_scenario12,12,88.0,-3.116513078473412,51.90806163442489,4.861392021964221,77.3683746066578,2.2558098990027897,80.42013712917431,4.012768706682774
PedNYC5,PedNYC5_scenario12,12,89.0,-3.1037988596341592,52.00685951874179,4.860540666367092,78.05822704564073,2.261968674024913,80.84642963737438,3.8113842750286206
PedNYC5,PedNYC5_scenario12,12,90.0,-3.091506781812438,52.08880596967486,4.8474922239541325,78.75724626640418,2.2657773512810104,81.21323884730525,3.5633062233300525
PedNYC5,PedNYC5_scenario12,12,91.0,-3.0687336013998516,52.186160838789725,4.826463274352183,79.46482361422939,2.269287207500214,81.53530645185099,3.2902961291905153
PedNYC5,PedNYC5_scenario12,12,92.0,-3.043825490177457,52.26189567280393,4.8018568826286305,80.1767382174352,2.272877634208354,81.82192764078226,3.0170157900868575
PedNYC5,PedNYC5_scenario12,12,93.0,-3.013895911637781,52.330259576736076,4.777079358280294,80.88741912681462,2.276270857982402,82.08157546392341,2.771290766523658
PedNYC5,PedNYC5_scenario12,12,94.0,-2.9777191560992873,52.39663103541035,4.755104855472886,81.59073740822038,2.279591689071795,82.32097120609274,2.580970134771079
PedNYC5,PedNYC5_scenario12,12,95.0,-2.9458863958741808,52.45241845286142,4.737852503737766,82.28294536119004,2.2826748088406736,82.53645376779066,2.468230950648133
PedNYC5,PedNYC5_scenario12,12,96.0,-2.928613365361217,52.482450441781225,4.72652598269203,82.96188392020346,2.285409157183181,82.72531480281403,2.4525530173851116
PedNYC5,PedNYC5_scenario12,12,97.0,-2.8998852539486926,52.53647229787558,4.721924432441294,83.62142264908984,2.28793688764587,82.88645323736631,2.542533265148852
PedNYC5,PedNYC5_scenario12,12,98.0,-2.8866091329092742,52.56274573403498,4.723729180068223,84.23250515540089,2.2904799665480953,83.02040692480422,2.7184340815461923
PedNYC5,PedNYC5_scenario12,12,99.0,-2.8777814540294373,52.58304158980508,4.731060373451663,84.7624657287284,2.29315418468445,83.12843682711289,2.9348657612477376
PedNYC5,PedNYC5_scenario12,12,100.0,-2.8765318393707275,52.60303497314453,4.7414398193359375,85.21153259277344,2.165416012207667,83.5742031733195,3.0523345627078604
PedNYC7,PedNYC7_scenario12_CSV_Scenario_Ped_12_Session_temp_2024_03_01_15_26_15_decoded,12,0.0,-4.944920063018799,45.53460693359375,78.93766021728516,58.0801887512207,49.71087803038519,58.21886866836355,29.227111200389135
PedNYC7,PedNYC7_scenario12_CSV_Scenario_Ped_12_Session_temp_2024_03_01_15_26_15_decoded,12,1.0,-4.939965548850908,45.44393564442997,78.01439059058463,58.09927702819762,48.81154167601853,58.22203667144088,29.203106934998942
PedNYC7,PedNYC7_scenario12_CSV_Scenario_Ped_12_Session_temp_2024_03_01_15_26_15_decoded,12,2.0,-4.96794387226823,45.39775954382989,77.03755324768322,58.12181238763402,47.899549641264926,58.226024529765546,29.138189963314694
PedNYC7,PedNYC7_scenario12_CSV_Scenario_Ped_12_Session_temp_2024_03_01_15_26_15_decoded,12,3.0,-4.9871078512182505,45.38055687259038,76.00933008421012,58.146969151938166,46.97607816037263,58.23084442743293,29.03337307883555
PedNYC7,PedNYC7_scenario12_CSV_Scenario_Ped_12_Session_temp_2024_03_01_15_26_15_decoded,12,4.0,-4.988875369908446,45.374349168297655,74.93263382319049,58.17339340961298,46.03776523118833,58.235631171228775,28.894935620070925
PedNYC7,PedNYC7_scenario12_CSV_Scenario_Ped_12_Session_temp_2024_03_01_15_26_15_decoded,12,5.0,-4.985249250504078,45.37403455547623,73.80911122039481,58.19982874461992,45.082804449089096,58.24113517646439,28.726336469178875
PedNYC7,PedNYC7_scenario12_CSV_Scenario_Ped_12_Session_temp_2024_03_01_15_26_15_decoded,12,6.0,-4.951185866434578,45.41073411495476,72.64155628644569,58.22602399550879,44.109915970367936,58.24688368349451,28.531647941410892
PedNYC7,PedNYC7_scenario12_CSV_Scenario_Ped_12_Session_temp_2024_03_01_15_26_15_decoded,12,7.0,-4.908045503730314,45.49876341341846,71.43214724300276,58.251925496528344,43.12826137257003,58.25136525943814,28.303885875977297
PedNYC7,PedNYC7_scenario12_CSV_Scenario_Ped_12_Session_temp_2024_03_01_15_26_15_decoded,12,8.0,-4.862413171495003,45.567348329066334,70.18273492278561,58.27741995448788,42.13297447199011,58.25438884094464,28.049769905993926
PedNYC7,PedNYC7_scenario12_CSV_Scenario_Ped_12_Session_temp_2024_03_01_15_26_15_decoded,12,9.0,-4.799814846028431,45.56398713734189,68.89539664998625,58.30232199294974,41.130803373103205,58.257312109930595,27.764629760187848
PedNYC7,PedNYC7_scenario12_CSV_Scenario_Ped_12_Session_temp_2024_03_01_15_26_15_decoded,12,10.0,-4.746145166344756,45.53568695178184,67.57209217519413,58.32649696717324,40.12522966015949,58.25923090649846,27.446944941871624
PedNYC7,PedNYC7_scenario12_CSV_Scenario_Ped_12_Session_temp_2024_03_01_15_26_15_decoded,12,11.0,-4.725338284555413,45.54347455205376,66.21448361773425,58.349801623491636,39.121588677301794,58.25954062733463,27.093045293963126
PedNYC7,PedNYC7_scenario12_CSV_Scenario_Ped_12_Session_temp_2024_03_01_15_26_15_decoded,12,12.0,-4.720865625224567,45.57204082286172,64.82449117418946,58.372068967314924,38.125927755410686,58.259449216380716,26.698800943766233
PedNYC7,PedNYC7_scenario12_CSV_Scenario_Ped_12_Session_temp_2024_03_01_15_26_15_decoded,12,13.0,-4.736273674840179,45.60568529585717,63.403576899579036,58.39317861553169,37.13569360768573,58.25963450963021,26.268222754209095
PedNYC7,PedNYC7_scenario12_CSV_Scenario_Ped_12_Session_temp_2024_03_01_15_26_15_decoded,12,14.0,-4.771330171689441,45.64946343127059,61.95351134307759,58.412980773624966,36.151444685682485,58.2599069510196,25.802520717709484
PedNYC7,PedNYC7_scenario12_CSV_Scenario_Ped_12_Session_temp_2024_03_01_15_26_15_decoded,12,15.0,-4.797791334670678,45.68689189623597,60.47577195857706,58.431374511109915,35.17426298330261,58.259832307840426,25.30209048978752
PedNYC7,PedNYC7_scenario12_CSV_Scenario_Ped_12_Session_temp_2024_03_01_15_26_15_decoded,12,16.0,-4.814062641212231,45.6989999925234,58.97159832924154,58.44824046353056,34.20370264223071,58.259080896920025,24.768618009575945
PedNYC7,PedNYC7_scenario12_CSV_Scenario_Ped_12_Session_temp_2024_03_01_15_26_15_decoded,12,17.0,-4.790149438950307,45.66294108859787,57.44249629278755,58.463446312052085,33.23800375852567,58.257361878879074,24.20536985122796
PedNYC7,PedNYC7_scenario12_CSV_Scenario_Ped_12_Session_temp_2024_03_01_15_26_15_decoded,12,18.0,-4.793949696672034,45.56143685893047,55.889639314123514,58.47690241666651,32.27666453121885,58.25619740815301,23.614006199687392
PedNYC7,PedNYC7_scenario12_CSV_Scenario_Ped_12_Session_temp_2024_03_01_15_26_15_decoded,12,19.0,-4.8069907996787435,45.520408635743365,54.314632957437055,58.488500001999974,31.323291858409526,58.256235407089534,22.99251426821089
PedNYC7,PedNYC7_scenario12_CSV_Scenario_Ped_12_Session_temp_2024_03_01_15_26_15_decoded,12,20.0,-4.810689811176009,45.51461248406894,52.718405040250325,58.49815467954075,30.381292288594086,58.25779612343453,22.338405903638183
PedNYC7,PedNYC7_scenario12_CSV_Scenario_Ped_12_Session_temp_2024_03_01_15_26_15_decoded,12,21.0,-4.812753378893911,45.52000071223536,51.1018260121116,58.505777438307256,29.45298717689417,58.26064287979181,21.65022664696601
PedNYC7,PedNYC7_scenario12_CSV_Scenario_Ped_12_Session_temp_2024_03_01_15_26_15_decoded,12,22.0,-4.814606943648136,45.525275442431614,49.466274877856755,58.511272551463705,28.540255768680023,58.2644675222773,20.927474488816404
PedNYC7,PedNYC7_scenario12_CSV_Scenario_Ped_12_Session_temp_2024_03_01_15_26_15_decoded,12,23.0,-4.80706915847907,45.540762310065894,47.81263739144787,58.51455638147392,27.64435050663565,58.26898153921581,20.169781924236037
PedNYC7,PedNYC7_scenario12_CSV_Scenario_Ped_12_Session_temp_2024_03_01_15_26_15_decoded,12,24.0,-4.777165508486845,45.60321811400589,46.14189101708264,58.51551349242233,26.769569517470867,58.273776281609734,19.373829697904647
PedNYC7,PedNYC7_scenario12_CSV_Scenario_Ped_12_Session_temp_2024_03_01_15_26_15_decoded,12,25.0,-4.790867915392563,45.660887906706556,44.45492537519539,58.51410105996033,25.910904890378447,58.278248445782665,18.545520273018084
PedNYC7,PedNYC7_scenario12_CSV_Scenario_Ped_12_Session_temp_2024_03_01_15_26_15_decoded,12,26.0,-4.806951194741895,45.69326464539455,42.752605349989736,58.51025748422151,25.06654373192686,58.282509185581844,17.687527946139056
PedNYC7,PedNYC7_scenario12_CSV_Scenario_Ped_12_Session_temp_2024_03_01_15_26_15_decoded,12,27.0,-4.81076364148586,45.748093524271226,41.03564877699584,58.50393194059814,24.24631941777884,58.28643462840655,16.790738084225975
PedNYC7,PedNYC7_scenario12_CSV_Scenario_Ped_12_Session_temp_2024_03_01_15_26_15_decoded,12,28.0,-4.754140076503836,45.80641018921126,39.305004714209204,58.49506421144893,23.459697760336443,58.29018492964262,15.84663143960135
PedNYC7,PedNYC7_scenario12_CSV_Scenario_Ped_12_Session_temp_2024_03_01_15_26_15_decoded,12,29.0,-4.647269275218764,45.94860232959408,37.56149888317652,58.483590512767805,22.69636539711844,58.294249814217046,14.866339275640552
PedNYC7,PedNYC7_scenario12_CSV_Scenario_Ped_12_Session_temp_2024_03_01_15_26_15_decoded,12,30.0,-4.534256602777821,46.124447016255225,35.805453285974906,58.4694678531011,21.94820042075727,58.29913889521508,13.858299640449289
PedNYC7,PedNYC7_scenario12_CSV_Scenario_Ped_12_Session_temp_2024_03_01_15_26_15_decoded,12,31.0,-4.4896612184298865,46.35393028630214,34.0376114718407,58.452650841540105,21.21257410263812,58.30566005200966,12.825879689660644
PedNYC7,PedNYC7_scenario12_CSV_Scenario_Ped_12_Session_temp_2024_03_01_15_26_15_decoded,12,32.0,-4.495299298245553,46.62140051989113,32.25912558056421,58.433092495675815,20.4896373961614,58.31532623139423,11.770077358106029
PedNYC7,PedNYC7_scenario12_CSV_Scenario_Ped_12_Session_temp_2024_03_01_15_26_15_decoded,12,33.0,-4.473095826973743,46.88226447769358,30.469780201571396,58.41073752159044,19.778258904111915,58.32969461514236,10.69182845011625
PedNYC7,PedNYC7_scenario12_CSV_Scenario_Ped_12_Session_temp_2024_03_01_15_26_15_decoded,12,34.0,-4.440939459110484,47.19803501338439,28.670774560212795,58.38555353859085,19.075671899909,58.34948501642774,9.595170451850242
PedNYC7,PedNYC7_scenario12_CSV_Scenario_Ped_12_Session_temp_2024_03_01_15_26_15_decoded,12,35.0,-4.454045728115586,47.502018575717976,26.86251827216763,58.35753277551724,18.38269116014392,58.37548218212464,8.47984610892261
PedNYC7,PedNYC7_scenario12_CSV_Scenario_Ped_12_Session_temp_2024_03_01_15_26_15_decoded,12,36.0,-4.461225788791817,47.776245205553685,25.045269420693856,58.326592388603686,17.701631218148336,58.40755736482897,7.3440845159394215
PedNYC7,PedNYC7_scenario12_CSV_Scenario_Ped_12_Session_temp_2024_03_01_15_26_15_decoded,12,37.0,-4.410931689489581,48.015627353481634,23.219833371430084,58.29273636897567,17.03871633797956,58.445889008465656,6.183014112242907
PedNYC7,PedNYC7_scenario12_CSV_Scenario_Ped_12_Session_temp_2024_03_01_15_26_15_decoded,12,38.0,-4.340253818758994,48.30101676473192,21.386435241573086,58.255923149601834,16.398809604993367,58.491339672253964,4.993178389543564
PedNYC7,PedNYC7_scenario12_CSV_Scenario_Ped_12_Session_temp_2024_03_01_15_26_15_decoded,12,39.0,-4.325953933761605,48.5629538958203,19.545505665491874,58.2161231563595,15.781241712659979,58.544444111484935,3.7785549825514093
PedNYC7,PedNYC7_scenario12_CSV_Scenario_Ped_12_Session_temp_2024_03_01_15_26_15_decoded,12,40.0,-4.3303259913501995,48.811624265701276,17.69767871059966,58.17331151394064,15.18908388533875,58.605672591525064,2.5455812889663894
PedNYC7,PedNYC7_scenario12_CSV_Scenario_Ped_12_Session_temp_2024_03_01_15_26_15_decoded,12,41.0,-4.295110054822035,49.06981985832844,15.843153877428247,58.12746638765963,14.626993050516601,58.67538543121522,1.333889963679646
PedNYC7,PedNYC7_scenario12_CSV_Scenario_Ped_12_Session_temp_2024_03_01_15_26_15_decoded,12,42.0,-4.22406668338125,49.33611845858713,13.982278361626095,58.07856686210088,14.091708017778329,58.75338790901953,0.6836360837536161
PedNYC7,PedNYC7_scenario12_CSV_Scenario_Ped_12_Session_temp_2024_03_01_15_26_15_decoded,12,43.0,-4.190567365224716,49.59119861501079,12.115422233433147,58.02659553985734,13.578120184118934,58.84184317593058,1.6745488953934435
PedNYC7,PedNYC7_scenario12_CSV_Scenario_Ped_12_Session_temp_2024_03_01_15_26_15_decoded,12,44.0,-4.188288456684138,49.86720943182059,10.243156990281568,57.97152059906627,13.08102647081492,58.94398534653678,2.9998651425715006
PedNYC7,PedNYC7_scenario12_CSV_Scenario_Ped_12_Session_temp_2024_03_01_15_26_15_decoded,12,45.0,-4.132141951825922,50.10098812713286,8.36563937608159,57.913347036220664,12.590194528284563,59.05914462151463,4.377181552148617
PedNYC7,PedNYC7_scenario12_CSV_Scenario_Ped_12_Session_temp_2024_03_01_15_26_15_decoded,12,46.0,-4.013549540698644,50.33617664539994,6.482932437578799,57.852023221512,12.102360029568924,59.18350669773941,5.7750164250057825
PedNYC7,PedNYC7_scenario12_CSV_Scenario_Ped_12_Session_temp_2024_03_01_15_26_15_decoded,12,47.0,-3.957032719795399,50.51544037978551,4.595599988646133,57.78758145189226,11.617138373825192,59.318847407479296,7.186569189904375
PedNYC7,PedNYC7_scenario12_CSV_Scenario_Ped_12_Session_temp_2024_03_01_15_26_15_decoded,12,48.0,-3.9668536670562657,50.68030857123293,2.703993234959033,57.72000153546264,11.137621404805783,59.468064892645664,8.612886253048892
PedNYC7,PedNYC7_scenario12_CSV_Scenario_Ped_12_Session_temp_2024_03_01_15_26_15_decoded,12,49.0,-3.977150166599513,50.827258878520674,0.8081255078904492,57.649259028721204,10.665328092731077,59.633570014663505,10.054945692917494
PedNYC7,PedNYC7_scenario12_CSV_Scenario_Ped_12_Session_temp_2024_03_01_15_26_15_decoded,12,50.0,-3.9579534468331725,50.97413377568699,-1.0917633510749738,57.57527995478898,10.198990412960075,59.817600149339,11.511260591914269
PedNYC7,PedNYC7_scenario12_CSV_Scenario_Ped_12_Session_temp_2024_03_01_15_26_15_decoded,12,51.0,-3.890784274496456,51.15694218400891,-2.995621479304101,57.49813778069111,9.736661193854992,60.02040141884621,12.979708622676654
PedNYC7,PedNYC7_scenario12_CSV_Scenario_Ped_12_Session_temp_2024_03_01_15_26_15_decoded,12,52.0,-3.8459570600477777,51.334943647765435,-4.90257991861383,57.41780689880817,9.276195098326903,60.24455522155443,14.457806440161367
PedNYC7,PedNYC7_scenario12_CSV_Scenario_Ped_12_Session_temp_2024_03_01_15_26_15_decoded,12,53.0,-3.839865539001782,51.53079353383222,-6.813032837872266,57.33425670924226,8.821102246325811,60.490181581407334,15.949484055282271
PedNYC7,PedNYC7_scenario12_CSV_Scenario_Ped_12_Session_temp_2024_03_01_15_26_15_decoded,12,54.0,-3.8744524407707837,51.735973737095925,-8.726566055309862,57.247504058656,8.381659586023506,60.75932475157929,17.464944007182527
PedNYC7,PedNYC7_scenario12_CSV_Scenario_Ped_12_Session_temp_2024_03_01_15_26_15_decoded,12,55.0,-3.8925702481313813,51.92084107247603,-10.642814744426534,57.157520572670215,7.965156108921817,61.05219150542086,19.011181997799994
PedNYC7,PedNYC7_scenario12_CSV_Scenario_Ped_12_Session_temp_2024_03_01_15_26_15_decoded,12,56.0,-3.8929736042769827,52.14718018542,-12.562007863975484,57.064304919093175,7.571109398186001,61.36710007286979,20.587774450564304
PedNYC7,PedNYC7_scenario12_CSV_Scenario_Ped_12_Session_temp_2024_03_01_15_26_15_decoded,12,57.0,-3.922705692935969,52.36347640026242,-14.483810114544289,56.96785552158122,7.200245381244778,61.70315768268934,22.195074888394842
PedNYC7,PedNYC7_scenario12_CSV_Scenario_Ped_12_Session_temp_2024_03_01_15_26_15_decoded,12,58.0,-3.998646580476196,52.559457128922844,-16.408222413725596,56.86815833755713,6.852723317309879,62.06001112542593,23.833315582878488
PedNYC7,PedNYC7_scenario12_CSV_Scenario_Ped_12_Session_temp_2024_03_01_15_26_15_decoded,12,59.0,-4.0371897307461655,52.80461728215786,-18.33451331892653,56.76524127733836,6.523191860441074,62.4369783694124,25.496550912348273
PedNYC7,PedNYC7_scenario12_CSV_Scenario_Ped_12_Session_temp_2024_03_01_15_26_15_decoded,12,60.0,-4.001519589836495,53.07705858523802,-20.2631162888974,56.6590552733375,6.206691900134203,62.83217772179295,27.180106444378566
PedNYC7,PedNYC7_scenario12_CSV_Scenario_Ped_12_Session_temp_2024_03_01_15_26_15_decoded,12,61.0,-3.9632096210369956,53.36699251936848,-22.199545244664158,56.54292723968978,5.902164369555165,63.2439183929818,28.889606533810817
PedNYC7,PedNYC7_scenario12_CSV_Scenario_Ped_12_Session_temp_2024_03_01_15_26_15_decoded,12,62.0,-3.9761116726794747,53.65213787417711,-24.13337678727402,56.433800363899245,5.610336659923215,63.67267545220533,30.611922549442728
PedNYC7,PedNYC7_scenario12_CSV_Scenario_Ped_12_Session_temp_2024_03_01_15_26_15_decoded,12,63.0,-3.974997696274192,53.930194099844485,-26.05292962945831,56.31044611517748,5.323008303322117,64.1188609952821,32.33296806823538
PedNYC7,PedNYC7_scenario12_CSV_Scenario_Ped_12_Session_temp_2024_03_01_15_26_15_decoded,12,64.0,-3.9299243586615673,54.217539219950766,-27.972517270024245,56.186729405023456,5.036584843289467,64.58369321574347,34.060384959153254
PedNYC7,PedNYC7_scenario12_CSV_Scenario_Ped_12_Session_temp_2024_03_01_15_26_15_decoded,12,65.0,-3.9169902927930154,54.494299138731925,-29.898234734709465,56.05977781625666,4.750447566142563,65.06863845799356,35.80070886515535
PedNYC7,PedNYC7_scenario12_CSV_Scenario_Ped_12_Session_temp_2024_03_01_15_26_15_decoded,12,66.0,-3.9389813745512443,54.7698808326426,-31.82618854198347,55.92930550449393,4.468189414784446,65.56657805099579,37.552082411023214
PedNYC7,PedNYC7_scenario12_CSV_Scenario_Ped_12_Session_temp_2024_03_01_15_26_15_decoded,12,67.0,-3.913623079804794,55.01657058408881,-33.756228009470306,55.79581766421278,4.197012734630596,66.06812201576122,39.31880872649275
PedNYC7,PedNYC7_scenario12_CSV_Scenario_Ped_12_Session_temp_2024_03_01_15_26_15_decoded,12,68.0,-3.849425858974155,55.26016953948144,-35.687793272563106,55.65944649549554,3.944866358070973,66.58073324633746,41.10987975769094
PedNYC7,PedNYC7_scenario12_CSV_Scenario_Ped_12_Session_temp_2024_03_01_15_26_15_decoded,12,69.0,-3.827884903037337,55.45284380496128,-37.621219944531575,55.52017537114746,3.715882901097408,67.12537958409787,42.93526332159138
PedNYC7,PedNYC7_scenario12_CSV_Scenario_Ped_12_Session_temp_2024_03_01_15_26_15_decoded,12,70.0,-3.875966117952832,55.650597028595605,-39.55626905385662,55.37802578754016,3.5107432505636527,67.69482272677698,44.79364950159208
PedNYC7,PedNYC7_scenario12_CSV_Scenario_Ped_12_Session_temp_2024_03_01_15_26_15_decoded,12,71.0,-3.9114726689854065,55.8214936921438,-41.492989506536524,55.23298873731806,3.328472411742039,68.28497860698805,46.683164931800235
PedNYC7,PedNYC7_scenario12_CSV_Scenario_Ped_12_Session_temp_2024_03_01_15_26_15_decoded,12,72.0,-3.850366675321701,56.071351310424426,-43.43074855400206,55.08509982272173,3.1623891388086274,68.9065016802853,48.59991388232574
PedNYC7,PedNYC7_scenario12_CSV_Scenario_Ped_12_Session_temp_2024_03_01_15_26_15_decoded,12,73.0,-3.8036194867449575,56.339549308509795,-45.370084198254816,54.934298807303385,3.0108253256011794,69.56086106194198,50.54353301604824
PedNYC7,PedNYC7_scenario12_CSV_Scenario_Ped_12_Session_temp_2024_03_01_15_26_15_decoded,12,74.0,-3.7980386938111854,56.631368173104775,-47.306437662942194,54.79086839891494,2.8731001237263833,70.24976074418016,52.50679351308933
PedNYC7,PedNYC7_scenario12_CSV_Scenario_Ped_12_Session_temp_2024_03_01_15_26_15_decoded,12,75.0,-3.7779124454517166,56.91528722458695,-49.23230684082546,54.65015932657741,2.7511154316043696,70.9700878986686,54.48500949574949
PedNYC7,PedNYC7_scenario12_CSV_Scenario_Ped_12_Session_temp_2024_03_01_15_26_15_decoded,12,76.0,-3.717484945139425,57.2036208821648,-50.951896960343184,54.83029314573374,2.6485434314250207,71.73561803677298,56.203178022804785
PedNYC7,PedNYC7_scenario12_CSV_Scenario_Ped_12_Session_temp_2024_03_01_15_26_15_decoded,12,77.0,-3.7031509222735024,57.43311991331266,-52.39857647415972,55.42812072717132,2.5707857203909934,72.55377376160092,57.57533127938882
PedNYC7,PedNYC7_scenario12_CSV_Scenario_Ped_12_Session_temp_2024_03_01_15_26_15_decoded,12,78.0,-3.7432077394514827,57.66633488559574,-53.69495689914921,56.134173941551786,2.5064543638527406,73.390750484684,58.79105426799271
PedNYC7,PedNYC7_scenario12_CSV_Scenario_Ped_12_Session_temp_2024_03_01_15_26_15_decoded,12,79.0,-3.7592884323537104,57.95120950150266,-54.8550627270823,56.85248821152092,2.4528930771397404,74.22718292311575,59.883902801836385
PedNYC7,PedNYC7_scenario12_CSV_Scenario_Ped_12_Session_temp_2024_03_01_15_26_15_decoded,12,80.0,-3.719503651836197,58.21725983106089,-55.90106869068615,57.59159457301216,2.408499749361579,75.04937993483972,60.86690431921318
PedNYC7,PedNYC7_scenario12_CSV_Scenario_Ped_12_Session_temp_2024_03_01_15_26_15_decoded,12,81.0,-3.7197789444253693,58.458052724312154,-56.82646794081495,58.335205301813765,2.368308445556665,75.8430779257391,61.72962947603146
PedNYC7,PedNYC7_scenario12_CSV_Scenario_Ped_12_Session_temp_2024_03_01_15_26_15_decoded,12,82.0,-3.7683145004562104,58.70649997599821,-57.65466669285989,59.06031172532302,2.328955323315088,76.6028567152043,62.49620624407021
PedNYC7,PedNYC7_scenario12_CSV_Scenario_Ped_12_Session_temp_2024_03_01_15_26_15_decoded,12,83.0,-3.803024818020842,58.99309307568042,-58.409422450337594,59.761050972286256,2.2918853785983626,77.3374849981854,63.19477672410931
PedNYC7,PedNYC7_scenario12_CSV_Scenario_Ped_12_Session_temp_2024_03_01_15_26_15_decoded,12,84.0,-3.828336686259169,59.16025232972651,-59.081165282744344,60.41060766270383,2.262278322869643,78.05150763926059,63.82961244890982
PedNYC7,PedNYC7_scenario12_CSV_Scenario_Ped_12_Session_temp_2024_03_01_15_26_15_decoded,12,85.0,-3.889048781425368,59.415267390134915,-59.70058511732009,61.03510767770406,2.2405849283075856,78.73938537830341,64.42165781413345
PedNYC7,PedNYC7_scenario12_CSV_Scenario_Ped_12_Session_temp_2024_03_01_15_26_15_decoded,12,86.0,-3.9904305981576895,59.6052124791359,-59.83691934349283,61.13752897301198,2.240607211049289,79.36257556513357,64.69753957002449
PedNYC7,PedNYC7_scenario12_CSV_Scenario_Ped_12_Session_temp_2024_03_01_15_26_15_decoded,12,87.0,-4.096797222201324,59.76993693907817,-59.8366804461825,61.13721488978808,2.2458056181248423,79.92032240692816,64.8617005938432
PedNYC7,PedNYC7_scenario12_CSV_Scenario_Ped_12_Session_temp_2024_03_01_15_26_15_decoded,12,88.0,-4.168830206461531,59.97867797769953,-59.836466406360636,61.136925750002746,2.2558098990027897,80.42013712917431,65.01763620645869
PedNYC7,PedNYC7_scenario12_CSV_Scenario_Ped_12_Session_temp_2024_03_01_15_26_15_decoded,12,89.0,-4.216528833991154,60.166712721052114,-59.836210051529186,61.136609410467834,2.261968674024913,80.84642963737438,65.15106149870341
PedNYC7,PedNYC7_scenario12_CSV_Scenario_Ped_12_Session_temp_2024_03_01_15_26_15_decoded,12,90.0,-4.285863693523073,60.258328661140474,-59.835905200885534,61.13625539009452,2.2657773512810104,81.21323884730525,65.26640974154454
PedNYC7,PedNYC7_scenario12_CSV_Scenario_Ped_12_Session_temp_2024_03_01_15_26_15_decoded,12,91.0,-4.354409549230465,60.32897981154339,-59.83550262451172,61.1357724361293,2.269287207500214,81.53530645185099,65.36930402059485
PedNYC7,PedNYC7_scenario12_CSV_Scenario_Ped_12_Session_temp_2024_03_01_15_26_15_decoded,12,92.0,-4.363347842830932,60.47725230495562,-59.83527003719771,61.1355007356321,2.272877634208354,81.82192764078226,65.46258675973095
PedNYC7,PedNYC7_scenario12_CSV_Scenario_Ped_12_Session_temp_2024_03_01_15_26_15_decoded,12,93.0,-4.348302019198292,60.66065292384485,-59.83519231054566,61.13537589867981,2.276270857982402,82.08157546392341,65.54828093216808
PedNYC7,PedNYC7_scenario12_CSV_Scenario_Ped_12_Session_temp_2024_03_01_15_26_15_decoded,12,94.0,-4.364979781155546,60.77326939640766,-59.834927769262315,61.13507284837215,2.279591689071795,82.32097120609274,65.6281632895774
PedNYC7,PedNYC7_scenario12_CSV_Scenario_Ped_12_Session_temp_2024_03_01_15_26_15_decoded,12,95.0,-4.3875123338395925,60.8238527697503,-59.834714922884075,61.13482813236485,2.2826748088406736,82.53645376779066,65.70083475057146
PedNYC7,PedNYC7_scenario12_CSV_Scenario_Ped_12_Session_temp_2024_03_01_15_26_15_decoded,12,96.0,-4.410239168445055,60.9059591771128,-59.83448380213659,61.13454338886964,2.285409157183181,82.72531480281403,65.76505539818653
PedNYC7,PedNYC7_scenario12_CSV_Scenario_Ped_12_Session_temp_2024_03_01_15_26_15_decoded,12,97.0,-4.423570215393859,60.99737314575151,-59.83437103578753,61.1343907226981,2.28793688764587,82.88645323736631,65.82046312033903
PedNYC7,PedNYC7_scenario12_CSV_Scenario_Ped_12_Session_temp_2024_03_01_15_26_15_decoded,12,98.0,-4.410909337211896,61.01592560048289,-59.83424884843512,61.13422417883527,2.2904799665480953,83.02040692480422,65.86719157156432
PedNYC7,PedNYC7_scenario12_CSV_Scenario_Ped_12_Session_temp_2024_03_01_15_26_15_decoded,12,99.0,-4.372955980187595,60.96922462383617,-59.834097444956875,61.134042461676984,2.29315418468445,83.12843682711289,65.90560506174789
PedNYC7,PedNYC7_scenario12_CSV_Scenario_Ped_12_Session_temp_2024_03_01_15_26_15_decoded,12,100.0,-4.324471473693848,60.938663482666016,-59.83393859863281,61.13383483886719,2.165416012207667,83.5742031733195,65.93549956697558
PedNYC7,PedNYC7_scenario12_CSV_Scenario_Ped_12_Session_temp_2024_03_01_15_27_41_decoded,12,0.0,-4.783289432525635,45.56085205078125,44.24049377441406,58.51911926269531,49.71087803038519,58.21886866836355,5.478617921280271
PedNYC7,PedNYC7_scenario12_CSV_Scenario_Ped_12_Session_temp_2024_03_01_15_27_41_decoded,12,1.0,-4.782445412728645,45.64604566426385,43.30604847783837,58.51630850346435,48.81154167601853,58.22203667144088,5.513352089820717
PedNYC7,PedNYC7_scenario12_CSV_Scenario_Ped_12_Session_temp_2024_03_01_15_27_41_decoded,12,2.0,-4.785269030364083,45.75664920040083,42.377154972064616,58.512785087244254,47.899549641264926,58.226024529765546,5.529834943263451
PedNYC7,PedNYC7_scenario12_CSV_Scenario_Ped_12_Session_temp_2024_03_01_15_27_41_decoded,12,3.0,-4.776641478196841,45.85993711248735,41.45373600390784,58.50916134478847,46.97607816037263,58.23084442743293,5.529351064958207
PedNYC7,PedNYC7_scenario12_CSV_Scenario_Ped_12_Session_temp_2024_03_01_15_27_41_decoded,12,4.0,-4.74873541104648,45.9578517933106,40.53563355083429,58.50600790800597,46.03776523118833,58.235631171228775,5.5087708799464385
PedNYC7,PedNYC7_scenario12_CSV_Scenario_Ped_12_Session_temp_2024_03_01_15_27_41_decoded,12,5.0,-4.700537686958377,46.06552287223241,39.622712571166716,58.50319091230134,45.082804449089096,58.24113517646439,5.466376910169934
PedNYC7,PedNYC7_scenario12_CSV_Scenario_Ped_12_Session_temp_2024_03_01_15_27_41_decoded,12,6.0,-4.626098378262442,46.19589766728366,38.71495648890084,58.50068107590695,44.109915970367936,58.24688368349451,5.400925932010833
PedNYC7,PedNYC7_scenario12_CSV_Scenario_Ped_12_Session_temp_2024_03_01_15_27_41_decoded,12,7.0,-4.556410634049272,46.323911317568694,37.81193249554004,58.49848275066722,43.12826137257003,58.25136525943814,5.322069126121371
PedNYC7,PedNYC7_scenario12_CSV_Scenario_Ped_12_Session_temp_2024_03_01_15_27_41_decoded,12,8.0,-4.499505014754987,46.4493974724326,36.91352625722958,58.496596882374426,42.13297447199011,58.25438884094464,5.2250650141314186
PedNYC7,PedNYC7_scenario12_CSV_Scenario_Ped_12_Session_temp_2024_03_01_15_27_41_decoded,12,9.0,-4.46113551114755,46.576225789417656,36.019635846132616,58.49500863637044,41.130803373103205,58.257312109930595,5.116691619341567
PedNYC7,PedNYC7_scenario12_CSV_Scenario_Ped_12_Session_temp_2024_03_01_15_27_41_decoded,12,10.0,-4.423698709501379,46.73178970363089,35.12993167289862,58.49372167286734,40.12522966015949,58.25923090649846,5.000798726308104
PedNYC7,PedNYC7_scenario12_CSV_Scenario_Ped_12_Session_temp_2024_03_01_15_27_41_decoded,12,11.0,-4.368604881108817,46.901205155873704,34.2447443867053,58.49272738527848,39.121588677301794,58.25954062733463,4.882416030901504
PedNYC7,PedNYC7_scenario12_CSV_Scenario_Ped_12_Session_temp_2024_03_01_15_27_41_decoded,12,12.0,-4.301724006325142,47.075397201789166,33.36301015083996,58.4920251991861,38.125927755410686,58.259449216380716,4.768592632602162
PedNYC7,PedNYC7_scenario12_CSV_Scenario_Ped_12_Session_temp_2024_03_01_15_27_41_decoded,12,13.0,-4.247308509339472,47.20994095303915,32.484669018423766,58.491596695879686,37.13569360768573,58.25963450963021,4.65680536266753
PedNYC7,PedNYC7_scenario12_CSV_Scenario_Ped_12_Session_temp_2024_03_01_15_27_41_decoded,12,14.0,-4.182315951583872,47.38329441224666,31.607955792268758,58.491455353098566,36.151444685682485,58.2599069510196,4.5493852317735435
PedNYC7,PedNYC7_scenario12_CSV_Scenario_Ped_12_Session_temp_2024_03_01_15_27_41_decoded,12,15.0,-4.147583720138864,47.52807424965029,30.730923348872874,58.491593469185126,35.17426298330261,58.259832307840426,4.449379770574999
PedNYC7,PedNYC7_scenario12_CSV_Scenario_Ped_12_Session_temp_2024_03_01_15_27_41_decoded,12,16.0,-4.127036887905891,47.68462215922319,29.851772598561535,58.49202399970924,34.20370264223071,58.259080896920025,4.358159886251014
PedNYC7,PedNYC7_scenario12_CSV_Scenario_Ped_12_Session_temp_2024_03_01_15_27_41_decoded,12,17.0,-4.12106764415399,47.834600580442256,28.970531034578272,58.492742389811,33.23800375852567,58.257361878879074,4.273959222379363
PedNYC7,PedNYC7_scenario12_CSV_Scenario_Ped_12_Session_temp_2024_03_01_15_27_41_decoded,12,18.0,-4.1064398040515036,47.981122298035125,28.10062423236038,58.49360321096866,32.27666453121885,58.25619740815301,4.182783055921076
PedNYC7,PedNYC7_scenario12_CSV_Scenario_Ped_12_Session_temp_2024_03_01_15_27_41_decoded,12,19.0,-4.091819849918874,48.13296467018649,27.259514124684998,58.49394397232878,31.323291858409526,58.256235407089534,4.070724116309451
PedNYC7,PedNYC7_scenario12_CSV_Scenario_Ped_12_Session_temp_2024_03_01_15_27_41_decoded,12,20.0,-4.06981183534949,48.29089020338272,26.448466118704914,58.493885651138555,30.381292288594086,58.25779612343453,3.939906083608674
PedNYC7,PedNYC7_scenario12_CSV_Scenario_Ped_12_Session_temp_2024_03_01_15_27_41_decoded,12,21.0,-4.048090669769864,48.42422015856235,25.65396572684766,58.49322347824313,29.45298717689417,58.26064287979181,3.806134221580929
PedNYC7,PedNYC7_scenario12_CSV_Scenario_Ped_12_Session_temp_2024_03_01_15_27_41_decoded,12,22.0,-4.039056791095749,48.58636273636377,24.868438382530506,58.49031263733246,28.540255768680023,58.2644675222773,3.678756438421025
PedNYC7,PedNYC7_scenario12_CSV_Scenario_Ped_12_Session_temp_2024_03_01_15_27_41_decoded,12,23.0,-4.0502655204608216,48.76390176066031,24.089782865899956,58.48285896083799,27.64435050663565,58.26898153921581,3.560996302166722
PedNYC7,PedNYC7_scenario12_CSV_Scenario_Ped_12_Session_temp_2024_03_01_15_27_41_decoded,12,24.0,-4.083603245942717,48.90586239827319,23.317626513885124,58.470310331134414,26.769569517470867,58.273776281609734,3.457533243893272
PedNYC7,PedNYC7_scenario12_CSV_Scenario_Ped_12_Session_temp_2024_03_01_15_27_41_decoded,12,25.0,-4.114081991658925,49.055020245240065,22.55167048292199,58.45191433108297,25.910904890378447,58.278248445782665,3.363720506218744
PedNYC7,PedNYC7_scenario12_CSV_Scenario_Ped_12_Session_temp_2024_03_01_15_27_41_decoded,12,26.0,-4.137404954563413,49.22999977475612,21.79020538783753,58.4281367525216,25.06654373192686,58.282509185581844,3.2795731937559798
PedNYC7,PedNYC7_scenario12_CSV_Scenario_Ped_12_Session_temp_2024_03_01_15_27_41_decoded,12,27.0,-4.1119070583749,49.391814812430475,21.030800656798124,58.399117134018134,24.24631941777884,58.28643462840655,3.217492540673537
PedNYC7,PedNYC7_scenario12_CSV_Scenario_Ped_12_Session_temp_2024_03_01_15_27_41_decoded,12,28.0,-4.063196550332545,49.54436579293428,20.272015495218113,58.36484223945517,23.459697760336443,58.29018492964262,3.1885564033365275
PedNYC7,PedNYC7_scenario12_CSV_Scenario_Ped_12_Session_temp_2024_03_01_15_27_41_decoded,12,29.0,-4.031532060954428,49.679249033056095,19.51289298636493,58.32570524439691,22.69636539711844,58.294249814217046,3.183627810237337
PedNYC7,PedNYC7_scenario12_CSV_Scenario_Ped_12_Session_temp_2024_03_01_15_27_41_decoded,12,30.0,-4.010181172279101,49.8186781192338,18.753284482500618,58.28117150681985,21.94820042075727,58.29913889521508,3.1949664598508907
PedNYC7,PedNYC7_scenario12_CSV_Scenario_Ped_12_Session_temp_2024_03_01_15_27_41_decoded,12,31.0,-3.9810826613655266,49.965072588075955,17.99310527249611,58.23124990023551,21.21257410263812,58.30566005200966,3.220328619713058
PedNYC7,PedNYC7_scenario12_CSV_Scenario_Ped_12_Session_temp_2024_03_01_15_27_41_decoded,12,32.0,-3.942556847478482,50.103571147128676,17.23215212795547,58.17807135474943,20.4896373961614,58.31532623139423,3.260375618504935
PedNYC7,PedNYC7_scenario12_CSV_Scenario_Ped_12_Session_temp_2024_03_01_15_27_41_decoded,12,33.0,-3.9049683665521977,50.22490416601203,16.470963564867702,58.128121011415494,19.778258904111915,58.32969461514236,3.3134324164989284
PedNYC7,PedNYC7_scenario12_CSV_Scenario_Ped_12_Session_temp_2024_03_01_15_27_41_decoded,12,34.0,-3.8512200740698024,50.34891567538107,15.709427417853815,58.08618817507651,19.075671899909,58.34948501642774,3.3765258979656174
PedNYC7,PedNYC7_scenario12_CSV_Scenario_Ped_12_Session_temp_2024_03_01_15_27_41_decoded,12,35.0,-3.7716190127044134,50.46622760364503,14.948216232374657,58.06269355802403,18.38269116014392,58.37548218212464,3.448688845466121
PedNYC7,PedNYC7_scenario12_CSV_Scenario_Ped_12_Session_temp_2024_03_01_15_27_41_decoded,12,36.0,-3.6980662699181854,50.5785163199188,14.188888361414714,58.06616445828678,17.701631218148336,58.40755736482897,3.52929334204036
PedNYC7,PedNYC7_scenario12_CSV_Scenario_Ped_12_Session_temp_2024_03_01_15_27_41_decoded,12,37.0,-3.652014129045938,50.68982933517816,13.432913766054051,58.09879135479282,17.03871633797956,58.445889008465656,3.6224700093844544
PedNYC7,PedNYC7_scenario12_CSV_Scenario_Ped_12_Session_temp_2024_03_01_15_27_41_decoded,12,38.0,-3.636190799022615,50.79531019369096,12.681692380531038,58.16291139549624,16.398809604993367,58.491339672253964,3.7315982625905195
PedNYC7,PedNYC7_scenario12_CSV_Scenario_Ped_12_Session_temp_2024_03_01_15_27_41_decoded,12,39.0,-3.6485303738414245,50.93203273624209,11.936090023499847,58.259291550063324,15.781241712659979,58.544444111484935,3.8557105046847484
PedNYC7,PedNYC7_scenario12_CSV_Scenario_Ped_12_Session_temp_2024_03_01_15_27_41_decoded,12,40.0,-3.6542939420224374,51.057277558205875,11.199295764633193,58.39043590045273,15.18908388533875,58.605672591525064,3.9955895786863476
PedNYC7,PedNYC7_scenario12_CSV_Scenario_Ped_12_Session_temp_2024_03_01_15_27_41_decoded,12,41.0,-3.638714980686986,51.18579046133613,10.476957567320976,58.55865608764156,14.626993050516601,58.67538543121522,4.15167679997298
PedNYC7,PedNYC7_scenario12_CSV_Scenario_Ped_12_Session_temp_2024_03_01_15_27_41_decoded,12,42.0,-3.5991138926240747,51.329140052107725,9.773488557100311,58.76566646592152,14.091708017778329,58.75338790901953,4.3182369172543025
PedNYC7,PedNYC7_scenario12_CSV_Scenario_Ped_12_Session_temp_2024_03_01_15_27_41_decoded,12,43.0,-3.5383692402923224,51.47225463297986,9.093312125660573,59.01528704168404,13.578120184118934,58.84184317593058,4.488160658419054
PedNYC7,PedNYC7_scenario12_CSV_Scenario_Ped_12_Session_temp_2024_03_01_15_27_41_decoded,12,44.0,-3.4815046395427514,51.627120905887935,8.443091314193278,59.30954717533194,13.08102647081492,58.94398534653678,4.652319633010944
PedNYC7,PedNYC7_scenario12_CSV_Scenario_Ped_12_Session_temp_2024_03_01_15_27_41_decoded,12,45.0,-3.449328450815339,51.778010274896594,7.8290117788136495,59.64625779047274,12.590194528284563,59.05914462151463,4.797245360310794
PedNYC7,PedNYC7_scenario12_CSV_Scenario_Ped_12_Session_temp_2024_03_01_15_27_41_decoded,12,46.0,-3.4366228342706386,51.939241635950985,7.25621585131479,60.02145794193776,12.102360029568924,59.18350669773941,4.9180560879355575
PedNYC7,PedNYC7_scenario12_CSV_Scenario_Ped_12_Session_temp_2024_03_01_15_27_41_decoded,12,47.0,-3.4282635046969028,52.1096769247823,6.725217339929427,60.42898026532561,11.617138373825192,59.318847407479296,5.016302060675956
PedNYC7,PedNYC7_scenario12_CSV_Scenario_Ped_12_Session_temp_2024_03_01_15_27_41_decoded,12,48.0,-3.40760456978553,52.27480744153884,6.236423503603208,60.86378645094759,11.137621404805783,59.468064892645664,5.096055291601661
PedNYC7,PedNYC7_scenario12_CSV_Scenario_Ped_12_Session_temp_2024_03_01_15_27_41_decoded,12,49.0,-3.3726596771026496,52.43881766522433,5.7910830949333985,61.322204948844366,10.665328092731077,59.633570014663505,5.158464135718274
PedNYC7,PedNYC7_scenario12_CSV_Scenario_Ped_12_Session_temp_2024_03_01_15_27_41_decoded,12,50.0,-3.3196176300619347,52.61236821115368,5.387810311454734,61.79994607744151,10.198990412960075,59.817600149339,5.203570826632952
PedNYC7,PedNYC7_scenario12_CSV_Scenario_Ped_12_Session_temp_2024_03_01_15_27_41_decoded,12,51.0,-3.2845916646733584,52.786797002856225,5.026211037663305,62.293355109934026,9.736661193854992,60.02040141884621,5.230168176626446
PedNYC7,PedNYC7_scenario12_CSV_Scenario_Ped_12_Session_temp_2024_03_01_15_27_41_decoded,12,52.0,-3.286545087588042,52.9687091289402,4.705534350032639,62.7991922452535,9.276195098326903,60.24455522155443,5.236135024887339
PedNYC7,PedNYC7_scenario12_CSV_Scenario_Ped_12_Session_temp_2024_03_01_15_27_41_decoded,12,53.0,-3.31883696855253,53.15644064094781,4.42521150217469,63.31427244685546,8.821102246325811,60.490181581407334,5.224877477110927
PedNYC7,PedNYC7_scenario12_CSV_Scenario_Ped_12_Session_temp_2024_03_01_15_27_41_decoded,12,54.0,-3.3516159432444246,53.336894840617205,4.183535518034994,63.836037535184026,8.381659586023506,60.75932475157929,5.204844593551397
PedNYC7,PedNYC7_scenario12_CSV_Scenario_Ped_12_Session_temp_2024_03_01_15_27_41_decoded,12,55.0,-3.377604027420084,53.51702324109139,3.979615309570565,64.36207124563606,7.965156108921817,61.05219150542086,5.180718034981297
PedNYC7,PedNYC7_scenario12_CSV_Scenario_Ped_12_Session_temp_2024_03_01_15_27_41_decoded,12,56.0,-3.3981613535627195,53.70720012568567,3.8116140476736273,64.89052627651787,7.571109398186001,61.36710007286979,5.152507884814745
PedNYC7,PedNYC7_scenario12_CSV_Scenario_Ped_12_Session_temp_2024_03_01_15_27_41_decoded,12,57.0,-3.396439201685959,53.90184044824872,3.678592449266138,65.41925593481915,7.200245381244778,61.70315768268934,5.119709522306513
PedNYC7,PedNYC7_scenario12_CSV_Scenario_Ped_12_Session_temp_2024_03_01_15_27_41_decoded,12,58.0,-3.4024617532108765,54.097905994091384,3.5785016588259193,65.94649438483496,6.852723317309879,62.06001112542593,5.081857888071263
PedNYC7,PedNYC7_scenario12_CSV_Scenario_Ped_12_Session_temp_2024_03_01_15_27_41_decoded,12,59.0,-3.4183427637936603,54.29532809908871,3.503776295398511,66.47053031218587,6.523191860441074,62.4369783694124,5.038492991904716
PedNYC7,PedNYC7_scenario12_CSV_Scenario_Ped_12_Session_temp_2024_03_01_15_27_41_decoded,12,60.0,-3.436156243589997,54.502946362457145,3.4516241002502897,66.99054613444474,6.206691900134203,62.83217772179295,4.988228787585564
PedNYC7,PedNYC7_scenario12_CSV_Scenario_Ped_12_Session_temp_2024_03_01_15_27_41_decoded,12,61.0,-3.421726488755387,54.693212788879734,3.414319976308951,67.50586681616612,5.902164369555165,63.2439183929818,4.934934050915975
PedNYC7,PedNYC7_scenario12_CSV_Scenario_Ped_12_Session_temp_2024_03_01_15_27_41_decoded,12,62.0,-3.4018609466753187,54.8779851193794,3.3758992756055077,68.01605709407963,5.610336659923215,63.67267545220533,4.88443185144467
PedNYC7,PedNYC7_scenario12_CSV_Scenario_Ped_12_Session_temp_2024_03_01_15_27_41_decoded,12,63.0,-3.3784622327305067,55.09457903560958,3.3278438996420814,68.51965774392221,5.323008303322117,64.1188609952821,4.831945055622345
PedNYC7,PedNYC7_scenario12_CSV_Scenario_Ped_12_Session_temp_2024_03_01_15_27_41_decoded,12,64.0,-3.381447048465502,55.29700687685504,3.2710028285102846,69.01633017566492,5.036584843289467,64.58369321574347,4.771325839782211
PedNYC7,PedNYC7_scenario12_CSV_Scenario_Ped_12_Session_temp_2024_03_01_15_27_41_decoded,12,65.0,-3.399000281488903,55.518117258328175,3.2130591491435987,69.50972047872516,4.750447566142563,65.06863845799356,4.699656653372462
PedNYC7,PedNYC7_scenario12_CSV_Scenario_Ped_12_Session_temp_2024_03_01_15_27_41_decoded,12,66.0,-3.4212195608042557,55.747930948433904,3.15860724252454,70.00804210806162,4.468189414784446,65.56657805099579,4.630508442504843
PedNYC7,PedNYC7_scenario12_CSV_Scenario_Ped_12_Session_temp_2024_03_01_15_27_41_decoded,12,67.0,-3.408974615220052,55.98486324850711,3.111280857898734,70.51780689517011,4.197012734630596,66.06812201576122,4.580230259953294
PedNYC7,PedNYC7_scenario12_CSV_Scenario_Ped_12_Session_temp_2024_03_01_15_27_41_decoded,12,68.0,-3.3655338342405305,56.228068494837714,3.0762632223607467,71.04172066911246,3.944866358070973,66.58073324633746,4.5447640415672215
PedNYC7,PedNYC7_scenario12_CSV_Scenario_Ped_12_Session_temp_2024_03_01_15_27_41_decoded,12,69.0,-3.3286727760476658,56.47485620931397,3.056069523279237,71.5808258962197,3.715882901097408,67.12537958409787,4.504037692309843
PedNYC7,PedNYC7_scenario12_CSV_Scenario_Ped_12_Session_temp_2024_03_01_15_27_41_decoded,12,70.0,-3.3247250072107546,56.7063489006128,3.0487142065313395,72.13543452714097,3.5107432505636527,67.69482272677698,4.4645832951196445
PedNYC7,PedNYC7_scenario12_CSV_Scenario_Ped_12_Session_temp_2024_03_01_15_27_41_decoded,12,71.0,-3.3398041218440633,56.978915080685375,3.053672115754109,72.7054781197981,3.328472411742039,68.28497860698805,4.429032755063906
PedNYC7,PedNYC7_scenario12_CSV_Scenario_Ped_12_Session_temp_2024_03_01_15_27_41_decoded,12,72.0,-3.334708449203163,57.179728219921884,3.0686977828068898,73.2908642785138,3.1623891388086274,68.9065016802853,4.38536354968825
PedNYC7,PedNYC7_scenario12_CSV_Scenario_Ped_12_Session_temp_2024_03_01_15_27_41_decoded,12,73.0,-3.292324732424801,57.44852558111197,3.087103383091151,73.89177641174831,3.0108253256011794,69.56086106194198,4.3315870197010415
PedNYC7,PedNYC7_scenario12_CSV_Scenario_Ped_12_Session_temp_2024_03_01_15_27_41_decoded,12,74.0,-3.232940254770509,57.6923854527111,3.0991221739026216,74.50940001854619,2.8731001237263833,70.24976074418016,4.265631572802247
PedNYC7,PedNYC7_scenario12_CSV_Scenario_Ped_12_Session_temp_2024_03_01_15_27_41_decoded,12,75.0,-3.2067621863676186,57.80561677318408,3.1053495269278555,75.14611869042105,2.7511154316043696,70.9700878986686,4.19102791304881
PedNYC7,PedNYC7_scenario12_CSV_Scenario_Ped_12_Session_temp_2024_03_01_15_27_41_decoded,12,76.0,-3.142587631633782,58.182780618879995,3.1087615500486603,75.80326698225447,2.6485434314250207,71.73561803677298,4.093600940539538
PedNYC7,PedNYC7_scenario12_CSV_Scenario_Ped_12_Session_temp_2024_03_01_15_27_41_decoded,12,77.0,-3.1028606706384365,58.43765393142936,3.1093462053724545,76.4806871777677,2.5707857203909934,72.55377376160092,3.9636720820539817
PedNYC7,PedNYC7_scenario12_CSV_Scenario_Ped_12_Session_temp_2024_03_01_15_27_41_decoded,12,78.0,-3.0429239059504787,58.67215828623036,3.1079327931559813,77.17056142413337,2.5064543638527406,73.390750484684,3.827368160877415
PedNYC7,PedNYC7_scenario12_CSV_Scenario_Ped_12_Session_temp_2024_03_01_15_27_41_decoded,12,79.0,-2.948367999521527,58.91905110173937,3.105386733158235,77.84933950197745,2.4528930771397404,74.22718292311575,3.6804573429039382
PedNYC7,PedNYC7_scenario12_CSV_Scenario_Ped_12_Session_temp_2024_03_01_15_27_41_decoded,12,80.0,-2.8859035881705912,59.102764633673466,3.1014317817273347,78.50077602985243,2.408499749361579,75.04937993483972,3.520268428138333
PedNYC7,PedNYC7_scenario12_CSV_Scenario_Ped_12_Session_temp_2024_03_01_15_27_41_decoded,12,81.0,-2.8227076948942083,59.307909821550474,3.0971722322955078,79.01907179109902,2.368308445556665,75.8430779257391,3.2585548104064754
PedNYC7,PedNYC7_scenario12_CSV_Scenario_Ped_12_Session_temp_2024_03_01_15_27_41_decoded,12,82.0,-2.763550398871062,59.517154280995584,3.0947341320963435,79.2651731261347,2.328955323315088,76.6028567152043,2.770260972523667
PedNYC7,PedNYC7_scenario12_CSV_Scenario_Ped_12_Session_temp_2024_03_01_15_27_41_decoded,12,83.0,-2.684230331135365,59.75266935712272,3.0944908256049675,79.29005011794553,2.2918853785983626,77.3374849981854,2.1110864621015732
PedNYC7,PedNYC7_scenario12_CSV_Scenario_Ped_12_Session_temp_2024_03_01_15_27_41_decoded,12,84.0,-2.625934154176703,59.888288021555304,3.094485991519421,79.29070882603875,2.262278322869643,78.05150763926059,1.4927120234900972
PedNYC7,PedNYC7_scenario12_CSV_Scenario_Ped_12_Session_temp_2024_03_01_15_27_41_decoded,12,85.0,-2.537510948338997,60.029082866681534,3.0944832107118994,79.29097179543292,2.2405849283075856,78.73938537830341,1.0165578450116899
PedNYC7,PedNYC7_scenario12_CSV_Scenario_Ped_12_Session_temp_2024_03_01_15_27_41_decoded,12,86.0,-2.457204816496691,60.15558710711956,3.0944818256700533,79.29103852332754,2.240607211049289,79.36257556513357,0.8568660372801081
PedNYC7,PedNYC7_scenario12_CSV_Scenario_Ped_12_Session_temp_2024_03_01_15_27_41_decoded,12,87.0,-2.396556970713691,60.297084283894435,3.094481582799063,79.2910464376764,2.2458056181248423,79.92032240692816,1.0565221902513298
PedNYC7,PedNYC7_scenario12_CSV_Scenario_Ped_12_Session_temp_2024_03_01_15_27_41_decoded,12,88.0,-2.364243677502064,60.44253910530081,3.0944771112398333,79.29144032626725,2.2558098990027897,80.42013712917431,1.406171812323824
PedNYC7,PedNYC7_scenario12_CSV_Scenario_Ped_12_Session_temp_2024_03_01_15_27_41_decoded,12,89.0,-2.323571401087545,60.566154975900346,3.0944681309338145,79.29215882470251,2.261968674024913,80.84642963737438,1.7631826635029344
PedNYC7,PedNYC7_scenario12_CSV_Scenario_Ped_12_Session_temp_2024_03_01_15_27_41_decoded,12,90.0,-2.24848053537112,60.67769773608277,3.0944631503068463,79.29265207249588,2.2657773512810104,81.21323884730525,2.0917393989404434
PedNYC7,PedNYC7_scenario12_CSV_Scenario_Ped_12_Session_temp_2024_03_01_15_27_41_decoded,12,91.0,-2.1630995832235005,60.75131848524286,3.094458196585497,79.29320242920168,2.269287207500214,81.53530645185099,2.3891290483371046
PedNYC7,PedNYC7_scenario12_CSV_Scenario_Ped_12_Session_temp_2024_03_01_15_27_41_decoded,12,92.0,-2.099494102351261,60.8025905610616,3.0944507113221755,79.29388132152621,2.272877634208354,81.82192764078226,2.6581949727855423
PedNYC7,PedNYC7_scenario12_CSV_Scenario_Ped_12_Session_temp_2024_03_01_15_27_41_decoded,12,93.0,-2.057134169225495,60.838441343464645,3.0944446105851786,79.29448529153775,2.276270857982402,82.08157546392341,2.904699626201794
PedNYC7,PedNYC7_scenario12_CSV_Scenario_Ped_12_Session_temp_2024_03_01_15_27_41_decoded,12,94.0,-2.0544540839936785,60.87666204867295,3.094437602668407,79.29511990457513,2.279591689071795,82.32097120609274,3.1336480277467156
PedNYC7,PedNYC7_scenario12_CSV_Scenario_Ped_12_Session_temp_2024_03_01_15_27_41_decoded,12,95.0,-2.076703814756679,60.91395018610676,3.0944298570028206,79.29578022185505,2.2826748088406736,82.53645376779066,3.3407950086085183
PedNYC7,PedNYC7_scenario12_CSV_Scenario_Ped_12_Session_temp_2024_03_01_15_27_41_decoded,12,96.0,-2.091361180617795,60.94818265350492,3.094423899829071,79.29630962537918,2.285409157183181,82.72531480281403,3.523149352595398
PedNYC7,PedNYC7_scenario12_CSV_Scenario_Ped_12_Session_temp_2024_03_01_15_27_41_decoded,12,97.0,-2.093197478187876,60.952568535065986,3.0944175755617844,79.29685943910533,2.28793688764587,82.88645323736631,3.679075255617232
PedNYC7,PedNYC7_scenario12_CSV_Scenario_Ped_12_Session_temp_2024_03_01_15_27_41_decoded,12,98.0,-2.097929380855475,60.92447562556394,3.0944131475881664,79.29730656281274,2.2904799665480953,83.02040692480422,3.808908618625331
PedNYC7,PedNYC7_scenario12_CSV_Scenario_Ped_12_Session_temp_2024_03_01_15_27_41_decoded,12,99.0,-2.109520508153405,60.889081456935585,3.09440780708165,79.29777428725146,2.29315418468445,83.12843682711289,3.91356395906625
PedNYC7,PedNYC7_scenario12_CSV_Scenario_Ped_12_Session_temp_2024_03_01_15_27_41_decoded,12,100.0,,,,,2.165416012207667,83.5742031733195,
PedNYC8,PedNYC8_scenario12,12,0.0,-5.020798683166504,45.614505767822266,45.591552734375,58.59550476074219,49.71087803038519,58.21886866836355,4.136507662319953
PedNYC8,PedNYC8_scenario12,12,1.0,-5.019249209471381,45.67940889220156,44.49362336309946,58.60328029807862,48.81154167601853,58.22203667144088,4.334716283667682
PedNYC8,PedNYC8_scenario12,12,2.0,-4.990760122779301,45.751145962614125,43.39975001140412,58.61061905623049,47.899549641264926,58.226024529765546,4.516205227697498
PedNYC8,PedNYC8_scenario12,12,3.0,-4.932582247297643,45.82218770528244,42.32191895638483,58.6174877064915,46.97607816037263,58.23084442743293,4.670191743526763
PedNYC8,PedNYC8_scenario12,12,4.0,-4.858536702560673,45.90654380959524,41.27458403242769,58.62376091028637,46.03776523118833,58.235631171228775,4.778968489806956
PedNYC8,PedNYC8_scenario12,12,5.0,-4.783177427513661,46.009000184878055,40.26387985755538,58.62940217496755,45.082804449089096,58.24113517646439,4.834540875927624
PedNYC8,PedNYC8_scenario12,12,6.0,-4.733836928286334,46.12287682795512,39.290006441872826,58.63445509582482,44.109915970367936,58.24688368349451,4.83546682984525
PedNYC8,PedNYC8_scenario12,12,7.0,-4.700910424112493,46.24343049800148,38.35468783294408,58.63899784326923,43.12826137257003,58.25136525943814,4.789286309907206
PedNYC8,PedNYC8_scenario12,12,8.0,-4.684623461189795,46.39769681480305,37.45616901616721,58.64315338365588,42.13297447199011,58.25438884094464,4.692935876536598
PedNYC8,PedNYC8_scenario12,12,9.0,-4.67932240170806,46.56155725114382,36.59249747154526,58.64694412770505,41.130803373103205,58.257312109930595,4.555000940218419
PedNYC8,PedNYC8_scenario12,12,10.0,-4.657901525605498,46.726058835474674,35.76273842835743,58.650367346067846,40.12522966015949,58.25923090649846,4.379990577833345
PedNYC8,PedNYC8_scenario12,12,11.0,-4.619509320424195,46.89078196759103,34.966447166417325,58.653479042491654,39.121588677301794,58.25954062733463,4.173773885874952
PedNYC8,PedNYC8_scenario12,12,12.0,-4.559283992787424,47.075886144469536,34.20092077231366,58.65629415143562,38.125927755410686,58.259449216380716,3.9450178351737724
PedNYC8,PedNYC8_scenario12,12,13.0,-4.502327365895103,47.268677644143466,33.46254795273133,58.65885473405582,37.13569360768573,58.25963450963021,3.6947768254795648
PedNYC8,PedNYC8_scenario12,12,14.0,-4.468029803964392,47.45753668628827,32.74802619376507,58.66118733646724,36.151444685682485,58.2599069510196,3.4269933438614104
PedNYC8,PedNYC8_scenario12,12,15.0,-4.4533299781487825,47.67596834585919,32.05168749851063,58.663319484787074,35.17426298330261,58.259832307840426,3.1485360979642976
PedNYC8,PedNYC8_scenario12,12,16.0,-4.448984179815462,47.88694382064018,31.37193517460131,58.665272322424414,34.20370264223071,58.259080896920025,2.860751381171999
PedNYC8,PedNYC8_scenario12,12,17.0,-4.4321466804378336,48.10022245943132,30.705089453530626,58.667058834292035,33.23800375852567,58.257361878879074,2.5658344591425197
PedNYC8,PedNYC8_scenario12,12,18.0,-4.399393028796627,48.3262809553169,30.048338364413258,58.668694421384714,32.27666453121885,58.25619740815301,2.2661843022127695
PedNYC8,PedNYC8_scenario12,12,19.0,-4.366112481949203,48.54649767487857,29.398975832150665,58.67018959350004,31.323291858409526,58.256235407089534,1.9683369217091566
PedNYC8,PedNYC8_scenario12,12,20.0,-4.351860925403546,48.755648136370056,28.755599123149953,58.67156113898702,30.381292288594086,58.25779612343453,1.677521909325455
PedNYC8,PedNYC8_scenario12,12,21.0,-4.358897142777153,48.95313087672362,28.11655823008166,58.672809907699744,29.45298717689417,58.26064287979181,1.3985435240895603
PedNYC8,PedNYC8_scenario12,12,22.0,-4.3779279617032785,49.164433318038235,27.481520953040572,58.673937710962356,28.540255768680023,58.2644675222773,1.1351586872630965
PedNYC8,PedNYC8_scenario12,12,23.0,-4.380848016711252,49.370671362229174,26.847925075066932,58.67494820819997,27.64435050663565,58.26898153921581,0.8939252789666011
PedNYC8,PedNYC8_scenario12,12,24.0,-4.364633778568177,49.60202886615716,26.213883576697576,58.67584285747118,26.769569517470867,58.273776281609734,0.6858894927012995
PedNYC8,PedNYC8_scenario12,12,25.0,-4.3488046122394355,49.80940127379515,25.576414790181953,58.676633553451204,25.910904890378447,58.278248445782665,0.5201868136944007
PedNYC8,PedNYC8_scenario12,12,26.0,-4.351437784338599,49.99112769528913,24.933541221086134,58.677323795794685,25.06654373192686,58.282509185581844,0.416615223350581
PedNYC8,PedNYC8_scenario12,12,27.0,-4.369465096073864,50.249670426233195,24.28519658402058,58.677899443324044,24.24631941777884,58.28643462840655,0.3933905634015301
PedNYC8,PedNYC8_scenario12,12,28.0,-4.387294790865504,50.457501752736704,23.63060683913157,58.678347388634094,23.459697760336443,58.29018492964262,0.42412263295526487
PedNYC8,PedNYC8_scenario12,12,29.0,-4.379258370031026,50.689945247292016,22.97093985647245,58.678521521169,22.69636539711844,58.294249814217046,0.4722879190634855
PedNYC8,PedNYC8_scenario12,12,30.0,-4.353813338777499,50.889253220970225,22.307725664315047,58.678423128216444,21.94820042075727,58.29913889521508,0.5226039898036672
PedNYC8,PedNYC8_scenario12,12,31.0,-4.315012284527744,51.116863728564894,21.642046868324705,58.678079299594835,21.21257410263812,58.30566005200966,0.5684566407725359
PedNYC8,PedNYC8_scenario12,12,32.0,-4.29288787222313,51.360110019700016,20.97235249013468,58.67732572959953,20.4896373961614,58.31532623139423,0.6033717748208987
PedNYC8,PedNYC8_scenario12,12,33.0,-4.2807299845647,51.55404820934603,20.298748559038987,58.67608734400252,19.778258904111915,58.32969461514236,0.6252178848155983
PedNYC8,PedNYC8_scenario12,12,34.0,-4.2656473141553555,51.762838914569556,19.62227539293189,58.67444809542475,19.075671899909,58.34948501642774,0.6359059531849343
PedNYC8,PedNYC8_scenario12,12,35.0,-4.248564077583719,51.94465579269537,18.943387607450454,58.67239529243373,18.38269116014392,58.37548218212464,0.6344587465671685
PedNYC8,PedNYC8_scenario12,12,36.0,-4.229872207467077,52.14265032617756,18.270815409866575,58.67004876399481,17.701631218148336,58.40755736482897,0.6267953244385166
PedNYC8,PedNYC8_scenario12,12,37.0,-4.196010535130798,52.39907283330922,17.615034706935493,58.667457332018785,17.03871633797956,58.445889008465656,0.6174426162795769
PedNYC8,PedNYC8_scenario12,12,38.0,-4.175209072575758,52.613562892951464,16.98301027249911,58.664725225817214,16.398809604993367,58.491339672253964,0.6093873727757998
PedNYC8,PedNYC8_scenario12,12,39.0,-4.171277056652327,52.823430220362425,16.373907377332475,58.66257960815178,15.781241712659979,58.544444111484935,0.6043249007400031
PedNYC8,PedNYC8_scenario12,12,40.0,-4.173670748991861,53.06810790169096,15.79015703191682,58.6623165999968,15.18908388533875,58.605672591525064,0.6037362596639432
PedNYC8,PedNYC8_scenario12,12,41.0,-4.166111116037568,53.30863248742914,15.2302266848325,58.6641450563623,14.626993050516601,58.67538543121522,0.6033383491846027
PedNYC8,PedNYC8_scenario12,12,42.0,-4.141178662637757,53.52677675286704,14.692448860211568,58.668963903725256,14.091708017778329,58.75338790901953,0.6066440244800291
PedNYC8,PedNYC8_scenario12,12,43.0,-4.1172407542632685,53.703776968626954,14.175662650933019,58.68037106237268,13.578120184118934,58.84184317593058,0.618975155481314
PedNYC8,PedNYC8_scenario12,12,44.0,-4.10552844693964,53.86525847852369,13.679678367735908,58.69935319043424,13.08102647081492,58.94398534653678,0.6467062590438368
PedNYC8,PedNYC8_scenario12,12,45.0,-4.108037743480749,54.03125997586743,13.203844858850259,58.72348442931745,12.590194528284563,59.05914462151463,0.6994529954394622
PedNYC8,PedNYC8_scenario12,12,46.0,-4.124223359327824,54.22166474929845,12.746665433175586,58.75265680782227,12.102360029568924,59.18350669773941,0.7750877890654427
PedNYC8,PedNYC8_scenario12,12,47.0,-4.143484191467953,54.4266611474019,12.307146898774487,58.78829143167904,11.617138373825192,59.318847407479296,0.8704030146777196
PedNYC8,PedNYC8_scenario12,12,48.0,-4.145046875971722,54.655841478979895,11.883449682376822,58.83472307132356,11.137621404805783,59.468064892645664,0.9784588301304172
PedNYC8,PedNYC8_scenario12,12,49.0,-4.128512021352914,54.8818804614488,11.473633870885902,58.884052514519375,10.665328092731077,59.633570014663505,1.1023314900794507
PedNYC8,PedNYC8_scenario12,12,50.0,-4.11416569736893,55.105408454570835,11.066612350740334,58.94624342070543,10.198990412960075,59.817600149339,1.2296464432724437
PedNYC8,PedNYC8_scenario12,12,51.0,-4.1045442984466725,55.32962266652801,10.665519652866411,59.02445216744771,9.736661193854992,60.02040141884621,1.3618711202747125
PedNYC8,PedNYC8_scenario12,12,52.0,-4.092716724735062,55.55813747736996,10.252240403194307,59.118465803278575,9.276195098326903,60.24455522155443,1.4902153586332925
PedNYC8,PedNYC8_scenario12,12,53.0,-4.06029797058204,55.765109449493174,9.832610136661895,59.2237308163938,8.821102246325811,60.490181581407334,1.6208163845468522
PedNYC8,PedNYC8_scenario12,12,54.0,-4.0147238974207315,55.990364007309694,9.410115224373817,59.35661085996601,8.381659586023506,60.75932475157929,1.7393467916949228
PedNYC8,PedNYC8_scenario12,12,55.0,-3.981720141684933,56.23042781820569,8.994486996316054,59.515938346986225,7.965156108921817,61.05219150542086,1.849214926000813
PedNYC8,PedNYC8_scenario12,12,56.0,-3.971125335961493,56.46670789969079,8.576428401566236,59.7106478804881,7.571109398186001,61.36710007286979,1.937653262119811
PedNYC8,PedNYC8_scenario12,12,57.0,-3.948500728799305,56.68794158542205,8.15855634282233,59.94449524571839,7.200245381244778,61.70315768268934,2.0028113905938003
PedNYC8,PedNYC8_scenario12,12,58.0,-3.9407826850967376,56.90670021190129,7.74776040216837,60.21771943474258,6.852723317309879,62.06001112542593,2.0482016641026624
PedNYC8,PedNYC8_scenario12,12,59.0,-3.9407384909353023,57.109827571515694,7.351277403448582,60.53184766307016,6.523191860441074,62.4369783694124,2.0773176634270762
PedNYC8,PedNYC8_scenario12,12,60.0,-3.9385427690362107,57.33653489808232,6.975004634722566,60.88626452674411,6.206691900134203,62.83217772179295,2.0921000503790097
PedNYC8,PedNYC8_scenario12,12,61.0,-3.9816653675305225,57.60634481384915,6.621266297031046,61.285739870556604,5.902164369555165,63.2439183929818,2.0860418758468966
PedNYC8,PedNYC8_scenario12,12,62.0,-4.02721311704195,57.84556719155595,6.301406296641443,61.71903989849493,5.610336659923215,63.67267545220533,2.072261836620852
PedNYC8,PedNYC8_scenario12,12,63.0,-4.047896187400903,58.05953975854239,6.019238210421559,62.18508905796011,5.323008303322117,64.1188609952821,2.0552882982963117
PedNYC8,PedNYC8_scenario12,12,64.0,-4.051091881594524,58.287099217785766,5.779676804067278,62.68003183574665,5.036584843289467,64.58369321574347,2.0435538436420035
PedNYC8,PedNYC8_scenario12,12,65.0,-4.030377747149101,58.50499071458239,5.584930384165265,63.201104384969724,4.750447566142563,65.06863845799356,2.0454938492892363
PedNYC8,PedNYC8_scenario12,12,66.0,-3.9950655394987735,58.724692333723624,5.43557701930501,63.74518825370128,4.468189414784446,65.56657805099579,2.0623529210754796
PedNYC8,PedNYC8_scenario12,12,67.0,-3.972141358870254,58.92646892022962,5.328416116850468,64.3110861256124,4.197012734630596,66.06812201576122,2.089796337581631
PedNYC8,PedNYC8_scenario12,12,68.0,-3.9565585080764816,59.15788815834626,5.258328004446743,64.89722650703172,3.944866358070973,66.58073324633746,2.1352696405344216
PedNYC8,PedNYC8_scenario12,12,69.0,-3.947911909143057,59.37781667918397,5.21665134620306,65.50444571682253,3.715882901097408,67.12537958409787,2.2090116631437295
PedNYC8,PedNYC8_scenario12,12,70.0,-3.9290545854494527,59.58109513863513,5.184194118749406,66.13278205352445,3.5107432505636527,67.69482272677698,2.2891939352372166
PedNYC8,PedNYC8_scenario12,12,71.0,-3.884783708145246,59.7779749337501,5.135047677127585,66.78148398016454,3.328472411742039,68.28497860698805,2.3503638617009974
PedNYC8,PedNYC8_scenario12,12,72.0,-3.833621498949634,59.95905430465257,5.060183601208787,67.44702948255343,3.1623891388086274,68.9065016802853,2.3940933393393427
PedNYC8,PedNYC8_scenario12,12,73.0,-3.802027295985204,60.12786972630259,4.958534615441432,68.12836679979871,3.0108253256011794,69.56086106194198,2.4177698998877872
PedNYC8,PedNYC8_scenario12,12,74.0,-3.799096618125139,60.25354489331624,4.8409910629507005,68.82819155933495,2.8731001237263833,70.24976074418016,2.427643650946869
PedNYC8,PedNYC8_scenario12,12,75.0,-3.81441342592229,60.37623818159945,4.722734772123757,69.54820768050553,2.7511154316043696,70.9700878986686,2.430848859701803
PedNYC8,PedNYC8_scenario12,12,76.0,-3.8477802131746253,60.61763936012491,4.6115158883111045,70.28894759787417,2.6485434314250207,71.73561803677298,2.438465957375057
PedNYC8,PedNYC8_scenario12,12,77.0,-3.858116558595475,60.77317520572007,4.508018197467698,71.04986650551125,2.5707857203909934,72.55377376160092,2.4524695115658264
PedNYC8,PedNYC8_scenario12,12,78.0,-3.8456050967399764,60.913445651863526,4.417608572284657,71.83190249623719,2.5064543638527406,73.390750484684,2.466276030676961
PedNYC8,PedNYC8_scenario12,12,79.0,-3.836136362233665,61.04307183439886,4.341807822976462,72.63280093722794,2.4528930771397404,74.22718292311575,2.471852106005324
PedNYC8,PedNYC8_scenario12,12,80.0,-3.846794764047867,61.16585753351823,4.280544248880161,73.45320123520118,2.408499749361579,75.04937993483972,2.4601498022188744
PedNYC8,PedNYC8_scenario12,12,81.0,-3.8689920743014756,61.27384474971332,4.234937143013094,74.28975130095947,2.368308445556665,75.8430779257391,2.42839994593501
PedNYC8,PedNYC8_scenario12,12,82.0,-3.9030676714801302,61.36573130748602,4.203517638799707,75.14221515500087,2.328955323315088,76.6028567152043,2.3764380156083513
PedNYC8,PedNYC8_scenario12,12,83.0,-3.9531468145531785,61.43912262616505,4.188435931550834,76.00940264644422,2.2918853785983626,77.3374849981854,2.3153200065888795
PedNYC8,PedNYC8_scenario12,12,84.0,-3.9786416101018562,61.4832341732115,4.192333499351326,76.88893109485221,2.262278322869643,78.05150763926059,2.2531527258204833
PedNYC8,PedNYC8_scenario12,12,85.0,-3.9741052442696456,61.50183477228076,4.214691418955213,77.76799721316807,2.2405849283075856,78.73938537830341,2.20015713161176
PedNYC8,PedNYC8_scenario12,12,86.0,-3.9540942453838124,61.494200371233205,4.252050229241091,78.62175801435406,2.240607211049289,79.36257556513357,2.1435283200777864
PedNYC8,PedNYC8_scenario12,12,87.0,-3.923056356923943,61.45351910921539,4.294672843791063,79.36542982425559,2.2458056181248423,79.92032240692816,2.1226781872705627
PedNYC8,PedNYC8_scenario12,12,88.0,-3.8928771475854815,61.40136302824528,4.3310050928756025,79.92373709453032,2.2558098990027897,80.42013712917431,2.1337403982367134
PedNYC8,PedNYC8_scenario12,12,89.0,-3.865217267444554,61.34499983153216,4.354265878270994,80.26735983595023,2.261968674024913,80.84642963737438,2.170951272096492
PedNYC8,PedNYC8_scenario12,12,90.0,-3.8332342575523555,61.272343749387495,4.361465968878271,80.37424520244272,2.2657773512810104,81.21323884730525,2.2573925485051163
PedNYC8,PedNYC8_scenario12,12,91.0,-3.8101478480417255,61.21526666862184,4.3615709868919,80.3760721908455,2.269287207500214,81.53530645185099,2.391960594448512
PedNYC8,PedNYC8_scenario12,12,92.0,-3.8105096571146904,61.181403466496214,4.361608832361723,80.37661391452004,2.272877634208354,81.82192764078226,2.5400255481906506
PedNYC8,PedNYC8_scenario12,12,93.0,-3.8278067175506787,61.164270448780954,4.361624606817041,80.3768196992776,2.276270857982402,82.08157546392341,2.693490760123711
PedNYC8,PedNYC8_scenario12,12,94.0,-3.8676995744168052,61.150107311936125,4.361629119538198,80.37687859571663,2.279591689071795,82.32097120609274,2.8485743696772445
PedNYC8,PedNYC8_scenario12,12,95.0,-3.903158467295649,61.126844406658876,4.361630439758301,80.37689788421211,2.2826748088406736,82.53645376779066,2.997622079185906
PedNYC8,PedNYC8_scenario12,12,96.0,-3.9131235971629734,61.11097584442625,4.361630916595459,80.3768961255311,2.285409157183181,82.72531480281403,3.134607962420226
PedNYC8,PedNYC8_scenario12,12,97.0,-3.900509595102236,61.11217240311063,4.361630916595459,80.37689971923828,2.28793688764587,82.88645323736631,3.2554670611219447
PedNYC8,PedNYC8_scenario12,12,98.0,-3.870195090686318,61.116463409386924,4.361630439758301,80.37689208984375,2.2904799665480953,83.02040692480422,3.358248794436609
PedNYC8,PedNYC8_scenario12,12,99.0,-3.8347153887306726,61.11725160521343,4.361630439758301,80.37689208984375,2.29315418468445,83.12843682711289,3.4423237004962006
PedNYC8,PedNYC8_scenario12,12,100.0,-3.8026719093322754,61.118927001953125,4.361630439758301,80.37689208984375,2.165416012207667,83.5742031733195,3.8789374803286605
PedNYC9,PedNYC9_scenario12,12,0.0,-4.780704498291016,45.524688720703125,38.72607421875,58.16014862060547,49.71087803038519,58.21886866836355,10.984960756603716
PedNYC9,PedNYC9_scenario12,12,1.0,-4.732086480838029,45.57840742529843,38.08358354971771,58.15407295688217,48.81154167601853,58.22203667144088,10.728173405858074
PedNYC9,PedNYC9_scenario12,12,2.0,-4.683854366974285,45.670510123004384,37.44839983279133,58.14732180327269,47.899549641264926,58.226024529765546,10.451446141004366
PedNYC9,PedNYC9_scenario12,12,3.0,-4.645582586041321,45.8056454512618,36.81611738384731,58.13985317961949,46.97607816037263,58.23084442743293,10.160368221069135
PedNYC9,PedNYC9_scenario12,12,4.0,-4.603718611663447,45.9487313986061,36.180315521974606,58.13171473553117,46.03776523118833,58.235631171228775,9.857997433317065
PedNYC9,PedNYC9_scenario12,12,5.0,-4.54547689515471,46.08350252884319,35.536123474537085,58.123123118264736,45.082804449089096,58.24113517646439,9.547410354423542
PedNYC9,PedNYC9_scenario12,12,6.0,-4.46098045587172,46.23260075459594,34.879740899585265,58.11392300216805,44.109915970367936,58.24688368349451,9.23113267048398
PedNYC9,PedNYC9_scenario12,12,7.0,-4.361404636590114,46.385375619290706,34.2062565470723,58.10397020705958,43.12826137257003,58.25136525943814,8.923222254750268
PedNYC9,PedNYC9_scenario12,12,8.0,-4.277177894012743,46.53655514673313,33.51496575985475,58.09321709596275,42.13297447199011,58.25438884094464,8.619515676290717
PedNYC9,PedNYC9_scenario12,12,9.0,-4.214538106042097,46.701461288078214,32.80350130789758,58.081574716502075,41.130803373103205,58.257312109930595,8.32915621876712
PedNYC9,PedNYC9_scenario12,12,10.0,-4.183371468247038,46.878899862051746,32.07293469277496,58.069023030912064,40.12522966015949,58.25923090649846,8.054541158731599
PedNYC9,PedNYC9_scenario12,12,11.0,-4.1612931470935175,47.02056559940549,31.32154502282246,58.05550639731198,39.121588677301794,58.25954062733463,7.802711770839949
PedNYC9,PedNYC9_scenario12,12,12.0,-4.13780294394362,47.19710103465483,30.5509234889906,58.041950690829395,38.125927755410686,58.259449216380716,7.578126103787105
PedNYC9,PedNYC9_scenario12,12,13.0,-4.111198309179513,47.41494916093536,29.76464838808298,58.02951777745455,37.13569360768573,58.25963450963021,7.374636353058759
PedNYC9,PedNYC9_scenario12,12,14.0,-4.078587821923619,47.59300254364936,28.979998152888907,58.018071528881734,36.151444685682485,58.2599069510196,7.175522959625844
PedNYC9,PedNYC9_scenario12,12,15.0,-4.050169927390513,47.778110598291434,28.21491231895624,58.007829514465506,35.17426298330261,58.259832307840426,6.963911765466808
PedNYC9,PedNYC9_scenario12,12,16.0,-4.042181536989862,47.93946897266166,27.474273477994203,57.99879608971686,34.20370264223071,58.259080896920025,6.734461007188151
PedNYC9,PedNYC9_scenario12,12,17.0,-4.053707139455942,48.13168478345236,26.758938737353727,57.990910882141165,33.23800375852567,58.257361878879074,6.484541593839647
PedNYC9,PedNYC9_scenario12,12,18.0,-4.050042846012311,48.32680937768847,26.070773581327945,57.98455795446489,32.27666453121885,58.25619740815301,6.211833101004711
PedNYC9,PedNYC9_scenario12,12,19.0,-4.042626148239228,48.467140094000136,25.409382230792108,57.98049002933128,31.323291858409526,58.256235407089534,5.920334669339313
PedNYC9,PedNYC9_scenario12,12,20.0,-4.025631080625577,48.64620403632566,24.77280962285587,57.97815300615808,30.381292288594086,58.25779612343453,5.615449945011186
PedNYC9,PedNYC9_scenario12,12,21.0,-4.0050655913716895,48.83030116958333,24.160039391748718,57.97705388874801,29.45298717689417,58.26064287979181,5.300539498213118
PedNYC9,PedNYC9_scenario12,12,22.0,-3.998418519620856,49.024000693936514,23.571145962322632,57.975971113660535,28.540255768680023,58.2644675222773,4.977477518324112
PedNYC9,PedNYC9_scenario12,12,23.0,-4.000002935400957,49.23887057671146,23.00443590181984,57.97427331568217,27.64435050663565,58.26898153921581,4.649264509253202
PedNYC9,PedNYC9_scenario12,12,24.0,-3.999122338176642,49.46020430676837,22.459140472150015,57.97190647642792,26.769569517470867,58.273776281609734,4.320986453811924
PedNYC9,PedNYC9_scenario12,12,25.0,-3.965374727063485,49.67608062413994,21.934454768919085,57.96818363786019,25.910904890378447,58.278248445782665,3.988520496821619
PedNYC9,PedNYC9_scenario12,12,26.0,-3.904677137136805,49.89453723542458,21.430013818351604,57.96321451561947,25.06654373192686,58.282509185581844,3.6505203599752787
PedNYC9,PedNYC9_scenario12,12,27.0,-3.851282192886037,50.10352005029331,20.944444187584526,57.95750875556111,24.24631941777884,58.28643462840655,3.318218236583887
PedNYC9,PedNYC9_scenario12,12,28.0,-3.8143956035207025,50.322356096881165,20.477459975187372,57.95130105619987,23.459697760336443,58.29018492964262,3.0014304067977986
PedNYC9,PedNYC9_scenario12,12,29.0,-3.7884435758668036,50.53552282145809,20.025832275869035,57.94476997576456,22.69636539711844,58.294249814217046,2.693303419441425
PedNYC9,PedNYC9_scenario12,12,30.0,-3.7610979015667296,50.747517219455524,19.584845191443573,57.937782215486145,21.94820042075727,58.29913889521508,2.390821321200963
PedNYC9,PedNYC9_scenario12,12,31.0,-3.709776447837238,50.98036329579224,19.148084121395055,57.930249452829635,21.21257410263812,58.30566005200966,2.098345062335956
PedNYC9,PedNYC9_scenario12,12,32.0,-3.646967298272847,51.1997986229619,18.706293934008386,57.92205050754419,20.4896373961614,58.31532623139423,1.8261926784908724
PedNYC9,PedNYC9_scenario12,12,33.0,-3.5763215486095055,51.438869846187835,18.255385346448072,57.9133170571373,19.778258904111915,58.32969461514236,1.5787698196513595
PedNYC9,PedNYC9_scenario12,12,34.0,-3.532235546058794,51.63206200817332,17.79040800244684,57.903865904964846,19.075671899909,58.34948501642774,1.3603233728127324
PedNYC9,PedNYC9_scenario12,12,35.0,-3.4958273644062725,51.892171819963565,17.30928794777395,57.89353241971793,18.38269116014392,58.37548218212464,1.1766350452923207
PedNYC9,PedNYC9_scenario12,12,36.0,-3.4608636709524396,52.10988052032841,16.81091532847598,57.8822326490739,17.701631218148336,58.40755736482897,1.0340893835147729
PedNYC9,PedNYC9_scenario12,12,37.0,-3.414558111882366,52.32657599780257,16.293615857346396,57.869871756001814,17.03871633797956,58.445889008465656,0.9417911665415898
PedNYC9,PedNYC9_scenario12,12,38.0,-3.357629237812215,52.531879028487694,15.75852457171642,57.856497855291195,16.398809604993367,58.491339672253964,0.9016590577391503
PedNYC9,PedNYC9_scenario12,12,39.0,-3.3018321668028063,52.743009580952275,15.211914682269063,57.84236627712691,15.781241712659979,58.544444111484935,0.9039062744724139
PedNYC9,PedNYC9_scenario12,12,40.0,-3.2584627474682506,52.946225315129105,14.669234644060392,57.82795709484403,15.18908388533875,58.605672591525064,0.9354595808668112
PedNYC9,PedNYC9_scenario12,12,41.0,-3.230934194438234,53.150116099030804,14.140092516356313,57.814077582675466,14.626993050516601,58.67538543121522,0.9894055488634327
PedNYC9,PedNYC9_scenario12,12,42.0,-3.195114143875294,53.344052906013246,13.62684816866368,57.80290493205347,14.091708017778329,58.75338790901953,1.0580702097787054
PedNYC9,PedNYC9_scenario12,12,43.0,-3.144612453219383,53.52936732551239,13.132302385359996,57.799735867943845,13.578120184118934,58.84184317593058,1.133464225747606
PedNYC9,PedNYC9_scenario12,12,44.0,-3.086385542341058,53.69531162849683,12.656291467982413,57.80770428599692,13.08102647081492,58.94398534653678,1.2130682054908184
PedNYC9,PedNYC9_scenario12,12,45.0,-3.0461702550005594,53.85046664248298,12.199549956139897,57.8319914030515,12.590194528284563,59.05914462151463,1.2878308131623983
PedNYC9,PedNYC9_scenario12,12,46.0,-3.032130174876185,53.988356556957875,11.763305412533265,57.8786485205664,12.102360029568924,59.18350669773941,1.3481887463810354
PedNYC9,PedNYC9_scenario12,12,47.0,-3.0439597264063853,54.12748564568124,11.350687559952133,57.95266566222288,11.617138373825192,59.318847407479296,1.391922626184908
PedNYC9,PedNYC9_scenario12,12,48.0,-3.0643538995696105,54.251246879074756,10.96041015826331,58.05211505951675,11.137621404805783,59.468064892645664,1.426996060204419
PedNYC9,PedNYC9_scenario12,12,49.0,-3.0710165081059024,54.35314351494676,10.587578130148826,58.17448809011038,10.665328092731077,59.633570014663505,1.4611519836208666
PedNYC9,PedNYC9_scenario12,12,50.0,-3.065744217326923,54.427650952661665,10.226225375402398,58.31726195303956,10.198990412960075,59.817600149339,1.5005853679328898
PedNYC9,PedNYC9_scenario12,12,51.0,-3.036902670341361,54.50794178118784,9.867345495439896,58.47937873346689,9.736661193854992,60.02040141884621,1.5465540092523244
PedNYC9,PedNYC9_scenario12,12,52.0,-2.9752814560264915,54.603703282310896,9.507806921582086,58.66313314646719,9.276195098326903,60.24455522155443,1.5982927817658503
PedNYC9,PedNYC9_scenario12,12,53.0,-2.906156454658324,54.71022781608242,9.148372417497374,58.87055846555555,8.821102246325811,60.490181581407334,1.6523573470469748
PedNYC9,PedNYC9_scenario12,12,54.0,-2.8548357318589908,54.849092255550126,8.788799434512486,59.10427938460544,8.381659586023506,60.75932475157929,1.7043878733930373
PedNYC9,PedNYC9_scenario12,12,55.0,-2.8337764835643195,54.99956750834595,8.430871648008496,59.366760912402654,7.965156108921817,61.05219150542086,1.7485900740964104
PedNYC9,PedNYC9_scenario12,12,56.0,-2.817075918496452,55.156036138193194,8.074746285794507,59.660770379221454,7.571109398186001,61.36710007286979,1.7791040267466107
PedNYC9,PedNYC9_scenario12,12,57.0,-2.784421684094778,55.31584532795745,7.7221549251932515,59.989138464107846,7.200245381244778,61.70315768268934,1.7917174592360283
PedNYC9,PedNYC9_scenario12,12,58.0,-2.7479880612719922,55.48532489438529,7.376158369663998,60.3543072095548,6.852723317309879,62.06001112542593,1.784211339121876
PedNYC9,PedNYC9_scenario12,12,59.0,-2.7058272995817454,55.66347528737818,7.0408195461431236,60.75759254705195,6.523191860441074,62.4369783694124,1.7573489014281
PedNYC9,PedNYC9_scenario12,12,60.0,-2.6676887184751905,55.83835024472684,6.720510610301614,61.19846040095313,6.206691900134203,62.83217772179295,1.712612609824576
PedNYC9,PedNYC9_scenario12,12,61.0,-2.6542108160217497,56.05026577586946,6.420687417630726,61.676903418521924,5.902164369555165,63.2439183929818,1.650576287715005
PedNYC9,PedNYC9_scenario12,12,62.0,-2.6689145914402275,56.28405356634513,6.144138258075574,62.189413740371656,5.610336659923215,63.67267545220533,1.5763912750271687
PedNYC9,PedNYC9_scenario12,12,63.0,-2.68407278048572,56.47378687834243,5.88905762318912,62.73252962705914,5.323008303322117,64.1188609952821,1.4974399804469176
PedNYC9,PedNYC9_scenario12,12,64.0,-2.6671089380890907,56.71750794480161,5.657094518986824,63.30303521843546,5.036584843289467,64.58369321574347,1.423066113609269
PedNYC9,PedNYC9_scenario12,12,65.0,-2.6331501444711387,56.94002890946249,5.446875353987011,63.89833338937898,4.750447566142563,65.06863845799356,1.3618464000418236
PedNYC9,PedNYC9_scenario12,12,66.0,-2.6055712816852723,57.14993908241629,5.257472259350077,64.515044747119,4.468189414784446,65.56657805099579,1.3147964473208897
PedNYC9,PedNYC9_scenario12,12,67.0,-2.6146832309771924,57.347575000861546,5.084972693548469,65.15219988886193,4.197012734630596,66.06812201576122,1.2756904919239416
PedNYC9,PedNYC9_scenario12,12,68.0,-2.6316065231220924,57.51979559242028,4.930535794840178,65.80693427500972,3.944866358070973,66.58073324633746,1.2531197415286308
PedNYC9,PedNYC9_scenario12,12,69.0,-2.64820060616829,57.69342832857458,4.796287079946225,66.47843042636619,3.715882901097408,67.12537958409787,1.2592920242595524
PedNYC9,PedNYC9_scenario12,12,70.0,-2.6336697823610375,57.952575248710446,4.684430231499675,67.16656361355668,3.5107432505636527,67.69482272677698,1.2870892820309763
PedNYC9,PedNYC9_scenario12,12,71.0,-2.597296728612531,58.1689061781317,4.595808057227682,67.87004774284489,3.328472411742039,68.28497860698805,1.3335318745111047
PedNYC9,PedNYC9_scenario12,12,72.0,-2.555805233724998,58.38865880261967,4.530607181213469,68.59088914177582,3.1623891388086274,68.9065016802853,1.40414809974822
PedNYC9,PedNYC9_scenario12,12,73.0,-2.5327249376431986,58.62556099652294,4.4899139944212125,69.32710904971505,3.0108253256011794,69.56086106194198,1.4974455894796166
PedNYC9,PedNYC9_scenario12,12,74.0,-2.5303621774192186,58.841734473212476,4.474070070750242,70.0791036249201,2.8731001237263833,70.24976074418016,1.6100399447304792
PedNYC9,PedNYC9_scenario12,12,75.0,-2.532704964159683,59.0771727310437,4.476012055641524,70.8467233775397,2.7511154316043696,70.9700878986686,1.729302509304874
PedNYC9,PedNYC9_scenario12,12,76.0,-2.5284603297894104,59.27758956314939,4.476414409316108,71.6289421418081,2.6485434314250207,71.73561803677298,1.8309811736834103
PedNYC9,PedNYC9_scenario12,12,77.0,-2.515534427764568,59.4955324093138,4.464214313275525,72.42359078946158,2.5707857203909934,72.55377376160092,1.8978986913393792
PedNYC9,PedNYC9_scenario12,12,78.0,-2.4964657991850556,59.67704647403143,4.43923780096815,73.2302958238193,2.5064543638527406,73.390750484684,1.9394322656336471
PedNYC9,PedNYC9_scenario12,12,79.0,-2.4808460803983365,59.886198622620036,4.402904418957589,74.04709534897943,2.4528930771397404,74.22718292311575,1.958309415689092
PedNYC9,PedNYC9_scenario12,12,80.0,-2.4826376454121086,60.12531414174864,4.356015229786032,74.87488337404109,2.408499749361579,75.04937993483972,1.9553172622936255
PedNYC9,PedNYC9_scenario12,12,81.0,-2.490059218504534,60.34562403682382,4.310316595620131,75.71252280327188,2.368308445556665,75.8430779257391,1.9463916088278215
PedNYC9,PedNYC9_scenario12,12,82.0,-2.473292438184254,60.53875642965876,4.281743486435543,76.56118628473226,2.328955323315088,76.6028567152043,1.953232713938379
PedNYC9,PedNYC9_scenario12,12,83.0,-2.4205273452870144,60.74239963036507,4.277068879945432,77.42287662911313,2.2918853785983626,77.3374849981854,1.9870191908114796
PedNYC9,PedNYC9_scenario12,12,84.0,-2.353180375343642,60.92960502891336,4.300157275645671,78.29306685395196,2.262278322869643,78.05150763926059,2.0521455797213393
PedNYC9,PedNYC9_scenario12,12,85.0,-2.2983206861257606,61.10174746573133,4.346409754013072,79.15448837964651,2.2405849283075856,78.73938537830341,2.1463477580023214
PedNYC9,PedNYC9_scenario12,12,86.0,-2.2544905455727275,61.26798674669499,4.4004988696277465,79.99436777902757,2.240607211049289,79.36257556513357,2.250398493230451
PedNYC9,PedNYC9_scenario12,12,87.0,-2.2172509490787755,61.41688340009278,4.443928088881022,80.79648230944663,2.2458056181248423,79.92032240692816,2.3663048348056135
PedNYC9,PedNYC9_scenario12,12,88.0,-2.1678914414295125,61.543165989612305,4.4716742681242465,81.52548152841833,2.2558098990027897,80.42013712917431,2.476255468097375
PedNYC9,PedNYC9_scenario12,12,89.0,-2.112543426788369,61.650432782268524,4.486811884549066,82.10618973256315,2.261968674024913,80.84642963737438,2.556740661241463
PedNYC9,PedNYC9_scenario12,12,90.0,-2.052562360207712,61.74523149009912,4.4930622260750575,82.51781140107211,2.2657773512810104,81.21323884730525,2.581222086827889
PedNYC9,PedNYC9_scenario12,12,91.0,-2.017838573884981,61.80688238427098,4.496450327587575,82.79106157274084,2.269287207500214,81.53530645185099,2.556790270459893
PedNYC9,PedNYC9_scenario12,12,92.0,-1.9933095659749325,61.8615988173522,4.49974463669864,82.93745103232021,2.272877634208354,81.82192764078226,2.4906483260083907
PedNYC9,PedNYC9_scenario12,12,93.0,-1.98502144818112,61.88617728133729,4.500548460920277,82.96792894174466,2.276270857982402,82.08157546392341,2.394375355406265
PedNYC9,PedNYC9_scenario12,12,94.0,-1.9775621469613545,61.893236153557154,4.5005488236185105,82.96836495734314,2.279591689071795,82.32097120609274,2.3133891291030197
PedNYC9,PedNYC9_scenario12,12,95.0,-1.9688956144323466,61.8842305449843,4.500551238463798,82.96861361226901,2.2826748088406736,82.53645376779066,2.2595880129477957
PedNYC9,PedNYC9_scenario12,12,96.0,-1.9676036589331727,61.86243698293195,4.500552654266357,82.96870709333444,2.285409157183181,82.72531480281403,2.228474931372274
PedNYC9,PedNYC9_scenario12,12,97.0,-1.9841510609739825,61.834817594282306,4.500552680768541,82.96875127210483,2.28793688764587,82.88645323736631,2.214145797931493
PedNYC9,PedNYC9_scenario12,12,98.0,-2.010044152828966,61.8281707145659,4.500551223754883,82.96869056940572,2.2904799665480953,83.02040692480422,2.2106762638041997
PedNYC9,PedNYC9_scenario12,12,99.0,-2.040183599472174,61.83022136983483,4.500551144123782,82.96867115785946,2.29315418468445,83.12843682711289,2.213171119821964
PedNYC9,PedNYC9_scenario12,12,100.0,-2.0659751892089844,61.83375549316406,4.500548362731934,82.96856689453125,2.165416012207667,83.5742031733195,2.4123926704932326
