participant_id,recording_identifier,scenario,progress_percent,ped_x,ped_z,veh_x,veh_z
PedNYC11,PedNYC11_scenario15,15,0.0,-1.0120378732681274,44.77839660644531,2.372837543487549,97.70631408691406
PedNYC11,PedNYC11_scenario15,15,1.0,-1.0520821209327738,44.89884385529703,2.368013723692467,96.7969681938466
PedNYC11,PedNYC11_scenario15,15,2.0,-1.0761416375158812,45.05778940941292,2.36456749919039,95.91106434399822
PedNYC11,PedNYC11_scenario15,15,3.0,-1.1137833805558297,45.18640303616971,2.3624719392833815,94.99810605522075
PedNYC11,PedNYC11_scenario15,15,4.0,-1.1968636188186845,45.31682200243471,2.3613094039222062,94.02292654678106
PedNYC11,PedNYC11_scenario15,15,5.0,-1.3339820235076527,45.47295186699874,2.3598568587174977,92.97080869500137
PedNYC11,PedNYC11_scenario15,15,6.0,-1.404386981434753,45.64623789770626,2.358602522537034,91.843746757574
PedNYC11,PedNYC11_scenario15,15,7.0,-1.3915946819544516,45.84118557395666,2.3570352644989137,90.63847683864279
PedNYC11,PedNYC11_scenario15,15,8.0,-1.3526338843602417,46.03848042084733,2.354101976193354,89.34714138803295
PedNYC11,PedNYC11_scenario15,15,9.0,-1.3708963730511834,46.234711376722004,2.349917607725309,87.98961616382442
PedNYC11,PedNYC11_scenario15,15,10.0,-1.4313921452789309,46.44078300756836,2.3445498240509033,86.6254529074707
PedNYC11,PedNYC11_scenario15,15,11.0,-1.4117129602944778,46.64270530720959,2.3382315098794266,85.30776846540589
PedNYC11,PedNYC11_scenario15,15,12.0,-1.3011785596526868,46.83765096474817,2.3311882848796195,84.05773871972143
PedNYC11,PedNYC11_scenario15,15,13.0,-1.1896892282622813,47.042672446382305,2.323664833437483,82.87727166219229
PedNYC11,PedNYC11_scenario15,15,14.0,-1.158094644695094,47.26154459621696,2.316010239659309,81.76451414831145
PedNYC11,PedNYC11_scenario15,15,15.0,-1.1655094549953025,47.47879500052774,2.308612913433343,80.71620569529559
PedNYC11,PedNYC11_scenario15,15,16.0,-1.1745093345838955,47.65861718676858,2.3014011465926276,79.72849410490522
PedNYC11,PedNYC11_scenario15,15,17.0,-1.1280603558195934,47.83790938684222,2.294391004104884,78.7975671030059
PedNYC11,PedNYC11_scenario15,15,18.0,-1.0371937420819648,48.0383358885803,2.2875981550714872,77.92051789113822
PedNYC11,PedNYC11_scenario15,15,19.0,-0.9680775451812543,48.23656695443716,2.2810301544960883,77.09414253232502
PedNYC11,PedNYC11_scenario15,15,20.0,-0.9467245048567032,48.44826941984031,2.2746851088778883,76.31445661514665
PedNYC11,PedNYC11_scenario15,15,21.0,-0.9195089923229189,48.62125655432575,2.2684218221386323,75.56173370097645
PedNYC11,PedNYC11_scenario15,15,22.0,-0.841551599383845,48.81058039877849,2.2619260722143535,74.79770655739915
PedNYC11,PedNYC11_scenario15,15,23.0,-0.7531629154671999,49.00749438641569,2.2549484179998527,73.99431631626247
PedNYC11,PedNYC11_scenario15,15,24.0,-0.6976397378053206,49.22047700708532,2.2474136892274488,73.14548947112188
PedNYC11,PedNYC11_scenario15,15,25.0,-0.7065686550257263,49.46114450552256,2.2392366760348676,72.24487656021012
PedNYC11,PedNYC11_scenario15,15,26.0,-0.7126725959057125,49.690805895061665,2.2303721055422083,71.2909764033082
PedNYC11,PedNYC11_scenario15,15,27.0,-0.6643946406483036,49.87698465628989,2.2210165819832683,70.30767154999967
PedNYC11,PedNYC11_scenario15,15,28.0,-0.5857082313326467,50.083491792789275,2.211428346243503,69.32380355169212
PedNYC11,PedNYC11_scenario15,15,29.0,-0.5737915034671736,50.33347251658562,2.2018421127022942,68.3755114702828
PedNYC11,PedNYC11_scenario15,15,30.0,-0.6305732399950752,50.578080495426185,2.1911268352668927,67.4778432744448
PedNYC11,PedNYC11_scenario15,15,31.0,-0.6796016661805943,50.79860197487706,2.1771486026508184,66.65550402535332
PedNYC11,PedNYC11_scenario15,15,32.0,-0.7081154749550628,51.08486848377208,2.1592359825424707,65.98435587193092
PedNYC11,PedNYC11_scenario15,15,33.0,-0.7452271758627608,51.33644713975725,2.14180666749072,65.56502755326481
PedNYC11,PedNYC11_scenario15,15,34.0,-0.8980315659902834,51.60560779275542,2.134959529245725,65.45395077170446
PedNYC11,PedNYC11_scenario15,15,35.0,-1.0647937866594774,51.82932624238221,2.134921506684253,65.45334602236179
PedNYC11,PedNYC11_scenario15,15,36.0,-1.1656139741230165,52.06480983269461,2.134895598045682,65.45308573558505
PedNYC11,PedNYC11_scenario15,15,37.0,-1.255819827091974,52.33363761161691,2.1349296866500302,65.45336222325307
PedNYC11,PedNYC11_scenario15,15,38.0,-1.3925846357527822,52.55397302207064,2.1349418772106095,65.45351437220617
PedNYC11,PedNYC11_scenario15,15,39.0,-1.571420496236958,52.72317556192776,2.134943966062977,65.45359275367957
PedNYC11,PedNYC11_scenario15,15,40.0,-1.7045052206184186,52.904531099844625,2.134935833648811,65.4535903930664
PedNYC11,PedNYC11_scenario15,15,41.0,-1.7870906375397957,53.09971308071467,2.134929293561321,65.45363216935289
PedNYC11,PedNYC11_scenario15,15,42.0,-1.8631548344937794,53.278515114238964,2.1349389086111055,65.45375674547725
PedNYC11,PedNYC11_scenario15,15,43.0,-1.9847917351973086,53.42019109877608,2.134955087131388,65.45392171877539
PedNYC11,PedNYC11_scenario15,15,44.0,-2.137239103246258,53.53471974996239,2.1349370802970276,65.45382688771467
PedNYC11,PedNYC11_scenario15,15,45.0,-2.2301294224298873,53.67011118100323,2.133884851315201,65.44018218479405
PedNYC11,PedNYC11_scenario15,15,46.0,-2.2495072130247826,53.83786045542715,2.129839858924919,65.38327742451389
PedNYC11,PedNYC11_scenario15,15,47.0,-2.2388598808411837,53.984733213582956,2.122024108694153,65.2723808100875
PedNYC11,PedNYC11_scenario15,15,48.0,-2.266515455037914,54.114548860603755,2.1104564899456344,65.11479683383709
PedNYC11,PedNYC11_scenario15,15,49.0,-2.3535838707929964,54.229876616046134,2.097122550814333,64.94305113690251
PedNYC11,PedNYC11_scenario15,15,50.0,-2.412932934537115,54.295829425902944,2.0831528825334114,64.77460845492571
PedNYC11,PedNYC11_scenario15,15,51.0,-2.4207486874615656,54.30888289765685,2.0689493134998016,64.6141166181591
PedNYC11,PedNYC11_scenario15,15,52.0,-2.4246281331634045,54.31171270579323,2.0544615826917294,64.46245547948045
PedNYC11,PedNYC11_scenario15,15,53.0,-2.4144763674958294,54.31673844096477,2.0418353407213528,64.33765433340862
PedNYC11,PedNYC11_scenario15,15,54.0,-2.407088699699847,54.32395490300702,2.03858582706153,64.30923772152897
PedNYC11,PedNYC11_scenario15,15,55.0,-2.393319511945558,54.321536257133,2.038562794852342,64.30903221088806
PedNYC11,PedNYC11_scenario15,15,56.0,-2.3820808759174206,54.31517297309192,2.0385541580267805,64.30896705333083
PedNYC11,PedNYC11_scenario15,15,57.0,-2.378177489380515,54.31871018711394,2.038552045822144,64.3089599609375
PedNYC11,PedNYC11_scenario15,15,58.0,-2.377130576685168,54.32860262129676,2.0385515689849854,64.3089599609375
PedNYC11,PedNYC11_scenario15,15,59.0,-2.3777154165497243,54.339357495012386,2.0385515689849854,64.3089599609375
PedNYC11,PedNYC11_scenario15,15,60.0,-2.383059004520953,54.353379989398626,2.0385515689849854,64.3089599609375
PedNYC11,PedNYC11_scenario15,15,61.0,-2.4051495623114234,54.38232346554447,2.0385515689849854,64.3089599609375
PedNYC11,PedNYC11_scenario15,15,62.0,-2.4196601495024046,54.411648233003255,2.0385515689849854,64.3089599609375
PedNYC11,PedNYC11_scenario15,15,63.0,-2.4425068767646234,54.47276617330959,2.0385515689849854,64.3089599609375
PedNYC11,PedNYC11_scenario15,15,64.0,-2.416476525473755,54.58451255766677,2.0385515689849854,64.3089599609375
PedNYC11,PedNYC11_scenario15,15,65.0,-2.331216953446977,54.73340630066997,2.0385515689849854,64.3089599609375
PedNYC11,PedNYC11_scenario15,15,66.0,-2.3025668850325163,54.9105922483209,2.0385515689849854,64.3089599609375
PedNYC11,PedNYC11_scenario15,15,67.0,-2.3613311329560105,55.117903751507306,2.0385339994565563,64.30886209858583
PedNYC11,PedNYC11_scenario15,15,68.0,-2.4209578569696175,55.324440646109274,2.038549282769462,64.30897218879144
PedNYC11,PedNYC11_scenario15,15,69.0,-2.4030684421231703,55.54493451405429,2.038555661799839,64.30902430192522
PedNYC11,PedNYC11_scenario15,15,70.0,-2.3351178945840463,55.78393043905497,2.038564758409879,64.30910291961261
PedNYC11,PedNYC11_scenario15,15,71.0,-2.3288207389213578,55.99936892373723,2.0385469376672694,64.30899792173749
PedNYC11,PedNYC11_scenario15,15,72.0,-2.4008493849506776,56.28348485337017,2.0385212329789746,64.30887603759766
PedNYC11,PedNYC11_scenario15,15,73.0,-2.4607988145576645,56.56040014058821,2.038516112822743,64.3088660568669
PedNYC11,PedNYC11_scenario15,15,74.0,-2.4310239438047585,56.81467206034081,2.0385136459580857,64.30886066302601
PedNYC11,PedNYC11_scenario15,15,75.0,-2.390376223147381,57.07262257481298,2.0385027950831422,64.30881337193144
PedNYC11,PedNYC11_scenario15,15,76.0,-2.421445463468646,57.33717860818081,2.038490295410156,64.30874777162532
PedNYC11,PedNYC11_scenario15,15,77.0,-2.477107584055358,57.5849213080579,2.0384893928302756,64.30874980842863
PedNYC11,PedNYC11_scenario15,15,78.0,-2.477091151699349,57.873047430644924,2.038489452819486,64.30876170600988
PedNYC11,PedNYC11_scenario15,15,79.0,-2.409310543361313,58.121090019442576,2.0384898373199345,64.30877875453717
PedNYC11,PedNYC11_scenario15,15,80.0,-2.3499510888960873,58.37368023127123,2.0385177499056826,64.30898308181824
PedNYC11,PedNYC11_scenario15,15,81.0,-2.3513606804926335,58.61730575069629,2.038515417701091,64.30897870515278
PedNYC11,PedNYC11_scenario15,15,82.0,-2.371916981309822,58.885561258880394,2.0385115228406385,64.30895826069157
PedNYC11,PedNYC11_scenario15,15,83.0,-2.341232462514045,59.15779546805999,2.038481831382207,64.30878188270866
PedNYC11,PedNYC11_scenario15,15,84.0,-2.2905068357073577,59.443361237664455,2.038470571610298,64.30871997661376
PedNYC11,PedNYC11_scenario15,15,85.0,-2.293178636854938,59.707327296883825,2.038460814779452,64.30865167058768
PedNYC11,PedNYC11_scenario15,15,86.0,-2.345185747497079,59.97709457162823,2.0377427121179412,64.29935716870082
PedNYC11,PedNYC11_scenario15,15,87.0,-2.351515976223904,60.22352070710497,2.0340176703501407,64.24271794648207
PedNYC11,PedNYC11_scenario15,15,88.0,-2.284890320274727,60.47872517656652,2.026261384850143,64.10460353722692
PedNYC11,PedNYC11_scenario15,15,89.0,-2.2229538745107353,60.70572842498675,2.0159355282678875,63.8644449148673
PedNYC11,PedNYC11_scenario15,15,90.0,-2.1981858668278047,60.90314555208067,2.004878673179014,63.514552482012824
PedNYC11,PedNYC11_scenario15,15,91.0,-2.1747571279207643,61.13829963738028,1.9863149432881633,63.066893523210936
PedNYC11,PedNYC11_scenario15,15,92.0,-2.0996410386078943,61.29556627664396,1.9426995404222023,62.57488951282738
PedNYC11,PedNYC11_scenario15,15,93.0,-1.9678202703390466,61.430148300378434,1.8616385824896062,62.09597069691237
PedNYC11,PedNYC11_scenario15,15,94.0,-1.8743329511404265,61.502056738061725,1.7419037885161246,61.65230731530397
PedNYC11,PedNYC11_scenario15,15,95.0,-1.8146953978066318,61.58888526337416,1.5864909159352258,61.253880511960205
PedNYC11,PedNYC11_scenario15,15,96.0,-1.793931372728253,61.6741245177317,1.3993700274635639,60.909922371113325
PedNYC11,PedNYC11_scenario15,15,97.0,-1.7956842712671146,61.7258035872571,1.1902485797148163,60.61728960923292
PedNYC11,PedNYC11_scenario15,15,98.0,-1.8606787667868172,61.741200958587925,0.9452337874396975,60.34716826003944
PedNYC11,PedNYC11_scenario15,15,99.0,-1.9574515958751397,61.72565128106363,0.6379510471846338,60.070180670590325
PedNYC11,PedNYC11_scenario15,15,100.0,-2.014159917831421,61.69504928588867,0.2435551583766937,59.77012252807617
PedNYC12,PedNYC12_scenario15,15,0.0,-0.8164734840393066,44.7935905456543,-6.999913215637207,114.8000030517578
PedNYC12,PedNYC12_scenario15,15,1.0,-0.7898702428631816,44.91742133972887,-6.999911785125732,114.8000030517578
PedNYC12,PedNYC12_scenario15,15,2.0,-0.783722275846156,44.91049924905037,-6.999911633368872,114.8000030517578
PedNYC12,PedNYC12_scenario15,15,3.0,-0.7857405025833826,44.852331250314975,-6.999997451112142,114.8000030517578
PedNYC12,PedNYC12_scenario15,15,4.0,-0.7605231406090952,44.841366795141454,-6.998013784991135,114.8000030517578
PedNYC12,PedNYC12_scenario15,15,5.0,-0.7247288211401424,44.86229612746488,-6.981776268081653,114.80017919231635
PedNYC12,PedNYC12_scenario15,15,6.0,-0.7732027489081713,44.9354267977567,-6.931881654406223,114.80097197252606
PedNYC12,PedNYC12_scenario15,15,7.0,-0.8140376907295754,45.0031489366427,-6.818015121065165,114.80319078781822
PedNYC12,PedNYC12_scenario15,15,8.0,-0.7668791147160525,45.03191854105779,-6.616924106120234,114.8086476175833
PedNYC12,PedNYC12_scenario15,15,9.0,-0.7259571123003125,45.0362644024917,-6.323328553651577,114.81806180450361
PedNYC12,PedNYC12_scenario15,15,10.0,-0.7185212085029793,45.005766021060325,-5.939963301032222,114.83264478164126
PedNYC12,PedNYC12_scenario15,15,11.0,-0.7271427263375586,45.01147486839886,-5.474339908020921,114.85324316907028
PedNYC12,PedNYC12_scenario15,15,12.0,-0.7107837759980371,45.07861069681401,-4.938043438953619,114.87480902983971
PedNYC12,PedNYC12_scenario15,15,13.0,-0.6954542507791073,45.085974698346405,-4.329459857702916,114.89314048804293
PedNYC12,PedNYC12_scenario15,15,14.0,-0.6918317149350315,44.94180109619517,-3.6591575355426817,114.87925914800456
PedNYC12,PedNYC12_scenario15,15,15.0,-0.697781967439274,44.81284044631024,-2.947051454370253,114.80246567433501
PedNYC12,PedNYC12_scenario15,15,16.0,-0.6788500355528133,44.78982883449239,-2.2065547102484553,114.65439414772631
PedNYC12,PedNYC12_scenario15,15,17.0,-0.6887166922030663,44.80949720267501,-1.4463264604727661,114.404329784442
PedNYC12,PedNYC12_scenario15,15,18.0,-0.7413605368353271,44.83153801258301,-0.7006531934075935,114.01794224692384
PedNYC12,PedNYC12_scenario15,15,19.0,-0.7691906255374626,44.82971658620964,-0.004902624197487632,113.48662472191536
PedNYC12,PedNYC12_scenario15,15,20.0,-0.7820113436783364,44.82986302809207,0.6225241951419315,112.81014619107769
PedNYC12,PedNYC12_scenario15,15,21.0,-0.7816466559615819,44.81345638910538,1.146863233258036,111.98344271563055
PedNYC12,PedNYC12_scenario15,15,22.0,-0.7777857904036938,44.79889516192005,1.5815925241889208,111.01487662170291
PedNYC12,PedNYC12_scenario15,15,23.0,-0.7835222910602041,44.79496499289206,1.9250038100081648,109.90846498833334
PedNYC12,PedNYC12_scenario15,15,24.0,-0.7883768907679732,44.787211060547136,2.139074239074015,108.6779123821509
PedNYC12,PedNYC12_scenario15,15,25.0,-0.8198913634262849,44.78981982223171,2.3252818421917305,107.34050636614941
PedNYC12,PedNYC12_scenario15,15,26.0,-0.809924906027896,44.81416225420529,2.559647801141741,105.91473040395016
PedNYC12,PedNYC12_scenario15,15,27.0,-0.7998920694724508,44.81976745351677,2.812889221727869,104.40260395595331
PedNYC12,PedNYC12_scenario15,15,28.0,-0.7978284141417163,44.81489488392629,3.013588413237625,102.79769054204974
PedNYC12,PedNYC12_scenario15,15,29.0,-0.8036805221803198,44.80755777437254,3.1092082462068875,101.09552231569427
PedNYC12,PedNYC12_scenario15,15,30.0,-0.8064682570359429,44.7969738352506,3.1257511195723406,99.29604527104722
PedNYC12,PedNYC12_scenario15,15,31.0,-0.7978661591473775,44.965174387759454,3.1173687407859965,97.40973943200733
PedNYC12,PedNYC12_scenario15,15,32.0,-0.7782319897933164,45.03327104295381,3.095496344750454,95.43895182042118
PedNYC12,PedNYC12_scenario15,15,33.0,-0.6612759358624539,45.026877711531526,3.055470461779339,93.38505097331435
PedNYC12,PedNYC12_scenario15,15,34.0,-0.6245846405637278,45.11400131176703,2.9932691982093,91.24958289143214
PedNYC12,PedNYC12_scenario15,15,35.0,-0.7438152988775381,45.32726592492503,2.91749687223298,89.03348816462668
PedNYC12,PedNYC12_scenario15,15,36.0,-0.7965323754340358,45.61677820413496,2.831088638133521,86.74289596123994
PedNYC12,PedNYC12_scenario15,15,37.0,-0.766427038713981,45.980247073859594,2.7369409673971647,84.3871477115958
PedNYC12,PedNYC12_scenario15,15,38.0,-0.8265155494604867,46.36866630891919,2.6357664358603317,81.97238264545304
PedNYC12,PedNYC12_scenario15,15,39.0,-0.8785560896962168,46.77114095319429,2.532417008717219,79.51604602429482
PedNYC12,PedNYC12_scenario15,15,40.0,-0.7729949527093226,47.17331023876533,2.4408609871013778,77.02027387900965
PedNYC12,PedNYC12_scenario15,15,41.0,-0.725000260053476,47.58067945182179,2.3709370492364505,74.49910768078811
PedNYC12,PedNYC12_scenario15,15,42.0,-0.7840846610859102,48.05247396238435,2.3286208016399046,72.00736962754159
PedNYC12,PedNYC12_scenario15,15,43.0,-0.7161284626015123,48.49017292845746,2.308368889944602,69.62043694697465
PedNYC12,PedNYC12_scenario15,15,44.0,-0.6706273844934633,48.93453806334057,2.3002263388085207,67.35489083147348
PedNYC12,PedNYC12_scenario15,15,45.0,-0.7049935711604552,49.39738622952509,2.2775074380321256,65.22646780495725
PedNYC12,PedNYC12_scenario15,15,46.0,-0.6513975307306333,49.82492146541637,2.2136059349042325,63.73576682125686
PedNYC12,PedNYC12_scenario15,15,47.0,-0.5934292780156275,50.19226853487177,2.1726443530435824,63.31431983520727
PedNYC12,PedNYC12_scenario15,15,48.0,-0.6452722200045883,50.634747823981385,2.172564211452384,63.31309030869601
PedNYC12,PedNYC12_scenario15,15,49.0,-0.6557619436942552,51.069790915062796,2.172602346738017,63.31340749983225
PedNYC12,PedNYC12_scenario15,15,50.0,-0.6093925204118001,51.50892197155268,2.1726644291467596,63.31396441870924
PedNYC12,PedNYC12_scenario15,15,51.0,-0.7310105610360769,51.96289318597314,2.17271621515482,63.31444080868979
PedNYC12,PedNYC12_scenario15,15,52.0,-0.8613657322000016,52.397132611381416,2.172752239537835,63.314809810283776
PedNYC12,PedNYC12_scenario15,15,53.0,-1.087836214842385,52.75310071641861,2.171578627873657,63.30594234028402
PedNYC12,PedNYC12_scenario15,15,54.0,-1.4285049448106721,53.00940993157233,2.165896193146492,63.26252877938334
PedNYC12,PedNYC12_scenario15,15,55.0,-1.7309520464700707,53.253080804801115,2.1531395148727164,63.16607253604792
PedNYC12,PedNYC12_scenario15,15,56.0,-1.9327215746306758,53.66541272655702,2.1327074995342006,63.02003139683259
PedNYC12,PedNYC12_scenario15,15,57.0,-2.2286315099215375,53.92657016721908,2.103962770856781,62.837028280977876
PedNYC12,PedNYC12_scenario15,15,58.0,-2.4902178341474634,54.12775941602105,2.0691564658080157,62.645148010220424
PedNYC12,PedNYC12_scenario15,15,59.0,-2.569016599758559,54.31546166528804,2.028211344465465,62.446648669462164
PedNYC12,PedNYC12_scenario15,15,60.0,-2.704922961094963,54.38979049073523,1.9803522798246405,62.245953717854505
PedNYC12,PedNYC12_scenario15,15,61.0,-2.8269121104758534,54.43938157575912,1.920415309642862,62.03850219448025
PedNYC12,PedNYC12_scenario15,15,62.0,-2.8870533069460094,54.58451625696372,1.8389711636122041,61.80883848484889
PedNYC12,PedNYC12_scenario15,15,63.0,-2.8910567777325213,54.737087259377354,1.7201078282708093,61.538158909377465
PedNYC12,PedNYC12_scenario15,15,64.0,-3.0250115119174716,54.8551769854189,1.5394829571561728,61.221968599220475
PedNYC12,PedNYC12_scenario15,15,65.0,-3.1535798450351,54.95257905119622,1.2801716210556715,60.87691747485032
PedNYC12,PedNYC12_scenario15,15,66.0,-3.1801605346595183,55.05964791354142,0.9811854648968178,60.56022194560506
PedNYC12,PedNYC12_scenario15,15,67.0,-3.189415374482764,55.102302605034005,0.6713190290046219,60.30529121954516
PedNYC12,PedNYC12_scenario15,15,68.0,-3.205806265814805,55.10526760495393,0.32177013001546295,60.08237114505814
PedNYC12,PedNYC12_scenario15,15,69.0,-3.2124357992284245,55.0899705949221,-0.0959544542329469,59.877298673470996
PedNYC12,PedNYC12_scenario15,15,70.0,-3.2086344044209785,55.07438950709675,-0.6055008251719214,59.69231384034187
PedNYC12,PedNYC12_scenario15,15,71.0,-3.20160950885861,55.062151189080325,-1.2099548333823549,59.52965716316526
PedNYC12,PedNYC12_scenario15,15,72.0,-3.1959849751458482,55.050541399992994,-1.9155837853326818,59.34123799612664
PedNYC12,PedNYC12_scenario15,15,73.0,-3.1871904000037663,55.04373373461303,-2.7415959868279325,59.10305397246328
PedNYC12,PedNYC12_scenario15,15,74.0,-3.2169938457171927,55.03731125565598,-3.705566997622645,58.86741887369551
PedNYC12,PedNYC12_scenario15,15,75.0,-3.227493239744832,55.025994998690976,-4.8222159367898865,58.66184599726797
PedNYC12,PedNYC12_scenario15,15,76.0,-3.2169084697042964,55.03509943695931,-6.094841890509031,58.529327829922856
PedNYC12,PedNYC12_scenario15,15,77.0,-3.154947592034217,55.15193298346722,-7.500278436536274,58.45948230135449
PedNYC12,PedNYC12_scenario15,15,78.0,-3.099163506910628,55.34567748438224,-9.029819517995453,58.3711852861718
PedNYC12,PedNYC12_scenario15,15,79.0,-3.153745835324592,55.529015921656885,-10.678257401604222,58.28811980631891
PedNYC12,PedNYC12_scenario15,15,80.0,-3.239618160118057,55.63733835921845,-12.438601908001907,58.209588192459954
PedNYC12,PedNYC12_scenario15,15,81.0,-3.242125379354,55.75729700887155,-14.307965453187323,58.148623364052156
PedNYC12,PedNYC12_scenario15,15,82.0,-3.1324405984975234,55.92140130602214,-16.279766316748884,58.12011414592442
PedNYC12,PedNYC12_scenario15,15,83.0,-3.159252552611523,56.15243090169501,-18.34121240434882,58.12971141494564
PedNYC12,PedNYC12_scenario15,15,84.0,-3.2078421960317294,56.364485847774496,-20.483447224382573,58.16173675466624
PedNYC12,PedNYC12_scenario15,15,85.0,-3.1085099617592067,56.654279599224395,-22.70870173905144,58.19686763635271
PedNYC12,PedNYC12_scenario15,15,86.0,-3.020167238006277,57.00233833188514,-25.014386457153606,58.21784659797045
PedNYC12,PedNYC12_scenario15,15,87.0,-3.0251240567768383,57.38378490335045,-27.39793284877963,58.22197982459582
PedNYC12,PedNYC12_scenario15,15,88.0,-3.0552137135412805,57.65714329306816,-29.82765294758216,58.23404577031902
PedNYC12,PedNYC12_scenario15,15,89.0,-2.9901691751435826,58.09414556407549,-32.09910469264247,58.27960409471378
PedNYC12,PedNYC12_scenario15,15,90.0,-2.87671598159051,58.440885406849475,-33.69935402505401,58.33043585714127
PedNYC12,PedNYC12_scenario15,15,91.0,-2.8463970273208132,58.70504643010699,-34.291109703612776,58.350869516992425
PedNYC12,PedNYC12_scenario15,15,92.0,-2.8062263105755685,59.10994559141702,-34.29828706622216,58.351161988198804
PedNYC12,PedNYC12_scenario15,15,93.0,-2.7061154054345833,59.47782323862246,-34.29858022849974,58.35118103027344
PedNYC12,PedNYC12_scenario15,15,94.0,-2.6846192006799017,59.73496835518106,-34.2985954284668,58.35118103027344
PedNYC12,PedNYC12_scenario15,15,95.0,-2.720482785578636,59.992033775047595,-34.2985954284668,58.35118103027344
PedNYC12,PedNYC12_scenario15,15,96.0,-2.7326878140150295,60.24422102676289,-34.2985954284668,58.351182729073436
PedNYC12,PedNYC12_scenario15,15,97.0,-2.6445742746760486,60.49779033535517,-34.2985954284668,58.35118103027344
PedNYC12,PedNYC12_scenario15,15,98.0,-2.665988532964961,60.703127978910835,-34.2985954284668,58.35118103027344
PedNYC12,PedNYC12_scenario15,15,99.0,-2.789875295166601,60.817155658981285,-34.2985954284668,58.35118103027344
PedNYC12,PedNYC12_scenario15,15,100.0,-2.7520651817321777,60.96199417114258,-34.2985954284668,58.35118103027344
PedNYC13,PedNYC13_scenario15,15,0.0,-0.7295246124267578,44.86827850341797,-3.328540802001953,114.68687438964844
PedNYC13,PedNYC13_scenario15,15,1.0,-0.7514868162574103,44.935028393786666,-2.8742451714061423,114.58750266631114
PedNYC13,PedNYC13_scenario15,15,2.0,-0.785032159032512,44.96254568196738,-2.4014854098390925,114.45688933209547
PedNYC13,PedNYC13_scenario15,15,3.0,-0.7942614329579298,44.96609892568783,-1.9177084610676056,114.28319605046671
PedNYC13,PedNYC13_scenario15,15,4.0,-0.8000220537325561,44.96808578439558,-1.428993705431786,114.0591813879638
PedNYC13,PedNYC13_scenario15,15,5.0,-0.8038192824495743,44.974323550100486,-0.9422986019608997,113.77999071854833
PedNYC13,PedNYC13_scenario15,15,6.0,-0.8070773023400809,44.97974450449628,-0.46550295969333566,113.44426683561564
PedNYC13,PedNYC13_scenario15,15,7.0,-0.8059910997894928,44.9770102859027,-0.01069169333983994,113.04971299663897
PedNYC13,PedNYC13_scenario15,15,8.0,-0.8052914106113698,44.96635383123862,0.40963228715646793,112.59542592002572
PedNYC13,PedNYC13_scenario15,15,9.0,-0.8046418625988241,44.95857508542298,0.7826117584133333,112.08441378233724
PedNYC13,PedNYC13_scenario15,15,10.0,-0.8065112458832401,44.95494553846765,1.0961799233976324,111.52174062343325
PedNYC13,PedNYC13_scenario15,15,11.0,-0.8066247645351156,44.95283613375977,1.3464461015670781,110.91514133595052
PedNYC13,PedNYC13_scenario15,15,12.0,-0.8041024724044059,44.94879180071818,1.5383704990297715,110.27097013792513
PedNYC13,PedNYC13_scenario15,15,13.0,-0.8047808816796705,44.94237996982053,1.6715764032949605,109.59456429190503
PedNYC13,PedNYC13_scenario15,15,14.0,-0.804238302284519,44.93979690405369,1.7559618387474,108.89051246812349
PedNYC13,PedNYC13_scenario15,15,15.0,-0.8034478319407823,44.93728154167957,1.8118164032815345,108.16137881151232
PedNYC13,PedNYC13_scenario15,15,16.0,-0.8032455265241628,44.933662074273236,1.8646268143623959,107.41089439535347
PedNYC13,PedNYC13_scenario15,15,17.0,-0.8040086455875651,44.930335734671225,1.9437732055268357,106.64526565036458
PedNYC13,PedNYC13_scenario15,15,18.0,-0.8042943738489863,44.930923516458506,2.052862890606736,105.8686263866913
PedNYC13,PedNYC13_scenario15,15,19.0,-0.7929826494582489,44.93180508892174,2.204897768614049,105.08626876539178
PedNYC13,PedNYC13_scenario15,15,20.0,-0.7373508339055727,44.88580284291987,2.405596798287534,104.30171786597957
PedNYC13,PedNYC13_scenario15,15,21.0,-0.6985129188410137,44.807239890303734,2.6350494761916967,103.50997243256599
PedNYC13,PedNYC13_scenario15,15,22.0,-0.6613213726304958,44.76851834506648,2.8382513663326163,102.69685805299275
PedNYC13,PedNYC13_scenario15,15,23.0,-0.6255619540500602,44.779827617615275,2.997690780177213,101.86344883481185
PedNYC13,PedNYC13_scenario15,15,24.0,-0.6220291866678754,44.825490992468076,3.102298555495229,101.0100402500629
PedNYC13,PedNYC13_scenario15,15,25.0,-0.6204112670516251,44.87274166593488,3.149964158471537,100.13921750320124
PedNYC13,PedNYC13_scenario15,15,26.0,-0.5990493549066853,44.92273994163441,3.144462353785019,99.25332421183575
PedNYC13,PedNYC13_scenario15,15,27.0,-0.5937428322364197,44.966862365167245,3.0898876662445414,98.35368247979227
PedNYC13,PedNYC13_scenario15,15,28.0,-0.6178656228729026,44.99148018200022,3.0153966104395558,97.42913909806265
PedNYC13,PedNYC13_scenario15,15,29.0,-0.6637030281333733,45.045487124271155,2.958545643472037,96.47060189151135
PedNYC13,PedNYC13_scenario15,15,30.0,-0.7441089324125522,45.153395464018026,2.9380555746187165,95.47750031049812
PedNYC13,PedNYC13_scenario15,15,31.0,-0.8456839988669199,45.2942394053768,2.9642261202272002,94.45101612958887
PedNYC13,PedNYC13_scenario15,15,32.0,-0.9341828447111579,45.47791784643835,3.0236059111229645,93.39171546944036
PedNYC13,PedNYC13_scenario15,15,33.0,-1.0110090726253727,45.70281749618416,3.0676635504119427,92.29901861882266
PedNYC13,PedNYC13_scenario15,15,34.0,-1.1163522347297017,45.90271729945356,3.0885345794732624,91.1747710947443
PedNYC13,PedNYC13_scenario15,15,35.0,-1.2360697152388684,46.078404452309925,3.0681739390536604,90.0196929389094
PedNYC13,PedNYC13_scenario15,15,36.0,-1.383237705650175,46.28337475694536,3.004434739370546,88.83774774785275
PedNYC13,PedNYC13_scenario15,15,37.0,-1.531227047872559,46.51281088574705,2.901704690490558,87.63258707077843
PedNYC13,PedNYC13_scenario15,15,38.0,-1.6817070944281802,46.76346358198974,2.7864182363556926,86.40233961859015
PedNYC13,PedNYC13_scenario15,15,39.0,-1.8173695548396962,46.945347627892744,2.6825633950130614,85.15745580040704
PedNYC13,PedNYC13_scenario15,15,40.0,-2.0000136863775793,47.15178358805324,2.609572644347782,83.93431524987643
PedNYC13,PedNYC13_scenario15,15,41.0,-2.1805363144386187,47.35358518912427,2.5777851205101676,82.75032100719186
PedNYC13,PedNYC13_scenario15,15,42.0,-2.357766129690286,47.57374309064155,2.573612615491661,81.6196259756754
PedNYC13,PedNYC13_scenario15,15,43.0,-2.5277237337537124,47.79833584468285,2.5774029317440657,80.54587014593862
PedNYC13,PedNYC13_scenario15,15,44.0,-2.7132934254369387,47.990546439291236,2.575952247317274,79.52690496909811
PedNYC13,PedNYC13_scenario15,15,45.0,-2.907509406524937,48.18015409633671,2.5675324145042127,78.55986288348028
PedNYC13,PedNYC13_scenario15,15,46.0,-3.060097551461161,48.371555235593384,2.5540904455454054,77.63360322644255
PedNYC13,PedNYC13_scenario15,15,47.0,-3.186031327350582,48.617824317134236,2.536348240376262,76.73043469834204
PedNYC13,PedNYC13_scenario15,15,48.0,-3.279200157123888,48.859542487858526,2.5165875539720273,75.82512847354741
PedNYC13,PedNYC13_scenario15,15,49.0,-3.398914427208973,49.116480838485266,2.496130537381391,74.89205508241947
PedNYC13,PedNYC13_scenario15,15,50.0,-3.5091148169977315,49.3913844203949,2.4755072656699593,73.90354692663466
PedNYC13,PedNYC13_scenario15,15,51.0,-3.560585623477088,49.65834156074066,2.454525315632626,72.82099625112849
PedNYC13,PedNYC13_scenario15,15,52.0,-3.564677418402103,49.92887453723701,2.4344475234328677,71.62316265460198
PedNYC13,PedNYC13_scenario15,15,53.0,-3.5743201547628294,50.17025455162875,2.4158590513891056,70.31062903309926
PedNYC13,PedNYC13_scenario15,15,54.0,-3.596193120533981,50.444805305320656,2.3997982856522526,68.89756786559508
PedNYC13,PedNYC13_scenario15,15,55.0,-3.612224970650038,50.71499759146364,2.3872487550928394,67.40177798188613
PedNYC13,PedNYC13_scenario15,15,56.0,-3.5971931356091535,50.99525676884326,2.3791192734626665,65.83558084677327
PedNYC13,PedNYC13_scenario15,15,57.0,-3.563600108672808,51.283492940167825,2.3771291940241706,64.2106407796271
PedNYC13,PedNYC13_scenario15,15,58.0,-3.5722090481492783,51.56528865875871,2.3850093633056386,62.54379511202073
PedNYC13,PedNYC13_scenario15,15,59.0,-3.6020484478464336,51.86747226371914,2.3993590126559816,60.84527198491105
PedNYC13,PedNYC13_scenario15,15,60.0,-3.590909793019778,52.15671053776069,2.4159386354800403,59.12418310790082
PedNYC13,PedNYC13_scenario15,15,61.0,-3.5542794981570913,52.45560254654522,2.433216742909263,57.40187721021949
PedNYC13,PedNYC13_scenario15,15,62.0,-3.5346960989373786,52.722465384388144,2.4498906568995977,55.6896782586193
PedNYC13,PedNYC13_scenario15,15,63.0,-3.5253912018054603,53.00284766436207,2.465636837443282,53.989930546021235
PedNYC13,PedNYC13_scenario15,15,64.0,-3.5099660806397663,53.28288196807763,2.47948179899656,52.304883252967116
PedNYC13,PedNYC13_scenario15,15,65.0,-3.4868834878808825,53.54461044941533,2.490640727627223,50.637307592202134
PedNYC13,PedNYC13_scenario15,15,66.0,-3.476069772281297,53.81297192090207,2.4984879748713147,48.990705509511955
PedNYC13,PedNYC13_scenario15,15,67.0,-3.491219369044628,54.057354834431976,2.500464006437672,47.363566270362156
PedNYC13,PedNYC13_scenario15,15,68.0,-3.4882671921226494,54.32665931093544,2.496083840379601,45.75524059616252
PedNYC13,PedNYC13_scenario15,15,69.0,-3.4192434932640614,54.61216100704077,2.487504500433913,44.163377023722745
PedNYC13,PedNYC13_scenario15,15,70.0,-3.314410848875304,54.840067224817595,2.480504166542947,42.58711746490754
PedNYC13,PedNYC13_scenario15,15,71.0,-3.222657116758602,55.07024052788106,2.476140835358958,41.025650029490585
PedNYC13,PedNYC13_scenario15,15,72.0,-3.167615466820417,55.27914456631839,2.475117984567397,39.47949007361529
PedNYC13,PedNYC13_scenario15,15,73.0,-3.1505959115387734,55.50268271536149,2.477492530286998,37.94646455582853
PedNYC13,PedNYC13_scenario15,15,74.0,-3.147234052769109,55.76123218623878,2.482008374599178,36.42629050018838
PedNYC13,PedNYC13_scenario15,15,75.0,-3.1405932670109937,56.01069569183415,2.4861957861296964,34.91939220997893
PedNYC13,PedNYC13_scenario15,15,76.0,-3.076940310427418,56.27858723014211,2.489668977906888,33.42565878187299
PedNYC13,PedNYC13_scenario15,15,77.0,-3.0383932471853132,56.50420731836315,2.4921877784008513,31.94389471066448
PedNYC13,PedNYC13_scenario15,15,78.0,-3.006181089743381,56.77839676846531,2.4935591553975707,30.474084837013233
PedNYC13,PedNYC13_scenario15,15,79.0,-2.9698782829412975,57.03780102512151,2.4937195307884936,29.01496563994893
PedNYC13,PedNYC13_scenario15,15,80.0,-2.9434435487784802,57.27716918914439,2.4926914445488,27.567318695276967
PedNYC13,PedNYC13_scenario15,15,81.0,-2.924260858417915,57.5696468499789,2.490487099839833,26.129846202110063
PedNYC13,PedNYC13_scenario15,15,82.0,-2.936638085811322,57.85826418190404,2.487126761097579,24.70226757464931
PedNYC13,PedNYC13_scenario15,15,83.0,-2.969555710947125,58.159294138486274,2.482635106778695,23.283790498331786
PedNYC13,PedNYC13_scenario15,15,84.0,-2.983887226304406,58.45195673574926,2.477037161407175,21.873933472644865
PedNYC13,PedNYC13_scenario15,15,85.0,-2.9806175274937856,58.75354823603478,2.4703433798047385,20.471621834145306
PedNYC13,PedNYC13_scenario15,15,86.0,-2.988213431550114,59.055890586857494,2.4625738667558226,19.07730737025823
PedNYC13,PedNYC13_scenario15,15,87.0,-3.0051356371042246,59.33293395307187,2.453796915190779,17.69717381823719
PedNYC13,PedNYC13_scenario15,15,88.0,-3.0166071028493437,59.60670807701637,2.444298473109863,16.365314422494972
PedNYC13,PedNYC13_scenario15,15,89.0,-3.0071463104788583,59.870585323102965,2.43430319737563,15.097462140273114
PedNYC13,PedNYC13_scenario15,15,90.0,-2.9839895527919458,60.111509948641185,2.4239669128013954,13.893835355045507
PedNYC13,PedNYC13_scenario15,15,91.0,-2.980272965123338,60.32842192024383,2.413127598464807,12.752588325871239
PedNYC13,PedNYC13_scenario15,15,92.0,-2.9834052905450785,60.53034882903013,2.401439720392628,11.67030429582756
PedNYC13,PedNYC13_scenario15,15,93.0,-2.964581068956249,60.71119588250438,2.3891661209110873,10.643764230491156
PedNYC13,PedNYC13_scenario15,15,94.0,-2.9037328627694086,60.86600409650335,2.3764428754731473,9.669800588770418
PedNYC13,PedNYC13_scenario15,15,95.0,-2.787970641437717,60.992311118808004,2.3634045635320424,8.746176645809674
PedNYC13,PedNYC13_scenario15,15,96.0,-2.7189033380207004,61.06501064732475,2.35016424344662,7.870170419907202
PedNYC13,PedNYC13_scenario15,15,97.0,-2.666127738216486,61.14199639087898,2.336819906930545,7.038983257318955
PedNYC13,PedNYC13_scenario15,15,98.0,-2.6290247518650784,61.225681149608086,2.323461796625141,6.250838406790186
PedNYC13,PedNYC13_scenario15,15,99.0,-2.596204930124959,61.307632618704226,2.310155926303917,5.50272454380883
PedNYC13,PedNYC13_scenario15,15,100.0,,,,
PedNYC15,PedNYC15_scenario15,15,0.0,-0.7263259887695312,44.94408798217773,2.901364803314209,96.89158630371094
PedNYC15,PedNYC15_scenario15,15,1.0,-0.785630602459387,45.067099427158276,2.8073586593601907,95.40079903353838
PedNYC15,PedNYC15_scenario15,15,2.0,-0.8122519184673405,45.23246864403278,2.721202969504828,93.83698234119508
PedNYC15,PedNYC15_scenario15,15,3.0,-0.7666434592679618,45.464735965445506,2.6592083233884436,92.20064276597753
PedNYC15,PedNYC15_scenario15,15,4.0,-0.6791620791168608,45.740688828010256,2.6175522674396414,90.49492879409433
PedNYC15,PedNYC15_scenario15,15,5.0,-0.721096691845622,46.14570255954486,2.5815368120612927,88.72547350773375
PedNYC15,PedNYC15_scenario15,15,6.0,-0.7740872992130147,46.5372386162745,2.5374157052459507,86.91091978107659
PedNYC15,PedNYC15_scenario15,15,7.0,-0.7512860647292813,46.85244853354162,2.486192030596583,85.14305367043421
PedNYC15,PedNYC15_scenario15,15,8.0,-0.7173359638661875,47.11584714426642,2.4321216873601865,83.47249215409533
PedNYC15,PedNYC15_scenario15,15,9.0,-0.7085524176753982,47.44662775688042,2.382163627587958,81.90128542076451
PedNYC15,PedNYC15_scenario15,15,10.0,-0.7128417927768594,47.73617501273927,2.340636412738965,80.42440972647539
PedNYC15,PedNYC15_scenario15,15,11.0,-0.6878991597506243,48.148845732953795,2.309600660111899,79.03552760352258
PedNYC15,PedNYC15_scenario15,15,12.0,-0.6458077123076726,48.487148583552795,2.2886360503072263,77.72976976487307
PedNYC15,PedNYC15_scenario15,15,13.0,-0.6270141253870934,48.865667119026874,2.2760913289411198,76.50208851427128
PedNYC15,PedNYC15_scenario15,15,14.0,-0.6248440281550852,49.22209527532869,2.2655570923552943,75.34769942551087
PedNYC15,PedNYC15_scenario15,15,15.0,-0.611763342531825,49.49553456607731,2.2582461984968716,74.26214045166871
PedNYC15,PedNYC15_scenario15,15,16.0,-0.5840863854108549,49.839858795724666,2.2535786712094614,73.2415541133625
PedNYC15,PedNYC15_scenario15,15,17.0,-0.5900233434220208,50.23578419901556,2.250807476392237,72.28226897757868
PedNYC15,PedNYC15_scenario15,15,18.0,-0.6431850405373546,50.620597420035686,2.2496097232813974,71.3799788198543
PedNYC15,PedNYC15_scenario15,15,19.0,-0.6652146231376105,50.965370799868204,2.2497386875285126,70.53151772593796
PedNYC15,PedNYC15_scenario15,15,20.0,-0.6938491402291882,51.31857279250937,2.249697935094639,69.73829346054002
PedNYC15,PedNYC15_scenario15,15,21.0,-0.7761358347509792,51.712182815525004,2.249572168682858,69.05386047415884
PedNYC15,PedNYC15_scenario15,15,22.0,-0.8486623666329198,52.05303993362928,2.2503059858726653,68.50304078206722
PedNYC15,PedNYC15_scenario15,15,23.0,-0.8984935503114717,52.40744031078459,2.2511099611737437,68.09837426483031
PedNYC15,PedNYC15_scenario15,15,24.0,-0.9463818200383596,52.75669204163668,2.251748705777878,67.83407482150506
PedNYC15,PedNYC15_scenario15,15,25.0,-0.9923939260344548,53.06587392778781,2.252303898683889,67.63149253620875
PedNYC15,PedNYC15_scenario15,15,26.0,-1.0092748249601653,53.40195429140483,2.252931741443164,67.48148576867482
PedNYC15,PedNYC15_scenario15,15,27.0,-0.9934758656979042,53.75610158046205,2.2534207421495105,67.37433899570026
PedNYC15,PedNYC15_scenario15,15,28.0,-1.0026300825390189,54.127136063665326,2.253467559814453,67.36067354505332
PedNYC15,PedNYC15_scenario15,15,29.0,-1.0336555676009336,54.400941752440815,2.253469467163086,67.36051590311946
PedNYC15,PedNYC15_scenario15,15,30.0,-1.0536646306059394,54.59797259763163,2.253469944000244,67.36045837402344
PedNYC15,PedNYC15_scenario15,15,31.0,-1.0719933836775022,54.79442020095146,2.253469944000244,67.36045837402344
PedNYC15,PedNYC15_scenario15,15,32.0,-1.1523593460317656,54.991950107014155,2.253469944000244,67.36045837402344
PedNYC15,PedNYC15_scenario15,15,33.0,-1.2264324643094933,55.14140318440055,2.253470112964878,67.36044311523438
PedNYC15,PedNYC15_scenario15,15,34.0,-1.2969796971179666,55.35333955915539,2.253469467163086,67.36055755615234
PedNYC15,PedNYC15_scenario15,15,35.0,-1.36871727939434,55.62318252635782,2.253469467163086,67.36055755615234
PedNYC15,PedNYC15_scenario15,15,36.0,-1.4716430975658248,55.905418172136194,2.253469467163086,67.36055755615234
PedNYC15,PedNYC15_scenario15,15,37.0,-1.5719680379652796,56.17184196204665,2.253469556298964,67.36056233319877
PedNYC15,PedNYC15_scenario15,15,38.0,-1.663355618865026,56.471161255678865,2.2534699577780146,67.36057149227545
PedNYC15,PedNYC15_scenario15,15,39.0,-1.7535867595473877,56.76678458088989,2.2534685310676563,67.36061746625981
PedNYC15,PedNYC15_scenario15,15,40.0,-1.8840954238927539,57.05993091500957,2.2534722314256426,67.3604950842667
PedNYC15,PedNYC15_scenario15,15,41.0,-2.0089771061165154,57.36039474851032,2.253475507786174,67.36044311523438
PedNYC15,PedNYC15_scenario15,15,42.0,-2.0917098929224847,57.68621527247746,2.253478893650849,67.3603474612783
PedNYC15,PedNYC15_scenario15,15,43.0,-2.1336712344852167,57.99265217971179,2.253504026907591,67.3587342803241
PedNYC15,PedNYC15_scenario15,15,44.0,-2.1715602425182245,58.30537216467315,2.253680002738963,67.34609099434905
PedNYC15,PedNYC15_scenario15,15,45.0,-2.2028336894332856,58.612813603627885,2.254378581305476,67.3070850770798
PedNYC15,PedNYC15_scenario15,15,46.0,-2.2264368404421333,58.92039417641846,2.2563093172917945,67.22867107437362
PedNYC15,PedNYC15_scenario15,15,47.0,-2.265433272750571,59.226016505679496,2.2598888904952834,67.10231150470841
PedNYC15,PedNYC15_scenario15,15,48.0,-2.2964549462308295,59.46499872697286,2.2656383641461595,66.92225417261642
PedNYC15,PedNYC15_scenario15,15,49.0,-2.305377374292895,59.69679721318242,2.274104603659255,66.68570790594427
PedNYC15,PedNYC15_scenario15,15,50.0,-2.2632016348471087,59.94446449108415,2.2854353409037316,66.39266124665407
PedNYC15,PedNYC15_scenario15,15,51.0,-2.233830371813996,60.18652650757337,2.298872418863856,66.0454183885054
PedNYC15,PedNYC15_scenario15,15,52.0,-2.2489624076866175,60.3657283012578,2.3148273668707313,65.65072566869604
PedNYC15,PedNYC15_scenario15,15,53.0,-2.280260958109575,60.50070069487124,2.3319963023224175,65.22215663975894
PedNYC15,PedNYC15_scenario15,15,54.0,-2.3386592826367645,60.611741058156426,2.3411584618504775,64.79014653318362
PedNYC15,PedNYC15_scenario15,15,55.0,-2.4028289655225237,60.70416788654775,2.337713622650548,64.37979211159194
PedNYC15,PedNYC15_scenario15,15,56.0,-2.499209407152974,60.8501284504182,2.3160527789297474,63.99475772725239
PedNYC15,PedNYC15_scenario15,15,57.0,-2.6373055265611622,60.98608671171953,2.270004638189236,63.63717576211283
PedNYC15,PedNYC15_scenario15,15,58.0,-2.7520062133361276,61.07480083845158,2.205358609752034,63.30392347286237
PedNYC15,PedNYC15_scenario15,15,59.0,-2.8234640985537007,61.160416780989365,2.126861672409504,62.97489957725731
PedNYC15,PedNYC15_scenario15,15,60.0,-2.863766533712441,61.27305942211852,2.0304589268004727,62.6208446498391
PedNYC15,PedNYC15_scenario15,15,61.0,-2.9014471764418572,61.357017294260054,1.9084551511348455,62.21666393163277
PedNYC15,PedNYC15_scenario15,15,62.0,-2.924310107116817,61.39882480054806,1.7434718649828826,61.75492789888224
PedNYC15,PedNYC15_scenario15,15,63.0,-2.9479385099612494,61.41002322655842,1.5227379071890663,61.23959682657582
PedNYC15,PedNYC15_scenario15,15,64.0,-2.967741107586477,61.41474859145387,1.2253944734143702,60.68678252559092
PedNYC15,PedNYC15_scenario15,15,65.0,-2.975773957235251,61.41970523543631,0.8365362226513394,60.11493012544165
PedNYC15,PedNYC15_scenario15,15,66.0,-2.980967341901882,61.42020510472408,0.341607235170082,59.552301388844974
PedNYC15,PedNYC15_scenario15,15,67.0,-2.985550117279035,61.4144568405386,-0.2631385324614869,59.02150340429005
PedNYC15,PedNYC15_scenario15,15,68.0,-2.9878615984990238,61.40382966315962,-0.9763037987398199,58.53724650781479
PedNYC15,PedNYC15_scenario15,15,69.0,-2.9926715498034047,61.39137541527488,-1.7951107047568466,58.111475544695224
PedNYC15,PedNYC15_scenario15,15,70.0,-3.006468906581519,61.37680838422739,-2.7129377838862294,57.749194888237405
PedNYC15,PedNYC15_scenario15,15,71.0,-3.024430032915655,61.363618157533914,-3.72033271824397,57.465390055023235
PedNYC15,PedNYC15_scenario15,15,72.0,-3.0407417316337795,61.350193387589066,-4.805195237894571,57.26978197197393
PedNYC15,PedNYC15_scenario15,15,73.0,-3.0597077777442645,61.32667791370151,-5.9561712912945515,57.16568426443419
PedNYC15,PedNYC15_scenario15,15,74.0,-3.091533172258966,61.304610724283314,-7.160236760052255,57.157838443640244
PedNYC15,PedNYC15_scenario15,15,75.0,-3.1117886844398663,61.27868697653933,-8.407280779197624,57.240304070250346
PedNYC15,PedNYC15_scenario15,15,76.0,-3.1099771192980734,61.255267043324714,-9.693858978540172,57.383179641032285
PedNYC15,PedNYC15_scenario15,15,77.0,-3.113182697672563,61.235554844608785,-11.021641884837113,57.516416214429874
PedNYC15,PedNYC15_scenario15,15,78.0,-3.1388817310506862,61.22187446248478,-12.383976759882712,57.59108164339284
PedNYC15,PedNYC15_scenario15,15,79.0,-3.168443257664005,61.21416755428836,-13.775346119469686,57.59869691892468
PedNYC15,PedNYC15_scenario15,15,80.0,-3.1808798705529764,61.205565647196174,-15.195283650359912,57.58838196308479
PedNYC15,PedNYC15_scenario15,15,81.0,-3.1976509095051515,61.2095926245691,-16.642073115514396,57.58890547407442
PedNYC15,PedNYC15_scenario15,15,82.0,-3.2140095712630767,61.2148725406931,-18.11423623999472,57.610766899767974
PedNYC15,PedNYC15_scenario15,15,83.0,-3.214524969488965,61.21437133701636,-19.61044454960168,57.65332587789459
PedNYC15,PedNYC15_scenario15,15,84.0,-3.207455805952303,61.21203962155687,-21.129086300404484,57.70716141818184
PedNYC15,PedNYC15_scenario15,15,85.0,-3.2009407454203003,61.20934752040129,-22.668685591250046,57.767786942285284
PedNYC15,PedNYC15_scenario15,15,86.0,-3.1994593302466896,61.20805379896054,-24.22495045070329,57.83036306508883
PedNYC15,PedNYC15_scenario15,15,87.0,-3.199376485986797,61.20793914794922,-25.7961359790039,57.8933008403281
PedNYC15,PedNYC15_scenario15,15,88.0,-3.199355125427246,61.20794296264648,-27.37770810629044,57.95367649280898
PedNYC15,PedNYC15_scenario15,15,89.0,-3.202227164982592,61.20822934658622,-28.91045667087968,58.00886965220352
PedNYC15,PedNYC15_scenario15,15,90.0,-3.2052098052156968,61.207606453058126,-30.236317558527052,58.05385335756123
PedNYC15,PedNYC15_scenario15,15,91.0,-3.2048392495426046,61.20526302353592,-30.920408967265146,58.075845907706444
PedNYC15,PedNYC15_scenario15,15,92.0,-3.1978646092778447,61.20116983770643,-31.005032780846644,58.07848358154297
PedNYC15,PedNYC15_scenario15,15,93.0,-3.1867546595302763,61.19086005719078,-31.006083251995005,58.07851791381836
PedNYC15,PedNYC15_scenario15,15,94.0,-3.1774218830299166,61.15950557203975,-31.006306341393312,58.07853103862403
PedNYC15,PedNYC15_scenario15,15,95.0,-3.1389037549739123,61.11751077138598,-31.00632734159181,58.0785306902637
PedNYC15,PedNYC15_scenario15,15,96.0,-3.1291052009511797,61.095187253773844,-31.00632667541504,58.07853317260742
PedNYC15,PedNYC15_scenario15,15,97.0,-3.179356931588138,61.09439410591666,-31.00632551165149,58.07853465977759
PedNYC15,PedNYC15_scenario15,15,98.0,-3.2196605490137546,61.14348474508704,-31.00632667541504,58.07853035308372
PedNYC15,PedNYC15_scenario15,15,99.0,-3.2233173863059936,61.15065166748151,-31.00632667541504,58.07853317260742
PedNYC15,PedNYC15_scenario15,15,100.0,-3.2074923515319824,61.09884262084961,-31.00632667541504,58.07853317260742
PedNYC16,PedNYC16_scenario15,15,0.0,-0.7024979591369629,44.90659332275391,3.4873299598693848,101.83503723144533
PedNYC16,PedNYC16_scenario15,15,1.0,-0.6993156212381848,44.971669836742166,3.5348851068010814,101.31018040171111
PedNYC16,PedNYC16_scenario15,15,2.0,-0.7142825370187731,45.06906501144638,3.5775995401399627,100.75733526528482
PedNYC16,PedNYC16_scenario15,15,3.0,-0.7384408731183485,45.19852058861475,3.6091243860313784,100.19228608634207
PedNYC16,PedNYC16_scenario15,15,4.0,-0.7771360018737539,45.3460294192591,3.6296025969470898,99.62975950306797
PedNYC16,PedNYC16_scenario15,15,5.0,-0.7968670888300773,45.49307064357907,3.6344117678101,99.07323871334408
PedNYC16,PedNYC16_scenario15,15,6.0,-0.7989191183264697,45.636975376046856,3.6197961442033986,98.52045505195055
PedNYC16,PedNYC16_scenario15,15,7.0,-0.7963613158799784,45.79142039576274,3.5884735168910917,97.96439905964738
PedNYC16,PedNYC16_scenario15,15,8.0,-0.8268541455423053,45.9617572048787,3.5385464359474237,97.39928962231642
PedNYC16,PedNYC16_scenario15,15,9.0,-0.87588820491452,46.13374599827755,3.469481028541153,96.81867476442652
PedNYC16,PedNYC16_scenario15,15,10.0,-0.9187658108693164,46.31083606055015,3.3837260033901844,96.21572815313107
PedNYC16,PedNYC16_scenario15,15,11.0,-0.9469226115376621,46.488769637831815,3.283162096469204,95.58643968628756
PedNYC16,PedNYC16_scenario15,15,12.0,-0.9533405706543745,46.67944780322147,3.169923516645429,94.93028513951688
PedNYC16,PedNYC16_scenario15,15,13.0,-0.9341265620833857,46.882967373265984,3.051802007687383,94.25189646156782
PedNYC16,PedNYC16_scenario15,15,14.0,-0.9031569588298003,47.07635187138631,2.9403708575611844,93.56301320729773
PedNYC16,PedNYC16_scenario15,15,15.0,-0.8807791118074724,47.2755969966809,2.8401993360554583,92.87711001237501
PedNYC16,PedNYC16_scenario15,15,16.0,-0.865254073020434,47.49017098830548,2.7551737928972435,92.202318807712
PedNYC16,PedNYC16_scenario15,15,17.0,-0.8618858136167709,47.71427538921655,2.6861005529623396,91.54534835201395
PedNYC16,PedNYC16_scenario15,15,18.0,-0.8501371943478125,47.91532391317539,2.6307460934834133,90.90948479324463
PedNYC16,PedNYC16_scenario15,15,19.0,-0.8103138852605153,48.25967956565879,2.5862999745235027,90.29457670962617
PedNYC16,PedNYC16_scenario15,15,20.0,-0.7682102902999861,48.4965095309493,2.5513304254795566,89.70083438368539
PedNYC16,PedNYC16_scenario15,15,21.0,-0.739765522346729,48.73396544446355,2.523622584211908,89.12795933494115
PedNYC16,PedNYC16_scenario15,15,22.0,-0.7265664826216592,49.01506608771127,2.5010948650553915,88.57477067882147
PedNYC16,PedNYC16_scenario15,15,23.0,-0.7267063030851132,49.19598761189261,2.4830454517782026,88.04117329876753
PedNYC16,PedNYC16_scenario15,15,24.0,-0.7249904357398977,49.44166758414538,2.4676709663697842,87.52150272883131
PedNYC16,PedNYC16_scenario15,15,25.0,-0.7132543532130158,49.70070664997106,2.4526676561933627,86.99949809222703
PedNYC16,PedNYC16_scenario15,15,26.0,-0.686735398085184,49.96860367129573,2.437972935463186,86.46016975506572
PedNYC16,PedNYC16_scenario15,15,27.0,-0.6765423066797739,50.224772046908036,2.4242323235362773,85.89339131732622
PedNYC16,PedNYC16_scenario15,15,28.0,-0.6778682241903999,50.47953933417574,2.4116442917210397,85.29282509162233
PedNYC16,PedNYC16_scenario15,15,29.0,-0.7054496196078028,50.76696134278954,2.4002273604759643,84.654978870866
PedNYC16,PedNYC16_scenario15,15,30.0,-0.734812812649068,51.022691052615826,2.3884836448327422,83.97812978745056
PedNYC16,PedNYC16_scenario15,15,31.0,-0.7585104842174633,51.28271732999768,2.376614995536448,83.26242448227127
PedNYC16,PedNYC16_scenario15,15,32.0,-0.7750932301598875,51.56194700409069,2.3639002321265097,82.50747853864112
PedNYC16,PedNYC16_scenario15,15,33.0,-0.7980991772527927,51.82230898900337,2.3498858158950138,81.71980355121036
PedNYC16,PedNYC16_scenario15,15,34.0,-0.8296329399532535,52.07881102588573,2.335089085427526,80.9133007030829
PedNYC16,PedNYC16_scenario15,15,35.0,-0.8605025624434027,52.3333139969592,2.3201569665794515,80.1064542298062
PedNYC16,PedNYC16_scenario15,15,36.0,-0.869710457586084,52.63122041071239,2.305528239271839,79.31792622846103
PedNYC16,PedNYC16_scenario15,15,37.0,-0.8563128204197903,52.89596905119191,2.291958937597305,78.5543842697382
PedNYC16,PedNYC16_scenario15,15,38.0,-0.852601069628989,53.14949264835384,2.2799316144760504,77.81665999393338
PedNYC16,PedNYC16_scenario15,15,39.0,-0.8684269857791811,53.39578861398761,2.2691729458538044,77.1049269423193
PedNYC16,PedNYC16_scenario15,15,40.0,-0.904782956674797,53.645129068761634,2.259579971228066,76.41833533318803
PedNYC16,PedNYC16_scenario15,15,41.0,-0.9314205887444892,53.83215973269433,2.251067821039045,75.75574926107375
PedNYC16,PedNYC16_scenario15,15,42.0,-0.9562293895045104,54.11321107701002,2.243552222354688,75.11675778222585
PedNYC16,PedNYC16_scenario15,15,43.0,-0.9670332360097814,54.32938378540561,2.2371126757165594,74.50036524534788
PedNYC16,PedNYC16_scenario15,15,44.0,-0.9827234166321321,54.58112038717709,2.2323386385338533,73.90553286755922
PedNYC16,PedNYC16_scenario15,15,45.0,-1.0037314966702595,54.81664194533558,2.228980950073925,73.3319805649204
PedNYC16,PedNYC16_scenario15,15,46.0,-1.0356954606863051,55.04878833226764,2.226777075461455,72.77834789974986
PedNYC16,PedNYC16_scenario15,15,47.0,-1.077420541014241,55.3145602179967,2.2256156600929375,72.24449750028741
PedNYC16,PedNYC16_scenario15,15,48.0,-1.1118372497362479,55.605170433071194,2.2253878433712515,71.7294712432376
PedNYC16,PedNYC16_scenario15,15,49.0,-1.1247024246199016,55.8606047937403,2.2259976655178675,71.23239162816769
PedNYC16,PedNYC16_scenario15,15,50.0,-1.1348655244748322,56.076998477353555,2.2273597394419524,70.7530759423243
PedNYC16,PedNYC16_scenario15,15,51.0,-1.1626275889125932,56.314342628079075,2.22939009920853,70.29076175235336
PedNYC16,PedNYC16_scenario15,15,52.0,-1.2104102730369548,56.5795002576845,2.2319753307330834,69.85067693017527
PedNYC16,PedNYC16_scenario15,15,53.0,-1.2627943632835006,56.875722016746145,2.234853598300849,69.45515707450834
PedNYC16,PedNYC16_scenario15,15,54.0,-1.292980485420445,57.1291891249177,2.2376543906655675,69.12730527749967
PedNYC16,PedNYC16_scenario15,15,55.0,-1.3020407634040652,57.37711684838832,2.240107316518008,68.87199679657316
PedNYC16,PedNYC16_scenario15,15,56.0,-1.3125179175132804,57.60162058542551,2.242486262826879,68.64496913425492
PedNYC16,PedNYC16_scenario15,15,57.0,-1.3355527373142964,57.83372150933296,2.244936082182436,68.42596315437274
PedNYC16,PedNYC16_scenario15,15,58.0,-1.348131152182776,57.93192060384896,2.2473283399193256,68.21480708366067
PedNYC16,PedNYC16_scenario15,15,59.0,-1.3993012463179886,58.24011512448338,2.249647203290994,68.01109967376865
PedNYC16,PedNYC16_scenario15,15,60.0,-1.424672420842444,58.487660660926004,2.251994186257727,67.81466760155661
PedNYC16,PedNYC16_scenario15,15,61.0,-1.4293218186983534,58.71345298551456,2.2544825432592446,67.62509704556486
PedNYC16,PedNYC16_scenario15,15,62.0,-1.4322490749009515,58.96123688028598,2.2570406799856406,67.44216467610522
PedNYC16,PedNYC16_scenario15,15,63.0,-1.4615154124169758,59.21070374866206,2.259721203084203,67.26573514379326
PedNYC16,PedNYC16_scenario15,15,64.0,-1.5107149348195734,59.426638690341996,2.2624536575595426,67.09545966438928
PedNYC16,PedNYC16_scenario15,15,65.0,-1.5678876340015522,59.64190764811853,2.265329310476239,66.93116248597303
PedNYC16,PedNYC16_scenario15,15,66.0,-1.6037936348603052,59.851827776741565,2.2684510454908122,66.77270572142982
PedNYC16,PedNYC16_scenario15,15,67.0,-1.6172305814508965,60.06614897786938,2.2716369316781013,66.6197636664124
PedNYC16,PedNYC16_scenario15,15,68.0,-1.618601196106053,60.260914504235814,2.2750097479233977,66.47217578902419
PedNYC16,PedNYC16_scenario15,15,69.0,-1.6312492604445332,60.44534744605623,2.2784664556487737,66.32979935052032
PedNYC16,PedNYC16_scenario15,15,70.0,-1.6585573141809578,60.64190688595345,2.281948332854604,66.19197490966882
PedNYC16,PedNYC16_scenario15,15,71.0,-1.7007657811811576,60.85941159269017,2.2854390284790354,66.05873042603008
PedNYC16,PedNYC16_scenario15,15,72.0,-1.7231464500783376,61.03977953993156,2.288910626162169,65.9301762342549
PedNYC16,PedNYC16_scenario15,15,73.0,-1.7196309556059761,61.26566098701603,2.2921116262188916,65.80593112442625
PedNYC16,PedNYC16_scenario15,15,74.0,-1.6971974479666998,61.46786345178766,2.294963385583299,65.68059396101454
PedNYC16,PedNYC16_scenario15,15,75.0,-1.6718535430945693,61.65366010690108,2.2981436651614455,65.54111038118279
PedNYC16,PedNYC16_scenario15,15,76.0,-1.6633474366045042,61.85230826260795,2.301891677238594,65.37926779698118
PedNYC16,PedNYC16_scenario15,15,77.0,-1.678544115811058,62.049147132232406,2.3063538857937225,65.19001235998022
PedNYC16,PedNYC16_scenario15,15,78.0,-1.6960593506650148,62.20044640363719,2.311714658957509,64.96723000872097
PedNYC16,PedNYC16_scenario15,15,79.0,-1.6972482453169018,62.353993774620804,2.3181947507765717,64.70415140188543
PedNYC16,PedNYC16_scenario15,15,80.0,-1.6749118620106556,62.4505999873088,2.3256412673384856,64.39480567587188
PedNYC16,PedNYC16_scenario15,15,81.0,-1.6245008556203417,62.53459661055859,2.3309232026954785,64.03942167590402
PedNYC16,PedNYC16_scenario15,15,82.0,-1.5849789365564895,62.58654485505209,2.3299052506115645,63.646180924461554
PedNYC16,PedNYC16_scenario15,15,83.0,-1.567828903704336,62.62064819732473,2.3185112957564242,63.22616687511646
PedNYC16,PedNYC16_scenario15,15,84.0,-1.567563443713185,62.651183874026636,2.289559904228994,62.79822690624747
PedNYC16,PedNYC16_scenario15,15,85.0,-1.5762369487428003,62.67232947386893,2.2393217659392364,62.379904967074225
PedNYC16,PedNYC16_scenario15,15,86.0,-1.5830778730935013,62.677112041216446,2.167620282314559,61.97940545467784
PedNYC16,PedNYC16_scenario15,15,87.0,-1.5885861635866807,62.66762309594425,2.0732497051135295,61.60008414410769
PedNYC16,PedNYC16_scenario15,15,88.0,-1.5975280893903427,62.64602864967742,1.9575551010287033,61.24397281760548
PedNYC16,PedNYC16_scenario15,15,89.0,-1.605255779437496,62.629277402998056,1.8214955121558605,60.913571481141844
PedNYC16,PedNYC16_scenario15,15,90.0,-1.609406250759072,62.61753446498976,1.6653582710282886,60.61187844754572
PedNYC16,PedNYC16_scenario15,15,91.0,-1.610407820210775,62.610509545845794,1.4910324659069685,60.34300913800695
PedNYC16,PedNYC16_scenario15,15,92.0,-1.6110739662757583,62.60137267322984,1.3036446834563142,60.108693012721105
PedNYC16,PedNYC16_scenario15,15,93.0,-1.6162526435803766,62.58795119444628,1.1095917430512805,59.90621838098463
PedNYC16,PedNYC16_scenario15,15,94.0,-1.625142364992067,62.57544411807472,0.9145888930109242,59.73147152208935
PedNYC16,PedNYC16_scenario15,15,95.0,-1.635973439946495,62.56407250170166,0.7224609435757556,59.58061989008199
PedNYC16,PedNYC16_scenario15,15,96.0,-1.640677992653676,62.5586892947116,0.5341468134163787,59.449972132343404
PedNYC16,PedNYC16_scenario15,15,97.0,-1.638680714136164,62.56562040519045,0.3450854272078678,59.33343753699137
PedNYC16,PedNYC16_scenario15,15,98.0,-1.63360000869238,62.58497395104714,0.1466446412250574,59.221964622196765
PedNYC16,PedNYC16_scenario15,15,99.0,-1.6333838821151647,62.61165033415417,-0.07095478252830793,59.109074388608605
PedNYC16,PedNYC16_scenario15,15,100.0,-1.651069402694702,62.632598876953125,-0.317045509815216,58.99496078491211
PedNYC17,PedNYC17_scenario15,15,0.0,-0.6482582092285156,44.65842819213867,-4.5335774421691895,114.82415771484376
PedNYC17,PedNYC17_scenario15,15,1.0,-0.6989930135550505,44.72048443744067,-3.9183255001543547,114.80713028625975
PedNYC17,PedNYC17_scenario15,15,2.0,-0.7380858213644627,44.779325132013376,-3.3008003605251925,114.75281374288691
PedNYC17,PedNYC17_scenario15,15,3.0,-0.7486886712249279,44.81326039791934,-2.696106107735183,114.64555738726303
PedNYC17,PedNYC17_scenario15,15,4.0,-0.7326108346053427,44.82525419063171,-2.1116123865217356,114.47836759493732
PedNYC17,PedNYC17_scenario15,15,5.0,-0.7157616541352563,44.83723032782422,-1.5441346893977421,114.24730258415364
PedNYC17,PedNYC17_scenario15,15,6.0,-0.6916776613158984,44.86572553202229,-0.981602235261935,113.94290604018511
PedNYC17,PedNYC17_scenario15,15,7.0,-0.6733951413858921,44.90813672279613,-0.4149902654746399,113.55206789501834
PedNYC17,PedNYC17_scenario15,15,8.0,-0.6838071249242738,44.96521472782379,0.15365792283366111,113.05456397786725
PedNYC17,PedNYC17_scenario15,15,9.0,-0.733379245033357,45.05957830434132,0.7163031507245827,112.43058852048313
PedNYC17,PedNYC17_scenario15,15,10.0,-0.8144355422410031,45.18464143329523,1.25894847308259,111.66991427367527
PedNYC17,PedNYC17_scenario15,15,11.0,-0.8800967116054069,45.33519680410186,1.7547075942700923,110.7654805863501
PedNYC17,PedNYC17_scenario15,15,12.0,-0.9150190026466223,45.529142900933124,2.180787482221232,109.7257793882911
PedNYC17,PedNYC17_scenario15,15,13.0,-0.9194525246329049,45.78562643772929,2.522444693008201,108.5926469945062
PedNYC17,PedNYC17_scenario15,15,14.0,-0.9383846249114851,46.00847561233854,2.7786253650817354,107.41947217961504
PedNYC17,PedNYC17_scenario15,15,15.0,-0.9857787120228514,46.20084203637005,2.959674907850824,106.22819227419545
PedNYC17,PedNYC17_scenario15,15,16.0,-1.0562546647991717,46.4081171042816,3.072823847279046,105.01869104008556
PedNYC17,PedNYC17_scenario15,15,17.0,-1.1112331829581588,46.658498879051315,3.1245746160243937,103.78049456889252
PedNYC17,PedNYC17_scenario15,15,18.0,-1.1253930869199904,46.91901600112158,3.1179477012166634,102.50374925781786
PedNYC17,PedNYC17_scenario15,15,19.0,-1.1440730106087265,47.230579049247176,3.067774085328615,101.18018819299955
PedNYC17,PedNYC17_scenario15,15,20.0,-1.1972194464496675,47.535466167755835,3.0051932803568424,99.80219873543786
PedNYC17,PedNYC17_scenario15,15,21.0,-1.2392264750310296,47.809908630582214,2.958517872110722,98.36569430436288
PedNYC17,PedNYC17_scenario15,15,22.0,-1.2380750657890294,48.047517849890745,2.9536920960718485,96.8736434648223
PedNYC17,PedNYC17_scenario15,15,23.0,-1.2106359157556168,48.245161260094385,3.0016669487344845,95.35022805952163
PedNYC17,PedNYC17_scenario15,15,24.0,-1.1844570840659652,48.36858104449929,3.0897417176845163,93.79872630745058
PedNYC17,PedNYC17_scenario15,15,25.0,-1.1941657657709919,48.39159162258679,3.192438541866305,92.21041526556382
PedNYC17,PedNYC17_scenario15,15,26.0,-1.202884873707155,48.37973977736169,3.2758116354707716,90.58398251350788
PedNYC17,PedNYC17_scenario15,15,27.0,-1.2703974925769734,48.39332995169238,3.3271049197147398,88.93537266618027
PedNYC17,PedNYC17_scenario15,15,28.0,-1.4108962766012252,48.45215051636829,3.327138905019664,87.30359751699356
PedNYC17,PedNYC17_scenario15,15,29.0,-1.525660674009443,48.53025142555578,3.283238215781003,85.71745308681996
PedNYC17,PedNYC17_scenario15,15,30.0,-1.570678558355124,48.597571047343195,3.2048971611159116,84.20234083680805
PedNYC17,PedNYC17_scenario15,15,31.0,-1.652954536152051,48.659324628191904,3.107751892433777,82.75973829176947
PedNYC17,PedNYC17_scenario15,15,32.0,-1.8298423374443669,48.726211020382166,3.007405888944198,81.38649069980924
PedNYC17,PedNYC17_scenario15,15,33.0,-2.052259852530437,48.80318406726677,2.9098930187485914,80.0784896113989
PedNYC17,PedNYC17_scenario15,15,34.0,-2.267531318454757,48.92462494452011,2.8216582004618904,78.85670954972558
PedNYC17,PedNYC17_scenario15,15,35.0,-2.4601101607090654,49.0989980516131,2.7478892204937115,77.77775320341476
PedNYC17,PedNYC17_scenario15,15,36.0,-2.6464591660811942,49.25958683991277,2.682670420073755,76.77019510148665
PedNYC17,PedNYC17_scenario15,15,37.0,-2.8789383496210816,49.43920204517468,2.622458774775221,75.81175813176766
PedNYC17,PedNYC17_scenario15,15,38.0,-3.11006174891207,49.67953231636519,2.5660236812936734,74.89882185064975
PedNYC17,PedNYC17_scenario15,15,39.0,-3.2939823390601517,49.981876987464354,2.512883662939893,74.02697712321702
PedNYC17,PedNYC17_scenario15,15,40.0,-3.457012414361086,50.275970915988616,2.4626354585640815,73.19110742137065
PedNYC17,PedNYC17_scenario15,15,41.0,-3.601290047198993,50.57110345089696,2.4153430936760802,72.39308928544575
PedNYC17,PedNYC17_scenario15,15,42.0,-3.6731176637339424,50.83483979446849,2.3709228302264957,71.63324301810107
PedNYC17,PedNYC17_scenario15,15,43.0,-3.7135888726372803,51.020106357561225,2.3287783162032145,70.90273875741106
PedNYC17,PedNYC17_scenario15,15,44.0,-3.697192244327858,51.19217324022173,2.2873767343185682,70.17944126699108
PedNYC17,PedNYC17_scenario15,15,45.0,-3.6250012290471227,51.37859612430544,2.2456033808918248,69.45095436388337
PedNYC17,PedNYC17_scenario15,15,46.0,-3.555389190672398,51.59316959452959,2.2033527534130037,68.71192004946991
PedNYC17,PedNYC17_scenario15,15,47.0,-3.52496102437871,51.835705475421165,2.1613973167796567,67.97551095639363
PedNYC17,PedNYC17_scenario15,15,48.0,-3.501850429547228,52.09535113794214,2.1202581272478183,67.26431672924926
PedNYC17,PedNYC17_scenario15,15,49.0,-3.458677678816296,52.32683226807521,2.0780399030520393,66.58516004882559
PedNYC17,PedNYC17_scenario15,15,50.0,-3.4195330502876593,52.51291509958096,2.0357308483593886,65.94818830227808
PedNYC17,PedNYC17_scenario15,15,51.0,-3.3951362292953307,52.63492816711027,1.9962270347515025,65.43366435792343
PedNYC17,PedNYC17_scenario15,15,52.0,-3.3811305452767204,52.70304108944322,1.9680531335189513,65.12150936624502
PedNYC17,PedNYC17_scenario15,15,53.0,-3.362229206699737,52.74199724232498,1.9606066396476023,65.04581360822839
PedNYC17,PedNYC17_scenario15,15,54.0,-3.3468094483345148,52.774952974919884,1.9605586379113733,65.04529197354445
PedNYC17,PedNYC17_scenario15,15,55.0,-3.336519682465687,52.81373826189535,1.9605504863045835,65.04525610540463
PedNYC17,PedNYC17_scenario15,15,56.0,-3.3218050443254903,52.867077950949586,1.9605360745753455,65.0451851170214
PedNYC17,PedNYC17_scenario15,15,57.0,-3.3180990758744473,53.00051576953533,1.95890634693662,65.0315578788211
PedNYC17,PedNYC17_scenario15,15,58.0,-3.3532632641387425,53.284853441577376,1.9523341264614207,64.97563561900175
PedNYC17,PedNYC17_scenario15,15,59.0,-3.3944403481906837,53.67607557917676,1.9386153599646505,64.8603902273314
PedNYC17,PedNYC17_scenario15,15,60.0,-3.3891662125805415,54.13820441626349,1.9161752156986345,64.67770218749571
PedNYC17,PedNYC17_scenario15,15,61.0,-3.4196674266842444,54.62340639296181,1.8838222244270462,64.42653962868769
PedNYC17,PedNYC17_scenario15,15,62.0,-3.458308436209501,55.02686554446438,1.8416764687940348,64.1190982512538
PedNYC17,PedNYC17_scenario15,15,63.0,-3.4373492669678245,55.570265409294144,1.793278464740909,63.80043302635436
PedNYC17,PedNYC17_scenario15,15,64.0,-3.4163102498378617,56.10711843111318,1.7420652369733889,63.492601158462506
PedNYC17,PedNYC17_scenario15,15,65.0,-3.4036784631219095,56.647605583572,1.688664238250356,63.199472933652196
PedNYC17,PedNYC17_scenario15,15,66.0,-3.358562933642793,57.17389606843844,1.634438331685414,62.92144508331669
PedNYC17,PedNYC17_scenario15,15,67.0,-3.32274310606679,57.737463784199456,1.5880858356538088,62.69684714123848
PedNYC17,PedNYC17_scenario15,15,68.0,-3.286718643816553,58.29331989221743,1.5669131075462979,62.599004779347204
PedNYC17,PedNYC17_scenario15,15,69.0,-3.216730323043314,58.80519715445842,1.5664900521611294,62.597127097150754
PedNYC17,PedNYC17_scenario15,15,70.0,-3.166016995982946,59.27480583212977,1.5664333984320058,62.59688412830594
PedNYC17,PedNYC17_scenario15,15,71.0,-3.1081649362075843,59.7284431380994,1.5664126530230769,62.59680764194535
PedNYC17,PedNYC17_scenario15,15,72.0,-3.0119937916698594,60.12584139383106,1.5664324958867173,62.596870226613724
PedNYC17,PedNYC17_scenario15,15,73.0,-2.9315687853703003,60.40595214015823,1.5663861214540309,62.59672397627515
PedNYC17,PedNYC17_scenario15,15,74.0,-2.8823314336833006,60.60125597610531,1.563694214944917,62.58596925517954
PedNYC17,PedNYC17_scenario15,15,75.0,-2.8259661681857824,60.8720275808866,1.5510585107211612,62.534359284550106
PedNYC17,PedNYC17_scenario15,15,76.0,-2.783469233425562,61.08531914688204,1.5239604914215956,62.42472795748214
PedNYC17,PedNYC17_scenario15,15,77.0,-2.704992918447981,61.23670651054787,1.4784664749313048,62.247244415474384
PedNYC17,PedNYC17_scenario15,15,78.0,-2.614474896278947,61.29902586033644,1.4075695366670324,61.997672568170856
PedNYC17,PedNYC17_scenario15,15,79.0,-2.527742278513455,61.31647285672363,1.3022633398715155,61.67599807179976
PedNYC17,PedNYC17_scenario15,15,80.0,-2.4775130367149596,61.32710350828412,1.1519549204107904,61.28703339019487
PedNYC17,PedNYC17_scenario15,15,81.0,-2.445569277340842,61.35985061477993,0.9403087782481637,60.8433662646792
PedNYC17,PedNYC17_scenario15,15,82.0,-2.41109239570515,61.38926458854536,0.6629586537404915,60.371916477477995
PedNYC17,PedNYC17_scenario15,15,83.0,-2.3787960899253604,61.39849940976181,0.32492536342312905,59.90846667807564
PedNYC17,PedNYC17_scenario15,15,84.0,-2.3620304399632266,61.392411392185444,-0.07403421618190897,59.48211194800889
PedNYC17,PedNYC17_scenario15,15,85.0,-2.362619721372541,61.37374198126052,-0.5127879364913526,59.10474569566319
PedNYC17,PedNYC17_scenario15,15,86.0,-2.3704721773504236,61.35827651280952,-0.9826602414421302,58.77891579329479
PedNYC17,PedNYC17_scenario15,15,87.0,-2.381288075738155,61.343559410741165,-1.480989551033567,58.505098941696545
PedNYC17,PedNYC17_scenario15,15,88.0,-2.389333249558461,61.33417146968768,-2.012710703340469,58.28087325185836
PedNYC17,PedNYC17_scenario15,15,89.0,-2.400247342871099,61.32750424115034,-2.5858935960105978,58.10816229519976
PedNYC17,PedNYC17_scenario15,15,90.0,-2.4201111155717707,61.32564355663446,-3.2079746344375035,57.98639264325683
PedNYC17,PedNYC17_scenario15,15,91.0,-2.432659439602212,61.32942948326109,-3.8917295137896044,57.90831533646942
PedNYC17,PedNYC17_scenario15,15,92.0,-2.438008783059848,61.33279242886886,-4.64162695708786,57.862523774924234
PedNYC17,PedNYC17_scenario15,15,93.0,-2.440340084289369,61.33376400679557,-5.450916705339943,57.84695956844684
PedNYC17,PedNYC17_scenario15,15,94.0,-2.4415523273207724,61.33589186257919,-6.289906441565656,57.85101271410584
PedNYC17,PedNYC17_scenario15,15,95.0,-2.436996215901833,61.348648596536684,-7.112749547133066,57.845333731290296
PedNYC17,PedNYC17_scenario15,15,96.0,-2.4233548535442644,61.37338691054446,-7.900956469718157,57.82113523495631
PedNYC17,PedNYC17_scenario15,15,97.0,-2.4022387146074884,61.41065240888478,-8.650271923685183,57.77437338870492
PedNYC17,PedNYC17_scenario15,15,98.0,-2.383781927322298,61.45224640820517,-9.361752164525166,57.70953697625361
PedNYC17,PedNYC17_scenario15,15,99.0,-2.3688154573922975,61.489742643622684,-10.039893747959445,57.64982642108969
PedNYC17,PedNYC17_scenario15,15,100.0,-2.352235555648804,61.52361297607422,-10.687238693237305,57.61273193359375
PedNYC19,PedNYC19_scenario15,15,0.0,-0.9772276878356934,44.57282638549805,-6.999897480010986,114.8000030517578
PedNYC19,PedNYC19_scenario15,15,1.0,-0.9923257802884411,44.495913959300424,-7.0000234275586966,114.8000030517578
PedNYC19,PedNYC19_scenario15,15,2.0,-0.9411977739962762,44.449339970918054,-7.000155254878614,114.8000030517578
PedNYC19,PedNYC19_scenario15,15,3.0,-0.9157216484818269,44.4463449603241,-7.000176572191726,114.8000030517578
PedNYC19,PedNYC19_scenario15,15,4.0,-0.8901250601639005,44.53597514594107,-7.0003126213274465,114.8000030517578
PedNYC19,PedNYC19_scenario15,15,5.0,-0.8637547271314693,44.670291861509774,-7.000204553250879,114.8000030517578
PedNYC19,PedNYC19_scenario15,15,6.0,-0.8175982736827494,44.80435662421033,-7.00019259471478,114.8000030517578
PedNYC19,PedNYC19_scenario15,15,7.0,-0.753233286761933,44.869488803976985,-7.00017117615448,114.8000030517578
PedNYC19,PedNYC19_scenario15,15,8.0,-0.7049768323790255,44.85806137117562,-6.9936215214361175,114.8000030517578
PedNYC19,PedNYC19_scenario15,15,9.0,-0.7340240923885444,44.81923811089856,-6.9542035955276305,114.79983599052856
PedNYC19,PedNYC19_scenario15,15,10.0,-0.8163142836602998,44.79605021747919,-6.840865720854257,114.79918676588292
PedNYC19,PedNYC19_scenario15,15,11.0,-0.9115998861751786,44.761637610404534,-6.626116625455163,114.79786271873483
PedNYC19,PedNYC19_scenario15,15,12.0,-0.9627035106615803,44.67844367048345,-6.296695956646743,114.79551872922289
PedNYC19,PedNYC19_scenario15,15,13.0,-0.9519668881466068,44.64459789794262,-5.851397733566327,114.7917136079683
PedNYC19,PedNYC19_scenario15,15,14.0,-0.9101614349138399,44.70928845060337,-5.291196662789688,114.78514633197027
PedNYC19,PedNYC19_scenario15,15,15.0,-0.8598256017424774,44.81150187800906,-4.620247542167025,114.77417237646974
PedNYC19,PedNYC19_scenario15,15,16.0,-0.7720247124184463,44.93342729810191,-3.8568747735141957,114.75858487468653
PedNYC19,PedNYC19_scenario15,15,17.0,-0.6343696621081545,44.977413647578224,-3.0710525836417073,114.7379740678488
PedNYC19,PedNYC19_scenario15,15,18.0,-0.6135221895014108,44.96449951734467,-2.322299144254136,114.69909436083618
PedNYC19,PedNYC19_scenario15,15,19.0,-0.6671461158253548,44.96857233733146,-1.6242182829593959,114.613869375065
PedNYC19,PedNYC19_scenario15,15,20.0,-0.6975055678222677,44.94561850434262,-0.9808529409417976,114.46566381934544
PedNYC19,PedNYC19_scenario15,15,21.0,-0.7398052581934486,44.898246201369176,-0.38086010927543856,114.24553921590378
PedNYC19,PedNYC19_scenario15,15,22.0,-0.8328124330326309,44.8157625971084,0.20138814257465532,113.94046936084607
PedNYC19,PedNYC19_scenario15,15,23.0,-0.9195190184159888,44.74898108980325,0.7891077753646774,113.53158508451037
PedNYC19,PedNYC19_scenario15,15,24.0,-0.9602337884482859,44.73955280697631,1.3791949744213923,112.9981477739945
PedNYC19,PedNYC19_scenario15,15,25.0,-0.93810445268014,44.735012981858205,1.9566478316625844,112.3175919528014
PedNYC19,PedNYC19_scenario15,15,26.0,-0.8493101902749497,44.701772070739736,2.5066903381962846,111.48493635180496
PedNYC19,PedNYC19_scenario15,15,27.0,-0.7473650335095974,44.67604742876718,3.0210551487289123,110.50573361683873
PedNYC19,PedNYC19_scenario15,15,28.0,-0.6679072396755273,44.65582169622679,3.4948606293769857,109.38924407552396
PedNYC19,PedNYC19_scenario15,15,29.0,-0.6429741516738281,44.61680366492687,3.93538562486288,108.1489244207628
PedNYC19,PedNYC19_scenario15,15,30.0,-0.6665242156083603,44.57543126420002,4.34035705800063,106.79489730401255
PedNYC19,PedNYC19_scenario15,15,31.0,-0.6901278013189267,44.55820555951295,4.654345864935304,105.31979940456843
PedNYC19,PedNYC19_scenario15,15,32.0,-0.7068251383471723,44.55555377996469,4.816793360191823,103.72006415624821
PedNYC19,PedNYC19_scenario15,15,33.0,-0.7282483797061697,44.550810460874786,4.7819321431639406,102.01946988960573
PedNYC19,PedNYC19_scenario15,15,34.0,-0.7478815901255716,44.547843062552516,4.55949238608145,100.32344672242205
PedNYC19,PedNYC19_scenario15,15,35.0,-0.7764302976539459,44.5577429794935,4.2417938602231935,98.7227963137753
PedNYC19,PedNYC19_scenario15,15,36.0,-0.8204578351283088,44.57711066382848,3.9642632256457135,97.21223429010814
PedNYC19,PedNYC19_scenario15,15,37.0,-0.8499104011423984,44.619045545539706,3.810362013062852,95.78359462596107
PedNYC19,PedNYC19_scenario15,15,38.0,-0.8583168933231144,44.72084846694382,3.7600904390953116,94.43697046111915
PedNYC19,PedNYC19_scenario15,15,39.0,-0.8195987648518626,44.86095451252309,3.754940711864853,93.16540270794447
PedNYC19,PedNYC19_scenario15,15,40.0,-0.8062425635449758,44.987577937386895,3.7377541413368887,91.90262682018887
PedNYC19,PedNYC19_scenario15,15,41.0,-0.8637589594928415,45.13401911988559,3.6833110815415986,90.55616504105264
PedNYC19,PedNYC19_scenario15,15,42.0,-0.9629603511710899,45.29599395029967,3.5909650469303633,89.09935304496301
PedNYC19,PedNYC19_scenario15,15,43.0,-1.0104590702887346,45.445738355922906,3.4578694760443125,87.53158563008175
PedNYC19,PedNYC19_scenario15,15,44.0,-0.9953657368217917,45.619233813276566,3.2919266881461637,85.8516723333398
PedNYC19,PedNYC19_scenario15,15,45.0,-0.9482311881607889,45.80531074404602,3.1043297850755978,84.06939384619974
PedNYC19,PedNYC19_scenario15,15,46.0,-0.961282825896627,45.964011033193806,2.9232943656242267,82.20777350482068
PedNYC19,PedNYC19_scenario15,15,47.0,-1.041197936056523,46.12971914769832,2.770506049021226,80.35424167009795
PedNYC19,PedNYC19_scenario15,15,48.0,-1.1124276777306303,46.31687659550192,2.647769617578538,78.59167288448198
PedNYC19,PedNYC19_scenario15,15,49.0,-1.118217448468003,46.51028989400437,2.5477592701489193,76.92927924517745
PedNYC19,PedNYC19_scenario15,15,50.0,-1.0966226040504248,46.71637824288206,2.4672917138884567,75.32223081323174
PedNYC19,PedNYC19_scenario15,15,51.0,-1.1435322302361244,46.90705423414169,2.402117838044759,73.71714194654754
PedNYC19,PedNYC19_scenario15,15,52.0,-1.2318251634813397,47.0874611559479,2.3494835560173626,72.09077257242038
PedNYC19,PedNYC19_scenario15,15,53.0,-1.285615602324534,47.28172160031953,2.307221815124546,70.4155874017518
PedNYC19,PedNYC19_scenario15,15,54.0,-1.263810530030752,47.47815733763634,2.2753516408150314,68.67459619716966
PedNYC19,PedNYC19_scenario15,15,55.0,-1.1929539415963168,47.69312357238599,2.2627694698700593,66.87003253420644
PedNYC19,PedNYC19_scenario15,15,56.0,-1.1786840216100516,47.893389167916595,2.2701283908941705,65.00874737985599
PedNYC19,PedNYC19_scenario15,15,57.0,-1.2188668959187168,48.09963231831721,2.2914015745188405,63.094389270009486
PedNYC19,PedNYC19_scenario15,15,58.0,-1.26994309653207,48.311396479565424,2.3023107741761395,61.13190120211117
PedNYC19,PedNYC19_scenario15,15,59.0,-1.2781444461758547,48.51713316794318,2.2935764383479884,59.14444692676986
PedNYC19,PedNYC19_scenario15,15,60.0,-1.2523321703617234,48.71739694768599,2.262484045261748,57.23052171912649
PedNYC19,PedNYC19_scenario15,15,61.0,-1.2475981120372766,48.91960044520826,2.2152492156070407,55.538750837621684
PedNYC19,PedNYC19_scenario15,15,62.0,-1.2986465357273527,49.13298925143419,2.1655055708768094,54.34204685744051
PedNYC19,PedNYC19_scenario15,15,63.0,-1.3400570381519339,49.31209737198216,2.133307982105794,53.67301129146434
PedNYC19,PedNYC19_scenario15,15,64.0,-1.3447542715741139,49.4753546858191,2.126608280909366,53.53238382649005
PedNYC19,PedNYC19_scenario15,15,65.0,-1.3089196223247914,49.63898499663256,2.126562119629161,53.53138258380663
PedNYC19,PedNYC19_scenario15,15,66.0,-1.3066973589002369,49.796677865629064,2.126549243927002,53.53110847491446
PedNYC19,PedNYC19_scenario15,15,67.0,-1.3428033243283828,49.950828860962325,2.1265524977601022,53.53119066686198
PedNYC19,PedNYC19_scenario15,15,68.0,-1.3990042109200522,50.10740701628895,2.126553153953924,53.53117446818827
PedNYC19,PedNYC19_scenario15,15,69.0,-1.394764042580874,50.213848802451324,2.126557981857176,53.53130702440812
PedNYC19,PedNYC19_scenario15,15,70.0,-1.272955411706503,50.26325899210179,2.126558303833008,53.53126907458522
PedNYC19,PedNYC19_scenario15,15,71.0,-1.1006312001548468,50.30311700821975,2.1265581369800373,53.531233216613145
PedNYC19,PedNYC19_scenario15,15,72.0,-0.9871849918734071,50.35560146858899,2.126561975366945,53.53132858007133
PedNYC19,PedNYC19_scenario15,15,73.0,-0.9421818156597194,50.428988487847974,2.1265658854866305,53.53142757209879
PedNYC19,PedNYC19_scenario15,15,74.0,-0.94432736960262,50.54248508693395,2.1265642642974854,53.53134994689852
PedNYC19,PedNYC19_scenario15,15,75.0,-0.9603356122970581,50.68418025970459,2.1261433959007263,53.517449378967285
PedNYC19,PedNYC19_scenario15,15,76.0,-0.9662049551330638,50.82274455214781,2.1240722229033095,53.450206948319526
PedNYC19,PedNYC19_scenario15,15,77.0,-0.9586342889232486,50.944123597137754,2.119955604316086,53.3134718819866
PedNYC19,PedNYC19_scenario15,15,78.0,-1.0068767262290956,51.06797987752875,2.1138290874200867,53.099758784430726
PedNYC19,PedNYC19_scenario15,15,79.0,-1.0703318714314278,51.20624129956078,2.106226702764883,52.81307554224163
PedNYC19,PedNYC19_scenario15,15,80.0,-1.1337401799489883,51.32744451482167,2.097930254887225,52.463302191603724
PedNYC19,PedNYC19_scenario15,15,81.0,-1.1849949146963081,51.43368738695897,2.0897535677992733,52.06292602705973
PedNYC19,PedNYC19_scenario15,15,82.0,-1.2314512656795926,51.570906809201865,2.082066555162389,51.63168448238838
PedNYC19,PedNYC19_scenario15,15,83.0,-1.278039826826433,51.72355971947736,2.073313676880832,51.17237301570138
PedNYC19,PedNYC19_scenario15,15,84.0,-1.367952649629442,51.8475651829539,2.0650788429067264,50.68691493118618
PedNYC19,PedNYC19_scenario15,15,85.0,-1.4513814348333263,52.00302841531949,2.057739208767733,50.178213748772535
PedNYC19,PedNYC19_scenario15,15,86.0,-1.4660026314615886,52.17873874724471,2.052144969791996,49.65886019011611
PedNYC19,PedNYC19_scenario15,15,87.0,-1.4202337896637718,52.338741921990774,2.0486154484257555,49.138031162937565
PedNYC19,PedNYC19_scenario15,15,88.0,-1.3381433598246646,52.50699860396787,2.0468422699201256,48.569411686891485
PedNYC19,PedNYC19_scenario15,15,89.0,-1.3001130955872207,52.656678224992724,2.047392900903096,47.89800929859272
PedNYC19,PedNYC19_scenario15,15,90.0,-1.3024940523379602,52.79841963097046,2.0510470225656756,47.16544340155949
PedNYC19,PedNYC19_scenario15,15,91.0,-1.331898279520711,52.934806369411895,2.057751479527418,46.455232407974826
PedNYC19,PedNYC19_scenario15,15,92.0,-1.3275436467622548,53.06767248399477,2.0663147707784018,45.82949572598519
PedNYC19,PedNYC19_scenario15,15,93.0,-1.2740006280425213,53.21609576432982,2.0706426224221963,45.56691435068273
PedNYC19,PedNYC19_scenario15,15,94.0,-1.2207335197845781,53.36744936839353,2.070683121223673,45.56220211460331
PedNYC19,PedNYC19_scenario15,15,95.0,-1.2252434553809177,53.48658518598092,2.0706892012176197,45.561791424927904
PedNYC19,PedNYC19_scenario15,15,96.0,-1.27497592295844,53.60081968173794,2.070687294006348,45.56190948625523
PedNYC19,PedNYC19_scenario15,15,97.0,-1.3120897972025156,53.72285546663056,2.0706850410054347,45.562080000081956
PedNYC19,PedNYC19_scenario15,15,98.0,-1.2780651961461413,53.831549979074076,2.070682072725254,45.56224669861108
PedNYC19,PedNYC19_scenario15,15,99.0,-1.2398968969510453,53.93681511270802,2.070676518081803,45.56252839211401
PedNYC19,PedNYC19_scenario15,15,100.0,-1.2205696105957031,54.00048828125,2.070673942565918,45.56267547607422
PedNYC1,PedNYC1_scenario15,15,0.0,-0.9195220470428468,44.99837875366211,-6.996817111968994,114.8000030517578
PedNYC1,PedNYC1_scenario15,15,1.0,-0.8723172400594552,45.13685780686182,-6.991831036002597,114.80002828729927
PedNYC1,PedNYC1_scenario15,15,2.0,-0.9464034644232184,45.17427668729865,-6.98416868621358,114.8001306945936
PedNYC1,PedNYC1_scenario15,15,3.0,-0.985492743933873,45.16253002643998,-6.9732343115837185,114.80025003818899
PedNYC1,PedNYC1_scenario15,15,4.0,-0.9786994405986094,45.14813219043288,-6.9570819354083415,114.80037605553217
PedNYC1,PedNYC1_scenario15,15,5.0,-0.9568654271594113,45.13543023672247,-6.915238372012733,114.80083336958772
PedNYC1,PedNYC1_scenario15,15,6.0,-0.9431932604460995,45.118193847665545,-6.79419099978775,114.80252942168912
PedNYC1,PedNYC1_scenario15,15,7.0,-0.9342522790176911,45.09909531124111,-6.564112437119809,114.80621295328939
PedNYC1,PedNYC1_scenario15,15,8.0,-0.9369947584691923,45.09366142407761,-6.226905072823232,114.81238113980356
PedNYC1,PedNYC1_scenario15,15,9.0,-0.9505800744951758,45.114568002331154,-5.792479256456955,114.82171071062992
PedNYC1,PedNYC1_scenario15,15,10.0,-0.9870806096377258,45.142488790787716,-5.268159181088189,114.83333692610113
PedNYC1,PedNYC1_scenario15,15,11.0,-1.0093866935595182,45.1506646875615,-4.677436313751308,114.84304489724367
PedNYC1,PedNYC1_scenario15,15,12.0,-1.0166604190089008,45.14700412582156,-4.073653072831801,114.8248478951421
PedNYC1,PedNYC1_scenario15,15,13.0,-1.020898277675726,45.14641630832949,-3.507694180366057,114.75234873535645
PedNYC1,PedNYC1_scenario15,15,14.0,-1.0224477483994519,45.14879459197227,-2.9920548770716797,114.62506837373077
PedNYC1,PedNYC1_scenario15,15,15.0,-1.02506733975766,45.14902802715457,-2.5102578760434757,114.45789944619573
PedNYC1,PedNYC1_scenario15,15,16.0,-1.0235878011872943,45.147894083999766,-2.060486714551769,114.24022085686397
PedNYC1,PedNYC1_scenario15,15,17.0,-1.0201717057875928,45.147942602912224,-1.6395828097791798,113.96810601670767
PedNYC1,PedNYC1_scenario15,15,18.0,-1.0162221276806347,45.149055125718874,-1.2251324906558023,113.6321216153775
PedNYC1,PedNYC1_scenario15,15,19.0,-1.0078081040637175,45.14967337959625,-0.816804926577455,113.21703075623759
PedNYC1,PedNYC1_scenario15,15,20.0,-1.0020553464087372,45.149772209624345,-0.4175284889153686,112.71278661276982
PedNYC1,PedNYC1_scenario15,15,21.0,-0.9962887802073518,45.14903839368751,-0.03681845957266368,112.10935378143203
PedNYC1,PedNYC1_scenario15,15,22.0,-0.9935917531658788,45.147589501839676,0.3071678394113411,111.39439880957384
PedNYC1,PedNYC1_scenario15,15,23.0,-0.994462353416995,45.14588260528729,0.5946577259107324,110.56545677235633
PedNYC1,PedNYC1_scenario15,15,24.0,-0.9977895462066066,45.14627055827009,0.8194745651244768,109.63198460587493
PedNYC1,PedNYC1_scenario15,15,25.0,-0.99977259482069,45.14866335470264,0.978423653854071,108.60466703496537
PedNYC1,PedNYC1_scenario15,15,26.0,-0.997530480828604,45.15234891111009,1.0642943706910437,107.49289506232954
PedNYC1,PedNYC1_scenario15,15,27.0,-0.9951093242166684,45.16058130723862,1.0573109953904412,106.31906439221954
PedNYC1,PedNYC1_scenario15,15,28.0,-0.9914955896476109,45.16649334683443,0.962454766417973,105.09562815519925
PedNYC1,PedNYC1_scenario15,15,29.0,-0.9897680797896818,45.16965383195164,0.835808218516952,103.84625369066411
PedNYC1,PedNYC1_scenario15,15,30.0,-0.9896697811414525,45.169854091338806,0.6860965880117845,102.6098456302456
PedNYC1,PedNYC1_scenario15,15,31.0,-0.9903979251450826,45.17142808103739,0.5434883537047602,101.35216350296581
PedNYC1,PedNYC1_scenario15,15,32.0,-0.9895184639229111,45.17966038947572,0.42113443896476804,100.091494692982
PedNYC1,PedNYC1_scenario15,15,33.0,-0.988862971942945,45.21807079907916,0.3425633407247256,98.83478704420683
PedNYC1,PedNYC1_scenario15,15,34.0,-1.0031046239588985,45.293142764637146,0.33587419431979154,97.58933756438095
PedNYC1,PedNYC1_scenario15,15,35.0,-1.0369121761360705,45.39669728449301,0.4074416377797404,96.37712668223439
PedNYC1,PedNYC1_scenario15,15,36.0,-1.0868465945122119,45.54213905026784,0.5429479836423514,95.21677498157997
PedNYC1,PedNYC1_scenario15,15,37.0,-1.128361317737072,45.72260884973497,0.7117917230650075,94.08994053914422
PedNYC1,PedNYC1_scenario15,15,38.0,-1.1898294432176373,45.93413831157786,0.8644561833440045,92.9805605283722
PedNYC1,PedNYC1_scenario15,15,39.0,-1.2800622602042402,46.1558180827884,0.9839217371865477,91.86282664873806
PedNYC1,PedNYC1_scenario15,15,40.0,-1.3643074182858486,46.37692451648072,1.089110657485293,90.68969847178825
PedNYC1,PedNYC1_scenario15,15,41.0,-1.4500554323973684,46.6402999069725,1.1883783617190753,89.42811990159824
PedNYC1,PedNYC1_scenario15,15,42.0,-1.5602678637010536,46.92509920758983,1.2975510745257615,88.070386593352
PedNYC1,PedNYC1_scenario15,15,43.0,-1.7497723237354952,47.20155673489515,1.4182809078837564,86.62969254151548
PedNYC1,PedNYC1_scenario15,15,44.0,-1.9614783919018013,47.48281792607416,1.5484489566749065,85.11111487180811
PedNYC1,PedNYC1_scenario15,15,45.0,-2.1448479171313712,47.77929519699459,1.6783032971073097,83.54537301491895
PedNYC1,PedNYC1_scenario15,15,46.0,-2.367513205415947,48.090898356202686,1.7863058117492046,82.00089366013856
PedNYC1,PedNYC1_scenario15,15,47.0,-2.5983929492095954,48.41624193361817,1.8700213008445739,80.51971847856444
PedNYC1,PedNYC1_scenario15,15,48.0,-2.7723003477846846,48.73122237806105,1.9355989817560035,79.11300002460463
PedNYC1,PedNYC1_scenario15,15,49.0,-2.9154457568343126,49.06551142747462,1.995517830394899,77.78748483208615
PedNYC1,PedNYC1_scenario15,15,50.0,-3.0796870459150227,49.42342100079457,2.0509870856018173,76.54353739699063
PedNYC1,PedNYC1_scenario15,15,51.0,-3.2122968862319596,49.78046623967833,2.106390146000934,75.39708034758873
PedNYC1,PedNYC1_scenario15,15,52.0,-3.2965329573543505,50.14590624942422,2.1613253289009413,74.32679997544967
PedNYC1,PedNYC1_scenario15,15,53.0,-3.3703204518631598,50.51838547229244,2.212581469162766,73.32272469364563
PedNYC1,PedNYC1_scenario15,15,54.0,-3.3991583075618284,50.83186148099141,2.2558658183174463,72.37967872373119
PedNYC1,PedNYC1_scenario15,15,55.0,-3.3702646767162254,51.19671286383564,2.286594802846837,71.49956089663566
PedNYC1,PedNYC1_scenario15,15,56.0,-3.330676591738816,51.59948701023354,2.3063078783094038,70.69042672790759
PedNYC1,PedNYC1_scenario15,15,57.0,-3.3077570032464982,51.95649151746638,2.3183834109162147,69.93586424118917
PedNYC1,PedNYC1_scenario15,15,58.0,-3.264458154342956,52.29030781635986,2.3242186990709284,69.22737826683627
PedNYC1,PedNYC1_scenario15,15,59.0,-3.213438204128048,52.54906871535268,2.3248656270228643,68.56342733143778
PedNYC1,PedNYC1_scenario15,15,60.0,-3.155001629978604,52.81016400478851,2.3213335207008376,67.95292131834022
PedNYC1,PedNYC1_scenario15,15,61.0,-3.1267252978140183,53.018131778792196,2.315173984810882,67.4324168247651
PedNYC1,PedNYC1_scenario15,15,62.0,-3.106593082732709,53.20155508976095,2.308606550295814,67.04043255817668
PedNYC1,PedNYC1_scenario15,15,63.0,-3.069278010464904,53.36794699615124,2.3034192476693645,66.78252477954277
PedNYC1,PedNYC1_scenario15,15,64.0,-3.022430069843431,53.49814316044164,2.2991561463777352,66.5929035038763
PedNYC1,PedNYC1_scenario15,15,65.0,-2.990569675987288,53.62618319732559,2.2963429660924177,66.4761133019658
PedNYC1,PedNYC1_scenario15,15,66.0,-2.991699114786815,53.73532326388869,2.2960093850006222,66.46255435634806
PedNYC1,PedNYC1_scenario15,15,67.0,-3.0001533402519187,53.79407839439021,2.295999843839875,66.46222174848147
PedNYC1,PedNYC1_scenario15,15,68.0,-3.0026480142864727,53.88060377764971,2.2959949425979427,66.46206803242148
PedNYC1,PedNYC1_scenario15,15,69.0,-2.981714375719137,53.94585391646264,2.2959977130421563,66.4621383041654
PedNYC1,PedNYC1_scenario15,15,70.0,-2.9454608435761775,54.01538476448061,2.296002383921877,66.46224949482827
PedNYC1,PedNYC1_scenario15,15,71.0,-2.907917514690145,54.083036543286134,2.296001492295329,66.46221057670898
PedNYC1,PedNYC1_scenario15,15,72.0,-2.8799516042045417,54.12199868754279,2.295998327825942,66.46211983027389
PedNYC1,PedNYC1_scenario15,15,73.0,-2.866590522954018,54.13259527304695,2.295999038831534,66.46215602436405
PedNYC1,PedNYC1_scenario15,15,74.0,-2.8562651285596896,54.135859682816175,2.295996548340189,66.46208577491338
PedNYC1,PedNYC1_scenario15,15,75.0,-2.8514361008438085,54.16829336615405,2.2959896501845267,66.46189736510952
PedNYC1,PedNYC1_scenario15,15,76.0,-2.8458707948386546,54.23496586595696,2.295989169676028,66.46188567477738
PedNYC1,PedNYC1_scenario15,15,77.0,-2.8605728404911823,54.3581244737158,2.2959883649480517,66.46187731212672
PedNYC1,PedNYC1_scenario15,15,78.0,-2.8947789767854837,54.554367206264025,2.2959892749786377,66.46190643310547
PedNYC1,PedNYC1_scenario15,15,79.0,-2.900883253892142,54.74992718571296,2.29598910084257,66.46191611954036
PedNYC1,PedNYC1_scenario15,15,80.0,-2.894830633566479,54.95603815064214,2.295988797871132,66.46191977805756
PedNYC1,PedNYC1_scenario15,15,81.0,-2.8821487964799797,55.22926468307192,2.29598506478899,66.4618285236076
PedNYC1,PedNYC1_scenario15,15,82.0,-2.861500142333143,55.57461053246221,2.29598345134493,66.46180946235455
PedNYC1,PedNYC1_scenario15,15,83.0,-2.8707791650774643,55.88269357106985,2.2959830707152604,66.46179944941176
PedNYC1,PedNYC1_scenario15,15,84.0,-2.8604117977665817,56.36038261765007,2.2959816677483436,66.46178507204856
PedNYC1,PedNYC1_scenario15,15,85.0,-2.8743480483480854,56.726605327813346,2.29598361806535,66.46185719583082
PedNYC1,PedNYC1_scenario15,15,86.0,-2.910150432932657,57.1349931450308,2.295964527897995,66.46103735374562
PedNYC1,PedNYC1_scenario15,15,87.0,-2.9329114098254108,57.505240699298135,2.2959058234138663,66.45825005984732
PedNYC1,PedNYC1_scenario15,15,88.0,-2.939639223348413,57.74394043807949,2.2957905695262175,66.45285018469745
PedNYC1,PedNYC1_scenario15,15,89.0,-2.957416843615393,58.262312792903735,2.29558210075711,66.44292889710478
PedNYC1,PedNYC1_scenario15,15,90.0,-2.9768129565394768,58.62765176965406,2.295149359666792,66.42205853056407
PedNYC1,PedNYC1_scenario15,15,91.0,-2.976050102700473,58.971290897163065,2.2943657388776697,66.38186013623367
PedNYC1,PedNYC1_scenario15,15,92.0,-2.9580703923134046,59.342069966577945,2.2931010420894498,66.31467415644467
PedNYC1,PedNYC1_scenario15,15,93.0,-2.952907372393867,59.65319235028718,2.291302443707943,66.2205989482377
PedNYC1,PedNYC1_scenario15,15,94.0,-2.9219712441672683,59.92882771853019,2.2890106614154226,66.10369105245174
PedNYC1,PedNYC1_scenario15,15,95.0,-2.8593565854860707,60.17061688606249,2.2861068819244856,65.96025393225578
PedNYC1,PedNYC1_scenario15,15,96.0,-2.8147548723996656,60.39293785998867,2.282464846607659,65.7879346073961
PedNYC1,PedNYC1_scenario15,15,97.0,-2.793762919744641,60.560515822940026,2.2774541869632374,65.58000749036465
PedNYC1,PedNYC1_scenario15,15,98.0,-2.786351669302394,60.6898731408217,2.2703061236381026,65.33044626171136
PedNYC1,PedNYC1_scenario15,15,99.0,-2.758521013797489,60.774368531641805,2.2602676306680354,65.038711308632
PedNYC1,PedNYC1_scenario15,15,100.0,-2.728896141052246,60.82025909423828,2.245903730392456,64.70782470703125
PedNYC20,PedNYC20_scenario15,15,0.0,-0.8004150390625,44.76301193237305,2.455679416656494,85.63105010986328
PedNYC20,PedNYC20_scenario15,15,1.0,-0.7519415482185154,44.693035600966816,2.439617291865558,84.63995781413895
PedNYC20,PedNYC20_scenario15,15,2.0,-0.7660188450244686,44.6416322361543,2.426703479474111,83.6811345842355
PedNYC20,PedNYC20_scenario15,15,3.0,-0.780068875895094,44.62951654589631,2.4151171299382157,82.75675899261746
PedNYC20,PedNYC20_scenario15,15,4.0,-0.781963676923815,44.62986565732271,2.401054741634867,81.8667091637444
PedNYC20,PedNYC20_scenario15,15,5.0,-0.7766907660476787,44.63209848122315,2.3858437522853686,81.01118340233853
PedNYC20,PedNYC20_scenario15,15,6.0,-0.734932525896799,44.66111372201147,2.371339222810358,80.18880034997024
PedNYC20,PedNYC20_scenario15,15,7.0,-0.7232616130480801,44.75688323926589,2.3598553261131214,79.39771907140891
PedNYC20,PedNYC20_scenario15,15,8.0,-0.7726645247081277,44.84130081122951,2.351054772055295,78.63625190159644
PedNYC20,PedNYC20_scenario15,15,9.0,-0.7998102648487494,44.89375132049086,2.343945843243652,77.90158407933988
PedNYC20,PedNYC20_scenario15,15,10.0,-0.8054634761949853,44.94021371232948,2.33750701372246,77.19044801272477
PedNYC20,PedNYC20_scenario15,15,11.0,-0.8042351003170403,44.990475286642216,2.3317750627661304,76.50078911517153
PedNYC20,PedNYC20_scenario15,15,12.0,-0.8219056776733383,45.05195816311635,2.32607699691513,75.83130422907088
PedNYC20,PedNYC20_scenario15,15,13.0,-0.8658084079903444,45.15496584231029,2.320284268253616,75.18109275492725
PedNYC20,PedNYC20_scenario15,15,14.0,-0.9375570348263826,45.310437328355,2.3146250871392997,74.54936146280733
PedNYC20,PedNYC20_scenario15,15,15.0,-1.0128756844188413,45.49979589251217,2.30910156510432,73.9346806180581
PedNYC20,PedNYC20_scenario15,15,16.0,-1.0849760144070624,45.69338498109262,2.3036839070157695,73.33598792819741
PedNYC20,PedNYC20_scenario15,15,17.0,-1.1594071403812438,45.89769428505461,2.298197658567277,72.75179501645628
PedNYC20,PedNYC20_scenario15,15,18.0,-1.2718586841446167,46.12928862751598,2.292338161253462,72.18161136551886
PedNYC20,PedNYC20_scenario15,15,19.0,-1.4098783654336804,46.364556154410465,2.2861898986317137,71.62529734849826
PedNYC20,PedNYC20_scenario15,15,20.0,-1.524371421543878,46.561138594895475,2.279786796071334,71.08211893252832
PedNYC20,PedNYC20_scenario15,15,21.0,-1.6553313638053613,46.82713987594324,2.272835467034356,70.5517375855759
PedNYC20,PedNYC20_scenario15,15,22.0,-1.7545199627086676,47.06762189781611,2.2655102263893134,70.0337785409597
PedNYC20,PedNYC20_scenario15,15,23.0,-1.8660091435043094,47.29150870136848,2.2579436417553866,69.53099929319453
PedNYC20,PedNYC20_scenario15,15,24.0,-1.9961445784597422,47.49478027664131,2.2502184236820018,69.04458891416108
PedNYC20,PedNYC20_scenario15,15,25.0,-2.1676703945846416,47.75777476920609,2.242377128261808,68.57454440492317
PedNYC20,PedNYC20_scenario15,15,26.0,-2.3158975752536928,48.02204753188233,2.2345146911863223,68.1199413024286
PedNYC20,PedNYC20_scenario15,15,27.0,-2.4467782329682497,48.26888948009742,2.226769609806407,67.68205641941398
PedNYC20,PedNYC20_scenario15,15,28.0,-2.5895873966910674,48.49436201384335,2.2191087729723784,67.26230708824738
PedNYC20,PedNYC20_scenario15,15,29.0,-2.740278828774688,48.692645834646626,2.210786109318195,66.86045972948455
PedNYC20,PedNYC20_scenario15,15,30.0,-2.9147438393409666,48.94075040356746,2.20095497678749,66.47582292179062
PedNYC20,PedNYC20_scenario15,15,31.0,-3.0534838064375696,49.204498890982855,2.1901609952575565,66.10769752361335
PedNYC20,PedNYC20_scenario15,15,32.0,-3.1650376987354183,49.453541471477386,2.1785279676820624,65.75549696903103
PedNYC20,PedNYC20_scenario15,15,33.0,-3.2800769813604043,49.69586572026899,2.1658213818354946,65.41839382477542
PedNYC20,PedNYC20_scenario15,15,34.0,-3.411552641102968,49.96068830556553,2.152214993994325,65.09582146294656
PedNYC20,PedNYC20_scenario15,15,35.0,-3.5113910219956286,50.20468772595175,2.136543289652588,64.78734366046118
PedNYC20,PedNYC20_scenario15,15,36.0,-3.5739730680827964,50.446727865244135,2.1185906161133845,64.49225602452154
PedNYC20,PedNYC20_scenario15,15,37.0,-3.6269950866845635,50.68106146337306,2.1001777312919554,64.20993339020089
PedNYC20,PedNYC20_scenario15,15,38.0,-3.6885782545765378,50.885530073388395,2.081564548477653,63.94835552779173
PedNYC20,PedNYC20_scenario15,15,39.0,-3.7478290366151903,51.07282932336856,2.0647668595835276,63.73515037124286
PedNYC20,PedNYC20_scenario15,15,40.0,-3.778308076921661,51.23429857177573,2.0515258388897673,63.58630054023749
PedNYC20,PedNYC20_scenario15,15,41.0,-3.780754377054351,51.36346140635738,2.044805293216907,63.51524375942065
PedNYC20,PedNYC20_scenario15,15,42.0,-3.772480054304669,51.465652186751555,2.0447478203477267,63.514629061968385
PedNYC20,PedNYC20_scenario15,15,43.0,-3.7717410981683432,51.53320193882836,2.044719737934575,63.51442320839569
PedNYC20,PedNYC20_scenario15,15,44.0,-3.7788828825981553,51.57791395718994,2.044709167871781,63.51434326171875
PedNYC20,PedNYC20_scenario15,15,45.0,-3.7884062322047902,51.60441037481229,2.044706129923109,63.51432418823242
PedNYC20,PedNYC20_scenario15,15,46.0,-3.7894132941488468,51.616699967745184,2.0447049473039134,63.51432037353516
PedNYC20,PedNYC20_scenario15,15,47.0,-3.7864555373580626,51.62172629713975,2.044704730479313,63.51432037353516
PedNYC20,PedNYC20_scenario15,15,48.0,-3.7901273483850413,51.62137672003862,2.0447046756744385,63.51432296887094
PedNYC20,PedNYC20_scenario15,15,49.0,-3.7950912124779683,51.62005693520988,2.0447046756744385,63.51432037353516
PedNYC20,PedNYC20_scenario15,15,50.0,-3.7969503099875417,51.61457734727138,2.0447046756744385,63.51432037353516
PedNYC20,PedNYC20_scenario15,15,51.0,-3.7983719003388963,51.60860807196041,2.0447046756744385,63.51432037353516
PedNYC20,PedNYC20_scenario15,15,52.0,-3.799565510770063,51.60481748103947,2.0447046756744385,63.51431915595795
PedNYC20,PedNYC20_scenario15,15,53.0,-3.7987417022057564,51.609538758552624,2.0447046756744385,63.51432037353516
PedNYC20,PedNYC20_scenario15,15,54.0,-3.7931420072830835,51.63511736945371,2.0447046756744385,63.51432037353516
PedNYC20,PedNYC20_scenario15,15,55.0,-3.7898050340850173,51.693251091148184,2.0447046756744385,63.514320563432726
PedNYC20,PedNYC20_scenario15,15,56.0,-3.8070608154766172,51.80617774240872,2.0447046756744385,63.51432037353516
PedNYC20,PedNYC20_scenario15,15,57.0,-3.8554507664371114,51.995476419383564,2.0447046756744385,63.51432037353516
PedNYC20,PedNYC20_scenario15,15,58.0,-3.9228480076801864,52.26182837533828,2.0447046756744385,63.51432037353516
PedNYC20,PedNYC20_scenario15,15,59.0,-3.9630090441438304,52.558790383389834,2.0447046756744385,63.51432037353516
PedNYC20,PedNYC20_scenario15,15,60.0,-3.9762577703869755,52.84109609841208,2.0447046756744385,63.51432037353516
PedNYC20,PedNYC20_scenario15,15,61.0,-3.9892514543554403,53.169923080934076,2.0447046756744385,63.51432037353516
PedNYC20,PedNYC20_scenario15,15,62.0,-3.982556980899986,53.49191339992296,2.0447046756744385,63.514318776162824
PedNYC20,PedNYC20_scenario15,15,63.0,-3.936685907999095,53.79617462563767,2.0447046756744385,63.51432037353516
PedNYC20,PedNYC20_scenario15,15,64.0,-3.869793006136984,54.06809176867707,2.0447046756744385,63.51432037353516
PedNYC20,PedNYC20_scenario15,15,65.0,-3.798724083141278,54.35136233861503,2.044697473549427,63.51428564471866
PedNYC20,PedNYC20_scenario15,15,66.0,-3.743863665579857,54.59991004800546,2.04469580671262,63.514301149247174
PedNYC20,PedNYC20_scenario15,15,67.0,-3.7075485327181634,54.76523182874746,2.044707753124517,63.51439261820774
PedNYC20,PedNYC20_scenario15,15,68.0,-3.663842276199988,54.908880355226984,2.044702730276518,63.51436752386319
PedNYC20,PedNYC20_scenario15,15,69.0,-3.5644353776172135,55.17224674006195,2.044707332888623,63.51442054010632
PedNYC20,PedNYC20_scenario15,15,70.0,-3.500149210674037,55.370466276580565,2.0447000270354576,63.51438827849568
PedNYC20,PedNYC20_scenario15,15,71.0,-3.4744656264861735,55.54034475326309,2.0447008082669185,63.51441955566406
PedNYC20,PedNYC20_scenario15,15,72.0,-3.459087321105074,55.73666132663467,2.044701099395752,63.51444427579546
PedNYC20,PedNYC20_scenario15,15,73.0,-3.433485035290403,55.917289850541216,2.044712193017099,63.51453066222165
PedNYC20,PedNYC20_scenario15,15,74.0,-3.3776794335516,56.155704786487334,2.0446976961647594,63.514442566919435
PedNYC20,PedNYC20_scenario15,15,75.0,-3.324488375950841,56.41539550055774,2.04470394576597,63.51450717647932
PedNYC20,PedNYC20_scenario15,15,76.0,-3.2954354282059968,56.69464551544208,2.044707221825868,63.51455145590612
PedNYC20,PedNYC20_scenario15,15,77.0,-3.29233169038848,57.02423109350478,2.0447102236272348,63.51459198894674
PedNYC20,PedNYC20_scenario15,15,78.0,-3.273078633932564,57.344322137741365,2.044714545081724,63.51463384890146
PedNYC20,PedNYC20_scenario15,15,79.0,-3.218800544458526,57.67106075115838,2.044466304046531,63.512027973187216
PedNYC20,PedNYC20_scenario15,15,80.0,-3.1820992119014258,57.99385840122008,2.043266443631224,63.49901298863176
PedNYC20,PedNYC20_scenario15,15,81.0,-3.1993690078613737,58.30257906201344,2.0407086415208133,63.47105021753535
PedNYC20,PedNYC20_scenario15,15,82.0,-3.214710755036393,58.63381213446648,2.0360745557031645,63.42071679939113
PedNYC20,PedNYC20_scenario15,15,83.0,-3.2045561834138536,58.88643939260083,2.028437645673083,63.33878715697238
PedNYC20,PedNYC20_scenario15,15,84.0,-3.1690063476425236,59.21587196738641,2.0172919332209296,63.22148988997959
PedNYC20,PedNYC20_scenario15,15,85.0,-3.1342057571518196,59.51133638250598,2.002250879819244,63.067488643239855
PedNYC20,PedNYC20_scenario15,15,86.0,-3.1041980398196265,59.77861331715046,1.983010868495437,62.87712274927169
PedNYC20,PedNYC20_scenario15,15,87.0,-3.0674900856967926,60.0032846127877,1.9591071662040018,62.65351691504326
PedNYC20,PedNYC20_scenario15,15,88.0,-2.9774062351893718,60.277284967798266,1.9268863106368725,62.401520204124274
PedNYC20,PedNYC20_scenario15,15,89.0,-2.892001545535878,60.46381112796779,1.882377027946347,62.12706145478871
PedNYC20,PedNYC20_scenario15,15,90.0,-2.7474105851317994,60.706086247135524,1.8217556995398059,61.83814015925755
PedNYC20,PedNYC20_scenario15,15,91.0,-2.635000801363695,60.8783105145031,1.7425514023361235,61.54139712200695
PedNYC20,PedNYC20_scenario15,15,92.0,-2.5077468578613717,61.041947435630036,1.641344475882013,61.240070743662514
PedNYC20,PedNYC20_scenario15,15,93.0,-2.3571794880440495,61.184648815567456,1.5161094521008627,60.939941849434604
PedNYC20,PedNYC20_scenario15,15,94.0,-2.225587886282575,61.30485876127801,1.3691983260962437,60.64704790350029
PedNYC20,PedNYC20_scenario15,15,95.0,-2.112195531999421,61.404129746988154,1.2022581472181109,60.36412076835459
PedNYC20,PedNYC20_scenario15,15,96.0,-2.0124536441190153,61.491594505704455,1.0152852526952592,60.09309247564605
PedNYC20,PedNYC20_scenario15,15,97.0,-1.9468080666991605,61.57441234009628,0.8097451001052609,59.8325157663401
PedNYC20,PedNYC20_scenario15,15,98.0,-1.8912172763510677,61.664902508812276,0.5846738344070729,59.58295464381741
PedNYC20,PedNYC20_scenario15,15,99.0,-1.8425921524810662,61.736145016039295,0.33626536671552076,59.344774499149636
PedNYC20,PedNYC20_scenario15,15,100.0,-1.816396713256836,61.763973236083984,0.0588071644306182,59.115753173828125
PedNYC22,PedNYC22_scenario15,15,0.0,-0.9612419605255128,45.08793258666992,3.548266649246216,99.17049407958984
PedNYC22,PedNYC22_scenario15,15,1.0,-0.9769437849938533,45.187955431377596,3.55381219812859,98.17345732801932
PedNYC22,PedNYC22_scenario15,15,2.0,-0.9797583976063989,45.35061565757993,3.5337097288120134,97.11570745415199
PedNYC22,PedNYC22_scenario15,15,3.0,-1.0129117231756446,45.51680991068715,3.489861193182506,95.99799552574645
PedNYC22,PedNYC22_scenario15,15,4.0,-1.1213209692385901,45.69888077429284,3.4335038131075635,94.82454660293591
PedNYC22,PedNYC22_scenario15,15,5.0,-1.2556912232783954,45.862678420101645,3.3700851089277974,93.60212653590376
PedNYC22,PedNYC22_scenario15,15,6.0,-1.3834848698178983,46.076183223989354,3.30466479919783,92.33845936781695
PedNYC22,PedNYC22_scenario15,15,7.0,-1.4856119299558566,46.31061960293253,3.2424757663975434,91.04308871362154
PedNYC22,PedNYC22_scenario15,15,8.0,-1.6149053640520015,46.54719105619785,3.187594602571236,89.71982405110332
PedNYC22,PedNYC22_scenario15,15,9.0,-1.7704348619623622,46.76335072880609,3.143987245705663,88.37262842354332
PedNYC22,PedNYC22_scenario15,15,10.0,-1.9353965108417694,47.00499253685565,3.112830884773932,87.00933710332002
PedNYC22,PedNYC22_scenario15,15,11.0,-2.036929123555134,47.21681893228474,3.090382869478456,85.63507470827243
PedNYC22,PedNYC22_scenario15,15,12.0,-2.1355691434055837,47.44223180387051,3.075538059666971,84.25266725471043
PedNYC22,PedNYC22_scenario15,15,13.0,-2.3011092725791067,47.69182570090956,3.0628556340159023,82.86154322370642
PedNYC22,PedNYC22_scenario15,15,14.0,-2.461870659641508,47.894638298475456,3.047109204614666,81.46363414929975
PedNYC22,PedNYC22_scenario15,15,15.0,-2.6026610291477525,48.14429983636831,3.0270493511188095,80.06018173795714
PedNYC22,PedNYC22_scenario15,15,16.0,-2.7119834189923484,48.4127361581599,3.004024549077454,78.65171214008029
PedNYC22,PedNYC22_scenario15,15,17.0,-2.829160834582039,48.64148239107599,2.9842064570453166,77.2382082692894
PedNYC22,PedNYC22_scenario15,15,18.0,-2.908246664878932,48.771317474118156,2.968887924720835,75.82573953584497
PedNYC22,PedNYC22_scenario15,15,19.0,-3.077160655367623,49.07584787108113,2.961185145281606,74.42171244661718
PedNYC22,PedNYC22_scenario15,15,20.0,-3.161928991505249,49.32838399444285,2.9649363683651404,73.0272057140263
PedNYC22,PedNYC22_scenario15,15,21.0,-3.245235572364283,49.5885268234117,2.981071202362293,71.64208003825654
PedNYC22,PedNYC22_scenario15,15,22.0,-3.350544448772485,49.828013198818724,3.0082969976716902,70.26681128026156
PedNYC22,PedNYC22_scenario15,15,23.0,-3.437743768779563,50.073503601284514,3.0357295130111663,68.90062720347295
PedNYC22,PedNYC22_scenario15,15,24.0,-3.496041089163277,50.33259173206206,3.0575733612355136,67.53808510621252
PedNYC22,PedNYC22_scenario15,15,25.0,-3.534431556146744,50.5689626596686,3.0728535071419403,66.17711411626263
PedNYC22,PedNYC22_scenario15,15,26.0,-3.560617586439541,50.81806579676609,3.082624332015112,64.8173378114987
PedNYC22,PedNYC22_scenario15,15,27.0,-3.573385149916093,51.05623188249062,3.091714813223376,63.45849154438451
PedNYC22,PedNYC22_scenario15,15,28.0,-3.572145039105285,51.27867722364635,3.1038802810152495,62.09872284615373
PedNYC22,PedNYC22_scenario15,15,29.0,-3.549276914195196,51.53146856301953,3.1197165185959506,60.73857844201862
PedNYC22,PedNYC22_scenario15,15,30.0,-3.5544671358033706,51.765576867388134,3.1414135782394217,59.37851071486403
PedNYC22,PedNYC22_scenario15,15,31.0,-3.576955767088813,51.97849135450491,3.172691255394979,58.01749590676076
PedNYC22,PedNYC22_scenario15,15,32.0,-3.5758925737589498,52.2040417554153,3.2143841462675797,56.655266790051016
PedNYC22,PedNYC22_scenario15,15,33.0,-3.5479277979436064,52.42266454509156,3.266813403636838,55.29276334994924
PedNYC22,PedNYC22_scenario15,15,34.0,-3.5277007320153317,52.62443841979793,3.328351250745833,53.930685552304396
PedNYC22,PedNYC22_scenario15,15,35.0,-3.508954734818008,52.855437264219034,3.3959172226019585,52.566135459125775
PedNYC22,PedNYC22_scenario15,15,36.0,-3.5013245572346636,52.93423391577726,3.4689596400517235,51.19827900969046
PedNYC22,PedNYC22_scenario15,15,37.0,-3.503113155034798,53.245430278943516,3.536869595422135,49.825192969637634
PedNYC22,PedNYC22_scenario15,15,38.0,-3.4967453316298096,53.49527129973445,3.5798407294003916,48.44477771303257
PedNYC22,PedNYC22_scenario15,15,39.0,-3.4896850282620275,53.60430242442143,3.5896181658400055,47.05440800834847
PedNYC22,PedNYC22_scenario15,15,40.0,-3.5384523588955217,53.84831034064669,3.5619573922087384,45.6523158157581
PedNYC22,PedNYC22_scenario15,15,41.0,-3.5821960584259807,54.07888892079282,3.507617283892245,44.23642214399718
PedNYC22,PedNYC22_scenario15,15,42.0,-3.53055599200448,54.27342225798727,3.436422061152621,42.80389102300922
PedNYC22,PedNYC22_scenario15,15,43.0,-3.4484528603539606,54.43439636385805,3.3515465653455494,41.35348604389953
PedNYC22,PedNYC22_scenario15,15,44.0,-3.4059582638069585,54.59589929565983,3.262709672003409,39.88478699031937
PedNYC22,PedNYC22_scenario15,15,45.0,-3.4104868447668015,54.75401172963306,3.1721771871161257,38.398967704133234
PedNYC22,PedNYC22_scenario15,15,46.0,-3.4336461774939906,54.907650174744646,3.081679343960232,36.894044692216845
PedNYC22,PedNYC22_scenario15,15,47.0,-3.449251341939692,55.06817357161155,2.9936975424198558,35.37158842720016
PedNYC22,PedNYC22_scenario15,15,48.0,-3.4437521555808193,55.20954178512879,2.909247653749559,33.83492795719981
PedNYC22,PedNYC22_scenario15,15,49.0,-3.4248698898004575,55.33542171570377,2.8287743099498552,32.28425588972371
PedNYC22,PedNYC22_scenario15,15,50.0,-3.420263757945089,55.430354392561654,2.7538447953440097,30.75041313295656
PedNYC22,PedNYC22_scenario15,15,51.0,-3.4349529573927957,55.52858441061669,2.6957932814174463,29.274169929613954
PedNYC22,PedNYC22_scenario15,15,52.0,-3.4437445794803905,55.62315723089876,2.6482031266374286,27.861000495355814
PedNYC22,PedNYC22_scenario15,15,53.0,-3.426280167519632,55.68165902350624,2.6177548535369226,26.512171050062882
PedNYC22,PedNYC22_scenario15,15,54.0,-3.3896269215812875,55.73659456590589,2.6041906931830443,25.224873077726638
PedNYC22,PedNYC22_scenario15,15,55.0,-3.3198356778728813,55.80053593082835,2.60491436119679,23.995340038261915
PedNYC22,PedNYC22_scenario15,15,56.0,-3.257415288342385,55.83662493410519,2.6161299933301683,22.822128516512713
PedNYC22,PedNYC22_scenario15,15,57.0,-3.21667029329144,55.87026870706583,2.6328743409092557,21.7034386911848
PedNYC22,PedNYC22_scenario15,15,58.0,-3.207159152357151,55.94861315129371,2.6519605854661616,20.635067348090967
PedNYC22,PedNYC22_scenario15,15,59.0,-3.2116688301621625,56.036440300959846,2.6707745176098765,19.615322369084332
PedNYC22,PedNYC22_scenario15,15,60.0,-3.191812658282525,56.140773558280834,2.6888820179991075,18.642232851586005
PedNYC22,PedNYC22_scenario15,15,61.0,-3.1560524765600175,56.29270448499202,2.7041262743070322,17.712712309841812
PedNYC22,PedNYC22_scenario15,15,62.0,-3.1433963536370975,56.41941414032903,2.7160784693985045,16.82555278749933
PedNYC22,PedNYC22_scenario15,15,63.0,-3.1365769456741717,56.57521536989955,2.7246413361307007,15.979344756270525
PedNYC22,PedNYC22_scenario15,15,64.0,-3.1476341280636118,56.766943881744005,2.7296676432799707,15.171128642272366
PedNYC22,PedNYC22_scenario15,15,65.0,-3.1439930521300825,56.92356164717887,2.7318295308247693,14.399320983996365
PedNYC22,PedNYC22_scenario15,15,66.0,-3.110927238281452,57.07725621659478,2.7314976013019256,13.662587294131866
PedNYC22,PedNYC22_scenario15,15,67.0,-3.0423373098408346,57.306890291844134,2.728784117866638,12.959847287894592
PedNYC22,PedNYC22_scenario15,15,68.0,-3.013026665457937,57.50263439155441,2.723075315730033,12.2885444968599
PedNYC22,PedNYC22_scenario15,15,69.0,-3.022826541921834,57.69516474606948,2.714986230898283,11.647585009847823
PedNYC22,PedNYC22_scenario15,15,70.0,-3.025579838864879,57.88898001989219,2.704987228468187,11.036029983963893
PedNYC22,PedNYC22_scenario15,15,71.0,-3.000333341209439,58.10603975471642,2.6933754695653116,10.452171040476772
PedNYC22,PedNYC22_scenario15,15,72.0,-2.983012781694176,58.284391453746544,2.6804021747881874,9.894634501431717
PedNYC22,PedNYC22_scenario15,15,73.0,-2.9940981643277818,58.50929621257601,2.6671709207918743,9.394044292924553
PedNYC22,PedNYC22_scenario15,15,74.0,-3.028505757774009,58.71749535780181,2.655556864956392,8.996851036266955
PedNYC22,PedNYC22_scenario15,15,75.0,-3.0395251262504344,58.90137866457795,2.6471620857504305,8.729603021597399
PedNYC22,PedNYC22_scenario15,15,76.0,-3.019841428940905,59.07997637530336,2.643262770778874,8.610358166455672
PedNYC22,PedNYC22_scenario15,15,77.0,-3.0021248364249806,59.25834887117973,2.6431989362016655,8.607375785835496
PedNYC22,PedNYC22_scenario15,15,78.0,-3.0261148429778135,59.431290764811855,2.643185561496179,8.60704002587791
PedNYC22,PedNYC22_scenario15,15,79.0,-3.078622778512582,59.60075545419252,2.64318151009703,8.606929593334325
PedNYC22,PedNYC22_scenario15,15,80.0,-3.101574594825621,59.75580484424082,2.6431798934936523,8.606907086089288
PedNYC22,PedNYC22_scenario15,15,81.0,-3.0902440156084126,59.88227052307567,2.6431795175029613,8.606903076171875
PedNYC22,PedNYC22_scenario15,15,82.0,-3.058896693322603,60.03150441062922,2.643179416656494,8.606904029846191
PedNYC22,PedNYC22_scenario15,15,83.0,-3.0467699386954954,60.17167639274641,2.643179416656494,8.606904029846191
PedNYC22,PedNYC22_scenario15,15,84.0,-3.0547772302109184,60.301308420059215,2.643179416656494,8.606904029846191
PedNYC22,PedNYC22_scenario15,15,85.0,-3.0606079966649364,60.406516339937205,2.643179416656494,8.606904029846191
PedNYC22,PedNYC22_scenario15,15,86.0,-3.017728920125454,60.493529105124786,2.643179416656494,8.606904029846191
PedNYC22,PedNYC22_scenario15,15,87.0,-2.940262692033923,60.56745830870815,2.643179416656494,8.606904029846191
PedNYC22,PedNYC22_scenario15,15,88.0,-2.858955230477145,60.62355806197748,2.6431747592088306,8.606799503687162
PedNYC22,PedNYC22_scenario15,15,89.0,-2.7883344133112464,60.67269513372421,2.6431736630852956,8.606762957013268
PedNYC22,PedNYC22_scenario15,15,90.0,-2.7272217771930927,60.73537668387324,2.6431745526387886,8.606785574577955
PedNYC22,PedNYC22_scenario15,15,91.0,-2.663275654219901,60.81658523898908,2.6431709493180837,8.606693878712429
PedNYC22,PedNYC22_scenario15,15,92.0,-2.6492690220593698,60.84877846514892,2.6431723195359527,8.606749622984227
PedNYC22,PedNYC22_scenario15,15,93.0,-2.598267025315717,60.86192232917595,2.6431714344860735,8.606740610556344
PedNYC22,PedNYC22_scenario15,15,94.0,-2.57201553664811,60.833571642665234,2.6431689262390137,8.606677147126168
PedNYC22,PedNYC22_scenario15,15,95.0,-2.5507355800953766,60.797768381759674,2.643170787158044,8.606734832973101
PedNYC22,PedNYC22_scenario15,15,96.0,-2.5179522290750174,60.7773999075192,2.643171099724641,8.606766634059612
PedNYC22,PedNYC22_scenario15,15,97.0,-2.504886112857894,60.77958053397324,2.6431750564698815,8.606883470490057
PedNYC22,PedNYC22_scenario15,15,98.0,-2.505148402733331,60.79348798833885,2.643172914214069,8.60682018732698
PedNYC22,PedNYC22_scenario15,15,99.0,-2.4893171951210435,60.82497146336342,2.6431710283635415,8.606763744678627
PedNYC22,PedNYC22_scenario15,15,100.0,-2.4554262161254883,60.84995651245117,2.6431682109832764,8.606708526611328
PedNYC23,PedNYC23_scenario15,15,0.0,-0.7190704345703125,44.8558235168457,-6.999533653259277,114.8000030517578
PedNYC23,PedNYC23_scenario15,15,1.0,-0.7614709067673523,44.7348433328165,-6.999579857208257,114.8000030517578
PedNYC23,PedNYC23_scenario15,15,2.0,-0.8027565521310249,44.70843313077959,-6.999446721880438,114.8000030517578
PedNYC23,PedNYC23_scenario15,15,3.0,-0.8037760633387433,44.70704605764745,-6.999397183369566,114.8000030517578
PedNYC23,PedNYC23_scenario15,15,4.0,-0.8087950061386584,44.72135244765325,-6.999399025825751,114.80000730859649
PedNYC23,PedNYC23_scenario15,15,5.0,-0.8066824393453471,44.73715481054535,-6.999535454526026,114.8000030517578
PedNYC23,PedNYC23_scenario15,15,6.0,-0.8060284978490616,44.744562563325054,-6.999528509357758,114.8000030517578
PedNYC23,PedNYC23_scenario15,15,7.0,-0.8046973539559161,44.753227432363516,-6.999540914958818,114.8000030517578
PedNYC23,PedNYC23_scenario15,15,8.0,-0.8072756259782873,44.75832488323335,-6.999641182204678,114.8000030517578
PedNYC23,PedNYC23_scenario15,15,9.0,-0.8096546006674536,44.76066022939864,-6.9997544574314325,114.8000030517578
PedNYC23,PedNYC23_scenario15,15,10.0,-0.8136562322910822,44.76093817093724,-6.999757289886475,114.8000030517578
PedNYC23,PedNYC23_scenario15,15,11.0,-0.8130228167195364,44.76122779301169,-6.999870225069439,114.8000030517578
PedNYC23,PedNYC23_scenario15,15,12.0,-0.8103669830186102,44.75759895238507,-6.999896028601355,114.8000030517578
PedNYC23,PedNYC23_scenario15,15,13.0,-0.8093437223116229,44.75429532521552,-6.9998715002059155,114.79999680735268
PedNYC23,PedNYC23_scenario15,15,14.0,-0.8093784118073281,44.75447905668372,-6.999798995458228,114.8000030517578
PedNYC23,PedNYC23_scenario15,15,15.0,-0.8095666175513496,44.757284103584986,-6.99473373491577,114.8000030517578
PedNYC23,PedNYC23_scenario15,15,16.0,-0.8093642981068927,44.75930280258586,-6.910150436176989,114.79990420148113
PedNYC23,PedNYC23_scenario15,15,17.0,-0.8089398650307252,44.75731197115505,-6.699517763100163,114.79932929353035
PedNYC23,PedNYC23_scenario15,15,18.0,-0.8085371235135471,44.755378126057984,-6.336322503113355,114.79780130798368
PedNYC23,PedNYC23_scenario15,15,19.0,-0.8072274710265183,44.756116805572,-5.800348333311228,114.79248331035768
PedNYC23,PedNYC23_scenario15,15,20.0,-0.803870672114358,44.76187973496473,-5.054267819826204,114.77694090676816
PedNYC23,PedNYC23_scenario15,15,21.0,-0.7856891064418865,44.77757919787,-4.090531655264299,114.74853259899817
PedNYC23,PedNYC23_scenario15,15,22.0,-0.7972894992497541,44.793534705311835,-2.9247950634135953,114.67077808096953
PedNYC23,PedNYC23_scenario15,15,23.0,-0.8177835111971323,44.794564582217305,-1.6246517974139687,114.4341735649008
PedNYC23,PedNYC23_scenario15,15,24.0,-0.8584097466711433,44.77590357290033,-0.3749797766405862,113.91301239704288
PedNYC23,PedNYC23_scenario15,15,25.0,-0.886644847898328,44.76585361194972,0.66047471624097,113.09110196300124
PedNYC23,PedNYC23_scenario15,15,26.0,-0.9115283633045945,44.76417592286869,1.4395982891166248,112.03271835948117
PedNYC23,PedNYC23_scenario15,15,27.0,-0.9183727260606711,44.74441522859476,1.9933500995246405,110.78576044312737
PedNYC23,PedNYC23_scenario15,15,28.0,-0.9180437674151479,44.728579311584376,2.368507670552269,109.34333382921527
PedNYC23,PedNYC23_scenario15,15,29.0,-0.9109351723118402,44.72895379468914,2.6134709524498922,107.71846943225476
PedNYC23,PedNYC23_scenario15,15,30.0,-0.9105257315895258,44.73443261417211,2.7921339806420753,105.92138821211427
PedNYC23,PedNYC23_scenario15,15,31.0,-0.9161945795276304,44.73485211804147,2.9491569923869996,103.95292588581592
PedNYC23,PedNYC23_scenario15,15,32.0,-0.9154754958501761,44.72817795575793,3.083770984605094,101.79632097363634
PedNYC23,PedNYC23_scenario15,15,33.0,-0.8839633868196857,44.72133372161211,3.1677557659087405,99.44419858380837
PedNYC23,PedNYC23_scenario15,15,34.0,-0.7714995539015947,44.818355427583086,3.147338056437592,96.90918316900171
PedNYC23,PedNYC23_scenario15,15,35.0,-0.7550610620262246,44.904902587349994,3.0312546156588973,94.20271013901223
PedNYC23,PedNYC23_scenario15,15,36.0,-0.7689069749988312,44.8634445683036,2.917634191815038,91.34047797750625
PedNYC23,PedNYC23_scenario15,15,37.0,-0.8003814711765083,44.88220173372837,2.878039128294171,88.37945618966044
PedNYC23,PedNYC23_scenario15,15,38.0,-0.8808028562268375,44.97773405992687,2.913095569539344,85.52468468275086
PedNYC23,PedNYC23_scenario15,15,39.0,-0.9097585490220774,45.154126778896185,2.978695068245905,82.88523225404771
PedNYC23,PedNYC23_scenario15,15,40.0,-0.864029501182616,45.437766877728755,3.0134878719147826,80.45398148223198
PedNYC23,PedNYC23_scenario15,15,41.0,-0.8511690815308308,45.76354096083253,2.99030158712907,78.21558665289918
PedNYC23,PedNYC23_scenario15,15,42.0,-0.8694392417686082,46.138342641148306,2.9429352789629557,76.12073027024921
PedNYC23,PedNYC23_scenario15,15,43.0,-0.8108391617108862,46.51624516113909,2.899466048348089,74.04897903494069
PedNYC23,PedNYC23_scenario15,15,44.0,-0.736177279137353,46.89944041741918,2.869082633531324,72.03669581821671
PedNYC23,PedNYC23_scenario15,15,45.0,-0.7258340858128031,47.28585699873286,2.857853233121924,70.17042468495102
PedNYC23,PedNYC23_scenario15,15,46.0,-0.6804758268541127,47.69133050279715,2.8586543903000354,68.45042755312899
PedNYC23,PedNYC23_scenario15,15,47.0,-0.6000473071776931,48.111448125052036,2.8590919673658743,66.86587751616543
PedNYC23,PedNYC23_scenario15,15,48.0,-0.572330307182806,48.501921624233454,2.8386218251783264,65.40684667950889
PedNYC23,PedNYC23_scenario15,15,49.0,-0.5538939004915874,48.924044674251945,2.7399838732009947,64.07017442307247
PedNYC23,PedNYC23_scenario15,15,50.0,-0.4828440876669033,49.28889342375585,2.4844643886106033,62.877380696824325
PedNYC23,PedNYC23_scenario15,15,51.0,-0.4433071296578074,49.62547368938321,2.050112602216087,61.86833840745866
PedNYC23,PedNYC23_scenario15,15,52.0,-0.4875251763453823,49.982037883863505,1.4744436622203023,61.019158875162525
PedNYC23,PedNYC23_scenario15,15,53.0,-0.5130490938561243,50.32412775073352,0.7523178161940759,60.27767085219376
PedNYC23,PedNYC23_scenario15,15,54.0,-0.490729621150384,50.72275518683235,-0.1653465560948187,59.61135396981694
PedNYC23,PedNYC23_scenario15,15,55.0,-0.5444199378564731,51.02363451630722,-1.3434494545332254,59.04959977359723
PedNYC23,PedNYC23_scenario15,15,56.0,-0.653492960829554,51.37924293613417,-2.804758716766428,58.66683291937324
PedNYC23,PedNYC23_scenario15,15,57.0,-0.6872499930455688,51.68274250735587,-4.56394027580589,58.46787420445
PedNYC23,PedNYC23_scenario15,15,58.0,-0.7360632722663218,51.993721241221785,-6.552392790396726,58.3108826698089
PedNYC23,PedNYC23_scenario15,15,59.0,-0.8962697567785194,52.2563322106289,-8.668269623988285,58.128287961780806
PedNYC23,PedNYC23_scenario15,15,60.0,-1.0898540817630606,52.463890189647756,-10.83314700970236,57.98282572293563
PedNYC23,PedNYC23_scenario15,15,61.0,-1.2452515741965893,52.712772287977344,-13.016632945009261,57.956217104458176
PedNYC23,PedNYC23_scenario15,15,62.0,-1.4022937204549142,52.953965216180556,-15.220794856661017,58.0052430253465
PedNYC23,PedNYC23_scenario15,15,63.0,-1.6570456285001058,53.14829547636747,-17.451789410021682,58.06746592335242
PedNYC23,PedNYC23_scenario15,15,64.0,-1.8844956048769663,53.27964329975331,-19.70706616078396,58.08843044235527
PedNYC23,PedNYC23_scenario15,15,65.0,-2.066324233057102,53.443004921038714,-21.984466668638476,58.05622230385386
PedNYC23,PedNYC23_scenario15,15,66.0,-2.252952817088767,53.630589754221425,-24.2838706875449,58.00156796455132
PedNYC23,PedNYC23_scenario15,15,67.0,-2.5186647700891647,53.769203268582764,-26.607861573292507,57.96448461760402
PedNYC23,PedNYC23_scenario15,15,68.0,-2.776536258062258,53.96716301878521,-28.957567677806328,57.985416231932525
PedNYC23,PedNYC23_scenario15,15,69.0,-2.949168227111529,54.22643004850413,-31.31875101592908,58.04657436103737
PedNYC23,PedNYC23_scenario15,15,70.0,-3.0448990102676388,54.52099488577016,-33.58246189201343,58.116195953857435
PedNYC23,PedNYC23_scenario15,15,71.0,-3.1041674339698333,54.68478042630174,-35.37261691380664,58.15384858679382
PedNYC23,PedNYC23_scenario15,15,72.0,-3.124893894134475,54.77691725778274,-36.247177694927686,58.15733665710635
PedNYC23,PedNYC23_scenario15,15,73.0,-3.0845141707953228,54.88602267565535,-36.953820013626924,58.15366799696634
PedNYC23,PedNYC23_scenario15,15,74.0,-3.0683800753750536,55.14322343340248,-37.59872210068761,58.145675765409585
PedNYC23,PedNYC23_scenario15,15,75.0,-3.061029976416498,55.37445513983207,-37.99020694360965,58.13806489614454
PedNYC23,PedNYC23_scenario15,15,76.0,-3.060379951140083,55.6973123257435,-38.018396558109565,58.13737243073165
PedNYC23,PedNYC23_scenario15,15,77.0,-3.011736523393127,55.96579843929934,-38.018656365087544,58.13735282156564
PedNYC23,PedNYC23_scenario15,15,78.0,-2.9263677008414453,56.263059701646,-38.018641537117524,58.137351989746094
PedNYC23,PedNYC23_scenario15,15,79.0,-2.92192760476051,56.54376220536214,-38.018493413154445,58.137351989746094
PedNYC23,PedNYC23_scenario15,15,80.0,-2.950216840628916,56.850109979428545,-38.01848076934148,58.137351989746094
PedNYC23,PedNYC23_scenario15,15,81.0,-2.922619313442031,57.163367887649166,-38.018367564874424,58.137351989746094
PedNYC23,PedNYC23_scenario15,15,82.0,-2.874795628323924,57.483513018212605,-38.01842616518233,58.137351989746094
PedNYC23,PedNYC23_scenario15,15,83.0,-2.9155779485212703,57.85370633358581,-38.01843838321401,58.137351989746094
PedNYC23,PedNYC23_scenario15,15,84.0,-2.9402551106923682,58.20461276895044,-38.018508192776096,58.137351989746094
PedNYC23,PedNYC23_scenario15,15,85.0,-2.890883872022123,58.571408564180736,-38.01845010626636,58.137351989746094
PedNYC23,PedNYC23_scenario15,15,86.0,-2.892594104161642,58.95180129023212,-38.01848012968274,58.137351989746094
PedNYC23,PedNYC23_scenario15,15,87.0,-2.982428644727036,59.29859731669024,-38.01834589996327,58.137351989746094
PedNYC23,PedNYC23_scenario15,15,88.0,-2.997317501387891,59.58750200267259,-38.01845796015216,58.13734940243936
PedNYC23,PedNYC23_scenario15,15,89.0,-2.9492810768349815,59.89890724156285,-38.01852225891855,58.137351989746094
PedNYC23,PedNYC23_scenario15,15,90.0,-2.9525424682096837,60.172535926808955,-38.018669881276786,58.137351989746094
PedNYC23,PedNYC23_scenario15,15,91.0,-3.004893448526361,60.47040327526414,-38.018580561402224,58.137351989746094
PedNYC23,PedNYC23_scenario15,15,92.0,-2.9993823366768897,60.7520696782392,-38.01839493468423,58.137351989746094
PedNYC23,PedNYC23_scenario15,15,93.0,-2.9150085088821003,60.995783203402496,-38.018135282389736,58.137351989746094
PedNYC23,PedNYC23_scenario15,15,94.0,-2.8413639481511095,61.14929799030729,-38.01807863399238,58.137351989746094
PedNYC23,PedNYC23_scenario15,15,95.0,-2.821591043410522,61.18039458561239,-38.01786997029617,58.137351989746094
PedNYC23,PedNYC23_scenario15,15,96.0,-2.8427148474048325,61.07444550374603,-38.01775509342457,58.137351989746094
PedNYC23,PedNYC23_scenario15,15,97.0,-2.867833823508122,60.9161422813277,-38.01786222856449,58.137351989746094
PedNYC23,PedNYC23_scenario15,15,98.0,-2.886962900804816,60.87954098899981,-38.01788116119793,58.137351989746094
PedNYC23,PedNYC23_scenario15,15,99.0,-2.8548384394173163,60.89338833317066,-38.01792633224284,58.137351989746094
PedNYC23,PedNYC23_scenario15,15,100.0,-2.906438112258911,60.885372161865234,-38.01786804199219,58.137351989746094
PedNYC24,PedNYC24_scenario15,15,0.0,-0.9037647247314452,44.68013000488281,-6.9239044189453125,114.80023193359376
PedNYC24,PedNYC24_scenario15,15,1.0,-0.9125553951946909,44.82034874829362,-6.61978656533784,114.80135608782379
PedNYC24,PedNYC24_scenario15,15,2.0,-0.9127253872777878,44.90218190927002,-6.001048822718661,114.80420695994799
PedNYC24,PedNYC24_scenario15,15,3.0,-0.9218399187325402,44.91217733627149,-5.152756497056089,114.80939333039339
PedNYC24,PedNYC24_scenario15,15,4.0,-0.9766400885239457,44.874507697073376,-4.304854283872368,114.81174822235876
PedNYC24,PedNYC24_scenario15,15,5.0,-0.9609277457858315,44.872611436791786,-3.5285581395922345,114.8048510107099
PedNYC24,PedNYC24_scenario15,15,6.0,-0.8808605603393252,44.85621789844183,-2.821790848522455,114.78613203082888
PedNYC24,PedNYC24_scenario15,15,7.0,-0.8322408947593307,44.84694094907624,-2.1791881776529904,114.75020817502175
PedNYC24,PedNYC24_scenario15,15,8.0,-0.8237258364065672,44.85796071092828,-1.5696447219939362,114.67097733349664
PedNYC24,PedNYC24_scenario15,15,9.0,-0.8891379586775618,44.890247206863826,-0.8728632095178285,114.4908308460279
PedNYC24,PedNYC24_scenario15,15,10.0,-0.9313127413961251,44.89182601204371,-0.06755928074136422,114.14206942477323
PedNYC24,PedNYC24_scenario15,15,11.0,-0.9242761733139838,44.883302930647616,0.817254974041119,113.56730967587696
PedNYC24,PedNYC24_scenario15,15,12.0,-0.9117471411368735,44.87372755134695,1.7080680416300817,112.79673875869841
PedNYC24,PedNYC24_scenario15,15,13.0,-0.8974352329337362,44.86640445856406,2.513993626513531,111.90898415364383
PedNYC24,PedNYC24_scenario15,15,14.0,-0.8969936447850793,44.873251657605664,3.1596900663753242,110.95919085733709
PedNYC24,PedNYC24_scenario15,15,15.0,-0.8976930943066008,44.87561372833846,3.658309125986183,109.95988404861367
PedNYC24,PedNYC24_scenario15,15,16.0,-0.8972198413106025,44.87142529611831,4.026702454794733,108.87875043029302
PedNYC24,PedNYC24_scenario15,15,17.0,-0.8978392872166632,44.87100978137868,4.264413263482747,107.66473247206073
PedNYC24,PedNYC24_scenario15,15,18.0,-0.896067428947188,44.87370735557386,4.379474758362086,106.28689512956345
PedNYC24,PedNYC24_scenario15,15,19.0,-0.8960281257820011,44.87716618210145,4.458696332529759,104.73764539017473
PedNYC24,PedNYC24_scenario15,15,20.0,-0.9027531203518223,44.87872537092264,4.595146274950423,103.03382712219185
PedNYC24,PedNYC24_scenario15,15,21.0,-0.9015815109400841,44.87972741179571,4.742216538257569,101.18990970211829
PedNYC24,PedNYC24_scenario15,15,22.0,-0.8982683555447325,44.878682201349314,4.831634606736664,99.21130336444588
PedNYC24,PedNYC24_scenario15,15,23.0,-0.8805413191490226,44.87014584694135,4.79730366856179,97.12247221838805
PedNYC24,PedNYC24_scenario15,15,24.0,-0.8402611090084527,44.814980266863806,4.594898226947132,94.98426925482279
PedNYC24,PedNYC24_scenario15,15,25.0,-0.8469895831512098,44.76283571225599,4.2804657582884325,92.82280848851399
PedNYC24,PedNYC24_scenario15,15,26.0,-0.8561826093532441,44.82292389051981,3.974457993395452,90.63426013509033
PedNYC24,PedNYC24_scenario15,15,27.0,-0.8748799997358212,44.88234529363916,3.7345760590171087,88.39899066685129
PedNYC24,PedNYC24_scenario15,15,28.0,-0.8240908225482482,44.94530849960077,3.5431944369173283,86.13580027344241
PedNYC24,PedNYC24_scenario15,15,29.0,-0.869296335968504,45.08594235676413,3.391343126352669,83.92629816440103
PedNYC24,PedNYC24_scenario15,15,30.0,-0.9820566354497384,45.30280282982833,3.2761101390891256,81.79556144881754
PedNYC24,PedNYC24_scenario15,15,31.0,-0.9791256698585854,45.62283065717819,3.194851912883967,79.76230339192888
PedNYC24,PedNYC24_scenario15,15,32.0,-1.0015914243855466,45.93804034687864,3.138878890561387,77.70320064122528
PedNYC24,PedNYC24_scenario15,15,33.0,-1.0989255743618283,46.3048649933788,3.0994043106969316,75.60228969332955
PedNYC24,PedNYC24_scenario15,15,34.0,-1.0739565966482698,46.70025081509156,3.069271926630431,73.57460757751261
PedNYC24,PedNYC24_scenario15,15,35.0,-1.0690642726763293,47.08808298750166,3.043383623697628,71.71748537501557
PedNYC24,PedNYC24_scenario15,15,36.0,-1.0951965216598007,47.46550100328182,3.0204443389377778,70.08160708807638
PedNYC24,PedNYC24_scenario15,15,37.0,-1.0410491894014646,47.88981944216544,2.9983741041692173,68.67973301234241
PedNYC24,PedNYC24_scenario15,15,38.0,-0.9931605157818365,48.30322565930892,2.975911488711657,67.49944539569307
PedNYC24,PedNYC24_scenario15,15,39.0,-0.935025538649477,48.707105469470676,2.950588410889599,66.43774535737651
PedNYC24,PedNYC24_scenario15,15,40.0,-0.7876416438222337,49.1343004996605,2.922815917889894,65.47128018675905
PedNYC24,PedNYC24_scenario15,15,41.0,-0.7068440432491939,49.54834085007274,2.8928517672490144,64.59119114102289
PedNYC24,PedNYC24_scenario15,15,42.0,-0.6347287050299523,49.96282325908485,2.859902132414892,63.79005287310806
PedNYC24,PedNYC24_scenario15,15,43.0,-0.570823082906985,50.389467337709675,2.8266852379461995,63.07541188571101
PedNYC24,PedNYC24_scenario15,15,44.0,-0.6071502706074721,50.80475600562858,2.803253873412592,62.61291259133661
PedNYC24,PedNYC24_scenario15,15,45.0,-0.7089590226757554,51.19257121287601,2.799502068447909,62.542555129798735
PedNYC24,PedNYC24_scenario15,15,46.0,-0.8579862590590563,51.545171721508886,2.7994847297668457,62.54228210449219
PedNYC24,PedNYC24_scenario15,15,47.0,-1.0437883819248708,51.90589331279248,2.7994841177382312,62.542286887532015
PedNYC24,PedNYC24_scenario15,15,48.0,-1.2219784425040732,52.267964899357004,2.7994805308047668,62.54224804608761
PedNYC24,PedNYC24_scenario15,15,49.0,-1.4214426898960877,52.56187975755597,2.7994794347347733,62.54225483220183
PedNYC24,PedNYC24_scenario15,15,50.0,-1.6770726427502451,52.820505428777,2.799388348566531,62.54075331759637
PedNYC24,PedNYC24_scenario15,15,51.0,-1.81794930024566,53.09493710063845,2.797520302815422,62.50884910334592
PedNYC24,PedNYC24_scenario15,15,52.0,-2.0359617343352365,53.371716190177395,2.789071979826957,62.37326151575891
PedNYC24,PedNYC24_scenario15,15,53.0,-2.332234196625897,53.62873576307612,2.775157376499346,62.168538207788515
PedNYC24,PedNYC24_scenario15,15,54.0,-2.514033359709406,53.90284393171252,2.759550847260776,61.9748893485667
PedNYC24,PedNYC24_scenario15,15,55.0,-2.6677300079190727,54.0342407013112,2.748018462131155,61.85450631079802
PedNYC24,PedNYC24_scenario15,15,56.0,-2.7054025048709684,54.060658298177735,2.7479885550204655,61.854292593594785
PedNYC24,PedNYC24_scenario15,15,57.0,-2.7111066795962517,54.076410654708894,2.747981170827634,61.85424884171873
PedNYC24,PedNYC24_scenario15,15,58.0,-2.6654597237601223,54.154376341252906,2.747980833053589,61.854251861572266
PedNYC24,PedNYC24_scenario15,15,59.0,-2.7129590080177657,54.437064916971515,2.747980897112158,61.854251861572266
PedNYC24,PedNYC24_scenario15,15,60.0,-2.743635320663451,54.82003326416015,2.747980833053589,61.85424880981445
PedNYC24,PedNYC24_scenario15,15,61.0,-2.826582469904216,55.30569358472311,2.747980833053589,61.85425442356863
PedNYC24,PedNYC24_scenario15,15,62.0,-2.8532858268614256,55.75361293149946,2.747980628083488,61.8542491172263
PedNYC24,PedNYC24_scenario15,15,63.0,-2.9148738673774246,56.20526629670124,2.747980833053589,61.85424952733971
PedNYC24,PedNYC24_scenario15,15,64.0,-2.965182505419143,56.72456435764265,2.747981052258927,61.85425506144583
PedNYC24,PedNYC24_scenario15,15,65.0,-3.014015897254417,57.25334026096903,2.7479809643231534,61.854251861572266
PedNYC24,PedNYC24_scenario15,15,66.0,-3.0906867671178975,57.764319042054964,2.747980833053589,61.854251861572266
PedNYC24,PedNYC24_scenario15,15,67.0,-3.1411553917543813,58.29796562625746,2.747980833053589,61.85424992008982
PedNYC24,PedNYC24_scenario15,15,68.0,-3.2104775509609533,58.78212195453837,2.7479754605130835,61.85422941773593
PedNYC24,PedNYC24_scenario15,15,69.0,-3.2464550163095525,59.24939006613899,2.7479772795883415,61.85427631714797
PedNYC24,PedNYC24_scenario15,15,70.0,-3.259229620612006,59.661688653242756,2.747973106195311,61.854293447362636
PedNYC24,PedNYC24_scenario15,15,71.0,-3.299714278311774,60.08380630267287,2.7478629720986567,61.853410118065014
PedNYC24,PedNYC24_scenario15,15,72.0,-3.233604431151428,60.4562643656664,2.7427405076248457,61.8064753910901
PedNYC24,PedNYC24_scenario15,15,73.0,-3.1444008269035306,60.7579805261114,2.702789268736734,61.529612433345065
PedNYC24,PedNYC24_scenario15,15,74.0,-3.0992962902564694,60.92343873508728,2.538430157157269,60.866498725373155
PedNYC24,PedNYC24_scenario15,15,75.0,-3.0712954473135787,60.94841141550223,2.105143398700881,59.83680973163867
PedNYC24,PedNYC24_scenario15,15,76.0,-3.066261093554054,61.00104543574568,1.2437824240479098,58.59955750249255
PedNYC24,PedNYC24_scenario15,15,77.0,-3.079123263565494,61.01202906085901,-0.0997149630008303,57.48773320059451
PedNYC24,PedNYC24_scenario15,15,78.0,-3.0783926284460548,61.0057099218936,-1.8789764909183595,56.756149222737726
PedNYC24,PedNYC24_scenario15,15,79.0,-3.0751927806044317,61.012269225602815,-3.989919927089151,56.531265099302345
PedNYC24,PedNYC24_scenario15,15,80.0,-3.0855763596593846,61.00914295134764,-6.337484084320553,56.57081241532739
PedNYC24,PedNYC24_scenario15,15,81.0,-3.111398227644729,60.990672839907084,-8.787966332501322,56.54025563508701
PedNYC24,PedNYC24_scenario15,15,82.0,-3.146807886023876,60.988922097035335,-11.288289234921209,56.46994991980488
PedNYC24,PedNYC24_scenario15,15,83.0,-3.1612238454401766,60.991093544373285,-13.798210010731056,56.56892699885562
PedNYC24,PedNYC24_scenario15,15,84.0,-3.1243970036924695,60.986412577901845,-16.34031050591878,56.85311295503033
PedNYC24,PedNYC24_scenario15,15,85.0,-3.121071386259384,60.97956514198605,-19.026221493547908,57.194472667683264
PedNYC24,PedNYC24_scenario15,15,86.0,-3.165517113041867,60.98626473422924,-21.954469588872673,57.50415675323872
PedNYC24,PedNYC24_scenario15,15,87.0,-3.1802385975365706,60.99533752226964,-25.138975658206856,57.700131071436466
PedNYC24,PedNYC24_scenario15,15,88.0,-3.1655537367116797,60.98312026637363,-28.551922078041656,57.80914020642985
PedNYC24,PedNYC24_scenario15,15,89.0,-3.15248468279134,60.977093160584644,-31.994964140648833,57.91828831576215
PedNYC24,PedNYC24_scenario15,15,90.0,-3.160947394894151,60.96579018775858,-35.15827714598954,58.060513729568044
PedNYC24,PedNYC24_scenario15,15,91.0,-3.158232184103873,60.96841308401668,-37.8325046163867,58.17164609737962
PedNYC24,PedNYC24_scenario15,15,92.0,-3.1596043481782923,60.97668730101732,-39.63373100848745,58.21865482798525
PedNYC24,PedNYC24_scenario15,15,93.0,-3.122980806129346,60.96853319103116,-40.30220123612863,58.22955381373363
PedNYC24,PedNYC24_scenario15,15,94.0,-3.078371119133783,60.986565931193084,-40.30772593570857,58.22964477539063
PedNYC24,PedNYC24_scenario15,15,95.0,-3.0603276035336973,61.02186819259914,-40.30794010441862,58.22964725773894
PedNYC24,PedNYC24_scenario15,15,96.0,-3.0638782216039413,61.047171215830275,-40.30794525146485,58.229649045615496
PedNYC24,PedNYC24_scenario15,15,97.0,-3.0713352278728796,61.082324404754296,-40.30794525146485,58.22964859008789
PedNYC24,PedNYC24_scenario15,15,98.0,-3.0261489340822902,61.03629959752339,-40.30794525146485,58.22964859008789
PedNYC24,PedNYC24_scenario15,15,99.0,-2.9368620225418534,60.97879335958085,-40.30794525146485,58.22964836298969
PedNYC24,PedNYC24_scenario15,15,100.0,-2.8390884399414062,60.992225646972656,-40.30794525146485,58.22965240478516
PedNYC25,PedNYC25_scenario15,15,0.0,-0.7719521522521973,44.98978805541992,3.0418758392333984,96.4836196899414
PedNYC25,PedNYC25_scenario15,15,1.0,-0.8100414214812633,45.08204896998119,3.022924918206131,95.41062801153451
PedNYC25,PedNYC25_scenario15,15,2.0,-0.8745002470829885,45.21231965638416,2.995650242172636,94.31825880640442
PedNYC25,PedNYC25_scenario15,15,3.0,-0.9311927240574862,45.356161337175585,2.960388933569762,93.21293768944679
PedNYC25,PedNYC25_scenario15,15,4.0,-0.9685574355774702,45.526921076048396,2.918894315065842,92.09540903535758
PedNYC25,PedNYC25_scenario15,15,5.0,-0.9770254580335795,45.736445580422846,2.8797731482808486,90.97475756437181
PedNYC25,PedNYC25_scenario15,15,6.0,-0.9745985160499069,45.94784011773056,2.8495190858217097,89.86902379444072
PedNYC25,PedNYC25_scenario15,15,7.0,-0.966940276226485,46.15885874132632,2.828584712674985,88.78284874461121
PedNYC25,PedNYC25_scenario15,15,8.0,-0.9589579957328848,46.32508036761044,2.809769423766853,87.71599854069798
PedNYC25,PedNYC25_scenario15,15,9.0,-0.9366549970585348,46.56279684807257,2.781224294226894,86.6586270238196
PedNYC25,PedNYC25_scenario15,15,10.0,-0.9242631812324232,46.82972103647919,2.739642053907648,85.59297135853976
PedNYC25,PedNYC25_scenario15,15,11.0,-0.9138544973278679,47.09326350675942,2.689071562822637,84.5127784469117
PedNYC25,PedNYC25_scenario15,15,12.0,-0.8978278027968989,47.332393344318476,2.6417712348893883,83.41717943425836
PedNYC25,PedNYC25_scenario15,15,13.0,-0.8812040341725752,47.578213234544826,2.5988039092651736,82.30124323868537
PedNYC25,PedNYC25_scenario15,15,14.0,-0.8644112613821281,47.829697583403274,2.5599877521568337,81.15669452776041
PedNYC25,PedNYC25_scenario15,15,15.0,-0.843860375219287,48.08841094130054,2.5253989239319594,79.98316529628356
PedNYC25,PedNYC25_scenario15,15,16.0,-0.8228130525189316,48.38669809358417,2.4907751782323873,78.78212801087626
PedNYC25,PedNYC25_scenario15,15,17.0,-0.8154181828385744,48.644931969588605,2.454530236973217,77.55459269918681
PedNYC25,PedNYC25_scenario15,15,18.0,-0.8072862101489487,48.90078780077367,2.4166524621101955,76.3248977955642
PedNYC25,PedNYC25_scenario15,15,19.0,-0.7851810171201123,49.19439024502807,2.380206451798177,75.13818981393844
PedNYC25,PedNYC25_scenario15,15,20.0,-0.7558550949612787,49.4213997985487,2.347526797479166,74.02082020460833
PedNYC25,PedNYC25_scenario15,15,21.0,-0.7167250742740602,49.7003746849882,2.321056131377259,73.07061459501539
PedNYC25,PedNYC25_scenario15,15,22.0,-0.6924783106108466,49.95749454527595,2.3037929258970196,72.3961657508541
PedNYC25,PedNYC25_scenario15,15,23.0,-0.6786320395638735,50.16156128223273,2.29563506661173,72.05700031909356
PedNYC25,PedNYC25_scenario15,15,24.0,-0.6625481686412503,50.466779409790846,2.2941700403685243,71.99481512296302
PedNYC25,PedNYC25_scenario15,15,25.0,-0.6583927925416507,50.701831043239835,2.294152195865373,71.99403745073967
PedNYC25,PedNYC25_scenario15,15,26.0,-0.682327890831925,50.931285503377474,2.2941448011164285,71.9937253864499
PedNYC25,PedNYC25_scenario15,15,27.0,-0.7385284815224703,51.1537566524562,2.2941430730607473,71.99364828423298
PedNYC25,PedNYC25_scenario15,15,28.0,-0.8093779021167717,51.36892420154758,2.294142723083496,71.9936294555664
PedNYC25,PedNYC25_scenario15,15,29.0,-0.8874835644749978,51.587844761445226,2.294142723083496,71.9936294555664
PedNYC25,PedNYC25_scenario15,15,30.0,-0.9637494670330549,51.77946303759378,2.294142723083496,71.99363708496094
PedNYC25,PedNYC25_scenario15,15,31.0,-1.0651026391453018,51.975243704273666,2.294142723083496,71.99363708496094
PedNYC25,PedNYC25_scenario15,15,32.0,-1.2257032183700374,52.19433659888378,2.294142723083496,71.99363708496094
PedNYC25,PedNYC25_scenario15,15,33.0,-1.4104136985672144,52.38590915641562,2.294142723083496,71.99363708496094
PedNYC25,PedNYC25_scenario15,15,34.0,-1.5569927195349749,52.551221296597646,2.294144040305367,71.9936603520044
PedNYC25,PedNYC25_scenario15,15,35.0,-1.7057322913794022,52.750977630186654,2.294143863000864,71.99364369987457
PedNYC25,PedNYC25_scenario15,15,36.0,-1.8387038699582865,52.960255066263755,2.2939956424834747,71.98695348597131
PedNYC25,PedNYC25_scenario15,15,37.0,-1.9452682001396067,53.157191969632535,2.293136555837693,71.94884627728872
PedNYC25,PedNYC25_scenario15,15,38.0,-2.0274128266780016,53.29447273268853,2.291191651865918,71.86201285030229
PedNYC25,PedNYC25_scenario15,15,39.0,-2.1528733004811507,53.4865315502219,2.28788844409483,71.71010039793453
PedNYC25,PedNYC25_scenario15,15,40.0,-2.319140713767077,53.75497975778918,2.2831250023242036,71.48097604099931
PedNYC25,PedNYC25_scenario15,15,41.0,-2.4756322204395613,54.00902302749765,2.2769172216762654,71.16656833656648
PedNYC25,PedNYC25_scenario15,15,42.0,-2.6165492071502046,54.25707640778496,2.269833259521623,70.76374789074356
PedNYC25,PedNYC25_scenario15,15,43.0,-2.7102052677701063,54.450972417496615,2.2624252572984775,70.27354126159716
PedNYC25,PedNYC25_scenario15,15,44.0,-2.785220315299794,54.67476848564199,2.254958061440929,69.69709345728005
PedNYC25,PedNYC25_scenario15,15,45.0,-2.841170913018808,54.947474331688184,2.2465376052222052,69.03646905385123
PedNYC25,PedNYC25_scenario15,15,46.0,-2.8679073094892393,55.17092507252454,2.2359205607150905,68.31747631524733
PedNYC25,PedNYC25_scenario15,15,47.0,-2.8898518649878686,55.44325013035911,2.225023126971065,67.6037181712319
PedNYC25,PedNYC25_scenario15,15,48.0,-2.91221866403909,55.716422371473286,2.214197480703742,66.92611562737308
PedNYC25,PedNYC25_scenario15,15,49.0,-2.9198471386441347,55.99278886516469,2.205666696732828,66.40990766587908
PedNYC25,PedNYC25_scenario15,15,50.0,-2.9116423457462743,56.268333464890226,2.201558292368189,66.166712161616
PedNYC25,PedNYC25_scenario15,15,51.0,-2.9071032651270805,56.551512483684306,2.2013058937250958,66.15159019889441
PedNYC25,PedNYC25_scenario15,15,52.0,-2.9166908323248264,56.78316323934882,2.201296063974959,66.15099161246376
PedNYC25,PedNYC25_scenario15,15,53.0,-2.9306526098098753,57.056200972378235,2.201292672820607,66.15079241014223
PedNYC25,PedNYC25_scenario15,15,54.0,-2.9392743242984314,57.372200964965586,2.201291561126709,66.15074157714844
PedNYC25,PedNYC25_scenario15,15,55.0,-2.942376773881904,57.66338156711275,2.20129132270813,66.1507339477539
PedNYC25,PedNYC25_scenario15,15,56.0,-2.959054595477399,57.95241184384342,2.20129132270813,66.1507339477539
PedNYC25,PedNYC25_scenario15,15,57.0,-3.003054472397209,58.22900680469465,2.20129132270813,66.15074157714844
PedNYC25,PedNYC25_scenario15,15,58.0,-3.042815338775432,58.47592295365895,2.201291413592908,66.15074157714844
PedNYC25,PedNYC25_scenario15,15,59.0,-3.0688323095638324,58.721957687849,2.2012908417054007,66.1507028303335
PedNYC25,PedNYC25_scenario15,15,60.0,-3.091005643559603,58.973108864878334,2.201290989132588,66.15067445194656
PedNYC25,PedNYC25_scenario15,15,61.0,-3.1159765759091784,59.20324587833979,2.201249125341093,66.1472439205383
PedNYC25,PedNYC25_scenario15,15,62.0,-3.157023748847177,59.45576538485645,2.2009066753738384,66.1203705203677
PedNYC25,PedNYC25_scenario15,15,63.0,-3.2027569860958285,59.691447816921645,2.200460837146978,66.0549440359735
PedNYC25,PedNYC25_scenario15,15,64.0,-3.2327563397639465,59.896856174514326,2.2008563241890626,65.94178775437815
PedNYC25,PedNYC25_scenario15,15,65.0,-3.243188983557259,60.09716691482507,2.2032871337511235,65.76989124691039
PedNYC25,PedNYC25_scenario15,15,66.0,-3.235986448270656,60.2881523597348,2.2084332127030346,65.53174274709052
PedNYC25,PedNYC25_scenario15,15,67.0,-3.218548099996262,60.446464616322395,2.2155705709809506,65.22587115273312
PedNYC25,PedNYC25_scenario15,15,68.0,-3.20767183916234,60.56854129755271,2.221088219044959,64.85382975437216
PedNYC25,PedNYC25_scenario15,15,69.0,-3.201558660394612,60.682891854072984,2.2178143247112434,64.43175525950537
PedNYC25,PedNYC25_scenario15,15,70.0,-3.188830277197256,60.747474865688396,2.2005260396873623,64.00362508465741
PedNYC25,PedNYC25_scenario15,15,71.0,-3.174365719989735,60.77000550506713,2.165918563087408,63.592372365773514
PedNYC25,PedNYC25_scenario15,15,72.0,-3.1748987641804542,60.758445414233556,2.115049124012254,63.20228905822036
PedNYC25,PedNYC25_scenario15,15,73.0,-3.2040245713855215,60.74664462980347,2.049086772498474,62.834233287725546
PedNYC25,PedNYC25_scenario15,15,74.0,-3.229890240284997,60.75240149204026,1.9707788438091407,62.487371833021776
PedNYC25,PedNYC25_scenario15,15,75.0,-3.238237859220864,60.757565776102595,1.8817057590069566,62.16145212883361
PedNYC25,PedNYC25_scenario15,15,76.0,-3.2266290886762645,60.767448724941346,1.7835566668084972,61.855822549769535
PedNYC25,PedNYC25_scenario15,15,77.0,-3.2143631953995317,60.79076416928068,1.6797362372996398,61.568641581756154
PedNYC25,PedNYC25_scenario15,15,78.0,-3.2100012006722096,60.81400194393368,1.5700844721765976,61.30027368575569
PedNYC25,PedNYC25_scenario15,15,79.0,-3.2084982624548557,60.83269335116526,1.4524330174934095,61.0523189558953
PedNYC25,PedNYC25_scenario15,15,80.0,-3.2078766922287176,60.85020319031642,1.3236040348515277,60.82080845826301
PedNYC25,PedNYC25_scenario15,15,81.0,-3.2087581614741505,60.861849705955514,1.175701063543579,60.59577515162533
PedNYC25,PedNYC25_scenario15,15,82.0,-3.2117008523563744,60.86941139791894,0.9982107122691487,60.36928073995879
PedNYC25,PedNYC25_scenario15,15,83.0,-3.2147163010199464,60.87194730544675,0.7761892214743829,60.13477375334233
PedNYC25,PedNYC25_scenario15,15,84.0,-3.2173424728662416,60.87145581292926,0.495092799002668,59.886478207866105
PedNYC25,PedNYC25_scenario15,15,85.0,-3.2182412148609414,60.8696406146243,0.13901205212654,59.62277208648711
PedNYC25,PedNYC25_scenario15,15,86.0,-3.2173121353612424,60.8679267723592,-0.302153069977967,59.342196850733636
PedNYC25,PedNYC25_scenario15,15,87.0,-3.216467676035295,60.8680091318104,-0.8336629180475277,59.04855333103549
PedNYC25,PedNYC25_scenario15,15,88.0,-3.2155713671531267,60.867600348136726,-1.4601268121157156,58.75460123410619
PedNYC25,PedNYC25_scenario15,15,89.0,-3.216749220396331,60.865747271666876,-2.1825834639432076,58.48013375684214
PedNYC25,PedNYC25_scenario15,15,90.0,-3.2199273181727417,60.861501936542275,-2.996325901934315,58.23531684341996
PedNYC25,PedNYC25_scenario15,15,91.0,-3.2234034852707296,60.85390393867222,-3.876354218696314,58.02754447432244
PedNYC25,PedNYC25_scenario15,15,92.0,-3.2275201552044197,60.837337661275406,-4.772606765094956,57.87487432346756
PedNYC25,PedNYC25_scenario15,15,93.0,-3.2365357948098734,60.812036051723744,-5.656367083265681,57.7789643934606
PedNYC25,PedNYC25_scenario15,15,94.0,-3.2522673160805,60.7876199737858,-6.524598318138064,57.7269196366174
PedNYC25,PedNYC25_scenario15,15,95.0,-3.258802161384778,60.777609290420976,-7.364226331643505,57.71302317263459
PedNYC25,PedNYC25_scenario15,15,96.0,-3.2586705900375823,60.77165406434962,-8.16737863408005,57.710561698373105
PedNYC25,PedNYC25_scenario15,15,97.0,-3.2574637368071557,60.76613651306473,-8.933770105942694,57.70074405794159
PedNYC25,PedNYC25_scenario15,15,98.0,-3.241828458683842,60.776666407496265,-9.6665985242259,57.67670590029653
PedNYC25,PedNYC25_scenario15,15,99.0,-3.2215495333564883,60.81027672532105,-10.38259894022081,57.63904257407682
PedNYC25,PedNYC25_scenario15,15,100.0,-3.215171813964844,60.84838485717773,-11.094888687133787,57.5981330871582
PedNYC26,PedNYC26_scenario15,15,0.0,-0.9079866409301758,44.93258666992188,3.6636908054351807,97.86204528808594
PedNYC26,PedNYC26_scenario15,15,1.0,-0.9858842887639216,45.014645311445484,3.6432422920061978,96.37248864249257
PedNYC26,PedNYC26_scenario15,15,2.0,-1.0825610508432872,45.122147158419615,3.642542858322861,94.8266194252284
PedNYC26,PedNYC26_scenario15,15,3.0,-1.1851284712658674,45.21244075399506,3.658663771928779,93.25891655529666
PedNYC26,PedNYC26_scenario15,15,4.0,-1.2203644862905525,45.30907907689727,3.6538596984948812,91.70191067604881
PedNYC26,PedNYC26_scenario15,15,5.0,-1.2391367132215192,45.47865430121108,3.6059029237845053,90.17513511934033
PedNYC26,PedNYC26_scenario15,15,6.0,-1.2782788820472832,45.66317010060033,3.5200836060363327,88.67826171744854
PedNYC26,PedNYC26_scenario15,15,7.0,-1.395832303065861,45.844475899155356,3.41126836768582,87.21514489398889
PedNYC26,PedNYC26_scenario15,15,8.0,-1.5666298563822798,46.05581549717296,3.299482241517068,85.79402458598082
PedNYC26,PedNYC26_scenario15,15,9.0,-1.693513465423379,46.252369586226926,3.191299493891693,84.41239700176666
PedNYC26,PedNYC26_scenario15,15,10.0,-1.803754575989581,46.51617349033624,3.0948406001400346,83.06287700014917
PedNYC26,PedNYC26_scenario15,15,11.0,-1.8877513467982843,46.74409569369041,3.0117963007446833,81.74373874833348
PedNYC26,PedNYC26_scenario15,15,12.0,-2.0363658474176294,46.96374710880158,2.941151396169669,80.45115236587722
PedNYC26,PedNYC26_scenario15,15,13.0,-2.1924480365007284,47.18135109848248,2.8767404720782546,79.18424830095424
PedNYC26,PedNYC26_scenario15,15,14.0,-2.3133839158354217,47.4223185287316,2.8085181116253572,77.94252114305151
PedNYC26,PedNYC26_scenario15,15,15.0,-2.450726199676854,47.673885047941276,2.7385424218638157,76.72688842192005
PedNYC26,PedNYC26_scenario15,15,16.0,-2.6304799123069413,47.91415572364269,2.668720286772193,75.53588247493822
PedNYC26,PedNYC26_scenario15,15,17.0,-2.7662169168013038,48.07369921346545,2.60267580291275,74.38264843411768
PedNYC26,PedNYC26_scenario15,15,18.0,-3.0003718116890603,48.42546762974655,2.5478078524128875,73.28251939270818
PedNYC26,PedNYC26_scenario15,15,19.0,-3.095953673497235,48.67323791815127,2.506246097810631,72.23928251107488
PedNYC26,PedNYC26_scenario15,15,20.0,-3.2334472897448907,48.98007013582687,2.469417847796367,71.25404422340158
PedNYC26,PedNYC26_scenario15,15,21.0,-3.3789590559489087,49.22916677851538,2.4374649780458477,70.32422611404586
PedNYC26,PedNYC26_scenario15,15,22.0,-3.4928736796641333,49.47392469021259,2.4067454074047485,69.447337973802
PedNYC26,PedNYC26_scenario15,15,23.0,-3.5552514915743516,49.71011700265604,2.377416419164824,68.62029798392011
PedNYC26,PedNYC26_scenario15,15,24.0,-3.6033993689963855,49.960125412757776,2.3484173585848414,67.840185315442
PedNYC26,PedNYC26_scenario15,15,25.0,-3.6737236349095763,50.170077258512364,2.317366857763747,67.1047767489489
PedNYC26,PedNYC26_scenario15,15,26.0,-3.7648715311349727,50.34852961015039,2.281231173690848,66.44154607369151
PedNYC26,PedNYC26_scenario15,15,27.0,-3.8245732895894955,50.52602652937702,2.246723392775818,65.92410969304964
PedNYC26,PedNYC26_scenario15,15,28.0,-3.8056186464779267,50.717394102644256,2.221696155802482,65.57225196018203
PedNYC26,PedNYC26_scenario15,15,29.0,-3.7387524790230233,50.91676709327796,2.206929752734631,65.37457006371683
PedNYC26,PedNYC26_scenario15,15,30.0,-3.696631564740604,51.10681573465385,2.2034389300456936,65.32912966167264
PedNYC26,PedNYC26_scenario15,15,31.0,-3.661891895680805,51.304776602334144,2.203418591158525,65.32890077296534
PedNYC26,PedNYC26_scenario15,15,32.0,-3.6030897876622587,51.50034755333259,2.2034238510758675,65.3289696225039
PedNYC26,PedNYC26_scenario15,15,33.0,-3.5480113271618103,51.6554388208029,2.2034310656729668,65.32908528318934
PedNYC26,PedNYC26_scenario15,15,34.0,-3.461997369113662,51.80786329636551,2.203444422282763,65.3292875448543
PedNYC26,PedNYC26_scenario15,15,35.0,-3.336677893489396,52.000816449107504,2.2033255350915852,65.32776319495196
PedNYC26,PedNYC26_scenario15,15,36.0,-3.291406281013604,52.25146508815817,2.202686521320995,65.31946021592901
PedNYC26,PedNYC26_scenario15,15,37.0,-3.3262201898151904,52.55098252143853,2.2011259165071286,65.29911100405482
PedNYC26,PedNYC26_scenario15,15,38.0,-3.3603010151439885,52.85865455273283,2.19710282383686,65.24680965724838
PedNYC26,PedNYC26_scenario15,15,39.0,-3.372172342516533,53.19478795182397,2.190371972130154,65.15972609870941
PedNYC26,PedNYC26_scenario15,15,40.0,-3.4305745123024574,53.53423661153707,2.1815724294851955,65.04460464013191
PedNYC26,PedNYC26_scenario15,15,41.0,-3.463339720207665,53.66258399816225,2.171463654469149,64.91205337437464
PedNYC26,PedNYC26_scenario15,15,42.0,-3.564480276382825,54.170809999526064,2.1601588642533236,64.76313005302833
PedNYC26,PedNYC26_scenario15,15,43.0,-3.5953475669567485,54.54846403122497,2.1477062628057206,64.60142146960591
PedNYC26,PedNYC26_scenario15,15,44.0,-3.6265328488403257,54.91951836933647,2.1351485912293118,64.44077004628649
PedNYC26,PedNYC26_scenario15,15,45.0,-3.6669942808766867,55.30469252446497,2.1232608384682194,64.28798960545222
PedNYC26,PedNYC26_scenario15,15,46.0,-3.664955186565833,55.645432127823504,2.112266605035301,64.14359596693076
PedNYC26,PedNYC26_scenario15,15,47.0,-3.6401166026295515,56.0540404241638,2.101885778508539,64.00727979186806
PedNYC26,PedNYC26_scenario15,15,48.0,-3.6456670963137134,56.414633458755105,2.091798857814726,63.87876784421594
PedNYC26,PedNYC26_scenario15,15,49.0,-3.657327482583791,56.76070312120441,2.0816516124890088,63.75751796528155
PedNYC26,PedNYC26_scenario15,15,50.0,-3.6328433294656497,57.08795576304138,2.071962539291761,63.64314092556477
PedNYC26,PedNYC26_scenario15,15,51.0,-3.5713705160541824,57.428022888487284,2.062723207763283,63.53515925044695
PedNYC26,PedNYC26_scenario15,15,52.0,-3.537380584350245,57.80694939409501,2.053658581038537,63.43135662604144
PedNYC26,PedNYC26_scenario15,15,53.0,-3.5293720701782023,58.16116412178223,2.0441635698534077,63.32443402761744
PedNYC26,PedNYC26_scenario15,15,54.0,-3.49374730298748,58.51032168896454,2.0338752008089904,63.21010336791357
PedNYC26,PedNYC26_scenario15,15,55.0,-3.416370637608497,58.86043265686646,2.0229454117481698,63.08882114616998
PedNYC26,PedNYC26_scenario15,15,56.0,-3.3725485401614095,59.173897296623714,2.011915818155754,62.96559329645563
PedNYC26,PedNYC26_scenario15,15,57.0,-3.3521616995351757,59.502830802333236,2.00160725456157,62.84734535379474
PedNYC26,PedNYC26_scenario15,15,58.0,-3.2989728700307133,59.787768683059355,1.9920588831586536,62.73551669648475
PedNYC26,PedNYC26_scenario15,15,59.0,-3.2193740052977433,60.04026347288464,1.9830646993892533,62.62990914721073
PedNYC26,PedNYC26_scenario15,15,60.0,-3.156276404909034,60.247554925251734,1.9744779010311082,62.53017458102936
PedNYC26,PedNYC26_scenario15,15,61.0,-3.1245504028796462,60.440049641377755,1.9654609440456081,62.43023300158491
PedNYC26,PedNYC26_scenario15,15,62.0,-3.157507139656896,60.56623557489839,1.955511466309762,62.32098944411429
PedNYC26,PedNYC26_scenario15,15,63.0,-3.2209581714480775,60.63392213672653,1.9441778050017984,62.199470937230345
PedNYC26,PedNYC26_scenario15,15,64.0,-3.2203671338332733,60.73267719019895,1.9291564387317772,62.057552990223975
PedNYC26,PedNYC26_scenario15,15,65.0,-3.186659283689741,60.839027637195876,1.9073559435067864,61.88770924656627
PedNYC26,PedNYC26_scenario15,15,66.0,-3.16763396742838,60.91895541300476,1.8757569766180537,61.68466838309623
PedNYC26,PedNYC26_scenario15,15,67.0,-3.1794937236167047,60.963295674002346,1.8298507547340626,61.44324200786162
PedNYC26,PedNYC26_scenario15,15,68.0,-3.2034797116068576,60.95929418775607,1.7595862975581027,61.15895012441561
PedNYC26,PedNYC26_scenario15,15,69.0,-3.2024444377655343,60.93463214826022,1.6551900261000654,60.83144973825881
PedNYC26,PedNYC26_scenario15,15,70.0,-3.2005892217050764,60.92214964445128,1.5049072560781356,60.466365492753944
PedNYC26,PedNYC26_scenario15,15,71.0,-3.1960407946322675,60.91712860216797,1.2999529998173043,60.073740822772955
PedNYC26,PedNYC26_scenario15,15,72.0,-3.1912909109724703,60.91738579271168,1.0298948550573803,59.66977282570984
PedNYC26,PedNYC26_scenario15,15,73.0,-3.1860567403820816,60.91316884247358,0.6871944503858687,59.273964606304766
PedNYC26,PedNYC26_scenario15,15,74.0,-3.1849301678888966,60.907853500394516,0.27010395751976285,58.903185234955856
PedNYC26,PedNYC26_scenario15,15,75.0,-3.18168151384628,60.90191907678012,-0.21948393108853712,58.563899382579095
PedNYC26,PedNYC26_scenario15,15,76.0,-3.1785279143458527,60.88109829010744,-0.7827162723414637,58.26642704717248
PedNYC26,PedNYC26_scenario15,15,77.0,-3.1846230731163945,60.86832544576783,-1.41789571609809,58.01917990723983
PedNYC26,PedNYC26_scenario15,15,78.0,-3.1798617321389315,60.87253022876018,-2.1235127823487807,57.81665795535389
PedNYC26,PedNYC26_scenario15,15,79.0,-3.1651820435700686,60.89630635683134,-2.9008083747155617,57.66116984602388
PedNYC26,PedNYC26_scenario15,15,80.0,-3.1558140686891956,60.91312789475817,-3.748891315705161,57.553344536581314
PedNYC26,PedNYC26_scenario15,15,81.0,-3.1526768409710133,60.91660146332226,-4.666276211389429,57.47462567455686
PedNYC26,PedNYC26_scenario15,15,82.0,-3.15354765436025,60.90841371767067,-5.65009923130316,57.39326755998463
PedNYC26,PedNYC26_scenario15,15,83.0,-3.158417418896952,60.92404640224618,-6.697130685393071,57.2752189775348
PedNYC26,PedNYC26_scenario15,15,84.0,-3.163794080784143,60.93900825461746,-7.799070417176286,57.11783149231665
PedNYC26,PedNYC26_scenario15,15,85.0,-3.1638816708238964,60.93971025570264,-8.950014868269847,56.96378393062197
PedNYC26,PedNYC26_scenario15,15,86.0,-3.1601679090842714,60.929794072460666,-10.148540869759263,56.85708155542929
PedNYC26,PedNYC26_scenario15,15,87.0,-3.159415222504503,60.921862261173075,-11.39471523713841,56.82928457280352
PedNYC26,PedNYC26_scenario15,15,88.0,-3.1595017999111916,60.9080874362172,-12.683812453494946,56.88276828397855
PedNYC26,PedNYC26_scenario15,15,89.0,-3.160499783161101,60.902079196312975,-14.013168409660617,57.006505326867455
PedNYC26,PedNYC26_scenario15,15,90.0,-3.161496729438214,60.88407303746249,-15.387179712414502,57.16090250892453
PedNYC26,PedNYC26_scenario15,15,91.0,-3.2173063516976614,60.821743355686436,-16.80902148052641,57.29669994917754
PedNYC26,PedNYC26_scenario15,15,92.0,-3.269760183279709,60.814536015845995,-18.27775341221072,57.383778529703086
PedNYC26,PedNYC26_scenario15,15,93.0,-3.290057968185122,60.8277141764289,-19.792283897036395,57.41168109955655
PedNYC26,PedNYC26_scenario15,15,94.0,-3.309749509240217,60.83800469607505,-21.34903820751717,57.389898335722286
PedNYC26,PedNYC26_scenario15,15,95.0,-3.371776231414938,60.879452601010925,-22.946140461044774,57.37366069326047
PedNYC26,PedNYC26_scenario15,15,96.0,-3.403690351671879,60.934516912366945,-24.580204915365314,57.38873576576984
PedNYC26,PedNYC26_scenario15,15,97.0,-3.4102525183235515,60.92700676336432,-26.24927247946001,57.440424256458634
PedNYC26,PedNYC26_scenario15,15,98.0,-3.4107918255217426,60.88325063196123,-27.949397043319735,57.52997933560728
PedNYC26,PedNYC26_scenario15,15,99.0,-3.345665714820257,60.8174428043268,-29.636666095601473,57.63723034939586
PedNYC26,PedNYC26_scenario15,15,100.0,-3.263757705688477,60.81782913208008,-31.245397567749023,57.736629486083984
PedNYC28,PedNYC28_scenario15,15,0.0,-0.938828945159912,44.78054428100586,2.397716760635376,93.66506958007812
PedNYC28,PedNYC28_scenario15,15,1.0,-0.880785778100251,44.74773529238768,2.354757834385726,92.8820072734397
PedNYC28,PedNYC28_scenario15,15,2.0,-0.8110510846244698,44.775254541297635,2.310567570118485,92.0917733599813
PedNYC28,PedNYC28_scenario15,15,3.0,-0.7879478424098216,44.824295415396755,2.264984593538988,91.29607143709482
PedNYC28,PedNYC28_scenario15,15,4.0,-0.7873113766745528,44.86594904199467,2.217971054131653,90.4934212648955
PedNYC28,PedNYC28_scenario15,15,5.0,-0.7910038471221924,44.88976001739502,2.170601212978363,89.68592109680176
PedNYC28,PedNYC28_scenario15,15,6.0,-0.7906525139955372,44.89542697814305,2.123865878614113,88.87262299765628
PedNYC28,PedNYC28_scenario15,15,7.0,-0.7832820629031333,44.89343026268351,2.0783313838618196,88.0539221319108
PedNYC28,PedNYC28_scenario15,15,8.0,-0.7762670935005523,44.90100282014644,2.034722822872263,87.23096754906882
PedNYC28,PedNYC28_scenario15,15,9.0,-0.7910464804628636,44.93580472810799,1.9934934463033602,86.40202069232437
PedNYC28,PedNYC28_scenario15,15,10.0,-0.8334941387176513,44.998410034179685,1.9569180488586426,85.56957092285157
PedNYC28,PedNYC28_scenario15,15,11.0,-0.8811110345060889,45.077136082439786,1.925022111346089,84.73218645291095
PedNYC28,PedNYC28_scenario15,15,12.0,-0.9135616752726666,45.16855179105662,1.8962901031224868,83.89080468279835
PedNYC28,PedNYC28_scenario15,15,13.0,-0.9278320777974755,45.27615919463123,1.8712903776309997,83.04611227218454
PedNYC28,PedNYC28_scenario15,15,14.0,-0.9253645920608996,45.40887685700146,1.849010116188977,82.19733289450221
PedNYC28,PedNYC28_scenario15,15,15.0,-0.9184295415878295,45.55356025695801,1.8269822359085084,81.36118927001954
PedNYC28,PedNYC28_scenario15,15,16.0,-0.9171060766945247,45.70983890578393,1.8055204349031413,80.54954207628052
PedNYC28,PedNYC28_scenario15,15,17.0,-0.9238802346646644,45.870099355940724,1.7853317840908722,79.76692294090842
PedNYC28,PedNYC28_scenario15,15,18.0,-0.9387643168971724,46.05611518508937,1.7668660948543817,79.01329027677798
PedNYC28,PedNYC28_scenario15,15,19.0,-0.9444291699059141,46.24149054510036,1.7504805912455585,78.28698334476329
PedNYC28,PedNYC28_scenario15,15,20.0,-0.9336438179016112,46.424597930908206,1.7360366344451903,77.58842468261719
PedNYC28,PedNYC28_scenario15,15,21.0,-0.9199184990705872,46.5724681927871,1.7241969992581774,76.91492170120209
PedNYC28,PedNYC28_scenario15,15,22.0,-0.8926568042038386,46.77959055174056,1.7146630458538474,76.26716464732814
PedNYC28,PedNYC28_scenario15,15,23.0,-0.8692075675857919,46.97390939624517,1.7068907460498168,75.64415062323302
PedNYC28,PedNYC28_scenario15,15,24.0,-0.8545172913292817,47.16895566630602,1.6999913605771302,75.05277127610198
PedNYC28,PedNYC28_scenario15,15,25.0,-0.8494027853012085,47.374916076660156,1.6940509974956512,74.50625991821289
PedNYC28,PedNYC28_scenario15,15,26.0,-0.8411595127999207,47.57065732374624,1.6891658727081156,74.01878715828195
PedNYC28,PedNYC28_scenario15,15,27.0,-0.8237812092336896,47.758069193398605,1.6852669419184194,73.60519108793385
PedNYC28,PedNYC28_scenario15,15,28.0,-0.8013110834789963,47.94098211206971,1.682342141331832,73.27289723871058
PedNYC28,PedNYC28_scenario15,15,29.0,-0.7713445942256091,48.13915793822681,1.6802173079359062,73.02465420917379
PedNYC28,PedNYC28_scenario15,15,30.0,-0.7642826557159423,48.185186767578124,1.678747844696045,72.86087188720703
PedNYC28,PedNYC28_scenario15,15,31.0,-0.7508553607084243,48.54595419509033,1.6780277142477549,72.78170199050689
PedNYC28,PedNYC28_scenario15,15,32.0,-0.7492456999681252,48.664528090800545,1.6779773466772328,72.77623006547469
PedNYC28,PedNYC28_scenario15,15,33.0,-0.7488842358924772,48.99951324084941,1.677975394175753,72.77593119698003
PedNYC28,PedNYC28_scenario15,15,34.0,-0.7247608048528276,49.239228563423616,1.6779745048661012,72.77579006436017
PedNYC28,PedNYC28_scenario15,15,35.0,-0.6870051218458441,49.47566854934061,1.6779740988856364,72.7757335640323
PedNYC28,PedNYC28_scenario15,15,36.0,-0.6541337516285046,49.67793117257209,1.677973985671997,72.77571105957031
PedNYC28,PedNYC28_scenario15,15,37.0,-0.6281169351983643,49.91332245794466,1.677973985671997,72.77570343017578
PedNYC28,PedNYC28_scenario15,15,38.0,-0.6155549994981728,50.11180148003806,1.677973985671997,72.77570343017578
PedNYC28,PedNYC28_scenario15,15,39.0,-0.6040884933274315,50.36101473911379,1.677973985671997,72.77571105957031
PedNYC28,PedNYC28_scenario15,15,40.0,-0.5928453445434569,50.57359848022461,1.677973985671997,72.77571105957031
PedNYC28,PedNYC28_scenario15,15,41.0,-0.5844720769677209,50.73548698295727,1.677973985671997,72.77570775207272
PedNYC28,PedNYC28_scenario15,15,42.0,-0.5879366906218985,50.86682583059539,1.677973985671997,72.77571105957031
PedNYC28,PedNYC28_scenario15,15,43.0,-0.6363399681684508,51.25175865899218,1.677973985671997,72.77571105957031
PedNYC28,PedNYC28_scenario15,15,44.0,-0.714560433731598,51.4863012450283,1.677973985671997,72.77571105957031
PedNYC28,PedNYC28_scenario15,15,45.0,-0.808583235740662,51.693358802795416,1.677973985671997,72.77571105957031
PedNYC28,PedNYC28_scenario15,15,46.0,-0.8942403108171066,51.88777537156917,1.677973985671997,72.77571105957031
PedNYC28,PedNYC28_scenario15,15,47.0,-0.9799215822881406,52.09483369697336,1.677973985671997,72.77571105957031
PedNYC28,PedNYC28_scenario15,15,48.0,-1.0656015846889197,52.313040919719334,1.677973985671997,72.77571105957031
PedNYC28,PedNYC28_scenario15,15,49.0,-1.1589755129126555,52.518884951445386,1.677973985671997,72.77571105957031
PedNYC28,PedNYC28_scenario15,15,50.0,-1.273471474647522,52.701087951660156,1.677973985671997,72.77571105957031
PedNYC28,PedNYC28_scenario15,15,51.0,-1.4458705066864816,52.86660576403095,1.677973985671997,72.77571105957031
PedNYC28,PedNYC28_scenario15,15,52.0,-1.6002647443168119,53.004675773700285,1.677973985671997,72.77571105957031
PedNYC28,PedNYC28_scenario15,15,53.0,-1.7248473459312152,53.15619477616887,1.677973985671997,72.77571105957031
PedNYC28,PedNYC28_scenario15,15,54.0,-1.83382887600596,53.342211907139976,1.677973985671997,72.77571105957031
PedNYC28,PedNYC28_scenario15,15,55.0,-1.9261090993881227,53.54612426757812,1.6779737889766693,72.77568550109864
PedNYC28,PedNYC28_scenario15,15,56.0,-2.0137637623218545,53.73265503153217,1.6779744206029998,72.77571511297292
PedNYC28,PedNYC28_scenario15,15,57.0,-2.1115008517020715,53.91576114169892,1.6779746876753665,72.7757152963587
PedNYC28,PedNYC28_scenario15,15,58.0,-2.2158010212503765,54.082608896834905,1.677974142832028,72.77559384695272
PedNYC28,PedNYC28_scenario15,15,59.0,-2.3145831817354843,54.25856215353178,1.6779738492160232,72.77554426811842
PedNYC28,PedNYC28_scenario15,15,60.0,-2.3993964195251465,54.44521560668945,1.6779735088348389,72.7754913330078
PedNYC28,PedNYC28_scenario15,15,61.0,-2.4729228026444074,54.63839508088439,1.6779732704162598,72.77544403076172
PedNYC28,PedNYC28_scenario15,15,62.0,-2.5676530716329458,54.84800640471333,1.6779730942652031,72.77542911282099
PedNYC28,PedNYC28_scenario15,15,63.0,-2.679708834406772,55.053572070243824,1.6779729714041824,72.77538674701611
PedNYC28,PedNYC28_scenario15,15,64.0,-2.7797148151275266,55.26028507722067,1.6779716676860246,72.77527618408203
PedNYC28,PedNYC28_scenario15,15,65.0,-2.8579506635665894,55.47020225524902,1.677971714735031,72.77527618408203
PedNYC28,PedNYC28_scenario15,15,66.0,-2.902436723478843,55.68114060303506,1.6779716452376259,72.77523880798744
PedNYC28,PedNYC28_scenario15,15,67.0,-2.9262082706110406,55.89835660389309,1.677971980293055,72.77528025044624
PedNYC28,PedNYC28_scenario15,15,68.0,-2.943119603047117,56.108542328248504,1.6779723847325987,72.77533394124569
PedNYC28,PedNYC28_scenario15,15,69.0,-2.9618896258876757,56.28666843509336,1.6779724663882645,72.77534777058784
PedNYC28,PedNYC28_scenario15,15,70.0,-2.994731447884185,56.52513091742487,1.677972543169511,72.7753585725724
PedNYC28,PedNYC28_scenario15,15,71.0,-3.02172749191771,56.72657248253314,1.677973310173363,72.77542368703274
PedNYC28,PedNYC28_scenario15,15,72.0,-3.0366708286578166,56.99972311163356,1.6779719239239768,72.77525922105129
PedNYC28,PedNYC28_scenario15,15,73.0,-3.0304352867851465,57.21772815801036,1.6779485371724954,72.77264048761648
PedNYC28,PedNYC28_scenario15,15,74.0,-3.011263950585839,57.43037084739008,1.6778830185146227,72.76529580606312
PedNYC28,PedNYC28_scenario15,15,75.0,-2.993205163119477,57.66118173619464,1.6777708925157442,72.75272192436636
PedNYC28,PedNYC28_scenario15,15,76.0,-2.992776671423587,57.90191767877599,1.677597502255858,72.73281530649437
PedNYC28,PedNYC28_scenario15,15,77.0,-2.9992684337267463,58.10097982059211,1.677342431941594,72.70246143217892
PedNYC28,PedNYC28_scenario15,15,78.0,-3.002514487322974,58.327533768703134,1.6769805177993378,72.65923799900064
PedNYC28,PedNYC28_scenario15,15,79.0,-2.9890341341297915,58.554340224175135,1.6764884221781096,72.60015730535206
PedNYC28,PedNYC28_scenario15,15,80.0,-2.9621514063205,58.78354623716614,1.6758470335646418,72.52263645975059
PedNYC28,PedNYC28_scenario15,15,81.0,-2.9309989539766215,59.01066142583038,1.6750491778653187,72.42526799124389
PedNYC28,PedNYC28_scenario15,15,82.0,-2.913885887495412,59.22722036877229,1.674098822213663,72.30806115523534
PedNYC28,PedNYC28_scenario15,15,83.0,-2.9099555435703324,59.4206998524415,1.6730197065527828,72.17101663134616
PedNYC28,PedNYC28_scenario15,15,84.0,-2.9091031670120353,59.59791431764356,1.6718548891258111,72.01492058403363
PedNYC28,PedNYC28_scenario15,15,85.0,-2.8867326021194457,59.84155750274658,1.6705899238586426,71.84040756225586
PedNYC28,PedNYC28_scenario15,15,86.0,-2.8495464576779646,60.03843037900874,1.669257023575771,71.6478077376284
PedNYC28,PedNYC28_scenario15,15,87.0,-2.8059096872311993,60.20109983730215,1.6679002426840672,71.43734098695596
PedNYC28,PedNYC28_scenario15,15,88.0,-2.7508460606422065,60.366694211555426,1.6664990493726435,71.2081241909136
PedNYC28,PedNYC28_scenario15,15,89.0,-2.68625829126799,60.5587423529227,1.6650680175411914,70.96023789573495
PedNYC28,PedNYC28_scenario15,15,90.0,-2.6359583377838134,60.71897392272949,1.6636304616928101,70.69440841674805
PedNYC28,PedNYC28_scenario15,15,91.0,-2.5894915631310056,60.872634017226694,1.6622060786189947,70.41050384032515
PedNYC28,PedNYC28_scenario15,15,92.0,-2.536737096595893,61.01136256185153,1.6608220226919788,70.10945776459586
PedNYC28,PedNYC28_scenario15,15,93.0,-2.473506180589348,61.12838861940453,1.6595162120456868,69.7910984485335
PedNYC28,PedNYC28_scenario15,15,94.0,-2.4066632070291933,61.237718983849675,1.6583863737860254,69.4559566485449
PedNYC28,PedNYC28_scenario15,15,95.0,-2.3338180780410767,61.34025821685791,1.6574140191078186,69.10513610839844
PedNYC28,PedNYC28_scenario15,15,96.0,-2.2631579057112887,61.42987029169647,1.6566196106055167,68.7389798901704
PedNYC28,PedNYC28_scenario15,15,97.0,-2.2053220134148304,61.50993383390963,1.6560364845726034,68.35941854101381
PedNYC28,PedNYC28_scenario15,15,98.0,-2.1620772315579004,61.580478269316735,1.655688630880396,67.96630900816082
PedNYC28,PedNYC28_scenario15,15,99.0,-2.123135214636835,61.63586556067215,1.655602077959346,67.56008645776521
PedNYC28,PedNYC28_scenario15,15,100.0,-2.09649658203125,61.66753387451172,1.655803084373474,67.14115905761719
PedNYC29,PedNYC29_scenario15,15,0.0,-0.8211102485656738,44.78646087646485,-2.507058620452881,114.55012512207033
PedNYC29,PedNYC29_scenario15,15,1.0,-0.6848307390192507,44.95582095457625,-1.9957036880608772,114.3900292104271
PedNYC29,PedNYC29_scenario15,15,2.0,-0.5478454910357683,45.14684330713662,-1.4068417979429404,114.15493704061095
PedNYC29,PedNYC29_scenario15,15,3.0,-0.5248954490037032,45.23761775048126,-0.7175073583983758,113.79334292837152
PedNYC29,PedNYC29_scenario15,15,4.0,-0.6066601719730166,45.298704034776605,0.013784133514284789,113.26733034109606
PedNYC29,PedNYC29_scenario15,15,5.0,-0.7786369425072399,45.3474105892833,0.7229483027296647,112.56272359315672
PedNYC29,PedNYC29_scenario15,15,6.0,-0.8826347004359877,45.49214450970502,1.3277117725297318,111.72358466188672
PedNYC29,PedNYC29_scenario15,15,7.0,-0.7885319200489637,45.763106238555324,1.8004160926583181,110.75890245088571
PedNYC29,PedNYC29_scenario15,15,8.0,-0.7519910150836617,45.978114035557866,2.132171412210555,109.67815261222398
PedNYC29,PedNYC29_scenario15,15,9.0,-0.8314559239289135,46.24098401000039,2.3689156115264143,108.50629926735313
PedNYC29,PedNYC29_scenario15,15,10.0,-0.866172933697849,46.48528058973208,2.5758178701571626,107.26611596168063
PedNYC29,PedNYC29_scenario15,15,11.0,-0.751358007180068,46.748018305028005,2.7707614021401965,105.9702069672845
PedNYC29,PedNYC29_scenario15,15,12.0,-0.6886621424422468,46.96331029296752,2.8986246974252987,104.6482284710561
PedNYC29,PedNYC29_scenario15,15,13.0,-0.7651777647236502,47.270446941724416,2.9595985495156123,103.40493448765122
PedNYC29,PedNYC29_scenario15,15,14.0,-0.7946507203505848,47.57762347013132,3.002698653262272,102.19961750701205
PedNYC29,PedNYC29_scenario15,15,15.0,-0.770903883409692,47.90456627790665,3.0358241075189953,100.99067160786483
PedNYC29,PedNYC29_scenario15,15,16.0,-0.8439051675316793,48.125330295809455,3.0672421884824574,99.72660374215157
PedNYC29,PedNYC29_scenario15,15,17.0,-1.0285712142948724,48.481686941038845,3.0836132009838395,98.36588109017242
PedNYC29,PedNYC29_scenario15,15,18.0,-1.0023326474726855,48.8830822520993,3.0773075460750294,96.90817972401977
PedNYC29,PedNYC29_scenario15,15,19.0,-1.034553313468149,49.171091824422824,3.055791543748557,95.34172005702274
PedNYC29,PedNYC29_scenario15,15,20.0,-1.3194655562550488,49.33597639417744,3.0342094700581113,93.66954624705632
PedNYC29,PedNYC29_scenario15,15,21.0,-1.605537545536743,49.46488932862848,3.0227459636475373,91.93699112823344
PedNYC29,PedNYC29_scenario15,15,22.0,-1.9001584546783263,49.67180640036705,3.009125701006749,90.25315796032208
PedNYC29,PedNYC29_scenario15,15,23.0,-2.287985858621414,49.77139635545307,2.97880381898541,88.6809535475308
PedNYC29,PedNYC29_scenario15,15,24.0,-2.6420551192062605,49.87372887054646,2.9405014260536846,87.25906106894575
PedNYC29,PedNYC29_scenario15,15,25.0,-2.9603898196418807,50.05834402528156,2.913041480615859,85.97712828723066
PedNYC29,PedNYC29_scenario15,15,26.0,-3.171906461004692,50.26813244507963,2.90089958061943,84.82118603651809
PedNYC29,PedNYC29_scenario15,15,27.0,-3.4087826298166144,50.500631174036116,2.8914616024153377,83.76332964032466
PedNYC29,PedNYC29_scenario15,15,28.0,-3.44311722167181,50.839313250031104,2.8678277173147912,82.6402202264889
PedNYC29,PedNYC29_scenario15,15,29.0,-3.4609785455454145,51.16425887474189,2.8248256743207416,81.32749865920896
PedNYC29,PedNYC29_scenario15,15,30.0,-3.5177760658446067,51.53561341113373,2.774492884970396,79.80411578181017
PedNYC29,PedNYC29_scenario15,15,31.0,-3.3169158088230737,51.85127180811364,2.7363457869070396,78.18144451755177
PedNYC29,PedNYC29_scenario15,15,32.0,-3.1081401456567948,52.10493015393962,2.7096472397147506,76.68486289440271
PedNYC29,PedNYC29_scenario15,15,33.0,-3.1153038250157667,52.36987065490787,2.67709974639718,75.33515823028664
PedNYC29,PedNYC29_scenario15,15,34.0,-3.1067585027442957,52.466437221804405,2.6392097045138905,74.11849722456314
PedNYC29,PedNYC29_scenario15,15,35.0,-3.0527436523027687,52.48856587547035,2.6009358721959517,73.02183146184804
PedNYC29,PedNYC29_scenario15,15,36.0,-3.0007632658062677,52.51148146865266,2.563445252878699,72.03331444145492
PedNYC29,PedNYC29_scenario15,15,37.0,-2.968407725604993,52.53940759011911,2.527563149052489,71.14192551359142
PedNYC29,PedNYC29_scenario15,15,38.0,-2.9223535984789213,52.55769803866416,2.4938990906125356,70.35026396696281
PedNYC29,PedNYC29_scenario15,15,39.0,-2.83975872436766,52.59193726102433,2.470606534981873,69.82531967878445
PedNYC29,PedNYC29_scenario15,15,40.0,-2.8273999249191593,52.802254000995724,2.462345474634612,69.64330090958347
PedNYC29,PedNYC29_scenario15,15,41.0,-2.8058417721987454,53.12853973705558,2.462328380657599,69.64295618142229
PedNYC29,PedNYC29_scenario15,15,42.0,-2.609102805459852,53.47480587181534,2.4623265266418457,69.64290618896484
PedNYC29,PedNYC29_scenario15,15,43.0,-2.5698489976848378,53.8366490901114,2.4623265266418457,69.64291381835938
PedNYC29,PedNYC29_scenario15,15,44.0,-2.5755149995744993,54.230666917324115,2.4623265266418457,69.64291381835938
PedNYC29,PedNYC29_scenario15,15,45.0,-2.5020954772069035,54.62960882400706,2.4623265266418457,69.64291381835938
PedNYC29,PedNYC29_scenario15,15,46.0,-2.546709308035017,54.98841911795633,2.4623265266418457,69.64291381835938
PedNYC29,PedNYC29_scenario15,15,47.0,-2.6444988522032937,55.35272108549234,2.4623211163012977,69.64280348402404
PedNYC29,PedNYC29_scenario15,15,48.0,-2.6028437576003505,55.738745545892414,2.4623225225975816,69.64282872761041
PedNYC29,PedNYC29_scenario15,15,49.0,-2.6026261215098256,56.059786427123136,2.461919393627034,69.62670771892219
PedNYC29,PedNYC29_scenario15,15,50.0,-2.6982181606603852,56.42824985625313,2.45924866155805,69.51604417600062
PedNYC29,PedNYC29_scenario15,15,51.0,-2.6898188618947416,56.785056076568814,2.4536892301443265,69.27225751805011
PedNYC29,PedNYC29_scenario15,15,52.0,-2.6720127263518143,57.149186408823056,2.4455498379595295,68.94088622403494
PedNYC29,PedNYC29_scenario15,15,53.0,-2.752005924434274,57.469742005701335,2.4350408053332075,68.60462504243152
PedNYC29,PedNYC29_scenario15,15,54.0,-2.7365140814639317,57.86589191253654,2.42491732226531,68.29981103439309
PedNYC29,PedNYC29_scenario15,15,55.0,-2.609942700525199,58.28459276869298,2.4155725358417577,68.02484438883295
PedNYC29,PedNYC29_scenario15,15,56.0,-2.670909498467738,58.6403932226345,2.4070695946085694,67.77678868652589
PedNYC29,PedNYC29_scenario15,15,57.0,-2.79330290565377,59.005717848722675,2.3992897695284117,67.55311334338603
PedNYC29,PedNYC29_scenario15,15,58.0,-2.8449951008619836,59.38529573566649,2.3922471452896947,67.35143252759164
PedNYC29,PedNYC29_scenario15,15,59.0,-2.926781845415439,59.69561140027347,2.386554762308849,67.16595339833839
PedNYC29,PedNYC29_scenario15,15,60.0,-3.0415974844320988,60.05583972949183,2.3797856908209125,66.92420173506862
PedNYC29,PedNYC29_scenario15,15,61.0,-2.872984370970285,60.40801974052234,2.369927948458711,66.55655989417288
PedNYC29,PedNYC29_scenario15,15,62.0,-2.6511509723470765,60.670356939090794,2.3562334197935404,66.01021338951064
PedNYC29,PedNYC29_scenario15,15,63.0,-2.5498277032853274,60.945303126976135,2.3387357298940215,65.29591145767279
PedNYC29,PedNYC29_scenario15,15,64.0,-2.4905678649888454,61.083068456588556,2.3013346413349844,64.56848336437898
PedNYC29,PedNYC29_scenario15,15,65.0,-2.3313469351340244,61.10869339291159,2.235130619289455,63.912087526862344
PedNYC29,PedNYC29_scenario15,15,66.0,-2.1593221545370516,61.11795815930735,2.1261947734610476,63.33029279482525
PedNYC29,PedNYC29_scenario15,15,67.0,-2.056617008518335,61.207885667116926,1.9809097826322326,62.821530190015096
PedNYC29,PedNYC29_scenario15,15,68.0,-2.007438864040997,61.32407377762125,1.8019600448835218,62.372806904407234
PedNYC29,PedNYC29_scenario15,15,69.0,-2.071775331227644,61.316164311458316,1.5498559070188598,61.88745550524647
PedNYC29,PedNYC29_scenario15,15,70.0,-2.1231835817661957,61.218631198947655,1.1917250814088138,61.32911773536724
PedNYC29,PedNYC29_scenario15,15,71.0,-2.2006884287499466,61.09008431401189,0.7225493542094901,60.68053245243995
PedNYC29,PedNYC29_scenario15,15,72.0,-2.224032948645548,60.914129004438706,0.1445746277625241,60.005610318009836
PedNYC29,PedNYC29_scenario15,15,73.0,-2.132720729567628,60.707590449097225,-0.5554553269610909,59.40120313463569
PedNYC29,PedNYC29_scenario15,15,74.0,-2.101641940790951,60.50899520001215,-1.404141867653535,58.9046035658597
PedNYC29,PedNYC29_scenario15,15,75.0,-2.2385557677492938,60.27470214533443,-2.395218691452828,58.546624908916016
PedNYC29,PedNYC29_scenario15,15,76.0,-2.3305848747371196,60.11777669061287,-3.564320282525942,58.322031306266986
PedNYC29,PedNYC29_scenario15,15,77.0,-2.476584687889823,59.934504118113956,-4.850790922400932,58.226662539721715
PedNYC29,PedNYC29_scenario15,15,78.0,-2.659806128643771,59.95967748419431,-6.212620573959608,58.15103117939452
PedNYC29,PedNYC29_scenario15,15,79.0,-2.6763273901594484,59.97813143732714,-7.612086433528023,57.977634673701665
PedNYC29,PedNYC29_scenario15,15,80.0,-2.6575788708487766,59.94838261506995,-9.05109075254852,57.81010320939331
PedNYC29,PedNYC29_scenario15,15,81.0,-2.6330082646602526,59.9176486437113,-10.521085210568804,57.74072415182734
PedNYC29,PedNYC29_scenario15,15,82.0,-2.6168475399242803,59.91108264017393,-12.02402384969069,57.74030416657507
PedNYC29,PedNYC29_scenario15,15,83.0,-2.6061855558456104,59.907820193881996,-13.581141958545063,57.70720703299068
PedNYC29,PedNYC29_scenario15,15,84.0,-2.6000915307924872,59.891653226890654,-15.214334471857294,57.615942565666515
PedNYC29,PedNYC29_scenario15,15,85.0,-2.600286357524555,59.855930408612195,-16.91980678036203,57.55274553418419
PedNYC29,PedNYC29_scenario15,15,86.0,-2.590184999528375,59.8281324618008,-18.669965366811784,57.54537697858805
PedNYC29,PedNYC29_scenario15,15,87.0,-2.5503009621912787,59.82106808215137,-20.46933068857003,57.541693543734496
PedNYC29,PedNYC29_scenario15,15,88.0,-2.5947336162663706,59.892684919228095,-22.318066466310356,57.51963426345631
PedNYC29,PedNYC29_scenario15,15,89.0,-2.696460767086185,59.89395107400261,-24.223518200955105,57.493203785094096
PedNYC29,PedNYC29_scenario15,15,90.0,-2.529759657685699,60.170532155983615,-26.182702931184995,57.485067501726206
PedNYC29,PedNYC29_scenario15,15,91.0,-2.3179182935783875,60.707147439140876,-28.168069588394467,57.494625864686824
PedNYC29,PedNYC29_scenario15,15,92.0,-2.134310570495093,61.07585186990385,-29.970633566917503,57.512382594429575
PedNYC29,PedNYC29_scenario15,15,93.0,-2.1409701753634085,61.42497316913105,-30.793523249635754,57.51858853994481
PedNYC29,PedNYC29_scenario15,15,94.0,-2.1096033338162026,61.802021911338194,-30.802276733877605,57.51865593312355
PedNYC29,PedNYC29_scenario15,15,95.0,-1.9285481734663357,62.16334766591887,-30.802442804408095,57.51865717682834
PedNYC29,PedNYC29_scenario15,15,96.0,-1.95379657840306,62.56999455135055,-30.80244202332765,57.51865768432617
PedNYC29,PedNYC29_scenario15,15,97.0,-1.8838742917873776,62.9718052599619,-30.80244314461224,57.518658872232294
PedNYC29,PedNYC29_scenario15,15,98.0,-1.7102957738264781,63.32942324968502,-30.80244255065918,57.51865768432617
PedNYC29,PedNYC29_scenario15,15,99.0,-1.6462935084404364,63.77842257265593,-30.80244255065918,57.51865768432617
PedNYC29,PedNYC29_scenario15,15,100.0,-1.594080686569214,64.17700958251953,-30.802440643310547,57.51865768432617
PedNYC2,PedNYC2_scenario15,15,0.0,-1.1021740436553955,45.04561996459961,-6.999911785125732,114.8000030517578
PedNYC2,PedNYC2_scenario15,15,1.0,-1.0452910435856122,44.924842995663745,-6.999911343469331,114.8000030517578
PedNYC2,PedNYC2_scenario15,15,2.0,-1.1020704112831199,44.81759286053372,-6.999911785125732,114.8000030517578
PedNYC2,PedNYC2_scenario15,15,3.0,-1.1162370918405085,44.79148845002297,-6.999908179709934,114.8000030517578
PedNYC2,PedNYC2_scenario15,15,4.0,-1.0832500919921537,44.810541490213254,-6.99988900308398,114.8000030517578
PedNYC2,PedNYC2_scenario15,15,5.0,-1.0653191982815284,44.832455745096354,-6.99999888764305,114.8000030517578
PedNYC2,PedNYC2_scenario15,15,6.0,-1.068090670972707,44.83545724384141,-6.999566691930032,114.8000030517578
PedNYC2,PedNYC2_scenario15,15,7.0,-1.0558210688993979,44.84670639243987,-6.998498868285156,114.8000030517578
PedNYC2,PedNYC2_scenario15,15,8.0,-1.0402410284235653,44.88653271663772,-6.983611685422508,114.80020320332547
PedNYC2,PedNYC2_scenario15,15,9.0,-1.0363066148072182,44.93516521493473,-6.929213905591143,114.80104921901781
PedNYC2,PedNYC2_scenario15,15,10.0,-1.042455795934739,44.9846895736314,-6.809145110181303,114.80301072930288
PedNYC2,PedNYC2_scenario15,15,11.0,-1.0736406149231552,45.02873248710966,-6.598070066914739,114.80674852954868
PedNYC2,PedNYC2_scenario15,15,12.0,-1.0989412140823542,45.04402943199188,-6.297113154323561,114.81263880777095
PedNYC2,PedNYC2_scenario15,15,13.0,-1.102729449892489,45.03853159660321,-5.921485838733401,114.82114907870964
PedNYC2,PedNYC2_scenario15,15,14.0,-1.1112377210066735,45.04121792939459,-5.48145453167652,114.83228070971852
PedNYC2,PedNYC2_scenario15,15,15.0,-1.1313010591858257,45.05239737524227,-4.980206245934608,114.84686777886606
PedNYC2,PedNYC2_scenario15,15,16.0,-1.150136226257723,45.06707924679356,-4.423420621236638,114.86561350867282
PedNYC2,PedNYC2_scenario15,15,17.0,-1.15857537540581,45.078979738748814,-3.815032460602108,114.88912009848723
PedNYC2,PedNYC2_scenario15,15,18.0,-1.1667435777889792,45.085502197029854,-3.1601622260380022,114.91271497132534
PedNYC2,PedNYC2_scenario15,15,19.0,-1.1685734127669847,45.08882519379455,-2.4771461927512197,114.91699241478265
PedNYC2,PedNYC2_scenario15,15,20.0,-1.1621461022654829,45.08536039402333,-1.7752444665937404,114.8767185879322
PedNYC2,PedNYC2_scenario15,15,21.0,-1.1739535324226948,45.08204631045969,-1.0595711955658906,114.7725000128489
PedNYC2,PedNYC2_scenario15,15,22.0,-1.1842152794818213,45.07965640477536,-0.3306493626618835,114.60578552698625
PedNYC2,PedNYC2_scenario15,15,23.0,-1.1611989681312136,45.080359435007345,0.39905704375811674,114.34996257391353
PedNYC2,PedNYC2_scenario15,15,24.0,-1.070550523849786,45.063791660395964,1.1079861622343552,113.99047851476342
PedNYC2,PedNYC2_scenario15,15,25.0,-0.9732860007727863,45.01296684276323,1.7650098735544626,113.5155282840008
PedNYC2,PedNYC2_scenario15,15,26.0,-0.9154536313910889,44.96627109505153,2.3286816563428085,112.92394324044577
PedNYC2,PedNYC2_scenario15,15,27.0,-0.8791940104544129,44.95076573059293,2.750520611666441,112.2314662903342
PedNYC2,PedNYC2_scenario15,15,28.0,-0.8815587067695024,44.98021114647309,3.0188248124624293,111.47466314337984
PedNYC2,PedNYC2_scenario15,15,29.0,-0.9295785068692617,45.00734938597754,3.131420046377273,110.6851788254604
PedNYC2,PedNYC2_scenario15,15,30.0,-0.9581698736824181,45.01720810551868,3.144426117675891,109.86634380911941
PedNYC2,PedNYC2_scenario15,15,31.0,-0.9567005617605411,45.013811663596314,3.1127753897538777,109.00291673784523
PedNYC2,PedNYC2_scenario15,15,32.0,-0.9439700870457736,45.00058361882558,3.101866043827171,108.09603167976577
PedNYC2,PedNYC2_scenario15,15,33.0,-0.9292450853934126,44.99145052160575,3.1062208053036446,107.15864840802385
PedNYC2,PedNYC2_scenario15,15,34.0,-0.9183200328240217,44.98716367811467,3.0999319048799365,106.19355628389427
PedNYC2,PedNYC2_scenario15,15,35.0,-0.909148834631079,44.98840651123854,3.0769940158789773,105.19385035090761
PedNYC2,PedNYC2_scenario15,15,36.0,-0.9075337297615843,44.999819755171565,3.0329659553620516,104.15051161068813
PedNYC2,PedNYC2_scenario15,15,37.0,-0.9142003035696576,45.01989729373635,2.9708845020807018,103.05961481403241
PedNYC2,PedNYC2_scenario15,15,38.0,-0.9209277775104368,45.04380696726966,2.901569008451423,101.91898018401166
PedNYC2,PedNYC2_scenario15,15,39.0,-0.9519297262671382,45.08024953111691,2.8361336985128247,100.73048242497568
PedNYC2,PedNYC2_scenario15,15,40.0,-1.04859926224909,45.132705568413336,2.77856711018407,99.48454945772076
PedNYC2,PedNYC2_scenario15,15,41.0,-1.1533633896297473,45.224213286183996,2.7240659431171554,98.16762822251546
PedNYC2,PedNYC2_scenario15,15,42.0,-1.1752993132036007,45.38715687480322,2.67307059564317,96.76849261948176
PedNYC2,PedNYC2_scenario15,15,43.0,-1.0942590543952142,45.63387060262429,2.6268719540015826,95.29191831833901
PedNYC2,PedNYC2_scenario15,15,44.0,-1.0396499260374577,45.89812267665136,2.588569955477554,93.74530165771105
PedNYC2,PedNYC2_scenario15,15,45.0,-1.0701108879870043,46.19698968634877,2.5584258209337887,92.13831117726208
PedNYC2,PedNYC2_scenario15,15,46.0,-1.065327332376882,46.527717864011564,2.5350172624126386,90.48461105583075
PedNYC2,PedNYC2_scenario15,15,47.0,-0.9490506180476344,46.869676833449645,2.516239743302924,88.77838452737885
PedNYC2,PedNYC2_scenario15,15,48.0,-0.8550659413432377,47.181080036553034,2.502111400662244,87.00814790922766
PedNYC2,PedNYC2_scenario15,15,49.0,-0.7731998676755091,47.53061737732323,2.4927041246901718,85.17621548542344
PedNYC2,PedNYC2_scenario15,15,50.0,-0.6736131312410443,47.88818787458167,2.4885767138256067,83.2870639895318
PedNYC2,PedNYC2_scenario15,15,51.0,-0.5854330432458191,48.275518512337015,2.490051391278828,81.34881267543544
PedNYC2,PedNYC2_scenario15,15,52.0,-0.5644219745410541,48.66778739967949,2.4941841927425146,79.38576350796221
PedNYC2,PedNYC2_scenario15,15,53.0,-0.5367799510902648,48.987683050718694,2.497249701962561,77.45984750494168
PedNYC2,PedNYC2_scenario15,15,54.0,-0.4746421599028457,49.37473816607762,2.495763543296112,75.6361819457398
PedNYC2,PedNYC2_scenario15,15,55.0,-0.4271546192055954,49.744550214056524,2.489404184216176,73.93021264815623
PedNYC2,PedNYC2_scenario15,15,56.0,-0.44218749404636587,50.124834071601036,2.479085121610056,72.33943976821165
PedNYC2,PedNYC2_scenario15,15,57.0,-0.5080637517138167,50.52105585955562,2.4671892548210805,70.85685001447604
PedNYC2,PedNYC2_scenario15,15,58.0,-0.5185549204640617,50.91231491536617,2.456711804420432,69.47526979303929
PedNYC2,PedNYC2_scenario15,15,59.0,-0.5875298245551114,51.316492130444075,2.449585991099561,68.18655408652533
PedNYC2,PedNYC2_scenario15,15,60.0,-0.7667082786560073,51.72716064453125,2.4448233127593992,66.98517913818358
PedNYC2,PedNYC2_scenario15,15,61.0,-0.9198865325593838,52.09923325673933,2.4426590887580546,65.86559885529906
PedNYC2,PedNYC2_scenario15,15,62.0,-1.0986242698981061,52.48249715991838,2.4429331530435836,64.82060371408623
PedNYC2,PedNYC2_scenario15,15,63.0,-1.3466357152561785,52.796004982918404,2.4455247169440515,63.81764266782836
PedNYC2,PedNYC2_scenario15,15,64.0,-1.5816032347931193,53.101776707490934,2.450459051987849,62.779686087721245
PedNYC2,PedNYC2_scenario15,15,65.0,-1.7590648808246991,53.425469305666745,2.4583049180881837,61.6579251802252
PedNYC2,PedNYC2_scenario15,15,66.0,-1.9498450317067106,53.72750069267188,2.4698578612053605,60.431082552669416
PedNYC2,PedNYC2_scenario15,15,67.0,-2.159385436633646,54.02901241406176,2.4859428297843387,59.09489760909977
PedNYC2,PedNYC2_scenario15,15,68.0,-2.263870293628806,54.343664691712405,2.5068472736800578,57.67654994749733
PedNYC2,PedNYC2_scenario15,15,69.0,-2.2863218008158523,54.668933842100564,2.53202678183016,56.239804374598236
PedNYC2,PedNYC2_scenario15,15,70.0,-2.3162933283235088,55.01071208977263,2.561109610767803,54.81205227248116
PedNYC2,PedNYC2_scenario15,15,71.0,-2.3596195520564023,55.37102359464291,2.5929614891420467,53.43815474005243
PedNYC2,PedNYC2_scenario15,15,72.0,-2.3586413419465164,55.71201249026841,2.627958528277493,52.135887974623635
PedNYC2,PedNYC2_scenario15,15,73.0,-2.3327052841059177,56.06812690391363,2.666804816212166,50.900782754675724
PedNYC2,PedNYC2_scenario15,15,74.0,-2.3514081796439608,56.42711668121368,2.700573091811341,49.71633253589077
PedNYC2,PedNYC2_scenario15,15,75.0,-2.3583283667422292,56.78009005447142,2.7134258068832517,48.54522539820039
PedNYC2,PedNYC2_scenario15,15,76.0,-2.345398545238372,57.00149616349887,2.703676906436082,47.333316845123896
PedNYC2,PedNYC2_scenario15,15,77.0,-2.3133078904073794,57.50902480242979,2.678158785597861,46.033036471040916
PedNYC2,PedNYC2_scenario15,15,78.0,-2.371568912665963,57.955451891278585,2.6466111676982162,44.63018549307376
PedNYC2,PedNYC2_scenario15,15,79.0,-2.376198051243688,58.32054840185154,2.620055565268567,43.12336661071517
PedNYC2,PedNYC2_scenario15,15,80.0,-2.35001254556116,58.68138248398048,2.597230623627763,41.512190311057616
PedNYC2,PedNYC2_scenario15,15,81.0,-2.357407455967968,59.03403343289506,2.574777970625717,39.80209527172053
PedNYC2,PedNYC2_scenario15,15,82.0,-2.369348444553887,59.39551613233864,2.553127977836007,38.0007613028159
PedNYC2,PedNYC2_scenario15,15,83.0,-2.3320677002370607,59.73572359383141,2.5324707808544926,36.11368372683264
PedNYC2,PedNYC2_scenario15,15,84.0,-2.2915870037891723,60.034350263247,2.5130251901831477,34.14699857357999
PedNYC2,PedNYC2_scenario15,15,85.0,-2.2911430439328284,60.35545692975183,2.4947794730778368,32.109230982563105
PedNYC2,PedNYC2_scenario15,15,86.0,-2.3153432786869264,60.682735976826876,2.4737842916312305,30.003808921626426
PedNYC2,PedNYC2_scenario15,15,87.0,-2.2867532039321343,60.96268469032164,2.4445477005416905,27.833080206499446
PedNYC2,PedNYC2_scenario15,15,88.0,-2.242924369011154,61.266693513903256,2.4071314426150803,25.60368874662343
PedNYC2,PedNYC2_scenario15,15,89.0,-2.2649141345845782,61.50812793079743,2.3606560630641744,23.32952092207934
PedNYC2,PedNYC2_scenario15,15,90.0,-2.282868602967786,61.725464956059355,2.313220605462096,21.05578024172408
PedNYC2,PedNYC2_scenario15,15,91.0,-2.2572493813533487,61.90213735518783,2.29456475263766,18.843683593118705
PedNYC2,PedNYC2_scenario15,15,92.0,-2.247354696600476,61.96134977573621,2.333818982937015,16.7501019729553
PedNYC2,PedNYC2_scenario15,15,93.0,-2.2418313253657454,61.95444142272167,2.419635668178765,14.802048138944246
PedNYC2,PedNYC2_scenario15,15,94.0,-2.223392104722824,61.88480316190392,2.5006963653686225,13.139525731156713
PedNYC2,PedNYC2_scenario15,15,95.0,-2.2193607796230133,61.840096617478466,2.547653675950988,11.848907171978112
PedNYC2,PedNYC2_scenario15,15,96.0,-2.2137240311550985,61.867583264424766,2.564371352174506,10.90177439715437
PedNYC2,PedNYC2_scenario15,15,97.0,-2.209769690311329,61.90173999123896,2.564585231240818,10.26154840392705
PedNYC2,PedNYC2_scenario15,15,98.0,-2.161045271723124,61.918587062658396,2.559822570300965,9.796091341244518
PedNYC2,PedNYC2_scenario15,15,99.0,-2.076334202454383,61.921880199391325,2.5533372590582775,9.364652529848676
PedNYC2,PedNYC2_scenario15,15,100.0,-2.010190486907959,61.915157318115234,2.546442031860352,8.960886001586914
PedNYC30,PedNYC30_scenario15,15,0.0,-1.0026981830596924,44.6578254699707,-6.979966163635254,114.80030822753906
PedNYC30,PedNYC30_scenario15,15,1.0,-0.804672884950752,44.596139305296184,-6.69216657768355,114.80540528313992
PedNYC30,PedNYC30_scenario15,15,2.0,-0.7195545030605269,44.60525748327133,-5.9907402834197425,114.82161713303836
PedNYC30,PedNYC30_scenario15,15,3.0,-0.6902520769222882,44.78376775718002,-4.872752282250781,114.85985115565525
PedNYC30,PedNYC30_scenario15,15,4.0,-0.7416722208087307,44.74680974384485,-3.446824498994604,114.87762808773886
PedNYC30,PedNYC30_scenario15,15,5.0,-0.8149427543575937,44.691328021279645,-2.0982623531271285,114.70044321138857
PedNYC30,PedNYC30_scenario15,15,6.0,-0.7409876933458311,44.72394319662043,-0.9769631055005156,114.28187270227812
PedNYC30,PedNYC30_scenario15,15,7.0,-0.7204918932626905,44.78302943782399,-0.1285022006101058,113.68863551378593
PedNYC30,PedNYC30_scenario15,15,8.0,-0.7521825926966555,44.835144745579186,0.48779106161132796,113.03521962513695
PedNYC30,PedNYC30_scenario15,15,9.0,-0.8454783597319698,44.893214938795005,0.9223529093634444,112.37948707835345
PedNYC30,PedNYC30_scenario15,15,10.0,-0.8583021304497057,44.91162798553405,1.2098077911966043,111.76127349072813
PedNYC30,PedNYC30_scenario15,15,11.0,-0.8273400340840268,44.89560106082656,1.3877850435636643,111.20225644725944
PedNYC30,PedNYC30_scenario15,15,12.0,-0.8243227248499309,44.86222412471218,1.5193030510513421,110.7034688636317
PedNYC30,PedNYC30_scenario15,15,13.0,-0.8336005144312519,44.86309077827298,1.6115469670542426,110.23636498949314
PedNYC30,PedNYC30_scenario15,15,14.0,-0.833022607648191,44.8880469009357,1.670325542950957,109.57524568279047
PedNYC30,PedNYC30_scenario15,15,15.0,-0.7473256777127125,44.87828901197143,1.6701897711623979,108.60745021017435
PedNYC30,PedNYC30_scenario15,15,16.0,-0.7499698598357217,44.78058585842827,1.6289265538133446,107.40304165090055
PedNYC30,PedNYC30_scenario15,15,17.0,-0.7555700832189464,44.81143499225124,1.6520829098947982,106.16395481448589
PedNYC30,PedNYC30_scenario15,15,18.0,-0.6862442370332381,44.88647150454378,1.7603435341835756,104.9845113481479
PedNYC30,PedNYC30_scenario15,15,19.0,-0.6608604668483569,44.92510432195924,1.9380401683605248,103.86796210258026
PedNYC30,PedNYC30_scenario15,15,20.0,-0.6502394648008081,44.909723696827925,2.125881607003443,102.77957289943274
PedNYC30,PedNYC30_scenario15,15,21.0,-0.6110697971832412,44.958164327072936,2.2567207752688625,101.68918982858004
PedNYC30,PedNYC30_scenario15,15,22.0,-0.7461506443907867,45.23765162173104,2.319584987703984,100.59655511313434
PedNYC30,PedNYC30_scenario15,15,23.0,-0.8055408078399531,45.61633529815133,2.333943765701274,99.49441753115154
PedNYC30,PedNYC30_scenario15,15,24.0,-0.8739775659275703,46.07327978069279,2.320774800890968,98.38353945933231
PedNYC30,PedNYC30_scenario15,15,25.0,-1.0936568754436844,46.49375934551488,2.291704819330233,97.26830753782556
PedNYC30,PedNYC30_scenario15,15,26.0,-1.263027802381728,47.06982986132213,2.2508542909528075,96.14933661823176
PedNYC30,PedNYC30_scenario15,15,27.0,-1.600265774181831,47.527271203952466,2.195941051996113,95.03112418726582
PedNYC30,PedNYC30_scenario15,15,28.0,-1.921503028525033,47.99192748997853,2.1325836985052073,93.91694009659356
PedNYC30,PedNYC30_scenario15,15,29.0,-2.266539100851681,48.44289934676338,2.052875079606346,92.7277869979032
PedNYC30,PedNYC30_scenario15,15,30.0,-2.637895919148853,48.89810203332217,1.9856865039213967,91.49822030180292
PedNYC30,PedNYC30_scenario15,15,31.0,-2.915513965643269,49.40343162130188,1.960770712080846,90.33046376502598
PedNYC30,PedNYC30_scenario15,15,32.0,-3.2324709107952567,49.95742360934902,1.9623622937907186,89.22527303455973
PedNYC30,PedNYC30_scenario15,15,33.0,-3.362087257123604,50.59333251982182,1.9775292857036266,88.1706399873487
PedNYC30,PedNYC30_scenario15,15,34.0,-3.5350639963821626,51.23154275214888,2.0033152155356695,87.15173945011097
PedNYC30,PedNYC30_scenario15,15,35.0,-3.5158876420118186,51.859831549480084,2.040443990393207,86.12188125958305
PedNYC30,PedNYC30_scenario15,15,36.0,-3.47068786495888,52.484039177144865,2.0939331850076277,85.00705944606236
PedNYC30,PedNYC30_scenario15,15,37.0,-3.3233332803784585,53.05356238514388,2.1695695645792954,83.75882702133282
PedNYC30,PedNYC30_scenario15,15,38.0,-3.2914032147060217,53.654131966788526,2.2724264481356173,82.35437460859605
PedNYC30,PedNYC30_scenario15,15,39.0,-3.3642854179832984,54.34435012151446,2.4004088681109894,80.85094454904666
PedNYC30,PedNYC30_scenario15,15,40.0,-3.34672676127133,55.06780515765623,2.525351905550915,79.41995906732977
PedNYC30,PedNYC30_scenario15,15,41.0,-3.450944945063376,55.749093268548144,2.625153481136079,78.12252965045876
PedNYC30,PedNYC30_scenario15,15,42.0,-3.3889816680799285,56.408456622441065,2.705785185226458,76.95074115426785
PedNYC30,PedNYC30_scenario15,15,43.0,-3.4300279236634803,57.06094387797865,2.7714460198222715,75.89256586307833
PedNYC30,PedNYC30_scenario15,15,44.0,-3.3546015744507627,57.70264759083092,2.823702564522991,74.95748809465037
PedNYC30,PedNYC30_scenario15,15,45.0,-3.381818158080366,58.41891180777488,2.8566494979334824,74.30805504731181
PedNYC30,PedNYC30_scenario15,15,46.0,-3.3047071502687744,59.117759061899065,2.865886767340698,74.11257390613561
PedNYC30,PedNYC30_scenario15,15,47.0,-3.2602464823895536,59.70722382201447,2.865916891484993,74.11186867610766
PedNYC30,PedNYC30_scenario15,15,48.0,-3.2379107439653896,60.261540724142215,2.870102754429153,74.01900038536886
PedNYC30,PedNYC30_scenario15,15,49.0,-3.0368422254182454,60.758820146244695,2.8865443840688862,73.64434033489164
PedNYC30,PedNYC30_scenario15,15,50.0,-2.829989194869995,61.18588447570801,2.916393995285034,72.90483093261719
PedNYC30,PedNYC30_scenario15,15,51.0,-2.63639864649098,61.34060011637422,2.954112977026836,71.81106315162059
PedNYC30,PedNYC30_scenario15,15,52.0,-2.413439667669649,61.414136983482756,2.991612341054454,70.3866080155555
PedNYC30,PedNYC30_scenario15,15,53.0,-2.3796847009718554,61.51915111408108,3.018939457006103,68.72213202616942
PedNYC30,PedNYC30_scenario15,15,54.0,-2.38258624999314,61.543190924649885,3.025773017165755,67.18737143131978
PedNYC30,PedNYC30_scenario15,15,55.0,-2.366296593032944,61.57541936236779,3.008750270275226,66.24048195945197
PedNYC30,PedNYC30_scenario15,15,56.0,-2.3484337561117257,61.66670535575901,3.005428468747285,66.16143445631442
PedNYC30,PedNYC30_scenario15,15,57.0,-2.3736736455506904,61.73934822354267,3.005397319793701,66.16118892027133
PedNYC30,PedNYC30_scenario15,15,58.0,-2.34909150646349,61.741535680627784,3.0054079301688272,66.16137418750786
PedNYC30,PedNYC30_scenario15,15,59.0,-2.3743575910747645,61.76630543675519,2.9989602630908037,66.07407998918039
PedNYC30,PedNYC30_scenario15,15,60.0,-2.380515030557225,61.77204321234063,2.969044015153887,65.70682733707825
PedNYC30,PedNYC30_scenario15,15,61.0,-2.331655230575153,61.746835543135525,2.895438677914083,65.03899607010815
PedNYC30,PedNYC30_scenario15,15,62.0,-2.323393689457845,61.74175240220518,2.7705908420538905,64.18522404889923
PedNYC30,PedNYC30_scenario15,15,63.0,-2.339771467407876,61.75081504557523,2.611498046866708,63.33533549271771
PedNYC30,PedNYC30_scenario15,15,64.0,-2.3402117462629692,61.73958496815242,2.42919769667912,62.576790513874435
PedNYC30,PedNYC30_scenario15,15,65.0,-2.3076600255110034,61.696603420254995,2.3300977293129095,62.27885378417182
PedNYC30,PedNYC30_scenario15,15,66.0,-2.3019880329334748,61.67593777807049,2.3298487535408885,62.278224729750136
PedNYC30,PedNYC30_scenario15,15,67.0,-2.3014464109844206,61.66556894405804,2.329721310929776,62.27803982326145
PedNYC30,PedNYC30_scenario15,15,68.0,-2.3116601913785972,61.672651455643184,2.312651795809694,62.23196358181462
PedNYC30,PedNYC30_scenario15,15,69.0,-2.32593271726425,61.68719422291496,2.2191156008021586,61.990118133159626
PedNYC30,PedNYC30_scenario15,15,70.0,-2.322180279372375,61.69455794312208,1.9844718675498245,61.4586045038498
PedNYC30,PedNYC30_scenario15,15,71.0,-2.322689393288082,61.69849681869782,1.535671515548331,60.68701204184612
PedNYC30,PedNYC30_scenario15,15,72.0,-2.3222967650495434,61.69853709279684,0.9226305817101332,59.941966558363035
PedNYC30,PedNYC30_scenario15,15,73.0,-2.319373820181424,61.692291750572096,0.2658972594200918,59.39194827711079
PedNYC30,PedNYC30_scenario15,15,74.0,-2.3168258337549,61.680289301879604,-0.27880439039153193,59.06351433473086
PedNYC30,PedNYC30_scenario15,15,75.0,-2.3147714066282545,61.68425985382627,-0.4406925903119106,58.98859035279444
PedNYC30,PedNYC30_scenario15,15,76.0,-2.3145704950440646,61.68811271638971,-0.44116605609201365,58.988511226749445
PedNYC30,PedNYC30_scenario15,15,77.0,-2.31872092781452,61.6792701437295,-0.4411162084434253,58.98854202221611
PedNYC30,PedNYC30_scenario15,15,78.0,-2.306416775904088,61.66129351662781,-0.4887230122874065,58.96964003974934
PedNYC30,PedNYC30_scenario15,15,79.0,-2.2647369516166536,61.69129035513669,-0.8473562632393926,58.84203558110318
PedNYC30,PedNYC30_scenario15,15,80.0,-2.2340779243429165,61.65823077232726,-1.5892150689660403,58.665497075325725
PedNYC30,PedNYC30_scenario15,15,81.0,-2.2456073056550876,61.639296077805106,-2.716182076621727,58.59666710675636
PedNYC30,PedNYC30_scenario15,15,82.0,-2.24295872785196,61.64704041055122,-4.116137619946013,58.71332628600817
PedNYC30,PedNYC30_scenario15,15,83.0,-2.260272185205328,61.65448586029443,-5.464925368547641,58.89286446253459
PedNYC30,PedNYC30_scenario15,15,84.0,-2.2749294760355814,61.66643104932609,-6.674740437215865,58.988142756920524
PedNYC30,PedNYC30_scenario15,15,85.0,-2.2817639199575153,61.6649611894959,-7.745863381104409,58.99273578488096
PedNYC30,PedNYC30_scenario15,15,86.0,-2.26531520987923,61.68246407205761,-8.725721060711855,58.935708777210294
PedNYC30,PedNYC30_scenario15,15,87.0,-2.257848567479881,61.70791365941856,-9.636474425438388,58.85038825202558
PedNYC30,PedNYC30_scenario15,15,88.0,-2.263959841882622,61.713148128065406,-10.584356939893748,58.73632495047776
PedNYC30,PedNYC30_scenario15,15,89.0,-2.2608779952315246,61.71445750779366,-11.662161195940408,58.57702972176729
PedNYC30,PedNYC30_scenario15,15,90.0,-2.241080873250344,61.70417421784474,-12.878408590436296,58.36176746551522
PedNYC30,PedNYC30_scenario15,15,91.0,-2.223172091054016,61.69556877280716,-14.226781031119437,58.11975041928066
PedNYC30,PedNYC30_scenario15,15,92.0,-2.208307629627913,61.69744632420948,-15.712089114420774,57.91185368737167
PedNYC30,PedNYC30_scenario15,15,93.0,-2.1879597303825538,61.728153718795035,-17.325118684949608,57.74386473500821
PedNYC30,PedNYC30_scenario15,15,94.0,-2.1892114857639564,61.7578342939426,-19.05446325600371,57.62545464238548
PedNYC30,PedNYC30_scenario15,15,95.0,-2.194342260541783,61.757329940612074,-20.890012362450026,57.57042894279764
PedNYC30,PedNYC30_scenario15,15,96.0,-2.1965720543322793,61.75185212160315,-22.820052384697895,57.58856536004942
PedNYC30,PedNYC30_scenario15,15,97.0,-2.19522031302903,61.754723597129356,-24.837892865539825,57.629433643026374
PedNYC30,PedNYC30_scenario15,15,98.0,-2.1963532947806366,61.75584316734657,-26.929827728207535,57.550707360695554
PedNYC30,PedNYC30_scenario15,15,99.0,-2.1955061447404525,61.72189739105767,-29.02876120141976,57.29450292106286
PedNYC30,PedNYC30_scenario15,15,100.0,-2.2806191444396973,61.65923690795898,-30.9253158569336,56.91545867919922
PedNYC31,PedNYC31_scenario15,15,0.0,-0.9013530611991882,44.72517013549805,-6.999871730804443,114.8000030517578
PedNYC31,PedNYC31_scenario15,15,1.0,-0.8842375333836918,44.81203523179723,-6.999690499193335,114.8000030517578
PedNYC31,PedNYC31_scenario15,15,2.0,-0.8523057165458374,44.84505184334037,-6.9997457888954,114.8000030517578
PedNYC31,PedNYC31_scenario15,15,3.0,-0.8666186856649063,44.73704151726174,-6.999924587624157,114.80000698763494
PedNYC31,PedNYC31_scenario15,15,4.0,-0.7582097106320682,44.71793533306078,-6.999995364021501,114.8000030517578
PedNYC31,PedNYC31_scenario15,15,5.0,-0.7604375762014915,44.76594338233847,-6.999977111816406,114.8000030517578
PedNYC31,PedNYC31_scenario15,15,6.0,-0.7670198189183146,44.873829903678896,-6.999969720101692,114.8000030517578
PedNYC31,PedNYC31_scenario15,15,7.0,-0.7026478485675183,44.82820357305413,-6.999817042523563,114.8000030517578
PedNYC31,PedNYC31_scenario15,15,8.0,-0.838470815884764,44.759382794923575,-7.000036358564931,114.8000030517578
PedNYC31,PedNYC31_scenario15,15,9.0,-0.8794152979139417,44.90353314989358,-6.9999590840754955,114.80000643815416
PedNYC31,PedNYC31_scenario15,15,10.0,-0.9183853129377381,45.09849542199486,-7.000072144694491,114.8000030517578
PedNYC31,PedNYC31_scenario15,15,11.0,-0.7723623715356077,45.06228858734486,-7.000339652566123,114.8000030517578
PedNYC31,PedNYC31_scenario15,15,12.0,-0.7547008188547956,44.990240944367514,-7.000558847597956,114.80001010672717
PedNYC31,PedNYC31_scenario15,15,13.0,-0.8500989348751679,45.00181005353088,-7.000610705372519,114.8000030517578
PedNYC31,PedNYC31_scenario15,15,14.0,-0.9143595238129184,44.9673438388232,-7.000589998040012,114.8000030517578
PedNYC31,PedNYC31_scenario15,15,15.0,-0.868692752704277,44.93303663822533,-6.5046696467315,114.802474281525
PedNYC31,PedNYC31_scenario15,15,16.0,-0.8543465976490306,45.01295637688669,-4.731670521574137,114.76625249664023
PedNYC31,PedNYC31_scenario15,15,17.0,-0.8086617446095364,44.967386797389345,-4.054892042817153,114.72581059872448
PedNYC31,PedNYC31_scenario15,15,18.0,-0.82893629623609,44.92911393232359,-4.027139863958073,114.72287061273028
PedNYC31,PedNYC31_scenario15,15,19.0,-0.8279847157845283,45.01838527870233,-3.264549349263744,114.61820183364986
PedNYC31,PedNYC31_scenario15,15,20.0,-0.9370619466602939,45.26742986679854,-2.2992355058925815,114.3917849616024
PedNYC31,PedNYC31_scenario15,15,21.0,-0.7641673251526778,45.649936284462456,-1.6076382801534328,114.09969089454329
PedNYC31,PedNYC31_scenario15,15,22.0,-0.8611099933890308,46.0495984600374,-1.0773558537291312,113.78997820317112
PedNYC31,PedNYC31_scenario15,15,23.0,-0.8696583760618514,46.44216825111334,-0.1668996802430911,113.09172031903321
PedNYC31,PedNYC31_scenario15,15,24.0,-0.8290568644826046,46.86467790460546,0.9650312368929407,111.70157995984415
PedNYC31,PedNYC31_scenario15,15,25.0,-0.9340503590503242,47.2455872162624,1.6879367337988607,109.9043606930541
PedNYC31,PedNYC31_scenario15,15,26.0,-0.8003739977167861,47.574589902499866,1.9920256209355096,107.84135845004913
PedNYC31,PedNYC31_scenario15,15,27.0,-0.9018320583119017,47.83843306011563,2.37124760596154,105.8715855418972
PedNYC31,PedNYC31_scenario15,15,28.0,-0.9387867545584678,47.81767945803776,2.4683054643044176,104.183676678463
PedNYC31,PedNYC31_scenario15,15,29.0,-1.0517632178721956,47.61325196348686,2.527185180171006,102.42767138991101
PedNYC31,PedNYC31_scenario15,15,30.0,-0.9813013182228252,47.4574183415165,2.587184142054435,100.51580034478751
PedNYC31,PedNYC31_scenario15,15,31.0,-0.8947709249617775,46.770316707217816,2.5842437489005103,98.45710700721592
PedNYC31,PedNYC31_scenario15,15,32.0,-0.8426452078760567,45.73572377525345,2.5727200163060635,96.21418961692635
PedNYC31,PedNYC31_scenario15,15,33.0,-0.8079319429320485,44.74609339206831,2.5456777175716416,93.77367640149632
PedNYC31,PedNYC31_scenario15,15,34.0,-0.7369148931848686,43.95692561847789,2.511221933537566,91.12981589967634
PedNYC31,PedNYC31_scenario15,15,35.0,-0.5819336770669649,43.27760926970355,2.466771984982693,88.33261366976897
PedNYC31,PedNYC31_scenario15,15,36.0,-0.4486796225769729,43.225157067818905,2.410019383641556,85.44772041167292
PedNYC31,PedNYC31_scenario15,15,37.0,-0.5499773062441362,43.34085881232393,2.3647321450604073,82.67271806227335
PedNYC31,PedNYC31_scenario15,15,38.0,-0.47877069806940015,43.472869674988495,2.3221591656701603,80.23660392775936
PedNYC31,PedNYC31_scenario15,15,39.0,-0.4256880420925536,43.44238995362095,2.289770373148606,78.12409461910404
PedNYC31,PedNYC31_scenario15,15,40.0,-0.47496216311769546,44.0836344358644,2.265761393317206,76.2412823112278
PedNYC31,PedNYC31_scenario15,15,41.0,-0.4953984327359601,45.22793387735668,2.2361869228428737,74.51641666474488
PedNYC31,PedNYC31_scenario15,15,42.0,-0.45676714196245793,46.4455180663273,2.198265102375875,73.0407143065915
PedNYC31,PedNYC31_scenario15,15,43.0,-0.4383976895534326,47.68638904265468,2.1675673460220497,71.88974700142441
PedNYC31,PedNYC31_scenario15,15,44.0,-0.4680608321424931,48.85838976626584,2.14999875038214,70.99430764058226
PedNYC31,PedNYC31_scenario15,15,45.0,-0.5193169478119658,50.03552798897733,2.1342990816279115,70.29765487828793
PedNYC31,PedNYC31_scenario15,15,46.0,-0.7986905609990369,51.1888085076399,2.1178352398888918,69.75568415198403
PedNYC31,PedNYC31_scenario15,15,47.0,-1.2819619608358277,52.23327897242616,2.1035388769782046,69.33398181429537
PedNYC31,PedNYC31_scenario15,15,48.0,-1.746472952933428,53.24338858356269,2.091857855309407,69.00580702730942
PedNYC31,PedNYC31_scenario15,15,49.0,-2.1833816173810567,54.11427678528445,2.080796102405314,68.75032715127742
PedNYC31,PedNYC31_scenario15,15,50.0,-2.504122257232666,54.9295768737793,2.0717902183532715,68.55343627929688
PedNYC31,PedNYC31_scenario15,15,51.0,-2.6258546487402254,55.10990338689838,2.0645377757467482,68.40012274853156
PedNYC31,PedNYC31_scenario15,15,52.0,-2.551003657639394,54.99078465260996,2.05762635809923,68.27950491781684
PedNYC31,PedNYC31_scenario15,15,53.0,-2.531707290245265,54.86596342229884,2.052012690201886,68.18503826445817
PedNYC31,PedNYC31_scenario15,15,54.0,-2.5772434321497895,54.90124193996171,2.0475572909456314,68.1110185988776
PedNYC31,PedNYC31_scenario15,15,55.0,-2.4886996200061384,54.978132913651066,2.0440434485568253,68.05370644745476
PedNYC31,PedNYC31_scenario15,15,56.0,-2.5580416253257368,55.028399812677044,2.0360027270617627,67.92589657418803
PedNYC31,PedNYC31_scenario15,15,57.0,-2.5412720659556514,55.012407100562726,2.01733250722696,67.56459704115208
PedNYC31,PedNYC31_scenario15,15,58.0,-2.549761691598288,54.977337374963604,2.009487840060908,67.21418323159754
PedNYC31,PedNYC31_scenario15,15,59.0,-2.549822450846135,55.01942441777256,2.000198156077101,66.92446580676915
PedNYC31,PedNYC31_scenario15,15,60.0,-2.5633049010081574,55.00382995109146,1.9810761412842608,66.2394621290973
PedNYC31,PedNYC31_scenario15,15,61.0,-2.5483342026872653,55.012399620934445,1.960327990037266,65.45031653232908
PedNYC31,PedNYC31_scenario15,15,62.0,-2.5251073259072387,55.04805466494296,1.9453281163093374,64.83537229756715
PedNYC31,PedNYC31_scenario15,15,63.0,-2.494687732378382,54.97821195762527,1.9278726343638797,64.34016571546023
PedNYC31,PedNYC31_scenario15,15,64.0,-2.4342054624649867,54.95683813373768,1.892041507305186,63.702180650566945
PedNYC31,PedNYC31_scenario15,15,65.0,-2.4009762409273163,54.94917815143468,1.8112286601013936,62.79848335114797
PedNYC31,PedNYC31_scenario15,15,66.0,-2.5027523085069783,55.03390125388328,1.6262730663636176,61.81698639775666
PedNYC31,PedNYC31_scenario15,15,67.0,-2.4978501891608986,55.026659790599005,1.335905731023359,61.09440979748608
PedNYC31,PedNYC31_scenario15,15,68.0,-2.506784559406036,55.034832799896066,0.9427084218818093,60.39197478645843
PedNYC31,PedNYC31_scenario15,15,69.0,-2.5230485832114393,55.04606435307554,0.2647407094720306,59.62115123441396
PedNYC31,PedNYC31_scenario15,15,70.0,-2.5289089419884037,55.036430368813164,-0.714416516799704,58.96766339227064
PedNYC31,PedNYC31_scenario15,15,71.0,-2.5370968509149523,55.06690558382038,-1.8496651055941469,58.57498537894361
PedNYC31,PedNYC31_scenario15,15,72.0,-2.523529298885967,55.07271374055797,-3.032824449138957,58.36881323530127
PedNYC31,PedNYC31_scenario15,15,73.0,-2.3896364033462905,55.2140215917947,-4.212176706069031,58.24201709470182
PedNYC31,PedNYC31_scenario15,15,74.0,-2.0932323412799425,56.19216689829282,-5.457305979607277,58.16817184178016
PedNYC31,PedNYC31_scenario15,15,75.0,-2.013169174214436,57.59974916429758,-6.764674181189934,58.11464765941104
PedNYC31,PedNYC31_scenario15,15,76.0,-2.112315709716323,59.033639121103576,-8.086599993419291,58.10355698294118
PedNYC31,PedNYC31_scenario15,15,77.0,-2.075741669145392,60.0709120450747,-9.413025044263664,58.12715436004292
PedNYC31,PedNYC31_scenario15,15,78.0,-1.9777707074150581,60.83742221965363,-10.73049131661446,58.1546180030761
PedNYC31,PedNYC31_scenario15,15,79.0,-2.1442292478001863,61.01179809582374,-12.057383989207738,58.194807878726174
PedNYC31,PedNYC31_scenario15,15,80.0,-2.382298332568706,61.1496718872778,-13.399525469231431,58.23761868006747
PedNYC31,PedNYC31_scenario15,15,81.0,-2.226092056264774,61.11358633956405,-14.752330067675155,58.286523449466394
PedNYC31,PedNYC31_scenario15,15,82.0,-2.1206402757081726,61.102912872989165,-16.07872709662632,58.32667963777773
PedNYC31,PedNYC31_scenario15,15,83.0,-2.129123396049963,61.068969489403976,-17.45670182804477,58.36814624672707
PedNYC31,PedNYC31_scenario15,15,84.0,-2.144997233205958,61.10187867208015,-19.04635406843557,58.41521027174194
PedNYC31,PedNYC31_scenario15,15,85.0,-2.1434262622282794,61.08574172696795,-20.812962346235043,58.46742448950145
PedNYC31,PedNYC31_scenario15,15,86.0,-2.141785663597609,61.065926436391095,-22.635430683679854,58.512226876568334
PedNYC31,PedNYC31_scenario15,15,87.0,-2.1414353849768606,61.08130008202992,-24.41965653467465,58.555649512554936
PedNYC31,PedNYC31_scenario15,15,88.0,-2.0561162574041223,61.15885447580813,-26.199601192603055,58.59584797329781
PedNYC31,PedNYC31_scenario15,15,89.0,-2.0408056626610453,61.194765895583274,-28.04948337856923,58.62251300842287
PedNYC31,PedNYC31_scenario15,15,90.0,-2.066133014004704,61.18190565440942,-30.070622517544734,58.647294692412025
PedNYC31,PedNYC31_scenario15,15,91.0,-2.2181462215201972,61.19546773327188,-32.217841834619946,58.662853177551156
PedNYC31,PedNYC31_scenario15,15,92.0,-2.2728585475151526,61.222404673752614,-34.29738389897782,58.682055098798706
PedNYC31,PedNYC31_scenario15,15,93.0,-2.2755011488994534,61.16937762253218,-36.30883041539548,58.69709484574758
PedNYC31,PedNYC31_scenario15,15,94.0,-2.1337233258049824,61.125549352934065,-37.04916464367098,58.70235443115234
PedNYC31,PedNYC31_scenario15,15,95.0,-2.144357370608975,61.13312857959466,-37.04924774169922,58.70235443115234
PedNYC31,PedNYC31_scenario15,15,96.0,-2.1450496183061194,61.10177364472159,-37.04924774169922,58.70235443115234
PedNYC31,PedNYC31_scenario15,15,97.0,-2.214812930573522,61.17627669927057,-37.04924774169922,58.70235443115234
PedNYC31,PedNYC31_scenario15,15,98.0,-2.2702561565520054,61.2780357895051,-37.04924774169922,58.70235443115234
PedNYC31,PedNYC31_scenario15,15,99.0,-2.2721154315226992,61.222565654816044,-37.04924774169922,58.70235443115234
PedNYC31,PedNYC31_scenario15,15,100.0,-2.1411242485046387,61.15827178955078,-37.04924774169922,58.70235443115234
PedNYC3,PedNYC3_scenario15,15,0.0,-0.9193274974822998,45.0389404296875,2.514522790908813,94.46981811523438
PedNYC3,PedNYC3_scenario15,15,1.0,-0.962226566934867,45.13147195629903,2.5415904589149036,93.19316043968499
PedNYC3,PedNYC3_scenario15,15,2.0,-1.0357606663501682,45.264131846846226,2.5737742332610374,91.9488412005365
PedNYC3,PedNYC3_scenario15,15,3.0,-1.0982181254031995,45.415326286761854,2.6081287644601696,90.75534933883557
PedNYC3,PedNYC3_scenario15,15,4.0,-1.1261998162696247,45.57597565725584,2.6402663969356515,89.61239609230752
PedNYC3,PedNYC3_scenario15,15,5.0,-1.1094313755181768,45.75237770444839,2.667950127937046,88.51270472131475
PedNYC3,PedNYC3_scenario15,15,6.0,-1.092066989095722,45.931044775644374,2.6910549463325313,87.44785858810289
PedNYC3,PedNYC3_scenario15,15,7.0,-1.0953473726375862,46.09688341877025,2.7098294465958324,86.41236617293973
PedNYC3,PedNYC3_scenario15,15,8.0,-1.126387014634663,46.27155116935331,2.7236903913158836,85.4009379568433
PedNYC3,PedNYC3_scenario15,15,9.0,-1.1380806905151069,46.452109446448816,2.7332119689165393,84.4089551123361
PedNYC3,PedNYC3_scenario15,15,10.0,-1.139185045013328,46.50285512662304,2.738317264987308,83.43428620879598
PedNYC3,PedNYC3_scenario15,15,11.0,-1.1336204714028775,46.90438968259159,2.738197014808925,82.47329874282721
PedNYC3,PedNYC3_scenario15,15,12.0,-1.1556904187028827,47.15459500545434,2.733135570282603,81.52109066768953
PedNYC3,PedNYC3_scenario15,15,13.0,-1.1810033603506414,47.38487723319298,2.7232659936287575,80.571770499999
PedNYC3,PedNYC3_scenario15,15,14.0,-1.1958276389111033,47.611484097350846,2.7085737621027444,79.620913185485
PedNYC3,PedNYC3_scenario15,15,15.0,-1.1699477947523098,47.83115357657109,2.690620478397796,78.66681934074195
PedNYC3,PedNYC3_scenario15,15,16.0,-1.1042549720543768,48.0727154410575,2.6709228718318996,77.70706667537519
PedNYC3,PedNYC3_scenario15,15,17.0,-1.071501682781098,48.28523599272646,2.648815915654166,76.74166188465982
PedNYC3,PedNYC3_scenario15,15,18.0,-1.0618822621005986,48.52919285319594,2.6245612786784642,75.76926531856954
PedNYC3,PedNYC3_scenario15,15,19.0,-1.0539154004454143,48.772236761755025,2.598223361895165,74.78821182503232
PedNYC3,PedNYC3_scenario15,15,20.0,-1.0101026880689068,48.9766726301848,2.5696022903881692,73.79697264036673
PedNYC3,PedNYC3_scenario15,15,21.0,-0.9015047504988212,49.23046218896624,2.5387742928465182,72.7956334892179
PedNYC3,PedNYC3_scenario15,15,22.0,-0.8237258870270083,49.437113887515544,2.5067888205740303,71.78884986364207
PedNYC3,PedNYC3_scenario15,15,23.0,-0.7647415047711472,49.64506726858155,2.476697005114483,70.7899403944274
PedNYC3,PedNYC3_scenario15,15,24.0,-0.7175245227827245,49.89792224493636,2.44869414599775,69.81533124730653
PedNYC3,PedNYC3_scenario15,15,25.0,-0.6808814418329162,50.117567025675456,2.4239929020899,68.87997151122147
PedNYC3,PedNYC3_scenario15,15,26.0,-0.6512030191381711,50.31960394879146,2.4022314724987908,67.986634913108
PedNYC3,PedNYC3_scenario15,15,27.0,-0.6362281392155634,50.527071579635724,2.381351714480208,67.13729490574522
PedNYC3,PedNYC3_scenario15,15,28.0,-0.6535967708009482,50.733520327215196,2.3604943632513082,66.36886163284865
PedNYC3,PedNYC3_scenario15,15,29.0,-0.7075075147369064,50.94136101162185,2.3381013106488315,65.70258677063583
PedNYC3,PedNYC3_scenario15,15,30.0,-0.7544860210303838,51.13962182558743,2.3137748546144152,65.16825666105815
PedNYC3,PedNYC3_scenario15,15,31.0,-0.7915433061549603,51.33441176566295,2.2914728110008293,64.7931452926187
PedNYC3,PedNYC3_scenario15,15,32.0,-0.8235781944929187,51.537058777596464,2.2743954888148874,64.55973778058724
PedNYC3,PedNYC3_scenario15,15,33.0,-0.8999629481413777,51.74289698772922,2.2629078565580656,64.423997353596
PedNYC3,PedNYC3_scenario15,15,34.0,-1.0119952185995862,51.933449734191,2.2587948857409628,64.37905282761713
PedNYC3,PedNYC3_scenario15,15,35.0,-1.1587251234677047,52.14175122340179,2.2587747611457187,64.37880462501865
PedNYC3,PedNYC3_scenario15,15,36.0,-1.2692961330640267,52.33968208050049,2.258760688356661,64.37863750918426
PedNYC3,PedNYC3_scenario15,15,37.0,-1.3668626823597756,52.551930915499526,2.2587090323258106,64.37824264503215
PedNYC3,PedNYC3_scenario15,15,38.0,-1.4921161995129717,52.75616798978549,2.2578579371058725,64.37019634985285
PedNYC3,PedNYC3_scenario15,15,39.0,-1.6523295788739574,52.95104782220619,2.2546591822707525,64.33903615555896
PedNYC3,PedNYC3_scenario15,15,40.0,-1.8627677108580252,53.17641309470201,2.2480785784583115,64.27507069374825
PedNYC3,PedNYC3_scenario15,15,41.0,-1.9819863673532632,53.392452130735535,2.2367887205372634,64.16808075765256
PedNYC3,PedNYC3_scenario15,15,42.0,-2.0827476846260997,53.63121489738051,2.219371549245821,64.00943719806303
PedNYC3,PedNYC3_scenario15,15,43.0,-2.1984467852100624,53.8418125814124,2.1943472639283716,63.79490978608346
PedNYC3,PedNYC3_scenario15,15,44.0,-2.336376696872719,54.049200158611306,2.159705148679042,63.52437693754096
PedNYC3,PedNYC3_scenario15,15,45.0,-2.4725940106116355,54.26765322080292,2.1117414773749554,63.19872446165562
PedNYC3,PedNYC3_scenario15,15,46.0,-2.551828745884989,54.46276568768591,2.047464703311248,62.820244816828655
PedNYC3,PedNYC3_scenario15,15,47.0,-2.5989494396151285,54.62165280808951,1.960869783858118,62.39247088988159
PedNYC3,PedNYC3_scenario15,15,48.0,-2.6607154049422794,54.726095560056834,1.8450344256958757,61.9235602112227
PedNYC3,PedNYC3_scenario15,15,49.0,-2.7420375680628095,54.77783557175717,1.6902189679414676,61.42975574205975
PedNYC3,PedNYC3_scenario15,15,50.0,-2.802047361688786,54.80437276304289,1.4945647837829417,60.94698531896243
PedNYC3,PedNYC3_scenario15,15,51.0,-2.8281719076118135,54.82472370857158,1.2646587623335162,60.50113035493091
PedNYC3,PedNYC3_scenario15,15,52.0,-2.8285741491195613,54.83378453716696,1.0056709023795183,60.10404013336852
PedNYC3,PedNYC3_scenario15,15,53.0,-2.801695903492783,54.83869281111966,0.7226223583424503,59.764374529348366
PedNYC3,PedNYC3_scenario15,15,54.0,-2.776522280025313,54.84306522261563,0.4233463398081403,59.489645451871645
PedNYC3,PedNYC3_scenario15,15,55.0,-2.769596761497872,54.84885907442769,0.12177462740221279,59.28441286896639
PedNYC3,PedNYC3_scenario15,15,56.0,-2.7703811893464367,54.8554451649987,-0.1670399604919125,59.1328191362888
PedNYC3,PedNYC3_scenario15,15,57.0,-2.772708360999334,54.86280935556504,-0.4354259778525027,59.02093840872256
PedNYC3,PedNYC3_scenario15,15,58.0,-2.774043205345719,54.871894645308245,-0.680657492539193,58.94309908503457
PedNYC3,PedNYC3_scenario15,15,59.0,-2.776833910609151,54.87932279330935,-0.9104426519395117,58.8916032097752
PedNYC3,PedNYC3_scenario15,15,60.0,-2.7913435543923795,54.874189874533485,-1.14463078337747,58.85730370136453
PedNYC3,PedNYC3_scenario15,15,61.0,-2.794460005564265,54.8693123813283,-1.4047752551216885,58.83665344105135
PedNYC3,PedNYC3_scenario15,15,62.0,-2.7900761394074953,54.871291976302594,-1.709322579414005,58.823579937232395
PedNYC3,PedNYC3_scenario15,15,63.0,-2.7832762124070443,54.884082450971825,-2.078944030283406,58.806278357578435
PedNYC3,PedNYC3_scenario15,15,64.0,-2.7785431105992444,54.89222859650274,-2.5253497049387277,58.78855130705394
PedNYC3,PedNYC3_scenario15,15,65.0,-2.7780591644220856,54.89500950258539,-3.053875309293213,58.77035216278699
PedNYC3,PedNYC3_scenario15,15,66.0,-2.782460256436019,54.894600614913486,-3.664951389708461,58.73745143223515
PedNYC3,PedNYC3_scenario15,15,67.0,-2.7905385065218127,54.89723158433779,-4.3534115403801295,58.68125556099977
PedNYC3,PedNYC3_scenario15,15,68.0,-2.799066543871254,54.91353344316096,-5.1146313977327855,58.59719741253263
PedNYC3,PedNYC3_scenario15,15,69.0,-2.79138974527005,54.94219594411853,-5.949082532106809,58.49488338864289
PedNYC3,PedNYC3_scenario15,15,70.0,-2.782405730166302,54.996557341765794,-6.8571412298715755,58.40159663668065
PedNYC3,PedNYC3_scenario15,15,71.0,-2.8124194030575587,55.094890492510665,-7.837286783254062,58.33330888687973
PedNYC3,PedNYC3_scenario15,15,72.0,-2.8781403746028857,55.224841830487726,-8.886019776888169,58.29539849030076
PedNYC3,PedNYC3_scenario15,15,73.0,-2.924161196094986,55.360592718812626,-10.001264405074075,58.291118344355475
PedNYC3,PedNYC3_scenario15,15,74.0,-2.9406143673096907,55.49998660852625,-11.18061929699354,58.3165789014549
PedNYC3,PedNYC3_scenario15,15,75.0,-2.9148689939027643,55.6776547935926,-12.422210296463602,58.36617203833558
PedNYC3,PedNYC3_scenario15,15,76.0,-2.8809292874961763,55.89959051667958,-13.72382817818906,58.43220509863371
PedNYC3,PedNYC3_scenario15,15,77.0,-2.87820503093686,56.1291578017634,-15.084008863327986,58.5015821133495
PedNYC3,PedNYC3_scenario15,15,78.0,-2.9035239399212096,56.37086667983832,-16.499255247223722,58.57379246476108
PedNYC3,PedNYC3_scenario15,15,79.0,-2.8828105737831136,56.637016406310686,-17.94204726945781,58.64557123148235
PedNYC3,PedNYC3_scenario15,15,80.0,-2.7923301088506265,56.919778387638885,-19.35475101481763,58.70976299612786
PedNYC3,PedNYC3_scenario15,15,81.0,-2.716381696854973,57.20915999139065,-20.71046703810234,58.76320988142186
PedNYC3,PedNYC3_scenario15,15,82.0,-2.7009968851484576,57.492163641733576,-22.003871264394462,58.80622943088201
PedNYC3,PedNYC3_scenario15,15,83.0,-2.7112854417332697,57.77679746690705,-23.238910083334925,58.84298520743443
PedNYC3,PedNYC3_scenario15,15,84.0,-2.703858779168366,58.03094297383137,-24.4197151325684,58.867338529491846
PedNYC3,PedNYC3_scenario15,15,85.0,-2.6851728292971266,58.26331257810589,-25.536939596979522,58.88387330352006
PedNYC3,PedNYC3_scenario15,15,86.0,-2.6954370894826765,58.59668976461754,-26.601647792414724,58.89386206231557
PedNYC3,PedNYC3_scenario15,15,87.0,-2.7533007641701226,58.87200721909456,-27.610766364443506,58.89367552970327
PedNYC3,PedNYC3_scenario15,15,88.0,-2.818057353787861,59.14340494661205,-28.550512562895783,58.90601208808741
PedNYC3,PedNYC3_scenario15,15,89.0,-2.849540953703938,59.377726670594,-29.44878741224605,58.904791278716004
PedNYC3,PedNYC3_scenario15,15,90.0,-2.842886653272446,59.57685693927628,-30.305066806304694,58.89247982868547
PedNYC3,PedNYC3_scenario15,15,91.0,-2.8265634491754152,59.825372209725764,-31.07112579456449,58.87493961482685
PedNYC3,PedNYC3_scenario15,15,92.0,-2.8313639958810204,60.02300059236988,-31.719002615338418,58.85461569117331
PedNYC3,PedNYC3_scenario15,15,93.0,-2.8531308317143322,60.2423585890179,-32.25440206770664,58.831444727721816
PedNYC3,PedNYC3_scenario15,15,94.0,-2.8937279426201536,60.45083774761675,-32.67687212912261,58.81114659701533
PedNYC3,PedNYC3_scenario15,15,95.0,-2.9012092969512375,60.61071678615655,-32.970757084850625,58.7953919191918
PedNYC3,PedNYC3_scenario15,15,96.0,-2.873367212645266,60.75719845843302,-33.096939293438055,58.78807317400319
PedNYC3,PedNYC3_scenario15,15,97.0,-2.8354984909061867,60.84766219706666,-33.102262771583796,58.787673093526536
PedNYC3,PedNYC3_scenario15,15,98.0,-2.831135965768328,60.91698424212003,-33.10258213025981,58.78762925932989
PedNYC3,PedNYC3_scenario15,15,99.0,-2.847688209273129,60.987222363159034,-33.10267542455187,58.7876091003418
PedNYC3,PedNYC3_scenario15,15,100.0,-2.861605167388916,61.03532409667969,-33.10270309448242,58.78760147094727
PedNYC4,PedNYC4_scenario15,15,0.0,-0.8233523368835449,45.13522720336914,3.79028844833374,100.30625915527344
PedNYC4,PedNYC4_scenario15,15,1.0,-0.8696315876777044,45.26317251975813,3.7843255643254072,99.5660041992392
PedNYC4,PedNYC4_scenario15,15,2.0,-0.9824976628720161,45.436365392147444,3.775542992751388,98.6464125451812
PedNYC4,PedNYC4_scenario15,15,3.0,-1.0114395125934807,45.629942543176455,3.7677910997750823,97.52126574512191
PedNYC4,PedNYC4_scenario15,15,4.0,-0.9408157048978475,45.86596588529965,3.7564781160951433,96.17388634959877
PedNYC4,PedNYC4_scenario15,15,5.0,-0.8814810389656172,46.088133058797595,3.731831357906008,94.59818967487895
PedNYC4,PedNYC4_scenario15,15,6.0,-0.9297078118867578,46.33321645006126,3.6887148189520134,92.79621514083156
PedNYC4,PedNYC4_scenario15,15,7.0,-0.9743836732166891,46.58152735273606,3.6301874980768236,90.81790512370216
PedNYC4,PedNYC4_scenario15,15,8.0,-0.9822007393540199,46.84928784645146,3.569561765895529,88.85090575021741
PedNYC4,PedNYC4_scenario15,15,9.0,-1.0217797215569213,47.079008720008176,3.5149873770660283,86.98812043826423
PedNYC4,PedNYC4_scenario15,15,10.0,-1.1410371885927701,47.306416003401395,3.470118494234519,85.24434794315252
PedNYC4,PedNYC4_scenario15,15,11.0,-1.253983724269838,47.52910538542624,3.420810420957732,83.61622108333754
PedNYC4,PedNYC4_scenario15,15,12.0,-1.3063697799045353,47.776240020336594,3.3633310823981977,82.09735246186244
PedNYC4,PedNYC4_scenario15,15,13.0,-1.3895365684981034,48.01858842471059,3.297439113212491,80.68021368570396
PedNYC4,PedNYC4_scenario15,15,14.0,-1.5973866577039648,48.24459567385526,3.232518614901793,79.35906505978606
PedNYC4,PedNYC4_scenario15,15,15.0,-1.788439584234119,48.45110475887429,3.1722998760441943,78.15831191545634
PedNYC4,PedNYC4_scenario15,15,16.0,-1.9826007898569433,48.74004644794196,3.130291303175606,77.31057297329083
PedNYC4,PedNYC4_scenario15,15,17.0,-2.1773667693686214,48.950577105335995,3.104755050010939,76.79291598793958
PedNYC4,PedNYC4_scenario15,15,18.0,-2.4529671037154293,49.15653475179378,3.0887599496552887,76.46648473154342
PedNYC4,PedNYC4_scenario15,15,19.0,-2.662333049069336,49.38671615276241,3.075100161963555,76.18700602772095
PedNYC4,PedNYC4_scenario15,15,20.0,-2.826254347555079,49.64383443166595,3.061545023773383,75.90902938442913
PedNYC4,PedNYC4_scenario15,15,21.0,-3.001498891150856,49.88761685654993,3.0438832451259357,75.54582220615553
PedNYC4,PedNYC4_scenario15,15,22.0,-3.1643101512961804,50.120845545956264,3.0195382701777955,75.0435114931518
PedNYC4,PedNYC4_scenario15,15,23.0,-3.2278838325694266,50.456733542788854,2.987938677005794,74.38863164787523
PedNYC4,PedNYC4_scenario15,15,24.0,-3.2324824207397405,50.75785950894436,2.9515095311874004,73.62966326941263
PedNYC4,PedNYC4_scenario15,15,25.0,-3.2613967983447054,51.07971134624214,2.91570689643528,72.8794485080265
PedNYC4,PedNYC4_scenario15,15,26.0,-3.270600374296027,51.398682172323454,2.882920040576637,72.18845757679317
PedNYC4,PedNYC4_scenario15,15,27.0,-3.2064841978827894,51.706597304651886,2.8593427636009308,71.68908140940877
PedNYC4,PedNYC4_scenario15,15,28.0,-3.133960671417643,52.01516662203125,2.85457382447347,71.58788096835937
PedNYC4,PedNYC4_scenario15,15,29.0,-3.110693053160212,52.29557006679773,2.854544863750426,71.58725603466738
PedNYC4,PedNYC4_scenario15,15,30.0,-3.0713165166219896,52.572735790900346,2.8545390239112955,71.58712768554688
PedNYC4,PedNYC4_scenario15,15,31.0,-2.9699171450752955,52.92290557980302,2.8545387111162412,71.58711242675781
PedNYC4,PedNYC4_scenario15,15,32.0,-2.908387638115946,53.198509609306285,2.854528057038025,71.58687695827892
PedNYC4,PedNYC4_scenario15,15,33.0,-2.9355224058115876,53.515197749267394,2.8533985423412123,71.56283448324878
PedNYC4,PedNYC4_scenario15,15,34.0,-2.89726648331348,53.82021558002696,2.8490860979627315,71.47100915869694
PedNYC4,PedNYC4_scenario15,15,35.0,-2.806064036383478,54.11557184205619,2.840746094655282,71.29326226703402
PedNYC4,PedNYC4_scenario15,15,36.0,-2.7603177249012885,54.395734140374465,2.8281445788375135,71.02425078754155
PedNYC4,PedNYC4_scenario15,15,37.0,-2.7487229707312393,54.65308324576903,2.813174880131777,70.70401004445712
PedNYC4,PedNYC4_scenario15,15,38.0,-2.692792076390386,54.876006089348515,2.797790974731442,70.37461958764865
PedNYC4,PedNYC4_scenario15,15,39.0,-2.5874781610240687,55.05827508304569,2.78264246874109,70.06026799382768
PedNYC4,PedNYC4_scenario15,15,40.0,-2.541321377857152,55.18237478032697,2.7682861907857146,69.76536753646391
PedNYC4,PedNYC4_scenario15,15,41.0,-2.540990060986345,55.236537422365494,2.7547922640675035,69.48978497825993
PedNYC4,PedNYC4_scenario15,15,42.0,-2.551408425114972,55.2545260670712,2.7419843430386104,69.2324218729762
PedNYC4,PedNYC4_scenario15,15,43.0,-2.5547567858747318,55.256425938339014,2.7298676950953276,68.99211175875081
PedNYC4,PedNYC4_scenario15,15,44.0,-2.5457640125776333,55.249607249429864,2.7181563797005,68.76770974571596
PedNYC4,PedNYC4_scenario15,15,45.0,-2.535116144677295,55.24575649351513,2.707066602606227,68.55817945083163
PedNYC4,PedNYC4_scenario15,15,46.0,-2.520587003717368,55.235125125840824,2.6952407492009676,68.33828767259259
PedNYC4,PedNYC4_scenario15,15,47.0,-2.5304325630078823,55.23901167715957,2.6759009884964287,68.00772105061483
PedNYC4,PedNYC4_scenario15,15,48.0,-2.5358110905817584,55.248668424979705,2.645370050628644,67.50126007858509
PedNYC4,PedNYC4_scenario15,15,49.0,-2.5383673674489375,55.24945997130526,2.6002415195927138,66.78796031911178
PedNYC4,PedNYC4_scenario15,15,50.0,-2.533939745265484,55.24436080245025,2.529859724756924,65.86455946866259
PedNYC4,PedNYC4_scenario15,15,51.0,-2.5404748145135025,55.24757342485584,2.3991057409924452,64.86355523735075
PedNYC4,PedNYC4_scenario15,15,52.0,-2.5442397350609967,55.250325621588345,2.1901960457897,63.91516413310098
PedNYC4,PedNYC4_scenario15,15,53.0,-2.5444902137319225,55.253987198661896,1.8914738159703972,63.06151048087119
PedNYC4,PedNYC4_scenario15,15,54.0,-2.5469491577821146,55.26093160443317,1.51817533340845,62.31271797780311
PedNYC4,PedNYC4_scenario15,15,55.0,-2.548267934717687,55.26385159319213,1.0980138916242095,61.659881577867736
PedNYC4,PedNYC4_scenario15,15,56.0,-2.5475534650418377,55.26427270657354,0.6424127899626817,61.0869815955188
PedNYC4,PedNYC4_scenario15,15,57.0,-2.5463821759561562,55.26584461172739,0.09026007859883067,60.52331852547272
PedNYC4,PedNYC4_scenario15,15,58.0,-2.5446628585544024,55.26164485218022,-0.26408709525269214,60.138624305282235
PedNYC4,PedNYC4_scenario15,15,59.0,-2.544045601894814,55.26168305641864,-0.33954499164743235,60.06357811749467
PedNYC4,PedNYC4_scenario15,15,60.0,-2.54283937726702,55.26314123255261,-0.378838337692082,60.02765622078516
PedNYC4,PedNYC4_scenario15,15,61.0,-2.5411588171437445,55.26381043024335,-0.4254171593426204,59.988843702911524
PedNYC4,PedNYC4_scenario15,15,62.0,-2.5421450342232523,55.263682049017994,-0.4827523891613564,59.94480195159661
PedNYC4,PedNYC4_scenario15,15,63.0,-2.542562854743817,55.26246679380678,-0.5307730985285568,59.90978051738479
PedNYC4,PedNYC4_scenario15,15,64.0,-2.542132556776997,55.263016546056996,-0.5561403859319427,59.89160921542909
PedNYC4,PedNYC4_scenario15,15,65.0,-2.5390913060261426,55.25646485706282,-0.6104254220334953,59.854889435904475
PedNYC4,PedNYC4_scenario15,15,66.0,-2.5398329662597328,55.246482245643236,-0.7104863584653023,59.79232543055044
PedNYC4,PedNYC4_scenario15,15,67.0,-2.542071916540091,55.24156119145533,-0.7978584886289947,59.740668076062605
PedNYC4,PedNYC4_scenario15,15,68.0,-2.5439691774320403,55.24336247410671,-0.8637273853662628,59.70565945439758
PedNYC4,PedNYC4_scenario15,15,69.0,-2.5452611484399186,55.245701408713074,-1.0191672378883538,59.624878268462496
PedNYC4,PedNYC4_scenario15,15,70.0,-2.5461303252352483,55.24557456057608,-1.3095672075828295,59.47597672676926
PedNYC4,PedNYC4_scenario15,15,71.0,-2.550071610328564,55.24530339803381,-1.7869101929479634,59.25195452611425
PedNYC4,PedNYC4_scenario15,15,72.0,-2.563778386872381,55.24952759277757,-2.439350605680895,58.97285412307669
PedNYC4,PedNYC4_scenario15,15,73.0,-2.598617128523777,55.26127640767215,-3.297065152811161,58.681209389450395
PedNYC4,PedNYC4_scenario15,15,74.0,-2.6468966649064902,55.27953641954462,-4.379769576749203,58.41034064044598
PedNYC4,PedNYC4_scenario15,15,75.0,-2.671445020666263,55.31633446322286,-5.696286613248264,58.213916089851864
PedNYC4,PedNYC4_scenario15,15,76.0,-2.6578353191554465,55.413603457685205,-7.2174191397702305,58.13921641233544
PedNYC4,PedNYC4_scenario15,15,77.0,-2.588878368144286,55.557502549972824,-8.933985351034494,58.20171574277888
PedNYC4,PedNYC4_scenario15,15,78.0,-2.526536472910156,55.7217874075943,-10.865175478783025,58.30836862510133
PedNYC4,PedNYC4_scenario15,15,79.0,-2.5574913808320106,55.950263052480956,-12.975875873765814,58.32358655178962
PedNYC4,PedNYC4_scenario15,15,80.0,-2.568121861923435,56.230704799863055,-15.12775149446288,58.185229279936415
PedNYC4,PedNYC4_scenario15,15,81.0,-2.498750801601007,56.50926262069183,-17.17010501072713,57.98075946208059
PedNYC4,PedNYC4_scenario15,15,82.0,-2.439344235258019,56.777872001129154,-19.084915562997534,57.85250420022747
PedNYC4,PedNYC4_scenario15,15,83.0,-2.4527224567040653,57.08836315896376,-20.871411233007937,57.85392859052893
PedNYC4,PedNYC4_scenario15,15,84.0,-2.4699046482161835,57.39712922899934,-22.59102985313713,57.95380135488771
PedNYC4,PedNYC4_scenario15,15,85.0,-2.4215917839891477,57.70555629354098,-24.385047499491122,58.08772683141156
PedNYC4,PedNYC4_scenario15,15,86.0,-2.3762480705373648,57.990253009318,-26.295037211878224,58.1951289277305
PedNYC4,PedNYC4_scenario15,15,87.0,-2.4127861377886255,58.26956875280952,-28.310685685642234,58.24046548398198
PedNYC4,PedNYC4_scenario15,15,88.0,-2.4500794581173726,58.55258003261246,-30.234774904200126,58.23283911543423
PedNYC4,PedNYC4_scenario15,15,89.0,-2.41651627273997,58.83897702961355,-31.52067605099134,58.21105235436129
PedNYC4,PedNYC4_scenario15,15,90.0,-2.380520779541826,59.09301156438239,-32.078599063854064,58.20313321348727
PedNYC4,PedNYC4_scenario15,15,91.0,-2.413059533623131,59.32031667261941,-32.13577558975483,58.2024808278825
PedNYC4,PedNYC4_scenario15,15,92.0,-2.451310288348145,59.53767673497755,-32.13644892060982,58.20247290219693
PedNYC4,PedNYC4_scenario15,15,93.0,-2.411717641954845,59.74247003645668,-32.13654715159089,58.202468935038155
PedNYC4,PedNYC4_scenario15,15,94.0,-2.344641210574132,59.94407361353364,-32.13656460596489,58.20247268676758
PedNYC4,PedNYC4_scenario15,15,95.0,-2.3541839974593133,60.08795472338972,-32.136528248015175,58.20247268676758
PedNYC4,PedNYC4_scenario15,15,96.0,-2.42786699197914,60.19808892984848,-32.13654689741495,58.20246915080025
PedNYC4,PedNYC4_scenario15,15,97.0,-2.4764534021188296,60.30091255235377,-32.136557076577674,58.20247195869899
PedNYC4,PedNYC4_scenario15,15,98.0,-2.463077574938988,60.40853836014488,-32.13653273625474,58.202471506488074
PedNYC4,PedNYC4_scenario15,15,99.0,-2.429044007962352,60.50495747966317,-32.13657692463985,58.20247268676758
PedNYC4,PedNYC4_scenario15,15,100.0,-2.4163942337036133,60.55802917480469,-32.1365852355957,58.20247650146485
PedNYC5,PedNYC5_scenario15,15,0.0,-0.8484847545623779,45.469364166259766,3.619431495666504,98.4333953857422
PedNYC5,PedNYC5_scenario15,15,1.0,-0.878201893293247,45.51591459209977,3.607476893128845,97.75625666753592
PedNYC5,PedNYC5_scenario15,15,2.0,-0.9238319573618207,45.563920142529646,3.5920947228706397,97.04493609403436
PedNYC5,PedNYC5_scenario15,15,3.0,-0.9890671029612643,45.61878980083254,3.575723798694912,96.30093344135854
PedNYC5,PedNYC5_scenario15,15,4.0,-1.0522433565475509,45.6875297123645,3.5591358001801003,95.52494835393706
PedNYC5,PedNYC5_scenario15,15,5.0,-1.0984773006029978,45.780300570725956,3.540903008921501,94.7198247083408
PedNYC5,PedNYC5_scenario15,15,6.0,-1.1137903417636876,45.89244061918868,3.5210041825570566,93.89063602537506
PedNYC5,PedNYC5_scenario15,15,7.0,-1.1054681068228978,46.020608026219904,3.499681177109965,93.04325432409436
PedNYC5,PedNYC5_scenario15,15,8.0,-1.088563591477396,46.148781898916766,3.4769552161793875,92.1824837040398
PedNYC5,PedNYC5_scenario15,15,9.0,-1.069003700517083,46.28024959757145,3.4527847932502236,91.30918565710176
PedNYC5,PedNYC5_scenario15,15,10.0,-1.0549485537531564,46.43907058983467,3.4271567941355356,90.42430010334566
PedNYC5,PedNYC5_scenario15,15,11.0,-1.0468371525316738,46.615138910285026,3.4000052396237836,89.52809484082634
PedNYC5,PedNYC5_scenario15,15,12.0,-1.0261804040252227,46.82254653834878,3.3713127105037675,88.6212478174669
PedNYC5,PedNYC5_scenario15,15,13.0,-0.9963567556527447,47.010636197887116,3.34103565614663,87.70361934906265
PedNYC5,PedNYC5_scenario15,15,14.0,-0.9462177987719658,47.22054961297377,3.3091168392365415,86.77668312520247
PedNYC5,PedNYC5_scenario15,15,15.0,-0.9102743361342187,47.391093189341795,3.2754326553570863,85.8404411803628
PedNYC5,PedNYC5_scenario15,15,16.0,-0.8856632694966433,47.58016201861112,3.240022437393663,84.89700774702936
PedNYC5,PedNYC5_scenario15,15,17.0,-0.8707377024405265,47.779880172514474,3.203284925053562,83.94612163025296
PedNYC5,PedNYC5_scenario15,15,18.0,-0.8602246117127621,47.94687134339146,3.16783386294639,82.99009875520032
PedNYC5,PedNYC5_scenario15,15,19.0,-0.8367055107043934,48.17201891920049,3.135032791758708,82.03359270256657
PedNYC5,PedNYC5_scenario15,15,20.0,-0.802848077099392,48.39208373294573,3.1059319211897427,81.08967950937996
PedNYC5,PedNYC5_scenario15,15,21.0,-0.7671803033691629,48.5748930701316,3.0816186676826445,80.17115406818506
PedNYC5,PedNYC5_scenario15,15,22.0,-0.7331072365947997,48.77624089813936,3.0618099412181636,79.28361494015206
PedNYC5,PedNYC5_scenario15,15,23.0,-0.7156641205130625,48.977325495851076,3.046084176385355,78.42697008570524
PedNYC5,PedNYC5_scenario15,15,24.0,-0.7158394843982827,49.18348922017367,3.03412453894777,77.6021663995224
PedNYC5,PedNYC5_scenario15,15,25.0,-0.7168826921801761,49.38557954868533,3.024973529148469,76.80830656694748
PedNYC5,PedNYC5_scenario15,15,26.0,-0.7130711791426363,49.61047897769708,3.0177784128242253,76.04404480690525
PedNYC5,PedNYC5_scenario15,15,27.0,-0.6992333220169492,49.85408541429153,3.0115775565189726,75.30860766714734
PedNYC5,PedNYC5_scenario15,15,28.0,-0.6919859869441127,50.05389493497352,3.0048627323154498,74.60076716605276
PedNYC5,PedNYC5_scenario15,15,29.0,-0.6961719932607622,50.30918705542453,2.9975044771351076,73.91959672124918
PedNYC5,PedNYC5_scenario15,15,30.0,-0.7132767724799016,50.54422476579107,2.9898577751509374,73.26414665604429
PedNYC5,PedNYC5_scenario15,15,31.0,-0.7347593319351322,50.77090556080977,2.981631793606054,72.63316046915892
PedNYC5,PedNYC5_scenario15,15,32.0,-0.7588054008880587,50.989404638524874,2.9725563986477086,72.02593032925236
PedNYC5,PedNYC5_scenario15,15,33.0,-0.7785836518067812,51.217399543385014,2.962840244574052,71.44174808580048
PedNYC5,PedNYC5_scenario15,15,34.0,-0.8120042979055713,51.43479360064407,2.952088811197887,70.87952252956502
PedNYC5,PedNYC5_scenario15,15,35.0,-0.8683176847953876,51.64844524638357,2.9403070945429914,70.33836918173677
PedNYC5,PedNYC5_scenario15,15,36.0,-0.9473477380156634,51.857846419803934,2.9277086240027677,69.81754926188007
PedNYC5,PedNYC5_scenario15,15,37.0,-1.0316713670037445,52.065470326791136,2.9140061742719117,69.31653413293829
PedNYC5,PedNYC5_scenario15,15,38.0,-1.1219123755816656,52.26757932474899,2.8988722610457063,68.83437950547906
PedNYC5,PedNYC5_scenario15,15,39.0,-1.210603325644868,52.46846959491377,2.882687247103979,68.37047224245052
PedNYC5,PedNYC5_scenario15,15,40.0,-1.306155791378396,52.66790405741535,2.8660718333918793,67.9452797003542
PedNYC5,PedNYC5_scenario15,15,41.0,-1.4055115173383421,52.85753120519041,2.852457140044785,67.63405504647778
PedNYC5,PedNYC5_scenario15,15,42.0,-1.5172978200069558,53.04115499777154,2.8444176499936358,67.47214830909712
PedNYC5,PedNYC5_scenario15,15,43.0,-1.6192800895231731,53.24018758023977,2.842741810116453,67.43929317791779
PedNYC5,PedNYC5_scenario15,15,44.0,-1.7080167644331812,53.43136349554871,2.8427244740611655,67.43883989645194
PedNYC5,PedNYC5_scenario15,15,45.0,-1.788493865893433,53.622025582645506,2.8427091065852332,67.4385497153735
PedNYC5,PedNYC5_scenario15,15,46.0,-1.8709166885565525,53.82288681879461,2.8427028503098914,67.43844571872039
PedNYC5,PedNYC5_scenario15,15,47.0,-1.9586797144137003,54.032868768640995,2.84270099564427,67.43840789794922
PedNYC5,PedNYC5_scenario15,15,48.0,-2.0431376643137633,54.22695717020715,2.8427000345274367,67.43839359755376
PedNYC5,PedNYC5_scenario15,15,49.0,-2.1069476073192868,54.41919450837693,2.8426985814960806,67.43837748226711
PedNYC5,PedNYC5_scenario15,15,50.0,-2.1357102519662994,54.58655272621677,2.842696638739798,67.43836885568916
PedNYC5,PedNYC5_scenario15,15,51.0,-2.1257378411408236,54.72625303550762,2.842692907832351,67.43831813120163
PedNYC5,PedNYC5_scenario15,15,52.0,-2.1040483568109836,54.84932641982569,2.8427030677585376,67.43845284550207
PedNYC5,PedNYC5_scenario15,15,53.0,-2.0992675679689143,54.96967327104366,2.8427038952902377,67.43846507691791
PedNYC5,PedNYC5_scenario15,15,54.0,-2.1231867553525245,55.11852108510823,2.8426965954804038,67.43837494265698
PedNYC5,PedNYC5_scenario15,15,55.0,-2.1783098091312985,55.27121781636773,2.8427029296443007,67.43846181606065
PedNYC5,PedNYC5_scenario15,15,56.0,-2.2250009688084895,55.40358480580032,2.8426999018901675,67.4384291431333
PedNYC5,PedNYC5_scenario15,15,57.0,-2.25042225875255,55.511334804938926,2.842701006189972,67.43843918253563
PedNYC5,PedNYC5_scenario15,15,58.0,-2.2649825503407284,55.61133346730098,2.8427048469918743,67.43848752481436
PedNYC5,PedNYC5_scenario15,15,59.0,-2.2656393943189657,55.71073971455045,2.8427090439556766,67.43854898951024
PedNYC5,PedNYC5_scenario15,15,60.0,-2.2616315922803905,55.808526854887965,2.8427085626830704,67.43853616538735
PedNYC5,PedNYC5_scenario15,15,61.0,-2.2621365902971946,55.90521463839865,2.8427063576769425,67.43848975651524
PedNYC5,PedNYC5_scenario15,15,62.0,-2.273956216701197,56.023289766515745,2.842703284091639,67.43847085387853
PedNYC5,PedNYC5_scenario15,15,63.0,-2.295871144389971,56.16825318295776,2.8427076257889166,67.43852683794469
PedNYC5,PedNYC5_scenario15,15,64.0,-2.3314149641136814,56.326776162648486,2.842704579006404,67.43849182128906
PedNYC5,PedNYC5_scenario15,15,65.0,-2.378371885091349,56.48809350200068,2.842699224597887,67.43842500948033
PedNYC5,PedNYC5_scenario15,15,66.0,-2.4345449878627825,56.65508596310307,2.8426995620147406,67.43846426694965
PedNYC5,PedNYC5_scenario15,15,67.0,-2.487947159463511,56.83202541582872,2.8427021299136115,67.43850339865851
PedNYC5,PedNYC5_scenario15,15,68.0,-2.53664732459258,57.00966318827226,2.842702207127549,67.43851022889177
PedNYC5,PedNYC5_scenario15,15,69.0,-2.590812546862822,57.20115516716575,2.842700533772293,67.43849182128906
PedNYC5,PedNYC5_scenario15,15,70.0,-2.647777137700646,57.39984600960438,2.8426930744010837,67.4384057767638
PedNYC5,PedNYC5_scenario15,15,71.0,-2.698147440555167,57.607473628274484,2.842686969852201,67.43834939086598
PedNYC5,PedNYC5_scenario15,15,72.0,-2.7261356477538414,57.81145283973888,2.842684995038589,67.43832423456384
PedNYC5,PedNYC5_scenario15,15,73.0,-2.743249411882183,58.01320382057408,2.842683687008705,67.43828000352049
PedNYC5,PedNYC5_scenario15,15,74.0,-2.7547284357257578,58.208009656510065,2.8426840253279404,67.43826277289644
PedNYC5,PedNYC5_scenario15,15,75.0,-2.7737837075382417,58.405984810636504,2.842684352128399,67.43829913595404
PedNYC5,PedNYC5_scenario15,15,76.0,-2.799167878434994,58.609321134978224,2.842642529052602,67.4342152060924
PedNYC5,PedNYC5_scenario15,15,77.0,-2.830978270007359,58.806208285076075,2.8423545901443896,67.40811835481054
PedNYC5,PedNYC5_scenario15,15,78.0,-2.8497981839099125,58.99591060119445,2.841666054587637,67.3471064125191
PedNYC5,PedNYC5_scenario15,15,79.0,-2.8511530071771256,59.17090698644299,2.8406201002055225,67.24389580157553
PedNYC5,PedNYC5_scenario15,15,80.0,-2.8329223638091885,59.336634296316575,2.839642010482507,67.08907478248618
PedNYC5,PedNYC5_scenario15,15,81.0,-2.8123395644795006,59.49522981843821,2.8395369255606737,66.87656203042859
PedNYC5,PedNYC5_scenario15,15,82.0,-2.7897057801605296,59.64579759425714,2.8407651093460196,66.60515731171414
PedNYC5,PedNYC5_scenario15,15,83.0,-2.7680839309973915,59.80448462394536,2.84418619359522,66.27576349518836
PedNYC5,PedNYC5_scenario15,15,84.0,-2.751201439915409,59.975470542353584,2.850890561659815,65.89008863454382
PedNYC5,PedNYC5_scenario15,15,85.0,-2.7201354940653233,60.150646013619856,2.8619409883485685,65.45045884093119
PedNYC5,PedNYC5_scenario15,15,86.0,-2.674850902587203,60.31510818931436,2.874930558575382,64.9681093807408
PedNYC5,PedNYC5_scenario15,15,87.0,-2.6119408947896563,60.47028193950499,2.880774041084862,64.46238738496245
PedNYC5,PedNYC5_scenario15,15,88.0,-2.5404567474906554,60.6260565436535,2.872677954842221,63.955731524423186
PedNYC5,PedNYC5_scenario15,15,89.0,-2.4713864416867626,60.78265489715143,2.8468025385511626,63.46124346633138
PedNYC5,PedNYC5_scenario15,15,90.0,-2.4151450448810836,60.93821937809227,2.794152328367666,62.98586142692258
PedNYC5,PedNYC5_scenario15,15,91.0,-2.3715408705055605,61.092794440867095,2.707391275159871,62.53681729544825
PedNYC5,PedNYC5_scenario15,15,92.0,-2.3312530581435547,61.23693328739157,2.5859597445276967,62.118943423256006
PedNYC5,PedNYC5_scenario15,15,93.0,-2.2842413760916624,61.37433173876325,2.432717930968586,61.73531668887879
PedNYC5,PedNYC5_scenario15,15,94.0,-2.224125107281464,61.4946125452395,2.2542097244316133,61.38710461009957
PedNYC5,PedNYC5_scenario15,15,95.0,-2.162921368468917,61.60634695822067,2.053316294288971,61.07438794800662
PedNYC5,PedNYC5_scenario15,15,96.0,-2.1160295200455135,61.70456457781946,1.8302007112244192,60.78882959395154
PedNYC5,PedNYC5_scenario15,15,97.0,-2.0804606550946776,61.79379159953601,1.5819599072539812,60.51765883955183
PedNYC5,PedNYC5_scenario15,15,98.0,-2.059445915172278,61.867596551041714,1.30262531903802,60.25329624251068
PedNYC5,PedNYC5_scenario15,15,99.0,-2.047302163927606,61.922672427205526,0.9858148861159693,59.99237509345999
PedNYC5,PedNYC5_scenario15,15,100.0,-2.044620513916016,61.95661926269531,0.6271733641624451,59.7328987121582
PedNYC6,PedNYC6_scenario15_CSV_Scenario_Ped_15_Session_temp_2024_03_01_11_47_13_decoded,15,0.0,-0.6792399883270264,44.74103546142578,-6.999912261962891,114.8000030517578
PedNYC6,PedNYC6_scenario15_CSV_Scenario_Ped_15_Session_temp_2024_03_01_11_47_13_decoded,15,1.0,-0.6593887951010827,44.694181527579985,-6.999912069587426,114.8000030517578
PedNYC6,PedNYC6_scenario15_CSV_Scenario_Ped_15_Session_temp_2024_03_01_11_47_13_decoded,15,2.0,-0.6650245914350567,44.653789747406904,-6.999911785125732,114.79999762234249
PedNYC6,PedNYC6_scenario15_CSV_Scenario_Ped_15_Session_temp_2024_03_01_11_47_13_decoded,15,3.0,-0.6842611497245159,44.636369594471304,-6.999912102307574,114.8000030517578
PedNYC6,PedNYC6_scenario15_CSV_Scenario_Ped_15_Session_temp_2024_03_01_11_47_13_decoded,15,4.0,-0.7027747378537884,44.637172448346845,-6.999912245089051,114.8000030517578
PedNYC6,PedNYC6_scenario15_CSV_Scenario_Ped_15_Session_temp_2024_03_01_11_47_13_decoded,15,5.0,-0.717247077938519,44.644234501674916,-6.999912261962891,114.8000030517578
PedNYC6,PedNYC6_scenario15_CSV_Scenario_Ped_15_Session_temp_2024_03_01_11_47_13_decoded,15,6.0,-0.7328390179864402,44.653896133294616,-6.999911785125732,114.8000030517578
PedNYC6,PedNYC6_scenario15_CSV_Scenario_Ped_15_Session_temp_2024_03_01_11_47_13_decoded,15,7.0,-0.7516735881511798,44.66606710112647,-6.999911785125732,114.8000030517578
PedNYC6,PedNYC6_scenario15_CSV_Scenario_Ped_15_Session_temp_2024_03_01_11_47_13_decoded,15,8.0,-0.7679913536745945,44.67768289017593,-6.999911785125732,114.8000030517578
PedNYC6,PedNYC6_scenario15_CSV_Scenario_Ped_15_Session_temp_2024_03_01_11_47_13_decoded,15,9.0,-0.7794151816776191,44.687405924319116,-6.999911785125732,114.8000030517578
PedNYC6,PedNYC6_scenario15_CSV_Scenario_Ped_15_Session_temp_2024_03_01_11_47_13_decoded,15,10.0,-0.7860259529630337,44.69290117720995,-6.999911343127124,114.8000033304662
PedNYC6,PedNYC6_scenario15_CSV_Scenario_Ped_15_Session_temp_2024_03_01_11_47_13_decoded,15,11.0,-0.7887854019233032,44.6953873395251,-6.999912252205266,114.80000297369679
PedNYC6,PedNYC6_scenario15_CSV_Scenario_Ped_15_Session_temp_2024_03_01_11_47_13_decoded,15,12.0,-0.786885581471114,44.69460241555243,-6.999911785125732,114.8000030517578
PedNYC6,PedNYC6_scenario15_CSV_Scenario_Ped_15_Session_temp_2024_03_01_11_47_13_decoded,15,13.0,-0.7815116734640484,44.69349209732902,-6.999911785125732,114.8000030517578
PedNYC6,PedNYC6_scenario15_CSV_Scenario_Ped_15_Session_temp_2024_03_01_11_47_13_decoded,15,14.0,-0.774246157475022,44.693741909303974,-6.999911485590324,114.8000030517578
PedNYC6,PedNYC6_scenario15_CSV_Scenario_Ped_15_Session_temp_2024_03_01_11_47_13_decoded,15,15.0,-0.7636621825488926,44.69624275431416,-6.99991156030317,114.8000030517578
PedNYC6,PedNYC6_scenario15_CSV_Scenario_Ped_15_Session_temp_2024_03_01_11_47_13_decoded,15,16.0,-0.7524685675634438,44.7004163269398,-6.99991196389968,114.80001068115234
PedNYC6,PedNYC6_scenario15_CSV_Scenario_Ped_15_Session_temp_2024_03_01_11_47_13_decoded,15,17.0,-0.7355436503543639,44.70827238631851,-6.999911930636014,114.8000030517578
PedNYC6,PedNYC6_scenario15_CSV_Scenario_Ped_15_Session_temp_2024_03_01_11_47_13_decoded,15,18.0,-0.7204881703554038,44.71866325328086,-6.999911382979374,114.8000030517578
PedNYC6,PedNYC6_scenario15_CSV_Scenario_Ped_15_Session_temp_2024_03_01_11_47_13_decoded,15,19.0,-0.7113395366061928,44.73324035576728,-6.999911785125732,114.8000030517578
PedNYC6,PedNYC6_scenario15_CSV_Scenario_Ped_15_Session_temp_2024_03_01_11_47_13_decoded,15,20.0,-0.7059461276029049,44.74944994607638,-6.999912071229676,114.8000030517578
PedNYC6,PedNYC6_scenario15_CSV_Scenario_Ped_15_Session_temp_2024_03_01_11_47_13_decoded,15,21.0,-0.7013296369230786,44.761959552718764,-6.999911785125732,114.8000030517578
PedNYC6,PedNYC6_scenario15_CSV_Scenario_Ped_15_Session_temp_2024_03_01_11_47_13_decoded,15,22.0,-0.6959935721603443,44.769869321632356,-6.999911806003026,114.8000030517578
PedNYC6,PedNYC6_scenario15_CSV_Scenario_Ped_15_Session_temp_2024_03_01_11_47_13_decoded,15,23.0,-0.6923265099356812,44.77390486038742,-6.999912186693517,114.8000030517578
PedNYC6,PedNYC6_scenario15_CSV_Scenario_Ped_15_Session_temp_2024_03_01_11_47_13_decoded,15,24.0,-0.688323304175753,44.775610084674994,-6.999911785125732,114.80000577318208
PedNYC6,PedNYC6_scenario15_CSV_Scenario_Ped_15_Session_temp_2024_03_01_11_47_13_decoded,15,25.0,-0.6849893354606268,44.77586804126797,-6.999911994137762,114.8000030517578
PedNYC6,PedNYC6_scenario15_CSV_Scenario_Ped_15_Session_temp_2024_03_01_11_47_13_decoded,15,26.0,-0.6817022615854943,44.774406481838454,-6.999911785125732,114.8000030517578
PedNYC6,PedNYC6_scenario15_CSV_Scenario_Ped_15_Session_temp_2024_03_01_11_47_13_decoded,15,27.0,-0.6778573255400955,44.77186349291906,-6.999911785125732,114.8000030517578
PedNYC6,PedNYC6_scenario15_CSV_Scenario_Ped_15_Session_temp_2024_03_01_11_47_13_decoded,15,28.0,-0.6746198199172614,44.76993284973401,-6.9999121652157115,114.8000030517578
PedNYC6,PedNYC6_scenario15_CSV_Scenario_Ped_15_Session_temp_2024_03_01_11_47_13_decoded,15,29.0,-0.671338747834522,44.76807336326213,-6.999911610231618,114.8000030517578
PedNYC6,PedNYC6_scenario15_CSV_Scenario_Ped_15_Session_temp_2024_03_01_11_47_13_decoded,15,30.0,-0.668298428413531,44.76651007258713,-6.999911523676606,114.8000030517578
PedNYC6,PedNYC6_scenario15_CSV_Scenario_Ped_15_Session_temp_2024_03_01_11_47_13_decoded,15,31.0,-0.665776497443258,44.76530354164428,-6.999911785125732,114.8000030517578
PedNYC6,PedNYC6_scenario15_CSV_Scenario_Ped_15_Session_temp_2024_03_01_11_47_13_decoded,15,32.0,-0.6640416789934631,44.76403297914537,-6.999911785125732,114.8000030517578
PedNYC6,PedNYC6_scenario15_CSV_Scenario_Ped_15_Session_temp_2024_03_01_11_47_13_decoded,15,33.0,-0.6635554718239454,44.76049510142578,-6.999912261962891,114.8000030517578
PedNYC6,PedNYC6_scenario15_CSV_Scenario_Ped_15_Session_temp_2024_03_01_11_47_13_decoded,15,34.0,-0.6627916653299176,44.75216237714551,-6.9999121935646,114.80000195738515
PedNYC6,PedNYC6_scenario15_CSV_Scenario_Ped_15_Session_temp_2024_03_01_11_47_13_decoded,15,35.0,-0.6609642935337069,44.7379144251082,-6.999912078097689,114.80000599360103
PedNYC6,PedNYC6_scenario15_CSV_Scenario_Ped_15_Session_temp_2024_03_01_11_47_13_decoded,15,36.0,-0.6611490413471497,44.72579137737225,-6.999911785125732,114.79999730399359
PedNYC6,PedNYC6_scenario15_CSV_Scenario_Ped_15_Session_temp_2024_03_01_11_47_13_decoded,15,37.0,-0.6665494058229414,44.71505561703423,-6.999912261962891,114.8000030517578
PedNYC6,PedNYC6_scenario15_CSV_Scenario_Ped_15_Session_temp_2024_03_01_11_47_13_decoded,15,38.0,-0.6776559630683121,44.705215519159644,-6.999911530127426,114.8000030517578
PedNYC6,PedNYC6_scenario15_CSV_Scenario_Ped_15_Session_temp_2024_03_01_11_47_13_decoded,15,39.0,-0.6935882442879009,44.69549719844748,-6.999912261962891,114.8000030517578
PedNYC6,PedNYC6_scenario15_CSV_Scenario_Ped_15_Session_temp_2024_03_01_11_47_13_decoded,15,40.0,-0.7095482102347049,44.6850287269742,-6.999911785125732,114.8000030517578
PedNYC6,PedNYC6_scenario15_CSV_Scenario_Ped_15_Session_temp_2024_03_01_11_47_13_decoded,15,41.0,-0.7252697774118915,44.67180099235123,-6.999911320449784,114.80000285717844
PedNYC6,PedNYC6_scenario15_CSV_Scenario_Ped_15_Session_temp_2024_03_01_11_47_13_decoded,15,42.0,-0.7364380564095988,44.65831957696663,-6.999911730362672,114.8000030517578
PedNYC6,PedNYC6_scenario15_CSV_Scenario_Ped_15_Session_temp_2024_03_01_11_47_13_decoded,15,43.0,-0.7440154882189293,44.64582911533211,-6.999911785125732,114.8000030517578
PedNYC6,PedNYC6_scenario15_CSV_Scenario_Ped_15_Session_temp_2024_03_01_11_47_13_decoded,15,44.0,-0.7527482508827095,44.63407398584564,-6.999911785125732,114.8000030517578
PedNYC6,PedNYC6_scenario15_CSV_Scenario_Ped_15_Session_temp_2024_03_01_11_47_13_decoded,15,45.0,-0.7629301521468632,44.62369281330931,-6.999911785125732,114.8000030517578
PedNYC6,PedNYC6_scenario15_CSV_Scenario_Ped_15_Session_temp_2024_03_01_11_47_13_decoded,15,46.0,-0.7709745510107314,44.616021677723246,-6.99991165299124,114.8000030517578
PedNYC6,PedNYC6_scenario15_CSV_Scenario_Ped_15_Session_temp_2024_03_01_11_47_13_decoded,15,47.0,-0.7748587628893422,44.61334205968617,-6.999911308288574,114.79999735789568
PedNYC6,PedNYC6_scenario15_CSV_Scenario_Ped_15_Session_temp_2024_03_01_11_47_13_decoded,15,48.0,-0.7766644634499785,44.616890240111026,-6.999911785125732,114.8000044357793
PedNYC6,PedNYC6_scenario15_CSV_Scenario_Ped_15_Session_temp_2024_03_01_11_47_13_decoded,15,49.0,-0.7764761823370416,44.621388588632456,-6.999911785125732,114.8000030517578
PedNYC6,PedNYC6_scenario15_CSV_Scenario_Ped_15_Session_temp_2024_03_01_11_47_13_decoded,15,50.0,-0.774843558443849,44.62530882376938,-6.999911785125732,114.8000030517578
PedNYC6,PedNYC6_scenario15_CSV_Scenario_Ped_15_Session_temp_2024_03_01_11_47_13_decoded,15,51.0,-0.7693435763354627,44.630420068626,-6.999911785125732,114.8000030517578
PedNYC6,PedNYC6_scenario15_CSV_Scenario_Ped_15_Session_temp_2024_03_01_11_47_13_decoded,15,52.0,-0.7598725851028711,44.63654118212625,-6.999911359088865,114.8000030517578
PedNYC6,PedNYC6_scenario15_CSV_Scenario_Ped_15_Session_temp_2024_03_01_11_47_13_decoded,15,53.0,-0.7485721911993075,44.64341645016897,-6.999911927432365,114.8000030517578
PedNYC6,PedNYC6_scenario15_CSV_Scenario_Ped_15_Session_temp_2024_03_01_11_47_13_decoded,15,54.0,-0.7361945561186853,44.64946456550595,-6.999912015497462,114.8000030517578
PedNYC6,PedNYC6_scenario15_CSV_Scenario_Ped_15_Session_temp_2024_03_01_11_47_13_decoded,15,55.0,-0.7240243071298312,44.65463063190836,-6.999911785125732,114.80000293237471
PedNYC6,PedNYC6_scenario15_CSV_Scenario_Ped_15_Session_temp_2024_03_01_11_47_13_decoded,15,56.0,-0.7124328469233255,44.65700769240694,-6.999911785125732,114.8000030517578
PedNYC6,PedNYC6_scenario15_CSV_Scenario_Ped_15_Session_temp_2024_03_01_11_47_13_decoded,15,57.0,-0.7029934063719223,44.65809904340664,-6.999911785125732,114.8000030517578
PedNYC6,PedNYC6_scenario15_CSV_Scenario_Ped_15_Session_temp_2024_03_01_11_47_13_decoded,15,58.0,-0.695751481724659,44.65838269489789,-6.999911785125732,114.8000030517578
PedNYC6,PedNYC6_scenario15_CSV_Scenario_Ped_15_Session_temp_2024_03_01_11_47_13_decoded,15,59.0,-0.6900027752879556,44.65848165801524,-6.999911785125732,114.8000031719875
PedNYC6,PedNYC6_scenario15_CSV_Scenario_Ped_15_Session_temp_2024_03_01_11_47_13_decoded,15,60.0,-0.6861551772399083,44.65807855013804,-6.99991220032178,114.8000030517578
PedNYC6,PedNYC6_scenario15_CSV_Scenario_Ped_15_Session_temp_2024_03_01_11_47_13_decoded,15,61.0,-0.6831271635455678,44.655901856488754,-6.999912116131901,114.80000834785649
PedNYC6,PedNYC6_scenario15_CSV_Scenario_Ped_15_Session_temp_2024_03_01_11_47_13_decoded,15,62.0,-0.6808885294471735,44.652428495570895,-6.999911785125732,114.8000030517578
PedNYC6,PedNYC6_scenario15_CSV_Scenario_Ped_15_Session_temp_2024_03_01_11_47_13_decoded,15,63.0,-0.6794243569952113,44.64605816283758,-6.999911785125732,114.8000030517578
PedNYC6,PedNYC6_scenario15_CSV_Scenario_Ped_15_Session_temp_2024_03_01_11_47_13_decoded,15,64.0,-0.6793845961557898,44.63855248206552,-6.999912119791149,114.8000030517578
PedNYC6,PedNYC6_scenario15_CSV_Scenario_Ped_15_Session_temp_2024_03_01_11_47_13_decoded,15,65.0,-0.6804243586804867,44.625714916860694,-6.999911785125732,114.8000030517578
PedNYC6,PedNYC6_scenario15_CSV_Scenario_Ped_15_Session_temp_2024_03_01_11_47_13_decoded,15,66.0,-0.6865511367434394,44.607524768252716,-6.999911785125732,114.8000030517578
PedNYC6,PedNYC6_scenario15_CSV_Scenario_Ped_15_Session_temp_2024_03_01_11_47_13_decoded,15,67.0,-0.6994380309766948,44.591075478239134,-6.999912104177256,114.8000030517578
PedNYC6,PedNYC6_scenario15_CSV_Scenario_Ped_15_Session_temp_2024_03_01_11_47_13_decoded,15,68.0,-0.7173663831786774,44.58215588383314,-6.999911309066669,114.8000030517578
PedNYC6,PedNYC6_scenario15_CSV_Scenario_Ped_15_Session_temp_2024_03_01_11_47_13_decoded,15,69.0,-0.7324768429791846,44.58154843059458,-6.999911785125732,114.8000030517578
PedNYC6,PedNYC6_scenario15_CSV_Scenario_Ped_15_Session_temp_2024_03_01_11_47_13_decoded,15,70.0,-0.7436670740750182,44.58442550192162,-6.999911785125732,114.8000030517578
PedNYC6,PedNYC6_scenario15_CSV_Scenario_Ped_15_Session_temp_2024_03_01_11_47_13_decoded,15,71.0,-0.7500771043133054,44.587315822954494,-6.999911308288574,114.8000030517578
PedNYC6,PedNYC6_scenario15_CSV_Scenario_Ped_15_Session_temp_2024_03_01_11_47_13_decoded,15,72.0,-0.7570390066562922,44.589243692465416,-6.999911785125732,114.79999564070911
PedNYC6,PedNYC6_scenario15_CSV_Scenario_Ped_15_Session_temp_2024_03_01_11_47_13_decoded,15,73.0,-0.7620253289726235,44.59320908160863,-6.999911829593486,114.8000030517578
PedNYC6,PedNYC6_scenario15_CSV_Scenario_Ped_15_Session_temp_2024_03_01_11_47_13_decoded,15,74.0,-0.7635772610228181,44.60098900298085,-6.999911785125732,114.8000030517578
PedNYC6,PedNYC6_scenario15_CSV_Scenario_Ped_15_Session_temp_2024_03_01_11_47_13_decoded,15,75.0,-0.758720203581653,44.609580980311684,-6.999911308288574,114.8000030517578
PedNYC6,PedNYC6_scenario15_CSV_Scenario_Ped_15_Session_temp_2024_03_01_11_47_13_decoded,15,76.0,-0.7397945692711134,44.61613392478694,-6.999911976310725,114.8000030517578
PedNYC6,PedNYC6_scenario15_CSV_Scenario_Ped_15_Session_temp_2024_03_01_11_47_13_decoded,15,77.0,-0.7162054603544652,44.6205387452,-6.999911785125732,114.80000070342629
PedNYC6,PedNYC6_scenario15_CSV_Scenario_Ped_15_Session_temp_2024_03_01_11_47_13_decoded,15,78.0,-0.6979703160017232,44.6252110653029,-6.999912261962891,114.8000030517578
PedNYC6,PedNYC6_scenario15_CSV_Scenario_Ped_15_Session_temp_2024_03_01_11_47_13_decoded,15,79.0,-0.688558157986646,44.62870730868467,-6.999911335192925,114.8000030517578
PedNYC6,PedNYC6_scenario15_CSV_Scenario_Ped_15_Session_temp_2024_03_01_11_47_13_decoded,15,80.0,-0.6836374822294071,44.631559773465504,-6.999911785125732,114.8000030517578
PedNYC6,PedNYC6_scenario15_CSV_Scenario_Ped_15_Session_temp_2024_03_01_11_47_13_decoded,15,81.0,-0.6728787840630077,44.63624421369755,-6.999911785125732,114.79999611151408
PedNYC6,PedNYC6_scenario15_CSV_Scenario_Ped_15_Session_temp_2024_03_01_11_47_13_decoded,15,82.0,-0.6543979765114691,44.645670527128395,-6.999911858296566,114.8000030517578
PedNYC6,PedNYC6_scenario15_CSV_Scenario_Ped_15_Session_temp_2024_03_01_11_47_13_decoded,15,83.0,-0.6371162029611357,44.6576098430001,-6.999911785125732,114.8000067426962
PedNYC6,PedNYC6_scenario15_CSV_Scenario_Ped_15_Session_temp_2024_03_01_11_47_13_decoded,15,84.0,-0.6273937525973368,44.6657042449071,-6.999912095087782,114.8000030517578
PedNYC6,PedNYC6_scenario15_CSV_Scenario_Ped_15_Session_temp_2024_03_01_11_47_13_decoded,15,85.0,-0.6261722898999521,44.66876018792617,-6.999911785125732,114.8000030517578
PedNYC6,PedNYC6_scenario15_CSV_Scenario_Ped_15_Session_temp_2024_03_01_11_47_13_decoded,15,86.0,-0.6339681340498032,44.66674329945158,-6.999911610135699,114.8000030517578
PedNYC6,PedNYC6_scenario15_CSV_Scenario_Ped_15_Session_temp_2024_03_01_11_47_13_decoded,15,87.0,-0.6487444853660586,44.661864254540205,-6.9999118696998055,114.8000030517578
PedNYC6,PedNYC6_scenario15_CSV_Scenario_Ped_15_Session_temp_2024_03_01_11_47_13_decoded,15,88.0,-0.6691696778524232,44.653960761916544,-6.999911785125732,114.80000313514425
PedNYC6,PedNYC6_scenario15_CSV_Scenario_Ped_15_Session_temp_2024_03_01_11_47_13_decoded,15,89.0,-0.6916923117032684,44.64355217601863,-6.999911785125732,114.8000030517578
PedNYC6,PedNYC6_scenario15_CSV_Scenario_Ped_15_Session_temp_2024_03_01_11_47_13_decoded,15,90.0,-0.7141864019020208,44.63280509611831,-6.999911765096913,114.8000030517578
PedNYC6,PedNYC6_scenario15_CSV_Scenario_Ped_15_Session_temp_2024_03_01_11_47_13_decoded,15,91.0,-0.7327869252876724,44.62433612424731,-6.999911438482819,114.8000030517578
PedNYC6,PedNYC6_scenario15_CSV_Scenario_Ped_15_Session_temp_2024_03_01_11_47_13_decoded,15,92.0,-0.7462433406534742,44.61951874036187,-6.999911785125732,114.8000030517578
PedNYC6,PedNYC6_scenario15_CSV_Scenario_Ped_15_Session_temp_2024_03_01_11_47_13_decoded,15,93.0,-0.7546580693762205,44.618694325716,-6.99991190962834,114.79999741440498
PedNYC6,PedNYC6_scenario15_CSV_Scenario_Ped_15_Session_temp_2024_03_01_11_47_13_decoded,15,94.0,-0.7568713242528345,44.62018294490568,-6.99991151231784,114.8000030517578
PedNYC6,PedNYC6_scenario15_CSV_Scenario_Ped_15_Session_temp_2024_03_01_11_47_13_decoded,15,95.0,-0.7515012789468228,44.62482306962938,-6.999911785125732,114.80000613295714
PedNYC6,PedNYC6_scenario15_CSV_Scenario_Ped_15_Session_temp_2024_03_01_11_47_13_decoded,15,96.0,-0.7378546033210859,44.62928549769263,-6.999911785125732,114.80000993394403
PedNYC6,PedNYC6_scenario15_CSV_Scenario_Ped_15_Session_temp_2024_03_01_11_47_13_decoded,15,97.0,-0.7183101109554884,44.6332888222329,-6.999912261962891,114.80000581761921
PedNYC6,PedNYC6_scenario15_CSV_Scenario_Ped_15_Session_temp_2024_03_01_11_47_13_decoded,15,98.0,-0.6946036355009552,44.63737968576368,-6.99991197989638,114.8000030517578
PedNYC6,PedNYC6_scenario15_CSV_Scenario_Ped_15_Session_temp_2024_03_01_11_47_13_decoded,15,99.0,-0.6716339664856678,44.641276427871,-6.999911785125732,114.8000030517578
PedNYC6,PedNYC6_scenario15_CSV_Scenario_Ped_15_Session_temp_2024_03_01_11_47_13_decoded,15,100.0,-0.6472995281219482,44.64540863037109,-6.999911308288574,114.8000030517578
PedNYC6,PedNYC6_scenario15_CSV_Scenario_Ped_15_Session_temp_2024_03_01_11_48_06_decoded,15,0.0,-0.6996053457260132,44.56455993652344,-6.999911308288574,114.8000030517578
PedNYC6,PedNYC6_scenario15_CSV_Scenario_Ped_15_Session_temp_2024_03_01_11_48_06_decoded,15,1.0,-0.7008280520033165,44.56583022101358,-6.999912242475406,114.8000030517578
PedNYC6,PedNYC6_scenario15_CSV_Scenario_Ped_15_Session_temp_2024_03_01_11_48_06_decoded,15,2.0,-0.7017949195680191,44.56687927246094,-6.999911785125732,114.8000030517578
PedNYC6,PedNYC6_scenario15_CSV_Scenario_Ped_15_Session_temp_2024_03_01_11_48_06_decoded,15,3.0,-0.7007528219912927,44.569273876098336,-6.999912261962891,114.8000030517578
PedNYC6,PedNYC6_scenario15_CSV_Scenario_Ped_15_Session_temp_2024_03_01_11_48_06_decoded,15,4.0,-0.7153699526367379,44.57175951809575,-6.999911825233001,114.8000030517578
PedNYC6,PedNYC6_scenario15_CSV_Scenario_Ped_15_Session_temp_2024_03_01_11_48_06_decoded,15,5.0,-0.7204824998421651,44.57214204211434,-6.999911621978421,114.8000030517578
PedNYC6,PedNYC6_scenario15_CSV_Scenario_Ped_15_Session_temp_2024_03_01_11_48_06_decoded,15,6.0,-0.6947908738691527,44.57593589464184,-6.9999121515901885,114.8000030517578
PedNYC6,PedNYC6_scenario15_CSV_Scenario_Ped_15_Session_temp_2024_03_01_11_48_06_decoded,15,7.0,-0.6889790541039832,44.57371210865537,-6.999911785125732,114.8000030517578
PedNYC6,PedNYC6_scenario15_CSV_Scenario_Ped_15_Session_temp_2024_03_01_11_48_06_decoded,15,8.0,-0.6929757046608805,44.57649721742365,-6.9999119217702415,114.8000030517578
PedNYC6,PedNYC6_scenario15_CSV_Scenario_Ped_15_Session_temp_2024_03_01_11_48_06_decoded,15,9.0,-0.6943739417896881,44.57524881892644,-6.999911785125732,114.8000030517578
PedNYC6,PedNYC6_scenario15_CSV_Scenario_Ped_15_Session_temp_2024_03_01_11_48_06_decoded,15,10.0,-0.698758192414838,44.57003355198975,-6.999911548913134,114.8000030517578
PedNYC6,PedNYC6_scenario15_CSV_Scenario_Ped_15_Session_temp_2024_03_01_11_48_06_decoded,15,11.0,-0.6948730228625565,44.561897928871936,-6.999911785125732,114.7999995063646
PedNYC6,PedNYC6_scenario15_CSV_Scenario_Ped_15_Session_temp_2024_03_01_11_48_06_decoded,15,12.0,-0.6855205766727012,44.56854613449704,-6.9999115200568065,114.8000030517578
PedNYC6,PedNYC6_scenario15_CSV_Scenario_Ped_15_Session_temp_2024_03_01_11_48_06_decoded,15,13.0,-0.6839340109194137,44.57609193534065,-6.999912261962891,114.8000030517578
PedNYC6,PedNYC6_scenario15_CSV_Scenario_Ped_15_Session_temp_2024_03_01_11_48_06_decoded,15,14.0,-0.6874702211654927,44.5777083041934,-6.999911667413184,114.8000030517578
PedNYC6,PedNYC6_scenario15_CSV_Scenario_Ped_15_Session_temp_2024_03_01_11_48_06_decoded,15,15.0,-0.6824724262055951,44.57341150294933,-6.999911893862131,114.8000030517578
PedNYC6,PedNYC6_scenario15_CSV_Scenario_Ped_15_Session_temp_2024_03_01_11_48_06_decoded,15,16.0,-0.6772919900015573,44.568106034472,-6.9999118402363525,114.8000030517578
PedNYC6,PedNYC6_scenario15_CSV_Scenario_Ped_15_Session_temp_2024_03_01_11_48_06_decoded,15,17.0,-0.6739589691164342,44.56575523567356,-6.999911337742881,114.8000035230267
PedNYC6,PedNYC6_scenario15_CSV_Scenario_Ped_15_Session_temp_2024_03_01_11_48_06_decoded,15,18.0,-0.6854518614047652,44.56141482057597,-6.999911339324084,114.79999591893144
PedNYC6,PedNYC6_scenario15_CSV_Scenario_Ped_15_Session_temp_2024_03_01_11_48_06_decoded,15,19.0,-0.696310954467381,44.56293092277322,-6.999911785125732,114.8000030517578
PedNYC6,PedNYC6_scenario15_CSV_Scenario_Ped_15_Session_temp_2024_03_01_11_48_06_decoded,15,20.0,-0.615564784824667,44.629938618928605,-6.999911785125732,114.8000030517578
PedNYC6,PedNYC6_scenario15_CSV_Scenario_Ped_15_Session_temp_2024_03_01_11_48_06_decoded,15,21.0,-0.6757789452989948,44.66982688921956,-6.999911649410588,114.8000030517578
PedNYC6,PedNYC6_scenario15_CSV_Scenario_Ped_15_Session_temp_2024_03_01_11_48_06_decoded,15,22.0,-0.7145259096421085,44.698672983097104,-6.999911785125732,114.8000030517578
PedNYC6,PedNYC6_scenario15_CSV_Scenario_Ped_15_Session_temp_2024_03_01_11_48_06_decoded,15,23.0,-0.7260740620770577,44.69300604691945,-6.999912261962891,114.8000030517578
PedNYC6,PedNYC6_scenario15_CSV_Scenario_Ped_15_Session_temp_2024_03_01_11_48_06_decoded,15,24.0,-0.7366275443785107,44.67619713017762,-6.999912261962891,114.8000030517578
PedNYC6,PedNYC6_scenario15_CSV_Scenario_Ped_15_Session_temp_2024_03_01_11_48_06_decoded,15,25.0,-0.7380040698900482,44.66752326128173,-6.999911785125732,114.8000030517578
PedNYC6,PedNYC6_scenario15_CSV_Scenario_Ped_15_Session_temp_2024_03_01_11_48_06_decoded,15,26.0,-0.7053362938463126,44.64248634640092,-6.999911785125732,114.8000030517578
PedNYC6,PedNYC6_scenario15_CSV_Scenario_Ped_15_Session_temp_2024_03_01_11_48_06_decoded,15,27.0,-0.7000122975512084,44.626687201135795,-6.999911673082257,114.8000030517578
PedNYC6,PedNYC6_scenario15_CSV_Scenario_Ped_15_Session_temp_2024_03_01_11_48_06_decoded,15,28.0,-0.6849581011545087,44.60673937989059,-6.999911785125732,114.8000030517578
PedNYC6,PedNYC6_scenario15_CSV_Scenario_Ped_15_Session_temp_2024_03_01_11_48_06_decoded,15,29.0,-0.6200863878319308,44.624978165456504,-6.999911785125732,114.8000030517578
PedNYC6,PedNYC6_scenario15_CSV_Scenario_Ped_15_Session_temp_2024_03_01_11_48_06_decoded,15,30.0,-0.6489302478534881,44.58314491368596,-6.999911785125732,114.8000030517578
PedNYC6,PedNYC6_scenario15_CSV_Scenario_Ped_15_Session_temp_2024_03_01_11_48_06_decoded,15,31.0,-0.6594051606860685,44.5604461994703,-6.999911785125732,114.8000030517578
PedNYC6,PedNYC6_scenario15_CSV_Scenario_Ped_15_Session_temp_2024_03_01_11_48_06_decoded,15,32.0,-0.663665154898163,44.54775093184969,-6.9999120364390786,114.8000030517578
PedNYC6,PedNYC6_scenario15_CSV_Scenario_Ped_15_Session_temp_2024_03_01_11_48_06_decoded,15,33.0,-0.6683161594073984,44.542028796533394,-6.999911747602427,114.8000030517578
PedNYC6,PedNYC6_scenario15_CSV_Scenario_Ped_15_Session_temp_2024_03_01_11_48_06_decoded,15,34.0,-0.6726707440588464,44.541572339918,-6.9999115227034086,114.8000030517578
PedNYC6,PedNYC6_scenario15_CSV_Scenario_Ped_15_Session_temp_2024_03_01_11_48_06_decoded,15,35.0,-0.6756786470174531,44.544633265689,-6.999911649214508,114.8000030517578
PedNYC6,PedNYC6_scenario15_CSV_Scenario_Ped_15_Session_temp_2024_03_01_11_48_06_decoded,15,36.0,-0.6763367481212802,44.549084533782064,-6.999911785125732,114.8000030517578
PedNYC6,PedNYC6_scenario15_CSV_Scenario_Ped_15_Session_temp_2024_03_01_11_48_06_decoded,15,37.0,-0.6621514722299064,44.56490854693662,-6.999911785125732,114.8000030517578
PedNYC6,PedNYC6_scenario15_CSV_Scenario_Ped_15_Session_temp_2024_03_01_11_48_06_decoded,15,38.0,-0.6597730450105008,44.58646761435184,-6.999911971012238,114.8000030517578
PedNYC6,PedNYC6_scenario15_CSV_Scenario_Ped_15_Session_temp_2024_03_01_11_48_06_decoded,15,39.0,-0.6617564697828803,44.58818177648213,-6.99991173516554,114.8000030517578
PedNYC6,PedNYC6_scenario15_CSV_Scenario_Ped_15_Session_temp_2024_03_01_11_48_06_decoded,15,40.0,-0.6656769114536307,44.580293759150244,-6.999911790057989,114.8000030517578
PedNYC6,PedNYC6_scenario15_CSV_Scenario_Ped_15_Session_temp_2024_03_01_11_48_06_decoded,15,41.0,-0.6781508830891598,44.558702645115844,-6.999911358965841,114.8000030517578
PedNYC6,PedNYC6_scenario15_CSV_Scenario_Ped_15_Session_temp_2024_03_01_11_48_06_decoded,15,42.0,-0.6740598108069705,44.555207016389005,-6.999911785125732,114.8000030517578
PedNYC6,PedNYC6_scenario15_CSV_Scenario_Ped_15_Session_temp_2024_03_01_11_48_06_decoded,15,43.0,-0.673510033172135,44.55531589427806,-6.999911785125732,114.8000030517578
PedNYC6,PedNYC6_scenario15_CSV_Scenario_Ped_15_Session_temp_2024_03_01_11_48_06_decoded,15,44.0,-0.6715182036022463,44.55703063632728,-6.999911513216931,114.7999997729041
PedNYC6,PedNYC6_scenario15_CSV_Scenario_Ped_15_Session_temp_2024_03_01_11_48_06_decoded,15,45.0,-0.6715663307544044,44.55710526641572,-6.999911785125732,114.8000030517578
PedNYC6,PedNYC6_scenario15_CSV_Scenario_Ped_15_Session_temp_2024_03_01_11_48_06_decoded,15,46.0,-0.6722640991210938,44.557861328125,-6.999911785125732,114.8000030517578
PedNYC6,PedNYC6_scenario15_CSV_Scenario_Ped_15_Session_temp_2024_03_01_11_48_06_decoded,15,47.0,-0.6729629016070694,44.55862045288086,-6.999911785125732,114.8000030517578
PedNYC6,PedNYC6_scenario15_CSV_Scenario_Ped_15_Session_temp_2024_03_01_11_48_06_decoded,15,48.0,-0.6743924831035117,44.56017155428619,-6.999911785125732,114.8000030517578
PedNYC6,PedNYC6_scenario15_CSV_Scenario_Ped_15_Session_temp_2024_03_01_11_48_06_decoded,15,49.0,-0.6717848134877679,44.556317687671964,-6.999911785125732,114.8000030517578
PedNYC6,PedNYC6_scenario15_CSV_Scenario_Ped_15_Session_temp_2024_03_01_11_48_06_decoded,15,50.0,-0.664845992845523,44.536913877814136,-6.999911785125732,114.8000094404826
PedNYC6,PedNYC6_scenario15_CSV_Scenario_Ped_15_Session_temp_2024_03_01_11_48_06_decoded,15,51.0,-0.6672521450644745,44.49609150655084,-6.999911969555993,114.8000030517578
PedNYC6,PedNYC6_scenario15_CSV_Scenario_Ped_15_Session_temp_2024_03_01_11_48_06_decoded,15,52.0,-0.6982106769054662,44.4604833688249,-6.99991194832874,114.8000030517578
PedNYC6,PedNYC6_scenario15_CSV_Scenario_Ped_15_Session_temp_2024_03_01_11_48_06_decoded,15,53.0,-0.6486386915907564,44.48711092516587,-6.999911356856997,114.8000030517578
PedNYC6,PedNYC6_scenario15_CSV_Scenario_Ped_15_Session_temp_2024_03_01_11_48_06_decoded,15,54.0,-0.5913817533645253,44.510598545486644,-6.999911785125732,114.8000030517578
PedNYC6,PedNYC6_scenario15_CSV_Scenario_Ped_15_Session_temp_2024_03_01_11_48_06_decoded,15,55.0,-0.589411330418848,44.50476383642484,-6.999911648559113,114.8000030517578
PedNYC6,PedNYC6_scenario15_CSV_Scenario_Ped_15_Session_temp_2024_03_01_11_48_06_decoded,15,56.0,-0.58350488345973,44.49633312889585,-6.999911785125732,114.8000030517578
PedNYC6,PedNYC6_scenario15_CSV_Scenario_Ped_15_Session_temp_2024_03_01_11_48_06_decoded,15,57.0,-0.5841215659646407,44.49242726629736,-6.999911715171937,114.8000030517578
PedNYC6,PedNYC6_scenario15_CSV_Scenario_Ped_15_Session_temp_2024_03_01_11_48_06_decoded,15,58.0,-0.5824009254174884,44.495180746501326,-6.9999115099962586,114.8000030517578
PedNYC6,PedNYC6_scenario15_CSV_Scenario_Ped_15_Session_temp_2024_03_01_11_48_06_decoded,15,59.0,-0.5830509770069543,44.505904193881705,-6.999911785125732,114.8000030517578
PedNYC6,PedNYC6_scenario15_CSV_Scenario_Ped_15_Session_temp_2024_03_01_11_48_06_decoded,15,60.0,-0.5853735659930751,44.510712543479414,-6.999911831284383,114.8000030517578
PedNYC6,PedNYC6_scenario15_CSV_Scenario_Ped_15_Session_temp_2024_03_01_11_48_06_decoded,15,61.0,-0.6740303823830441,44.50795967995793,-6.999911785125732,114.79999887835132
PedNYC6,PedNYC6_scenario15_CSV_Scenario_Ped_15_Session_temp_2024_03_01_11_48_06_decoded,15,62.0,-0.7039070306372076,44.5114866367401,-6.999911785125732,114.8000030517578
PedNYC6,PedNYC6_scenario15_CSV_Scenario_Ped_15_Session_temp_2024_03_01_11_48_06_decoded,15,63.0,-0.703388636846439,44.505254469121695,-6.999911785125732,114.8000030517578
PedNYC6,PedNYC6_scenario15_CSV_Scenario_Ped_15_Session_temp_2024_03_01_11_48_06_decoded,15,64.0,-0.703113251076817,44.500329848928395,-6.999911785125732,114.8000030517578
PedNYC6,PedNYC6_scenario15_CSV_Scenario_Ped_15_Session_temp_2024_03_01_11_48_06_decoded,15,65.0,-0.7037375051159899,44.49846783375764,-6.999911785125732,114.79999773173765
PedNYC6,PedNYC6_scenario15_CSV_Scenario_Ped_15_Session_temp_2024_03_01_11_48_06_decoded,15,66.0,-0.7032734304968373,44.503620420735416,-6.9999119046905305,114.8000030517578
PedNYC6,PedNYC6_scenario15_CSV_Scenario_Ped_15_Session_temp_2024_03_01_11_48_06_decoded,15,67.0,-0.7040207032894539,44.50587186098151,-6.9999119479011505,114.8000030517578
PedNYC6,PedNYC6_scenario15_CSV_Scenario_Ped_15_Session_temp_2024_03_01_11_48_06_decoded,15,68.0,-0.7051061301917964,44.50558040306397,-6.999911785125732,114.8000030517578
PedNYC6,PedNYC6_scenario15_CSV_Scenario_Ped_15_Session_temp_2024_03_01_11_48_06_decoded,15,69.0,-0.7051870916807652,44.50413633180074,-6.999911745613056,114.8000030517578
PedNYC6,PedNYC6_scenario15_CSV_Scenario_Ped_15_Session_temp_2024_03_01_11_48_06_decoded,15,70.0,-0.7002939504730162,44.50587512211162,-6.999911785125732,114.8000030517578
PedNYC6,PedNYC6_scenario15_CSV_Scenario_Ped_15_Session_temp_2024_03_01_11_48_06_decoded,15,71.0,-0.7006430145708299,44.50551258278267,-6.999911785125732,114.8000030517578
PedNYC6,PedNYC6_scenario15_CSV_Scenario_Ped_15_Session_temp_2024_03_01_11_48_06_decoded,15,72.0,-0.6979612066904984,44.5089294118575,-6.999912088671768,114.8000030517578
PedNYC6,PedNYC6_scenario15_CSV_Scenario_Ped_15_Session_temp_2024_03_01_11_48_06_decoded,15,73.0,-0.6675362825280473,44.534843358459405,-6.99991135867137,114.8000030517578
PedNYC6,PedNYC6_scenario15_CSV_Scenario_Ped_15_Session_temp_2024_03_01_11_48_06_decoded,15,74.0,-0.6222387869304212,44.55596940602614,-6.999911875539414,114.8000030517578
PedNYC6,PedNYC6_scenario15_CSV_Scenario_Ped_15_Session_temp_2024_03_01_11_48_06_decoded,15,75.0,-0.7063678556467935,44.528048360745345,-6.999911544656391,114.8000030517578
PedNYC6,PedNYC6_scenario15_CSV_Scenario_Ped_15_Session_temp_2024_03_01_11_48_06_decoded,15,76.0,-0.8141940105860993,44.48712437722192,-6.999912176625448,114.8000030517578
PedNYC6,PedNYC6_scenario15_CSV_Scenario_Ped_15_Session_temp_2024_03_01_11_48_06_decoded,15,77.0,-0.7799523620255713,44.51007456916457,-6.999912070729919,114.8000030517578
PedNYC6,PedNYC6_scenario15_CSV_Scenario_Ped_15_Session_temp_2024_03_01_11_48_06_decoded,15,78.0,-0.730893731110816,44.52376536651413,-6.999911860683581,114.8000030517578
PedNYC6,PedNYC6_scenario15_CSV_Scenario_Ped_15_Session_temp_2024_03_01_11_48_06_decoded,15,79.0,-0.7294188592858262,44.52146051692685,-6.999911785125732,114.8000030517578
PedNYC6,PedNYC6_scenario15_CSV_Scenario_Ped_15_Session_temp_2024_03_01_11_48_06_decoded,15,80.0,-0.7518177029720161,44.565916548328104,-6.999911785125732,114.8000030517578
PedNYC6,PedNYC6_scenario15_CSV_Scenario_Ped_15_Session_temp_2024_03_01_11_48_06_decoded,15,81.0,-0.7741782725052428,44.56599955711262,-6.999911343585687,114.8000030517578
PedNYC6,PedNYC6_scenario15_CSV_Scenario_Ped_15_Session_temp_2024_03_01_11_48_06_decoded,15,82.0,-0.7702910491929695,44.53780719312483,-6.999911785125732,114.8000030517578
PedNYC6,PedNYC6_scenario15_CSV_Scenario_Ped_15_Session_temp_2024_03_01_11_48_06_decoded,15,83.0,-0.7275451409301994,44.519262164357244,-6.999911785125732,114.8000030517578
PedNYC6,PedNYC6_scenario15_CSV_Scenario_Ped_15_Session_temp_2024_03_01_11_48_06_decoded,15,84.0,-0.6602190419590539,44.465127602662044,-6.999911336951679,114.8000030517578
PedNYC6,PedNYC6_scenario15_CSV_Scenario_Ped_15_Session_temp_2024_03_01_11_48_06_decoded,15,85.0,-0.7505707784105632,44.44221077253475,-6.999911914291916,114.8000030517578
PedNYC6,PedNYC6_scenario15_CSV_Scenario_Ped_15_Session_temp_2024_03_01_11_48_06_decoded,15,86.0,-0.7006673426844415,44.55928814903284,-6.999911522822082,114.8000030517578
PedNYC6,PedNYC6_scenario15_CSV_Scenario_Ped_15_Session_temp_2024_03_01_11_48_06_decoded,15,87.0,-0.6451613502456403,44.63794110817818,-6.999911845178028,114.8000030517578
PedNYC6,PedNYC6_scenario15_CSV_Scenario_Ped_15_Session_temp_2024_03_01_11_48_06_decoded,15,88.0,-0.6770593624027228,44.6075056560493,-6.999911785125732,114.8000030517578
PedNYC6,PedNYC6_scenario15_CSV_Scenario_Ped_15_Session_temp_2024_03_01_11_48_06_decoded,15,89.0,-0.7618130462813669,44.63169439621251,-6.99991222120903,114.8000030517578
PedNYC6,PedNYC6_scenario15_CSV_Scenario_Ped_15_Session_temp_2024_03_01_11_48_06_decoded,15,90.0,-0.7785090572328549,44.616576332394224,-6.999912101537725,114.8000030517578
PedNYC6,PedNYC6_scenario15_CSV_Scenario_Ped_15_Session_temp_2024_03_01_11_48_06_decoded,15,91.0,-0.7978907533513913,44.559842525183996,-6.999911785125732,114.8000030517578
PedNYC6,PedNYC6_scenario15_CSV_Scenario_Ped_15_Session_temp_2024_03_01_11_48_06_decoded,15,92.0,-0.8297033322059578,44.57119036280057,-6.999911999278941,114.8000030517578
PedNYC6,PedNYC6_scenario15_CSV_Scenario_Ped_15_Session_temp_2024_03_01_11_48_06_decoded,15,93.0,-0.7718428692564937,44.69667786940509,-6.999911785125732,114.8000030517578
PedNYC6,PedNYC6_scenario15_CSV_Scenario_Ped_15_Session_temp_2024_03_01_11_48_06_decoded,15,94.0,-0.7221176484356641,44.72524642909162,-6.999911785125732,114.79999793980421
PedNYC6,PedNYC6_scenario15_CSV_Scenario_Ped_15_Session_temp_2024_03_01_11_48_06_decoded,15,95.0,-0.6998548927728838,44.706274849636486,-6.999911785125732,114.8000030517578
PedNYC6,PedNYC6_scenario15_CSV_Scenario_Ped_15_Session_temp_2024_03_01_11_48_06_decoded,15,96.0,-0.7249616513319616,44.68787527587783,-6.999911785125732,114.8000030517578
PedNYC6,PedNYC6_scenario15_CSV_Scenario_Ped_15_Session_temp_2024_03_01_11_48_06_decoded,15,97.0,-0.7443810358040865,44.6689952424273,-6.999912154693827,114.8000030517578
PedNYC6,PedNYC6_scenario15_CSV_Scenario_Ped_15_Session_temp_2024_03_01_11_48_06_decoded,15,98.0,-0.7472310595166972,44.65534725377296,-6.999911785125732,114.8000030517578
PedNYC6,PedNYC6_scenario15_CSV_Scenario_Ped_15_Session_temp_2024_03_01_11_48_06_decoded,15,99.0,-0.6897868650584983,44.629954958088575,-6.999911704377291,114.8000030517578
PedNYC6,PedNYC6_scenario15_CSV_Scenario_Ped_15_Session_temp_2024_03_01_11_48_06_decoded,15,100.0,-0.6323127746582031,44.58079147338867,-6.999911785125732,114.8000030517578
PedNYC6,PedNYC6_scenario15_CSV_Scenario_Ped_15_Session_temp_2024_03_01_11_52_52_decoded,15,0.0,-0.8004089593887329,44.895790100097656,2.266687154769897,83.98983764648438
PedNYC6,PedNYC6_scenario15_CSV_Scenario_Ped_15_Session_temp_2024_03_01_11_52_52_decoded,15,1.0,-0.7867059476270944,45.01209153195129,2.2599200651534073,82.41234895429655
PedNYC6,PedNYC6_scenario15_CSV_Scenario_Ped_15_Session_temp_2024_03_01_11_52_52_decoded,15,2.0,-0.7656979906519679,45.15565611118346,2.2832819960410133,80.93833361133676
PedNYC6,PedNYC6_scenario15_CSV_Scenario_Ped_15_Session_temp_2024_03_01_11_52_52_decoded,15,3.0,-0.797339877419867,45.312211683167156,2.313213584306239,79.56162770564566
PedNYC6,PedNYC6_scenario15_CSV_Scenario_Ped_15_Session_temp_2024_03_01_11_52_52_decoded,15,4.0,-0.9131355889131446,45.49685395957659,2.3294332926762804,78.275556487612
PedNYC6,PedNYC6_scenario15_CSV_Scenario_Ped_15_Session_temp_2024_03_01_11_52_52_decoded,15,5.0,-1.022135927936946,45.68596019613745,2.32678404704985,77.0743761375357
PedNYC6,PedNYC6_scenario15_CSV_Scenario_Ped_15_Session_temp_2024_03_01_11_52_52_decoded,15,6.0,-1.0912875109359514,45.90249032481701,2.312695298692184,75.95248938634148
PedNYC6,PedNYC6_scenario15_CSV_Scenario_Ped_15_Session_temp_2024_03_01_11_52_52_decoded,15,7.0,-1.1578799002899423,46.1435763514914,2.298592793220311,74.9043643630698
PedNYC6,PedNYC6_scenario15_CSV_Scenario_Ped_15_Session_temp_2024_03_01_11_52_52_decoded,15,8.0,-1.2579440024255548,46.341348916473656,2.292646270929525,73.92380290743723
PedNYC6,PedNYC6_scenario15_CSV_Scenario_Ped_15_Session_temp_2024_03_01_11_52_52_decoded,15,9.0,-1.3983461775379378,46.53903676222039,2.293065454289766,72.99350706209968
PedNYC6,PedNYC6_scenario15_CSV_Scenario_Ped_15_Session_temp_2024_03_01_11_52_52_decoded,15,10.0,-1.4956026178515356,46.749238350950215,2.2986422390120587,72.07645152548497
PedNYC6,PedNYC6_scenario15_CSV_Scenario_Ped_15_Session_temp_2024_03_01_11_52_52_decoded,15,11.0,-1.5329157449175899,47.00498292526013,2.3061405477440684,71.17702715804026
PedNYC6,PedNYC6_scenario15_CSV_Scenario_Ped_15_Session_temp_2024_03_01_11_52_52_decoded,15,12.0,-1.5354323688707978,47.217351306556154,2.3137680505094154,70.32571246836197
PedNYC6,PedNYC6_scenario15_CSV_Scenario_Ped_15_Session_temp_2024_03_01_11_52_52_decoded,15,13.0,-1.541723323067785,47.47666643224547,2.3212567110180795,69.52787418363405
PedNYC6,PedNYC6_scenario15_CSV_Scenario_Ped_15_Session_temp_2024_03_01_11_52_52_decoded,15,14.0,-1.5677489421946527,47.71533936560554,2.3285686801024466,68.78186967485854
PedNYC6,PedNYC6_scenario15_CSV_Scenario_Ped_15_Session_temp_2024_03_01_11_52_52_decoded,15,15.0,-1.5708925221825514,47.93564340932147,2.3358821391897826,68.08479776096362
PedNYC6,PedNYC6_scenario15_CSV_Scenario_Ped_15_Session_temp_2024_03_01_11_52_52_decoded,15,16.0,-1.6518480548685606,48.11151952312478,2.3431255524961503,67.4335302887542
PedNYC6,PedNYC6_scenario15_CSV_Scenario_Ped_15_Session_temp_2024_03_01_11_52_52_decoded,15,17.0,-1.8500192792181036,48.29111954937977,2.350221885452309,66.82490587510259
PedNYC6,PedNYC6_scenario15_CSV_Scenario_Ped_15_Session_temp_2024_03_01_11_52_52_decoded,15,18.0,-2.026624780894474,48.46561807909813,2.357275918304933,66.25634158749634
PedNYC6,PedNYC6_scenario15_CSV_Scenario_Ped_15_Session_temp_2024_03_01_11_52_52_decoded,15,19.0,-2.2032154922914335,48.68235146756078,2.3641949717339177,65.7250254742239
PedNYC6,PedNYC6_scenario15_CSV_Scenario_Ped_15_Session_temp_2024_03_01_11_52_52_decoded,15,20.0,-2.3751018609053776,48.84044452220821,2.3706475007522574,65.2503283272458
PedNYC6,PedNYC6_scenario15_CSV_Scenario_Ped_15_Session_temp_2024_03_01_11_52_52_decoded,15,21.0,-2.5968342920621206,48.95716766962018,2.3748789580024163,64.9484899009804
PedNYC6,PedNYC6_scenario15_CSV_Scenario_Ped_15_Session_temp_2024_03_01_11_52_52_decoded,15,22.0,-2.8126607320430512,49.102645641687076,2.3770848227787607,64.73622783627603
PedNYC6,PedNYC6_scenario15_CSV_Scenario_Ped_15_Session_temp_2024_03_01_11_52_52_decoded,15,23.0,-2.962023776701068,49.27202596885556,2.376422869850159,64.53818115926036
PedNYC6,PedNYC6_scenario15_CSV_Scenario_Ped_15_Session_temp_2024_03_01_11_52_52_decoded,15,24.0,-3.1427396493571758,49.49515240735354,2.371817114983291,64.34550332310523
PedNYC6,PedNYC6_scenario15_CSV_Scenario_Ped_15_Session_temp_2024_03_01_11_52_52_decoded,15,25.0,-3.3111311121277924,49.64164849226621,2.362199508345599,64.10786862471718
PedNYC6,PedNYC6_scenario15_CSV_Scenario_Ped_15_Session_temp_2024_03_01_11_52_52_decoded,15,26.0,-3.4311363479958157,49.79015864931803,2.344709530130198,63.79826719919525
PedNYC6,PedNYC6_scenario15_CSV_Scenario_Ped_15_Session_temp_2024_03_01_11_52_52_decoded,15,27.0,-3.485949380987879,49.96809862306514,2.3113390042789637,63.41354601690894
PedNYC6,PedNYC6_scenario15_CSV_Scenario_Ped_15_Session_temp_2024_03_01_11_52_52_decoded,15,28.0,-3.51984369450917,50.13857205740358,2.2519819449889518,62.96947875775719
PedNYC6,PedNYC6_scenario15_CSV_Scenario_Ped_15_Session_temp_2024_03_01_11_52_52_decoded,15,29.0,-3.5731481161705636,50.279287974426396,2.1723920723860357,62.52388974246999
PedNYC6,PedNYC6_scenario15_CSV_Scenario_Ped_15_Session_temp_2024_03_01_11_52_52_decoded,15,30.0,-3.627061645187929,50.397196892647834,2.077096421045201,62.10899024143677
PedNYC6,PedNYC6_scenario15_CSV_Scenario_Ped_15_Session_temp_2024_03_01_11_52_52_decoded,15,31.0,-3.6373204512888466,50.48828660680269,1.9882083104812869,61.79891583471315
PedNYC6,PedNYC6_scenario15_CSV_Scenario_Ped_15_Session_temp_2024_03_01_11_52_52_decoded,15,32.0,-3.5834986351268605,50.57036658405494,1.9606423256041368,61.713895814791336
PedNYC6,PedNYC6_scenario15_CSV_Scenario_Ped_15_Session_temp_2024_03_01_11_52_52_decoded,15,33.0,-3.4854251702426136,50.640588932840025,1.9604909553507865,61.71351623535156
PedNYC6,PedNYC6_scenario15_CSV_Scenario_Ped_15_Session_temp_2024_03_01_11_52_52_decoded,15,34.0,-3.4070902911757344,50.68532581525676,1.9605281064066982,61.71366831906423
PedNYC6,PedNYC6_scenario15_CSV_Scenario_Ped_15_Session_temp_2024_03_01_11_52_52_decoded,15,35.0,-3.3685307602084174,50.7321364587488,1.9574576669247081,61.70522286962564
PedNYC6,PedNYC6_scenario15_CSV_Scenario_Ped_15_Session_temp_2024_03_01_11_52_52_decoded,15,36.0,-3.365811967991921,50.79787630431361,1.9416875989075937,61.660384491787525
PedNYC6,PedNYC6_scenario15_CSV_Scenario_Ped_15_Session_temp_2024_03_01_11_52_52_decoded,15,37.0,-3.376542871218089,50.86297216176943,1.9112733277774796,61.5743078566575
PedNYC6,PedNYC6_scenario15_CSV_Scenario_Ped_15_Session_temp_2024_03_01_11_52_52_decoded,15,38.0,-3.392783879367174,50.93561168418787,1.8583614628572165,61.43622879905356
PedNYC6,PedNYC6_scenario15_CSV_Scenario_Ped_15_Session_temp_2024_03_01_11_52_52_decoded,15,39.0,-3.3896656920038297,51.00538974159213,1.7730487621596382,61.243390245831215
PedNYC6,PedNYC6_scenario15_CSV_Scenario_Ped_15_Session_temp_2024_03_01_11_52_52_decoded,15,40.0,-3.3383641373104127,51.08295715125679,1.6488937262278278,61.00104241502367
PedNYC6,PedNYC6_scenario15_CSV_Scenario_Ped_15_Session_temp_2024_03_01_11_52_52_decoded,15,41.0,-3.2714849398547035,51.162648433688574,1.4793871488014552,60.712241117351724
PedNYC6,PedNYC6_scenario15_CSV_Scenario_Ped_15_Session_temp_2024_03_01_11_52_52_decoded,15,42.0,-3.247697153836398,51.251479145495125,1.2624479114005935,60.38996265822552
PedNYC6,PedNYC6_scenario15_CSV_Scenario_Ped_15_Session_temp_2024_03_01_11_52_52_decoded,15,43.0,-3.277938133414139,51.368257791495374,1.008857998186329,60.06104251188223
PedNYC6,PedNYC6_scenario15_CSV_Scenario_Ped_15_Session_temp_2024_03_01_11_52_52_decoded,15,44.0,-3.303839638990341,51.49104157297971,0.7230434586341697,59.73874329492563
PedNYC6,PedNYC6_scenario15_CSV_Scenario_Ped_15_Session_temp_2024_03_01_11_52_52_decoded,15,45.0,-3.2816758017512115,51.58320947409452,0.4114275684446183,59.433487483102944
PedNYC6,PedNYC6_scenario15_CSV_Scenario_Ped_15_Session_temp_2024_03_01_11_52_52_decoded,15,46.0,-3.20888155829287,51.66936916213684,0.08766178983510464,59.15875311641018
PedNYC6,PedNYC6_scenario15_CSV_Scenario_Ped_15_Session_temp_2024_03_01_11_52_52_decoded,15,47.0,-3.149789866244825,51.73707559460574,-0.2468738313540375,58.91317846686349
PedNYC6,PedNYC6_scenario15_CSV_Scenario_Ped_15_Session_temp_2024_03_01_11_52_52_decoded,15,48.0,-3.129085231518709,51.81084350107436,-0.588390747278758,58.696317180021296
PedNYC6,PedNYC6_scenario15_CSV_Scenario_Ped_15_Session_temp_2024_03_01_11_52_52_decoded,15,49.0,-3.147044183408813,51.89804391331025,-0.9348225967047377,58.50743807726191
PedNYC6,PedNYC6_scenario15_CSV_Scenario_Ped_15_Session_temp_2024_03_01_11_52_52_decoded,15,50.0,-3.1793165017841853,51.993341554595744,-1.292300366980917,58.34220211152355
PedNYC6,PedNYC6_scenario15_CSV_Scenario_Ped_15_Session_temp_2024_03_01_11_52_52_decoded,15,51.0,-3.1653695069063534,52.0949851214973,-1.6693040333073932,58.200957898604024
PedNYC6,PedNYC6_scenario15_CSV_Scenario_Ped_15_Session_temp_2024_03_01_11_52_52_decoded,15,52.0,-3.1000482797217015,52.19428525561526,-2.062782272235378,58.094060339766365
PedNYC6,PedNYC6_scenario15_CSV_Scenario_Ped_15_Session_temp_2024_03_01_11_52_52_decoded,15,53.0,-3.032141610541522,52.27644040155306,-2.4681532935727177,58.02222766440373
PedNYC6,PedNYC6_scenario15_CSV_Scenario_Ped_15_Session_temp_2024_03_01_11_52_52_decoded,15,54.0,-2.9956481989117707,52.33194835130592,-2.8872108790366204,57.97935183011705
PedNYC6,PedNYC6_scenario15_CSV_Scenario_Ped_15_Session_temp_2024_03_01_11_52_52_decoded,15,55.0,-2.9867911465085135,52.38227020261519,-3.3259533855319976,57.95454928897732
PedNYC6,PedNYC6_scenario15_CSV_Scenario_Ped_15_Session_temp_2024_03_01_11_52_52_decoded,15,56.0,-2.9973203944605022,52.46490816705545,-3.7893890594206936,57.93105739733045
PedNYC6,PedNYC6_scenario15_CSV_Scenario_Ped_15_Session_temp_2024_03_01_11_52_52_decoded,15,57.0,-3.040683662111916,52.5977844316201,-4.28248165235155,57.916519242504734
PedNYC6,PedNYC6_scenario15_CSV_Scenario_Ped_15_Session_temp_2024_03_01_11_52_52_decoded,15,58.0,-3.0777119383428246,52.733250822878084,-4.810327119311031,57.91485785827651
PedNYC6,PedNYC6_scenario15_CSV_Scenario_Ped_15_Session_temp_2024_03_01_11_52_52_decoded,15,59.0,-3.0736407150286387,52.9061417958618,-5.37295580146157,57.92498490813452
PedNYC6,PedNYC6_scenario15_CSV_Scenario_Ped_15_Session_temp_2024_03_01_11_52_52_decoded,15,60.0,-3.0364747421959195,53.130207605816025,-5.973500558856159,57.94204483462565
PedNYC6,PedNYC6_scenario15_CSV_Scenario_Ped_15_Session_temp_2024_03_01_11_52_52_decoded,15,61.0,-3.041342250601007,53.3283299463634,-6.614424428778753,57.9655981566912
PedNYC6,PedNYC6_scenario15_CSV_Scenario_Ped_15_Session_temp_2024_03_01_11_52_52_decoded,15,62.0,-3.1174127389030466,53.54344995597077,-7.296666144241008,57.98715350977963
PedNYC6,PedNYC6_scenario15_CSV_Scenario_Ped_15_Session_temp_2024_03_01_11_52_52_decoded,15,63.0,-3.1579147339976186,53.755212593139454,-8.02454282811983,57.99117661330825
PedNYC6,PedNYC6_scenario15_CSV_Scenario_Ped_15_Session_temp_2024_03_01_11_52_52_decoded,15,64.0,-3.1428628424883045,54.001162396269216,-8.799189766054036,57.975074955092985
PedNYC6,PedNYC6_scenario15_CSV_Scenario_Ped_15_Session_temp_2024_03_01_11_52_52_decoded,15,65.0,-3.0823202382876467,54.274776137125585,-9.626802245258602,57.941608432130074
PedNYC6,PedNYC6_scenario15_CSV_Scenario_Ped_15_Session_temp_2024_03_01_11_52_52_decoded,15,66.0,-3.082428531592671,54.52195970069212,-10.5118678721641,57.91460796507823
PedNYC6,PedNYC6_scenario15_CSV_Scenario_Ped_15_Session_temp_2024_03_01_11_52_52_decoded,15,67.0,-3.1101865480254705,54.7448865212144,-11.453670157023655,57.90635231706231
PedNYC6,PedNYC6_scenario15_CSV_Scenario_Ped_15_Session_temp_2024_03_01_11_52_52_decoded,15,68.0,-3.0945522243617374,54.93019328217783,-12.449305516599955,57.919694005939895
PedNYC6,PedNYC6_scenario15_CSV_Scenario_Ped_15_Session_temp_2024_03_01_11_52_52_decoded,15,69.0,-3.0380463252094554,55.13453595110979,-13.494548293905405,57.94518794933023
PedNYC6,PedNYC6_scenario15_CSV_Scenario_Ped_15_Session_temp_2024_03_01_11_52_52_decoded,15,70.0,-2.9837078890974613,55.33374013086703,-14.585885981613828,57.9829172999614
PedNYC6,PedNYC6_scenario15_CSV_Scenario_Ped_15_Session_temp_2024_03_01_11_52_52_decoded,15,71.0,-2.9681091864782347,55.52019273044775,-15.721234542653312,58.02358236195268
PedNYC6,PedNYC6_scenario15_CSV_Scenario_Ped_15_Session_temp_2024_03_01_11_52_52_decoded,15,72.0,-2.977652226632722,55.69899497584307,-16.89846797897643,58.05947820669531
PedNYC6,PedNYC6_scenario15_CSV_Scenario_Ped_15_Session_temp_2024_03_01_11_52_52_decoded,15,73.0,-2.9554312887012966,55.88752424168168,-18.11566624704928,58.08848121864304
PedNYC6,PedNYC6_scenario15_CSV_Scenario_Ped_15_Session_temp_2024_03_01_11_52_52_decoded,15,74.0,-2.9090950741047568,56.13409795371158,-19.371160064671706,58.10925767129612
PedNYC6,PedNYC6_scenario15_CSV_Scenario_Ped_15_Session_temp_2024_03_01_11_52_52_decoded,15,75.0,-2.933306466850098,56.388410730541885,-20.662587952697706,58.14022236695726
PedNYC6,PedNYC6_scenario15_CSV_Scenario_Ped_15_Session_temp_2024_03_01_11_52_52_decoded,15,76.0,-2.9632312587876184,56.65169016681979,-21.989411750856913,58.176876642985206
PedNYC6,PedNYC6_scenario15_CSV_Scenario_Ped_15_Session_temp_2024_03_01_11_52_52_decoded,15,77.0,-2.9371809440429026,56.90594210045501,-23.35593431837489,58.22349328416965
PedNYC6,PedNYC6_scenario15_CSV_Scenario_Ped_15_Session_temp_2024_03_01_11_52_52_decoded,15,78.0,-2.8774469165930245,57.17652121508519,-24.783097434686578,58.27019498754343
PedNYC6,PedNYC6_scenario15_CSV_Scenario_Ped_15_Session_temp_2024_03_01_11_52_52_decoded,15,79.0,-2.866923234151761,57.420579500997654,-26.28040714512335,58.31059710718405
PedNYC6,PedNYC6_scenario15_CSV_Scenario_Ped_15_Session_temp_2024_03_01_11_52_52_decoded,15,80.0,-2.891426539388331,57.664938656474376,-27.83644514946813,58.33708786557237
PedNYC6,PedNYC6_scenario15_CSV_Scenario_Ped_15_Session_temp_2024_03_01_11_52_52_decoded,15,81.0,-2.8860568800018034,57.90002779895309,-29.36600946466042,58.354135927195735
PedNYC6,PedNYC6_scenario15_CSV_Scenario_Ped_15_Session_temp_2024_03_01_11_52_52_decoded,15,82.0,-2.8368533592647083,58.17024974294534,-30.809714290818956,58.36566153242319
PedNYC6,PedNYC6_scenario15_CSV_Scenario_Ped_15_Session_temp_2024_03_01_11_52_52_decoded,15,83.0,-2.819844487084199,58.41386846931074,-32.16073222943432,58.38353320974298
PedNYC6,PedNYC6_scenario15_CSV_Scenario_Ped_15_Session_temp_2024_03_01_11_52_52_decoded,15,84.0,-2.8567925490134236,58.665604605926134,-33.358320378803576,58.40607926971969
PedNYC6,PedNYC6_scenario15_CSV_Scenario_Ped_15_Session_temp_2024_03_01_11_52_52_decoded,15,85.0,-2.8848662016498055,58.90174995455772,-34.17801424014341,58.42531529308125
PedNYC6,PedNYC6_scenario15_CSV_Scenario_Ped_15_Session_temp_2024_03_01_11_52_52_decoded,15,86.0,-2.86347489260681,59.146849239849715,-34.39981159396066,58.43111472324687
PedNYC6,PedNYC6_scenario15_CSV_Scenario_Ped_15_Session_temp_2024_03_01_11_52_52_decoded,15,87.0,-2.8311511019454434,59.369698275521095,-34.400826841320985,58.43115607864519
PedNYC6,PedNYC6_scenario15_CSV_Scenario_Ped_15_Session_temp_2024_03_01_11_52_52_decoded,15,88.0,-2.828192097264805,59.59545665587269,-34.40108400936442,58.43117141723633
PedNYC6,PedNYC6_scenario15_CSV_Scenario_Ped_15_Session_temp_2024_03_01_11_52_52_decoded,15,89.0,-2.8520909644941015,59.80920208465254,-34.40098904645973,58.43116975289318
PedNYC6,PedNYC6_scenario15_CSV_Scenario_Ped_15_Session_temp_2024_03_01_11_52_52_decoded,15,90.0,-2.836590007267083,60.00259239690767,-34.40099517504701,58.43117141723633
PedNYC6,PedNYC6_scenario15_CSV_Scenario_Ped_15_Session_temp_2024_03_01_11_52_52_decoded,15,91.0,-2.757492664837663,60.21248181019263,-34.40570618923489,58.43128426967412
PedNYC6,PedNYC6_scenario15_CSV_Scenario_Ped_15_Session_temp_2024_03_01_11_52_52_decoded,15,92.0,-2.663916215970017,60.423409583038506,-34.430972400897424,58.43196138853509
PedNYC6,PedNYC6_scenario15_CSV_Scenario_Ped_15_Session_temp_2024_03_01_11_52_52_decoded,15,93.0,-2.6115082947941284,60.607547465469466,-34.476797965732864,58.43318131052115
PedNYC6,PedNYC6_scenario15_CSV_Scenario_Ped_15_Session_temp_2024_03_01_11_52_52_decoded,15,94.0,-2.5739503855070027,60.81043866754677,-34.54834117890745,58.43510401462226
PedNYC6,PedNYC6_scenario15_CSV_Scenario_Ped_15_Session_temp_2024_03_01_11_52_52_decoded,15,95.0,-2.5100118269658114,60.98465417405302,-34.63554845410379,58.437463729278704
PedNYC6,PedNYC6_scenario15_CSV_Scenario_Ped_15_Session_temp_2024_03_01_11_52_52_decoded,15,96.0,-2.3984626531138624,61.156507948070804,-34.72189727984498,58.439808314912305
PedNYC6,PedNYC6_scenario15_CSV_Scenario_Ped_15_Session_temp_2024_03_01_11_52_52_decoded,15,97.0,-2.302504715266217,61.29629896420418,-34.80346467419445,58.44206354334881
PedNYC6,PedNYC6_scenario15_CSV_Scenario_Ped_15_Session_temp_2024_03_01_11_52_52_decoded,15,98.0,-2.2170243501628244,61.395318117150715,-34.879825426900446,58.44418234965589
PedNYC6,PedNYC6_scenario15_CSV_Scenario_Ped_15_Session_temp_2024_03_01_11_52_52_decoded,15,99.0,-2.076310652130856,61.448191069595055,-34.95092093764581,58.446173669638846
PedNYC6,PedNYC6_scenario15_CSV_Scenario_Ped_15_Session_temp_2024_03_01_11_52_52_decoded,15,100.0,-2.0246713161468506,61.44181060791016,-35.01881408691406,58.44809341430664
PedNYC7,PedNYC7_scenario15,15,0.0,-0.7781515121459961,45.18046951293945,4.040107727050781,101.08148956298828
PedNYC7,PedNYC7_scenario15,15,1.0,-0.7505525565473478,45.276300274666994,3.928630028754199,100.27625107531347
PedNYC7,PedNYC7_scenario15,15,2.0,-0.7202043062700477,45.40992429949103,3.8082339590269574,99.39698114369824
PedNYC7,PedNYC7_scenario15,15,3.0,-0.7097722101382584,45.553506246806045,3.6858329146968174,98.44574401224116
PedNYC7,PedNYC7_scenario15,15,4.0,-0.7334860957029915,45.72025994038319,3.570181250114844,97.42490099624041
PedNYC7,PedNYC7_scenario15,15,5.0,-0.7914592904298082,45.90830635070028,3.4686376475231335,96.3382188646758
PedNYC7,PedNYC7_scenario15,15,6.0,-0.8358257478754572,46.09379342674284,3.385248690038211,95.19498374024201
PedNYC7,PedNYC7_scenario15,15,7.0,-0.8337182039891728,46.286936797077466,3.3241956747486694,94.03293736488446
PedNYC7,PedNYC7_scenario15,15,8.0,-0.7902938910424342,46.50073373152391,3.287030532122313,92.90184467723553
PedNYC7,PedNYC7_scenario15,15,9.0,-0.7721595481660024,46.684952655598615,3.272704386227226,91.82261821514317
PedNYC7,PedNYC7_scenario15,15,10.0,-0.7826638012005507,46.87436002487317,3.2782063142536,90.80110238115662
PedNYC7,PedNYC7_scenario15,15,11.0,-0.8055902548659722,47.10510234311655,3.2976218424432204,89.83419025798446
PedNYC7,PedNYC7_scenario15,15,12.0,-0.7969881662756562,47.30108159570305,3.3235965553992584,88.92027841193074
PedNYC7,PedNYC7_scenario15,15,13.0,-0.74679936639093,47.52051657314106,3.340771608104874,88.0547828992205
PedNYC7,PedNYC7_scenario15,15,14.0,-0.6944802209669858,47.71364814978967,3.344742677895124,87.20788039303258
PedNYC7,PedNYC7_scenario15,15,15.0,-0.681448446252364,47.90125462304401,3.339984385703187,86.33859579894502
PedNYC7,PedNYC7_scenario15,15,16.0,-0.7151184864907977,48.1010165952765,3.3253884641615428,85.43307429793906
PedNYC7,PedNYC7_scenario15,15,17.0,-0.7349417236181239,48.308726938132544,3.2999896598668577,84.48816740653231
PedNYC7,PedNYC7_scenario15,15,18.0,-0.7149120173726083,48.48673085752172,3.262451048262227,83.50276726950996
PedNYC7,PedNYC7_scenario15,15,19.0,-0.6841050417811624,48.61073641159697,3.2130428487176435,82.48087944757764
PedNYC7,PedNYC7_scenario15,15,20.0,-0.6430815208701125,48.857910578424075,3.160192909598905,81.43709642573899
PedNYC7,PedNYC7_scenario15,15,21.0,-0.6426529176801175,49.087073108370504,3.1149214293326635,80.41490006289438
PedNYC7,PedNYC7_scenario15,15,22.0,-0.6489631390746098,49.27481218700339,3.083163811257397,79.43799644229945
PedNYC7,PedNYC7_scenario15,15,23.0,-0.6353393650673428,49.4645042342511,3.065984559427042,78.51124841988558
PedNYC7,PedNYC7_scenario15,15,24.0,-0.5932529093991539,49.67872015301348,3.060912593618736,77.63423809422444
PedNYC7,PedNYC7_scenario15,15,25.0,-0.5750443557735445,49.88535264960409,3.065760116758973,76.80507734446398
PedNYC7,PedNYC7_scenario15,15,26.0,-0.5914950814314791,50.10560296259825,3.078829684750841,76.02065800701965
PedNYC7,PedNYC7_scenario15,15,27.0,-0.6242676113216831,50.33275941914424,3.098134417786662,75.26252731451099
PedNYC7,PedNYC7_scenario15,15,28.0,-0.6369968873334934,50.5371685007389,3.1237928796024677,74.49910092679752
PedNYC7,PedNYC7_scenario15,15,29.0,-0.6430757347068359,50.738501251874474,3.156537584279296,73.71242019176395
PedNYC7,PedNYC7_scenario15,15,30.0,-0.6569474851369224,50.979955732055664,3.195342464374797,72.91338967612305
PedNYC7,PedNYC7_scenario15,15,31.0,-0.7025815947763988,51.185651428240234,3.2367372373542627,72.11257209373714
PedNYC7,PedNYC7_scenario15,15,32.0,-0.7795070260879933,51.37315538390078,3.272450738091466,71.30006560650017
PedNYC7,PedNYC7_scenario15,15,33.0,-0.8325237032820133,51.5278824679989,3.298035225491266,70.46836695597092
PedNYC7,PedNYC7_scenario15,15,34.0,-0.8717123799299128,51.69730465282125,3.3141487777227914,69.61382233819808
PedNYC7,PedNYC7_scenario15,15,35.0,-0.8921727005025599,51.88024027036471,3.3210547529202454,68.7494969281872
PedNYC7,PedNYC7_scenario15,15,36.0,-0.9329978932036361,52.0527521119914,3.3189844542093203,67.90966976692643
PedNYC7,PedNYC7_scenario15,15,37.0,-1.0128203698360747,52.216749450579485,3.3086703945538924,67.10953982555358
PedNYC7,PedNYC7_scenario15,15,38.0,-1.1237306546704147,52.367755276353826,3.2886118597142517,66.35174696292052
PedNYC7,PedNYC7_scenario15,15,39.0,-1.2010952984295529,52.50414651734562,3.2494880254627327,65.63612787040094
PedNYC7,PedNYC7_scenario15,15,40.0,-1.2560193938729254,52.66982829513655,3.184282803390825,64.96264620984788
PedNYC7,PedNYC7_scenario15,15,41.0,-1.2906364056641901,52.838225235713914,3.0880825170511397,64.33155791691513
PedNYC7,PedNYC7_scenario15,15,42.0,-1.3619922569676588,52.99082689001351,2.960272235045001,63.742725717730785
PedNYC7,PedNYC7_scenario15,15,43.0,-1.4906124310896824,53.10808788801087,2.806889062643612,63.18946856484291
PedNYC7,PedNYC7_scenario15,15,44.0,-1.611731996014754,53.19891047430062,2.624639530606181,62.65427453002801
PedNYC7,PedNYC7_scenario15,15,45.0,-1.6796667764172974,53.299597670879045,2.403372851231877,62.111129640477884
PedNYC7,PedNYC7_scenario15,15,46.0,-1.6956132522086365,53.40058104149084,2.1330780562542477,61.55296540286234
PedNYC7,PedNYC7_scenario15,15,47.0,-1.6827726228012043,53.52543054492754,1.8067497135783421,60.98324948555591
PedNYC7,PedNYC7_scenario15,15,48.0,-1.7079467115795153,53.6296771399516,1.4195019662917652,60.402838164809836
PedNYC7,PedNYC7_scenario15,15,49.0,-1.7738674151770122,53.711695295118645,0.96732623727169,59.81265062231801
PedNYC7,PedNYC7_scenario15,15,50.0,-1.87453023868294,53.77237738336022,0.44085608687936856,59.224844239899994
PedNYC7,PedNYC7_scenario15,15,51.0,-1.9511767634902282,53.82068647404826,-0.16436132031773357,58.66120034837156
PedNYC7,PedNYC7_scenario15,15,52.0,-1.9953521242589776,53.87445884056554,-0.8312765974371551,58.15406461546344
PedNYC7,PedNYC7_scenario15,15,53.0,-2.013302725353992,53.92767817259841,-1.5237913189993948,57.73181475836517
PedNYC7,PedNYC7_scenario15,15,54.0,-2.0124468922314978,53.983913761761364,-2.2179791279010392,57.402504077941025
PedNYC7,PedNYC7_scenario15,15,55.0,-2.0135588189496123,54.038805181601056,-2.8989376493715735,57.15768731732634
PedNYC7,PedNYC7_scenario15,15,56.0,-2.0363823157971006,54.09496907122206,-3.5585181084361963,56.98660105623628
PedNYC7,PedNYC7_scenario15,15,57.0,-2.0992342338246557,54.146506286277216,-4.1974705797510765,56.88027643060758
PedNYC7,PedNYC7_scenario15,15,58.0,-2.1915839294787167,54.1968353674165,-4.842945722148867,56.82810369174847
PedNYC7,PedNYC7_scenario15,15,59.0,-2.2741602891047674,54.24519774998027,-5.51677305422263,56.83013649722707
PedNYC7,PedNYC7_scenario15,15,60.0,-2.325757312774658,54.28560791015625,-6.23150491714477,56.886077117919925
PedNYC7,PedNYC7_scenario15,15,61.0,-2.335199661048916,54.3433680056723,-6.994853059927736,56.97277712744759
PedNYC7,PedNYC7_scenario15,15,62.0,-2.3178066378617332,54.410381125299416,-7.809928584419532,57.04511052402514
PedNYC7,PedNYC7_scenario15,15,63.0,-2.2983845592574768,54.48554992033785,-8.672135888976443,57.090942424698504
PedNYC7,PedNYC7_scenario15,15,64.0,-2.2775055559375827,54.60550585390446,-9.577087446543699,57.12066637604502
PedNYC7,PedNYC7_scenario15,15,65.0,-2.280986818164942,54.73301591967895,-10.5243665806575,57.13319585095552
PedNYC7,PedNYC7_scenario15,15,66.0,-2.3432349680186575,54.878073607100895,-11.511635867486431,57.12945218158007
PedNYC7,PedNYC7_scenario15,15,67.0,-2.39899270417001,55.032315841923285,-12.536987937317026,57.11104122222369
PedNYC7,PedNYC7_scenario15,15,68.0,-2.4193350941709686,55.20075298992933,-13.599185106194405,57.08006851667119
PedNYC7,PedNYC7_scenario15,15,69.0,-2.4000145526708825,55.42140242113717,-14.685995241648902,57.04459598156885
PedNYC7,PedNYC7_scenario15,15,70.0,-2.386267994142354,55.61425223282426,-15.752388362412605,57.00985816698031
PedNYC7,PedNYC7_scenario15,15,71.0,-2.423858633101886,55.80889429651378,-16.771150525753132,56.9759978610244
PedNYC7,PedNYC7_scenario15,15,72.0,-2.495383741423541,55.97626410801175,-17.736262355909357,56.944098732933675
PedNYC7,PedNYC7_scenario15,15,73.0,-2.505016743639211,56.17773308754805,-18.648605619054837,56.91410890062905
PedNYC7,PedNYC7_scenario15,15,74.0,-2.466942517079629,56.381178621305516,-19.511524610130746,56.88611901234395
PedNYC7,PedNYC7_scenario15,15,75.0,-2.440282466554564,56.59330841441003,-20.32746826790063,56.860428159502675
PedNYC7,PedNYC7_scenario15,15,76.0,-2.4375132944194715,56.72166007891623,-21.101518265834507,56.83739581922722
PedNYC7,PedNYC7_scenario15,15,77.0,-2.4642877268451353,57.031477447172264,-21.849400909152887,56.816504078454194
PedNYC7,PedNYC7_scenario15,15,78.0,-2.451468076620977,57.28244263820811,-22.58574286089337,56.798372606579704
PedNYC7,PedNYC7_scenario15,15,79.0,-2.3874024465259547,57.54715337156704,-23.312083264537577,56.78391166141745
PedNYC7,PedNYC7_scenario15,15,80.0,-2.2942872377034504,57.79186656226113,-24.030311607191226,56.77271210106468
PedNYC7,PedNYC7_scenario15,15,81.0,-2.2784570357740224,58.00664092369676,-24.739381231387007,56.764502361537794
PedNYC7,PedNYC7_scenario15,15,82.0,-2.2865645047729917,58.22916604019026,-25.440128027479492,56.75982738637495
PedNYC7,PedNYC7_scenario15,15,83.0,-2.2554721731567007,58.488277016610965,-26.132072544073473,56.75828196176805
PedNYC7,PedNYC7_scenario15,15,84.0,-2.2083858416869306,58.713266366527314,-26.808699826908157,56.759660326956286
PedNYC7,PedNYC7_scenario15,15,85.0,-2.1645481280048418,58.96722787026591,-27.456168186347085,56.76364338671417
PedNYC7,PedNYC7_scenario15,15,86.0,-2.153562610759523,59.21245887249228,-28.06479861800951,56.76979103567457
PedNYC7,PedNYC7_scenario15,15,87.0,-2.130301038750684,59.43224211522128,-28.564386683772618,56.776614932847856
PedNYC7,PedNYC7_scenario15,15,88.0,-2.0931529410442247,59.645062665503794,-28.810292603083454,56.78058984241939
PedNYC7,PedNYC7_scenario15,15,89.0,-2.041649238809313,59.91063718513781,-28.81383709256343,56.7806294461809
PedNYC7,PedNYC7_scenario15,15,90.0,-2.0306489131008405,60.14028012925819,-28.814274232854743,56.78064727783203
PedNYC7,PedNYC7_scenario15,15,91.0,-2.0655966059850313,60.36371493335397,-28.814368837664905,56.780653363873185
PedNYC7,PedNYC7_scenario15,15,92.0,-2.1222343906219834,60.591606874233726,-28.81438064575196,56.7806510925293
PedNYC7,PedNYC7_scenario15,15,93.0,-2.1410601242169003,60.77143556377205,-28.814380435018904,56.78065448576045
PedNYC7,PedNYC7_scenario15,15,94.0,-2.116582742979943,60.954759395076486,-28.81437873840332,56.78064769918839
PedNYC7,PedNYC7_scenario15,15,95.0,-2.1272773462741896,61.10825314957792,-28.814379265455518,56.78064727783203
PedNYC7,PedNYC7_scenario15,15,96.0,-2.187394142495605,61.23743354396303,-28.814379689172686,56.78065299406802
PedNYC7,PedNYC7_scenario15,15,97.0,-2.24547904435097,61.334067636037915,-28.814380302363432,56.7806510925293
PedNYC7,PedNYC7_scenario15,15,98.0,-2.263157379232322,61.413782565909585,-28.81438020274827,56.780653135211814
PedNYC7,PedNYC7_scenario15,15,99.0,-2.263629850397241,61.50370440394519,-28.814379972553983,56.780652438925244
PedNYC7,PedNYC7_scenario15,15,100.0,-2.2726030349731445,61.56134033203125,-28.81437873840332,56.78064727783203
PedNYC8,PedNYC8_scenario15,15,0.0,-0.7408280372619629,44.74870681762695,-6.9998273849487305,114.8000030517578
PedNYC8,PedNYC8_scenario15,15,1.0,-0.8535663154146321,44.727314386097,-6.999619114396566,114.80000299442055
PedNYC8,PedNYC8_scenario15,15,2.0,-0.9259220528506485,44.71542414568492,-6.9905887831644895,114.8000030517578
PedNYC8,PedNYC8_scenario15,15,3.0,-0.9164219009834281,44.69770636222002,-6.935517550967765,114.79999690738542
PedNYC8,PedNYC8_scenario15,15,4.0,-0.867449952098478,44.71830027113144,-6.7886853678727475,114.79985387114985
PedNYC8,PedNYC8_scenario15,15,5.0,-0.8284566157366858,44.83961645341743,-6.525422057134495,114.79852011799464
PedNYC8,PedNYC8_scenario15,15,6.0,-0.7714386580769297,44.91430855856507,-6.150657762449211,114.7908565723074
PedNYC8,PedNYC8_scenario15,15,7.0,-0.7392054532519957,44.888379952167696,-5.675983001695466,114.77120346377616
PedNYC8,PedNYC8_scenario15,15,8.0,-0.7927196611985143,44.85230110896129,-5.1135141474632855,114.72629944377414
PedNYC8,PedNYC8_scenario15,15,9.0,-0.788715583788218,44.84292727310104,-4.477263100401842,114.65016670044699
PedNYC8,PedNYC8_scenario15,15,10.0,-0.6746883686320936,44.85101731347356,-3.7849708654827334,114.53223821559257
PedNYC8,PedNYC8_scenario15,15,11.0,-0.6284669142073387,44.84867706898888,-3.0594408831027797,114.35425839841037
PedNYC8,PedNYC8_scenario15,15,12.0,-0.7069389194034055,44.83969606647773,-2.3110104462237797,114.09740089037135
PedNYC8,PedNYC8_scenario15,15,13.0,-0.8309409566961469,44.9041277495057,-1.5573269684704778,113.74643793145924
PedNYC8,PedNYC8_scenario15,15,14.0,-0.8420516652029744,44.931542363600066,-0.820418178988511,113.29816588076567
PedNYC8,PedNYC8_scenario15,15,15.0,-0.7534689516882079,44.95690031375463,-0.12406717455081454,112.7513742333289
PedNYC8,PedNYC8_scenario15,15,16.0,-0.7662561685942929,44.97674584095415,0.5126101693714455,112.1179779485363
PedNYC8,PedNYC8_scenario15,15,17.0,-0.7999395879636193,44.94770830819074,1.0786035381265295,111.38966752280695
PedNYC8,PedNYC8_scenario15,15,18.0,-0.8099265057016857,44.93008995751887,1.56031428576739,110.57823246242826
PedNYC8,PedNYC8_scenario15,15,19.0,-0.7965776889878653,44.93631285095148,1.9445077402797715,109.69457382600423
PedNYC8,PedNYC8_scenario15,15,20.0,-0.8052246068422292,44.92703070218226,2.2288558861716314,108.75293534954905
PedNYC8,PedNYC8_scenario15,15,21.0,-0.8160985680844894,44.92004290053526,2.431224847398629,107.76943422428793
PedNYC8,PedNYC8_scenario15,15,22.0,-0.8213783965803337,44.93469367743681,2.5829438010970174,106.7701513918526
PedNYC8,PedNYC8_scenario15,15,23.0,-0.8381580779625111,44.9319102620059,2.7446316121756373,105.76660116196796
PedNYC8,PedNYC8_scenario15,15,24.0,-0.8661903141007523,44.95400283792012,2.9294496831803167,104.76893803777604
PedNYC8,PedNYC8_scenario15,15,25.0,-0.8793469745686849,45.02894255013021,3.1074576149139403,103.76844469726564
PedNYC8,PedNYC8_scenario15,15,26.0,-0.8753211857185867,45.19568784948158,3.2647660206412508,102.7614342803588
PedNYC8,PedNYC8_scenario15,15,27.0,-0.8743196895739745,45.43830611885742,3.392734737218017,101.74232490777344
PedNYC8,PedNYC8_scenario15,15,28.0,-0.9322696561921421,45.70300935196203,3.480485687499345,100.70748416288667
PedNYC8,PedNYC8_scenario15,15,29.0,-1.0595114015016787,46.021395559194055,3.5306045826837935,99.62473206861715
PedNYC8,PedNYC8_scenario15,15,30.0,-1.1793258222066492,46.391467069069776,3.5518934957414743,98.45014915358195
PedNYC8,PedNYC8_scenario15,15,31.0,-1.245088933123797,46.730926883928994,3.5547330583260144,97.1642668708987
PedNYC8,PedNYC8_scenario15,15,32.0,-1.3314827377228375,47.151457275292415,3.570777093545655,95.77394557557159
PedNYC8,PedNYC8_scenario15,15,33.0,-1.3508002906503742,47.550089550206245,3.6090097923398163,94.28488224378069
PedNYC8,PedNYC8_scenario15,15,34.0,-1.313905377500465,47.9541449106648,3.649725767514137,92.70717770627773
PedNYC8,PedNYC8_scenario15,15,35.0,-1.306216959184531,48.30762510911883,3.6699040570542847,91.04734284725053
PedNYC8,PedNYC8_scenario15,15,36.0,-1.2692231114652262,48.74917282298368,3.657473510039707,89.30654823089577
PedNYC8,PedNYC8_scenario15,15,37.0,-1.1576249684071989,49.17197456083502,3.6176739514615113,87.4946396723849
PedNYC8,PedNYC8_scenario15,15,38.0,-1.091547799352979,49.578958996357564,3.569097030585885,85.62703340218484
PedNYC8,PedNYC8_scenario15,15,39.0,-1.026291119604065,49.96888653516087,3.5276279514772346,83.74054335866393
PedNYC8,PedNYC8_scenario15,15,40.0,-0.9372004948466531,50.328862408749714,3.4940653521031373,81.86188463975579
PedNYC8,PedNYC8_scenario15,15,41.0,-0.932660130822806,50.77857900210375,3.463396117523515,80.06368337104648
PedNYC8,PedNYC8_scenario15,15,42.0,-0.9528628507138758,51.14880591588642,3.427287232179337,78.39411281816821
PedNYC8,PedNYC8_scenario15,15,43.0,-0.9480031804470956,51.53319011280677,3.3910784028439895,77.01557336889674
PedNYC8,PedNYC8_scenario15,15,44.0,-1.0068969535373415,51.877076725566425,3.357156401672552,75.92516031434954
PedNYC8,PedNYC8_scenario15,15,45.0,-1.0984176652139042,52.18414421420381,3.3215317096219206,74.94310073105824
PedNYC8,PedNYC8_scenario15,15,46.0,-1.164176837485892,52.472867341305964,3.2824667446127997,74.00774376435966
PedNYC8,PedNYC8_scenario15,15,47.0,-1.2521551387723204,52.773503833544524,3.2394331561086944,73.08287457008633
PedNYC8,PedNYC8_scenario15,15,48.0,-1.4471632114720676,53.075756050141116,3.191925840805631,72.15573253996915
PedNYC8,PedNYC8_scenario15,15,49.0,-1.6473799384049295,53.40080332402757,3.139553228629053,71.21946161330206
PedNYC8,PedNYC8_scenario15,15,50.0,-1.8436325418079702,53.78126724665042,3.0819279967700957,70.27255600241213
PedNYC8,PedNYC8_scenario15,15,51.0,-2.039897758691475,54.200058640974845,3.010809830361118,69.3423119987381
PedNYC8,PedNYC8_scenario15,15,52.0,-2.214105462548477,54.609583615208045,2.9352822377410552,68.55035801988602
PedNYC8,PedNYC8_scenario15,15,53.0,-2.377319387701156,55.06630343792218,2.8820669689721052,68.05757595429105
PedNYC8,PedNYC8_scenario15,15,54.0,-2.5281390288305774,55.535520451178506,2.8511766441977007,67.79144136305848
PedNYC8,PedNYC8_scenario15,15,55.0,-2.62078024057805,56.026781151071596,2.8261510259802343,67.58377551442541
PedNYC8,PedNYC8_scenario15,15,56.0,-2.6671870476128965,56.48213298696226,2.8030549001450717,67.39207446487319
PedNYC8,PedNYC8_scenario15,15,57.0,-2.7638495107900503,57.04476133330504,2.7826762200402015,67.21467241873678
PedNYC8,PedNYC8_scenario15,15,58.0,-2.8105222974548147,57.49986668432175,2.763466549047714,67.04660694312416
PedNYC8,PedNYC8_scenario15,15,59.0,-2.8343466750832826,57.95744162631568,2.7433884613501998,66.87181072455695
PedNYC8,PedNYC8_scenario15,15,60.0,-2.9052931671302464,58.49296788451649,2.7198811488960963,66.66859795949554
PedNYC8,PedNYC8_scenario15,15,61.0,-2.952920963079019,58.97794963114529,2.691041777044911,66.42253272557994
PedNYC8,PedNYC8_scenario15,15,62.0,-2.985352041069915,59.47363201541103,2.6546753059907555,66.11883452412701
PedNYC8,PedNYC8_scenario15,15,63.0,-3.0243377001456246,59.93255187353967,2.6062000316505336,65.72822976691617
PedNYC8,PedNYC8_scenario15,15,64.0,-3.027452631570526,60.348540858342375,2.5394533775292776,65.24475997225085
PedNYC8,PedNYC8_scenario15,15,65.0,-2.9992562559955087,60.729692380167506,2.441954795405578,64.67117344960343
PedNYC8,PedNYC8_scenario15,15,66.0,-2.9959709850345724,61.11048556732938,2.29978463640887,64.00257616507389
PedNYC8,PedNYC8_scenario15,15,67.0,-2.9711222187948785,61.36350549377878,2.0841370346274863,63.235417690539514
PedNYC8,PedNYC8_scenario15,15,68.0,-2.9060809193039696,61.48922206353291,1.767324385065571,62.39360809355741
PedNYC8,PedNYC8_scenario15,15,69.0,-2.9575076809333796,61.5839867644287,1.3414555668398431,61.50516326565702
PedNYC8,PedNYC8_scenario15,15,70.0,-3.0402358836848866,61.607845193700335,0.783293705810915,60.61078394714299
PedNYC8,PedNYC8_scenario15,15,71.0,-3.0983329109545266,61.55961132125624,0.077342528822898,59.78550306737854
PedNYC8,PedNYC8_scenario15,15,72.0,-3.16931403859532,61.51657973958223,-0.7160076870978803,59.11046272796136
PedNYC8,PedNYC8_scenario15,15,73.0,-3.190234397038727,61.49313335362961,-1.5354179916170771,58.5977950365675
PedNYC8,PedNYC8_scenario15,15,74.0,-3.1585219921373113,61.508316746506466,-2.3661875650977686,58.21894458515519
PedNYC8,PedNYC8_scenario15,15,75.0,-3.1468997212753687,61.52148120276232,-3.231197494812029,57.94373738226005
PedNYC8,PedNYC8_scenario15,15,76.0,-3.202805381825528,61.529547305853605,-4.171326271635105,57.74789200423478
PedNYC8,PedNYC8_scenario15,15,77.0,-3.268900839837646,61.547615741181644,-5.221448975616453,57.59618025363281
PedNYC8,PedNYC8_scenario15,15,78.0,-3.3157972798778768,61.55216845504684,-6.388763016359595,57.44656929940554
PedNYC8,PedNYC8_scenario15,15,79.0,-3.34643778477294,61.55451662318471,-7.665282071449318,57.28691296700764
PedNYC8,PedNYC8_scenario15,15,80.0,-3.3570827916881334,61.56749445980435,-9.04179267572535,57.154946321632174
PedNYC8,PedNYC8_scenario15,15,81.0,-3.3585828578354184,61.58360895045649,-10.492924997339744,57.076133686822175
PedNYC8,PedNYC8_scenario15,15,82.0,-3.3476561556872526,61.58304724107235,-11.991731049160752,57.054078795110904
PedNYC8,PedNYC8_scenario15,15,83.0,-3.327085592948784,61.58562789813543,-13.526072941235915,57.06734073944954
PedNYC8,PedNYC8_scenario15,15,84.0,-3.3150945828066685,61.60173731344812,-15.100216047973323,57.09889083575405
PedNYC8,PedNYC8_scenario15,15,85.0,-3.3189223618556105,61.61689526288823,-16.704001867111707,57.141237478775196
PedNYC8,PedNYC8_scenario15,15,86.0,-3.320867695161794,61.62685270933439,-18.334660603335635,57.18791687579135
PedNYC8,PedNYC8_scenario15,15,87.0,-3.3130418258036847,61.62723325470547,-19.9734058968986,57.23276700396306
PedNYC8,PedNYC8_scenario15,15,88.0,-3.311415704297282,61.63020177611979,-21.599065464433593,57.27168709257813
PedNYC8,PedNYC8_scenario15,15,89.0,-3.300874003737144,61.63493401426981,-23.18892658577864,57.314483959986234
PedNYC8,PedNYC8_scenario15,15,90.0,-3.2958574072017184,61.645813053403245,-24.737921471851298,57.37056879609339
PedNYC8,PedNYC8_scenario15,15,91.0,-3.306988436195096,61.65368488779066,-26.257767532608096,57.43329026044721
PedNYC8,PedNYC8_scenario15,15,92.0,-3.3182793241889965,61.64399848844412,-27.759052775625314,57.49543196856483
PedNYC8,PedNYC8_scenario15,15,93.0,-3.329389768236199,61.62129397955776,-29.1066505220727,57.55353446906032
PedNYC8,PedNYC8_scenario15,15,94.0,-3.3377357783165857,61.610803971293315,-29.85547338284046,57.58591151066884
PedNYC8,PedNYC8_scenario15,15,95.0,-3.302861914212318,61.57302749329185,-29.959997790664712,57.590436417409855
PedNYC8,PedNYC8_scenario15,15,96.0,-3.2107799407521314,61.55300669488061,-29.96070727996507,57.590476989746094
PedNYC8,PedNYC8_scenario15,15,97.0,-3.1941487792610883,61.55148981639641,-29.96078491210937,57.59048461914063
PedNYC8,PedNYC8_scenario15,15,98.0,-3.196413353842208,61.53459835336288,-29.960787611293668,57.59048461914063
PedNYC8,PedNYC8_scenario15,15,99.0,-3.1334138997114187,61.499526026165235,-29.96078808993622,57.59048461914063
PedNYC8,PedNYC8_scenario15,15,100.0,-3.0131044387817383,61.47559356689453,-29.960786819458008,57.59048080444336
PedNYC9,PedNYC9_scenario15,15,0.0,-0.8530566692352295,44.78153991699219,3.68825936317444,99.07743072509766
PedNYC9,PedNYC9_scenario15,15,1.0,-0.8449333415206121,44.84660069850866,3.6804468653882223,98.13927924492191
PedNYC9,PedNYC9_scenario15,15,2.0,-0.8569854274967522,44.95287822040845,3.679703245370122,97.17465223530871
PedNYC9,PedNYC9_scenario15,15,3.0,-0.8917953273904002,45.094190105617535,3.685244882358809,96.18280040449189
PedNYC9,PedNYC9_scenario15,15,4.0,-0.9255297063803646,45.2391365544988,3.695679781905277,95.1624499925789
PedNYC9,PedNYC9_scenario15,15,5.0,-0.9483763197696073,45.41563263740147,3.7076606127691294,94.11587254575723
PedNYC9,PedNYC9_scenario15,15,6.0,-0.9480607206615193,45.610068599943034,3.7137831903296914,93.04367527947265
PedNYC9,PedNYC9_scenario15,15,7.0,-0.9336619689992167,45.79805059332157,3.710534001056443,91.95640736798583
PedNYC9,PedNYC9_scenario15,15,8.0,-0.9204596534463783,45.984545762714944,3.6979860013472274,90.86188118932547
PedNYC9,PedNYC9_scenario15,15,9.0,-0.9106889913286841,46.19061577910322,3.674114243908732,89.76861402728117
PedNYC9,PedNYC9_scenario15,15,10.0,-0.91756123368404,46.388689016864696,3.638872582618163,88.68219559750801
PedNYC9,PedNYC9_scenario15,15,11.0,-0.9110979907526174,46.59134313649396,3.6017441813802424,87.60164817969385
PedNYC9,PedNYC9_scenario15,15,12.0,-0.8937057461321068,46.77905537429833,3.5680375739185517,86.52539769209255
PedNYC9,PedNYC9_scenario15,15,13.0,-0.8720006881231674,46.9641793811011,3.5376861860689623,85.45332316068183
PedNYC9,PedNYC9_scenario15,15,14.0,-0.8567876081010027,47.12590299716802,3.511834463185149,84.39237964610595
PedNYC9,PedNYC9_scenario15,15,15.0,-0.8469557425125696,47.3290814332359,3.4911161796467773,83.35751954889017
PedNYC9,PedNYC9_scenario15,15,16.0,-0.857242656889874,47.529115632796234,3.475383281254412,82.35486056852234
PedNYC9,PedNYC9_scenario15,15,17.0,-0.8686318675234105,47.73959351490537,3.4632196898140384,81.38588019461719
PedNYC9,PedNYC9_scenario15,15,18.0,-0.8846240763489801,47.9253174516953,3.4540563843727092,80.45103651127796
PedNYC9,PedNYC9_scenario15,15,19.0,-0.9240821658125676,48.06889698399437,3.447904736023584,79.54992216326511
PedNYC9,PedNYC9_scenario15,15,20.0,-1.02594133854874,48.214257904934776,3.4450752965543794,78.67243834886405
PedNYC9,PedNYC9_scenario15,15,21.0,-1.1717361747367667,48.335402017357964,3.4448051697019735,77.81496587175029
PedNYC9,PedNYC9_scenario15,15,22.0,-1.3275070891197354,48.44640763126507,3.4468917744685768,76.96905177930952
PedNYC9,PedNYC9_scenario15,15,23.0,-1.4578641132843726,48.53600518199927,3.451283068149158,76.12855751886367
PedNYC9,PedNYC9_scenario15,15,24.0,-1.6382811923080727,48.66598342069968,3.4568910319002897,75.28804603011483
PedNYC9,PedNYC9_scenario15,15,25.0,-1.8174227027600527,48.795610216771074,3.462593006121966,74.44153341892068
PedNYC9,PedNYC9_scenario15,15,26.0,-2.013261569940814,48.91169097954221,3.4686633552020556,73.58456165967989
PedNYC9,PedNYC9_scenario15,15,27.0,-2.2306140775809267,49.02321355077067,3.475138056116838,72.71503356074894
PedNYC9,PedNYC9_scenario15,15,28.0,-2.4167617995934396,49.125120649406604,3.4820371127326024,71.82788349860564
PedNYC9,PedNYC9_scenario15,15,29.0,-2.5972032161186283,49.256934274871575,3.489341154061121,70.92515485817157
PedNYC9,PedNYC9_scenario15,15,30.0,-2.7880952335832405,49.435148784119036,3.497074638421049,70.00477712977764
PedNYC9,PedNYC9_scenario15,15,31.0,-2.971130373403506,49.63238753701684,3.505307638186452,69.06789896661775
PedNYC9,PedNYC9_scenario15,15,32.0,-3.103021525707939,49.789187268593935,3.5145543100315053,68.11807351388853
PedNYC9,PedNYC9_scenario15,15,33.0,-3.228754507125775,49.95664045424,3.525144362533179,67.16129608634306
PedNYC9,PedNYC9_scenario15,15,34.0,-3.352069273310872,50.20228844901031,3.5369301724780318,66.20774698355761
PedNYC9,PedNYC9_scenario15,15,35.0,-3.4048418539709435,50.41588881672658,3.5497285373180802,65.26999050689967
PedNYC9,PedNYC9_scenario15,15,36.0,-3.4279336935786104,50.6095602920595,3.563389178492244,64.35624170528048
PedNYC9,PedNYC9_scenario15,15,37.0,-3.4397390208221537,50.805860228069434,3.5777945214688867,63.46889200042124
PedNYC9,PedNYC9_scenario15,15,38.0,-3.4449417956649735,51.02093803343604,3.5928764979460976,62.6058547910325
PedNYC9,PedNYC9_scenario15,15,39.0,-3.4422306528831177,51.240734152655676,3.6086627210417337,61.759858992003274
PedNYC9,PedNYC9_scenario15,15,40.0,-3.415893328948975,51.45284587329102,3.625170072805786,60.9286869524414
PedNYC9,PedNYC9_scenario15,15,41.0,-3.370790976265883,51.6643253372718,3.6424257805218727,60.10831842635003
PedNYC9,PedNYC9_scenario15,15,42.0,-3.3117202646652366,51.87865011936929,3.660509243747033,59.293413191033
PedNYC9,PedNYC9_scenario15,15,43.0,-3.267404966250514,52.09216789911161,3.6794590795200603,58.479459582920725
PedNYC9,PedNYC9_scenario15,15,44.0,-3.242452112781434,52.31394244920634,3.6993264929661582,57.66344915148932
PedNYC9,PedNYC9_scenario15,15,45.0,-3.2330851228300554,52.54464069846865,3.720151779781378,56.84430667560891
PedNYC9,PedNYC9_scenario15,15,46.0,-3.215190962125026,52.75710627171014,3.7419853835500034,56.02059710348551
PedNYC9,PedNYC9_scenario15,15,47.0,-3.1890172636641476,52.9674755191524,3.7649489457416156,55.18744719494707
PedNYC9,PedNYC9_scenario15,15,48.0,-3.1548224641519487,53.20570403538304,3.788256237783044,54.344764986262064
PedNYC9,PedNYC9_scenario15,15,49.0,-3.138251010793121,53.44220908855262,3.810968312028558,53.48897034271757
PedNYC9,PedNYC9_scenario15,15,50.0,-3.1381110181136553,53.686726996456834,3.833135742894314,52.618064605603024
PedNYC9,PedNYC9_scenario15,15,51.0,-3.1494273219239752,53.92762674899285,3.8538188045600883,51.731874312113035
PedNYC9,PedNYC9_scenario15,15,52.0,-3.1501833700324124,54.15522550462002,3.8724917800779832,50.829939048970374
PedNYC9,PedNYC9_scenario15,15,53.0,-3.1440875142161087,54.37486837208292,3.8891926127414247,49.91175179346753
PedNYC9,PedNYC9_scenario15,15,54.0,-3.132532010704633,54.61360726039706,3.9037149885015516,48.9793326722794
PedNYC9,PedNYC9_scenario15,15,55.0,-3.132159989728122,54.852944875831675,3.9155006672983426,48.04779529580751
PedNYC9,PedNYC9_scenario15,15,56.0,-3.1458291185453553,55.08696357018148,3.9241431871764685,47.13321775403484
PedNYC9,PedNYC9_scenario15,15,57.0,-3.1570930616942023,55.28129323521072,3.929761171866227,46.24512649462284
PedNYC9,PedNYC9_scenario15,15,58.0,-3.153411835722606,55.46250498539891,3.9326091786229243,45.38754640495728
PedNYC9,PedNYC9_scenario15,15,59.0,-3.13319790222003,55.629202787230554,3.9329624238605785,44.55855170808575
PedNYC9,PedNYC9_scenario15,15,60.0,-3.091797356786889,55.77976998879938,3.9310166944042852,43.75950603940906
PedNYC9,PedNYC9_scenario15,15,61.0,-3.0317119559066366,55.93957861288092,3.926985463666153,42.98708115152127
PedNYC9,PedNYC9_scenario15,15,62.0,-2.9782123771224134,56.08909072603173,3.921060674940431,42.23983360711267
PedNYC9,PedNYC9_scenario15,15,63.0,-2.9288184614538015,56.25538180658761,3.913482452385018,41.51644908535824
PedNYC9,PedNYC9_scenario15,15,64.0,-2.8894974995608096,56.39067556329242,3.9043921148522402,40.81460806574486
PedNYC9,PedNYC9_scenario15,15,65.0,-2.84458035194534,56.51926700608071,3.893991235927313,40.13274638385789
PedNYC9,PedNYC9_scenario15,15,66.0,-2.80102445003575,56.671955006095445,3.8823524407178893,39.46878514684383
PedNYC9,PedNYC9_scenario15,15,67.0,-2.774003225198574,56.78566149849436,3.8696362262718895,38.82286947881511
PedNYC9,PedNYC9_scenario15,15,68.0,-2.7567643582735193,56.92817773353515,3.8559324624289957,38.191944998636075
PedNYC9,PedNYC9_scenario15,15,69.0,-2.7334204259568726,57.16798507406755,3.841427778420511,37.57696224039516
PedNYC9,PedNYC9_scenario15,15,70.0,-2.7214040456012776,57.34891601584261,3.8264346759172208,36.97535440747996
PedNYC9,PedNYC9_scenario15,15,71.0,-2.704140704523629,57.509206600227586,3.81169719259264,36.387074822304946
PedNYC9,PedNYC9_scenario15,15,72.0,-2.682537171647409,57.66753439081553,3.7973054872001586,35.81093737100927
PedNYC9,PedNYC9_scenario15,15,73.0,-2.66768847462687,57.82548225601468,3.7829942658157494,35.246457566465246
PedNYC9,PedNYC9_scenario15,15,74.0,-2.6558747439132,57.98171570221702,3.7687387249323687,34.69303754569706
PedNYC9,PedNYC9_scenario15,15,75.0,-2.6560476283060526,58.155942106540955,3.7544744108849857,34.14770409739815
PedNYC9,PedNYC9_scenario15,15,76.0,-2.669854511608735,58.344220771113676,3.740230060378627,33.61115239490576
PedNYC9,PedNYC9_scenario15,15,77.0,-2.6977546445272735,58.53441188250558,3.725969910090252,33.08172814201904
PedNYC9,PedNYC9_scenario15,15,78.0,-2.7154284832756024,58.7057477643999,3.7116770593118598,32.55796579482802
PedNYC9,PedNYC9_scenario15,15,79.0,-2.7195071477908326,58.85551345557617,3.698223475437673,32.04249725376627
PedNYC9,PedNYC9_scenario15,15,80.0,-2.716994492480218,58.98695737239499,3.687157140569398,31.54015059175119
PedNYC9,PedNYC9_scenario15,15,81.0,-2.708485435871928,59.12780722317742,3.6782139259565083,31.053067927056063
PedNYC9,PedNYC9_scenario15,15,82.0,-2.6921339658978796,59.28602187165792,3.6707492530996126,30.582708657686027
PedNYC9,PedNYC9_scenario15,15,83.0,-2.6807368980316366,59.4415113075326,3.664766108686107,30.14291056644148
PedNYC9,PedNYC9_scenario15,15,84.0,-2.6707406170272088,59.57629159943378,3.660421613859778,29.772635944679894
PedNYC9,PedNYC9_scenario15,15,85.0,-2.662045190427549,59.72463317222347,3.657474510375721,29.489842443493718
PedNYC9,PedNYC9_scenario15,15,86.0,-2.659999841229994,59.86517870316947,3.65567041344204,29.295252010402475
PedNYC9,PedNYC9_scenario15,15,87.0,-2.6475949050748366,60.00481594032258,3.65467333449425,29.18260405135732
PedNYC9,PedNYC9_scenario15,15,88.0,-2.635371746852958,60.149198860513984,3.653927804985515,29.106969802486812
PedNYC9,PedNYC9_scenario15,15,89.0,-2.620165162012084,60.27866350438931,3.6531458791023805,29.034453911020233
PedNYC9,PedNYC9_scenario15,15,90.0,-2.60815578927315,60.405627536929494,3.651919652832101,28.964714421782
PedNYC9,PedNYC9_scenario15,15,91.0,-2.6028770683020235,60.53550653126224,3.650461942200471,28.897614757629118
PedNYC9,PedNYC9_scenario15,15,92.0,-2.5916155405750376,60.65209983604776,3.6489766424302044,28.83311207450847
PedNYC9,PedNYC9_scenario15,15,93.0,-2.5791522826102855,60.76631642474492,3.647435247291693,28.770890483803374
PedNYC9,PedNYC9_scenario15,15,94.0,-2.5656264201204624,60.884339235810515,3.645919922457397,28.710949760707905
PedNYC9,PedNYC9_scenario15,15,95.0,-2.5406944871561263,60.992150349557846,3.6444339119185094,28.653162161192327
PedNYC9,PedNYC9_scenario15,15,96.0,-2.506384101973999,61.07384307324906,3.6429785895507916,28.59750335147579
PedNYC9,PedNYC9_scenario15,15,97.0,-2.468089049168834,61.125723657089026,3.641553652669606,28.543861753361718
PedNYC9,PedNYC9_scenario15,15,98.0,-2.4372119233763825,61.17264735420525,3.6401609002643625,28.49222515243125
PedNYC9,PedNYC9_scenario15,15,99.0,-2.427421881669179,61.2137503786618,3.6387992205292514,28.44242184593511
PedNYC9,PedNYC9_scenario15,15,100.0,-2.435854911804199,61.25945281982422,3.6374685764312735,28.39441299438477
