participant_id,recording_identifier,scenario,progress_percent,ped_x,ped_z,veh_x,veh_z,mean_x,mean_z,deviation_m
PedNYC10,PedNYC10_scenario3,3,0.0,12.628949165344238,66.83854675292969,46.62799835205078,58.64118957519531,12.644355590526875,66.97022012563852,0.13257162221767954
PedNYC10,PedNYC10_scenario3,3,1.0,12.593782323078878,66.74313587887255,44.91700916048972,58.66723047807359,12.622987694766106,66.90788473182705,0.16731747752465537
PedNYC10,PedNYC10_scenario3,3,2.0,12.53253045559148,66.5958968142777,43.20374931102785,58.69183961128868,12.596821088069001,66.82683139722191,0.2397166390219465
PedNYC10,PedNYC10_scenario3,3,3.0,12.480909395398957,66.40848794203008,41.546556623857036,58.714208803823,12.560676793733327,66.72955245920404,0.33082512302602685
PedNYC10,PedNYC10_scenario3,3,4.0,12.482633037765508,66.2198414048552,39.96239470531194,58.734228549277375,12.531638175909732,66.62027026050276,0.40341637547297227
PedNYC10,PedNYC10_scenario3,3,5.0,12.486886956100316,66.00225627054625,38.45546421211359,58.752026850077094,12.509014245331464,66.50484030822167,0.5030709014193187
PedNYC10,PedNYC10_scenario3,3,6.0,12.48620069541376,65.75769233151776,37.02422022525954,58.767805823373536,12.474154817642049,66.38037874399632,0.6228029154208478
PedNYC10,PedNYC10_scenario3,3,7.0,12.464633192421273,65.55109236429028,35.66529754737773,58.781776469262375,12.441585782199857,66.26103690822887,0.710318547263189
PedNYC10,PedNYC10_scenario3,3,8.0,12.436935825307948,65.32832874002636,34.37526620630134,58.794130995378794,12.394324518317344,66.13822426614334,0.811015712984489
PedNYC10,PedNYC10_scenario3,3,9.0,12.425768844345889,65.08167672833852,33.15099316589285,58.805037479448366,12.35242403681343,66.0111463863118,0.9323590005383784
PedNYC10,PedNYC10_scenario3,3,10.0,12.425972296431244,64.86026447539994,31.98879895191358,58.81467303193324,12.316764553234467,65.89023763911304,1.0357466143528031
PedNYC10,PedNYC10_scenario3,3,11.0,12.414005989935674,64.6354056688948,30.88507658404118,58.82318212046025,12.298117628651637,65.76682766661018,1.1373415710310413
PedNYC10,PedNYC10_scenario3,3,12.0,12.395436819648744,64.44646709879467,29.83794466887202,58.83065780987058,12.275533799399877,65.63995512214044,1.1994958925042556
PedNYC10,PedNYC10_scenario3,3,13.0,12.382123311965533,64.24007160215444,28.843494357289767,58.837224311047365,12.264212850940591,65.50689227441624,1.272296149679372
PedNYC10,PedNYC10_scenario3,3,14.0,12.39398693916283,64.06484386407429,27.899752689318024,58.842978816233874,12.253074744189252,65.36719636631224,1.3099535437479166
PedNYC10,PedNYC10_scenario3,3,15.0,12.424134143136106,63.89236749359198,27.003676956187142,58.84800486282354,12.238204159562459,65.22009581584179,1.3406835780660464
PedNYC10,PedNYC10_scenario3,3,16.0,12.448870885589217,63.72489291541821,26.15239955573932,58.852399747648924,12.221257721900564,65.08687809672129,1.380873414319195
PedNYC10,PedNYC10_scenario3,3,17.0,12.460078807226859,63.570634495926164,25.344921787004335,58.85621134712223,12.210520740066558,64.9375583605288,1.389517930976417
PedNYC10,PedNYC10_scenario3,3,18.0,12.45696642176355,63.39771959041068,24.577919595005078,58.85952002643544,12.216316590078806,64.77421327770804,1.3973715370864628
PedNYC10,PedNYC10_scenario3,3,19.0,12.457730638781857,63.27416609998401,23.84964861773308,58.862382229305304,12.223647295560092,64.59526528084675,1.341677329781672
PedNYC10,PedNYC10_scenario3,3,20.0,12.467177209414967,63.14883711855098,23.158413543784388,58.8648443291757,12.24015118710815,64.42209966934996,1.2933438591772823
PedNYC10,PedNYC10_scenario3,3,21.0,12.480108253857766,63.0279305495895,22.50192618266153,58.86695475074838,12.243589052277944,64.24093641369373,1.2358497315884374
PedNYC10,PedNYC10_scenario3,3,22.0,12.49046648886392,62.920401139296075,21.878700586047444,58.86875102488395,12.24392872877585,64.047314684676,1.1535662121915609
PedNYC10,PedNYC10_scenario3,3,23.0,12.4925149487114,62.8396281885019,21.286727317096528,58.87027049391234,12.222025528957623,63.84337427459586,1.0395531403192824
PedNYC10,PedNYC10_scenario3,3,24.0,12.47659359785795,62.75211313955196,20.723069756424042,58.87155146127871,12.204685164394675,63.6403826403698,0.928954736395498
PedNYC10,PedNYC10_scenario3,3,25.0,12.456857120709184,62.67420380596954,20.18713129251806,58.87261604629445,12.181612566275303,63.436560537534255,0.8105228873434362
PedNYC10,PedNYC10_scenario3,3,26.0,12.435683567461068,62.61782695554905,19.67785506507134,58.873487938426514,12.175792926923075,63.228394671234454,0.6635782399058475
PedNYC10,PedNYC10_scenario3,3,27.0,12.419903863255191,62.57652133902336,19.19429038631551,58.87419653959828,12.156888009186577,63.02381444102684,0.5188915672771552
PedNYC10,PedNYC10_scenario3,3,28.0,12.409711015244161,62.54412469074766,18.735278609866615,58.87476700722136,12.13781868396215,62.82702226025918,0.3923728770512706
PedNYC10,PedNYC10_scenario3,3,29.0,12.404965240127293,62.524769185961134,18.299855137842098,58.875194040178656,12.119257345914345,62.638923661511384,0.307669051260847
PedNYC10,PedNYC10_scenario3,3,30.0,12.393051064344093,62.50942830456141,17.969311836881268,58.874897729946355,12.089225605284328,62.430188463721635,0.31398863347132405
PedNYC10,PedNYC10_scenario3,3,31.0,12.370253103005686,62.49553058193497,17.893266185016955,58.874604154433236,12.04580785034371,62.219369860518,0.42606274893310647
PedNYC10,PedNYC10_scenario3,3,32.0,12.354982804172149,62.49141769330528,17.892727470268913,58.874603271484375,12.017601061965486,62.0065854671612,0.590668034925055
PedNYC10,PedNYC10_scenario3,3,33.0,12.366020935086024,62.49252181364672,17.892480250366866,58.874600742724866,11.995714924773097,61.77927885403746,0.8036429933160961
PedNYC10,PedNYC10_scenario3,3,34.0,12.389726641177296,62.49922199006837,17.89243129883001,58.8746031921349,11.987137788406223,61.549282215226796,1.0317283364343495
PedNYC10,PedNYC10_scenario3,3,35.0,12.405946443591914,62.49858442811179,17.892423629760742,58.87459945678711,11.960415352058593,61.30174894137763,1.2770720950005379
PedNYC10,PedNYC10_scenario3,3,36.0,12.415227640236875,62.486700018890396,17.892423629760742,58.87460073303218,11.936801733365876,61.05263001429119,1.5117698655736282
PedNYC10,PedNYC10_scenario3,3,37.0,12.428351988948787,62.41842970335559,17.892423865203828,58.87459945678711,11.917687983040256,60.8056605897223,1.6916861236116054
PedNYC10,PedNYC10_scenario3,3,38.0,12.436806439201284,62.26474002958539,17.892424835326953,58.87460186791953,11.882471286201639,60.54070809319085,1.810959298150967
PedNYC10,PedNYC10_scenario3,3,39.0,12.444288371846719,62.02116600268276,17.892423629760742,58.87459945678711,11.84387932006759,60.27032245895279,1.8509306156847793
PedNYC10,PedNYC10_scenario3,3,40.0,12.440832462751244,61.777694420520305,17.892423629760742,58.874599648061654,11.809607051711323,59.991833761060406,1.894134054007019
PedNYC10,PedNYC10_scenario3,3,41.0,12.436660529174526,61.54958909010489,17.892423629760742,58.87459945678711,11.768616541728573,59.69591863009969,1.970374823087874
PedNYC10,PedNYC10_scenario3,3,42.0,12.41354731949605,61.27474119856995,17.892423629760742,58.87460227902396,11.726864127060326,59.39470926477142,2.001512897504272
PedNYC10,PedNYC10_scenario3,3,43.0,12.410082565730951,60.974393392686046,17.89242516723821,58.87460253174204,11.663960004571887,59.10174001897546,2.015819816933099
PedNYC10,PedNYC10_scenario3,3,44.0,12.394579413423152,60.68517805914917,17.892423629760742,58.874601309098615,11.608968904508478,58.81283984827606,2.030476359776861
PedNYC10,PedNYC10_scenario3,3,45.0,12.364104885521394,60.4100265746083,17.892423629760742,58.87459945678711,11.568765709515368,58.52720072991103,2.0439172112269963
PedNYC10,PedNYC10_scenario3,3,46.0,12.339263749034092,60.16705650501294,17.89242344162183,58.87459945678711,11.533969587178614,58.26069561911153,2.0694710711709194
PedNYC10,PedNYC10_scenario3,3,47.0,12.328266872723432,59.88549576938116,17.892423629760742,58.87459945678711,11.506092858789213,58.02456104548411,2.034465078538946
PedNYC10,PedNYC10_scenario3,3,48.0,12.331366923143245,59.54996176699498,17.892423629760742,58.87459945678711,11.485415344437884,57.77483798214163,1.9663922612404159
PedNYC10,PedNYC10_scenario3,3,49.0,12.321647339825576,59.27877090185331,17.892423629760742,58.874603271484375,11.461331673113591,57.55001924188524,1.9309907685518501
PedNYC10,PedNYC10_scenario3,3,50.0,12.289299867332097,58.92855899175794,17.892423629760742,58.87459945678711,11.424392426712235,57.30912048404586,1.835931905354966
PedNYC10,PedNYC10_scenario3,3,51.0,12.270793725442516,58.68691935737373,17.8924245831706,58.87460136360683,11.393147342192224,57.06200857552304,1.846780502119013
PedNYC10,PedNYC10_scenario3,3,52.0,12.303685835627828,58.32640014250767,17.892423629760742,58.87459878187424,11.360538084351477,56.79829956946881,1.7957224290127187
PedNYC10,PedNYC10_scenario3,3,53.0,12.31614175016297,58.017779067940516,17.892423629760742,58.874603271484375,11.330718263116886,56.55844822703328,1.7608821516629334
PedNYC10,PedNYC10_scenario3,3,54.0,12.280099820850833,57.67963545912051,17.892423629760742,58.87459952174152,11.307482237333273,56.324815264808485,1.667789771728803
PedNYC10,PedNYC10_scenario3,3,55.0,12.255999909893436,57.36310378760526,17.892423629760742,58.87459945678711,11.28458549885055,56.083737475041794,1.6063698576928174
PedNYC10,PedNYC10_scenario3,3,56.0,12.25832012485308,57.03809155750056,17.892423629760742,58.87459982899469,11.254296493625608,55.85650274464957,1.550553312439727
PedNYC10,PedNYC10_scenario3,3,57.0,12.242115381352512,56.74003942894527,17.892423629760742,58.87459587241075,11.23556336808437,55.632440777701554,1.4966368055246602
PedNYC10,PedNYC10_scenario3,3,58.0,12.203954651721135,56.45802885965022,17.892423629760742,58.874599270228785,11.206254749645044,55.42095650472065,1.439070590333152
PedNYC10,PedNYC10_scenario3,3,59.0,12.173375731965193,56.17032581197078,17.892423629760742,58.87459945678711,11.178005625931636,55.20437226680471,1.3870212324993962
PedNYC10,PedNYC10_scenario3,3,60.0,12.16210440466773,55.87163781005982,17.892423629760742,58.87459592577229,11.140610774795961,54.984121669761784,1.3531940493359151
PedNYC10,PedNYC10_scenario3,3,61.0,12.15328166807166,55.591651891775314,17.892423629760742,58.87459945678711,11.113367745622678,54.7541313496344,1.3352384148949723
PedNYC10,PedNYC10_scenario3,3,62.0,12.132513292899578,55.30237566366374,17.892423629760742,58.87459945678711,11.08118369543711,54.524348159738146,1.3079069995092476
PedNYC10,PedNYC10_scenario3,3,63.0,12.108262473764611,55.029019266498445,17.892423629760742,58.87459945678711,11.040011502062624,54.301993610000565,1.2921789519058158
PedNYC10,PedNYC10_scenario3,3,64.0,12.100842800442345,54.74715364337876,17.892423629760742,58.87459720295456,11.005142811503605,54.07831453195313,1.2837072184625968
PedNYC10,PedNYC10_scenario3,3,65.0,12.104943720948823,54.465333632796096,17.892423629760742,58.87460323129386,10.969408230951403,53.843991321414435,1.2944138121005908
PedNYC10,PedNYC10_scenario3,3,66.0,12.095393180587712,54.20464777738887,17.892423629760742,58.87459636784695,10.919934450901014,53.62194629683409,1.3119619813993848
PedNYC10,PedNYC10_scenario3,3,67.0,12.075675021364807,53.95197461356478,17.892441156079183,58.87459835092772,10.872349309962622,53.40180454028852,1.323132600025551
PedNYC10,PedNYC10_scenario3,3,68.0,12.073212818307775,53.69286391407569,17.892518391633605,58.87459564208984,10.839775810506213,53.174820411015624,1.3378101222808914
PedNYC10,PedNYC10_scenario3,3,69.0,12.08582853998074,53.42918810808617,17.89257478905376,58.87459945678711,10.80263823940935,52.94790558699571,1.370478096354586
PedNYC10,PedNYC10_scenario3,3,70.0,12.068254771162694,53.185626382757,17.887812742743048,58.87456993661654,10.754687583816404,52.73440452688867,1.388906015137852
PedNYC10,PedNYC10_scenario3,3,71.0,12.01769625111693,52.955666251438984,17.847434355919543,58.87435291272726,10.705596011871698,52.51816312263241,1.3831182254395102
PedNYC10,PedNYC10_scenario3,3,72.0,11.952061576379448,52.71389930502566,17.734110497056026,58.873714483198896,10.666076810425606,52.303823669748645,1.349784740213493
PedNYC10,PedNYC10_scenario3,3,73.0,11.898225403963334,52.48550317247984,17.519061235748747,58.87159045080796,10.617806275956664,52.09942944628915,1.3373578673713795
PedNYC10,PedNYC10_scenario3,3,74.0,11.851837918287691,52.261193299321974,17.184556256631186,58.86554125718351,10.558254839861148,51.9094682889872,1.3405475238448243
PedNYC10,PedNYC10_scenario3,3,75.0,11.804603189217222,52.04646681148835,16.726094575778546,58.85127359001818,10.49329314398979,51.72015800196228,1.3512999200357736
PedNYC10,PedNYC10_scenario3,3,76.0,11.754890234200175,51.82036088883667,16.14695441566433,58.82490220225365,10.421598117771682,51.53386686302356,1.3637253002555068
PedNYC10,PedNYC10_scenario3,3,77.0,11.718788959256106,51.608689020167176,15.450801390373995,58.784419408809136,10.36547497233664,51.3646083109909,1.3751487700550262
PedNYC10,PedNYC10_scenario3,3,78.0,11.682531860992308,51.38563419807672,14.660031522582175,58.73395338707788,10.314137825165174,51.19470573795078,1.3816497074777438
PedNYC10,PedNYC10_scenario3,3,79.0,11.633170037360127,51.17914105943298,13.829851814322808,58.689354316379756,10.263108267878268,51.035697575513794,1.3775504655999493
PedNYC10,PedNYC10_scenario3,3,80.0,11.56603991352727,50.986077568390115,13.011568272649967,58.6605193960597,10.216120584567697,50.88353999089242,1.353808017961837
PedNYC10,PedNYC10_scenario3,3,81.0,11.476936525770286,50.79359549756315,12.225583502899244,58.655088885369395,10.181103545811153,50.73382392162537,1.2972107589901702
PedNYC10,PedNYC10_scenario3,3,82.0,11.39936348090345,50.622914762092265,11.477473358509888,58.679416835880886,10.150077321503812,50.59574917466868,1.2495814808197048
PedNYC10,PedNYC10_scenario3,3,83.0,11.308804033647963,50.455390621996,10.768611610348966,58.73250040876763,10.116845742846648,50.477851939407216,1.1921699030716384
PedNYC10,PedNYC10_scenario3,3,84.0,11.244285299188245,50.34006509459629,10.100352135937245,58.81752406917983,10.081688694113655,50.3735500482852,1.1630787197152699
PedNYC10,PedNYC10_scenario3,3,85.0,11.183584079151176,50.2454354591261,9.473373119685624,58.93531351385694,10.055877438126233,50.26146705142527,1.1278205886413881
PedNYC10,PedNYC10_scenario3,3,86.0,11.070912906242734,50.10309288164716,8.889212689461589,59.08572445566427,10.032075532827163,50.14457218615756,1.0396651485491037
PedNYC10,PedNYC10_scenario3,3,87.0,10.944525642017178,49.91391140588513,8.348893106799252,59.267795046776754,10.002030378404802,50.021585738126646,0.948625892412503
PedNYC10,PedNYC10_scenario3,3,88.0,10.833411984133985,49.75825740743154,7.8549273791036605,59.480566821006356,9.962828495245988,49.91174460516371,0.884010141905663
PedNYC10,PedNYC10_scenario3,3,89.0,10.714532169326457,49.62444586910958,7.405235402908129,59.72353811273909,9.92461081441284,49.81107774803133,0.8116693940136137
PedNYC10,PedNYC10_scenario3,3,90.0,10.623415645258044,49.53753162138975,6.979144384107759,60.008880134125086,9.894465369220978,49.7014141824783,0.7471452327114569
PedNYC10,PedNYC10_scenario3,3,91.0,10.48589836614558,49.435590768756825,6.555303936020446,60.356625445947834,9.855789245041223,49.597301828892924,0.6505289935654268
PedNYC10,PedNYC10_scenario3,3,92.0,10.358492782233794,49.361907290932464,6.125460467707819,60.7868082971114,9.818162268388376,49.503386877594046,0.5585459136314456
PedNYC10,PedNYC10_scenario3,3,93.0,10.23579563826812,49.29705760683034,5.692419906946005,61.32326151185539,9.790185807041123,49.41550570938268,0.4610835875244334
PedNYC10,PedNYC10_scenario3,3,94.0,10.124533150719786,49.23964391073047,5.275905123328792,61.981420860280956,9.757152157180336,49.34033464995661,0.38092967773585185
PedNYC10,PedNYC10_scenario3,3,95.0,10.01086700025223,49.17669924822289,4.907803833626936,62.744403277212136,9.714225876263724,49.27683832001538,0.3130875119525301
PedNYC10,PedNYC10_scenario3,3,96.0,9.896562019823728,49.129219176918106,4.614138880600072,63.55565941401032,9.689209283037798,49.218054947257095,0.22558136346856492
PedNYC10,PedNYC10_scenario3,3,97.0,9.779365797218125,49.093459425775286,4.393155939225539,64.3683102551754,9.687039046515753,49.16696207389647,0.11801215266270042
PedNYC10,PedNYC10_scenario3,3,98.0,9.669547536533535,49.082643287320344,4.236325619927894,65.15991304185341,9.688251658094485,49.125887626728435,0.047115995736150024
PedNYC10,PedNYC10_scenario3,3,99.0,9.570032620814422,49.09145579522036,4.135182031611297,65.92142643726734,9.696355657293157,49.11189921703438,0.12796657001214715
PedNYC10,PedNYC10_scenario3,3,100.0,9.52260398864746,49.11576843261719,4.071309566497803,66.64981079101562,9.710407217343649,49.170472939809166,0.1956083735831126
PedNYC11,PedNYC11_scenario3,3,0.0,12.571296691894531,66.86211395263672,70.75603485107422,58.115379333496094,12.644355590526875,66.97022012563852,0.13047814878540495
PedNYC11,PedNYC11_scenario3,3,1.0,12.512607175479788,66.91465393488834,69.25708165357372,58.142647719430826,12.622987694766106,66.90788473182705,0.11058788879439786
PedNYC11,PedNYC11_scenario3,3,2.0,12.515646478263834,66.94558519097049,67.69901452144852,58.172466576306206,12.596821088069001,66.82683139722191,0.14384637919218457
PedNYC11,PedNYC11_scenario3,3,3.0,12.58593956134658,66.94418632194977,66.08500887190246,58.202211950126404,12.560676793733327,66.72955245920404,0.21611548409272605
PedNYC11,PedNYC11_scenario3,3,4.0,12.692384936505986,66.9387616937206,64.41756628079854,58.23160137835927,12.531638175909732,66.62027026050276,0.3567580609815797
PedNYC11,PedNYC11_scenario3,3,5.0,12.761380894527212,66.94909394187749,62.70637202841239,58.260246505102074,12.509014245331464,66.50484030822167,0.5109307356606065
PedNYC11,PedNYC11_scenario3,3,6.0,12.746023789801539,66.93092344529107,60.98839931733537,58.28747495201925,12.474154817642049,66.38037874399632,0.6140131970461122
PedNYC11,PedNYC11_scenario3,3,7.0,12.653619137542282,66.91950812705674,59.28610650550704,58.31287801551285,12.441585782199857,66.26103690822887,0.6917676559383419
PedNYC11,PedNYC11_scenario3,3,8.0,12.547196302553923,66.95246945213887,57.59823623754914,58.33405387794066,12.394324518317344,66.13822426614334,0.8284714873383229
PedNYC11,PedNYC11_scenario3,3,9.0,12.483599491716198,66.99256707887449,55.9334600920011,58.34965204198017,12.35242403681343,66.0111463863118,0.9901482594839951
PedNYC11,PedNYC11_scenario3,3,10.0,12.46396799483333,67.02172002120088,54.29887033113893,58.359970347869286,12.316764553234467,65.89023763911304,1.141017630974088
PedNYC11,PedNYC11_scenario3,3,11.0,12.47636655666707,66.99403821371472,52.65562249202074,58.36815541311516,12.298117628651637,65.76682766661018,1.240088064317716
PedNYC11,PedNYC11_scenario3,3,12.0,12.509180934212806,66.95827726012973,50.97409375033516,58.376477754210484,12.275533799399877,65.63995512214044,1.3388667757170485
PedNYC11,PedNYC11_scenario3,3,13.0,12.548179106615777,66.93510447460258,49.24836083688263,58.38912422684138,12.264212850940591,65.50689227441624,1.4561685764784524
PedNYC11,PedNYC11_scenario3,3,14.0,12.59689882787581,66.907015069915,47.47907653205341,58.403773958445015,12.253074744189252,65.36719636631224,1.577737823748861
PedNYC11,PedNYC11_scenario3,3,15.0,12.636667703218029,66.88258299406722,45.66715768870522,58.4120908509795,12.238204159562459,65.22009581584179,1.7095721141228635
PedNYC11,PedNYC11_scenario3,3,16.0,12.66504317059286,66.85241300987762,43.81513502873892,58.41238453561201,12.221257721900564,65.08687809672129,1.8204557270213828
PedNYC11,PedNYC11_scenario3,3,17.0,12.695946919468886,66.77839471951802,41.92443376569523,58.40481259346808,12.210520740066558,64.9375583605288,1.9037639234489754
PedNYC11,PedNYC11_scenario3,3,18.0,12.66887986033358,66.63445499254595,39.99688964402412,58.393618762462296,12.216316590078806,64.77421327770804,1.9145006532270472
PedNYC11,PedNYC11_scenario3,3,19.0,12.570386298428176,66.43919888155736,38.04582165719351,58.38624883753842,12.223647295560092,64.59526528084675,1.8762513317622351
PedNYC11,PedNYC11_scenario3,3,20.0,12.51950818532002,66.30551644118873,36.12286081000585,58.38642529647838,12.24015118710815,64.42209966934996,1.9040218141853078
PedNYC11,PedNYC11_scenario3,3,21.0,12.566947746426674,66.14928013138808,34.2786994435976,58.39281948608527,12.243589052277944,64.24093641369373,1.9355455535701211
PedNYC11,PedNYC11_scenario3,3,22.0,12.644064731009072,65.95627237090385,32.53858894030326,58.3990306864005,12.24392872877585,64.047314684676,1.950443095322592
PedNYC11,PedNYC11_scenario3,3,23.0,12.647512516456608,65.73576112416825,30.905235632741693,58.402750991553894,12.222025528957623,63.84337427459586,1.9396306774655516
PedNYC11,PedNYC11_scenario3,3,24.0,12.578897267183326,65.49269491574755,29.374871155856308,58.40392062668624,12.204685164394675,63.6403826403698,1.8897342308876652
PedNYC11,PedNYC11_scenario3,3,25.0,12.501689549005821,65.25224436791585,27.941543558443698,58.40297472716805,12.181612566275303,63.436560537534255,1.8436802995050554
PedNYC11,PedNYC11_scenario3,3,26.0,12.451343688713395,65.01578445111625,26.59830157492152,58.400246050786954,12.175792926923075,63.228394671234454,1.8085050311097028
PedNYC11,PedNYC11_scenario3,3,27.0,12.478418504757,64.79545272987255,25.340745821998038,58.396114837024946,12.156888009186577,63.02381444102684,1.8005788197371169
PedNYC11,PedNYC11_scenario3,3,28.0,12.491308837802972,64.59160701122626,24.16224146544406,58.391745921508615,12.13781868396215,62.82702226025918,1.7996429179723308
PedNYC11,PedNYC11_scenario3,3,29.0,12.462463100855102,64.41272861914062,23.058085803607174,58.38876735257813,12.119257345914345,62.638923661511384,1.8067025814822202
PedNYC11,PedNYC11_scenario3,3,30.0,12.408842047159114,64.12524632646577,22.020946491147352,58.38705774168018,12.089225605284328,62.430188463721635,1.7249277747104126
PedNYC11,PedNYC11_scenario3,3,31.0,12.421035527945559,63.89243406420949,21.046956336505133,58.386078823667106,12.04580785034371,62.219369860518,1.7146252184405524
PedNYC11,PedNYC11_scenario3,3,32.0,12.445733703464668,63.660027035055776,20.134162755542405,58.38551926619756,12.017601061965486,62.0065854671612,1.707971480194777
PedNYC11,PedNYC11_scenario3,3,33.0,12.405137956296697,63.42865473831933,19.279116173088013,58.38523237456762,11.995714924773097,61.77927885403746,1.699431677471203
PedNYC11,PedNYC11_scenario3,3,34.0,12.348491936238322,63.281325674973445,18.477687427317413,58.38459373511352,11.987137788406223,61.549282215226796,1.769336419849714
PedNYC11,PedNYC11_scenario3,3,35.0,12.281429877053833,62.90883948251953,17.730781521154782,58.383287101904294,11.960415352058593,61.30174894137763,1.6388381044769755
PedNYC11,PedNYC11_scenario3,3,36.0,12.333725336316714,62.64391994534216,17.07651030810675,58.38150983471962,11.936801733365876,61.05263001429119,1.6400463381391652
PedNYC11,PedNYC11_scenario3,3,37.0,12.35999459499953,62.363572798543224,16.52324014198833,58.37881306863261,11.917687983040256,60.8056605897223,1.619483124140594
PedNYC11,PedNYC11_scenario3,3,38.0,12.309155505444371,62.12459547478196,16.0172032809931,58.375355591768596,11.882471286201639,60.54070809319085,1.6403532121205868
PedNYC11,PedNYC11_scenario3,3,39.0,12.2755419603618,61.873886889148,15.535842273250672,58.37088215405939,11.84387932006759,60.27032245895279,1.6606479207866562
PedNYC11,PedNYC11_scenario3,3,40.0,12.319358089544961,61.634924453501775,15.018442992731762,58.363998103305676,11.809607051711323,59.991833761060406,1.7203468092683896
PedNYC11,PedNYC11_scenario3,3,41.0,12.345115892623834,61.434292113960055,14.412564436746148,58.35575294212121,11.768616541728573,59.69591863009969,1.8314731423014312
PedNYC11,PedNYC11_scenario3,3,42.0,12.263685919531689,61.232439245528404,13.701973005721703,58.351393332645586,11.726864127060326,59.39470926477142,1.914531044158132
PedNYC11,PedNYC11_scenario3,3,43.0,12.116799227356413,60.99446263072198,12.889548243173188,58.36775237852734,11.663960004571887,59.10174001897546,1.9461403460975433
PedNYC11,PedNYC11_scenario3,3,44.0,12.101832834947917,60.76629080422732,12.01395843881161,58.426290342169764,11.608968904508478,58.81283984827606,2.0146675882723386
PedNYC11,PedNYC11_scenario3,3,45.0,12.091887306086718,60.62024837673136,11.124001925051203,58.555768412504875,11.568765709515368,58.52720072991103,2.157430104698524
PedNYC11,PedNYC11_scenario3,3,46.0,12.004050643011185,60.53091815791285,10.284897930742039,58.77316268129626,11.533969587178614,58.26069561911153,2.3183801618229434
PedNYC11,PedNYC11_scenario3,3,47.0,11.968704530876586,60.45928843795741,9.528232497279607,59.06858166226176,11.506092858789213,58.02456104548411,2.478287117105543
PedNYC11,PedNYC11_scenario3,3,48.0,11.943946652044454,60.33646186924987,8.863848240781145,59.430281253483436,11.485415344437884,57.77483798214163,2.6023389285523364
PedNYC11,PedNYC11_scenario3,3,49.0,12.001397908918474,60.204035056002795,8.30893179362519,59.85035233084656,11.461331673113591,57.55001924188524,2.7084075543836703
PedNYC11,PedNYC11_scenario3,3,50.0,12.103988358827486,60.042852456439036,7.845225597642464,60.31655886605994,11.424392426712235,57.30912048404586,2.816938254174604
PedNYC11,PedNYC11_scenario3,3,51.0,12.12911558198288,59.846492042366144,7.442560989966317,60.84939723379785,11.393147342192224,57.06200857552304,2.880103718115575
PedNYC11,PedNYC11_scenario3,3,52.0,12.052656087527982,59.63969711290053,7.091822888021302,61.45897465097207,11.360538084351477,56.79829956946881,2.9244772746836034
PedNYC11,PedNYC11_scenario3,3,53.0,12.012344251355405,59.41015297079786,6.799833069876811,62.15200507023916,11.330718263116886,56.55844822703328,2.9320358001653966
PedNYC11,PedNYC11_scenario3,3,54.0,12.05681901522625,59.15041566510061,6.57282248839094,62.92945688002063,11.307482237333273,56.324815264808485,2.9232726914939087
PedNYC11,PedNYC11_scenario3,3,55.0,12.107415033130732,58.87602782547031,6.424085196361145,63.79047662797336,11.28458549885055,56.083737475041794,2.9110022060417515
PedNYC11,PedNYC11_scenario3,3,56.0,12.073104884311428,58.63453536027203,6.34337107635115,64.72001560841498,11.254296493625608,55.85650274464957,2.89618928837873
PedNYC11,PedNYC11_scenario3,3,57.0,11.995613265282788,58.33292804617162,6.292652369453582,65.69970566140593,11.23556336808437,55.632440777701554,2.8054068035492157
PedNYC11,PedNYC11_scenario3,3,58.0,12.013346904257023,58.05428180595187,6.247655274637704,66.68186889429687,11.206254749645044,55.42095650472065,2.7542330852962835
PedNYC11,PedNYC11_scenario3,3,59.0,12.042479800631474,57.76521296491085,6.207938109919909,67.62984788315366,11.178005625931636,55.20437226680471,2.702817174690088
PedNYC11,PedNYC11_scenario3,3,60.0,11.978445363140859,57.506093628170696,6.170516842943068,68.52631756158986,11.140610774795961,54.984121669761784,2.657500584464272
PedNYC11,PedNYC11_scenario3,3,61.0,11.876695651161135,57.23757250388578,6.140600451071284,69.36891509680055,11.113367745622678,54.7541313496344,2.598104974400218
PedNYC11,PedNYC11_scenario3,3,62.0,11.850261683000737,56.977331978310595,6.122090164719811,70.15918660831736,11.08118369543711,54.524348159738146,2.5707217984708475
PedNYC11,PedNYC11_scenario3,3,63.0,11.878665287300246,56.71528867947458,6.11277955715753,70.9001771591052,11.040011502062624,54.301993610000565,2.5548646273023925
PedNYC11,PedNYC11_scenario3,3,64.0,11.852838705682887,56.475466941223985,6.1103541164818544,71.59707718126703,11.005142811503605,54.07831453195313,2.5426222688951388
PedNYC11,PedNYC11_scenario3,3,65.0,11.772751379146673,56.22444611201039,6.111496493576106,72.28960422271582,10.969408230951403,53.843991321414435,2.512354517941988
PedNYC11,PedNYC11_scenario3,3,66.0,11.724468509476536,55.98205871908153,6.113961837856608,73.02924221253127,10.919934450901014,53.62194629683409,2.4934726180679583
PedNYC11,PedNYC11_scenario3,3,67.0,11.750862535422783,55.71572055597534,6.117133814338419,73.84482136106722,10.872349309962622,53.40180454028852,2.475074304937199
PedNYC11,PedNYC11_scenario3,3,68.0,11.757504550770717,55.45052348030298,6.120355624185173,74.7541786021331,10.839775810506213,53.174820411015624,2.453782895912218
PedNYC11,PedNYC11_scenario3,3,69.0,11.68280528405504,55.1833639677639,6.125072361432164,75.76588231448491,10.80263823940935,52.94790558699571,2.402492080866674
PedNYC11,PedNYC11_scenario3,3,70.0,11.586530126965018,54.91668959947306,6.131393091457192,76.82396512774818,10.754687583816404,52.73440452688867,2.3354507390687176
PedNYC11,PedNYC11_scenario3,3,71.0,11.547390705956213,54.65921379353746,6.137235928168182,77.85307063393748,10.705596011871698,52.51816312263241,2.3005904203859964
PedNYC11,PedNYC11_scenario3,3,72.0,11.52487543751237,54.405391017696815,6.142574376759823,78.82797596854229,10.666076810425606,52.303823669748645,2.270268794624991
PedNYC11,PedNYC11_scenario3,3,73.0,11.446937571804499,54.18579396927802,6.1474484799452505,79.72340433748784,10.617806275956664,52.09942944628915,2.2450780896309372
PedNYC11,PedNYC11_scenario3,3,74.0,11.325204630143741,53.97002813248683,6.1512889477633355,80.43337939500174,10.558254839861148,51.9094682889872,2.1986629685919907
PedNYC11,PedNYC11_scenario3,3,75.0,11.242551218986764,53.75805039034815,6.153374455877355,80.85196153711385,10.49329314398979,51.72015800196228,2.1712653107322555
PedNYC11,PedNYC11_scenario3,3,76.0,11.217891471880195,53.49386549257738,6.153964838240386,80.9807056051472,10.421598117771682,51.53386686302356,2.1155797630082924
PedNYC11,PedNYC11_scenario3,3,77.0,11.183410522065332,53.25062874251676,6.153967809932503,80.98122485977261,10.36547497233664,51.3646083109909,2.055746003679189
PedNYC11,PedNYC11_scenario3,3,78.0,11.099144688383486,53.033472930190435,6.153968112646224,80.98139136700053,10.314137825165174,51.19470573795078,1.9993250267419673
PedNYC11,PedNYC11_scenario3,3,79.0,10.974462540047172,52.80560879190257,6.1539680759245865,80.98142305967104,10.263108267878268,51.035697575513794,1.9075142501254752
PedNYC11,PedNYC11_scenario3,3,80.0,10.901935091704733,52.528440650421686,6.153968334197998,80.98143005371094,10.216120584567697,50.88353999089242,1.782144696123022
PedNYC11,PedNYC11_scenario3,3,81.0,10.884151219046057,52.27178402662592,6.153968334197998,80.9814224243164,10.181103545811153,50.73382392162537,1.6910343921441446
PedNYC11,PedNYC11_scenario3,3,82.0,10.82603502787551,52.05274982400545,6.153968752897378,80.9814224243164,10.150077321503812,50.59574917466868,1.6061661536002612
PedNYC11,PedNYC11_scenario3,3,83.0,10.717567605054631,51.84680601319642,6.153968334197998,80.9814224243164,10.116845742846648,50.477851939407216,1.4949588662831783
PedNYC11,PedNYC11_scenario3,3,84.0,10.640998764795663,51.636236688565525,6.153968334197998,80.9814224243164,10.081688694113655,50.3735500482852,1.3810160414378678
PedNYC11,PedNYC11_scenario3,3,85.0,10.6427875940587,51.37871463109576,6.15396785736084,80.9814224243164,10.055877438126233,50.26146705142527,1.2620244393102062
PedNYC11,PedNYC11_scenario3,3,86.0,10.640919540882207,51.2032796843203,6.153968334197998,80.98142592999538,10.032075532827163,50.14457218615756,1.2212913627838926
PedNYC11,PedNYC11_scenario3,3,87.0,10.553018023618456,50.912174089012645,6.153968334197998,80.9814224243164,10.002030378404802,50.021585738126646,1.0472511618097782
PedNYC11,PedNYC11_scenario3,3,88.0,10.419576079228976,50.683748848625605,6.153968481614841,80.9814247829859,9.962828495245988,49.91174460516371,0.8969999483820871
PedNYC11,PedNYC11_scenario3,3,89.0,10.362118439642408,50.435811953905265,6.153968084391573,80.9814224243164,9.92461081441284,49.81107774803133,0.7626963682376834
PedNYC11,PedNYC11_scenario3,3,90.0,10.363377250683858,50.16668754156865,6.153968334197998,80.9814224243164,9.894465369220978,49.7014141824783,0.660573728857175
PedNYC11,PedNYC11_scenario3,3,91.0,10.320870942889078,49.91960104779545,6.153968386056041,80.9814232540451,9.855789245041223,49.597301828892924,0.5658425330233
PedNYC11,PedNYC11_scenario3,3,92.0,10.248099094083784,49.682172494340435,6.153968455382552,80.9814224243164,9.818162268388376,49.503386877594046,0.46562857606082414
PedNYC11,PedNYC11_scenario3,3,93.0,10.190503966618728,49.46622974820085,6.153968334197998,80.9814224243164,9.790185807041123,49.41550570938268,0.4035189673381269
PedNYC11,PedNYC11_scenario3,3,94.0,10.172104466591232,49.24443327672948,6.153968289904494,80.9814224243164,9.757152157180336,49.34033464995661,0.4258902352394163
PedNYC11,PedNYC11_scenario3,3,95.0,10.118023623327208,49.04351704323089,6.15396799684942,80.9814224243164,9.714225876263724,49.27683832001538,0.46635977392340405
PedNYC11,PedNYC11_scenario3,3,96.0,10.003717829954955,48.89379252877485,6.153967934912295,80.98141603574516,9.689209283037798,49.218054947257095,0.4517319361345775
PedNYC11,PedNYC11_scenario3,3,97.0,9.901136714546217,48.79794816613479,6.153968334197998,80.98142118941684,9.687039046515753,49.16696207389647,0.4266252167624774
PedNYC11,PedNYC11_scenario3,3,98.0,9.846557770446719,48.65892887411469,6.153968334197998,80.98142461973163,9.688251658094485,49.125887626728435,0.49306318241241653
PedNYC11,PedNYC11_scenario3,3,99.0,9.824810164163647,48.50481774652264,6.153968334197998,80.9814224243164,9.696355657293157,49.11189921703438,0.6205227410611427
PedNYC11,PedNYC11_scenario3,3,100.0,9.812965393066406,48.42268371582031,6.153968334197998,80.9814224243164,9.710407217343649,49.170472939809166,0.754789310285613
PedNYC12,PedNYC12_scenario3,3,0.0,12.707767486572266,66.95127868652344,43.73955535888672,58.479034423828125,12.644355590526875,66.97022012563852,0.06618041006084688
PedNYC12,PedNYC12_scenario3,3,1.0,12.72719781803052,66.85564288972685,42.17851575502119,58.479670241768076,12.622987694766106,66.90788473182705,0.11657169406338203
PedNYC12,PedNYC12_scenario3,3,2.0,12.734123509503583,66.74836852711435,40.60898905212666,58.48556057939599,12.596821088069001,66.82683139722191,0.1581403709282196
PedNYC12,PedNYC12_scenario3,3,3.0,12.700760731763028,66.62825596907241,39.02737630970038,58.49839872251952,12.560676793733327,66.72955245920404,0.17287130648808274
PedNYC12,PedNYC12_scenario3,3,4.0,12.620361948144268,66.48658082125505,37.43749266568723,58.51884054016871,12.531638175909732,66.62027026050276,0.1604517806878284
PedNYC12,PedNYC12_scenario3,3,5.0,12.57659538593641,66.34745827819657,35.83802286336278,58.54716659803996,12.509014245331464,66.50484030822167,0.17127846899213048
PedNYC12,PedNYC12_scenario3,3,6.0,12.599326236172617,66.19231467522265,34.23032389321039,58.58351238353567,12.474154817642049,66.38037874399632,0.22591143835729618
PedNYC12,PedNYC12_scenario3,3,7.0,12.663958037919768,66.02624400235275,32.62262935093849,58.62642573986239,12.441585782199857,66.26103690822887,0.32338387214534037
PedNYC12,PedNYC12_scenario3,3,8.0,12.683569864859797,65.84526465004225,31.037129232417485,58.67219379679851,12.394324518317344,66.13822426614334,0.4116894547623967
PedNYC12,PedNYC12_scenario3,3,9.0,12.66075905055016,65.67653659041022,29.513843553831382,58.71591351237254,12.35242403681343,66.0111463863118,0.45501010561230465
PedNYC12,PedNYC12_scenario3,3,10.0,12.625769049869152,65.50960673207621,28.06561670974038,58.75251294632103,12.316764553234467,65.89023763911304,0.49026897345450715
PedNYC12,PedNYC12_scenario3,3,11.0,12.634496507366261,65.36108099729476,26.688605360103217,58.78186948196617,12.298117628651637,65.76682766661018,0.5270494376297773
PedNYC12,PedNYC12_scenario3,3,12.0,12.696448504438466,65.23361937637193,25.382384712963287,58.80429432581647,12.275533799399877,65.63995512214044,0.5850452351801241
PedNYC12,PedNYC12_scenario3,3,13.0,12.78532196856209,65.02539623033076,24.142275983648027,58.82055388386225,12.264212850940591,65.50689227441624,0.7095020457604281
PedNYC12,PedNYC12_scenario3,3,14.0,12.809992723109655,64.94961341033611,22.96395536123652,58.83097623412596,12.253074744189252,65.36719636631224,0.6960841618414749
PedNYC12,PedNYC12_scenario3,3,15.0,12.798671754763783,64.58555358624956,21.85406680710281,58.83434957553035,12.238204159562459,65.22009581584179,0.8466213831498886
PedNYC12,PedNYC12_scenario3,3,16.0,12.765598438236468,64.3829921867706,20.822925149392603,58.83210572183178,12.221257721900564,65.08687809672129,0.8898101986874558
PedNYC12,PedNYC12_scenario3,3,17.0,12.749132486330165,64.19255312444476,19.911321736381915,58.82581813893143,12.210520740066558,64.9375583605288,0.9193124686447849
PedNYC12,PedNYC12_scenario3,3,18.0,12.750841432250006,64.03571362067913,19.119132849830834,58.8168229933252,12.216316590078806,64.77421327770804,0.9116460663711352
PedNYC12,PedNYC12_scenario3,3,19.0,12.744442570229834,63.85779876107924,18.386023259718907,58.80566250132318,12.223647295560092,64.59526528084675,0.902820350843031
PedNYC12,PedNYC12_scenario3,3,20.0,12.70476790944153,63.690202072554584,17.690073421337825,58.79239341321135,12.24015118710815,64.42209966934996,0.8669156769067349
PedNYC12,PedNYC12_scenario3,3,21.0,12.694225881877836,63.65648751187242,17.023180479010925,58.77394543796697,12.243589052277944,64.24093641369373,0.7380068231608559
PedNYC12,PedNYC12_scenario3,3,22.0,12.563315583008668,63.42701023534921,16.364243294279202,58.74866829701353,12.24392872877585,64.047314684676,0.6977002024590111
PedNYC12,PedNYC12_scenario3,3,23.0,12.493298886366448,63.27189935591544,15.693566171269246,58.71728171040068,12.222025528957623,63.84337427459586,0.6325921412099994
PedNYC12,PedNYC12_scenario3,3,24.0,12.456932354225597,63.13033223841654,14.992662169796702,58.679191194424504,12.204685164394675,63.6403826403698,0.5690167460719208
PedNYC12,PedNYC12_scenario3,3,25.0,12.480580960298935,62.9911933279896,14.259474851248813,58.63504711935219,12.181612566275303,63.436560537534255,0.5364084749168897
PedNYC12,PedNYC12_scenario3,3,26.0,12.494837183927709,62.86075210359523,13.49613663166363,58.59075168359871,12.175792926923075,63.228394671234454,0.4867754055701661
PedNYC12,PedNYC12_scenario3,3,27.0,12.486155191645715,62.766382115117196,12.708173734524767,58.55304357278816,12.156888009186577,63.02381444102684,0.41795727038517916
PedNYC12,PedNYC12_scenario3,3,28.0,12.455206528882677,62.666970222672816,11.901333361202838,58.5331762659654,12.13781868396215,62.82702226025918,0.3554598413869591
PedNYC12,PedNYC12_scenario3,3,29.0,12.381733576430664,62.57853291863076,11.08012371164651,58.54966515636974,12.119257345914345,62.638923661511384,0.2693340182964803
PedNYC12,PedNYC12_scenario3,3,30.0,12.28451731019117,62.4897202080699,10.254842062438723,58.62302325278275,12.089225605284328,62.430188463721635,0.20416385231124476
PedNYC12,PedNYC12_scenario3,3,31.0,12.20106028556641,62.40939962653624,9.434315182211247,58.76542253416412,12.04580785034371,62.219369860518,0.2453866960850287
PedNYC12,PedNYC12_scenario3,3,32.0,12.158928621130352,62.26667461545102,8.630539145064434,58.993029520852815,12.017601061965486,62.0065854671612,0.29600649323557077
PedNYC12,PedNYC12_scenario3,3,33.0,12.146822825090558,62.08271539824732,7.864374157619723,59.32802756314255,11.995714924773097,61.77927885403746,0.33897984291160704
PedNYC12,PedNYC12_scenario3,3,34.0,12.126664734188527,61.88421340721397,7.161815331990465,59.784622745719,11.987137788406223,61.549282215226796,0.36283146496036844
PedNYC12,PedNYC12_scenario3,3,35.0,12.102664646077642,61.66097343641137,6.543178031471913,60.35986589173586,11.960415352058593,61.30174894137763,0.3863639469220186
PedNYC12,PedNYC12_scenario3,3,36.0,12.056824642367776,61.4617137760885,6.015845670486198,61.04340597264287,11.936801733365876,61.05263001429119,0.4263273658252757
PedNYC12,PedNYC12_scenario3,3,37.0,12.00930267753941,61.30988235095891,5.578614435853476,61.82384967496664,11.917687983040256,60.8056605897223,0.5124771572984687
PedNYC12,PedNYC12_scenario3,3,38.0,11.978237064046697,61.15201500899492,5.2227242884037866,62.69192008547461,11.882471286201639,60.54070809319085,0.6187626600855576
PedNYC12,PedNYC12_scenario3,3,39.0,11.956520700584095,60.93471755441427,4.934705999129671,63.63548921343604,11.84387932006759,60.27032245895279,0.6738760445942061
PedNYC12,PedNYC12_scenario3,3,40.0,11.902101738704653,60.720683512705705,4.7047607968350516,64.64652120421356,11.809607051711323,59.991833761060406,0.7346953297765056
PedNYC12,PedNYC12_scenario3,3,41.0,11.848484281845092,60.51079543312907,4.531042645918883,65.71910568549318,11.768616541728573,59.69591863009969,0.8187814482673014
PedNYC12,PedNYC12_scenario3,3,42.0,11.770098050702181,60.27429735539628,4.417913286758339,66.84533849367928,11.726864127060326,59.39470926477142,0.8806499766209906
PedNYC12,PedNYC12_scenario3,3,43.0,11.713668300761222,60.04453481110258,4.368211016304989,68.02191537311533,11.663960004571887,59.10174001897546,0.9441043029094086
PedNYC12,PedNYC12_scenario3,3,44.0,11.715209603007928,59.84400849170575,4.36179620681285,69.24408124628108,11.608968904508478,58.81283984827606,1.036627154385931
PedNYC12,PedNYC12_scenario3,3,45.0,11.7440971634257,59.65910869164632,4.379519283315532,70.51175490677085,11.568765709515368,58.52720072991103,1.1454068065844738
PedNYC12,PedNYC12_scenario3,3,46.0,11.752377308441481,59.48055625581564,4.4216278800191,71.82158788093439,11.533969587178614,58.26069561911153,1.2392586113025
PedNYC12,PedNYC12_scenario3,3,47.0,11.734211315069949,59.30872911852142,4.461826492223161,73.17360208267321,11.506092858789213,58.02456104548411,1.3042720843076634
PedNYC12,PedNYC12_scenario3,3,48.0,11.678995467496025,59.120213381189515,4.498697223854489,74.5657208069704,11.485415344437884,57.77483798214163,1.359230748771698
PedNYC12,PedNYC12_scenario3,3,49.0,11.642323160385915,58.91646031484118,4.53543244795658,75.99798486049033,11.461331673113591,57.55001924188524,1.3783755382064926
PedNYC12,PedNYC12_scenario3,3,50.0,11.641879971167874,58.672069909699225,4.575870521283272,77.46775452493485,11.424392426712235,57.30912048404586,1.3801927288904883
PedNYC12,PedNYC12_scenario3,3,51.0,11.664543516165795,58.40468526164358,4.631832236895289,78.93075469115205,11.393147342192224,57.06200857552304,1.3698308533169816
PedNYC12,PedNYC12_scenario3,3,52.0,11.651584541682736,58.149075218970104,4.706478156362498,80.33608280571728,11.360538084351477,56.79829956946881,1.381775269575599
PedNYC12,PedNYC12_scenario3,3,53.0,11.587155064675128,57.89269254004196,4.789610064699269,81.58747321847744,11.330718263116886,56.55844822703328,1.3586639466731394
PedNYC12,PedNYC12_scenario3,3,54.0,11.519009177886623,57.66104164955849,4.854685869753693,82.52635027007945,11.307482237333273,56.324815264808485,1.3528653288047305
PedNYC12,PedNYC12_scenario3,3,55.0,11.518681710760816,57.42080779857504,4.888259909849848,83.0996227826156,11.28458549885055,56.083737475041794,1.3574085923199537
PedNYC12,PedNYC12_scenario3,3,56.0,11.565191436879877,57.16131719097168,4.898406546293538,83.29682895844392,11.254296493625608,55.85650274464957,1.3413412709195056
PedNYC12,PedNYC12_scenario3,3,57.0,11.59133714719945,56.90365248963207,4.898499571172335,83.29850957252728,11.23556336808437,55.632440777701554,1.3200584072135397
PedNYC12,PedNYC12_scenario3,3,58.0,11.570453466652992,56.64527903994207,4.898522218597232,83.29901759887335,11.206254749645044,55.42095650472065,1.2773434838449822
PedNYC12,PedNYC12_scenario3,3,59.0,11.516971796282116,56.379123294991324,4.898527339907216,83.29913952546842,11.178005625931636,55.20437226680471,1.2226765896456733
PedNYC12,PedNYC12_scenario3,3,60.0,11.496738646703031,56.14850686946301,4.898527781834749,83.29917652335887,11.140610774795961,54.984121669761784,1.2176288245735356
PedNYC12,PedNYC12_scenario3,3,61.0,11.502963041698143,55.91258663487576,4.8985276222229,83.29917025780966,11.113367745622678,54.7541313496344,1.2222123966920677
PedNYC12,PedNYC12_scenario3,3,62.0,11.514286088961583,55.68773945488499,4.8985276222229,83.29916381835938,11.08118369543711,54.524348159738146,1.2413931645131933
PedNYC12,PedNYC12_scenario3,3,63.0,11.48415522258315,55.44246961052614,4.898527145385742,83.29916381835938,11.040011502062624,54.301993610000565,1.2239073299284646
PedNYC12,PedNYC12_scenario3,3,64.0,11.423320693684651,55.20704370796782,4.898527145385742,83.29916381835938,11.005142811503605,54.07831453195313,1.203703573946767
PedNYC12,PedNYC12_scenario3,3,65.0,11.345478814325956,54.95535573583399,4.898527145385742,83.29916381835938,10.969408230951403,53.843991321414435,1.1732689143234794
PedNYC12,PedNYC12_scenario3,3,66.0,11.317133030329968,54.68999634205372,4.898527145385742,83.29916381835938,10.919934450901014,53.62194629683409,1.1395163932976258
PedNYC12,PedNYC12_scenario3,3,67.0,11.33611300774668,54.434052169545254,4.898527145385742,83.29916381835938,10.872349309962622,53.40180454028852,1.1316412574170682
PedNYC12,PedNYC12_scenario3,3,68.0,11.369000586713026,54.18120204756664,4.898527145385742,83.29916381835938,10.839775810506213,53.174820411015624,1.1370500701984323
PedNYC12,PedNYC12_scenario3,3,69.0,11.332836701395292,53.96111874505517,4.898526761294671,83.29916381835938,10.80263823940935,52.94790558699571,1.1435520594870523
PedNYC12,PedNYC12_scenario3,3,70.0,11.242161930063865,53.72711205487316,4.898527145385742,83.29916381835938,10.754687583816404,52.73440452688867,1.1059382778285924
PedNYC12,PedNYC12_scenario3,3,71.0,11.119267760027709,53.48546460933554,4.898527145385742,83.29916381835938,10.705596011871698,52.51816312263241,1.052043954120042
PedNYC12,PedNYC12_scenario3,3,72.0,11.030659131344759,53.280633902846496,4.898527145385742,83.29916381835938,10.666076810425606,52.303823669748645,1.0426305674645617
PedNYC12,PedNYC12_scenario3,3,73.0,10.99526273582241,53.064333970943274,4.898527145385742,83.29916381835938,10.617806275956664,52.09942944628915,1.0361052653048248
PedNYC12,PedNYC12_scenario3,3,74.0,10.926594589520066,52.86127715686906,4.898527145385742,83.29916381835938,10.558254839861148,51.9094682889872,1.0205950676724538
PedNYC12,PedNYC12_scenario3,3,75.0,10.820667607181734,52.66277670423323,4.8985270006360535,83.29916150236436,10.49329314398979,51.72015800196228,0.9978497166513506
PedNYC12,PedNYC12_scenario3,3,76.0,10.70351358929635,52.49117180130509,4.898527145385742,83.29916381835938,10.421598117771682,51.53386686302356,0.9979524427261964
PedNYC12,PedNYC12_scenario3,3,77.0,10.622190735428056,52.319339062543776,4.898527145385742,83.29916381835938,10.36547497233664,51.3646083109909,0.9886423979277448
PedNYC12,PedNYC12_scenario3,3,78.0,10.567986261167677,52.11680895713398,4.898527145385742,83.29916381835938,10.314137825165174,51.19470573795078,0.9564064906141894
PedNYC12,PedNYC12_scenario3,3,79.0,10.514105340153243,51.894377207010855,4.898527145385742,83.29916381835938,10.263108267878268,51.035697575513794,0.8946117816340997
PedNYC12,PedNYC12_scenario3,3,80.0,10.425857470978894,51.6919715391646,4.898527145385742,83.29916381835938,10.216120584567697,50.88353999089242,0.8351952644520974
PedNYC12,PedNYC12_scenario3,3,81.0,10.29941145058823,51.50818273669652,4.898527145385742,83.29916381835938,10.181103545811153,50.73382392162537,0.7833443271072635
PedNYC12,PedNYC12_scenario3,3,82.0,10.172747700396311,51.32414442519426,4.898527145385742,83.29916381835938,10.150077321503812,50.59574917466868,0.7287479585339169
PedNYC12,PedNYC12_scenario3,3,83.0,10.082888537793547,51.11957471502461,4.898527145385742,83.29916381835938,10.116845742846648,50.477851939407216,0.6426205820864384
PedNYC12,PedNYC12_scenario3,3,84.0,10.02346390950548,50.9137181109399,4.898527145385742,83.29916381835938,10.081688694113655,50.3735500482852,0.5432970287557196
PedNYC12,PedNYC12_scenario3,3,85.0,9.965236285372873,50.69188329969803,4.898528575897217,83.29922669263276,10.055877438126233,50.26146705142527,0.43985675548938985
PedNYC12,PedNYC12_scenario3,3,86.0,9.87672612085567,50.478614376705735,4.898527136914731,83.29917900938035,10.032075532827163,50.14457218615756,0.36839873081501195
PedNYC12,PedNYC12_scenario3,3,87.0,9.769996352601769,50.28788307589296,4.898527193340053,83.2992050344079,10.002030378404802,50.021585738126646,0.35320540940334877
PedNYC12,PedNYC12_scenario3,3,88.0,9.634123056953774,50.09571059641978,4.898525238037109,83.29917035466866,9.962828495245988,49.91174460516371,0.37668388749945725
PedNYC12,PedNYC12_scenario3,3,89.0,9.534367159399412,49.90389878010254,4.898526706987915,83.29924989430175,9.92461081441284,49.81107774803133,0.401130719682504
PedNYC12,PedNYC12_scenario3,3,90.0,9.472454240762866,49.69745066385597,4.898523807525635,83.29922485351562,9.894465369220978,49.7014141824783,0.422029740684656
PedNYC12,PedNYC12_scenario3,3,91.0,9.409415565710251,49.47665392279191,4.898523807525635,83.29922485351562,9.855789245041223,49.597301828892924,0.4623909372446952
PedNYC12,PedNYC12_scenario3,3,92.0,9.306282780586901,49.29172250204689,4.898523807525635,83.29922485351562,9.818162268388376,49.503386877594046,0.5539155331886517
PedNYC12,PedNYC12_scenario3,3,93.0,9.16721084994205,49.1185863772539,4.898523981767459,83.29922485351562,9.790185807041123,49.41550570938268,0.6901151258771198
PedNYC12,PedNYC12_scenario3,3,94.0,9.019135814559238,48.93434453179403,4.898523807525635,83.29922485351562,9.757152157180336,49.34033464995661,0.8423159134324159
PedNYC12,PedNYC12_scenario3,3,95.0,8.948209631137663,48.74982396720729,4.898523807525635,83.29922485351562,9.714225876263724,49.27683832001538,0.9297983737686125
PedNYC12,PedNYC12_scenario3,3,96.0,8.928222439527522,48.535794913720665,4.898523807525635,83.29922485351562,9.689209283037798,49.218054947257095,1.0220468332502497
PedNYC12,PedNYC12_scenario3,3,97.0,8.905997495367362,48.36859051533381,4.898523807525635,83.29922485351562,9.687039046515753,49.16696207389647,1.1168809471658392
PedNYC12,PedNYC12_scenario3,3,98.0,8.860430235834313,48.2195796751932,4.898523807525635,83.29922485351562,9.688251658094485,49.125887626728435,1.2274699223072
PedNYC12,PedNYC12_scenario3,3,99.0,8.802001027844836,48.12093740580567,4.898523807525635,83.29922488005,9.696355657293157,49.11189921703438,1.3348691001477726
PedNYC12,PedNYC12_scenario3,3,100.0,8.773942947387695,48.06645965576172,4.898523330688477,83.29922485351562,9.710407217343649,49.170472939809166,1.4476914934672256
PedNYC13,PedNYC13_scenario3,3,0.0,12.432656288146973,66.45418548583984,50.0634651184082,58.91578674316406,12.644355590526875,66.97022012563852,0.5577708706093265
PedNYC13,PedNYC13_scenario3,3,1.0,12.436675716936186,66.36032408214213,48.840816278660554,58.9281775236194,12.622987694766106,66.90788473182705,0.5783898496397339
PedNYC13,PedNYC13_scenario3,3,2.0,12.382104805207776,66.26282636114426,47.62829716109135,58.9348367401548,12.596821088069001,66.82683139722191,0.6034937968584996
PedNYC13,PedNYC13_scenario3,3,3.0,12.327635559525904,66.15830181168126,46.429172685512555,58.93608264923538,12.560676793733327,66.72955245920404,0.6169566590418845
PedNYC13,PedNYC13_scenario3,3,4.0,12.291053480834663,66.01804763604952,45.24299326406361,58.93111446621003,12.531638175909732,66.62027026050276,0.6485006437219022
PedNYC13,PedNYC13_scenario3,3,5.0,12.26759451386901,65.80412220189251,44.06894163453105,58.9199922159292,12.509014245331464,66.50484030822167,0.7411405745720111
PedNYC13,PedNYC13_scenario3,3,6.0,12.255649733708855,65.56899397576052,42.90437324150058,58.903427667985554,12.474154817642049,66.38037874399632,0.8402914457673064
PedNYC13,PedNYC13_scenario3,3,7.0,12.23567558306188,65.36313025285851,41.755888015992525,58.88667300687962,12.441585782199857,66.26103690822887,0.9212140749399312
PedNYC13,PedNYC13_scenario3,3,8.0,12.201964521043573,65.11720901945468,40.61239316217349,58.87624286155713,12.394324518317344,66.13822426614334,1.038977623686803
PedNYC13,PedNYC13_scenario3,3,9.0,12.180060703911266,64.9128128535342,39.47441029317033,58.865533828664326,12.35242403681343,66.0111463863118,1.1117759071651256
PedNYC13,PedNYC13_scenario3,3,10.0,12.179164540675234,64.72447358902345,38.349246449344555,58.856375525448605,12.316764553234467,65.89023763911304,1.1738567135462448
PedNYC13,PedNYC13_scenario3,3,11.0,12.199014529926801,64.43848341930945,37.25187253822639,58.85567854566922,12.298117628651637,65.76682766661018,1.3320359843164218
PedNYC13,PedNYC13_scenario3,3,12.0,12.205511079019235,64.20942316396662,36.20010353192602,58.864321540965776,12.275533799399877,65.63995512214044,1.4322446944311291
PedNYC13,PedNYC13_scenario3,3,13.0,12.196814164368819,63.938645618776526,35.192465605559484,58.88216664084977,12.264212850940591,65.50689227441624,1.5696942873938105
PedNYC13,PedNYC13_scenario3,3,14.0,12.181638976399359,63.71872885149925,34.245068815201,58.899882247873315,12.253074744189252,65.36719636631224,1.6500146109393863
PedNYC13,PedNYC13_scenario3,3,15.0,12.158228748103252,63.512014340574105,33.352248345270475,58.917156781083094,12.238204159562459,65.22009581584179,1.7099527457186334
PedNYC13,PedNYC13_scenario3,3,16.0,12.149722615818845,63.269542983570815,32.54272574715062,58.940242569797725,12.221257721900564,65.08687809672129,1.8187424734941946
PedNYC13,PedNYC13_scenario3,3,17.0,12.128806373241849,62.98036564754391,31.78812900068435,58.95532900788603,12.210520740066558,64.9375583605288,1.9588977904696037
PedNYC13,PedNYC13_scenario3,3,18.0,12.0858115366265,62.71356454252328,31.080400540205595,58.969891989525706,12.216316590078806,64.77421327770804,2.0647771741268244
PedNYC13,PedNYC13_scenario3,3,19.0,12.056861309552787,62.47974073392116,30.427317171231397,58.983524429464296,12.223647295560092,64.59526528084675,2.122088988184315
PedNYC13,PedNYC13_scenario3,3,20.0,12.052885804632135,62.249803532340415,29.82498107907371,58.994911933580156,12.24015118710815,64.42209966934996,2.1803529141724938
PedNYC13,PedNYC13_scenario3,3,21.0,12.074544445148085,62.024673979495866,29.270100959112032,59.003865481862874,12.243589052277944,64.24093641369373,2.222699992449799
PedNYC13,PedNYC13_scenario3,3,22.0,12.054050564634206,61.81575679462917,28.761570417288258,59.01164851741896,12.24392872877585,64.047314684676,2.2396214711080145
PedNYC13,PedNYC13_scenario3,3,23.0,11.99551260735725,61.601637662899726,28.2943624085343,59.01853344478699,12.222025528957623,63.84337427459586,2.2531513797059435
PedNYC13,PedNYC13_scenario3,3,24.0,11.970434388131588,61.43091694839051,27.86470010686077,59.024526781835114,12.204685164394675,63.6403826403698,2.221848795533436
PedNYC13,PedNYC13_scenario3,3,25.0,11.974741132319425,61.314015092896746,27.473031950688156,59.02968065725403,12.181612566275303,63.436560537534255,2.1326028591227213
PedNYC13,PedNYC13_scenario3,3,26.0,11.974751510794706,61.22086842946231,27.11963610234065,59.03407772121847,12.175792926923075,63.228394671234454,2.0175676599318058
PedNYC13,PedNYC13_scenario3,3,27.0,11.951921905367767,61.149354880699626,26.802218383626176,59.03781028069237,12.156888009186577,63.02381444102684,1.8856324527905135
PedNYC13,PedNYC13_scenario3,3,28.0,11.927942170317987,61.0979854801604,26.50335831760002,59.0410966872505,12.13781868396215,62.82702226025918,1.7417279747175687
PedNYC13,PedNYC13_scenario3,3,29.0,11.911402503119048,61.07213633008425,26.219992857682506,59.04389948356677,12.119257345914345,62.638923661511384,1.5805145293840308
PedNYC13,PedNYC13_scenario3,3,30.0,11.894937843574823,61.0528625333062,25.951428506696313,59.04652739201101,12.089225605284328,62.430188463721635,1.3909617007469477
PedNYC13,PedNYC13_scenario3,3,31.0,11.875597188149857,61.01909071382621,25.749452924154923,59.04852937970164,12.04580785034371,62.219369860518,1.212287795660603
PedNYC13,PedNYC13_scenario3,3,32.0,11.854878297304131,60.94248891819534,25.722501828215282,59.04874628089062,12.017601061965486,62.0065854671612,1.0764665176679191
PedNYC13,PedNYC13_scenario3,3,33.0,11.868798706861732,60.803426675437564,25.722163421185112,59.04870529528591,11.995714924773097,61.77927885403746,0.9840707295957359
PedNYC13,PedNYC13_scenario3,3,34.0,11.894367680337304,60.62606919992219,25.72204839525774,59.048664328806225,11.987137788406223,61.549282215226796,0.927862362949882
PedNYC13,PedNYC13_scenario3,3,35.0,11.838878453667823,60.371287661128136,25.722027340066564,59.048667392599455,11.960415352058593,61.30174894137763,0.9383652869293383
PedNYC13,PedNYC13_scenario3,3,36.0,11.796816544099391,60.18339420069954,25.72202491760254,59.04866409301758,11.936801733365876,61.05263001429119,0.880435547240292
PedNYC13,PedNYC13_scenario3,3,37.0,11.729032219801603,59.94091042294871,25.722023010253903,59.048661822365226,11.917687983040256,60.8056605897223,0.8850897400479285
PedNYC13,PedNYC13_scenario3,3,38.0,11.70119598320847,59.737254241107465,25.722023010253903,59.04866409301758,11.882471286201639,60.54070809319085,0.823649699752812
PedNYC13,PedNYC13_scenario3,3,39.0,11.671535002717643,59.47484617354544,25.722023010253903,59.04866409301758,11.84387932006759,60.27032245895279,0.8139318671536951
PedNYC13,PedNYC13_scenario3,3,40.0,11.616258054901005,59.163214446014784,25.722023010253903,59.04866160372905,11.809607051711323,59.991833761060406,0.8508782544137741
PedNYC13,PedNYC13_scenario3,3,41.0,11.555002657811901,58.86641583303194,25.722023010253903,59.04866544633363,11.768616541728573,59.69591863009969,0.856566273994717
PedNYC13,PedNYC13_scenario3,3,42.0,11.52609266707564,58.58297457390742,25.722023010253903,59.04866409301758,11.726864127060326,59.39470926477142,0.8361951850474005
PedNYC13,PedNYC13_scenario3,3,43.0,11.507866167392224,58.278940338450354,25.722023010253903,59.04866409301758,11.663960004571887,59.10174001897546,0.8374751341250025
PedNYC13,PedNYC13_scenario3,3,44.0,11.470783310804013,58.03456943491214,25.722023010253903,59.048664533311495,11.608968904508478,58.81283984827606,0.7904429736705251
PedNYC13,PedNYC13_scenario3,3,45.0,11.408578351672206,57.80476492281471,25.722022293827365,59.048662660164496,11.568765709515368,58.52720072991103,0.7399820842342612
PedNYC13,PedNYC13_scenario3,3,46.0,11.358608539537464,57.541711326912136,25.7220232193876,59.04866790771485,11.533969587178614,58.26069561911153,0.7400607471412504
PedNYC13,PedNYC13_scenario3,3,47.0,11.345280813186847,57.29361570530745,25.722023010253903,59.04866201062697,11.506092858789213,58.02456104548411,0.7484260847517217
PedNYC13,PedNYC13_scenario3,3,48.0,11.350737679607336,56.98490607973989,25.72207382035535,59.04864151075027,11.485415344437884,57.77483798214163,0.8013304460933894
PedNYC13,PedNYC13_scenario3,3,49.0,11.341999388030363,56.731730667024394,25.72202050600473,59.04859749589995,11.461331673113591,57.55001924188524,0.8269440041568572
PedNYC13,PedNYC13_scenario3,3,50.0,11.32016947265373,56.47460875111772,25.72199586277024,59.04854881597578,11.424392426712235,57.30912048404586,0.8409948017362605
PedNYC13,PedNYC13_scenario3,3,51.0,11.290099415070813,56.175671887097046,25.716321188236503,59.04855842324952,11.393147342192224,57.06200857552304,0.8923068981768398
PedNYC13,PedNYC13_scenario3,3,52.0,11.281258749923094,55.96473313785798,25.68983219991531,59.04877103893292,11.360538084351477,56.79829956946881,0.8373280174315285
PedNYC13,PedNYC13_scenario3,3,53.0,11.267071221645285,55.63349074645587,25.625642066328393,59.04933232798622,11.330718263116886,56.55844822703328,0.92714469569976
PedNYC13,PedNYC13_scenario3,3,54.0,11.227837247756737,55.37524236002972,25.501476813974495,59.0504229319602,11.307482237333273,56.324815264808485,0.9529071444031797
PedNYC13,PedNYC13_scenario3,3,55.0,11.171205517133226,55.083835218665236,25.290660763629003,59.05224732423789,11.28458549885055,56.083737475041794,1.0063098640881707
PedNYC13,PedNYC13_scenario3,3,56.0,11.14596931015912,54.79588184500792,24.972549576932348,59.054872224645706,11.254296493625608,55.85650274464957,1.0661385798452476
PedNYC13,PedNYC13_scenario3,3,57.0,11.140383520024146,54.425420901116894,24.53851545852275,59.058140185282284,11.23556336808437,55.632440777701554,1.2107667760337721
PedNYC13,PedNYC13_scenario3,3,58.0,11.118616827922835,54.13839318528653,23.974778566577797,59.061865092157745,11.206254749645044,55.42095650472065,1.285553994852667
PedNYC13,PedNYC13_scenario3,3,59.0,11.060637582536437,53.80315793919608,23.266929383318807,59.065662082533585,11.178005625931636,55.20437226680471,1.4061212072599276
PedNYC13,PedNYC13_scenario3,3,60.0,11.015872761425507,53.515221903403024,22.41499819555937,59.0689602807392,11.140610774795961,54.984121669761784,1.4741865877793174
PedNYC13,PedNYC13_scenario3,3,61.0,10.990983900338389,53.19729299462881,21.42264427230009,59.071009227575885,11.113367745622678,54.7541313496344,1.56164127417377
PedNYC13,PedNYC13_scenario3,3,62.0,10.952854395766257,52.86532020939987,20.298957741706886,59.07099794054355,11.08118369543711,54.524348159738146,1.6639838187787876
PedNYC13,PedNYC13_scenario3,3,63.0,10.893174726348043,52.59273531601936,19.086317344524783,59.06826264556666,11.040011502062624,54.301993610000565,1.7155538330946662
PedNYC13,PedNYC13_scenario3,3,64.0,10.819536428597871,52.30083560599124,17.829635556515978,59.06280838223512,11.005142811503605,54.07831453195313,1.7871432683514767
PedNYC13,PedNYC13_scenario3,3,65.0,10.775466850616453,52.03419648948031,16.557758643365478,59.05411205393976,10.969408230951403,53.843991321414435,1.8201567494866207
PedNYC13,PedNYC13_scenario3,3,66.0,10.735042242011213,51.74172430331061,15.2916515765466,59.04093555170264,10.919934450901014,53.62194629683409,1.8892908388698522
PedNYC13,PedNYC13_scenario3,3,67.0,10.678440529647405,51.48764340066431,14.073488780662679,59.019143714249296,10.872349309962622,53.40180454028852,1.9239577655267799
PedNYC13,PedNYC13_scenario3,3,68.0,10.587719977106905,51.21694118111581,12.91583691259188,59.001117355490244,10.839775810506213,53.174820411015624,1.9740372899273504
PedNYC13,PedNYC13_scenario3,3,69.0,10.504919169610535,50.961839142030826,11.83666550744053,59.02094320098787,10.80263823940935,52.94790558699571,2.008257097170908
PedNYC13,PedNYC13_scenario3,3,70.0,10.460752638292051,50.79885504997583,10.891085138219548,59.11153367332012,10.754687583816404,52.73440452688867,1.9577409250914617
PedNYC13,PedNYC13_scenario3,3,71.0,10.375256748244544,50.49505710894058,10.101034482516265,59.277357208560936,10.705596011871698,52.51816312263241,2.049898039349708
PedNYC13,PedNYC13_scenario3,3,72.0,10.276538794084848,50.25124877636685,9.432681654475449,59.491753622519724,10.666076810425606,52.303823669748645,2.089211228936888
PedNYC13,PedNYC13_scenario3,3,73.0,10.159097411712231,50.02422803354132,8.86179688582937,59.75320972172404,10.617806275956664,52.09942944628915,2.1252940327415892
PedNYC13,PedNYC13_scenario3,3,74.0,10.067754042426222,49.83266324881591,8.35961526656198,60.060670878246256,10.558254839861148,51.9094682889872,2.133942409524015
PedNYC13,PedNYC13_scenario3,3,75.0,9.983460906264702,49.641849877200954,7.912699729011974,60.414053548811864,10.49329314398979,51.72015800196228,2.13992840349221
PedNYC13,PedNYC13_scenario3,3,76.0,9.889732746718987,49.45535476400673,7.4966639972280955,60.82651026923531,10.421598117771682,51.53386686302356,2.1454820713966325
PedNYC13,PedNYC13_scenario3,3,77.0,9.776148206138616,49.28953984090681,7.103043710800049,61.31195270945545,10.36547497233664,51.3646083109909,2.1571312414627326
PedNYC13,PedNYC13_scenario3,3,78.0,9.626481494382729,49.127650862683076,6.7387925922752485,61.88364142108137,10.314137825165174,51.19470573795078,2.1784368447657934
PedNYC13,PedNYC13_scenario3,3,79.0,9.508371259988621,48.990609279213515,6.417420331796715,62.55161634048161,10.263108267878268,51.035697575513794,2.1799114869055103
PedNYC13,PedNYC13_scenario3,3,80.0,9.408020435416832,48.83748925567537,6.161609531117895,63.32475058813906,10.216120584567697,50.88353999089242,2.1998521455179403
PedNYC13,PedNYC13_scenario3,3,81.0,9.318070626245994,48.686525983215894,5.981417337183468,64.19568614177282,10.181103545811153,50.73382392162537,2.2217683652597233
PedNYC13,PedNYC13_scenario3,3,82.0,9.225554454445602,48.56722839492524,5.867831448809116,65.15542169121686,10.150077321503812,50.59574917466868,2.2292687333662777
PedNYC13,PedNYC13_scenario3,3,83.0,9.152219334381739,48.51204671031845,5.822557595227416,66.19040412190762,10.116845742846648,50.477851939407216,2.1897247102365727
PedNYC13,PedNYC13_scenario3,3,84.0,9.09086038854837,48.49213459551224,5.833989595180312,67.25878194460392,10.081688694113655,50.3735500482852,2.126373635333703
PedNYC13,PedNYC13_scenario3,3,85.0,9.030733962131812,48.477854385047365,5.840906054673131,68.31652499361748,10.055877438126233,50.26146705142527,2.0572295180746423
PedNYC13,PedNYC13_scenario3,3,86.0,8.995146007373243,48.45449424387739,5.802987329997739,69.35010302815544,10.032075532827163,50.14457218615756,1.9828228089620263
PedNYC13,PedNYC13_scenario3,3,87.0,8.983304453238771,48.431208663393434,5.715453753269504,70.35574172997441,10.002030378404802,50.021585738126646,1.888677248881437
PedNYC13,PedNYC13_scenario3,3,88.0,8.986713851106543,48.40927032932051,5.595641070366882,71.3364852272166,9.962828495245988,49.91174460516371,1.7917111229419822
PedNYC13,PedNYC13_scenario3,3,89.0,8.991210095887485,48.3995648037365,5.479859247704418,72.29825397737477,9.92461081441284,49.81107774803133,1.6922191623000555
PedNYC13,PedNYC13_scenario3,3,90.0,8.98770180963809,48.39728923272041,5.392861981800287,73.24348880134932,9.894465369220978,49.7014141824783,1.5883834667889407
PedNYC13,PedNYC13_scenario3,3,91.0,8.986213520094944,48.40122226034221,5.350845051586949,74.17287702157087,9.855789245041223,49.597301828892924,1.4787725571298347
PedNYC13,PedNYC13_scenario3,3,92.0,8.988973684478157,48.40865619636045,5.352825768619547,75.09027171546884,9.818162268388376,49.503386877594046,1.3733131369506424
PedNYC13,PedNYC13_scenario3,3,93.0,8.991408676078496,48.41431177144324,5.3911140464629455,75.99715968083315,9.790185807041123,49.41550570938268,1.2807943653512728
PedNYC13,PedNYC13_scenario3,3,94.0,8.992678209539825,48.415597907513046,5.451700130990764,76.87000708409977,9.757152157180336,49.34033464995661,1.1998160106642186
PedNYC13,PedNYC13_scenario3,3,95.0,8.99541933903682,48.41327240736413,5.5105203669487866,77.69959882352133,9.714225876263724,49.27683832001538,1.123578623618887
PedNYC13,PedNYC13_scenario3,3,96.0,8.999003421831882,48.41250695877545,5.543534424257868,78.44130132539486,9.689209283037798,49.218054947257095,1.0607976680733326
PedNYC13,PedNYC13_scenario3,3,97.0,9.000774303361373,48.415118982781316,5.550398354905757,79.01707017636271,9.687039046515753,49.16696207389647,1.0179525192042795
PedNYC13,PedNYC13_scenario3,3,98.0,8.998737088402684,48.41702648490316,5.54487465319898,79.37894421451782,9.688251658094485,49.125887626728435,0.9888955759872221
PedNYC13,PedNYC13_scenario3,3,99.0,8.983075215809473,48.42553973466894,5.5416955246247435,79.52720140221699,9.696355657293157,49.11189921703438,0.989877935523423
PedNYC13,PedNYC13_scenario3,3,100.0,8.955878257751465,48.45571517944336,5.541605949401856,79.53152465820312,9.710407217343649,49.170472939809166,1.0393231484319048
PedNYC15,PedNYC15_scenario3,3,0.0,12.603631019592283,67.1773681640625,37.0513801574707,57.63445281982422,12.644355590526875,66.97022012563852,0.21111324094122913
PedNYC15,PedNYC15_scenario3,3,1.0,12.600274395684945,67.08182131146718,35.433901249490376,57.63615470704096,12.622987694766106,66.90788473182705,0.1754133053449955
PedNYC15,PedNYC15_scenario3,3,2.0,12.59984156171311,66.92935559869127,33.76920966984255,57.651314400994174,12.596821088069001,66.82683139722191,0.10256868502601373
PedNYC15,PedNYC15_scenario3,3,3.0,12.593575964128421,66.75673280403625,32.10390962868952,57.66647963596791,12.560676793733327,66.72955245920404,0.04267465943487902
PedNYC15,PedNYC15_scenario3,3,4.0,12.566903570354148,66.56531101533808,30.438809833143825,57.68164304738335,12.531638175909732,66.62027026050276,0.06530058709071311
PedNYC15,PedNYC15_scenario3,3,5.0,12.522775217839905,66.37088396375448,28.77411825349602,57.69680274133657,12.509014245331464,66.50484030822167,0.13466130322921865
PedNYC15,PedNYC15_scenario3,3,6.0,12.472011484773128,66.16981298106194,27.10922345720885,57.71196428590409,12.474154817642049,66.38037874399632,0.21057667106287992
PedNYC15,PedNYC15_scenario3,3,7.0,12.432035062602326,65.98606303667418,25.475353730735577,57.73091201968443,12.441585782199857,66.26103690822887,0.2751396850376318
PedNYC15,PedNYC15_scenario3,3,8.0,12.403012106865251,65.81230466776394,23.967661552489677,57.754400582009055,12.394324518317344,66.13822426614334,0.32603536434345154
PedNYC15,PedNYC15_scenario3,3,9.0,12.387772812565087,65.6132570099143,22.603647135396187,57.77063615447159,12.35242403681343,66.0111463863118,0.3994564954999753
PedNYC15,PedNYC15_scenario3,3,10.0,12.37727967065558,65.4265846524802,21.425653855423636,57.779168288855395,12.316764553234467,65.89023763911304,0.46758546967377124
PedNYC15,PedNYC15_scenario3,3,11.0,12.360849232773699,65.21906830298897,20.479657052180723,57.78177272054306,12.298117628651637,65.76682766661018,0.5513397995705014
PedNYC15,PedNYC15_scenario3,3,12.0,12.332374752097644,64.96922699709214,19.83573898388377,57.78112658134515,12.275533799399877,65.63995512214044,0.6731323136162732
PedNYC15,PedNYC15_scenario3,3,13.0,12.31715820373717,64.71398181582255,19.443093524060977,57.77962467063655,12.264212850940591,65.50689227441624,0.7946761640630847
PedNYC15,PedNYC15_scenario3,3,14.0,12.315603196042769,64.49788455608967,19.24090242587436,57.77853745371603,12.253074744189252,65.36719636631224,0.871557703588029
PedNYC15,PedNYC15_scenario3,3,15.0,12.315937729259401,64.28115587996501,19.19262295395203,57.77825164794922,12.238204159562459,65.22009581584179,0.9421521697911177
PedNYC15,PedNYC15_scenario3,3,16.0,12.310636390690068,64.10141574357236,19.192053541068827,57.77824783325195,12.221257721900564,65.08687809672129,0.9895072490428835
PedNYC15,PedNYC15_scenario3,3,17.0,12.294304160432157,63.89597152193147,19.191931194481956,57.77824401855469,12.210520740066558,64.9375583605288,1.0449511011848016
PedNYC15,PedNYC15_scenario3,3,18.0,12.267880601805498,63.62667992129019,19.192113529755726,57.77824020385742,12.216316590078806,64.77421327770804,1.1486912776707991
PedNYC15,PedNYC15_scenario3,3,19.0,12.258413495937269,63.34974772802327,19.192328282006514,57.77824020385742,12.223647295560092,64.59526528084675,1.2460026737852747
PedNYC15,PedNYC15_scenario3,3,20.0,12.26385915971321,63.08787518938325,19.192642314472657,57.7782363980783,12.24015118710815,64.42209966934996,1.334435098049917
PedNYC15,PedNYC15_scenario3,3,21.0,12.266012742959834,62.825310958256,19.19288863889774,57.77824250251449,12.243589052277944,64.24093641369373,1.4158030413822007
PedNYC15,PedNYC15_scenario3,3,22.0,12.263435429537147,62.57654043335241,19.192889406972316,57.77823790968819,12.24392872877585,64.047314684676,1.4709036031402727
PedNYC15,PedNYC15_scenario3,3,23.0,12.260158144142995,62.2917327958132,19.192890167236328,57.77823866992867,12.222025528957623,63.84337427459586,1.55210997516919
PedNYC15,PedNYC15_scenario3,3,24.0,12.261751994447923,61.98442762240439,19.192890167236328,57.77824020385742,12.204685164394675,63.6403826403698,1.6569380328235424
PedNYC15,PedNYC15_scenario3,3,25.0,12.265548275772773,61.74310949664927,19.192890167236328,57.77823640030784,12.181612566275303,63.436560537534255,1.6955298968768706
PedNYC15,PedNYC15_scenario3,3,26.0,12.263321622708206,61.4457397896861,19.192890167236328,57.77824020385742,12.175792926923075,63.228394671234454,1.7848024258427093
PedNYC15,PedNYC15_scenario3,3,27.0,12.249930504863492,61.18704212359408,19.192890167236328,57.77823868555894,12.156888009186577,63.02381444102684,1.8391273615737176
PedNYC15,PedNYC15_scenario3,3,28.0,12.236944565333957,60.94643755627784,19.192890167236328,57.778241735533115,12.13781868396215,62.82702226025918,1.8831953614020773
PedNYC15,PedNYC15_scenario3,3,29.0,12.22935182181657,60.71343714081399,19.192890167236328,57.77824020385742,12.119257345914345,62.638923661511384,1.9286314150224648
PedNYC15,PedNYC15_scenario3,3,30.0,12.217564192603152,60.441313654964155,19.192890167236328,57.77824401855469,12.089225605284328,62.430188463721635,1.993011238780427
PedNYC15,PedNYC15_scenario3,3,31.0,12.180991958539718,60.21145176309021,19.192890167236328,57.77824020385742,12.04580785034371,62.219369860518,2.012463621804575
PedNYC15,PedNYC15_scenario3,3,32.0,12.137884781663846,60.02815918245876,19.192890167236328,57.77824020385742,12.017601061965486,62.0065854671612,1.9820793973062705
PedNYC15,PedNYC15_scenario3,3,33.0,12.11134758756754,59.869979067213336,19.192890167236328,57.77824172661498,11.995714924773097,61.77927885403746,1.9127981045242513
PedNYC15,PedNYC15_scenario3,3,34.0,12.0976182472648,59.70255143611473,19.192889787108243,57.77824325829852,11.987137788406223,61.549282215226796,1.8500325679050775
PedNYC15,PedNYC15_scenario3,3,35.0,12.086965480469583,59.52986685539755,19.192890167236328,57.77824400513827,11.960415352058593,61.30174894137763,1.7763955251063777
PedNYC15,PedNYC15_scenario3,3,36.0,12.067211719709212,59.37343829768365,19.192890167236328,57.77823943244574,11.936801733365876,61.05263001429119,1.6842480772325223
PedNYC15,PedNYC15_scenario3,3,37.0,12.027340674409723,59.1880845927207,19.192890167236328,57.77824020385742,11.917687983040256,60.8056605897223,1.6212883206883018
PedNYC15,PedNYC15_scenario3,3,38.0,11.990199735961586,58.99859661279897,19.192890167236328,57.77824172213369,11.882471286201639,60.54070809319085,1.545869734759084
PedNYC15,PedNYC15_scenario3,3,39.0,11.970301129274514,58.788702696964435,19.192890167236328,57.77824020385742,11.84387932006759,60.27032245895279,1.4870035618510073
PedNYC15,PedNYC15_scenario3,3,40.0,11.964579654886602,58.58797031832023,19.192890167236328,57.77824019938528,11.809607051711323,59.991833761060406,1.4123912608046036
PedNYC15,PedNYC15_scenario3,3,41.0,11.9611253415267,58.39023973614637,19.192890167236328,57.778237158342314,11.768616541728573,59.69591863009969,1.3197943067443811
PedNYC15,PedNYC15_scenario3,3,42.0,11.946090910113403,58.21390314991377,19.192890167236328,57.77824020385742,11.726864127060326,59.39470926477142,1.2009843726264822
PedNYC15,PedNYC15_scenario3,3,43.0,11.916934560245057,57.99317154978317,19.192890167236328,57.77823868334509,11.663960004571887,59.10174001897546,1.1370664785778268
PedNYC15,PedNYC15_scenario3,3,44.0,11.882548167421561,57.75002643335755,19.192890167236328,57.77824020385742,11.608968904508478,58.81283984827606,1.0974597796852616
PedNYC15,PedNYC15_scenario3,3,45.0,11.866128700156274,57.539168430805454,19.192890167236328,57.77823638916016,11.568765709515368,58.52720072991103,1.0318103373579637
PedNYC15,PedNYC15_scenario3,3,46.0,11.861883887936711,57.2912322807871,19.192890167236328,57.778239434656975,11.533969587178614,58.26069561911153,1.023419245957795
PedNYC15,PedNYC15_scenario3,3,47.0,11.851508744800755,57.035342885465404,19.192890167236328,57.778241735533115,11.506092858789213,58.02456104548411,1.0477903904979937
PedNYC15,PedNYC15_scenario3,3,48.0,11.830370756583768,56.77231706601942,19.192890167236328,57.77824020385742,11.485415344437884,57.77483798214163,1.0602086698528965
PedNYC15,PedNYC15_scenario3,3,49.0,11.8031513398752,56.526888304024766,19.192890167236328,57.77824020385742,11.461331673113591,57.55001924188524,1.0787203532854408
PedNYC15,PedNYC15_scenario3,3,50.0,11.778510093688965,56.28919219970703,19.192890167236328,57.77824020385742,11.424392426712235,57.30912048404586,1.0796541239023705
PedNYC15,PedNYC15_scenario3,3,51.0,11.763250215701126,56.07817282055958,19.192890167236328,57.77824020385742,11.393147342192224,57.06200857552304,1.0511464834760489
PedNYC15,PedNYC15_scenario3,3,52.0,11.744524867163886,55.854256149311,19.192890931959408,57.77824248910853,11.360538084351477,56.79829956946881,1.0191485801971576
PedNYC15,PedNYC15_scenario3,3,53.0,11.72187358414669,55.64729381538734,19.192907711266038,57.77824020385742,11.330718263116886,56.55844822703328,0.991566864629807
PedNYC15,PedNYC15_scenario3,3,54.0,11.681621686916822,55.42714711791863,19.19290504701534,57.77824020385742,11.307482237333273,56.324815264808485,0.9725165446794976
PedNYC15,PedNYC15_scenario3,3,55.0,11.636446958905356,55.20474040477431,19.192888269920598,57.77823639361923,11.28458549885055,56.083737475041794,0.946806388133664
PedNYC15,PedNYC15_scenario3,3,56.0,11.59830669169022,54.986566765144225,19.19293557018364,57.77823715388847,11.254296493625608,55.85650274464957,0.9354847004683582
PedNYC15,PedNYC15_scenario3,3,57.0,11.571154652414872,54.778868922348444,19.191483655361033,57.77823334141551,11.23556336808437,55.632440777701554,0.91717306020704
PedNYC15,PedNYC15_scenario3,3,58.0,11.531448479952395,54.54143635738041,19.17680537768583,57.77815703406554,11.206254749645044,55.42095650472065,0.9377135233154115
PedNYC15,PedNYC15_scenario3,3,59.0,11.487758357068609,54.35154540801549,19.13356683075929,57.77791982295277,11.178005625931636,55.20437226680471,0.9073369856448619
PedNYC15,PedNYC15_scenario3,3,60.0,11.428772824110057,54.142498387629765,19.05246106822383,57.77747365036515,11.140610774795961,54.984121669761784,0.8895881719602459
PedNYC15,PedNYC15_scenario3,3,61.0,11.362797613567764,53.89001014275088,18.927997123979626,57.77675702898871,11.113367745622678,54.7541313496344,0.8994001996936233
PedNYC15,PedNYC15_scenario3,3,62.0,11.318063112197603,53.6661712634021,18.757616387804703,57.775718165732,11.08118369543711,54.524348159738146,0.8902693095292921
PedNYC15,PedNYC15_scenario3,3,63.0,11.276199802355917,53.43548278998652,18.53948099090848,57.77427147397733,11.040011502062624,54.301993610000565,0.8981235518551124
PedNYC15,PedNYC15_scenario3,3,64.0,11.225631602074726,53.2308105612225,18.273412615094657,57.77238088028701,11.005142811503605,54.07831453195313,0.8757158712571727
PedNYC15,PedNYC15_scenario3,3,65.0,11.205611987551181,53.156584409220514,17.95973676294274,57.770104052105125,10.969408230951403,53.843991321414435,0.7268565728971769
PedNYC15,PedNYC15_scenario3,3,66.0,11.102323263600242,52.855016459653484,17.598680784129876,57.76747549935397,10.919934450901014,53.62194629683409,0.7883191321766227
PedNYC15,PedNYC15_scenario3,3,67.0,11.01616134288716,52.578676883486914,17.19780672198639,57.764842407925975,10.872349309962622,53.40180454028852,0.8355962184007282
PedNYC15,PedNYC15_scenario3,3,68.0,10.95927689155651,52.34764246248452,16.774340416912917,57.76276080222265,10.839775810506213,53.174820411015624,0.8357654377325682
PedNYC15,PedNYC15_scenario3,3,69.0,10.891977904887074,52.08281204177445,16.330047662894717,57.761403579085076,10.80263823940935,52.94790558699571,0.869694439335537
PedNYC15,PedNYC15_scenario3,3,70.0,10.818016861813087,51.84849611429984,15.867782376424584,57.76155837842608,10.754687583816404,52.73440452688867,0.8881690790312589
PedNYC15,PedNYC15_scenario3,3,71.0,10.74922378780719,51.6578090365312,15.39860259811848,57.76537578053158,10.705596011871698,52.51816312263241,0.8614595384021974
PedNYC15,PedNYC15_scenario3,3,72.0,10.693350027188181,51.478449500550425,14.930005682650759,57.77373632093879,10.666076810425606,52.303823669748645,0.8258246469634035
PedNYC15,PedNYC15_scenario3,3,73.0,10.643334421216395,51.2419540413118,14.461858852457768,57.786602310923335,10.617806275956664,52.09942944628915,0.8578553236656358
PedNYC15,PedNYC15_scenario3,3,74.0,10.613114262736483,51.06593782450329,13.996749584877458,57.80718556489549,10.558254839861148,51.9094682889872,0.8453124870665637
PedNYC15,PedNYC15_scenario3,3,75.0,10.560205459594728,50.83902740478516,13.544507980346673,57.835845947265625,10.49329314398979,51.72015800196228,0.8836675773509637
PedNYC15,PedNYC15_scenario3,3,76.0,10.494695791160623,50.627993532045366,13.110619788396917,57.873598126583865,10.421598117771682,51.53386686302356,0.9088177824142791
PedNYC15,PedNYC15_scenario3,3,77.0,10.42895006203545,50.42908380043522,12.696578404723448,57.9243859362475,10.36547497233664,51.3646083109909,0.9376754219145969
PedNYC15,PedNYC15_scenario3,3,78.0,10.378233872731954,50.23697914587977,12.303726364172029,57.99139195893767,10.314137825165174,51.19470573795078,0.9598690163108838
PedNYC15,PedNYC15_scenario3,3,79.0,10.334082888678035,50.045890352489884,11.930901765361023,58.070367533385436,10.263108267878268,51.035697575513794,0.9923485957807235
PedNYC15,PedNYC15_scenario3,3,80.0,10.284483198604674,49.86198351118909,11.574961993341827,58.15950808099738,10.216120584567697,50.88353999089242,1.023841339379222
PedNYC15,PedNYC15_scenario3,3,81.0,10.215407466647408,49.688709523087304,11.225179258901996,58.259843770293244,10.181103545811153,50.73382392162537,1.0456772279323712
PedNYC15,PedNYC15_scenario3,3,82.0,10.120003408209223,49.51362916478211,10.865565695777523,58.37570560233732,10.150077321503812,50.59574917466868,1.0825378312362888
PedNYC15,PedNYC15_scenario3,3,83.0,10.027159752848961,49.359473662859315,10.481085160918717,58.51306409159096,10.116845742846648,50.477851939407216,1.1219686030616536
PedNYC15,PedNYC15_scenario3,3,84.0,9.948328315677312,49.21963565392949,10.0661339782673,58.67911390879804,10.081688694113655,50.3735500482852,1.1615952048962688
PedNYC15,PedNYC15_scenario3,3,85.0,9.880499112588916,49.07873137897032,9.622773075076346,58.88248056706151,10.055877438126233,50.26146705142527,1.1956676912778663
PedNYC15,PedNYC15_scenario3,3,86.0,9.810214239417494,48.93680456679186,9.155245981518382,59.129999234619206,10.032075532827163,50.14457218615756,1.2279759997254471
PedNYC15,PedNYC15_scenario3,3,87.0,9.736934031418375,48.81660639433012,8.670371646841692,59.42862900810332,10.002030378404802,50.021585738126646,1.2337954823072779
PedNYC15,PedNYC15_scenario3,3,88.0,9.656331156556767,48.71410350481212,8.176664172614156,59.786087887624994,9.962828495245988,49.91174460516371,1.2362381744125766
PedNYC15,PedNYC15_scenario3,3,89.0,9.587253786894602,48.62993692957831,7.687862418372928,60.20602012048751,9.92461081441284,49.81107774803133,1.2283742902844477
PedNYC15,PedNYC15_scenario3,3,90.0,9.551657850088786,48.575777563373045,7.21517809224309,60.68907376097756,9.894465369220978,49.7014141824783,1.1766795627715658
PedNYC15,PedNYC15_scenario3,3,91.0,9.546111374080986,48.54801060359814,6.765896524884685,61.235645371022265,9.855789245041223,49.597301828892924,1.0940349442513713
PedNYC15,PedNYC15_scenario3,3,92.0,9.552941670585263,48.53093889422942,6.347810875491197,61.84405187492534,9.818162268388376,49.503386877594046,1.007966788068419
PedNYC15,PedNYC15_scenario3,3,93.0,9.56211792651278,48.51862174660447,5.967062979109699,62.513470821044294,9.790185807041123,49.41550570938268,0.925427361178304
PedNYC15,PedNYC15_scenario3,3,94.0,9.571507126736073,48.507640250033205,5.615652281183767,63.23660208296113,9.757152157180336,49.34033464995661,0.853137762024663
PedNYC15,PedNYC15_scenario3,3,95.0,9.573683885171024,48.5022929908277,5.290699130713392,64.0017817757563,9.714225876263724,49.27683832001538,0.7871928088002039
PedNYC15,PedNYC15_scenario3,3,96.0,9.568036062679745,48.517035164872816,4.993826283180495,64.79585502718811,9.689209283037798,49.218054947257095,0.7114152687608291
PedNYC15,PedNYC15_scenario3,3,97.0,9.58721668697037,48.55913950664286,4.710344459787722,65.60969286797352,9.687039046515753,49.16696207389647,0.6159649151761659
PedNYC15,PedNYC15_scenario3,3,98.0,9.643337647081514,48.60823444568618,4.444007074282488,66.44358987434236,9.688251658094485,49.125887626728435,0.5195980025254523
PedNYC15,PedNYC15_scenario3,3,99.0,9.71436256757376,48.64057841879273,4.208500679102366,67.30582008466351,9.696355657293157,49.11189921703438,0.4716646517103005
PedNYC15,PedNYC15_scenario3,3,100.0,9.757417678833008,48.64505386352539,4.0152788162231445,68.20365905761719,9.710407217343649,49.170472939809166,0.5275179515545779
PedNYC16,PedNYC16_scenario3,3,0.0,12.399837493896484,67.0592269897461,40.51114273071289,58.17738342285156,12.644355590526875,66.97022012563852,0.260213991626148
PedNYC16,PedNYC16_scenario3,3,1.0,12.36175503280961,66.81660949782507,36.66782929951698,58.234028467098824,12.622987694766106,66.90788473182705,0.2767194825360043
PedNYC16,PedNYC16_scenario3,3,2.0,12.220345881394726,66.53624946211886,32.82630469643043,58.29064714653111,12.596821088069001,66.82683139722191,0.47557485451679493
PedNYC16,PedNYC16_scenario3,3,3.0,12.061204727885253,66.23078022672948,29.08175965511948,58.33183146093978,12.560676793733327,66.72955245920404,0.7058654860879688
PedNYC16,PedNYC16_scenario3,3,4.0,12.117246152294905,65.89792803370227,25.73464808528756,58.320094453753555,12.531638175909732,66.62027026050276,0.8327658985901651
PedNYC16,PedNYC16_scenario3,3,5.0,12.135412667680999,65.5237426229029,22.70492494490065,58.27968974018892,12.509014245331464,66.50484030822167,1.0498241790703668
PedNYC16,PedNYC16_scenario3,3,6.0,12.072571714775332,65.12889002027784,19.96577556511514,58.235780867450224,12.474154817642049,66.38037874399632,1.3143412852461769
PedNYC16,PedNYC16_scenario3,3,7.0,12.088110639141583,64.75630102289578,17.64915539651075,58.22524636248579,12.441585782199857,66.26103690822887,1.5456955590831032
PedNYC16,PedNYC16_scenario3,3,8.0,12.11675630165766,64.34700495070146,15.69543511802693,58.23344815115231,12.394324518317344,66.13822426614334,1.8125977907168789
PedNYC16,PedNYC16_scenario3,3,9.0,12.073986032896599,63.91484985488349,13.96184189953383,58.25450876717596,12.35242403681343,66.0111463863118,2.114707277545409
PedNYC16,PedNYC16_scenario3,3,10.0,12.068708721504086,63.49774326577771,12.39850013257911,58.35444932462807,12.316764553234467,65.89023763911304,2.4053193181148886
PedNYC16,PedNYC16_scenario3,3,11.0,11.99560666731814,63.07827813582162,10.99304127001221,58.61749006579385,12.298117628651637,65.76682766661018,2.7055150085021373
PedNYC16,PedNYC16_scenario3,3,12.0,11.927169630200149,62.64418018410144,9.74015447921768,59.07257308035618,12.275533799399877,65.63995512214044,3.0159617162299623
PedNYC16,PedNYC16_scenario3,3,13.0,11.98600077008089,62.25093387359367,8.661007414594142,59.73813496466775,12.264212850940591,65.50689227441624,3.267822986305012
PedNYC16,PedNYC16_scenario3,3,14.0,11.96029502605494,61.871925834974846,7.664258814794163,60.69163474892981,12.253074744189252,65.36719636631224,3.507511375688811
PedNYC16,PedNYC16_scenario3,3,15.0,11.921577610636712,61.56335185115749,6.886879648134448,61.95108983183862,12.238204159562459,65.22009581584179,3.670426241561006
PedNYC16,PedNYC16_scenario3,3,16.0,12.002594581422386,61.22624635899352,6.354801528270004,63.403405521307526,12.221257721900564,65.08687809672129,3.866819233343438
PedNYC16,PedNYC16_scenario3,3,17.0,12.06013153011443,60.77390201517317,5.98276872308728,65.08471244541975,12.210520740066558,64.9375583605288,4.166371452077958
PedNYC16,PedNYC16_scenario3,3,18.0,12.070362965047067,60.39007286954454,5.764729629238642,66.99768542422134,12.216316590078806,64.77421327770804,4.386569226531363
PedNYC16,PedNYC16_scenario3,3,19.0,12.14782625500891,59.91448019807029,5.6908991398874305,69.11363158008182,12.223647295560092,64.59526528084675,4.681399130744237
PedNYC16,PedNYC16_scenario3,3,20.0,12.19952116437921,59.45860174116394,5.6841492570062195,71.39694280669163,12.24015118710815,64.42209966934996,4.963664219289405
PedNYC16,PedNYC16_scenario3,3,21.0,12.219235249882995,58.94131729837372,5.668451565931807,73.7537902021408,12.243589052277944,64.24093641369373,5.29967507260175
PedNYC16,PedNYC16_scenario3,3,22.0,12.181696197371426,58.42786595611631,5.577293923980057,76.23309944484703,12.24392872877585,64.047314684676,5.61979331478268
PedNYC16,PedNYC16_scenario3,3,23.0,12.081915283080455,57.926087966690325,5.514785706022067,78.86593457174013,12.222025528957623,63.84337427459586,5.918944849441163
PedNYC16,PedNYC16_scenario3,3,24.0,12.042993216578925,57.456413589373135,5.6173028137413645,81.37344449230774,12.204685164394675,63.6403826403698,6.186082565701257
PedNYC16,PedNYC16_scenario3,3,25.0,11.926936118061588,57.049280083589515,5.763415868481971,83.2526557201785,12.181612566275303,63.436560537534255,6.3923557230976495
PedNYC16,PedNYC16_scenario3,3,26.0,11.81971526848741,56.534346626660394,5.804636413244449,83.7974371345164,12.175792926923075,63.228394671234454,6.703511805158758
PedNYC16,PedNYC16_scenario3,3,27.0,11.769084127317775,56.09024525570026,5.804728551793055,83.79873727302481,12.156888009186577,63.02381444102684,6.944405914007536
PedNYC16,PedNYC16_scenario3,3,28.0,11.674653819293324,55.77503660440514,5.804736137390137,83.7988510131836,12.13781868396215,62.82702226025918,7.067179308764906
PedNYC16,PedNYC16_scenario3,3,29.0,11.660792471355856,55.41892008180148,5.8047356605529785,83.79884338378906,12.119257345914345,62.638923661511384,7.23454502593133
PedNYC16,PedNYC16_scenario3,3,30.0,11.607204604180843,55.04340890548323,5.8047356605529785,83.79884338378906,12.089225605284328,62.430188463721635,7.40248988432362
PedNYC16,PedNYC16_scenario3,3,31.0,11.484596638216498,54.62833058778561,5.8047356605529785,83.79884338378906,12.04580785034371,62.219369860518,7.611756385012776
PedNYC16,PedNYC16_scenario3,3,32.0,11.435276469579428,54.163703119640346,5.8047356605529785,83.79884338378906,12.017601061965486,62.0065854671612,7.864471085073163
PedNYC16,PedNYC16_scenario3,3,33.0,11.31164092019907,53.72258363489105,5.8047356605529785,83.79884338378906,11.995714924773097,61.77927885403746,8.0856845781882
PedNYC16,PedNYC16_scenario3,3,34.0,11.173553358510478,53.321911210349505,5.804735640806748,83.79884338378906,11.987137788406223,61.549282215226796,8.26749982016718
PedNYC16,PedNYC16_scenario3,3,35.0,11.082728060366515,52.93416318835988,5.8047356605529785,83.79884338378906,11.960415352058593,61.30174894137763,8.413490733108548
PedNYC16,PedNYC16_scenario3,3,36.0,10.873895034672165,52.53502979113725,5.8047356605529785,83.79884338378906,11.936801733365876,61.05263001429119,8.583663798844876
PedNYC16,PedNYC16_scenario3,3,37.0,10.769031321069022,52.133029407836744,5.8047356605529785,83.79884338378906,11.917687983040256,60.8056605897223,8.748368061764694
PedNYC16,PedNYC16_scenario3,3,38.0,10.63200323915794,51.72710774522611,5.804735317122458,83.79884338378906,11.882471286201639,60.54070809319085,8.901866176837391
PedNYC16,PedNYC16_scenario3,3,39.0,10.399690960408215,51.35956362947532,5.8047356605529785,83.79884078794002,11.84387932006759,60.27032245895279,9.027031789867939
PedNYC16,PedNYC16_scenario3,3,40.0,10.227969570339004,50.98978396850013,5.8047356605529785,83.79884338378906,11.809607051711323,59.991833761060406,9.13993859882091
PedNYC16,PedNYC16_scenario3,3,41.0,9.963691453390059,50.605581321770536,5.804735440586449,83.79884338378906,11.768616541728573,59.69591863009969,9.267792992601567
PedNYC16,PedNYC16_scenario3,3,42.0,9.719845233395304,50.248384098827096,5.8047356605529785,83.79884338378906,11.726864127060326,59.39470926477142,9.363940884089073
PedNYC16,PedNYC16_scenario3,3,43.0,9.534812768522416,49.88110024366088,5.8047356605529785,83.79884338378906,11.663960004571887,59.10174001897546,9.463269298656275
PedNYC16,PedNYC16_scenario3,3,44.0,9.29117664625627,49.55931023059248,5.8047356605529785,83.79884338378906,11.608968904508478,58.81283984827606,9.53939051185982
PedNYC16,PedNYC16_scenario3,3,45.0,9.140575757864575,49.25478768601344,5.804735803041602,83.79884338378906,11.568765709515368,58.52720072991103,9.585079556161238
PedNYC16,PedNYC16_scenario3,3,46.0,9.053551616736717,48.97137916019906,5.804735547014403,83.79884338378906,11.533969587178614,58.26069561911153,9.614773714545407
PedNYC16,PedNYC16_scenario3,3,47.0,8.896849921898925,48.69465932734775,5.804735574504705,83.79884338378906,11.506092858789213,58.02456104548411,9.687890109502465
PedNYC16,PedNYC16_scenario3,3,48.0,8.78687525882339,48.38410191776356,5.8047356605529785,83.79884338378906,11.485415344437884,57.77483798214163,9.770774914226566
PedNYC16,PedNYC16_scenario3,3,49.0,8.765138532483725,48.090655495304276,5.8047352106945045,83.79884338378906,11.461331673113591,57.55001924188524,9.836107967164134
PedNYC16,PedNYC16_scenario3,3,50.0,8.687765053031978,47.822162363051085,5.8047356605529785,83.79884338378906,11.424392426712235,57.30912048404586,9.873778596458646
PedNYC16,PedNYC16_scenario3,3,51.0,8.684447552540345,47.597567866263155,5.8047356605529785,83.79884338378906,11.393147342192224,57.06200857552304,9.844424436682718
PedNYC16,PedNYC16_scenario3,3,52.0,8.676306114499166,47.3991518142284,5.8047356605529785,83.79884338378906,11.360538084351477,56.79829956946881,9.77492096094992
PedNYC16,PedNYC16_scenario3,3,53.0,8.674007008090792,47.42061557370744,5.8047356605529785,83.79884338378906,11.330718263116886,56.55844822703328,9.516201988859335
PedNYC16,PedNYC16_scenario3,3,54.0,8.696422234906015,47.415423049658116,5.804735776226308,83.79884338378906,11.307482237333273,56.324815264808485,9.284121066620008
PedNYC16,PedNYC16_scenario3,3,55.0,8.664752759629934,47.425750006173516,5.8047356605529785,83.79884338378906,11.28458549885055,56.083737475041794,9.04567690073951
PedNYC16,PedNYC16_scenario3,3,56.0,8.646253781446132,47.418454139996754,5.804735832666658,83.79884338378906,11.254296493625608,55.85650274464957,8.831905289519117
PedNYC16,PedNYC16_scenario3,3,57.0,8.640306447880404,47.418944409218646,5.8047356605529785,83.79884338378906,11.23556336808437,55.632440777701554,8.613761145803178
PedNYC16,PedNYC16_scenario3,3,58.0,8.63779137378887,47.426988641750405,5.8047356605529785,83.79884338378906,11.206254749645044,55.42095650472065,8.396459152959393
PedNYC16,PedNYC16_scenario3,3,59.0,8.641628876808584,47.430912965778376,5.804735879222472,83.79884338378906,11.178005625931636,55.20437226680471,8.176788887956253
PedNYC16,PedNYC16_scenario3,3,60.0,8.640318297241501,47.42616081259852,5.804735850720288,83.79884338378906,11.140610774795961,54.984121669761784,7.9607936031357776
PedNYC16,PedNYC16_scenario3,3,61.0,8.642403219040183,47.424199512853946,5.8047356605529785,83.79884338378906,11.113367745622678,54.7541313496344,7.7352159907449725
PedNYC16,PedNYC16_scenario3,3,62.0,8.63583458374912,47.438873007855584,5.80473552793747,83.79884338378906,11.08118369543711,54.524348159738146,7.495578056826469
PedNYC16,PedNYC16_scenario3,3,63.0,8.625480077719587,47.45561644357172,5.804736033782719,83.79884338378906,11.040011502062624,54.301993610000565,7.259672327601176
PedNYC16,PedNYC16_scenario3,3,64.0,8.664477080026897,47.477650069115874,5.8047356605529785,83.79884216498652,11.005142811503605,54.07831453195313,7.003391136975862
PedNYC16,PedNYC16_scenario3,3,65.0,8.689914111488584,47.52393509939991,5.8047356605529785,83.79884338378906,10.969408230951403,53.843991321414435,6.718571581079577
PedNYC16,PedNYC16_scenario3,3,66.0,8.68832980016005,47.52906229231336,5.80473564081817,83.79884338378906,10.919934450901014,53.62194629683409,6.488705172047288
PedNYC16,PedNYC16_scenario3,3,67.0,8.690597191201187,47.506231670010486,5.804735670431804,83.79884338378906,10.872349309962622,53.40180454028852,6.286320209508774
PedNYC16,PedNYC16_scenario3,3,68.0,8.668100422163054,47.46461713751188,5.8047356605529785,83.79884338378906,10.839775810506213,53.174820411015624,6.109222161377689
PedNYC16,PedNYC16_scenario3,3,69.0,8.646822182871297,47.454903561258675,5.804735594233803,83.79884338378906,10.80263823940935,52.94790558699571,5.900899433508289
PedNYC16,PedNYC16_scenario3,3,70.0,8.625275310773759,47.4591383635775,5.8047356605529785,83.79884338378906,10.754687583816404,52.73440452688867,5.688833775244303
PedNYC16,PedNYC16_scenario3,3,71.0,8.62194166125958,47.46521637297081,5.8047356605529785,83.79884338378906,10.705596011871698,52.51816312263241,5.465700898122815
PedNYC16,PedNYC16_scenario3,3,72.0,8.62968302195769,47.46621058766043,5.8047356605529785,83.79884338378906,10.666076810425606,52.303823669748645,5.248752232073999
PedNYC16,PedNYC16_scenario3,3,73.0,8.639253196591582,47.46790966062993,5.804735842539774,83.79884338378906,10.617806275956664,52.09942944628915,5.03643205184165
PedNYC16,PedNYC16_scenario3,3,74.0,8.64241782085528,47.469194999531084,5.804735392529332,83.79884338378906,10.558254839861148,51.9094682889872,4.835954752523096
PedNYC16,PedNYC16_scenario3,3,75.0,8.644773970855725,47.467166895563494,5.804735898980124,83.79884338378906,10.49329314398979,51.72015800196228,4.6373436884224395
PedNYC16,PedNYC16_scenario3,3,76.0,8.640616911566983,47.46786140656968,5.80473587057686,83.79884338378906,10.421598117771682,51.53386686302356,4.4389519516173035
PedNYC16,PedNYC16_scenario3,3,77.0,8.65004240571693,47.46955262616526,5.8047356605529785,83.79884338378906,10.36547497233664,51.3646083109909,4.256074209704531
PedNYC16,PedNYC16_scenario3,3,78.0,8.653651936973684,47.464405703157645,5.8047356605529785,83.79884338378906,10.314137825165174,51.19470573795078,4.083179121035559
PedNYC16,PedNYC16_scenario3,3,79.0,8.663086742665001,47.45660396676203,5.8047353071798105,83.79884338378906,10.263108267878268,51.035697575513794,3.9204565985805147
PedNYC16,PedNYC16_scenario3,3,80.0,8.667366729367906,47.44901736051949,5.8047356605529785,83.79884338378906,10.216120584567697,50.88353999089242,3.7675700660425706
PedNYC16,PedNYC16_scenario3,3,81.0,8.664945710783016,47.440502409628934,5.8047356605529785,83.79884338378906,10.181103545811153,50.73382392162537,3.6255621856611033
PedNYC16,PedNYC16_scenario3,3,82.0,8.662016186854432,47.433818641677945,5.8047356605529785,83.79884338378906,10.150077321503812,50.59574917466868,3.4945859033529407
PedNYC16,PedNYC16_scenario3,3,83.0,8.666848105888114,47.423009979457845,5.8047356605529785,83.79884338378906,10.116845742846648,50.477851939407216,3.3815015226157517
PedNYC16,PedNYC16_scenario3,3,84.0,8.67279008207461,47.42380612316609,5.8047356605529785,83.79884338378906,10.081688694113655,50.3735500482852,3.268942416559624
PedNYC16,PedNYC16_scenario3,3,85.0,8.677755369885718,47.44499182332081,5.8047356605529785,83.79884338378906,10.055877438126233,50.26146705142527,3.135562652140374
PedNYC16,PedNYC16_scenario3,3,86.0,8.693666105123272,47.45896410756131,5.804735584360687,83.79884338378906,10.032075532827163,50.14457218615756,3.000638356748129
PedNYC16,PedNYC16_scenario3,3,87.0,8.682774757957601,47.46953853271049,5.8047356605529785,83.79884338378906,10.002030378404802,50.021585738126646,2.8728697030589387
PedNYC16,PedNYC16_scenario3,3,88.0,8.6909162664908,47.46703121384586,5.8047356605529785,83.79884338378906,9.962828495245988,49.91174460516371,2.7557910449353438
PedNYC16,PedNYC16_scenario3,3,89.0,8.73858505472845,47.46617017492956,5.8047356605529785,83.79884338378906,9.92461081441284,49.81107774803133,2.6277839768567306
PedNYC16,PedNYC16_scenario3,3,90.0,8.751434761105545,47.46457291552007,5.8047356605529785,83.79884338378906,9.894465369220978,49.7014141824783,2.5119669234796933
PedNYC16,PedNYC16_scenario3,3,91.0,8.653188538043187,47.50186508240844,5.8047356605529785,83.79884338378906,9.855789245041223,49.597301828892924,2.416009854903254
PedNYC16,PedNYC16_scenario3,3,92.0,8.612645834074563,47.514631080112096,5.804735432016081,83.79884338378906,9.818162268388376,49.503386877594046,2.3256008891077498
PedNYC16,PedNYC16_scenario3,3,93.0,8.653936088168782,47.529102962660566,5.8047356605529785,83.79884338378906,9.790185807041123,49.41550570938268,2.2021759117922897
PedNYC16,PedNYC16_scenario3,3,94.0,8.669503331468897,47.54102341835826,5.80473596528629,83.79884338378906,9.757152157180336,49.34033464995661,2.1024987220513243
PedNYC16,PedNYC16_scenario3,3,95.0,8.67465996939978,47.54367894621507,5.80473599406612,83.79884338378906,9.714225876263724,49.27683832001538,2.021024168511041
PedNYC16,PedNYC16_scenario3,3,96.0,8.699870387436707,47.52126090932146,5.8047356605529785,83.79884338378906,9.689209283037798,49.218054947257095,1.964154132832526
PedNYC16,PedNYC16_scenario3,3,97.0,8.6635119672385,47.64446758196735,5.8047356605529785,83.79884338378906,9.687039046515753,49.16696207389647,1.834556393237434
PedNYC16,PedNYC16_scenario3,3,98.0,8.609168831245121,47.79555567861003,5.80473518371582,83.79884338378906,9.688251658094485,49.125887626728435,1.7129514994259842
PedNYC16,PedNYC16_scenario3,3,99.0,8.666212847096899,47.861094464808005,5.8047356605529785,83.79884338378906,9.696355657293157,49.11189921703438,1.6204032638794335
PedNYC16,PedNYC16_scenario3,3,100.0,,,,,9.710407217343649,49.170472939809166,
PedNYC17,PedNYC17_scenario3,3,0.0,12.611750602722168,67.03482055664062,84.68154907226562,58.010013580322266,12.644355590526875,66.97022012563852,0.07236228931842098
PedNYC17,PedNYC17_scenario3,3,1.0,12.49139762161586,66.86206874002016,84.59988766675984,58.01017236407511,12.622987694766106,66.90788473182705,0.13933790746575786
PedNYC17,PedNYC17_scenario3,3,2.0,12.309121894277213,66.66608504235865,84.37653384536256,58.010061276121434,12.596821088069001,66.82683139722191,0.32956064193145246
PedNYC17,PedNYC17_scenario3,3,3.0,12.092115313701658,66.53864584046322,83.94532206793427,58.01195956570604,12.560676793733327,66.72955245920404,0.5059596798644365
PedNYC17,PedNYC17_scenario3,3,4.0,11.892290854582717,66.38975330076313,83.26709425562238,58.017666866902495,12.531638175909732,66.62027026050276,0.6796345091412244
PedNYC17,PedNYC17_scenario3,3,5.0,11.732150477431933,66.2301648397538,82.31254325355734,58.025217312323676,12.509014245331464,66.50484030822167,0.8239926740287828
PedNYC17,PedNYC17_scenario3,3,6.0,11.486240969861935,66.05776471471243,81.06433183277316,58.02627817948339,12.474154817642049,66.38037874399632,1.039256264126655
PedNYC17,PedNYC17_scenario3,3,7.0,11.171993245956964,65.9120893784717,79.54434695247582,58.029734791317715,12.441585782199857,66.26103690822887,1.3166736826591818
PedNYC17,PedNYC17_scenario3,3,8.0,10.856519802605568,65.66170069457037,77.81578134143285,58.03536691867221,12.394324518317344,66.13822426614334,1.6099434952600147
PedNYC17,PedNYC17_scenario3,3,9.0,10.631424671829892,65.44570487306483,75.88248500205187,58.04547880123204,12.35242403681343,66.0111463863118,1.8115084651131939
PedNYC17,PedNYC17_scenario3,3,10.0,10.51710670803246,65.31675945339366,73.72964036654064,58.05772866094388,12.316764553234467,65.89023763911304,1.8888212168686391
PedNYC17,PedNYC17_scenario3,3,11.0,10.599622905988328,65.20472544803968,71.3448647440806,58.05539137639338,12.298117628651637,65.76682766661018,1.7890900555972553
PedNYC17,PedNYC17_scenario3,3,12.0,10.817769315828706,65.03592493407946,68.70899060772629,58.04002747201915,12.275533799399877,65.63995512214044,1.5779511265088348
PedNYC17,PedNYC17_scenario3,3,13.0,10.968125162681103,64.78227250056328,65.86303287094188,58.02893385507851,12.264212850940591,65.50689227441624,1.4848963304946734
PedNYC17,PedNYC17_scenario3,3,14.0,11.126126978706194,64.5314935580969,62.90978560045488,58.02657223396043,12.253074744189252,65.36719636631224,1.403000516673558
PedNYC17,PedNYC17_scenario3,3,15.0,11.32711424337687,64.3211108826819,59.94737237645005,58.02501742327986,12.238204159562459,65.22009581584179,1.279944821241745
PedNYC17,PedNYC17_scenario3,3,16.0,11.46602034667316,64.13641402974713,56.99548100585468,58.022628253475006,12.221257721900564,65.08687809672129,1.2139874116107816
PedNYC17,PedNYC17_scenario3,3,17.0,11.629660838859856,63.91039026033906,54.21591703681093,58.01495615849241,12.210520740066558,64.9375583605288,1.1800307330223485
PedNYC17,PedNYC17_scenario3,3,18.0,11.815196513243308,63.690447655312575,51.64367341506752,58.02367484893609,12.216316590078806,64.77421327770804,1.1556146590999756
PedNYC17,PedNYC17_scenario3,3,19.0,12.011108842813915,63.48467211791767,49.26796829236425,58.07378508081059,12.223647295560092,64.59526528084675,1.1307474375122644
PedNYC17,PedNYC17_scenario3,3,20.0,12.154946477227917,63.28148187284807,47.073254217922866,58.137547262699265,12.24015118710815,64.42209966934996,1.143795786092346
PedNYC17,PedNYC17_scenario3,3,21.0,12.291045051347915,63.03540434071716,45.04481741464148,58.1843485195134,12.243589052277944,64.24093641369373,1.2064657686080136
PedNYC17,PedNYC17_scenario3,3,22.0,12.472754391327948,62.73699374380531,43.12898649262021,58.21988985139586,12.24392872877585,64.047314684676,1.3301511763429952
PedNYC17,PedNYC17_scenario3,3,23.0,12.601184506619445,62.36867365716509,41.1763427367317,58.247197001471186,12.222025528957623,63.84337427459586,1.522663272490754
PedNYC17,PedNYC17_scenario3,3,24.0,12.632493975465815,62.01280094286434,39.20456507723242,58.26609566343686,12.204685164394675,63.6403826403698,1.6828673628319213
PedNYC17,PedNYC17_scenario3,3,25.0,12.688857353528649,61.696030013636616,37.341317675714784,58.277656161610494,12.181612566275303,63.436560537534255,1.8129378860885121
PedNYC17,PedNYC17_scenario3,3,26.0,12.74344191800105,61.40128721175419,35.6159217640576,58.28465643957751,12.175792926923075,63.228394671234454,1.9132556142764299
PedNYC17,PedNYC17_scenario3,3,27.0,12.736043698814417,61.19260193518024,34.021176658941776,58.28788736092835,12.156888009186577,63.02381444102684,1.920614629330227
PedNYC17,PedNYC17_scenario3,3,28.0,12.681734943548884,61.09884018146091,32.54708729278222,58.28872291944328,12.13781868396215,62.82702226025918,1.811755556062222
PedNYC17,PedNYC17_scenario3,3,29.0,12.694111112628594,61.1348153030492,31.17768662837293,58.291309157314224,12.119257345914345,62.638923661511384,1.6102170062141818
PedNYC17,PedNYC17_scenario3,3,30.0,12.690806182824048,61.165110657097934,29.83621752383415,58.29529837783502,12.089225605284328,62.430188463721635,1.4008287004787046
PedNYC17,PedNYC17_scenario3,3,31.0,12.685491395329702,61.15633196600212,28.47440098822545,58.300498934759766,12.04580785034371,62.219369860518,1.2406629691026487
PedNYC17,PedNYC17_scenario3,3,32.0,12.688011548638618,61.14306809624618,27.04318257569348,58.306838961022585,12.017601061965486,62.0065854671612,1.0932119970588017
PedNYC17,PedNYC17_scenario3,3,33.0,12.697413853047532,61.13246839334346,25.523741506469552,58.31518107686304,11.995714924773097,61.77927885403746,0.9543296904134726
PedNYC17,PedNYC17_scenario3,3,34.0,12.707260626803569,61.12579846237289,23.9853873634706,58.32621378789062,11.987137788406223,61.549282215226796,0.8354133056832871
PedNYC17,PedNYC17_scenario3,3,35.0,12.709616177043456,61.121486112903995,22.591178216237015,58.338391493873786,11.960415352058593,61.30174894137763,0.7705819641591118
PedNYC17,PedNYC17_scenario3,3,36.0,12.706371881598837,61.120509267033796,21.85950007950448,58.345698760243636,11.936801733365876,61.05263001429119,0.7725579628767005
PedNYC17,PedNYC17_scenario3,3,37.0,12.704531596582079,61.11944591412933,21.814637250601475,58.34617045375206,11.917687983040256,60.8056605897223,0.847103359682145
PedNYC17,PedNYC17_scenario3,3,38.0,12.704252474763743,61.11457328028842,21.814063823349436,58.34618377685547,11.882471286201639,60.54070809319085,1.0023200959958205
PedNYC17,PedNYC17_scenario3,3,39.0,12.687872813576492,61.026533927237665,21.814051804176586,58.34618377685547,11.84387932006759,60.27032245895279,1.1332170144552751
PedNYC17,PedNYC17_scenario3,3,40.0,12.61707451863756,60.799475792066445,21.814041714274893,58.34618377685547,11.809607051711323,59.991833761060406,1.1420548850172811
PedNYC17,PedNYC17_scenario3,3,41.0,12.546288855278961,60.39080868601155,21.81355681344556,58.34618377685547,11.768616541728573,59.69591863009969,1.0429028799787663
PedNYC17,PedNYC17_scenario3,3,42.0,12.536541445415205,59.870553573653986,21.812173255160854,58.34618377685547,11.726864127060326,59.39470926477142,0.9391513009916312
PedNYC17,PedNYC17_scenario3,3,43.0,12.489490262667031,59.30478731687012,21.806463332385768,58.346234219263586,11.663960004571887,59.10174001897546,0.8501343495077448
PedNYC17,PedNYC17_scenario3,3,44.0,12.4763457163063,58.719935112178604,21.77980951510045,58.34645592846221,11.608968904508478,58.81283984827606,0.8723381360653063
PedNYC17,PedNYC17_scenario3,3,45.0,12.45391046382966,58.07662907352139,21.65516625966584,58.34753785916897,11.568765709515368,58.52720072991103,0.9932250770252493
PedNYC17,PedNYC17_scenario3,3,46.0,12.411786706805103,57.42753249655695,21.367193984342077,58.34997029022979,11.533969587178614,58.26069561911153,1.2102576933423081
PedNYC17,PedNYC17_scenario3,3,47.0,12.401808184977062,56.78970775780783,20.904218415275576,58.35340039379971,11.506092858789213,58.02456104548411,1.5255060103627003
PedNYC17,PedNYC17_scenario3,3,48.0,12.374183904350769,56.188207979077276,20.35479667995927,58.355523235994575,11.485415344437884,57.77483798214163,1.818599549024909
PedNYC17,PedNYC17_scenario3,3,49.0,12.388207921367842,55.70816787682962,19.68814701367454,58.35601599042932,11.461331673113591,57.55001924188524,2.0619204714380035
PedNYC17,PedNYC17_scenario3,3,50.0,12.369220733642578,55.197065353393555,18.863070487976074,58.352609634399414,11.424392426712235,57.30912048404586,2.313758285666763
PedNYC17,PedNYC17_scenario3,3,51.0,12.280301109455412,54.67304667175416,17.867600583111837,58.34969427013918,11.393147342192224,57.06200857552304,2.548368259186317
PedNYC17,PedNYC17_scenario3,3,52.0,12.171994857568787,54.11574173135914,16.700125377640777,58.349598064680286,11.360538084351477,56.79829956946881,2.8026021211730883
PedNYC17,PedNYC17_scenario3,3,53.0,12.113302555253345,53.67462068944871,15.477061872089838,58.35140563947196,11.330718263116886,56.55844822703328,2.988126409780855
PedNYC17,PedNYC17_scenario3,3,54.0,12.023569998869826,53.19111188531933,14.33530521674807,58.35512280217114,11.307482237333273,56.324815264808485,3.214479515076148
PedNYC17,PedNYC17_scenario3,3,55.0,11.976073048582606,52.73461368438733,13.505818654765694,58.35997566904761,11.28458549885055,56.083737475041794,3.419763909477113
PedNYC17,PedNYC17_scenario3,3,56.0,11.944187498173534,52.25482597015781,13.329021247784356,58.361602783203125,11.254296493625608,55.85650274464957,3.6671549171080153
PedNYC17,PedNYC17_scenario3,3,57.0,11.85563161949391,51.790336904756934,13.328293484476456,58.36161465047888,11.23556336808437,55.632440777701554,3.8918179308521266
PedNYC17,PedNYC17_scenario3,3,58.0,11.775010589297771,51.296536724462634,13.325223936536448,58.36170898356618,11.206254749645044,55.42095650472065,4.163450699710837
PedNYC17,PedNYC17_scenario3,3,59.0,11.674776291095393,50.85996543026191,13.226050610943034,58.36437791767723,11.178005625931636,55.20437226680471,4.3727167590831995
PedNYC17,PedNYC17_scenario3,3,60.0,11.545017746603296,50.52085928060316,12.919018678841633,58.372957636598635,11.140610774795961,54.984121669761784,4.48154617886777
PedNYC17,PedNYC17_scenario3,3,61.0,11.439851560625549,50.159864174650124,12.356272513081748,58.39173977935475,11.113367745622678,54.7541313496344,4.605853075880386
PedNYC17,PedNYC17_scenario3,3,62.0,11.350758432072332,49.76619831384548,11.658522671278016,58.421881360540766,11.08118369543711,54.524348159738146,4.765780155924144
PedNYC17,PedNYC17_scenario3,3,63.0,11.196353264119967,49.41365148661453,10.902887647672097,58.47163141149185,11.040011502062624,54.301993610000565,4.890841590343471
PedNYC17,PedNYC17_scenario3,3,64.0,11.025019046169046,49.07568421565128,10.074951912500829,58.5786310995741,11.005142811503605,54.07831453195313,5.0026698018444975
PedNYC17,PedNYC17_scenario3,3,65.0,10.902976870191864,48.78482790949976,9.303653724771282,58.767336397626984,10.969408230951403,53.843991321414435,5.0595995448403315
PedNYC17,PedNYC17_scenario3,3,66.0,10.763021829796442,48.553910753893945,8.601895028854727,59.05553892045891,10.919934450901014,53.62194629683409,5.0704640650700314
PedNYC17,PedNYC17_scenario3,3,67.0,10.663490652296522,48.39941756581168,7.955251748772705,59.45751190634378,10.872349309962622,53.40180454028852,5.006745188373147
PedNYC17,PedNYC17_scenario3,3,68.0,10.623216156388901,48.26598454478967,7.361680574452748,59.98607556152929,10.839775810506213,53.174820411015624,4.913610449083011
PedNYC17,PedNYC17_scenario3,3,69.0,10.577936958758164,48.16383076842402,6.8488479601785235,60.66428635449476,10.80263823940935,52.94790558699571,4.789348863386131
PedNYC17,PedNYC17_scenario3,3,70.0,10.594680249645053,48.16402891720821,6.415386012800861,61.554648522073336,10.754687583816404,52.73440452688867,4.573175653804543
PedNYC17,PedNYC17_scenario3,3,71.0,10.611884232982822,48.15884326245846,6.044060641926992,62.70801429127948,10.705596011871698,52.51816312263241,4.360326999298278
PedNYC17,PedNYC17_scenario3,3,72.0,10.61010312595088,48.152812419529596,5.763727844355193,64.00466301555531,10.666076810425606,52.303823669748645,4.151388617414514
PedNYC17,PedNYC17_scenario3,3,73.0,10.598434809310305,48.14123667950803,5.526408149317401,65.23608729359546,10.617806275956664,52.09942944628915,3.9582401686505064
PedNYC17,PedNYC17_scenario3,3,74.0,10.59793065759429,48.14831336354482,5.370129441019789,66.01196378159091,10.558254839861148,51.9094682889872,3.761364186527574
PedNYC17,PedNYC17_scenario3,3,75.0,10.595414161682129,48.15261268615723,5.3542797565460205,66.08472442626953,10.49329314398979,51.72015800196228,3.5690066240590133
PedNYC17,PedNYC17_scenario3,3,76.0,10.594939494778554,48.14997096558143,5.354157794816428,66.08537594980808,10.421598117771682,51.53386686302356,3.388332728305814
PedNYC17,PedNYC17_scenario3,3,77.0,10.59961136432515,48.14638033906082,5.354210414713777,66.0850718916816,10.36547497233664,51.3646083109909,3.2267338175571
PedNYC17,PedNYC17_scenario3,3,78.0,10.605390036260305,48.14471511452662,5.353868166574564,66.0873196873414,10.314137825165174,51.19470573795078,3.063865312549343
PedNYC17,PedNYC17_scenario3,3,79.0,10.608436641116828,48.14430746595402,5.346192705685944,66.13852405495155,10.263108267878268,51.035697575513794,2.9119389504286763
PedNYC17,PedNYC17_scenario3,3,80.0,10.604770464720685,48.14451224379294,5.317897832402837,66.34539174026219,10.216120584567697,50.88353999089242,2.7664637587945755
PedNYC17,PedNYC17_scenario3,3,81.0,10.598660364048978,48.144857338395774,5.267225565094164,66.8060614194848,10.181103545811153,50.73382392162537,2.6224228616942082
PedNYC17,PedNYC17_scenario3,3,82.0,10.600014874896548,48.14688762083914,5.204593268216529,67.56946790545192,10.150077321503812,50.59574917466868,2.489852749014988
PedNYC17,PedNYC17_scenario3,3,83.0,10.605747419174369,48.148813433956455,5.161970871061592,68.650749205695,10.116845742846648,50.477851939407216,2.3797994051996003
PedNYC17,PedNYC17_scenario3,3,84.0,10.609710331019787,48.1486738532917,5.1802687707641315,70.0194124021765,10.081688694113655,50.3735500482852,2.286674645000861
PedNYC17,PedNYC17_scenario3,3,85.0,10.611107941666155,48.14859771728516,5.246305565129549,71.5714051225353,10.055877438126233,50.26146705142527,2.1846047091432483
PedNYC17,PedNYC17_scenario3,3,86.0,10.610418736711024,48.147861934105215,5.296712484301262,73.21481352832863,10.032075532827163,50.14457218615756,2.0787815402609264
PedNYC17,PedNYC17_scenario3,3,87.0,10.613054806483689,48.1514761877101,5.270173894833407,74.86672472815731,10.002030378404802,50.021585738126646,1.9673994465456925
PedNYC17,PedNYC17_scenario3,3,88.0,10.620746407051522,48.15674754756157,5.159992442012711,76.52210641923647,9.962828495245988,49.91174460516371,1.8742653629800452
PedNYC17,PedNYC17_scenario3,3,89.0,10.622618232417677,48.15647423402658,5.015364816465006,78.12829769863198,9.92461081441284,49.81107774803133,1.7958082147452825
PedNYC17,PedNYC17_scenario3,3,90.0,10.619177705265507,48.15941815273341,4.932767476682582,79.55055097846132,9.894465369220978,49.7014141824783,1.7038074203865101
PedNYC17,PedNYC17_scenario3,3,91.0,10.615087488718741,48.17871822253869,4.922378089426569,80.16024555804827,9.855789245041223,49.597301828892924,1.6090100282685451
PedNYC17,PedNYC17_scenario3,3,92.0,10.688575896672205,48.220017339653964,4.922207660229142,80.16565158061464,9.818162268388376,49.503386877594046,1.5506957326357613
PedNYC17,PedNYC17_scenario3,3,93.0,10.8627893729108,48.277153862038254,4.922206401824951,80.16604783531395,9.790185807041123,49.41550570938268,1.5640726766582203
PedNYC17,PedNYC17_scenario3,3,94.0,11.001705148314405,48.30685910164151,4.922213259523623,80.1661376953125,9.757152157180336,49.34033464995661,1.6177094475541527
PedNYC17,PedNYC17_scenario3,3,95.0,11.084170706660238,48.38826031317094,4.922217296439249,80.16610485324347,9.714225876263724,49.27683832001538,1.6328869258395615
PedNYC17,PedNYC17_scenario3,3,96.0,11.155282807170607,48.546851217531774,4.922211793824792,80.16595811283017,9.689209283037798,49.218054947257095,1.6124162071129085
PedNYC17,PedNYC17_scenario3,3,97.0,11.231295669055298,48.69280647137847,4.922214323291265,80.16597156553533,9.687039046515753,49.16696207389647,1.6154107996594709
PedNYC17,PedNYC17_scenario3,3,98.0,11.352104777023348,48.83066125659773,4.922218322753906,80.16601971098412,9.688251658094485,49.125887626728435,1.6898419485235467
PedNYC17,PedNYC17_scenario3,3,99.0,11.453339918118399,48.97618366104691,4.922217882830267,80.16596516016546,9.696355657293157,49.11189921703438,1.762218035580333
PedNYC17,PedNYC17_scenario3,3,100.0,11.458818435668944,49.06882095336914,4.9222092628479,80.16586303710938,9.710407217343649,49.170472939809166,1.751363729986705
PedNYC19,PedNYC19_scenario3,3,0.0,12.456218719482422,67.30152893066406,66.831298828125,57.908809661865234,12.644355590526875,66.97022012563852,0.3810000085746066
PedNYC19,PedNYC19_scenario3,3,1.0,12.473872828222552,67.20307608787519,65.64029458692282,57.90577895282872,12.622987694766106,66.90788473182705,0.3307161624563264
PedNYC19,PedNYC19_scenario3,3,2.0,12.50083967948812,67.07961603199578,64.38107664495155,57.90287200391184,12.596821088069001,66.82683139722191,0.2703932365480527
PedNYC19,PedNYC19_scenario3,3,3.0,12.534353721971723,66.94272198299778,63.05187190697021,57.90058532678294,12.560676793733327,66.72955245920404,0.21478861697356205
PedNYC19,PedNYC19_scenario3,3,4.0,12.575200384589028,66.85028888356997,61.65521868963151,57.898990109304684,12.531638175909732,66.62027026050276,0.2341073108272221
PedNYC19,PedNYC19_scenario3,3,5.0,12.590212460867209,66.83045245495246,60.19652962980227,57.89822686628397,12.509014245331464,66.50484030822167,0.3355837008926732
PedNYC19,PedNYC19_scenario3,3,6.0,12.521104001256257,66.86749564712748,58.69999038243349,57.89838326832838,12.474154817642049,66.38037874399632,0.48937419543549593
PedNYC19,PedNYC19_scenario3,3,7.0,12.411840313931291,66.91012592689202,57.221507546771186,57.899488381155656,12.441585782199857,66.26103690822887,0.6497702263351285
PedNYC19,PedNYC19_scenario3,3,8.0,12.328231661501338,66.94929864614234,55.78228209808867,57.90147978043344,12.394324518317344,66.13822426614334,0.8137628128717002
PedNYC19,PedNYC19_scenario3,3,9.0,12.268353325212505,66.97117149532122,54.3795072073268,57.90306852446875,12.35242403681343,66.0111463863118,0.9636991721889347
PedNYC19,PedNYC19_scenario3,3,10.0,12.232449853540185,66.96970430209488,52.99376858496239,57.90323656752293,12.316764553234467,65.89023763911304,1.0827544712785508
PedNYC19,PedNYC19_scenario3,3,11.0,12.240331917360551,66.93739039918874,51.61448067873188,57.905965961376886,12.298117628651637,65.76682766661018,1.1719881822489515
PedNYC19,PedNYC19_scenario3,3,12.0,12.284519292144658,66.85417466939369,50.24145512536019,57.90924020077507,12.275533799399877,65.63995512214044,1.2142527941132175
PedNYC19,PedNYC19_scenario3,3,13.0,12.313716926296928,66.78798733282788,48.87724696195273,57.91234627294143,12.264212850940591,65.50689227441624,1.2820511698694406
PedNYC19,PedNYC19_scenario3,3,14.0,12.290276634122742,66.75577326449395,47.52408974482591,57.91537661966264,12.253074744189252,65.36719636631224,1.3890751537546717
PedNYC19,PedNYC19_scenario3,3,15.0,12.219262076287682,66.69470123747156,46.18272387446189,57.918199772627815,12.238204159562459,65.22009581584179,1.4747270771294312
PedNYC19,PedNYC19_scenario3,3,16.0,12.175559804963349,66.61485127538856,44.8516723234274,57.92049763058798,12.221257721900564,65.08687809672129,1.5286563820358559
PedNYC19,PedNYC19_scenario3,3,17.0,12.179052008431201,66.53991902137106,43.53024063714153,57.92219060241577,12.210520740066558,64.9375583605288,1.6026696379745886
PedNYC19,PedNYC19_scenario3,3,18.0,12.213643450762735,66.44999563821574,42.220656567575745,57.92331160593143,12.216316590078806,64.77421327770804,1.6757844925474608
PedNYC19,PedNYC19_scenario3,3,19.0,12.272957890833352,66.3379978487578,40.94160747381017,57.92386139804249,12.223647295560092,64.59526528084675,1.743430049661884
PedNYC19,PedNYC19_scenario3,3,20.0,12.286068411897721,66.23798191135981,39.70527056293537,57.9238408630991,12.24015118710815,64.42209966934996,1.8164626911607877
PedNYC19,PedNYC19_scenario3,3,21.0,12.227354110468504,66.13507831523413,38.50713453662182,57.92331167322129,12.243589052277944,64.24093641369373,1.8942114761838538
PedNYC19,PedNYC19_scenario3,3,22.0,12.16125141789633,65.9846122195646,37.32825762738575,57.92272910416075,12.24392872877585,64.047314684676,1.939060926433132
PedNYC19,PedNYC19_scenario3,3,23.0,12.112105710441794,65.81881585802716,36.13903320030335,57.92215665860572,12.222025528957623,63.84337427459586,1.9784973631653227
PedNYC19,PedNYC19_scenario3,3,24.0,12.093788051686106,65.67896896479951,34.9392357844174,57.92145892457219,12.204685164394675,63.6403826403698,2.0416004437105038
PedNYC19,PedNYC19_scenario3,3,25.0,12.112832944123832,65.42189062209357,33.765513313836585,57.91992392836489,12.181612566275303,63.436560537534255,1.9865211252537933
PedNYC19,PedNYC19_scenario3,3,26.0,12.106140533999898,65.22933367662027,32.61972575534997,57.917635172607916,12.175792926923075,63.228394671234454,2.0021509331502227
PedNYC19,PedNYC19_scenario3,3,27.0,12.033438410600436,65.0271855969277,31.479128096711076,57.91446316501127,12.156888009186577,63.02381444102684,2.0071710917823102
PedNYC19,PedNYC19_scenario3,3,28.0,11.989848926482422,64.85003595237954,30.335314492867727,57.90943525167584,12.13781868396215,62.82702226025918,2.028417966700917
PedNYC19,PedNYC19_scenario3,3,29.0,11.982644449789383,64.7132249269543,29.18575466779909,57.900994995371576,12.119257345914345,62.638923661511384,2.078795041173063
PedNYC19,PedNYC19_scenario3,3,30.0,12.003353752559477,64.50115218989018,28.02384481112984,57.88970876008235,12.089225605284328,62.430188463721635,2.072743286129832
PedNYC19,PedNYC19_scenario3,3,31.0,12.011209454547469,64.30918549266336,26.840109572458374,57.87541649644156,12.04580785034371,62.219369860518,2.090102013144522
PedNYC19,PedNYC19_scenario3,3,32.0,11.986522708795764,64.13494011778232,25.63541339688974,57.857490377139385,12.017601061965486,62.0065854671612,2.1285815424494055
PedNYC19,PedNYC19_scenario3,3,33.0,11.930137968137368,63.92325324795102,24.411791383217512,57.835727579939736,11.995714924773097,61.77927885403746,2.1449770485948374
PedNYC19,PedNYC19_scenario3,3,34.0,11.909071888607032,63.746295110957085,23.16874588483455,57.81002596941513,11.987137788406223,61.549282215226796,2.198399406094499
PedNYC19,PedNYC19_scenario3,3,35.0,11.914867967242104,63.564352827299665,21.907395572887125,57.78018655370361,11.960415352058593,61.30174894137763,2.263062285676889
PedNYC19,PedNYC19_scenario3,3,36.0,11.945756700231925,63.37314109475776,20.631859984460387,57.74609743763873,11.936801733365876,61.05263001429119,2.320528359231948
PedNYC19,PedNYC19_scenario3,3,37.0,11.93029885354553,63.20566784990321,19.34878538747889,57.7087468376542,11.917687983040256,60.8056605897223,2.400040391946761
PedNYC19,PedNYC19_scenario3,3,38.0,11.887017011539514,63.04701973718777,18.09936004240142,57.67917611756689,11.882471286201639,60.54070809319085,2.5063157663098585
PedNYC19,PedNYC19_scenario3,3,39.0,11.870198250978657,62.890458268817795,16.9139412241857,57.66264536481871,11.84387932006759,60.27032245895279,2.6202679916873475
PedNYC19,PedNYC19_scenario3,3,40.0,11.889895728183362,62.73047214956522,15.79648576557173,57.67088912718253,11.809607051711323,59.991833761060406,2.73981504750994
PedNYC19,PedNYC19_scenario3,3,41.0,11.925790904543003,62.56736238871976,14.744377012568048,57.7128711640571,11.768616541728573,59.69591863009969,2.8757421719000233
PedNYC19,PedNYC19_scenario3,3,42.0,11.907541572294484,62.39455915987052,13.754970889024328,57.78398334587604,11.726864127060326,59.39470926477142,3.005285965152468
PedNYC19,PedNYC19_scenario3,3,43.0,11.832373126348772,62.228305411693796,12.824200621887536,57.87685457901216,11.663960004571887,59.10174001897546,3.1310979119999716
PedNYC19,PedNYC19_scenario3,3,44.0,11.772847747232557,62.09332057226637,11.94949716087546,57.986651261254636,11.608968904508478,58.81283984827606,3.284571517803283
PedNYC19,PedNYC19_scenario3,3,45.0,11.778773498535156,61.94826965332031,11.127539825439452,58.111054992675776,11.568765709515368,58.52720072991103,3.427508694396807
PedNYC19,PedNYC19_scenario3,3,46.0,11.810360662655915,61.82221071453581,10.356284153327264,58.255403212383335,11.533969587178614,58.26069561911153,3.572223649428811
PedNYC19,PedNYC19_scenario3,3,47.0,11.809719588369362,61.66904784656249,9.627174750435241,58.433054797377316,11.506092858789213,58.02456104548411,3.6571126909284675
PedNYC19,PedNYC19_scenario3,3,48.0,11.791033118316426,61.551686771221405,8.918956115081569,58.66157065322553,11.485415344437884,57.77483798214163,3.7891937136129457
PedNYC19,PedNYC19_scenario3,3,49.0,11.77078440830764,61.42528835371558,8.211477887554846,58.959403696084856,11.461331673113591,57.55001924188524,3.8876048776110723
PedNYC19,PedNYC19_scenario3,3,50.0,11.739021301269531,61.27515411376953,7.509363651275635,59.34724426269531,11.424392426712235,57.30912048404586,3.9784939463073568
PedNYC19,PedNYC19_scenario3,3,51.0,11.711621986718573,61.14280401043094,6.827154856084766,59.84429483882813,11.393147342192224,57.06200857552304,4.093203816177663
PedNYC19,PedNYC19_scenario3,3,52.0,11.73032448220278,60.96501575080716,6.19229730269273,60.46908128148308,11.360538084351477,56.79829956946881,4.183092840932734
PedNYC19,PedNYC19_scenario3,3,53.0,11.723485330229142,60.788929607687045,5.627738211457155,61.23518538471108,11.330718263116886,56.55844822703328,4.248674932383759
PedNYC19,PedNYC19_scenario3,3,54.0,11.692424692481232,60.60639731713909,5.153092786833345,62.152329190246824,11.307482237333273,56.324815264808485,4.298851656502571
PedNYC19,PedNYC19_scenario3,3,55.0,11.635275161427375,60.36127202376742,4.795899541987716,63.217812941053126,11.28458549885055,56.083737475041794,4.291885955495508
PedNYC19,PedNYC19_scenario3,3,56.0,11.613386539173934,60.198479599022555,4.56541635188674,64.41982138881522,11.254296493625608,55.85650274464957,4.356800278268748
PedNYC19,PedNYC19_scenario3,3,57.0,11.602282774328911,60.021376352596945,4.473055687472741,65.74385205894593,11.23556336808437,55.632440777701554,4.40422962656339
PedNYC19,PedNYC19_scenario3,3,58.0,11.57951621182522,59.78507503039126,4.508139885718469,67.17740110559073,11.206254749645044,55.42095650472065,4.380051897552165
PedNYC19,PedNYC19_scenario3,3,59.0,11.527667868938485,59.55871770898421,4.634267119593784,68.70965648382483,11.178005625931636,55.20437226680471,4.36836215463118
PedNYC19,PedNYC19_scenario3,3,60.0,11.456260839230007,59.335192813198944,4.7522516641235795,70.33693513620788,11.140610774795961,54.984121669761784,4.362505594085671
PedNYC19,PedNYC19_scenario3,3,61.0,11.427831894095897,59.14266237304499,4.791362967344091,72.02565904592309,11.113367745622678,54.7541313496344,4.39978320421725
PedNYC19,PedNYC19_scenario3,3,62.0,11.45097117930628,58.91101952081473,4.7106692275471564,73.67514427332117,11.08118369543711,54.524348159738146,4.402229936443099
PedNYC19,PedNYC19_scenario3,3,63.0,11.47541502730079,58.705458175236664,4.567718930876299,75.2347256591949,11.040011502062624,54.301993610000565,4.424938011665222
PedNYC19,PedNYC19_scenario3,3,64.0,11.457044634945584,58.52479898164564,4.423007135534692,76.69710249285778,11.005142811503605,54.07831453195313,4.46938913268776
PedNYC19,PedNYC19_scenario3,3,65.0,11.408388806513308,58.35571581979496,4.333464195879755,77.84868459720727,10.969408230951403,53.843991321414435,4.533030100827442
PedNYC19,PedNYC19_scenario3,3,66.0,11.36102970803482,58.20758841748232,4.3016724906169195,78.51922370009328,10.919934450901014,53.62194629683409,4.606807862775389
PedNYC19,PedNYC19_scenario3,3,67.0,11.36607655561666,58.05196870185959,4.296842037459334,78.66789575752038,10.872349309962622,53.40180454028852,4.676301243788844
PedNYC19,PedNYC19_scenario3,3,68.0,11.398615704362173,57.88172635589458,4.296796605167889,78.66893810489863,10.839775810506213,53.174820411015624,4.7399647257022695
PedNYC19,PedNYC19_scenario3,3,69.0,11.384465187906576,57.69358822360072,4.296788385616603,78.66929082530778,10.80263823940935,52.94790558699571,4.781215983970174
PedNYC19,PedNYC19_scenario3,3,70.0,11.260830836996465,57.49230896373287,4.2967916510942805,78.66930527723166,10.754687583816404,52.73440452688867,4.78475031980577
PedNYC19,PedNYC19_scenario3,3,71.0,11.147507351499483,57.341910904967214,4.296794414520264,78.66919666319157,10.705596011871698,52.51816312263241,4.843947594645464
PedNYC19,PedNYC19_scenario3,3,72.0,11.103368129658952,57.18945652833716,4.29680124416609,78.66920519384443,10.666076810425606,52.303823669748645,4.905163822625767
PedNYC19,PedNYC19_scenario3,3,73.0,11.090249883847823,57.01638959221814,4.2968042591146505,78.66912481293546,10.617806275956664,52.09942944628915,4.9396052513628295
PedNYC19,PedNYC19_scenario3,3,74.0,11.084868117062607,56.85542694403561,4.29680871963501,78.669066584079,10.558254839861148,51.9094682889872,4.973914812416183
PedNYC19,PedNYC19_scenario3,3,75.0,11.079950263471202,56.70005558756241,4.296811583444877,78.66897574089674,10.49329314398979,51.72015800196228,5.01433410722742
PedNYC19,PedNYC19_scenario3,3,76.0,11.059035423877337,56.52787751435314,4.2968173621669585,78.66905212402344,10.421598117771682,51.53386686302356,5.034527654587722
PedNYC19,PedNYC19_scenario3,3,77.0,11.027023723518594,56.36807845956763,4.296822725259288,78.66905786171993,10.36547497233664,51.3646083109909,5.047014986889655
PedNYC19,PedNYC19_scenario3,3,78.0,11.01986462977856,56.24863430229699,4.296826386030943,78.66899667477989,10.314137825165174,51.19470573795078,5.102964261707543
PedNYC19,PedNYC19_scenario3,3,79.0,11.017939538541764,56.12348679764307,4.296832792381337,78.66899871826172,10.263108267878268,51.035697575513794,5.1434783382440985
PedNYC19,PedNYC19_scenario3,3,80.0,11.008470034290916,55.98425075702424,4.296840860131623,78.66904601158967,10.216120584567697,50.88353999089242,5.161886086520094
PedNYC19,PedNYC19_scenario3,3,81.0,10.99318658422854,55.785553115427085,4.296849423576155,78.66911249500471,10.181103545811153,50.73382392162537,5.116585454069317
PedNYC19,PedNYC19_scenario3,3,82.0,10.97062615810437,55.57585298113317,4.29685302700932,78.66903932804416,10.150077321503812,50.59574917466868,5.047250173748927
PedNYC19,PedNYC19_scenario3,3,83.0,10.978251575011884,55.39024292649539,4.296854972839356,78.66887326410392,10.116845742846648,50.477851939407216,4.987344505617534
PedNYC19,PedNYC19_scenario3,3,84.0,11.00385229255272,55.1935612042617,4.296858787536621,78.66878476506828,10.081688694113655,50.3735500482852,4.907432449461118
PedNYC19,PedNYC19_scenario3,3,85.0,11.01533472891385,54.98147432459398,4.296864130342328,78.66872249850714,10.055877438126233,50.26146705142527,4.816536821369795
PedNYC19,PedNYC19_scenario3,3,86.0,10.978432699117418,54.83108719196632,4.296863709833815,78.6685675369881,10.032075532827163,50.14457218615756,4.781110204320706
PedNYC19,PedNYC19_scenario3,3,87.0,10.919509334865744,54.68458850888008,4.296871872394149,78.66863554124575,10.002030378404802,50.021585738126646,4.752405967044786
PedNYC19,PedNYC19_scenario3,3,88.0,10.870215890990282,54.54409941884308,4.296880379283805,78.66869259107085,9.962828495245988,49.91174460516371,4.7203880143240395
PedNYC19,PedNYC19_scenario3,3,89.0,10.842513713693288,54.42902417777774,4.296887248542186,78.66867947748283,9.92461081441284,49.81107774803133,4.708287901192436
PedNYC19,PedNYC19_scenario3,3,90.0,10.822307961122096,54.32928750612983,4.296889882335789,78.66852127869056,9.894465369220978,49.7014141824783,4.719968577767359
PedNYC19,PedNYC19_scenario3,3,91.0,10.803805017232825,54.24793149764823,4.2968940199446015,78.66845646013824,9.855789245041223,49.597301828892924,4.746271191180624
PedNYC19,PedNYC19_scenario3,3,92.0,10.796138503076564,54.2014934861652,4.296898136919253,78.66839168617663,9.818162268388376,49.503386877594046,4.798816856383958
PedNYC19,PedNYC19_scenario3,3,93.0,10.799105195958028,54.19325396852201,4.2968998340136295,78.66828733746297,9.790185807041123,49.41550570938268,4.883113429057465
PedNYC19,PedNYC19_scenario3,3,94.0,10.787762690452116,54.20137504011116,4.296901359335152,78.6682220369803,9.757152157180336,49.34033464995661,4.969091641940671
PedNYC19,PedNYC19_scenario3,3,95.0,10.758408737182616,54.20512161254884,4.296903228759765,78.66813507080079,9.714225876263724,49.27683832001538,5.037687372048922
PedNYC19,PedNYC19_scenario3,3,96.0,10.75170898382353,54.197166130224744,4.2969088789970025,78.66816968125201,9.689209283037798,49.218054947257095,5.091213390393618
PedNYC19,PedNYC19_scenario3,3,97.0,10.77858901841574,54.16475392217984,4.296919484721001,78.66825818506182,9.687039046515753,49.16696207389647,5.1156040405725856
PedNYC19,PedNYC19_scenario3,3,98.0,10.816006587402134,54.11264511975359,4.296925124230256,78.66824971701138,9.688251658094485,49.125887626728435,5.112688282578961
PedNYC19,PedNYC19_scenario3,3,99.0,10.82219977701671,54.05137919415091,4.296925965247283,78.66812133789062,9.696355657293157,49.11189921703438,5.066161014639315
PedNYC19,PedNYC19_scenario3,3,100.0,10.80592918395996,54.00341796875,4.296931743621826,78.66816711425781,9.710407217343649,49.170472939809166,4.95555506801234
PedNYC1,PedNYC1_scenario3,3,0.0,12.707868576049805,66.72113800048828,42.52529144287109,57.90378952026367,12.644355590526875,66.97022012563852,0.25705214334721055
PedNYC1,PedNYC1_scenario3,3,1.0,12.703108936287698,66.64938798919478,41.10038324222435,57.903496619116474,12.622987694766106,66.90788473182705,0.2706288589460811
PedNYC1,PedNYC1_scenario3,3,2.0,12.692361442260127,66.57508270060138,39.72899194874353,57.89501046154568,12.596821088069001,66.82683139722191,0.2692682037097927
PedNYC1,PedNYC1_scenario3,3,3.0,12.64388141000633,66.4844299458804,38.413065698494506,57.87909981954507,12.560676793733327,66.72955245920404,0.25885914066774013
PedNYC1,PedNYC1_scenario3,3,4.0,12.572148338559067,66.38051345798607,37.14845122930169,57.85671880888182,12.531638175909732,66.62027026050276,0.2431550896668728
PedNYC1,PedNYC1_scenario3,3,5.0,12.51862393665048,66.27169642751659,35.934815581973844,57.82885138701168,12.509014245331464,66.50484030822167,0.23334184210611278
PedNYC1,PedNYC1_scenario3,3,6.0,12.483230641886314,66.13672220059676,34.768007727619825,57.797632965722144,12.474154817642049,66.38037874399632,0.2438255149223125
PedNYC1,PedNYC1_scenario3,3,7.0,12.47423239745575,65.98318965781132,33.64592857255288,57.766327389015004,12.441585782199857,66.26103690822887,0.2797586389233757
PedNYC1,PedNYC1_scenario3,3,8.0,12.466320432963055,65.82883899341755,32.564292420947105,57.73776831350237,12.394324518317344,66.13822426614334,0.31765178844968694
PedNYC1,PedNYC1_scenario3,3,9.0,12.451810080556877,65.67180102299778,31.523181787605797,57.717706507372135,12.35242403681343,66.0111463863118,0.35359986042657265
PedNYC1,PedNYC1_scenario3,3,10.0,12.424597274884098,65.49826294748587,30.522294368988938,57.708896755302355,12.316764553234467,65.89023763911304,0.4065366585371866
PedNYC1,PedNYC1_scenario3,3,11.0,12.394969665601144,65.30782484205916,29.56120292280983,57.71051860452071,12.298117628651637,65.76682766661018,0.4691096993317066
PedNYC1,PedNYC1_scenario3,3,12.0,12.37002597847333,65.11878617014924,28.637736441205746,57.72148308889159,12.275533799399877,65.63995512214044,0.5296657893668943
PedNYC1,PedNYC1_scenario3,3,13.0,12.343058234386856,64.93639043617704,27.749727491244126,57.740650252443146,12.264212850940591,65.50689227441624,0.5759244237963049
PedNYC1,PedNYC1_scenario3,3,14.0,12.322182990503508,64.7588373331248,26.898592749817222,57.76725476372259,12.253074744189252,65.36719636631224,0.6122717231502605
PedNYC1,PedNYC1_scenario3,3,15.0,12.292183467692057,64.593657838157,26.09355097154895,57.79986059740439,12.238204159562459,65.22009581584179,0.6287593383735596
PedNYC1,PedNYC1_scenario3,3,16.0,12.263938733618163,64.45979585615234,25.355837581713864,57.83617014467774,12.221257721900564,65.08687809672129,0.628533058158611
PedNYC1,PedNYC1_scenario3,3,17.0,12.210776404943442,64.28163895773466,24.708054436950995,57.87276367923902,12.210520740066558,64.9375583605288,0.6559194526207854
PedNYC1,PedNYC1_scenario3,3,18.0,12.154887432069346,64.0819200971843,24.16259279931718,57.90609071803833,12.216316590078806,64.77421327770804,0.6950132295528181
PedNYC1,PedNYC1_scenario3,3,19.0,12.106085266720005,63.90509608526267,23.72675652150606,57.933569070492005,12.223647295560092,64.59526528084675,0.7001102407179659
PedNYC1,PedNYC1_scenario3,3,20.0,12.069051596437145,63.74810415687181,23.39641570501815,57.95466594635467,12.24015118710815,64.42209966934996,0.6953740150224698
PedNYC1,PedNYC1_scenario3,3,21.0,12.024116681288712,63.585384472287274,23.162570247890365,57.969749814665285,12.243589052277944,64.24093641369373,0.691315029136074
PedNYC1,PedNYC1_scenario3,3,22.0,11.973193285092307,63.43406332063994,23.01405660113395,57.97932661298963,12.24392872877585,64.047314684676,0.6703543212052895
PedNYC1,PedNYC1_scenario3,3,23.0,11.910748561249594,63.29759446723475,22.939439815575152,57.98414694923158,12.222025528957623,63.84337427459586,0.6283064131048103
PedNYC1,PedNYC1_scenario3,3,24.0,11.85122406513717,63.17215680813264,22.933079461629013,57.98456438599087,12.204685164394675,63.6403826403698,0.5866601901122184
PedNYC1,PedNYC1_scenario3,3,25.0,11.795141974219018,63.02781791220895,22.932836018766913,57.98459183758571,12.181612566275303,63.436560537534255,0.5625211571862493
PedNYC1,PedNYC1_scenario3,3,26.0,11.749076335686075,62.87136484920193,22.932720777175742,57.984608992632275,12.175792926923075,63.228394671234454,0.5563787766059194
PedNYC1,PedNYC1_scenario3,3,27.0,11.712357568755703,62.713204129222746,22.932684345278478,57.98461505887684,12.156888009186577,63.02381444102684,0.5422970387792154
PedNYC1,PedNYC1_scenario3,3,28.0,11.654462345296523,62.42919675767196,22.932674407958984,57.98461151123047,12.13781868396215,62.82702226025918,0.6260179555228531
PedNYC1,PedNYC1_scenario3,3,29.0,11.609056031093475,62.15037605487277,22.93267250061035,57.98461151123047,12.119257345914345,62.638923661511384,0.7063880984255472
PedNYC1,PedNYC1_scenario3,3,30.0,11.581503143403806,61.943159108424624,22.93267250061035,57.98461151123047,12.089225605284328,62.430188463721635,0.7035479310033118
PedNYC1,PedNYC1_scenario3,3,31.0,11.56798919769359,61.70408014486053,22.932670919200316,57.98461151123047,12.04580785034371,62.219369860518,0.7027333462151458
PedNYC1,PedNYC1_scenario3,3,32.0,11.564869710357824,61.45804918119635,22.932673644234285,57.98461151123047,12.017601061965486,62.0065854671612,0.7112367634962443
PedNYC1,PedNYC1_scenario3,3,33.0,11.566766099536133,61.16756215880534,22.93267250061035,57.98461151123047,11.995714924773097,61.77927885403746,0.7471240927033979
PedNYC1,PedNYC1_scenario3,3,34.0,11.566033324391748,60.93343725624231,22.932671602040525,57.98461151123047,11.987137788406223,61.549282215226796,0.7460522656754853
PedNYC1,PedNYC1_scenario3,3,35.0,11.567921237264759,60.66498280721076,22.93267250061035,57.98461151123047,11.960415352058593,61.30174894137763,0.748012526479079
PedNYC1,PedNYC1_scenario3,3,36.0,11.568741480209338,60.375763194306955,22.93267250061035,57.98461170813727,11.936801733365876,61.05263001429119,0.7704654709649379
PedNYC1,PedNYC1_scenario3,3,37.0,11.573756875376244,60.115164925367814,22.93267250061035,57.98461151123047,11.917687983040256,60.8056605897223,0.771409663739921
PedNYC1,PedNYC1_scenario3,3,38.0,11.583040713024204,59.84689255104491,22.932670821352442,57.98461151123047,11.882471286201639,60.54070809319085,0.7556710095515335
PedNYC1,PedNYC1_scenario3,3,39.0,11.58900447031966,59.61165253388742,22.932672915538824,57.98461151123047,11.84387932006759,60.27032245895279,0.7062628825158854
PedNYC1,PedNYC1_scenario3,3,40.0,11.585967831268995,59.38724491553393,22.93267250061035,57.98461151123047,11.809607051711323,59.991833761060406,0.6446256068875115
PedNYC1,PedNYC1_scenario3,3,41.0,11.583437132626552,59.0797818990737,22.93267250061035,57.98461151123047,11.768616541728573,59.69591863009969,0.6433629495663904
PedNYC1,PedNYC1_scenario3,3,42.0,11.61436502637563,58.804937317858624,22.93267250061035,57.98461151123047,11.726864127060326,59.39470926477142,0.6004056936940033
PedNYC1,PedNYC1_scenario3,3,43.0,11.638311831210544,58.55032551965122,22.93267250061035,57.98461151123047,11.663960004571887,59.10174001897546,0.5520106691557526
PedNYC1,PedNYC1_scenario3,3,44.0,11.651214541335984,58.3124754928019,22.93267250061035,57.98461151123047,11.608968904508478,58.81283984827606,0.5021445828245432
PedNYC1,PedNYC1_scenario3,3,45.0,11.643995860237212,58.05716370308728,22.9326721148721,57.98461151123047,11.568765709515368,58.52720072991103,0.47601930860307046
PedNYC1,PedNYC1_scenario3,3,46.0,11.610207510562496,57.80631077544332,22.93267250061035,57.98461151123047,11.533969587178614,58.26069561911153,0.46073615781406696
PedNYC1,PedNYC1_scenario3,3,47.0,11.570517412565172,57.564328186658166,22.93267250061035,57.98461151123047,11.506092858789213,58.02456104548411,0.4647201388710579
PedNYC1,PedNYC1_scenario3,3,48.0,11.552149990908417,57.31154384505151,22.93267250061035,57.98461151123047,11.485415344437884,57.77483798214163,0.46807581704422907
PedNYC1,PedNYC1_scenario3,3,49.0,11.544566879563105,57.074698927388376,22.93267250061035,57.98461151123047,11.461331673113591,57.55001924188524,0.4825531068867853
PedNYC1,PedNYC1_scenario3,3,50.0,11.53934599296125,56.85160890677281,22.93267250061035,57.98461151123047,11.424392426712235,57.30912048404586,0.4717320910561876
PedNYC1,PedNYC1_scenario3,3,51.0,11.533271942694233,56.63757559413496,22.93267250061035,57.98461151123047,11.393147342192224,57.06200857552304,0.4469656131693149
PedNYC1,PedNYC1_scenario3,3,52.0,11.527669748860147,56.4189104971503,22.93267059326172,57.98461151123047,11.360538084351477,56.79829956946881,0.41457093660330097
PedNYC1,PedNYC1_scenario3,3,53.0,11.517750391641066,56.190978463036764,22.932671742803684,57.98461151123047,11.330718263116886,56.55844822703328,0.4123288063571858
PedNYC1,PedNYC1_scenario3,3,54.0,11.524196469019667,55.96974885293854,22.93268195442387,57.98461032950378,11.307482237333273,56.324815264808485,0.415977421326716
PedNYC1,PedNYC1_scenario3,3,55.0,11.545039826600865,55.74393501085384,22.932654277754306,57.9846076965332,11.28458549885055,56.083737475041794,0.42813802857498495
PedNYC1,PedNYC1_scenario3,3,56.0,11.572231270278108,55.499016157343085,22.93271047629856,57.98460477378438,11.254296493625608,55.85650274464957,0.4784131920308115
PedNYC1,PedNYC1_scenario3,3,57.0,11.584389398729614,55.292561043545156,22.93270874065215,57.984606475763236,11.23556336808437,55.632440777701554,0.48702960212490287
PedNYC1,PedNYC1_scenario3,3,58.0,11.593462598474355,55.076377040897285,22.932733578699047,57.98460388183594,11.206254749645044,55.42095650472065,0.5183289738031439
PedNYC1,PedNYC1_scenario3,3,59.0,11.599498232749633,54.8232988640591,22.93226959212731,57.984625256800214,11.178005625931636,55.20437226680471,0.568219109043643
PedNYC1,PedNYC1_scenario3,3,60.0,11.602833450667323,54.59767269991483,22.922985917863244,57.985153826413836,11.140610774795961,54.984121669761784,0.6024886790516917
PedNYC1,PedNYC1_scenario3,3,61.0,11.602353689333814,54.37348086707336,22.891099129261946,57.98693484527243,11.113367745622678,54.7541313496344,0.6196789838464917
PedNYC1,PedNYC1_scenario3,3,62.0,11.590930428153566,54.175425036844686,22.823277046453907,57.990716683305834,11.08118369543711,54.524348159738146,0.6177289674321796
PedNYC1,PedNYC1_scenario3,3,63.0,11.568171313478102,53.974607529298545,22.70565008152922,57.99724739037419,11.040011502062624,54.301993610000565,0.6213971614288741
PedNYC1,PedNYC1_scenario3,3,64.0,11.531965006778558,53.76079741211218,22.530608099193714,58.00689537170138,11.005142811503605,54.07831453195313,0.6151087276461071
PedNYC1,PedNYC1_scenario3,3,65.0,11.492296616623213,53.54930345252297,22.291067062386084,58.0199487308673,10.969408230951403,53.843991321414435,0.6002109661962733
PedNYC1,PedNYC1_scenario3,3,66.0,11.45995620821748,53.36308074820965,21.982542614561044,58.03650568822411,10.919934450901014,53.62194629683409,0.5988613116906102
PedNYC1,PedNYC1_scenario3,3,67.0,11.43193178833926,53.16348743797868,21.602617978106306,58.05650634532008,10.872349309962622,53.40180454028852,0.6082167305817058
PedNYC1,PedNYC1_scenario3,3,68.0,11.405448729347203,52.96931874335726,21.14900344389159,58.079823904306984,10.839775810506213,53.174820411015624,0.6018444869901631
PedNYC1,PedNYC1_scenario3,3,69.0,11.378480098409668,52.800314430803404,20.619743986520792,58.10623360182688,10.80263823940935,52.94790558699571,0.5944552093834524
PedNYC1,PedNYC1_scenario3,3,70.0,11.346202191335376,52.637752126874176,20.01287012039323,58.13549666772508,10.754687583816404,52.73440452688867,0.5993590053856578
PedNYC1,PedNYC1_scenario3,3,71.0,11.307470957191843,52.46560535982022,19.328389747564216,58.16718319053126,10.705596011871698,52.51816312263241,0.6041653484237148
PedNYC1,PedNYC1_scenario3,3,72.0,11.276881391760512,52.30481820380039,18.568438913487366,58.20074180522864,10.666076810425606,52.303823669748645,0.6108053910024773
PedNYC1,PedNYC1_scenario3,3,73.0,11.256690413359625,52.17618844526741,17.73528138917572,58.235520890156934,10.617806275956664,52.09942944628915,0.6434787369830254
PedNYC1,PedNYC1_scenario3,3,74.0,11.241657256462702,52.01944604846333,16.84118239834496,58.27057264555479,10.558254839861148,51.9094682889872,0.6921950379742937
PedNYC1,PedNYC1_scenario3,3,75.0,11.226262687035033,51.8678608932206,15.906048082034006,58.30464936142397,10.49329314398979,51.72015800196228,0.747703480744887
PedNYC1,PedNYC1_scenario3,3,76.0,11.207589216148595,51.738679856712736,14.950610183405557,58.33665742056072,10.421598117771682,51.53386686302356,0.8122378771712556
PedNYC1,PedNYC1_scenario3,3,77.0,11.163778824348864,51.645594996478046,13.9973056718128,58.36716662239624,10.36547497233664,51.3646083109909,0.8463111470130854
PedNYC1,PedNYC1_scenario3,3,78.0,11.109810436114717,51.57801285488478,13.070191410068924,58.40331806380674,10.314137825165174,51.19470573795078,0.8831869845664182
PedNYC1,PedNYC1_scenario3,3,79.0,11.076416928020421,51.5166499138184,12.17662937289479,58.45902834550057,10.263108267878268,51.035697575513794,0.9448736044481777
PedNYC1,PedNYC1_scenario3,3,80.0,11.05023070960684,51.46447382706797,11.323412257998017,58.55587972659488,10.216120584567697,50.88353999089242,1.016476179114125
PedNYC1,PedNYC1_scenario3,3,81.0,11.035416855161676,51.42127276850535,10.533833874298141,58.73511923614902,10.181103545811153,50.73382392162537,1.096556951375554
PedNYC1,PedNYC1_scenario3,3,82.0,11.049566438788517,51.38313699596359,9.834783085551825,59.01747788897097,10.150077321503812,50.59574917466868,1.195433081873326
PedNYC1,PedNYC1_scenario3,3,83.0,11.073425445873742,51.33499583554607,9.225878640613672,59.37602379366668,10.116845742846648,50.477851939407216,1.2844221996413376
PedNYC1,PedNYC1_scenario3,3,84.0,11.076622396599946,51.27729907630384,8.72682115713182,59.7995017358112,10.081688694113655,50.3735500482852,1.3441188109641615
PedNYC1,PedNYC1_scenario3,3,85.0,11.065987235276305,51.24131327417596,8.349128257467989,60.25719098447706,10.055877438126233,50.26146705142527,1.4072741106612279
PedNYC1,PedNYC1_scenario3,3,86.0,11.051112171765155,51.21761274667357,8.066649585445024,60.733505578851066,10.032075532827163,50.14457218615756,1.4798147573296272
PedNYC1,PedNYC1_scenario3,3,87.0,11.039707875138529,51.19577968924377,7.861036933336422,61.21629746068177,10.002030378404802,50.021585738126646,1.5670054314097381
PedNYC1,PedNYC1_scenario3,3,88.0,11.032628529277451,51.17380083582335,7.704127872398044,61.70828870114232,9.962828495245988,49.91174460516371,1.6544660897584251
PedNYC1,PedNYC1_scenario3,3,89.0,11.025734934260354,51.130458859559205,7.578401201625889,62.22421981069225,9.92461081441284,49.81107774803133,1.7184995911452794
PedNYC1,PedNYC1_scenario3,3,90.0,11.034926811319988,51.039059920654296,7.477500596720378,62.77877840047201,9.894465369220978,49.7014141824783,1.7578249121499423
PedNYC1,PedNYC1_scenario3,3,91.0,11.063420013161192,50.98218641184812,7.39743342264124,63.38501226744753,9.855789245041223,49.597301828892924,1.8374649330577744
PedNYC1,PedNYC1_scenario3,3,92.0,11.095178424617345,50.9427036628852,7.330368032517278,64.05180868279209,9.818162268388376,49.503386877594046,1.924162953517886
PedNYC1,PedNYC1_scenario3,3,93.0,11.107587165370429,50.91093945898586,7.267883826354605,64.78366521645343,9.790185807041123,49.41550570938268,1.99295470053389
PedNYC1,PedNYC1_scenario3,3,94.0,11.09417464699742,50.87335914570801,7.224312249532571,65.58402344875005,9.757152157180336,49.34033464995661,2.0341566416700814
PedNYC1,PedNYC1_scenario3,3,95.0,11.057231930529932,50.820435026371364,7.199146376587392,66.44756345248975,9.714225876263724,49.27683832001538,2.0460586633009163
PedNYC1,PedNYC1_scenario3,3,96.0,11.010951298886642,50.759534668720455,7.1739813589356825,67.36401990629957,9.689209283037798,49.218054947257095,2.030556989631891
PedNYC1,PedNYC1_scenario3,3,97.0,10.96764938665101,50.69965206075623,7.13946458907303,68.32265907123633,9.687039046515753,49.16696207389647,1.9972735013216145
PedNYC1,PedNYC1_scenario3,3,98.0,10.930088747551046,50.6421332554797,7.096981391996241,69.31010514602688,9.688251658094485,49.125887626728435,1.9598877935885157
PedNYC1,PedNYC1_scenario3,3,99.0,10.906506782774711,50.59889870224485,7.039087972653141,70.33859279287545,9.696355657293157,49.11189921703438,1.9171940995946368
PedNYC1,PedNYC1_scenario3,3,100.0,10.887429237365724,50.56980514526367,6.9663591384887695,71.40868377685547,9.710407217343649,49.170472939809166,1.828527127728495
PedNYC21,PedNYC21_scenario3,3,0.0,12.61489486694336,67.21736907958984,77.45976257324219,58.26668548583984,12.644355590526875,66.97022012563852,0.24889865341800887
PedNYC21,PedNYC21_scenario3,3,1.0,12.651058063963267,67.33304815136108,76.29286514384383,58.310990886212174,12.622987694766106,66.90788473182705,0.42608905047740275
PedNYC21,PedNYC21_scenario3,3,2.0,12.676324767525927,67.38632027020317,75.06682341439384,58.35458936185984,12.596821088069001,66.82683139722191,0.5651094000607605
PedNYC21,PedNYC21_scenario3,3,3.0,12.676255620941346,67.3841960953122,73.77902397387011,58.39933205013929,12.560676793733327,66.72955245920404,0.6647681968894844
PedNYC21,PedNYC21_scenario3,3,4.0,12.674773797502782,67.33927752586278,72.43560893866618,58.44198152924607,12.531638175909732,66.62027026050276,0.733116125732699
PedNYC21,PedNYC21_scenario3,3,5.0,12.678481502226626,67.29537977559637,71.06028635003642,58.48121730052524,12.509014245331464,66.50484030822167,0.8084997221005366
PedNYC21,PedNYC21_scenario3,3,6.0,12.692938244809955,67.26978921675529,69.67650072330417,58.51220955816256,12.474154817642049,66.38037874399632,0.9159242201496067
PedNYC21,PedNYC21_scenario3,3,7.0,12.698348570928795,67.21607065333299,68.28991966420256,58.54377641910404,12.441585782199857,66.26103690822887,0.9889472098972005
PedNYC21,PedNYC21_scenario3,3,8.0,12.670843482942683,67.13721880173105,66.89963485880054,58.580538873507095,12.394324518317344,66.13822426614334,1.0365581604191725
PedNYC21,PedNYC21_scenario3,3,9.0,12.608995433356029,67.08696156200509,65.5056193003061,58.62224700855914,12.35242403681343,66.0111463863118,1.105986968176303
PedNYC21,PedNYC21_scenario3,3,10.0,12.545930512381593,67.05615109770503,64.10377048370741,58.66237643230117,12.316764553234467,65.89023763911304,1.188221877326685
PedNYC21,PedNYC21_scenario3,3,11.0,12.531121932376307,67.03735909572082,62.69155155069311,58.692119721949666,12.298117628651637,65.76682766661018,1.2917202165763786
PedNYC21,PedNYC21_scenario3,3,12.0,12.581219483737666,67.00487913303681,61.28565851755956,58.71542289556986,12.275533799399877,65.63995512214044,1.3987356051557802
PedNYC21,PedNYC21_scenario3,3,13.0,12.636642206365455,66.96599914054275,59.91590983130514,58.7385160408759,12.264212850940591,65.50689227441624,1.5058872705351112
PedNYC21,PedNYC21_scenario3,3,14.0,12.652858404650903,66.93606176317519,58.61774368293486,58.76496137824533,12.253074744189252,65.36719636631224,1.6190014232995744
PedNYC21,PedNYC21_scenario3,3,15.0,12.628058509978798,66.93665677294759,57.38967299644113,58.79315031338917,12.238204159562459,65.22009581584179,1.76027495977149
PedNYC21,PedNYC21_scenario3,3,16.0,12.602389725709516,66.95083707637848,56.214150250683325,58.8166940573407,12.221257721900564,65.08687809672129,1.9025258689889286
PedNYC21,PedNYC21_scenario3,3,17.0,12.605507360591783,66.94469179358957,55.0678252920382,58.829073093814316,12.210520740066558,64.9375583605288,2.0456292549003745
PedNYC21,PedNYC21_scenario3,3,18.0,12.636000901908716,66.93299146422811,53.93847577785103,58.83458069879088,12.216316590078806,64.77421327770804,2.1991948936351715
PedNYC21,PedNYC21_scenario3,3,19.0,12.638176841075433,66.93157808993344,52.812129401265175,58.84506777306677,12.223647295560092,64.59526528084675,2.372802622640094
PedNYC21,PedNYC21_scenario3,3,20.0,12.643591693755003,66.9161102203182,51.67110299164049,58.868534866278914,12.24015118710815,64.42209966934996,2.5264308561178512
PedNYC21,PedNYC21_scenario3,3,21.0,12.66632151992025,66.85634601244857,50.50967535020391,58.887826420981426,12.243589052277944,64.24093641369373,2.649352771613832
PedNYC21,PedNYC21_scenario3,3,22.0,12.683163023353451,66.75226564506613,49.31944297871041,58.90770266716905,12.24392872877585,64.047314684676,2.7403807150920834
PedNYC21,PedNYC21_scenario3,3,23.0,12.558803888279622,66.595217495617,48.124638495162436,58.93907921579454,12.222025528957623,63.84337427459586,2.7723745736079133
PedNYC21,PedNYC21_scenario3,3,24.0,12.412303983314267,66.46976360786323,46.8978447716298,58.96171423606949,12.204685164394675,63.6403826403698,2.8369882328243117
PedNYC21,PedNYC21_scenario3,3,25.0,12.338021006627596,66.30680245087527,45.63415658956504,58.974545626269915,12.181612566275303,63.436560537534255,2.874500346375507
PedNYC21,PedNYC21_scenario3,3,26.0,12.31738660293737,66.08821296445184,44.338328740349375,58.98343569741026,12.175792926923075,63.228394671234454,2.863321399931913
PedNYC21,PedNYC21_scenario3,3,27.0,12.241149911715334,65.86535975872997,43.02237828287046,58.98776750131918,12.156888009186577,63.02381444102684,2.8427943753951506
PedNYC21,PedNYC21_scenario3,3,28.0,12.101045579554832,65.67080407664844,41.6964594105531,58.99175484582269,12.13781868396215,62.82702226025918,2.8440195640033754
PedNYC21,PedNYC21_scenario3,3,29.0,12.009460801469793,65.47801583527415,40.4018818186675,59.00061500685989,12.119257345914345,62.638923661511384,2.841214467845211
PedNYC21,PedNYC21_scenario3,3,30.0,11.943592786172161,65.16017503318994,39.191439941238485,59.02282564816169,12.089225605284328,62.430188463721635,2.733868246181572
PedNYC21,PedNYC21_scenario3,3,31.0,11.861511923960252,64.81748834884839,38.06622617021081,59.054193280009784,12.04580785034371,62.219369860518,2.6046467453160904
PedNYC21,PedNYC21_scenario3,3,32.0,11.760435655471811,64.50735982308134,37.02298943115916,59.08223358888119,12.017601061965486,62.0065854671612,2.5139622959632595
PedNYC21,PedNYC21_scenario3,3,33.0,11.707001196478043,64.21071192098209,36.096883345577716,59.09775942336146,11.995714924773097,61.77927885403746,2.4485143201414656
PedNYC21,PedNYC21_scenario3,3,34.0,11.749930109056667,63.86452942930716,35.270816793384206,59.10573450468436,11.987137788406223,61.549282215226796,2.327366998444657
PedNYC21,PedNYC21_scenario3,3,35.0,11.743370469381517,63.52400834471076,34.560740313311115,59.110157568518474,11.960415352058593,61.30174894137763,2.232833477176211
PedNYC21,PedNYC21_scenario3,3,36.0,11.699267802255928,63.19754887316534,33.90577937358144,59.1156528678047,11.936801733365876,61.05263001429119,2.1580313435125373
PedNYC21,PedNYC21_scenario3,3,37.0,11.723812716022312,62.88756684509058,33.29718045949867,59.1227382483057,11.917687983040256,60.8056605897223,2.090913980847337
PedNYC21,PedNYC21_scenario3,3,38.0,11.754876640378212,62.56819171321635,32.731608984421705,59.13180307466157,11.882471286201639,60.54070809319085,2.0314945786574254
PedNYC21,PedNYC21_scenario3,3,39.0,11.730267986574813,62.22484667701452,32.20191436291384,59.14175648250852,11.84387932006759,60.27032245895279,1.9578233970631305
PedNYC21,PedNYC21_scenario3,3,40.0,11.692113446104775,61.85023489656499,31.706518565496292,59.15200878145516,11.809607051711323,59.991833761060406,1.862111577699672
PedNYC21,PedNYC21_scenario3,3,41.0,11.71627954406689,61.495874441045785,31.24567419441881,59.161924472654235,11.768616541728573,59.69591863009969,1.8007165470120092
PedNYC21,PedNYC21_scenario3,3,42.0,11.733348582831907,61.13741935317151,30.81732798828822,59.171240650603536,11.726864127060326,59.39470926477142,1.7427221523748688
PedNYC21,PedNYC21_scenario3,3,43.0,11.661330588546823,60.70779282764553,30.419332228239067,59.18027246889924,11.663960004571887,59.10174001897546,1.6060549610974197
PedNYC21,PedNYC21_scenario3,3,44.0,11.612977500938873,60.355129060601854,30.049690388953028,59.18831628951644,11.608968904508478,58.81283984827606,1.5422944217307701
PedNYC21,PedNYC21_scenario3,3,45.0,11.611866340859248,60.01243956399464,29.706055461852113,59.19586382881256,11.568765709515368,58.52720072991103,1.4858640781351038
PedNYC21,PedNYC21_scenario3,3,46.0,11.610711670840189,59.67211374643034,29.386691315621604,59.20293925691864,11.533969587178614,58.26069561911153,1.413502910336183
PedNYC21,PedNYC21_scenario3,3,47.0,11.594512534624682,59.34960455646388,29.087551878354574,59.210020547558706,11.506092858789213,58.02456104548411,1.327990340727085
PedNYC21,PedNYC21_scenario3,3,48.0,11.60890336058155,58.96573365670095,28.783009721639562,59.21759386492995,11.485415344437884,57.77483798214163,1.1972810020271765
PedNYC21,PedNYC21_scenario3,3,49.0,11.587212977954637,58.5611458569865,28.43855079734669,59.2262249183207,11.461331673113591,57.55001924188524,1.0189323503916337
PedNYC21,PedNYC21_scenario3,3,50.0,11.484656499122874,58.18796771089205,28.01911281282477,59.234045035396065,11.424392426712235,57.30912048404586,0.8809110094434929
PedNYC21,PedNYC21_scenario3,3,51.0,11.400122363562554,57.80192161038128,27.500316962389874,59.238448001969026,11.393147342192224,57.06200857552304,0.7399459102368552
PedNYC21,PedNYC21_scenario3,3,52.0,11.363083835602172,57.43159421968202,26.864614353146834,59.24000230879626,11.360538084351477,56.79829956946881,0.6332997669651402
PedNYC21,PedNYC21_scenario3,3,53.0,11.305019402306357,57.08211229427925,26.08138218809294,59.24371596764121,11.330718263116886,56.55844822703328,0.5242942749749875
PedNYC21,PedNYC21_scenario3,3,54.0,11.292128588626287,56.711745651766314,25.14276996320881,59.257133069229816,11.307482237333273,56.324815264808485,0.3872348885107755
PedNYC21,PedNYC21_scenario3,3,55.0,11.338663442462435,56.356221627901256,24.048520575381094,59.29384663530587,11.28458549885055,56.083737475041794,0.2777985556924821
PedNYC21,PedNYC21_scenario3,3,56.0,11.320158963674016,56.03025097266103,22.796234108708674,59.35138914340629,11.254296493625608,55.85650274464957,0.18581257142077456
PedNYC21,PedNYC21_scenario3,3,57.0,11.23098195773896,55.677523850314685,21.440619882601155,59.38660961830717,11.23556336808437,55.632440777701554,0.04531525964831172
PedNYC21,PedNYC21_scenario3,3,58.0,11.20020154167366,55.31268510556237,20.086854829497625,59.37993584508879,11.206254749645044,55.42095650472065,0.10844047769368986
PedNYC21,PedNYC21_scenario3,3,59.0,11.235496708736163,54.92338711292314,18.81800871725978,59.34614442888092,11.178005625931636,55.20437226680471,0.2868063480885465
PedNYC21,PedNYC21_scenario3,3,60.0,11.238925045282912,54.57585299805484,17.63885270616321,59.3118417644464,11.140610774795961,54.984121669761784,0.4199392861816243
PedNYC21,PedNYC21_scenario3,3,61.0,11.2207810371804,54.22870282747235,16.568849446491807,59.28297714768416,11.113367745622678,54.7541313496344,0.5362953916496599
PedNYC21,PedNYC21_scenario3,3,62.0,11.259282698482346,53.83237907783023,15.785796980388637,59.256933678883506,11.08118369543711,54.524348159738146,0.7145211439853884
PedNYC21,PedNYC21_scenario3,3,63.0,11.274342519980074,53.487985445842796,15.172490261362986,59.23274430412004,11.040011502062624,54.301993610000565,0.8470657101274555
PedNYC21,PedNYC21_scenario3,3,64.0,11.210045431564168,53.18057418082013,14.602441329934118,59.20794404269155,11.005142811503605,54.07831453195313,0.9208272485977433
PedNYC21,PedNYC21_scenario3,3,65.0,11.113948545157138,52.77871791099101,14.066886596282432,59.17868774775813,10.969408230951403,53.843991321414435,1.0750345768326908
PedNYC21,PedNYC21_scenario3,3,66.0,11.045609609142076,52.370467998612085,13.563379479605906,59.14744041303434,10.919934450901014,53.62194629683409,1.257772704553394
PedNYC21,PedNYC21_scenario3,3,67.0,10.942613831993672,52.02784624359692,13.092631218264788,59.1187214483826,10.872349309962622,53.40180454028852,1.3757537948717231
PedNYC21,PedNYC21_scenario3,3,68.0,10.825448568121823,51.66801149532674,12.643203866604424,59.095875974730106,10.839775810506213,53.174820411015624,1.5068770282520925
PedNYC21,PedNYC21_scenario3,3,69.0,10.784402257528283,51.29856728183691,12.208733237767094,59.08770674643121,10.80263823940935,52.94790558699571,1.6494391155478485
PedNYC21,PedNYC21_scenario3,3,70.0,10.726151887606811,50.98297161614984,11.765248052830996,59.09862026056617,10.754687583816404,52.73440452688867,1.7516653581027537
PedNYC21,PedNYC21_scenario3,3,71.0,10.605956390375482,50.68925739101561,11.262703559078272,59.12662392479711,10.705596011871698,52.51816312263241,1.831617926673762
PedNYC21,PedNYC21_scenario3,3,72.0,10.446872818477994,50.37303562873371,10.665102140307475,59.17860752501181,10.666076810425606,52.303823669748645,1.9431914083311659
PedNYC21,PedNYC21_scenario3,3,73.0,10.333796864569681,50.09976584837849,9.924850599366412,59.271122752156764,10.617806275956664,52.09942944628915,2.019731628351993
PedNYC21,PedNYC21_scenario3,3,74.0,10.211033555669761,49.883141836687976,9.048619737887575,59.43065133330414,10.558254839861148,51.9094682889872,2.0558602850104064
PedNYC21,PedNYC21_scenario3,3,75.0,10.044603703191639,49.69440842417008,8.051417460528436,59.71944891259553,10.49329314398979,51.72015800196228,2.074845431883795
PedNYC21,PedNYC21_scenario3,3,76.0,9.860425979341594,49.53849279815419,7.020267682341844,60.19285524669274,10.421598117771682,51.53386686302356,2.0727835940356933
PedNYC21,PedNYC21_scenario3,3,77.0,9.723608514055291,49.354866255531505,6.131302228827462,60.852854999662945,10.36547497233664,51.3646083109909,2.1097525162323683
PedNYC21,PedNYC21_scenario3,3,78.0,9.615947333628325,49.13291027492907,5.464159272404875,61.61068655166201,10.314137825165174,51.19470573795078,2.176802814636497
PedNYC21,PedNYC21_scenario3,3,79.0,9.459309035937865,48.99540016511732,4.960193938629689,62.3899751175192,10.263108267878268,51.035697575513794,2.1929219612513684
PedNYC21,PedNYC21_scenario3,3,80.0,9.247246304085577,48.895733717450284,4.591079697454064,63.16168626341383,10.216120584567697,50.88353999089242,2.211355048859335
PedNYC21,PedNYC21_scenario3,3,81.0,9.102990828558895,48.76834985929985,4.3437963124192285,63.908173588439325,10.181103545811153,50.73382392162537,2.241743812476222
PedNYC21,PedNYC21_scenario3,3,82.0,9.04487273531259,48.59683600189663,4.178361313924919,64.61761598748116,10.150077321503812,50.59574917466868,2.2841039927332027
PedNYC21,PedNYC21_scenario3,3,83.0,9.021007747717306,48.49219047375608,4.0462145344832035,65.30336035569191,10.116845742846648,50.477851939407216,2.267975389580078
PedNYC21,PedNYC21_scenario3,3,84.0,8.992180292939073,48.451468175066005,3.9341814530382897,65.99419657560892,10.081688694113655,50.3735500482852,2.209395230280861
PedNYC21,PedNYC21_scenario3,3,85.0,8.940404527943699,48.45307332297286,3.849214822973363,66.73819964816313,10.055877438126233,50.26146705142527,2.1247512067197643
PedNYC21,PedNYC21_scenario3,3,86.0,8.896748700018094,48.49143164091849,3.8026499079255367,67.59045191058782,10.032075532827163,50.14457218615756,2.0054527368176984
PedNYC21,PedNYC21_scenario3,3,87.0,8.921716501278315,48.49795413222865,3.8155972281940453,68.58002087849935,10.002030378404802,50.021585738126646,1.867761050992169
PedNYC21,PedNYC21_scenario3,3,88.0,8.938858231238061,48.49934995330658,3.9011920712193167,69.71357522547568,9.962828495245988,49.91174460516371,1.7445267994981044
PedNYC21,PedNYC21_scenario3,3,89.0,8.94501363884458,48.489030417919025,3.9974961842746586,70.97370395096621,9.92461081441284,49.81107774803133,1.6454238874643783
PedNYC21,PedNYC21_scenario3,3,90.0,8.968072307604396,48.4416351440801,4.026876405148462,72.3060047027765,9.894465369220978,49.7014141824783,1.5637286625878661
PedNYC21,PedNYC21_scenario3,3,91.0,9.033527604753042,48.421529241750676,4.002783511566398,73.68249830844871,9.855789245041223,49.597301828892924,1.4347666645711368
PedNYC21,PedNYC21_scenario3,3,92.0,9.063991372425619,48.42606613244706,4.017241101869396,75.11996234851037,9.818162268388376,49.503386877594046,1.315064153659935
PedNYC21,PedNYC21_scenario3,3,93.0,9.057371812321575,48.427636952376,4.1198746275374125,76.6212277532572,9.790185807041123,49.41550570938268,1.230000419482345
PedNYC21,PedNYC21_scenario3,3,94.0,9.022190143879138,48.430962748681935,4.293474538856363,78.16002960414636,9.757152157180336,49.34033464995661,1.1692418123825654
PedNYC21,PedNYC21_scenario3,3,95.0,8.995207712221296,48.445683440863306,4.512796574874983,79.62793829688466,9.714225876263724,49.27683832001538,1.099002071590969
PedNYC21,PedNYC21_scenario3,3,96.0,9.050575273480352,48.47168034210599,4.753134551662315,80.98054989318322,9.689209283037798,49.218054947257095,0.9823077162365601
PedNYC21,PedNYC21_scenario3,3,97.0,9.197389730670915,48.48930532534575,4.8925945887942985,81.97081953407624,9.687039046515753,49.16696207389647,0.8360473200505207
PedNYC21,PedNYC21_scenario3,3,98.0,9.331005258168185,48.575041562235995,4.922481630346928,82.38639848721351,9.688251658094485,49.125887626728435,0.6565488382649923
PedNYC21,PedNYC21_scenario3,3,99.0,9.44796422870038,48.70149153498976,4.923023625007589,82.39993276369461,9.696355657293157,49.11189921703438,0.47972155181896253
PedNYC21,PedNYC21_scenario3,3,100.0,9.519817352294922,48.740177154541016,4.923027515411377,82.40029907226562,9.710407217343649,49.170472939809166,0.47061551130283197
PedNYC22,PedNYC22_scenario3,3,0.0,12.63933277130127,66.63386535644531,50.22715377807617,57.9582405090332,12.644355590526875,66.97022012563852,0.3363922702322225
PedNYC22,PedNYC22_scenario3,3,1.0,12.574022577131025,66.53683638280204,48.96012496174667,57.9539341008043,12.622987694766106,66.90788473182705,0.37426522689024705
PedNYC22,PedNYC22_scenario3,3,2.0,12.468941229085328,66.40496523985132,47.686471889530935,57.94893120557626,12.596821088069001,66.82683139722191,0.44082231462155974
PedNYC22,PedNYC22_scenario3,3,3.0,12.418772485439858,66.23958547242383,46.405354996078415,57.94317078819286,12.560676793733327,66.72955245920404,0.510102421918122
PedNYC22,PedNYC22_scenario3,3,4.0,12.43959884960167,66.04392794386207,45.116895135461206,57.93665025019721,12.531638175909732,66.62027026050276,0.5836451863401261
PedNYC22,PedNYC22_scenario3,3,5.0,12.453332392434067,65.86140459221853,43.820580279097264,57.92935449877632,12.509014245331464,66.50484030822167,0.645840529365075
PedNYC22,PedNYC22_scenario3,3,6.0,12.414214471485055,65.66146893476336,42.515612741005974,57.9213415842695,12.474154817642049,66.38037874399632,0.7214042964307762
PedNYC22,PedNYC22_scenario3,3,7.0,12.369096175487373,65.47196714416596,41.20267743289111,57.91336717795558,12.441585782199857,66.26103690822887,0.7923924757591
PedNYC22,PedNYC22_scenario3,3,8.0,12.342350001339257,65.32642756704148,39.885571235049284,57.90559450845261,12.394324518317344,66.13822426614334,0.8134588072470446
PedNYC22,PedNYC22_scenario3,3,9.0,12.320272601689714,65.1503259081894,38.572775609234895,57.89809033365077,12.35242403681343,66.0111463863118,0.8614206930039339
PedNYC22,PedNYC22_scenario3,3,10.0,12.306246585919961,64.97353466156743,37.29693424765424,57.89102982556419,12.316764553234467,65.89023763911304,0.9167633155168344
PedNYC22,PedNYC22_scenario3,3,11.0,12.27831147547459,64.77963452861925,36.081401510800596,57.88453765296223,12.298117628651637,65.76682766661018,0.9873918044019045
PedNYC22,PedNYC22_scenario3,3,12.0,12.19774401235457,64.58483709139603,34.92782132731254,57.878438502994555,12.275533799399877,65.63995512214044,1.057981715234491
PedNYC22,PedNYC22_scenario3,3,13.0,12.128582812297454,64.37678389100543,33.833699285353525,57.872502876138725,12.264212850940591,65.50689227441624,1.13821810987075
PedNYC22,PedNYC22_scenario3,3,14.0,12.100613694173976,64.13456083502876,32.796547193124646,57.86676036881224,12.253074744189252,65.36719636631224,1.242028471796948
PedNYC22,PedNYC22_scenario3,3,15.0,12.10099354590718,63.90138250804444,31.813100285224944,57.861212221668055,12.238204159562459,65.22009581584179,1.3258323953884499
PedNYC22,PedNYC22_scenario3,3,16.0,12.109101865389022,63.67552764892578,30.880471798360762,57.85586091517299,12.221257721900564,65.08687809672129,1.4157997819756978
PedNYC22,PedNYC22_scenario3,3,17.0,12.108423823115453,63.46055333450931,29.996104029422092,57.85070553178409,12.210520740066558,64.9375583605288,1.4805295091073858
PedNYC22,PedNYC22_scenario3,3,18.0,12.131959564095771,63.23606323503154,29.157582827145266,57.845734273192875,12.216316590078806,64.77421327770804,1.5404615092946785
PedNYC22,PedNYC22_scenario3,3,19.0,12.155860553130205,63.01232404865113,28.362167908502308,57.84094902086181,12.223647295560092,64.59526528084675,1.5843919928585317
PedNYC22,PedNYC22_scenario3,3,20.0,12.121606204714642,62.79595549366786,27.607796647341484,57.83634566895245,12.24015118710815,64.42209966934996,1.630459380958475
PedNYC22,PedNYC22_scenario3,3,21.0,12.052205418409647,62.579925379060036,26.89240251709038,57.83193276454494,12.243589052277944,64.24093641369373,1.6720004044519645
PedNYC22,PedNYC22_scenario3,3,22.0,11.980377806018137,62.36746561092265,26.214243313773924,57.82769093578091,12.24392872877585,64.047314684676,1.700397600408921
PedNYC22,PedNYC22_scenario3,3,23.0,11.892369681390365,62.167600297588855,25.61706719684866,57.823924381116846,12.222025528957623,63.84337427459586,1.7078909215313371
PedNYC22,PedNYC22_scenario3,3,24.0,11.868243264279352,61.991451112075225,25.195481713157825,57.82123470134979,12.204685164394675,63.6403826403698,1.6829047320502408
PedNYC22,PedNYC22_scenario3,3,25.0,11.833440374880329,61.806649980410725,25.06558027849511,57.82040787302832,12.181612566275303,63.436560537534255,1.666683022978129
PedNYC22,PedNYC22_scenario3,3,26.0,11.810821553175046,61.61801553460756,25.064949362028905,57.820403752516306,12.175792926923075,63.228394671234454,1.6512192668869607
PedNYC22,PedNYC22_scenario3,3,27.0,11.8342923335592,61.438993614037955,25.064615980429473,57.82039642333984,12.156888009186577,63.02381444102684,1.6173203218877914
PedNYC22,PedNYC22_scenario3,3,28.0,11.862840835622576,61.22311554515739,25.0645470410397,57.82039642333984,12.13781868396215,62.82702226025918,1.627307459525109
PedNYC22,PedNYC22_scenario3,3,29.0,11.800371126130793,61.000082350883766,25.06453766480938,57.82039900509804,12.119257345914345,62.638923661511384,1.669577570101939
PedNYC22,PedNYC22_scenario3,3,30.0,11.705208343971595,60.78258274785972,25.06453895568848,57.82039642333984,12.089225605284328,62.430188463721635,1.691766488593205
PedNYC22,PedNYC22_scenario3,3,31.0,11.671217741139538,60.577175130556284,25.064538035158844,57.82039458228057,12.04580785034371,62.219369860518,1.6843756353698622
PedNYC22,PedNYC22_scenario3,3,32.0,11.680954237811191,60.37125753994999,25.06453979047743,57.82039642333984,12.017601061965486,62.0065854671612,1.6696192720887302
PedNYC22,PedNYC22_scenario3,3,33.0,11.696526842175103,60.21095884629224,25.06453895568848,57.82039642333984,11.995714924773097,61.77927885403746,1.5966030049647948
PedNYC22,PedNYC22_scenario3,3,34.0,11.707110876729573,60.04379732428742,25.064539486417328,57.82039642333984,11.987137788406223,61.549282215226796,1.531306575480532
PedNYC22,PedNYC22_scenario3,3,35.0,11.701247891900502,59.8665604019229,25.06453895568848,57.82039642333984,11.960415352058593,61.30174894137763,1.458401150639635
PedNYC22,PedNYC22_scenario3,3,36.0,11.741325943631505,59.70893140998805,25.06454063636836,57.82039642333984,11.936801733365876,61.05263001429119,1.3578426726165624
PedNYC22,PedNYC22_scenario3,3,37.0,11.79662221208002,59.5262554344743,25.06453903032718,57.82039642333984,11.917687983040256,60.8056605897223,1.2851204115464647
PedNYC22,PedNYC22_scenario3,3,38.0,11.751626272296209,59.29240267504337,25.06453895568848,57.82039642333984,11.882471286201639,60.54070809319085,1.2551441489487454
PedNYC22,PedNYC22_scenario3,3,39.0,11.659174090600212,59.03678266895335,25.064539196257556,57.82039690447799,11.84387932006759,60.27032245895279,1.247291640036307
PedNYC22,PedNYC22_scenario3,3,40.0,11.625771141438275,58.78661773405171,25.064538571994493,57.82039642333984,11.809607051711323,59.991833761060406,1.2191559841400712
PedNYC22,PedNYC22_scenario3,3,41.0,11.619794548852864,58.531835416160185,25.06453895568848,57.82039642333984,11.768616541728573,59.69591863009969,1.1735577167481908
PedNYC22,PedNYC22_scenario3,3,42.0,11.589120116264157,58.25143204147851,25.06454086303711,57.82039642333984,11.726864127060326,59.39470926477142,1.15154514536364
PedNYC22,PedNYC22_scenario3,3,43.0,11.52567766394607,57.92936163630409,25.064539798153948,57.820394293573514,11.663960004571887,59.10174001897546,1.180505433229388
PedNYC22,PedNYC22_scenario3,3,44.0,11.50740293162895,57.63805316828557,25.06453895568848,57.82039642333984,11.608968904508478,58.81283984827606,1.179168940538226
PedNYC22,PedNYC22_scenario3,3,45.0,11.508261713185986,57.34794247840526,25.06453895568848,57.82039642333984,11.568765709515368,58.52720072991103,1.1808093653576244
PedNYC22,PedNYC22_scenario3,3,46.0,11.467303603064847,57.06571882977092,25.06453895568848,57.82039642333984,11.533969587178614,58.26069561911153,1.1968349428808651
PedNYC22,PedNYC22_scenario3,3,47.0,11.418105551179506,56.76681587649063,25.06453794941816,57.820393509720894,11.506092858789213,58.02456104548411,1.2608190498350047
PedNYC22,PedNYC22_scenario3,3,48.0,11.415722102619993,56.491868038720256,25.064553202656224,57.82039642333984,11.485415344437884,57.77483798214163,1.2848614803463143
PedNYC22,PedNYC22_scenario3,3,49.0,11.425704920367284,56.21652155323253,25.064497436576616,57.82039642333984,11.461331673113591,57.55001924188524,1.3339735196597253
PedNYC22,PedNYC22_scenario3,3,50.0,11.389486115223445,55.892500719713894,25.064460486484872,57.82039642333984,11.424392426712235,57.30912048404586,1.417049754693785
PedNYC22,PedNYC22_scenario3,3,51.0,11.35685651063919,55.62564252392775,25.06462876984862,57.82039642333984,11.393147342192224,57.06200857552304,1.4368244355627595
PedNYC22,PedNYC22_scenario3,3,52.0,11.364805179141632,55.32937264289209,25.064609492631714,57.82039642333984,11.360538084351477,56.79829956946881,1.4689331243184895
PedNYC22,PedNYC22_scenario3,3,53.0,11.379530040540034,55.03377288614777,25.063440028243427,57.8203830558888,11.330718263116886,56.55844822703328,1.5254564840465128
PedNYC22,PedNYC22_scenario3,3,54.0,11.347117922937686,54.72215062397907,25.043970382698106,57.82023594401492,11.307482237333273,56.324815264808485,1.6031546832848713
PedNYC22,PedNYC22_scenario3,3,55.0,11.310759638155787,54.41748881685422,24.976984861603615,57.81976175999475,11.28458549885055,56.083737475041794,1.6664542227376875
PedNYC22,PedNYC22_scenario3,3,56.0,11.309670720549509,54.081307048887155,24.842322387417532,57.818929599616865,11.254296493625608,55.85650274464957,1.7760591384469204
PedNYC22,PedNYC22_scenario3,3,57.0,11.28584337642872,53.808065937648415,24.627800468097323,57.817853304210665,11.23556336808437,55.632440777701554,1.8250675703266506
PedNYC22,PedNYC22_scenario3,3,58.0,11.207362150138989,53.495068646402004,24.325972429116334,57.817169652425136,11.206254749645044,55.42095650472065,1.9258881767005671
PedNYC22,PedNYC22_scenario3,3,59.0,11.144982148329737,53.22754277260833,23.93382485893182,57.818282778379825,11.178005625931636,55.20437226680471,1.9771053080697647
PedNYC22,PedNYC22_scenario3,3,60.0,11.118187787956098,52.88103729226848,23.45020631172653,57.82119656411398,11.140610774795961,54.984121669761784,2.103203910512534
PedNYC22,PedNYC22_scenario3,3,61.0,11.128128738240218,52.520946215361576,22.87501626999725,57.82609059931846,11.113367745622678,54.7541313496344,2.2332339176271216
PedNYC22,PedNYC22_scenario3,3,62.0,11.05590724963206,52.27413874330746,22.210122536882835,57.83148599521564,11.08118369543711,54.524348159738146,2.2503513762312455
PedNYC22,PedNYC22_scenario3,3,63.0,10.990646875847192,51.93718161648757,21.46693773815967,57.838116638085644,11.040011502062624,54.301993610000565,2.3653271720809133
PedNYC22,PedNYC22_scenario3,3,64.0,10.949014737383385,51.64582829493472,20.664457404350397,57.84572642166111,11.005142811503605,54.07831453195313,2.4331337106678825
PedNYC22,PedNYC22_scenario3,3,65.0,10.862439571680682,51.38029752675723,19.825131588283252,57.85365906966004,10.969408230951403,53.843991321414435,2.466014883957229
PedNYC22,PedNYC22_scenario3,3,66.0,10.770467023245745,51.12783986865513,18.977701225986156,57.86214793571321,10.919934450901014,53.62194629683409,2.498581074732915
PedNYC22,PedNYC22_scenario3,3,67.0,10.713545392093385,50.85286543170182,18.149631327704217,57.87093121000471,10.872349309962622,53.40180454028852,2.553881215642847
PedNYC22,PedNYC22_scenario3,3,68.0,10.654245979059453,50.59580671474027,17.35816348076255,57.879971669645336,10.839775810506213,53.174820411015624,2.5856784339767627
PedNYC22,PedNYC22_scenario3,3,69.0,10.566794844612327,50.37973251150069,16.60655306531545,57.89108113233211,10.80263823940935,52.94790558699571,2.578979459508533
PedNYC22,PedNYC22_scenario3,3,70.0,10.463059189463008,50.1522904651054,15.893789933792242,57.90736494527816,10.754687583816404,52.73440452688867,2.5985303824377373
PedNYC22,PedNYC22_scenario3,3,71.0,10.377875331967156,49.86391083149902,15.218542379491518,57.93735428558275,10.705596011871698,52.51816312263241,2.674407610859635
PedNYC22,PedNYC22_scenario3,3,72.0,10.302085518473005,49.60330450070851,14.579711287962803,57.98013964547133,10.666076810425606,52.303823669748645,2.7249391631687017
PedNYC22,PedNYC22_scenario3,3,73.0,10.20239522946866,49.41965300478151,13.973805679826889,58.031537589876095,10.617806275956664,52.09942944628915,2.7117831981933245
PedNYC22,PedNYC22_scenario3,3,74.0,10.048850376521887,49.20492817176518,13.400988499026333,58.08927167987309,10.558254839861148,51.9094682889872,2.75209559298605
PedNYC22,PedNYC22_scenario3,3,75.0,9.941607405824817,49.03033238733318,12.858030565753335,58.15173061848646,10.49329314398979,51.72015800196228,2.7458184555446215
PedNYC22,PedNYC22_scenario3,3,76.0,9.790376942791651,48.82159411446532,12.343980219781509,58.21805135254889,10.421598117771682,51.53386686302356,2.784755578917986
PedNYC22,PedNYC22_scenario3,3,77.0,9.739434521660169,48.76578534939057,11.857736795187055,58.290318674198275,10.36547497233664,51.3646083109909,2.6731643106296943
PedNYC22,PedNYC22_scenario3,3,78.0,9.468749924451666,48.56515884941629,11.397404153006413,58.3701471204448,10.314137825165174,51.19470573795078,2.762100204857561
PedNYC22,PedNYC22_scenario3,3,79.0,9.33174966322344,48.43224422729231,10.96092778451965,58.456417746361595,10.263108267878268,51.035697575513794,2.7650313175134658
PedNYC22,PedNYC22_scenario3,3,80.0,9.219125328628655,48.290390054889706,10.547374535867894,58.55256804707202,10.216120584567697,50.88353999089242,2.778205559521443
PedNYC22,PedNYC22_scenario3,3,81.0,9.114751197692819,48.199140964709805,10.155182074395768,58.665673287025164,10.181103545811153,50.73382392162537,2.7498590913746344
PedNYC22,PedNYC22_scenario3,3,82.0,9.039635177146568,48.14932112850859,9.775648758336702,58.79970202027946,10.150077321503812,50.59574917466868,2.686650692033374
PedNYC22,PedNYC22_scenario3,3,83.0,9.018338627222455,48.11002133724983,9.393525880986019,58.960851181948044,10.116845742846648,50.477851939407216,2.6102374688119814
PedNYC22,PedNYC22_scenario3,3,84.0,9.01226545635946,48.09819752376564,8.991634534335263,59.1601720240528,10.081688694113655,50.3735500482852,2.5141390518995186
PedNYC22,PedNYC22_scenario3,3,85.0,9.000652549389486,48.09586765903891,8.560444073198713,59.40882696817579,10.055877438126233,50.26146705142527,2.409008155676037
PedNYC22,PedNYC22_scenario3,3,86.0,8.993734008656661,48.09574910799023,8.098567923367376,59.71587491033544,10.032075532827163,50.14457218615756,2.2969173094492925
PedNYC22,PedNYC22_scenario3,3,87.0,8.992254364734478,48.097451602415504,7.612720093394049,60.09058637513207,10.002030378404802,50.021585738126646,2.1730024781377484
PedNYC22,PedNYC22_scenario3,3,88.0,8.994813484173802,48.09924099536489,7.110617976269522,60.543861452208475,9.962828495245988,49.91174460516371,2.0548047102327884
PedNYC22,PedNYC22_scenario3,3,89.0,8.995898563395153,48.09991079049194,6.6050531401237365,61.08445814425729,9.92461081441284,49.81107774803133,1.9469460192221442
PedNYC22,PedNYC22_scenario3,3,90.0,8.994673169197176,48.09906714390873,6.113175246557238,61.71844631531143,9.894465369220978,49.7014141824783,1.8377002027633242
PedNYC22,PedNYC22_scenario3,3,91.0,8.992223502012736,48.09796864367587,5.65375745840304,62.44545067528947,9.855789245041223,49.597301828892924,1.7302444315256325
PedNYC22,PedNYC22_scenario3,3,92.0,8.991211255850137,48.0968428923543,5.249822823934835,63.253433248240846,9.818162268388376,49.503386877594046,1.63162923470748
PedNYC22,PedNYC22_scenario3,3,93.0,8.989873160730665,48.096317044359814,4.922190039594408,64.11673121546356,9.790185807041123,49.41550570938268,1.542970857070623
PedNYC22,PedNYC22_scenario3,3,94.0,8.988764226896457,48.097347746440896,4.679808128628451,65.00634196984011,9.757152157180336,49.34033464995661,1.4613132633756276
PedNYC22,PedNYC22_scenario3,3,95.0,8.990411931120414,48.100869543273475,4.516581186243568,65.9001612119683,9.714225876263724,49.27683832001538,1.380872619417074
PedNYC22,PedNYC22_scenario3,3,96.0,8.992436435512511,48.10382417195828,4.410361536562734,66.7874833173497,9.689209283037798,49.218054947257095,1.3141547175547839
PedNYC22,PedNYC22_scenario3,3,97.0,8.993356607685353,48.10443935783816,4.33606729858084,67.6623114007696,9.687039046515753,49.16696207389647,1.2689168010872982
PedNYC22,PedNYC22_scenario3,3,98.0,8.97460645403866,48.118977395375936,4.273391460419112,68.52235967621306,9.688251658094485,49.125887626728435,1.2341627491033034
PedNYC22,PedNYC22_scenario3,3,99.0,8.953533958493036,48.15929817074981,4.2297219904146175,69.36903742260343,9.696355657293157,49.11189921703438,1.207987098271648
PedNYC22,PedNYC22_scenario3,3,100.0,8.94915771484375,48.201622009277344,4.215556144714356,70.20889282226562,9.710407217343649,49.170472939809166,1.2321416033267933
PedNYC23,PedNYC23_scenario3,3,0.0,12.594144821166992,66.9183120727539,43.666259765625,58.2169303894043,12.644355590526875,66.97022012563852,0.0722188847461874
PedNYC23,PedNYC23_scenario3,3,1.0,12.556970333367731,66.77890341918541,42.23970893046814,58.197202119309175,12.622987694766106,66.90788473182705,0.1448946894015257
PedNYC23,PedNYC23_scenario3,3,2.0,12.502709286386926,66.58570315925951,40.7668751518071,58.17571862783035,12.596821088069001,66.82683139722191,0.25884330850670634
PedNYC23,PedNYC23_scenario3,3,3.0,12.414938333208292,66.42702107223997,39.236338643249205,58.15200688445012,12.560676793733327,66.72955245920404,0.3358049120763648
PedNYC23,PedNYC23_scenario3,3,4.0,12.296848189123416,66.27963546047651,37.64161571714745,58.12666329545278,12.531638175909732,66.62027026050276,0.41371294986263424
PedNYC23,PedNYC23_scenario3,3,5.0,12.23341641661836,66.10678860382063,35.95078445146447,58.09898305272618,12.509014245331464,66.50484030822167,0.48414803786440325
PedNYC23,PedNYC23_scenario3,3,6.0,12.210226395048606,65.85069252566792,34.13336410695159,58.06837521251778,12.474154817642049,66.38037874399632,0.5917987006911197
PedNYC23,PedNYC23_scenario3,3,7.0,12.184823532062795,65.52112462954639,32.21989368321556,58.036679773212015,12.441585782199857,66.26103690822887,0.7831966759636749
PedNYC23,PedNYC23_scenario3,3,8.0,12.188620929729932,65.2037209467319,30.352869109344955,58.01040745293774,12.394324518317344,66.13822426614334,0.9568753421155375
PedNYC23,PedNYC23_scenario3,3,9.0,12.182815289992243,64.9945412532385,28.618856001337853,57.994727004068665,12.35242403681343,66.0111463863118,1.0306566467981624
PedNYC23,PedNYC23_scenario3,3,10.0,12.166167366861501,64.65002200653086,27.292244138719028,57.99083938611463,12.316764553234467,65.89023763911304,1.2493255491843052
PedNYC23,PedNYC23_scenario3,3,11.0,12.213304071358118,64.38403120331857,26.574606370742618,57.993438987555976,12.298117628651637,65.76682766661018,1.385395033336186
PedNYC23,PedNYC23_scenario3,3,12.0,12.250873510570512,64.1330615475384,26.45106006688835,57.99429321289063,12.275533799399877,65.63995512214044,1.5070953437065737
PedNYC23,PedNYC23_scenario3,3,13.0,12.254649445632985,63.85260612115533,26.44989488656875,57.99430084228516,12.264212850940591,65.50689227441624,1.6543137959866816
PedNYC23,PedNYC23_scenario3,3,14.0,12.220130015849174,63.540343834909045,26.449811337555822,57.99430367409258,12.253074744189252,65.36719636631224,1.8271495632869448
PedNYC23,PedNYC23_scenario3,3,15.0,12.153938307123171,63.22334250405825,26.44959001587417,57.99430142006618,12.238204159562459,65.22009581584179,1.9985305907105446
PedNYC23,PedNYC23_scenario3,3,16.0,12.215405320184628,62.88375680235779,26.41585697487669,57.99411356879272,12.221257721900564,65.08687809672129,2.203129067550009
PedNYC23,PedNYC23_scenario3,3,17.0,12.247706426144768,62.591582892967814,26.30495302262359,57.99366508823971,12.210520740066558,64.9375583605288,2.3462701612659784
PedNYC23,PedNYC23_scenario3,3,18.0,12.218860504295368,62.263378284861055,26.094531049587726,57.99279053240423,12.216316590078806,64.77421327770804,2.51083628156128
PedNYC23,PedNYC23_scenario3,3,19.0,12.177029335999977,61.81613270698595,25.776094927893396,57.99138028241015,12.223647295560092,64.59526528084675,2.779523537811418
PedNYC23,PedNYC23_scenario3,3,20.0,12.190218068805002,61.478416313838906,25.35322409134816,57.98921399196016,12.24015118710815,64.42209966934996,2.9441068278539593
PedNYC23,PedNYC23_scenario3,3,21.0,12.20232681220686,61.088147676494756,24.83621135463177,57.98617791054954,12.243589052277944,64.24093641369373,3.1530587361900495
PedNYC23,PedNYC23_scenario3,3,22.0,12.157492094288,60.77504908887091,24.243961154842346,57.98217499221183,12.24392872877585,64.047314684676,3.2734070051356605
PedNYC23,PedNYC23_scenario3,3,23.0,12.133517395206573,60.5685639536284,23.63054009889907,57.977292053007474,12.222025528957623,63.84337427459586,3.2760061550697825
PedNYC23,PedNYC23_scenario3,3,24.0,12.139218984523287,60.48299966846673,23.04346921992413,57.97187785974371,12.204685164394675,63.6403826403698,3.1580615972413213
PedNYC23,PedNYC23_scenario3,3,25.0,12.147539106921423,60.45734866366506,22.563737473417493,57.96736216289257,12.181612566275303,63.436560537534255,2.979406717793922
PedNYC23,PedNYC23_scenario3,3,26.0,12.134058220060144,60.46065981560723,22.423550738485545,57.96621447398994,12.175792926923075,63.228394671234454,2.7680494968137386
PedNYC23,PedNYC23_scenario3,3,27.0,12.125177201975925,60.45825172638393,22.422886131626885,57.96619824468731,12.156888009186577,63.02381444102684,2.565758682740814
PedNYC23,PedNYC23_scenario3,3,28.0,12.130977532429807,60.46188257578752,22.422618632609158,57.96619415283203,12.13781868396215,62.82702226025918,2.3651495784446657
PedNYC23,PedNYC23_scenario3,3,29.0,12.130155723471704,60.46084469453539,22.422578609136917,57.96619415283203,12.119257345914345,62.638923661511384,2.1781062327206637
PedNYC23,PedNYC23_scenario3,3,30.0,12.13148717641292,60.46278600193757,22.422576904296875,57.96619415283203,12.089225605284328,62.430188463721635,1.9678563176787687
PedNYC23,PedNYC23_scenario3,3,31.0,12.131354217499972,60.4626735498977,22.42257636070068,57.96619415283203,12.04580785034371,62.219369860518,1.7587780157486061
PedNYC23,PedNYC23_scenario3,3,32.0,12.132540317579023,60.46961146366451,22.422572852860373,57.96619415283203,12.017601061965486,62.0065854671612,1.5412657525247329
PedNYC23,PedNYC23_scenario3,3,33.0,12.134783828925785,60.476108583746225,22.41437988571985,57.966109839935044,11.995714924773097,61.77927885403746,1.3105696904297588
PedNYC23,PedNYC23_scenario3,3,34.0,12.143573954232185,60.471042804198404,22.350659847264104,57.96539732242475,11.987137788406223,61.549282215226796,1.0895285684520535
PedNYC23,PedNYC23_scenario3,3,35.0,12.133576792635784,60.484687591649504,22.193922567853257,57.962703536830965,11.960415352058593,61.30174894137763,0.8352090359438878
PedNYC23,PedNYC23_scenario3,3,36.0,12.149382941494665,60.479740575169245,21.917002650121397,57.95727133930466,11.936801733365876,61.05263001429119,0.6110589820196993
PedNYC23,PedNYC23_scenario3,3,37.0,12.151563001959715,60.4846773759432,21.511492517005586,57.948979633950614,11.917687983040256,60.8056605897223,0.397149528518589
PedNYC23,PedNYC23_scenario3,3,38.0,12.158307141292697,60.48690063167912,21.019494081312164,57.93872264036731,11.882471286201639,60.54070809319085,0.28103498335287674
PedNYC23,PedNYC23_scenario3,3,39.0,12.155191395497301,60.505997117893486,20.445151202177968,57.92828322738525,11.84387932006759,60.27032245895279,0.39045838853220627
PedNYC23,PedNYC23_scenario3,3,40.0,12.154000937529164,60.51863294240462,19.786832332908915,57.91915665888027,11.809607051711323,59.991833761060406,0.6293842435695769
PedNYC23,PedNYC23_scenario3,3,41.0,12.155863128490601,60.529716790952165,19.0593815545578,57.91049918857157,11.768616541728573,59.69591863009969,0.919336332361454
PedNYC23,PedNYC23_scenario3,3,42.0,12.162788005922883,60.52045679357711,18.29113878158846,57.89791247933704,11.726864127060326,59.39470926477142,1.207202189682695
PedNYC23,PedNYC23_scenario3,3,43.0,12.17186241775931,60.515381970204096,17.5393746559129,57.884541750913655,11.663960004571887,59.10174001897546,1.5021146519474162
PedNYC23,PedNYC23_scenario3,3,44.0,12.171696452668677,60.509785213472284,16.82672019473115,57.8740166178286,11.608968904508478,58.81283984827606,1.7878159485582752
PedNYC23,PedNYC23_scenario3,3,45.0,12.170715716137979,60.50673624808582,16.154343749927783,57.869795632879,11.568765709515368,58.52720072991103,2.0690347213588525
PedNYC23,PedNYC23_scenario3,3,46.0,12.170261833587912,60.50494352818246,15.520439402313535,57.87768858852468,11.533969587178614,58.26069561911153,2.332705832335021
PedNYC23,PedNYC23_scenario3,3,47.0,12.165658614018005,60.50162858531269,14.916854799023367,57.89986432639646,11.506092858789213,58.02456104548411,2.5633748423402527
PedNYC23,PedNYC23_scenario3,3,48.0,12.154493716416845,60.49358481717512,14.288744348172163,57.935600597422095,11.485415344437884,57.77483798214163,2.7998661076656233
PedNYC23,PedNYC23_scenario3,3,49.0,12.142437579999175,60.484206623197814,13.580074369823176,57.987241876423745,11.461331673113591,57.55001924188524,3.0122019927369386
PedNYC23,PedNYC23_scenario3,3,50.0,12.128675205892355,60.474332242515956,12.757224071810523,58.06579544225095,11.424392426712235,57.30912048404586,3.242619266735923
PedNYC23,PedNYC23_scenario3,3,51.0,12.121241479938817,60.468571515716334,11.802778179422278,58.19221997910103,11.393147342192224,57.06200857552304,3.483502854731047
PedNYC23,PedNYC23_scenario3,3,52.0,12.12409024557272,60.457224099744785,10.735571625022711,58.397233243200056,11.360538084351477,56.79829956946881,3.7377453927683324
PedNYC23,PedNYC23_scenario3,3,53.0,12.150719708372948,60.44876464262189,9.63526119346294,58.711475465083836,11.330718263116886,56.55844822703328,3.9757973016264576
PedNYC23,PedNYC23_scenario3,3,54.0,12.215220518716562,60.47846621243618,8.555520490481308,59.16102502905629,11.307482237333273,56.324815264808485,4.251682606006373
PedNYC23,PedNYC23_scenario3,3,55.0,12.247311997086015,60.485351612124234,7.5437741533307685,59.76550076434323,11.28458549885055,56.083737475041794,4.505668576600893
PedNYC23,PedNYC23_scenario3,3,56.0,12.246575855256223,60.415593625841964,6.6728348358776035,60.50125726462439,11.254296493625608,55.85650274464957,4.665825542654774
PedNYC23,PedNYC23_scenario3,3,57.0,12.178103499564674,60.31268981539952,5.974032405153294,61.32829409341903,11.23556336808437,55.632440777701554,4.774213333558071
PedNYC23,PedNYC23_scenario3,3,58.0,12.047243264540173,60.22489687821972,5.438304526340905,62.21162889733799,11.206254749645044,55.42095650472065,4.876997518383608
PedNYC23,PedNYC23_scenario3,3,59.0,11.96983633819195,60.00440078694204,5.027057030792849,63.16810486459529,11.178005625931636,55.20437226680471,4.86490181514596
PedNYC23,PedNYC23_scenario3,3,60.0,11.999217805975606,59.73845641155826,4.7148786311891175,64.21736108802544,11.140610774795961,54.984121669761784,4.831242580438711
PedNYC23,PedNYC23_scenario3,3,61.0,12.014245012459096,59.50298224496674,4.499774944502747,65.35976380768065,11.113367745622678,54.7541313496344,4.833545766412211
PedNYC23,PedNYC23_scenario3,3,62.0,11.989746376782282,59.16498017071681,4.377969137168495,66.58750963644987,11.08118369543711,54.524348159738146,4.7287367876900275
PedNYC23,PedNYC23_scenario3,3,63.0,11.93084472641954,58.84806207127077,4.3298679580230495,67.89102638352584,11.040011502062624,54.301993610000565,4.632528714230897
PedNYC23,PedNYC23_scenario3,3,64.0,11.875996073032452,58.4808309210754,4.322734599199837,69.26250519094283,11.005142811503605,54.07831453195313,4.487820847538994
PedNYC23,PedNYC23_scenario3,3,65.0,11.876266386084737,58.1437062413297,4.311182334886333,70.6918152726632,10.969408230951403,53.843991321414435,4.394307693604738
PedNYC23,PedNYC23_scenario3,3,66.0,11.871707431054999,57.80141645731956,4.266387308192136,72.16561681704128,10.919934450901014,53.62194629683409,4.28647204914947
PedNYC23,PedNYC23_scenario3,3,67.0,11.845159768993124,57.47750937274626,4.186754072051721,73.66793789991054,10.872349309962622,53.40180454028852,4.190194514639923
PedNYC23,PedNYC23_scenario3,3,68.0,11.823940279610605,57.189350704419844,4.105679246609853,75.15088165316925,10.839775810506213,53.174820411015624,4.133404550598418
PedNYC23,PedNYC23_scenario3,3,69.0,11.822163849183266,56.85436344429445,4.0475686885230004,76.56169822866806,10.80263823940935,52.94790558699571,4.03730670866556
PedNYC23,PedNYC23_scenario3,3,70.0,11.82301229987209,56.436360606679386,4.020757727225736,77.89312602172262,10.754687583816404,52.73440452688867,3.8530243336416823
PedNYC23,PedNYC23_scenario3,3,71.0,11.775581033170207,56.11976820178743,4.010439942034884,79.148442663118,10.705596011871698,52.51816312263241,3.757183398770736
PedNYC23,PedNYC23_scenario3,3,72.0,11.7147895791544,55.824791443812444,4.0066520586193874,80.3316716100632,10.666076810425606,52.303823669748645,3.6738280494996762
PedNYC23,PedNYC23_scenario3,3,73.0,11.682263117946976,55.51748056917501,4.002915636823474,81.44728492428153,10.617806275956664,52.09942944628915,3.5799639449471066
PedNYC23,PedNYC23_scenario3,3,74.0,11.674849575877403,55.236698730463985,3.9987603949296537,82.48566274845014,10.558254839861148,51.9094682889872,3.509593454403091
PedNYC23,PedNYC23_scenario3,3,75.0,11.63126201317597,54.96376307896258,3.9953646379483287,83.2718761531885,10.49329314398979,51.72015800196228,3.437433205573451
PedNYC23,PedNYC23_scenario3,3,76.0,11.556256464659118,54.66390550540365,3.9940876869341317,83.55204459987519,10.421598117771682,51.53386686302356,3.329353010263991
PedNYC23,PedNYC23_scenario3,3,77.0,11.51480021640327,54.389290353807745,3.994076663666363,83.55497466785518,10.36547497233664,51.3646083109909,3.2356838499438543
PedNYC23,PedNYC23_scenario3,3,78.0,11.517856494690754,54.0751097838221,3.994074825110581,83.55538119275623,10.314137825165174,51.19470573795078,3.1218049431116484
PedNYC23,PedNYC23_scenario3,3,79.0,11.505353672842283,53.79427598244365,3.994075298309326,83.55530548095703,10.263108267878268,51.035697575513794,3.025380715436303
PedNYC23,PedNYC23_scenario3,3,80.0,11.460239535743977,53.565610942254985,3.994076629257303,83.55501601154523,10.216120584567697,50.88353999089242,2.95657513904498
PedNYC23,PedNYC23_scenario3,3,81.0,11.386777309784202,53.24239461280494,3.9940781593322754,83.55471637735728,10.181103545811153,50.73382392162537,2.7832671696727314
PedNYC23,PedNYC23_scenario3,3,82.0,11.383959843477431,52.98410255471718,3.994077920913696,83.55471325601556,10.150077321503812,50.59574917466868,2.688251838280981
PedNYC23,PedNYC23_scenario3,3,83.0,11.406134538797598,52.72090305262754,3.9940779288358756,83.5547103881836,10.116845742846648,50.477851939407216,2.587188415226767
PedNYC23,PedNYC23_scenario3,3,84.0,11.377982287120462,52.47233924679319,3.9940781593322754,83.5547137754681,10.081688694113655,50.3735500482852,2.4668387014647504
PedNYC23,PedNYC23_scenario3,3,85.0,11.310830954351138,52.248830855817744,3.994077920913696,83.55471690673747,10.055877438126233,50.26146705142527,2.350430432685591
PedNYC23,PedNYC23_scenario3,3,86.0,11.259809628487412,52.027669073167274,3.9940775568388003,83.55479230102237,10.032075532827163,50.14457218615756,2.2479735086322448
PedNYC23,PedNYC23_scenario3,3,87.0,11.23753700594049,51.79169228768261,3.994077682495117,83.55479708255376,10.002030378404802,50.021585738126646,2.1586462942004934
PedNYC23,PedNYC23_scenario3,3,88.0,11.234106557180105,51.536749610209895,3.994077682495117,83.55474853515625,9.962828495245988,49.91174460516371,2.0631987730657735
PedNYC23,PedNYC23_scenario3,3,89.0,11.186101433597353,51.30326939543351,3.994077205657959,83.55471801757812,9.92461081441284,49.81107774803133,1.9539689083676215
PedNYC23,PedNYC23_scenario3,3,90.0,11.112366240572014,51.11510779227252,3.9940767519633145,83.55470890706273,9.894465369220978,49.7014141824783,1.865961455874856
PedNYC23,PedNYC23_scenario3,3,91.0,11.03720075035063,50.90032742715252,3.994077518475953,83.55467748982419,9.855789245041223,49.597301828892924,1.7588657864081656
PedNYC23,PedNYC23_scenario3,3,92.0,11.001254665844147,50.681875594149226,3.994075298309326,83.55475741213073,9.818162268388376,49.503386877594046,1.6698931929813714
PedNYC23,PedNYC23_scenario3,3,93.0,11.000772316025238,50.45672691316623,3.9940752672446327,83.55473824671813,9.790185807041123,49.41550570938268,1.5967658848255781
PedNYC23,PedNYC23_scenario3,3,94.0,10.959476117739985,50.26695773793179,3.994075298309326,83.55469512939453,9.757152157180336,49.34033464995661,1.5179635217305125
PedNYC23,PedNYC23_scenario3,3,95.0,10.894798432492525,50.11607945077051,3.994074809900911,83.5546806111659,9.714225876263724,49.27683832001538,1.4484741061102069
PedNYC23,PedNYC23_scenario3,3,96.0,10.8012004965473,49.959622008438636,3.994073867797852,83.55470763712209,9.689209283037798,49.218054947257095,1.3365800257192852
PedNYC23,PedNYC23_scenario3,3,97.0,10.7444813569067,49.849273501555444,3.9940733362151657,83.55474265761859,9.687039046515753,49.16696207389647,1.2584645899344844
PedNYC23,PedNYC23_scenario3,3,98.0,10.708143781375254,49.74250090600796,3.9940726324968714,83.55474157231949,9.688251658094485,49.125887626728435,1.1918019463459553
PedNYC23,PedNYC23_scenario3,3,99.0,10.690832228288974,49.63206023475274,3.994072339744448,83.55474853515625,9.696355657293157,49.11189921703438,1.1222972576877317
PedNYC23,PedNYC23_scenario3,3,100.0,10.671123504638672,49.57047271728516,3.994072437286377,83.55475616455078,9.710407217343649,49.170472939809166,1.040661139206601
PedNYC24,PedNYC24_scenario3,3,0.0,12.680066108703612,66.82184600830078,39.25819396972656,57.98081970214844,12.644355590526875,66.97022012563852,0.1526110081357304
PedNYC24,PedNYC24_scenario3,3,1.0,12.640928937122675,66.71582775902806,37.816106487441516,58.00632147721782,12.622987694766106,66.90788473182705,0.19289315430572118
PedNYC24,PedNYC24_scenario3,3,2.0,12.59057891102485,66.57991765969446,36.41212478161157,58.02862870775158,12.596821088069001,66.82683139722191,0.24699262854187568
PedNYC24,PedNYC24_scenario3,3,3.0,12.571840192168608,66.43096155138676,35.073746512428656,58.05012323762856,12.560676793733327,66.72955245920404,0.29879951756282236
PedNYC24,PedNYC24_scenario3,3,4.0,12.601188373504273,66.27846530983771,33.79834160083113,58.073162098549496,12.531638175909732,66.62027026050276,0.34880919466748195
PedNYC24,PedNYC24_scenario3,3,5.0,12.640471020536662,66.11712763874338,32.58175211227228,58.097276771181406,12.509014245331464,66.50484030822167,0.40939222980087425
PedNYC24,PedNYC24_scenario3,3,6.0,12.66600536987381,65.95185667954111,31.423175981844466,58.122355489546166,12.474154817642049,66.38037874399632,0.469508034134226
PedNYC24,PedNYC24_scenario3,3,7.0,12.676154083840663,65.73601287459833,30.31827280423496,58.148194524213054,12.441585782199857,66.26103690822887,0.57504132375364
PedNYC24,PedNYC24_scenario3,3,8.0,12.675794755879492,65.50522488318717,29.268893539017427,58.17414134129725,12.394324518317344,66.13822426614334,0.6927580482796184
PedNYC24,PedNYC24_scenario3,3,9.0,12.689428358648476,65.29182614063602,28.27374033259526,58.1996114371396,12.35242403681343,66.0111463863118,0.794351011061581
PedNYC24,PedNYC24_scenario3,3,10.0,12.711639429205219,65.0708984951246,27.310874135098,58.225165355698685,12.316764553234467,65.89023763911304,0.9095288893403178
PedNYC24,PedNYC24_scenario3,3,11.0,12.711114419886146,64.81793617882308,26.376891125972055,58.25073821833984,12.298117628651637,65.76682766661018,1.0348726516653302
PedNYC24,PedNYC24_scenario3,3,12.0,12.657348237466662,64.54775129613012,25.488293291256216,58.2757874435011,12.275533799399877,65.63995512214044,1.157018350186303
PedNYC24,PedNYC24_scenario3,3,13.0,12.615286569163134,64.25969871477868,24.646201205091412,58.30019571943759,12.264212850940591,65.50689227441624,1.2956637414190548
PedNYC24,PedNYC24_scenario3,3,14.0,12.619201923972335,63.995968793807066,23.885884845423334,58.32278380163444,12.253074744189252,65.36719636631224,1.4192653618595623
PedNYC24,PedNYC24_scenario3,3,15.0,12.643872146939048,63.77356114953576,23.268113974898075,58.3415837058279,12.238204159562459,65.22009581584179,1.5023411918759553
PedNYC24,PedNYC24_scenario3,3,16.0,12.660905480722455,63.50249330365476,22.83285663447207,58.35515042210603,12.221257721900564,65.08687809672129,1.6442522082507882
PedNYC24,PedNYC24_scenario3,3,17.0,12.635501650617472,63.26929177664877,22.572249474910127,58.363420190112386,12.210520740066558,64.9375583605288,1.7215464470130966
PedNYC24,PedNYC24_scenario3,3,18.0,12.61134834755643,63.09457364482217,22.41727987186148,58.36838466057228,12.216316590078806,64.77421327770804,1.7254678744551726
PedNYC24,PedNYC24_scenario3,3,19.0,12.64802000256145,62.76697079186067,22.276329967115213,58.37291838468775,12.223647295560092,64.59526528084675,1.8768998196239755
PedNYC24,PedNYC24_scenario3,3,20.0,12.678622883224065,62.48977159901423,22.14306849884413,58.377192569879846,12.24015118710815,64.42209966934996,1.9814512862299105
PedNYC24,PedNYC24_scenario3,3,21.0,12.675399886376752,62.22130277903553,22.016859657517802,58.381157040660845,12.243589052277944,64.24093641369373,2.065279790897058
PedNYC24,PedNYC24_scenario3,3,22.0,12.661230325231019,61.9454112238887,21.89729567081886,58.38494167167507,12.24392872877585,64.047314684676,2.1429276191401456
PedNYC24,PedNYC24_scenario3,3,23.0,12.66206873909821,61.643451996740374,21.784012422269768,58.38863484351059,12.222025528957623,63.84337427459586,2.2435008480933765
PedNYC24,PedNYC24_scenario3,3,24.0,12.68040424816315,61.341817860171474,21.676685044469124,58.39217459779319,12.204685164394675,63.6403826403698,2.34727686808133
PedNYC24,PedNYC24_scenario3,3,25.0,12.666874376738804,61.03522256521193,21.57498395548924,58.395472279437165,12.181612566275303,63.436560537534255,2.4498781769735825
PedNYC24,PedNYC24_scenario3,3,26.0,12.59168259433304,60.7265640325138,21.478639051015552,58.39861746674618,12.175792926923075,63.228394671234454,2.5361626052561714
PedNYC24,PedNYC24_scenario3,3,27.0,12.509263903233375,60.39807428873823,21.387352394247333,58.40156107292969,12.156888009186577,63.02381444102684,2.6492791695187417
PedNYC24,PedNYC24_scenario3,3,28.0,12.489676529459992,60.06653927482979,21.300332542932264,58.40438330018594,12.13781868396215,62.82702226025918,2.7828169642079423
PedNYC24,PedNYC24_scenario3,3,29.0,12.480141915945572,59.74671129942502,21.21481246340288,58.40717395453842,12.119257345914345,62.638923661511384,2.9146406331298875
PedNYC24,PedNYC24_scenario3,3,30.0,12.429169239001483,59.41008630795727,21.12536403729503,58.41009132767585,12.089225605284328,62.430188463721635,3.039174016958781
PedNYC24,PedNYC24_scenario3,3,31.0,12.376750658721955,59.04519490058308,21.02738817723305,58.41328505894947,12.04580785034371,62.219369860518,3.1913805505917265
PedNYC24,PedNYC24_scenario3,3,32.0,12.365559002863407,58.7222217998194,20.91953470580084,58.41681871311087,12.017601061965486,62.0065854671612,3.3027442268496667
PedNYC24,PedNYC24_scenario3,3,33.0,12.368606447074045,58.38186310283295,20.801815681111112,58.42069922816935,11.995714924773097,61.77927885403746,3.41781829153283
PedNYC24,PedNYC24_scenario3,3,34.0,12.339206338176853,58.07220066975163,20.673408047708158,58.42501127711793,11.987137788406223,61.549282215226796,3.4948602744060544
PedNYC24,PedNYC24_scenario3,3,35.0,12.286637397574044,57.75649105270121,20.529307147105833,58.429953619578775,11.960415352058593,61.30174894137763,3.560235149565644
PedNYC24,PedNYC24_scenario3,3,36.0,12.251406410336438,57.396096853483016,20.34991911457292,58.43645132768219,11.936801733365876,61.05263001429119,3.6700423510991755
PedNYC24,PedNYC24_scenario3,3,37.0,12.239596578225763,57.08778154929639,20.11713600365929,58.44503377956644,11.917687983040256,60.8056605897223,3.7317890753487952
PedNYC24,PedNYC24_scenario3,3,38.0,12.199961043951554,56.76813723672332,19.82863599040877,58.45588573413472,11.882471286201639,60.54070809319085,3.7859068416093207
PedNYC24,PedNYC24_scenario3,3,39.0,12.121928333103218,56.45576603177543,19.48046335205399,58.46928437804589,11.84387932006759,60.27032245895279,3.8246767170272284
PedNYC24,PedNYC24_scenario3,3,40.0,12.052979173230934,56.14028211727517,19.059827737739955,58.48573671037698,11.809607051711323,59.991833761060406,3.8592330914674884
PedNYC24,PedNYC24_scenario3,3,41.0,12.005499831390123,55.85379992965664,18.57201546824752,58.50338034898379,11.768616541728573,59.69591863009969,3.8494142153339497
PedNYC24,PedNYC24_scenario3,3,42.0,11.938495976928218,55.550007287180655,18.038942069272352,58.52224675600769,11.726864127060326,59.39470926477142,3.850522216059642
PedNYC24,PedNYC24_scenario3,3,43.0,11.851673853681804,55.2900393115871,17.48378492509031,58.54172260820531,11.663960004571887,59.10174001897546,3.8163200562652753
PedNYC24,PedNYC24_scenario3,3,44.0,11.755685097132584,55.02030981588861,16.93756023016037,58.560554455611566,11.608968904508478,58.81283984827606,3.7953668712970154
PedNYC24,PedNYC24_scenario3,3,45.0,11.679860498715826,54.753954926823766,16.413786503051295,58.57837846035949,11.568765709515368,58.52720072991103,3.7748809176851053
PedNYC24,PedNYC24_scenario3,3,46.0,11.607720304194139,54.5030752994488,15.910738069463463,58.594013106068864,11.533969587178614,58.26069561911153,3.75834400168512
PedNYC24,PedNYC24_scenario3,3,47.0,11.514465846772527,54.284098649697384,15.426040676072773,58.60696979600601,11.506092858789213,58.02456104548411,3.740471767200277
PedNYC24,PedNYC24_scenario3,3,48.0,11.38250425982898,54.04475067266238,14.961771118042364,58.618740236281155,11.485415344437884,57.77483798214163,3.73150666992215
PedNYC24,PedNYC24_scenario3,3,49.0,11.264353160563985,53.81318313256991,14.489026631252786,58.62994359322824,11.461331673113591,57.55001924188524,3.7420241370532557
PedNYC24,PedNYC24_scenario3,3,50.0,11.166606384198165,53.572484423447186,13.996339655515872,58.64066570049028,11.424392426712235,57.30912048404586,3.745517680252153
PedNYC24,PedNYC24_scenario3,3,51.0,11.063182126031796,53.32652485377352,13.480970972356666,58.65067617210424,11.393147342192224,57.06200857552304,3.750028757133927
PedNYC24,PedNYC24_scenario3,3,52.0,10.929992141767494,53.09097489824374,12.932546823320115,58.65950263531875,11.360538084351477,56.79829956946881,3.732241421257416
PedNYC24,PedNYC24_scenario3,3,53.0,10.785748758761947,52.866060776563856,12.365896957569609,58.66860138202246,11.330718263116886,56.55844822703328,3.7323875529024275
PedNYC24,PedNYC24_scenario3,3,54.0,10.669058312762111,52.63945227255752,11.818105760563192,58.68178674544915,11.307482237333273,56.324815264808485,3.7402520626446867
PedNYC24,PedNYC24_scenario3,3,55.0,10.572496988732913,52.39298749799254,11.297827825411943,58.70264106217593,11.28458549885055,56.083737475041794,3.7588170265830447
PedNYC24,PedNYC24_scenario3,3,56.0,10.475084201907407,52.15317533626997,10.805740890883046,58.735158919008846,11.254296493625608,55.85650274464957,3.7844161622660235
PedNYC24,PedNYC24_scenario3,3,57.0,10.351021401368875,51.916393842895424,10.342005823873132,58.78484070219687,11.23556336808437,55.632440777701554,3.819871635613289
PedNYC24,PedNYC24_scenario3,3,58.0,10.224667658585178,51.68107095653142,9.906823701378805,58.853636032503616,11.206254749645044,55.42095650472065,3.8665562366128876
PedNYC24,PedNYC24_scenario3,3,59.0,10.137204896826002,51.47450419240383,9.501164013765845,58.943539301601874,11.178005625931636,55.20437226680471,3.87236129643681
PedNYC24,PedNYC24_scenario3,3,60.0,10.05485919686676,51.25039398567629,9.12669002826819,59.05625230307277,11.140610774795961,54.984121669761784,3.8883902720640293
PedNYC24,PedNYC24_scenario3,3,61.0,9.93586515563274,50.964422610178474,8.773480570174613,59.195649813424446,11.113367745622678,54.7541313496344,3.9684259699963698
PedNYC24,PedNYC24_scenario3,3,62.0,9.683839462108718,50.71776453126601,8.423932443960691,59.368962637182335,11.08118369543711,54.524348159738146,4.054953739189656
PedNYC24,PedNYC24_scenario3,3,63.0,9.556279358687021,50.4983322254739,8.062665638426111,59.588649939163965,11.040011502062624,54.301993610000565,4.082805530689069
PedNYC24,PedNYC24_scenario3,3,64.0,9.463345909637347,50.244159827085966,7.679597952308484,59.87062263566116,11.005142811503605,54.07831453195313,4.132539169500928
PedNYC24,PedNYC24_scenario3,3,65.0,9.386636428822012,49.997482753635076,7.274215907000773,60.22953508326031,10.969408230951403,53.843991321414435,4.159422404567242
PedNYC24,PedNYC24_scenario3,3,66.0,9.29920315785702,49.77204585450791,6.860141569311785,60.67751015360132,10.919934450901014,53.62194629683409,4.177140569824695
PedNYC24,PedNYC24_scenario3,3,67.0,9.188826221146437,49.54180545002058,6.459318678412637,61.221944961986445,10.872349309962622,53.40180454028852,4.21115696305024
PedNYC24,PedNYC24_scenario3,3,68.0,9.106359081719702,49.30455106299008,6.0899616412617545,61.862201871010285,10.839775810506213,53.174820411015624,4.240721445922026
PedNYC24,PedNYC24_scenario3,3,69.0,9.063216444807535,49.062842979332466,5.750396689127787,62.58277867014111,10.80263823940935,52.94790558699571,4.256677066092625
PedNYC24,PedNYC24_scenario3,3,70.0,9.036214039784186,48.83027690822758,5.446841839669456,63.363225750266636,10.754687583816404,52.73440452688867,4.265602394074128
PedNYC24,PedNYC24_scenario3,3,71.0,8.995261537053524,48.58980098714132,5.176551785913134,64.19054495374785,10.705596011871698,52.51816312263241,4.28453884138208
PedNYC24,PedNYC24_scenario3,3,72.0,8.952403717885314,48.37325719074784,4.938856688383679,65.04562189482107,10.666076810425606,52.303823669748645,4.287893225576096
PedNYC24,PedNYC24_scenario3,3,73.0,8.929100851931302,48.201252970093634,4.7494053192823245,65.89985830589356,10.617806275956664,52.09942944628915,4.24823561595832
PedNYC24,PedNYC24_scenario3,3,74.0,8.899852262495207,48.14279278481315,4.613489406193281,66.72393872678524,10.558254839861148,51.9094682889872,4.115597582655378
PedNYC24,PedNYC24_scenario3,3,75.0,8.875511819084988,48.1139820229742,4.528186362909914,67.51046661342495,10.49329314398979,51.72015800196228,3.9524323658528813
PedNYC24,PedNYC24_scenario3,3,76.0,8.864828083804642,48.09142510853777,4.487811571001256,68.25792174033438,10.421598117771682,51.53386686302356,3.778086575461837
PedNYC24,PedNYC24_scenario3,3,77.0,8.861315170107185,48.08024118800203,4.481522490426212,68.96676650141006,10.36547497233664,51.3646083109909,3.6124180418679646
PedNYC24,PedNYC24_scenario3,3,78.0,8.863719311102324,48.07461959276551,4.489859356835054,69.63910381161897,10.314137825165174,51.19470573795078,3.440734139586108
PedNYC24,PedNYC24_scenario3,3,79.0,8.867602129897591,48.07176792677583,4.491374142738936,70.27688510425384,10.263108267878268,51.035697575513794,3.2760214199253506
PedNYC24,PedNYC24_scenario3,3,80.0,8.871544926148092,48.06882537180507,4.48583534265741,70.88115063018792,10.216120584567697,50.88353999089242,3.1193752720887216
PedNYC24,PedNYC24_scenario3,3,81.0,8.944153700190585,48.07140412644548,4.480957572562929,71.45357270726258,10.181103545811153,50.73382392162537,2.9357322913280925
PedNYC24,PedNYC24_scenario3,3,82.0,9.041508369693233,48.07503087686678,4.477192221197855,72.00217675815854,10.150077321503812,50.59574917466868,2.7537149194845396
PedNYC24,PedNYC24_scenario3,3,83.0,9.051750141598895,48.071897006292595,4.474612221692862,72.56510178893096,10.116845742846648,50.477851939407216,2.6311685198739925
PedNYC24,PedNYC24_scenario3,3,84.0,9.052309280006579,48.06875282252041,4.474104660699319,73.16994305330185,10.081688694113655,50.3735500482852,2.5242250751627755
PedNYC24,PedNYC24_scenario3,3,85.0,9.052161478351344,48.067195602543094,4.476328940907715,73.82814670511975,10.055877438126233,50.26146705142527,2.412938648056828
PedNYC24,PedNYC24_scenario3,3,86.0,9.053832500743503,48.06668427452821,4.481771478145714,74.54566614697096,10.032075532827163,50.14457218615756,2.2966448578558305
PedNYC24,PedNYC24_scenario3,3,87.0,9.054228337590827,48.066938826280044,4.490748178540431,75.31381597757282,10.002030378404802,50.021585738126646,2.172319787361565
PedNYC24,PedNYC24_scenario3,3,88.0,9.053450721418354,48.067737512459665,4.502762536725699,76.07037960753149,9.962828495245988,49.91174460516371,2.0560472011786435
PedNYC24,PedNYC24_scenario3,3,89.0,9.049932409413326,48.06836313600934,4.5166976702833495,76.76564071494454,9.92461081441284,49.81107774803133,1.9499016721689981
PedNYC24,PedNYC24_scenario3,3,90.0,9.034087600819484,48.06816868472742,4.528378971209868,77.2733896605457,9.894465369220978,49.7014141824783,1.8460067064566879
PedNYC24,PedNYC24_scenario3,3,91.0,8.989370267079277,48.0661022410876,4.533674113659846,77.49029541124862,9.855789245041223,49.597301828892924,1.7593334030444088
PedNYC24,PedNYC24_scenario3,3,92.0,8.92521030937572,48.06209555212655,4.533808036146758,77.49585182180778,9.818162268388376,49.503386877594046,1.6954892762776155
PedNYC24,PedNYC24_scenario3,3,93.0,8.84982726089638,48.048633089647936,4.533817567042693,77.4962977224438,9.790185807041123,49.41550570938268,1.659100646099559
PedNYC24,PedNYC24_scenario3,3,94.0,8.791200228609402,48.0296504574842,4.533821410461992,77.49640379786062,9.757152157180336,49.34033464995661,1.6281757216919048
PedNYC24,PedNYC24_scenario3,3,95.0,8.767912563837537,48.02181936309951,4.533822059631348,77.49642944335938,9.714225876263724,49.27683832001538,1.5718083431173204
PedNYC24,PedNYC24_scenario3,3,96.0,8.77665101324745,48.038285628509264,4.533822059631348,77.49642944335938,9.689209283037798,49.218054947257095,1.4915154176948597
PedNYC24,PedNYC24_scenario3,3,97.0,8.821758621897455,48.07626062161059,4.533822059631348,77.49642181396484,9.687039046515753,49.16696207389647,1.3922427486778877
PedNYC24,PedNYC24_scenario3,3,98.0,8.903942889007963,48.14435996852019,4.533822059631348,77.49642181396484,9.688251658094485,49.125887626728435,1.2563983401349164
PedNYC24,PedNYC24_scenario3,3,99.0,9.004862355227795,48.2431729862633,4.533822059631348,77.49642181396484,9.696355657293157,49.11189921703438,1.11033699876703
PedNYC24,PedNYC24_scenario3,3,100.0,9.04440689086914,48.29560470581055,4.533822059631348,77.49642181396484,9.710407217343649,49.170472939809166,1.0995230155499311
PedNYC25,PedNYC25_scenario3,3,0.0,12.852446556091309,67.158447265625,83.50006103515625,58.0148811340332,12.644355590526875,66.97022012563852,0.28059099446886854
PedNYC25,PedNYC25_scenario3,3,1.0,12.848702969645249,67.3668069337645,82.87477555139104,58.01896543830887,12.622987694766106,66.90788473182705,0.5114264099016356
PedNYC25,PedNYC25_scenario3,3,2.0,12.845404290268908,67.50902416680272,82.15031977683931,58.02501838514491,12.596821088069001,66.82683139722191,0.7260720234827215
PedNYC25,PedNYC25_scenario3,3,3.0,12.738567030593078,67.48830723906161,81.32998336234257,58.03342919215186,12.560676793733327,66.72955245920404,0.7793290398328074
PedNYC25,PedNYC25_scenario3,3,4.0,12.603421464573728,67.27629300304764,80.41556069622389,58.04310492485001,12.531638175909732,66.62027026050276,0.6599383905089329
PedNYC25,PedNYC25_scenario3,3,5.0,12.57726138365889,67.07416825652226,79.39748721233761,58.05698444576708,12.509014245331464,66.50484030822167,0.573403858206442
PedNYC25,PedNYC25_scenario3,3,6.0,12.520349074276053,66.94382644865564,78.27590879981821,58.0753362094148,12.474154817642049,66.38037874399632,0.5653381512261754
PedNYC25,PedNYC25_scenario3,3,7.0,12.481227682580707,66.92275898911389,77.05077493871732,58.097563406940715,12.441585782199857,66.26103690822887,0.6629084345492955
PedNYC25,PedNYC25_scenario3,3,8.0,12.416886714438052,66.84720576674924,75.71878869337998,58.12487739141801,12.394324518317344,66.13822426614334,0.7093404125630971
PedNYC25,PedNYC25_scenario3,3,9.0,12.426505371059475,66.8145887402004,74.28717533434703,58.15614280650739,12.35242403681343,66.0111463863118,0.806850457089633
PedNYC25,PedNYC25_scenario3,3,10.0,12.513783471685061,66.92666018008043,72.75973857443965,58.19062043040423,12.316764553234467,65.89023763911304,1.0549825295485942
PedNYC25,PedNYC25_scenario3,3,11.0,12.546811539496876,66.96352672970049,71.14900878760906,58.22843511529002,12.298117628651637,65.76682766661018,1.2222672821002443
PedNYC25,PedNYC25_scenario3,3,12.0,12.54126032174313,66.89567894068922,69.46650860344094,58.26539078275968,12.275533799399877,65.63995512214044,1.2835314149437043
PedNYC25,PedNYC25_scenario3,3,13.0,12.550079008725675,66.87607578627112,67.71713626309703,58.29858044146094,12.264212850940591,65.50689227441624,1.3987075996440586
PedNYC25,PedNYC25_scenario3,3,14.0,12.55427863342532,66.87584556226217,65.90296669495717,58.33027794980501,12.253074744189252,65.36719636631224,1.538423277037662
PedNYC25,PedNYC25_scenario3,3,15.0,12.594355538257615,66.87376106484714,64.05475307103163,58.36124474910761,12.238204159562459,65.22009581584179,1.691582856473312
PedNYC25,PedNYC25_scenario3,3,16.0,12.630642032979651,66.86778012961278,62.31117193381586,58.389940796161596,12.221257721900564,65.08687809672129,1.8273498747953933
PedNYC25,PedNYC25_scenario3,3,17.0,12.62786284677288,66.85971385967908,60.72491368600901,58.41107827703309,12.210520740066558,64.9375583605288,1.9669408219221358
PedNYC25,PedNYC25_scenario3,3,18.0,12.569437640640965,66.85836193893928,59.26976626389691,58.426317036328925,12.216316590078806,64.77421327770804,2.113851962286406
PedNYC25,PedNYC25_scenario3,3,19.0,12.542292469980762,66.89606949989452,57.86139551951392,58.44546755097575,12.223647295560092,64.59526528084675,2.3227644739769953
PedNYC25,PedNYC25_scenario3,3,20.0,12.553045182834532,66.90370219718234,56.43644296228871,58.46591843497042,12.24015118710815,64.42209966934996,2.5012504390215855
PedNYC25,PedNYC25_scenario3,3,21.0,12.587884837116583,66.9039079593221,54.94121386387389,58.48831887804389,12.243589052277944,64.24093641369373,2.685136316890445
PedNYC25,PedNYC25_scenario3,3,22.0,12.561902180812224,66.90918376214947,53.32286672277372,58.50857576641408,12.24392872877585,64.047314684676,2.8794794204506458
PedNYC25,PedNYC25_scenario3,3,23.0,12.490876987476108,66.81579253609519,51.5357413509627,58.52442540776487,12.222025528957623,63.84337427459586,2.9845521319022397
PedNYC25,PedNYC25_scenario3,3,24.0,12.428283954226849,66.47212347251406,49.56137309528259,58.54135199115958,12.204685164394675,63.6403826403698,2.8405549738118876
PedNYC25,PedNYC25_scenario3,3,25.0,12.342984286492351,66.02736606276237,47.43043374330233,58.561658313019734,12.181612566275303,63.436560537534255,2.5958262849501943
PedNYC25,PedNYC25_scenario3,3,26.0,12.258017167908497,65.5409293036593,45.178992897211096,58.5824293691765,12.175792926923075,63.228394671234454,2.313995948996007
PedNYC25,PedNYC25_scenario3,3,27.0,12.221483744549959,64.98155996007024,42.84713424981592,58.601054112482,12.156888009186577,63.02381444102684,1.958810896018716
PedNYC25,PedNYC25_scenario3,3,28.0,12.203191616728438,64.42465220936005,40.49813022920525,58.61663836293749,12.13781868396215,62.82702226025918,1.5989668772687302
PedNYC25,PedNYC25_scenario3,3,29.0,12.234212251101992,63.87687206251356,38.225314151793405,58.62237514243284,12.119257345914345,62.638923661511384,1.2432742552512503
PedNYC25,PedNYC25_scenario3,3,30.0,12.219295030370358,63.267967359339124,36.14935335290258,58.61991666790982,12.089225605284328,62.430188463721635,0.8478157425315189
PedNYC25,PedNYC25_scenario3,3,31.0,12.222225508352867,62.67496314779384,34.30275321655372,58.61453150953706,12.04580785034371,62.219369860518,0.48855750272433757
PedNYC25,PedNYC25_scenario3,3,32.0,12.253100655016526,62.1719278693576,33.10790712313256,58.614214171880825,12.017601061965486,62.0065854671612,0.2877467085672434
PedNYC25,PedNYC25_scenario3,3,33.0,12.219114611857112,61.661853615837735,32.8422066403118,58.61463165283203,11.995714924773097,61.77927885403746,0.25238087636645007
PedNYC25,PedNYC25_scenario3,3,34.0,12.193513412853152,61.25783114366619,32.84141837803569,58.61463928222656,11.987137788406223,61.549282215226796,0.357119903505373
PedNYC25,PedNYC25_scenario3,3,35.0,12.144520380567657,60.857966166092915,32.841682146623434,58.6146354675293,11.960415352058593,61.30174894137763,0.48045583892979066
PedNYC25,PedNYC25_scenario3,3,36.0,12.011396133539419,60.41123840730858,32.826500770012764,58.61460967403209,11.936801733365876,61.05263001429119,0.6457147342635011
PedNYC25,PedNYC25_scenario3,3,37.0,11.870738376110786,60.02220417337129,32.691698069240935,58.614373473688545,11.917687983040256,60.8056605897223,0.7848619126396666
PedNYC25,PedNYC25_scenario3,3,38.0,11.811402676039402,59.419715584225386,32.40285979407344,58.61431652920081,11.882471286201639,60.54070809319085,1.1232430513949683
PedNYC25,PedNYC25_scenario3,3,39.0,11.761116696077622,58.78235977171294,31.982973559989958,58.61617158947414,11.84387932006759,60.27032245895279,1.4902625978490307
PedNYC25,PedNYC25_scenario3,3,40.0,11.682464324938014,58.0730370019626,31.543155495823715,58.62034606220874,11.809607051711323,59.991833761060406,1.9230044918552862
PedNYC25,PedNYC25_scenario3,3,41.0,11.573879273708828,57.288459565268,31.110162285441522,58.62635286630205,11.768616541728573,59.69591863009969,2.4153222874796803
PedNYC25,PedNYC25_scenario3,3,42.0,11.495574025421565,56.593378476373786,30.647161048027677,58.63270808811376,11.726864127060326,59.39470926477142,2.8108627318210657
PedNYC25,PedNYC25_scenario3,3,43.0,11.390052568456776,55.89437736754926,30.107807389975076,58.639499400463144,11.663960004571887,59.10174001897546,3.2190371947715777
PedNYC25,PedNYC25_scenario3,3,44.0,11.305305775989858,55.21025771017015,29.419405841346265,58.64693609934243,11.608968904508478,58.81283984827606,3.61535743148883
PedNYC25,PedNYC25_scenario3,3,45.0,11.196540603780656,54.37314842135961,28.534839573984662,58.65481377481893,11.568765709515368,58.52720072991103,4.17069563880183
PedNYC25,PedNYC25_scenario3,3,46.0,11.09074266251561,53.693434273247476,27.44331403414134,58.66582720795731,11.533969587178614,58.26069561911153,4.58871728353035
PedNYC25,PedNYC25_scenario3,3,47.0,10.919953893538375,53.08525305114143,26.15783903093263,58.68299588616874,11.506092858789213,58.02456104548411,4.97396444996975
PedNYC25,PedNYC25_scenario3,3,48.0,10.662917411018643,52.48000438297774,24.697786421361826,58.70128509086367,11.485415344437884,57.77483798214163,5.3583360937247795
PedNYC25,PedNYC25_scenario3,3,49.0,10.417261766923664,51.954482650852775,23.08023610936963,58.71073035538237,11.461331673113591,57.55001924188524,5.692109601070119
PedNYC25,PedNYC25_scenario3,3,50.0,10.113926791420633,51.381684172618336,21.39120287062325,58.7080459675136,11.424392426712235,57.30912048404586,6.070570105625154
PedNYC25,PedNYC25_scenario3,3,51.0,9.87207314760883,50.81525763447188,19.77463729701507,58.703624389102075,11.393147342192224,57.06200857552304,6.429273988947048
PedNYC25,PedNYC25_scenario3,3,52.0,9.607660570036057,50.257208697627355,18.29981202966962,58.710641013693326,11.360538084351477,56.79829956946881,6.7718866923391605
PedNYC25,PedNYC25_scenario3,3,53.0,9.36888021878665,49.75631178236074,16.96072813024756,58.7241095077732,11.330718263116886,56.55844822703328,7.079397483128341
PedNYC25,PedNYC25_scenario3,3,54.0,9.217340222863514,49.387721348546556,15.743083958375378,58.73142885554446,11.307482237333273,56.324815264808485,7.245133928623402
PedNYC25,PedNYC25_scenario3,3,55.0,8.930583791673623,48.69994940124527,14.62811497459469,58.734529487084096,11.28458549885055,56.083737475041794,7.749945184072702
PedNYC25,PedNYC25_scenario3,3,56.0,8.828615939421844,48.18353236001879,13.547758438848286,58.7344838240257,11.254296493625608,55.85650274464957,8.047260445298344
PedNYC25,PedNYC25_scenario3,3,57.0,8.80372740734616,47.745925006592444,12.45211402793932,58.73259407384916,11.23556336808437,55.632440777701554,8.252936274314267
PedNYC25,PedNYC25_scenario3,3,58.0,8.81526413808808,47.65332463324537,11.382960287446565,58.73553968481893,11.206254749645044,55.42095650472065,8.127296044522565
PedNYC25,PedNYC25_scenario3,3,59.0,8.829791815261554,47.677617086044776,10.406809162944645,58.74774838512499,11.178005625931636,55.20437226680471,7.884551455328212
PedNYC25,PedNYC25_scenario3,3,60.0,8.846232962953142,47.68159834844756,9.592817221108042,58.81690663534876,11.140610774795961,54.984121669761784,7.654476886229052
PedNYC25,PedNYC25_scenario3,3,61.0,8.872685578075693,47.68101503575592,9.061792755870508,58.94076414223408,11.113367745622678,54.7541313496344,7.419543851586629
PedNYC25,PedNYC25_scenario3,3,62.0,8.912073802414183,47.72083981090178,8.583262624803828,59.137802773088325,11.08118369543711,54.524348159738146,7.140921759877788
PedNYC25,PedNYC25_scenario3,3,63.0,8.895895693395286,47.74190169425458,7.965667350961871,59.52142277960763,11.040011502062624,54.301993610000565,6.901596811174428
PedNYC25,PedNYC25_scenario3,3,64.0,8.884671417383258,47.75094532957019,7.175058228711204,60.21842496279295,11.005142811503605,54.07831453195313,6.673230099175871
PedNYC25,PedNYC25_scenario3,3,65.0,8.848220646521703,47.7788308385826,6.345978714880444,61.34742842044539,10.969408230951403,53.843991321414435,6.425387805482531
PedNYC25,PedNYC25_scenario3,3,66.0,8.749366818477654,47.818696766881025,5.615474503785229,62.96234042599959,10.919934450901014,53.62194629683409,6.195891296159449
PedNYC25,PedNYC25_scenario3,3,67.0,8.705084318671291,47.8788516205664,4.984509993449266,64.99249323090798,10.872349309962622,53.40180454028852,5.9329627081201295
PedNYC25,PedNYC25_scenario3,3,68.0,8.715271685604758,47.89795672303474,4.299189415272246,67.29891613065439,10.839775810506213,53.174820411015624,5.688480303055863
PedNYC25,PedNYC25_scenario3,3,69.0,8.739599526202621,47.836057018240005,3.539964646485341,69.82846550490535,10.80263823940935,52.94790558699571,5.512451770499168
PedNYC25,PedNYC25_scenario3,3,70.0,8.807414493570386,47.82236363072956,2.9612448503827844,72.5708943145239,10.754687583816404,52.73440452688867,5.283939652715181
PedNYC25,PedNYC25_scenario3,3,71.0,8.826745220389467,47.865068541084945,2.7109379385430437,75.25472651292705,10.705596011871698,52.51816312263241,5.018104172043439
PedNYC25,PedNYC25_scenario3,3,72.0,8.814720703789956,47.82813518811743,2.7201884004112418,77.7073485616615,10.666076810425606,52.303823669748645,4.843480857625377
PedNYC25,PedNYC25_scenario3,3,73.0,8.78590758646929,47.81659624503241,2.8188940880524083,79.93032092039323,10.617806275956664,52.09942944628915,4.658166274225581
PedNYC25,PedNYC25_scenario3,3,74.0,8.778328666875794,47.83222431963103,2.890419437498325,81.64667385407219,10.558254839861148,51.9094682889872,4.448826313414531
PedNYC25,PedNYC25_scenario3,3,75.0,8.771117140917685,47.833125152861896,2.912329794856476,82.25566670181303,10.49329314398979,51.72015800196228,4.2514602850718095
PedNYC25,PedNYC25_scenario3,3,76.0,8.776924823871733,47.826856215680664,2.9124799707423135,82.25949454837985,10.421598117771682,51.53386686302356,4.0554750872347025
PedNYC25,PedNYC25_scenario3,3,77.0,8.781784419689702,47.821659621313536,2.912485122680664,82.25967336791301,10.36547497233664,51.3646083109909,3.8807938858215256
PedNYC25,PedNYC25_scenario3,3,78.0,8.78089066747001,47.818110802825075,2.912484884262085,82.25967407226562,10.314137825165174,51.19470573795078,3.708401300088334
PedNYC25,PedNYC25_scenario3,3,79.0,8.77178112651535,47.81633506107687,2.912484884262085,82.2596664428711,10.263108267878268,51.035697575513794,3.5480067139067426
PedNYC25,PedNYC25_scenario3,3,80.0,8.745580803487128,47.831178686238836,2.912484884262085,82.2596664428711,10.216120584567697,50.88353999089242,3.388125850951679
PedNYC25,PedNYC25_scenario3,3,81.0,8.760453058126505,47.826434483833076,2.9124847000707597,82.25966054874868,10.181103545811153,50.73382392162537,3.235917358515949
PedNYC25,PedNYC25_scenario3,3,82.0,8.79388424055186,47.81629124147357,2.912484884262085,82.2596664428711,10.150077321503812,50.59574917466868,3.0926761995435585
PedNYC25,PedNYC25_scenario3,3,83.0,8.825983245915866,47.82429152026695,2.912484884262085,82.2596664428711,10.116845742846648,50.477851939407216,2.950882729626892
PedNYC25,PedNYC25_scenario3,3,84.0,8.827849444372527,47.830475706411036,2.9124850554473807,82.2596664428711,10.081688694113655,50.3735500482852,2.8353729864852215
PedNYC25,PedNYC25_scenario3,3,85.0,8.798960857845032,47.83397315205703,2.912484645843506,82.25966225787919,10.055877438126233,50.26146705142527,2.7335994441863334
PedNYC25,PedNYC25_scenario3,3,86.0,8.780688357631574,47.85829904485068,2.9124847938175566,82.2596664428711,10.032075532827163,50.14457218615756,2.6063412552667042
PedNYC25,PedNYC25_scenario3,3,87.0,8.76678026561946,47.86092941626188,2.912484884262085,82.25967248107334,10.002030378404802,50.021585738126646,2.488830766112949
PedNYC25,PedNYC25_scenario3,3,88.0,8.771031362544292,47.84028002526755,2.912484884262085,82.2596664428711,9.962828495245988,49.91174460516371,2.389842235646603
PedNYC25,PedNYC25_scenario3,3,89.0,8.775403238311403,47.843992059464036,2.912485091058564,82.2596664428711,9.92461081441284,49.81107774803133,2.278180010257137
PedNYC25,PedNYC25_scenario3,3,90.0,8.790936051398818,47.85054438226313,2.912484884262085,82.2596664428711,9.894465369220978,49.7014141824783,2.154877252337495
PedNYC25,PedNYC25_scenario3,3,91.0,8.79466228766678,47.84068978788049,2.9124849967176325,82.25967004144862,9.855789245041223,49.597301828892924,2.0522368972164498
PedNYC25,PedNYC25_scenario3,3,92.0,8.805760553602196,47.82888924033216,2.9124847990188227,82.2596637150867,9.818162268388376,49.503386877594046,1.9567574119695155
PedNYC25,PedNYC25_scenario3,3,93.0,8.811397338757583,47.83001045975133,2.9124848391719738,82.25966499998754,9.790185807041123,49.41550570938268,1.8632826012842
PedNYC25,PedNYC25_scenario3,3,94.0,8.804626307945469,47.83312728595729,2.912485122680664,82.25966658695093,9.757152157180336,49.34033464995661,1.782969301910267
PedNYC25,PedNYC25_scenario3,3,95.0,8.8032706597133,47.82306987521771,2.9124850865692267,82.25967291669963,9.714225876263724,49.27683832001538,1.7155996320965614
PedNYC25,PedNYC25_scenario3,3,96.0,8.785971552152748,47.82977394758696,2.912484884262085,82.2596664428711,9.689209283037798,49.218054947257095,1.6562495381250637
PedNYC25,PedNYC25_scenario3,3,97.0,8.788610648728572,47.83282010331317,2.912484884262085,82.2596664428711,9.687039046515753,49.16696207389647,1.608449061556611
PedNYC25,PedNYC25_scenario3,3,98.0,8.790882667892403,47.842043084850374,2.9124849650028524,82.2596664428711,9.688251658094485,49.125887626728435,1.5663741290912565
PedNYC25,PedNYC25_scenario3,3,99.0,8.80590124334585,47.891462347403994,2.912484884262085,82.2596664428711,9.696355657293157,49.11189921703438,1.5107531949565587
PedNYC25,PedNYC25_scenario3,3,100.0,8.807153701782227,47.98464584350586,2.912484884262085,82.2596664428711,9.710407217343649,49.170472939809166,1.490655163242391
PedNYC26,PedNYC26_scenario3,3,0.0,12.584803581237791,67.10721588134766,84.68987274169922,58.0099983215332,12.644355590526875,66.97022012563852,0.14937964684884134
PedNYC26,PedNYC26_scenario3,3,1.0,12.608535731265256,67.22055173642505,84.68970616265811,58.00999669221685,12.622987694766106,66.90788473182705,0.3130008227038937
PedNYC26,PedNYC26_scenario3,3,2.0,12.680162934155877,67.23905203152715,84.6806093852104,58.010057490568805,12.596821088069001,66.82683139722191,0.42056119014500737
PedNYC26,PedNYC26_scenario3,3,3.0,12.727228502465687,67.21200402605089,84.63115606322921,58.010487450955374,12.560676793733327,66.72955245920404,0.5103910128858534
PedNYC26,PedNYC26_scenario3,3,4.0,12.74121946756118,67.18623117009858,84.49834173800113,58.01187750620093,12.531638175909732,66.62027026050276,0.6035197337294056
PedNYC26,PedNYC26_scenario3,3,5.0,12.785336150563113,67.14312811225447,84.25514485349065,58.01470779094899,12.509014245331464,66.50484030822167,0.6955322538084499
PedNYC26,PedNYC26_scenario3,3,6.0,12.80915455807225,67.11762431339042,83.90035811535188,58.01945883098469,12.474154817642049,66.38037874399632,0.8097875373698583
PedNYC26,PedNYC26_scenario3,3,7.0,12.749551899598206,67.19334865565119,83.44256585443506,58.0268817313241,12.441585782199857,66.26103690822887,0.9818596253268947
PedNYC26,PedNYC26_scenario3,3,8.0,12.647703931442178,67.19081643725292,82.89328060794757,58.03970976637676,12.394324518317344,66.13822426614334,1.0826594135168575
PedNYC26,PedNYC26_scenario3,3,9.0,12.604892876515091,67.11532767889497,82.23987144401501,58.05584214666377,12.35242403681343,66.0111463863118,1.1326768479628073
PedNYC26,PedNYC26_scenario3,3,10.0,12.615742878038056,67.06811614912384,81.46140051471944,58.07633126706493,12.316764553234467,65.89023763911304,1.2152307694621713
PedNYC26,PedNYC26_scenario3,3,11.0,12.630481842001176,67.05326687399153,80.54445985438439,58.101976743328784,12.298117628651637,65.76682766661018,1.3286804749838885
PedNYC26,PedNYC26_scenario3,3,12.0,12.684380405752089,66.99366483324444,79.47384946025191,58.13611470962163,12.275533799399877,65.63995512214044,1.4141023758777165
PedNYC26,PedNYC26_scenario3,3,13.0,12.725000303363558,66.98011094187669,78.24111667054062,58.17564406914706,12.264212850940591,65.50689227441624,1.5435991443585257
PedNYC26,PedNYC26_scenario3,3,14.0,12.750443925563776,66.98989509985297,76.84256180498899,58.21451354935878,12.253074744189252,65.36719636631224,1.6972116198093428
PedNYC26,PedNYC26_scenario3,3,15.0,12.691415892784265,66.97670535339505,75.28763395801774,58.26164382614943,12.238204159562459,65.22009581584179,1.81413283486987
PedNYC26,PedNYC26_scenario3,3,16.0,12.639531733461972,66.98538317354524,73.5904268400456,58.31720847403878,12.221257721900564,65.08687809672129,1.9440356672329837
PedNYC26,PedNYC26_scenario3,3,17.0,12.605139621057292,67.01297614667288,71.78618541336847,58.382540218978455,12.210520740066558,64.9375583605288,2.1126010149286594
PedNYC26,PedNYC26_scenario3,3,18.0,12.611666586928822,67.01051696972519,69.93825335450815,58.45876833867556,12.216316590078806,64.77421327770804,2.2709812467166746
PedNYC26,PedNYC26_scenario3,3,19.0,12.620484215578859,67.00236744206242,68.0990714723054,58.5312192727917,12.223647295560092,64.59526528084675,2.4395943014401302
PedNYC26,PedNYC26_scenario3,3,20.0,12.63364011496434,67.00225218498491,66.28431427098444,58.58326937441649,12.24015118710815,64.42209966934996,2.609984777787559
PedNYC26,PedNYC26_scenario3,3,21.0,12.639600256816902,67.00833362752,64.49067307387323,58.60949567722035,12.243589052277944,64.24093641369373,2.795587990604804
PedNYC26,PedNYC26_scenario3,3,22.0,12.643456814815005,67.01576502117483,62.712245785568356,58.62816250986524,12.24392872877585,64.047314684676,2.9952162011771613
PedNYC26,PedNYC26_scenario3,3,23.0,12.67367902801192,67.00366949247935,60.946789007135116,58.647835765120696,12.222025528957623,63.84337427459586,3.19240610627552
PedNYC26,PedNYC26_scenario3,3,24.0,12.697324270566318,66.99679917963213,59.1916765219776,58.66906517006448,12.204685164394675,63.6403826403698,3.3923775252709327
PedNYC26,PedNYC26_scenario3,3,25.0,12.701579642521988,67.00297672538176,57.44189803655365,58.67766105286906,12.181612566275303,63.436560537534255,3.6041212778319807
PedNYC26,PedNYC26_scenario3,3,26.0,12.680682182302418,67.02792467845198,55.675676458244915,58.67457495618394,12.175792926923075,63.228394671234454,3.832928571724749
PedNYC26,PedNYC26_scenario3,3,27.0,12.668072378247977,67.03546414101456,53.888375869530584,58.66684153412544,12.156888009186577,63.02381444102684,4.044087384637505
PedNYC26,PedNYC26_scenario3,3,28.0,12.681531474987095,67.01744563829422,52.06440098612567,58.65669964411232,12.13781868396215,62.82702226025918,4.225549867923315
PedNYC26,PedNYC26_scenario3,3,29.0,12.641770925456324,66.96321447442726,50.1733182082334,58.64587874158184,12.119257345914345,62.638923661511384,4.355744652235072
PedNYC26,PedNYC26_scenario3,3,30.0,12.594431482000363,66.75387264261423,48.20563768225458,58.636273510404656,12.089225605284328,62.430188463721635,4.353099798611849
PedNYC26,PedNYC26_scenario3,3,31.0,12.534384620944191,66.51336030318086,46.17098759687369,58.62934616201806,12.04580785034371,62.219369860518,4.321696562977366
PedNYC26,PedNYC26_scenario3,3,32.0,12.434801089375192,66.23395526759704,44.09095828545017,58.62932229958246,12.017601061965486,62.0065854671612,4.24790669536274
PedNYC26,PedNYC26_scenario3,3,33.0,12.404477719841815,65.96661491447746,42.00023970832912,58.631410370211206,11.995714924773097,61.77927885403746,4.207240224386243
PedNYC26,PedNYC26_scenario3,3,34.0,12.488376816660818,65.65192333748378,39.92104417299163,58.62640377280198,11.987137788406223,61.549282215226796,4.133147074745786
PedNYC26,PedNYC26_scenario3,3,35.0,12.479708514208749,65.32402843455547,37.868930373390924,58.60747694638578,11.960415352058593,61.30174894137763,4.0556624254854965
PedNYC26,PedNYC26_scenario3,3,36.0,12.388884630734132,64.97393575518663,35.88737742720155,58.57376769676695,11.936801733365876,61.05263001429119,3.947279779756234
PedNYC26,PedNYC26_scenario3,3,37.0,12.396242228754067,64.65863465780909,34.00097073803988,58.52920155377455,11.917687983040256,60.8056605897223,3.8825794693013
PedNYC26,PedNYC26_scenario3,3,38.0,12.46182837345688,64.34487332350608,32.238205346078296,58.49311160857792,11.882471286201639,60.54070809319085,3.848029071367859
PedNYC26,PedNYC26_scenario3,3,39.0,12.490427938189217,64.05140262736641,30.58659435133195,58.47036650704346,11.84387932006759,60.27032245895279,3.835960421532759
PedNYC26,PedNYC26_scenario3,3,40.0,12.484745189724862,63.74885840025329,29.009935058962164,58.45002564366914,11.809607051711323,59.991833761060406,3.817203904024884
PedNYC26,PedNYC26_scenario3,3,41.0,12.496388788347993,63.417755355553524,27.479070977857646,58.431561688993064,11.768616541728573,59.69591863009969,3.7923239647854974
PedNYC26,PedNYC26_scenario3,3,42.0,12.479755195957315,63.13183260156058,25.983903088630406,58.40730280384474,11.726864127060326,59.39470926477142,3.8122087817955355
PedNYC26,PedNYC26_scenario3,3,43.0,12.425499653201534,62.85659584627888,24.473217423571032,58.36657906984496,11.663960004571887,59.10174001897546,3.8313032926498245
PedNYC26,PedNYC26_scenario3,3,44.0,12.442379148883111,62.61575553579527,22.963887507774476,58.31522080152524,11.608968904508478,58.81283984827606,3.8931658533651365
PedNYC26,PedNYC26_scenario3,3,45.0,12.51367624873402,62.36676945960579,21.55790218716541,58.279622020390605,11.568765709515368,58.52720072991103,3.9541299873899347
PedNYC26,PedNYC26_scenario3,3,46.0,12.525285655147538,62.16744971516395,20.26484684161299,58.260919011584825,11.533969587178614,58.26069561911153,4.030562629911079
PedNYC26,PedNYC26_scenario3,3,47.0,12.460768434412008,61.98739891162443,19.076655600522564,58.246409721067494,11.506092858789213,58.02456104548411,4.076210177113819
PedNYC26,PedNYC26_scenario3,3,48.0,12.450361478261403,61.902505136355835,17.985004850672812,58.20020884854337,11.485415344437884,57.77483798214163,4.23895708602479
PedNYC26,PedNYC26_scenario3,3,49.0,12.480900206133537,61.862331009593866,16.962841776645902,58.117005348793,11.461331673113591,57.55001924188524,4.431202181738355
PedNYC26,PedNYC26_scenario3,3,50.0,12.492777146054769,61.84286167273884,15.977133133856332,58.02596898323225,11.424392426712235,57.30912048404586,4.6579239017587915
PedNYC26,PedNYC26_scenario3,3,51.0,12.49519923827523,61.83664332030579,14.979194149761877,57.95473925160997,11.393147342192224,57.06200857552304,4.900168908083353
PedNYC26,PedNYC26_scenario3,3,52.0,12.4879749776028,61.832320768458686,13.929156193821875,57.92979981021536,11.360538084351477,56.79829956946881,5.1587288531326845
PedNYC26,PedNYC26_scenario3,3,53.0,12.478983003945281,61.82936757876792,12.791699168293196,57.97665437958628,11.330718263116886,56.55844822703328,5.3945437923443
PedNYC26,PedNYC26_scenario3,3,54.0,12.44369694342864,61.82338219197189,11.558987722721687,58.10912103524115,11.307482237333273,56.324815264808485,5.614732594776225
PedNYC26,PedNYC26_scenario3,3,55.0,12.44032246322482,61.813635648515614,10.236761159759556,58.36357286381884,11.28458549885055,56.083737475041794,5.845293919829838
PedNYC26,PedNYC26_scenario3,3,56.0,12.455556392769568,61.789420855216115,8.875328198878616,58.81502322242095,11.254296493625608,55.85650274464957,6.05330840549033
PedNYC26,PedNYC26_scenario3,3,57.0,12.510962903236706,61.7428518838937,7.560697947900411,59.52042843321735,11.23556336808437,55.632440777701554,6.242096431563928
PedNYC26,PedNYC26_scenario3,3,58.0,12.527597637406993,61.64935315418202,6.372864774976065,60.505870561227205,11.206254749645044,55.42095650472065,6.367014359184433
PedNYC26,PedNYC26_scenario3,3,59.0,12.533797059343234,61.47611913072984,5.374175668968881,61.75212723448591,11.178005625931636,55.20437226680471,6.416617421669067
PedNYC26,PedNYC26_scenario3,3,60.0,12.583419734270988,61.31451817847217,4.612193761233277,63.23049004406631,11.140610774795961,54.984121669761784,6.4927357601425655
PedNYC26,PedNYC26_scenario3,3,61.0,12.623195066980802,61.04458016717554,4.112356048730131,64.90114488429488,11.113367745622678,54.7541313496344,6.469105414694073
PedNYC26,PedNYC26_scenario3,3,62.0,12.517632062691863,60.853299244132096,3.7925585721461577,66.71804112701571,11.08118369543711,54.524348159738146,6.489915695942451
PedNYC26,PedNYC26_scenario3,3,63.0,12.400580906305526,60.625649746976535,3.4888019444810956,68.64434963825475,11.040011502062624,54.301993610000565,6.468367339791064
PedNYC26,PedNYC26_scenario3,3,64.0,12.433514777570126,60.3532043757251,3.1605863460192887,70.67097401415833,11.005142811503605,54.07831453195313,6.435409002147207
PedNYC26,PedNYC26_scenario3,3,65.0,12.470513359431443,60.06345965430755,2.8807676622784313,72.81236070843619,10.969408230951403,53.843991321414435,6.3980546223527455
PedNYC26,PedNYC26_scenario3,3,66.0,12.419384446567168,59.79810458465909,2.726476181083637,75.07598678827536,10.919934450901014,53.62194629683409,6.355570901639971
PedNYC26,PedNYC26_scenario3,3,67.0,12.339871415885037,59.49864604816245,2.7292919674482365,77.46329704583972,10.872349309962622,53.40180454028852,6.270972612243284
PedNYC26,PedNYC26_scenario3,3,68.0,12.31881701482297,59.12492272042474,2.8651428016145193,79.9554117685365,10.839775810506213,53.174820411015624,6.131172838576848
PedNYC26,PedNYC26_scenario3,3,69.0,12.285202852433438,58.74080719102278,3.0508220776479247,82.52290034550039,10.80263823940935,52.94790558699571,5.979607581249015
PedNYC26,PedNYC26_scenario3,3,70.0,12.245139145556733,58.42342203610658,3.224977017853963,85.13912763148825,10.754687583816404,52.73440452688867,5.881017435621337
PedNYC26,PedNYC26_scenario3,3,71.0,12.261281937232523,57.98206670118331,3.3618890951607425,87.78131301818115,10.705596011871698,52.51816312263241,5.681056329070068
PedNYC26,PedNYC26_scenario3,3,72.0,12.254818766444902,57.52902405644806,3.46483458013202,90.36461156572615,10.666076810425606,52.303823669748645,5.4613936027336205
PedNYC26,PedNYC26_scenario3,3,73.0,12.187677646891943,57.09868472716355,3.540011749691898,92.76977095399904,10.617806275956664,52.09942944628915,5.239947469644404
PedNYC26,PedNYC26_scenario3,3,74.0,12.172671927660252,56.66482119452883,3.5914183265181268,94.7076602355476,10.558254839861148,51.9094682889872,5.021924311418974
PedNYC26,PedNYC26_scenario3,3,75.0,12.138809740059381,56.24443659307932,3.6152743621318226,95.71385732208216,10.49329314398979,51.72015800196228,4.814231157514191
PedNYC26,PedNYC26_scenario3,3,76.0,12.056360401834834,55.80309039393445,3.6180329343571893,95.8335953644419,10.421598117771682,51.53386686302356,4.57151148771154
PedNYC26,PedNYC26_scenario3,3,77.0,12.03238466546809,55.37201978275394,3.618048107448558,95.83432997534052,10.36547497233664,51.3646083109909,4.340268958149202
PedNYC26,PedNYC26_scenario3,3,78.0,12.004290549703892,54.9327672887333,3.6180496215820312,95.83439636230467,10.314137825165174,51.19470573795078,4.102404220661868
PedNYC26,PedNYC26_scenario3,3,79.0,11.94768342939727,54.48657569212142,3.6180496215820312,95.83439217064831,10.263108267878268,51.035697575513794,3.840098078238128
PedNYC26,PedNYC26_scenario3,3,80.0,11.948299405718332,54.05745329162454,3.6180496215820312,95.83438873291016,10.216120584567697,50.88353999089242,3.615822051623537
PedNYC26,PedNYC26_scenario3,3,81.0,11.914998035879497,53.599866369070845,3.6180496215820312,95.83438873291016,10.181103545811153,50.73382392162537,3.3497148256603277
PedNYC26,PedNYC26_scenario3,3,82.0,11.806831925336754,53.18163331069327,3.6180496215820312,95.83438797888199,10.150077321503812,50.59574917466868,3.071096316018969
PedNYC26,PedNYC26_scenario3,3,83.0,11.761143557366779,52.76420030368817,3.6180496215820312,95.83438873291016,10.116845742846648,50.477851939407216,2.8162216080567726
PedNYC26,PedNYC26_scenario3,3,84.0,11.59347772316651,52.354786845520906,3.61804981231598,95.83439483639653,10.081688694113655,50.3735500482852,2.4921487345432167
PedNYC26,PedNYC26_scenario3,3,85.0,11.38725143035211,51.994892242318734,3.6180494427672376,95.83438491815791,10.055877438126233,50.26146705142527,2.185708031645469
PedNYC26,PedNYC26_scenario3,3,86.0,11.271499852155419,51.607288041845884,3.6180496215820312,95.8343940779328,10.032075532827163,50.14457218615756,1.9172142076002707
PedNYC26,PedNYC26_scenario3,3,87.0,11.13829674504207,51.215314486970435,3.6180496215820312,95.83438873291016,10.002030378404802,50.021585738126646,1.648056304185999
PedNYC26,PedNYC26_scenario3,3,88.0,10.945664161528537,50.87573640005458,3.6180496215820312,95.83438873291016,9.962828495245988,49.91174460516371,1.3766793844370502
PedNYC26,PedNYC26_scenario3,3,89.0,10.789272227106759,50.527797792831784,3.6180496215820312,95.83438910988758,9.92461081441284,49.81107774803133,1.12308814490253
PedNYC26,PedNYC26_scenario3,3,90.0,10.600369975330084,50.246625948096614,3.6180496215820312,95.83438873291016,9.894465369220978,49.7014141824783,0.8919401225949473
PedNYC26,PedNYC26_scenario3,3,91.0,10.351579550389275,50.0512531962088,3.6180496215820312,95.83438873291016,9.855789245041223,49.597301828892924,0.6722201058917132
PedNYC26,PedNYC26_scenario3,3,92.0,10.133871078159466,49.903267787478256,3.6180496215820312,95.83438873291016,9.818162268388376,49.503386877594046,0.5094867953705005
PedNYC26,PedNYC26_scenario3,3,93.0,9.996216105744661,49.775727195817645,3.6180496215820312,95.83438757954387,9.790185807041123,49.41550570938268,0.41497952151074374
PedNYC26,PedNYC26_scenario3,3,94.0,9.877477516900925,49.68549355461484,3.6180496215820312,95.83438873291016,9.757152157180336,49.34033464995661,0.3655309311901746
PedNYC26,PedNYC26_scenario3,3,95.0,9.685774950364591,49.63283002538061,3.6180496215820312,95.83438873291016,9.714225876263724,49.27683832001538,0.35712679747306225
PedNYC26,PedNYC26_scenario3,3,96.0,9.543952561270661,49.4443778442396,3.6180496215820312,95.83438722492714,9.689209283037798,49.218054947257095,0.26892669803700714
PedNYC26,PedNYC26_scenario3,3,97.0,9.571613430585096,49.32015600403973,3.6180496215820312,95.83438873291016,9.687039046515753,49.16696207389647,0.19181098259930207
PedNYC26,PedNYC26_scenario3,3,98.0,9.559509742677523,49.32554859635167,3.6180496215820312,95.83439636230467,9.688251658094485,49.125887626728435,0.23756890279689338
PedNYC26,PedNYC26_scenario3,3,99.0,9.517454704134282,49.393492390693986,3.6180496215820312,95.83438873291016,9.696355657293157,49.11189921703438,0.3336169457519273
PedNYC26,PedNYC26_scenario3,3,100.0,9.513811111450195,49.48469161987305,3.6180496215820312,95.83438873291016,9.710407217343649,49.170472939809166,0.3706526780606848
PedNYC28,PedNYC28_scenario3,3,0.0,12.696974754333496,66.91023254394531,42.87148284912109,57.51835632324219,12.644355590526875,66.97022012563852,0.07979527778701727
PedNYC28,PedNYC28_scenario3,3,1.0,12.699473135120696,66.84882003499092,41.950947145027286,57.5312655209732,12.622987694766106,66.90788473182705,0.09663674766143386
PedNYC28,PedNYC28_scenario3,3,2.0,12.69108117376808,66.77610698424475,41.02205593841352,57.546060951821985,12.596821088069001,66.82683139722191,0.107041720034177
PedNYC28,PedNYC28_scenario3,3,3.0,12.659781957919689,66.68585345502532,40.08434174758104,57.56234796049433,12.560676793733327,66.72955245920404,0.10831175621610771
PedNYC28,PedNYC28_scenario3,3,4.0,12.614890279819841,66.58826319306002,39.13907593184729,57.57964910113599,12.531638175909732,66.62027026050276,0.08919285381544984
PedNYC28,PedNYC28_scenario3,3,5.0,12.562848958417888,66.47410488224887,38.18527158756336,57.59720376309385,12.509014245331464,66.50484030822167,0.06199066657834457
PedNYC28,PedNYC28_scenario3,3,6.0,12.521656689743,66.36117417709323,37.224756585713536,57.613496600698674,12.474154817642049,66.38037874399632,0.05123712758371853
PedNYC28,PedNYC28_scenario3,3,7.0,12.499022561157018,66.2298621522697,36.25854182945005,57.62611030344926,12.441585782199857,66.26103690822887,0.0653517328468621
PedNYC28,PedNYC28_scenario3,3,8.0,12.49227663835157,66.09513259114236,35.29370393493796,57.63456745893122,12.394324518317344,66.13822426614334,0.10701172960750331
PedNYC28,PedNYC28_scenario3,3,9.0,12.491127450820926,65.96260392130878,34.33819748647129,57.637073335188916,12.35242403681343,66.0111463863118,0.14695240034073395
PedNYC28,PedNYC28_scenario3,3,10.0,12.494655331046665,65.8286954582063,33.39605900621099,57.633157093588665,12.316764553234467,65.89023763911304,0.18823540809684822
PedNYC28,PedNYC28_scenario3,3,11.0,12.50243382150537,65.68031810242353,32.466614503861855,57.6245969332768,12.298117628651637,65.76682766661018,0.22187611714199687
PedNYC28,PedNYC28_scenario3,3,12.0,12.516800456939329,65.5158043931985,31.54994371248797,57.6118983957061,12.275533799399877,65.63995512214044,0.27133559209413455
PedNYC28,PedNYC28_scenario3,3,13.0,12.525439545184149,65.38260360852671,30.64559756033437,57.59514686698109,12.264212850940591,65.50689227441624,0.28928715535608923
PedNYC28,PedNYC28_scenario3,3,14.0,12.53501720662521,65.22891017001245,29.753739976264807,57.57475569100266,12.253074744189252,65.36719636631224,0.31402965498741436
PedNYC28,PedNYC28_scenario3,3,15.0,12.547495150047178,65.05778477525388,28.88393906720385,57.55172307006172,12.238204159562459,65.22009581584179,0.34929327318422315
PedNYC28,PedNYC28_scenario3,3,16.0,12.559060727904225,64.89030820431327,28.042971694683086,57.52659923232536,12.221257721900564,65.08687809672129,0.390833204150326
PedNYC28,PedNYC28_scenario3,3,17.0,12.56320103499217,64.71463201904955,27.233112648244543,57.49997076731001,12.210520740066558,64.9375583605288,0.41722840765477676
PedNYC28,PedNYC28_scenario3,3,18.0,12.554937718889539,64.53974453280513,26.453306769868323,57.4720732577586,12.216316590078806,64.77421327770804,0.4118735985874814
PedNYC28,PedNYC28_scenario3,3,19.0,12.545835017616564,64.37224222266379,25.703180059690848,57.44407058548971,12.223647295560092,64.59526528084675,0.39184718032061816
PedNYC28,PedNYC28_scenario3,3,20.0,12.540334320068359,64.22373657226562,24.981267166137695,57.418260955810545,12.24015118710815,64.42209966934996,0.35980248970608497
PedNYC28,PedNYC28_scenario3,3,21.0,12.53265915693568,64.04961177651624,24.286128742724063,57.39548142716295,12.243589052277944,64.24093641369373,0.3466506053621303
PedNYC28,PedNYC28_scenario3,3,22.0,12.52357742965545,63.87050812238986,23.61768135239056,57.37501993723951,12.24392872877585,64.047314684676,0.3308533759402947
PedNYC28,PedNYC28_scenario3,3,23.0,12.51213404272438,63.684601643446435,22.973953076739573,57.356577085184234,12.222025528957623,63.84337427459586,0.3307139219356635
PedNYC28,PedNYC28_scenario3,3,24.0,12.494689747561003,63.51565209991347,22.354669423634682,57.33999730745312,12.204685164394675,63.6403826403698,0.3156903007379294
PedNYC28,PedNYC28_scenario3,3,25.0,12.470254354679,63.36647870402812,21.758386129671514,57.32511282803398,12.181612566275303,63.436560537534255,0.2970278529035048
PedNYC28,PedNYC28_scenario3,3,26.0,12.434843401956847,63.22126209435569,21.184730758283216,57.31188506412314,12.175792926923075,63.228394671234454,0.2591486489799913
PedNYC28,PedNYC28_scenario3,3,27.0,12.387607154532775,63.07547701110422,20.632755773888245,57.30035609972069,12.156888009186577,63.02381444102684,0.23643253831966476
PedNYC28,PedNYC28_scenario3,3,28.0,12.340380987166352,62.91749603841132,20.104926044898676,57.29033977741866,12.13781868396215,62.82702226025918,0.22184902797288616
PedNYC28,PedNYC28_scenario3,3,29.0,12.31993809091554,62.78059785686279,19.61798277671131,57.28190983918493,12.119257345914345,62.638923661511384,0.24565084783632057
PedNYC28,PedNYC28_scenario3,3,30.0,12.328450383197476,62.64880567545252,19.190661097248732,57.27510019906382,12.089225605284328,62.430188463721635,0.32407094845509093
PedNYC28,PedNYC28_scenario3,3,31.0,12.355404949385722,62.50935105895043,18.843672247468632,57.27001281013942,12.04580785034371,62.219369860518,0.42419271467051034
PedNYC28,PedNYC28_scenario3,3,32.0,12.371163902052452,62.40951940811536,18.60325876851277,57.26673331042571,12.017601061965486,62.0065854671612,0.5360619765131721
PedNYC28,PedNYC28_scenario3,3,33.0,12.376715616096432,62.30320916027153,18.48760755846675,57.26523932154047,11.995714924773097,61.77927885403746,0.6478151685314156
PedNYC28,PedNYC28_scenario3,3,34.0,12.371341201353315,62.19532142809117,18.473443203385425,57.2650584436146,11.987137788406223,61.549282215226796,0.7516508012891447
PedNYC28,PedNYC28_scenario3,3,35.0,12.352252777811945,62.08589373324496,18.473049602587356,57.26505279541016,11.960415352058593,61.30174894137763,0.8765954727430815
PedNYC28,PedNYC28_scenario3,3,36.0,12.325894321365954,61.96719432017211,18.472833467150952,57.265045166015625,11.936801733365876,61.05263001429119,0.9938918007650798
PedNYC28,PedNYC28_scenario3,3,37.0,12.300170193367265,61.84220682416644,18.472762238119735,57.265045166015625,11.917687983040256,60.8056605897223,1.1048623160181348
PedNYC28,PedNYC28_scenario3,3,38.0,12.285075607887231,61.735467396778624,18.472745371390435,57.265045166015625,11.882471286201639,60.54070809319085,1.2607696194584703
PedNYC28,PedNYC28_scenario3,3,39.0,12.27799635683563,61.62503629001989,18.472740173339844,57.265045166015625,11.84387932006759,60.27032245895279,1.4225706188786438
PedNYC28,PedNYC28_scenario3,3,40.0,12.289564584211437,61.50667718795595,18.472740173339844,57.26504285483657,11.809607051711323,59.991833761060406,1.5890594202270216
PedNYC28,PedNYC28_scenario3,3,41.0,12.310319826684841,61.364824292485295,18.472740173339844,57.265045166015625,11.768616541728573,59.69591863009969,1.7546192062311257
PedNYC28,PedNYC28_scenario3,3,42.0,12.3190628663162,61.16989828593477,18.472740173339844,57.265045166015625,11.726864127060326,59.39470926477142,1.8713619125212357
PedNYC28,PedNYC28_scenario3,3,43.0,12.307697825148878,60.97637890288563,18.472740173339844,57.265045166015625,11.663960004571887,59.10174001897546,1.9820871138043266
PedNYC28,PedNYC28_scenario3,3,44.0,12.278836792798476,60.73865630796498,18.472740173339844,57.265045166015625,11.608968904508478,58.81283984827606,2.0389928945856717
PedNYC28,PedNYC28_scenario3,3,45.0,12.267286975881031,60.51996342546231,18.472740173339844,57.265045166015625,11.568765709515368,58.52720072991103,2.1116427539586056
PedNYC28,PedNYC28_scenario3,3,46.0,12.26915251538645,60.30093065821133,18.472740173339844,57.265045166015625,11.533969587178614,58.26069561911153,2.168652335598955
PedNYC28,PedNYC28_scenario3,3,47.0,12.276287236366956,60.11530196919581,18.472740173339844,57.265045166015625,11.506092858789213,58.02456104548411,2.228092679700559
PedNYC28,PedNYC28_scenario3,3,48.0,12.26252099879866,59.82569652662395,18.472740173339844,57.265045166015625,11.485415344437884,57.77483798214163,2.19315160614027
PedNYC28,PedNYC28_scenario3,3,49.0,12.23754838687816,59.56492112988952,18.472740173339844,57.26504242690253,11.461331673113591,57.55001924188524,2.1592457027885192
PedNYC28,PedNYC28_scenario3,3,50.0,12.203091056333259,59.27929110126791,18.472740173339844,57.265045166015625,11.424392426712235,57.30912048404586,2.1184767680431986
PedNYC28,PedNYC28_scenario3,3,51.0,12.19170280592234,59.04678250989615,18.472739641121592,57.265045166015625,11.393147342192224,57.06200857552304,2.139396737218259
PedNYC28,PedNYC28_scenario3,3,52.0,12.202717291571203,58.765302092329904,18.472740173339844,57.265045166015625,11.360538084351477,56.79829956946881,2.1397113688568266
PedNYC28,PedNYC28_scenario3,3,53.0,12.215009391541175,58.520401877880396,18.472740173339844,57.265045166015625,11.330718263116886,56.55844822703328,2.152029955154487
PedNYC28,PedNYC28_scenario3,3,54.0,12.21091576710443,58.27802961121207,18.472740173339844,57.265045166015625,11.307482237333273,56.324815264808485,2.15203123251303
PedNYC28,PedNYC28_scenario3,3,55.0,12.191921615646407,58.04465613788789,18.472740173339844,57.265045166015625,11.28458549885055,56.083737475041794,2.1606621279460407
PedNYC28,PedNYC28_scenario3,3,56.0,12.155831981701699,57.76546197402748,18.472740173339844,57.265045166015625,11.254296493625608,55.85650274464957,2.1111351391343263
PedNYC28,PedNYC28_scenario3,3,57.0,12.135071569124385,57.522278232516726,18.472740173339844,57.265045009514616,11.23556336808437,55.632440777701554,2.0929884398535346
PedNYC28,PedNYC28_scenario3,3,58.0,12.124762319776421,57.24161798668064,18.472740173339844,57.265045166015625,11.206254749645044,55.42095650472065,2.0392313228962977
PedNYC28,PedNYC28_scenario3,3,59.0,12.117383282765498,56.97746244863185,18.472740173339844,57.265045166015625,11.178005625931636,55.20437226680471,2.0065590385160523
PedNYC28,PedNYC28_scenario3,3,60.0,12.093805970859627,56.720785280063005,18.472740173339844,57.265045166015625,11.140610774795961,54.984121669761784,1.9810556723987647
PedNYC28,PedNYC28_scenario3,3,61.0,12.058084571930754,56.4926113258629,18.472740173339844,57.265045166015625,11.113367745622678,54.7541313496344,1.9785859874306861
PedNYC28,PedNYC28_scenario3,3,62.0,12.009907721966929,56.270321947145106,18.472740173339844,57.265045166015625,11.08118369543711,54.524348159738146,1.9776129003841894
PedNYC28,PedNYC28_scenario3,3,63.0,11.959701931385753,55.99103308940366,18.472740173339844,57.265045166015625,11.040011502062624,54.301993610000565,1.9231965185000808
PedNYC28,PedNYC28_scenario3,3,64.0,11.938023906431555,55.72239054169652,18.472740173339844,57.265045166015625,11.005142811503605,54.07831453195313,1.890305018532117
PedNYC28,PedNYC28_scenario3,3,65.0,11.929038897006508,55.46799885089031,18.47274055061694,57.26504592056982,10.969408230951403,53.843991321414435,1.8863434128036445
PedNYC28,PedNYC28_scenario3,3,66.0,11.907794224018721,55.2162614506827,18.472740173339844,57.265045166015625,10.919934450901014,53.62194629683409,1.8755553154027451
PedNYC28,PedNYC28_scenario3,3,67.0,11.86529520361225,54.947001461337166,18.47272703228799,57.265045166015625,10.872349309962622,53.40180454028852,1.8367294500099525
PedNYC28,PedNYC28_scenario3,3,68.0,11.818597281856517,54.7174448183082,18.47269528566717,57.265045166015625,10.839775810506213,53.174820411015624,1.8269596423432986
PedNYC28,PedNYC28_scenario3,3,69.0,11.773670935898068,54.46102395541505,18.472779376388246,57.265045166015625,10.80263823940935,52.94790558699571,1.7978964637871009
PedNYC28,PedNYC28_scenario3,3,70.0,11.7498631370547,54.23128026699175,18.472783680454278,57.265045166015625,10.754687583816404,52.73440452688867,1.7975014222726804
PedNYC28,PedNYC28_scenario3,3,71.0,11.740104525116642,53.982255726272065,18.47236134735996,57.26503845326646,10.705596011871698,52.51816312263241,1.7927004813991134
PedNYC28,PedNYC28_scenario3,3,72.0,11.72663568062045,53.73152140134279,18.464735413646043,57.26494576591763,10.666076810425606,52.303823669748645,1.7785122799542399
PedNYC28,PedNYC28_scenario3,3,73.0,11.693640594394447,53.495671454902364,18.439263962730227,57.26461339259671,10.617806275956664,52.09942944628915,1.7626432501628775
PedNYC28,PedNYC28_scenario3,3,74.0,11.646322925652058,53.238549840071315,18.387642395894535,57.26397513928787,10.558254839861148,51.9094682889872,1.7176582689082407
PedNYC28,PedNYC28_scenario3,3,75.0,11.608249646883174,53.005559676763326,18.303868773554825,57.262996866444944,10.49329314398979,51.72015800196228,1.7015832242137237
PedNYC28,PedNYC28_scenario3,3,76.0,11.588436591457315,52.761971221555406,18.18243654928548,57.26161416210479,10.421598117771682,51.53386686302356,1.6940343382345975
PedNYC28,PedNYC28_scenario3,3,77.0,11.58197025404644,52.51131496785565,18.021473876657303,57.25986922833609,10.36547497233664,51.3646083109909,1.6717646148067988
PedNYC28,PedNYC28_scenario3,3,78.0,11.57622484956603,52.270330170932134,17.821059060485073,57.257860573546985,10.314137825165174,51.19470573795078,1.6582616132527073
PedNYC28,PedNYC28_scenario3,3,79.0,11.551848157799203,52.03532165304653,17.582016603254214,57.255702888678655,10.263108267878268,51.035697575513794,1.6309809319107926
PedNYC28,PedNYC28_scenario3,3,80.0,11.511991500854492,51.80611801147461,17.30446548461914,57.25350341796875,10.216120584567697,50.88353999089242,1.5907330498041843
PedNYC28,PedNYC28_scenario3,3,81.0,11.46028266887824,51.56649680793245,16.989559747358385,57.25137224334814,10.181103545811153,50.73382392162537,1.52631692792868
PedNYC28,PedNYC28_scenario3,3,82.0,11.423459455077447,51.333042077257105,16.637885925515846,57.24959406312812,10.150077321503812,50.59574917466868,1.471428857373609
PedNYC28,PedNYC28_scenario3,3,83.0,11.402005469181029,51.10078177629003,16.251351974994815,57.248958950936235,10.116845742846648,50.477851939407216,1.4281726449805385
PedNYC28,PedNYC28_scenario3,3,84.0,11.391213416455715,50.905486894747845,15.83348808723325,57.250148289667244,10.081688694113655,50.3735500482852,1.413439707610363
PedNYC28,PedNYC28_scenario3,3,85.0,11.37241095213686,50.68373764456946,15.387760882237362,57.254658307843684,10.055877438126233,50.26146705142527,1.3825964513723872
PedNYC28,PedNYC28_scenario3,3,86.0,11.342049763064173,50.460910769248926,14.916182424567921,57.26439403446143,10.032075532827163,50.14457218615756,1.3476285033484936
PedNYC28,PedNYC28_scenario3,3,87.0,11.305223938061198,50.2582628806592,14.423990639076388,57.284080220535245,10.002030378404802,50.021585738126646,1.3245110508135767
PedNYC28,PedNYC28_scenario3,3,88.0,11.266886816804199,50.05368822110516,13.916989565697955,57.31969971800632,9.962828495245988,49.91174460516371,1.3117606855412887
PedNYC28,PedNYC28_scenario3,3,89.0,11.240761972686348,49.862243360868476,13.398603883685643,57.37433291179057,9.92461081441284,49.81107774803133,1.317145318999273
PedNYC28,PedNYC28_scenario3,3,90.0,11.227097820015672,49.68835968600789,12.873503077409923,57.45086344144932,9.894465369220978,49.7014141824783,1.3326963903264573
PedNYC28,PedNYC28_scenario3,3,91.0,11.218255703303424,49.50607772186203,12.345841819309282,57.55195926423225,9.855789245041223,49.597301828892924,1.3655170037729778
PedNYC28,PedNYC28_scenario3,3,92.0,11.209090136544189,49.322155611499284,11.821770340359462,57.68002096440951,9.818162268388376,49.503386877594046,1.402684963283911
PedNYC28,PedNYC28_scenario3,3,93.0,11.198369359658967,49.161992145626854,11.305572735925232,57.832273174605355,9.790185807041123,49.41550570938268,1.4308214580693117
PedNYC28,PedNYC28_scenario3,3,94.0,11.188259376971969,49.014557403512555,10.8006179073367,58.006271425999934,9.757152157180336,49.34033464995661,1.4677188725503283
PedNYC28,PedNYC28_scenario3,3,95.0,11.175066974327667,48.86343600409175,10.311211299820634,58.20173015113362,9.714225876263724,49.27683832001538,1.5182088751564078
PedNYC28,PedNYC28_scenario3,3,96.0,11.163552312526997,48.72577682097024,9.840026179035851,58.41841956817725,9.689209283037798,49.218054947257095,1.554356819467103
PedNYC28,PedNYC28_scenario3,3,97.0,11.152497790708264,48.59018022896194,9.38735095970085,58.65266984858839,9.687039046515753,49.16696207389647,1.5748798771894856
PedNYC28,PedNYC28_scenario3,3,98.0,11.143980212715869,48.501268191855594,8.953123821715291,58.903471120175354,9.688251658094485,49.125887626728435,1.5840754600589366
PedNYC28,PedNYC28_scenario3,3,99.0,11.13615283950074,48.43420634838885,8.539712392803443,59.17086850568825,9.696355657293157,49.11189921703438,1.5913150379814496
PedNYC28,PedNYC28_scenario3,3,100.0,11.125112533569336,48.39912796020508,8.147560119628906,59.45430755615234,9.710407217343649,49.170472939809166,1.611323744415644
PedNYC29,PedNYC29_scenario3,3,0.0,12.973688125610352,66.8873291015625,83.03267669677734,58.0008430480957,12.644355590526875,66.97022012563852,0.33960394658613857
PedNYC29,PedNYC29_scenario3,3,1.0,12.962927932842739,66.66512689511507,82.00984812366902,57.992297710907735,12.622987694766106,66.90788473182705,0.4177208789953906
PedNYC29,PedNYC29_scenario3,3,2.0,12.914090698505712,66.51419045614513,80.77308003997875,57.968947133053945,12.596821088069001,66.82683139722191,0.445426047446752
PedNYC29,PedNYC29_scenario3,3,3.0,12.739561791002705,66.33166844569084,79.39250844796805,57.947903578296106,12.560676793733327,66.72955245920404,0.4362470979358402
PedNYC29,PedNYC29_scenario3,3,4.0,12.723749004469825,66.17312325368955,77.95673723705292,57.93702323453047,12.531638175909732,66.62027026050276,0.48666930882485165
PedNYC29,PedNYC29_scenario3,3,5.0,12.805861236717991,65.93208704179493,76.55998791461737,57.93550031773384,12.509014245331464,66.50484030822167,0.645108084353109
PedNYC29,PedNYC29_scenario3,3,6.0,12.839243578636705,65.81445267004335,75.19574576085928,57.93039543906242,12.474154817642049,66.38037874399632,0.6734702106139739
PedNYC29,PedNYC29_scenario3,3,7.0,12.82972339050151,65.82427901590832,73.82496224281579,57.917360646585124,12.441585782199857,66.26103690822887,0.5843015141880283
PedNYC29,PedNYC29_scenario3,3,8.0,12.786283370841902,65.8608365232575,72.43092943237116,57.90887000555246,12.394324518317344,66.13822426614334,0.4801829880115151
PedNYC29,PedNYC29_scenario3,3,9.0,12.725195011825548,65.83737044867581,71.01509045848059,57.91137284172784,12.35242403681343,66.0111463863118,0.4112861246294961
PedNYC29,PedNYC29_scenario3,3,10.0,12.50744649172289,65.82029554525889,69.5800706062486,57.91316167504032,12.316764553234467,65.89023763911304,0.203104648293449
PedNYC29,PedNYC29_scenario3,3,11.0,12.379843945240077,65.93963128504653,68.12735241792092,57.91396388193149,12.298117628651637,65.76682766661018,0.19115512383352112
PedNYC29,PedNYC29_scenario3,3,12.0,12.100360774207163,66.09967614506034,66.65324722967671,57.9144277614993,12.275533799399877,65.63995512214044,0.49196443740345075
PedNYC29,PedNYC29_scenario3,3,13.0,11.891689539979538,66.15299180076236,65.1578455805324,57.91361481199002,12.264212850940591,65.50689227441624,0.7458003855952787
PedNYC29,PedNYC29_scenario3,3,14.0,11.575241035746444,66.04341825373832,63.6421725112471,57.90830711682393,12.253074744189252,65.36719636631224,0.957462572289602
PedNYC29,PedNYC29_scenario3,3,15.0,11.30029143889174,66.01504873148015,62.10735188077393,57.903797545830066,12.238204159562459,65.22009581584179,1.229483798054241
PedNYC29,PedNYC29_scenario3,3,16.0,10.937656915176184,66.0461211890659,60.55294190488214,57.901131794077806,12.221257721900564,65.08687809672129,1.6024288880428745
PedNYC29,PedNYC29_scenario3,3,17.0,10.791568837021918,65.89369773339526,58.98725309356323,57.8998948203671,12.210520740066558,64.9375583605288,1.711030976779635
PedNYC29,PedNYC29_scenario3,3,18.0,10.923671598925583,65.76921192375696,57.40870853872172,57.90021690792447,12.216316590078806,64.77421327770804,1.6312428938673373
PedNYC29,PedNYC29_scenario3,3,19.0,11.059859368430024,65.6871470231521,55.816522195390675,57.902167132892515,12.223647295560092,64.59526528084675,1.5958095370417675
PedNYC29,PedNYC29_scenario3,3,20.0,11.195879709961611,65.48289464238024,54.196724359151034,57.90596040570554,12.24015118710815,64.42209966934996,1.4885526167348384
PedNYC29,PedNYC29_scenario3,3,21.0,11.230697695542824,65.16102885007307,52.54419709476766,57.913322397873046,12.243589052277944,64.24093641369373,1.368400157859963
PedNYC29,PedNYC29_scenario3,3,22.0,11.299467889318935,64.8892932428139,50.86882141618764,57.92166306256905,12.24392872877585,64.047314684676,1.265280273153603
PedNYC29,PedNYC29_scenario3,3,23.0,11.431682698048201,64.5136230900896,49.17607657047139,57.93063320397303,12.222025528957623,63.84337427459586,1.0362795303588095
PedNYC29,PedNYC29_scenario3,3,24.0,11.468646299625785,64.11431747279171,47.50204246801878,57.938217773496326,12.204685164394675,63.6403826403698,0.875424146247441
PedNYC29,PedNYC29_scenario3,3,25.0,11.45324860938815,63.706085612128106,45.95241334509824,57.94422484431057,12.181612566275303,63.436560537534255,0.7766323580222068
PedNYC29,PedNYC29_scenario3,3,26.0,11.561665172367658,63.306677233251996,44.54497678161135,57.94992321812103,12.175792926923075,63.228394671234454,0.6190969701357849
PedNYC29,PedNYC29_scenario3,3,27.0,11.545382407907441,62.92068809029562,43.26602813444388,57.953375836358944,12.156888009186577,63.02381444102684,0.6201404233001562
PedNYC29,PedNYC29_scenario3,3,28.0,11.544206450440466,62.528764899767815,42.1049258070095,57.954288482666016,12.13781868396215,62.82702226025918,0.6643289372546382
PedNYC29,PedNYC29_scenario3,3,29.0,11.677012488734874,62.162101843627326,41.050069956968166,57.954345703125,12.119257345914345,62.638923661511384,0.6503380349571667
PedNYC29,PedNYC29_scenario3,3,30.0,11.715522205565778,61.80684328435584,40.09225280787669,57.95434583730827,12.089225605284328,62.430188463721635,0.7267829411865514
PedNYC29,PedNYC29_scenario3,3,31.0,11.620932413426077,61.4875954113754,39.22195650346688,57.955218101186034,12.04580785034371,62.219369860518,0.8461755026670902
PedNYC29,PedNYC29_scenario3,3,32.0,11.572726893399253,61.217068954429536,38.431669300641104,57.956290344732395,12.017601061965486,62.0065854671612,0.9062280892432479
PedNYC29,PedNYC29_scenario3,3,33.0,11.603880946741738,60.90576457330913,37.71361967868865,57.95665805753602,11.995714924773097,61.77927885403746,0.9573719574837204
PedNYC29,PedNYC29_scenario3,3,34.0,11.61188004583557,60.70569652003882,37.06133944341561,57.95656173337306,11.987137788406223,61.549282215226796,0.9232850039316154
PedNYC29,PedNYC29_scenario3,3,35.0,11.572566871709542,60.44050526745968,36.46901751954379,57.956168151059416,11.960415352058593,61.30174894137763,0.9445459806556608
PedNYC29,PedNYC29_scenario3,3,36.0,11.608770345712315,60.180887441789544,35.9308227175681,57.955770663891556,11.936801733365876,61.05263001429119,0.9314181144887117
PedNYC29,PedNYC29_scenario3,3,37.0,11.722108107801027,59.8672836431498,35.44177279907658,57.95559883955762,11.917687983040256,60.8056605897223,0.9585420081860409
PedNYC29,PedNYC29_scenario3,3,38.0,11.72506082565029,59.59015221010104,34.99745336995643,57.95542742550695,11.882471286201639,60.54070809319085,0.9635011883581882
PedNYC29,PedNYC29_scenario3,3,39.0,11.74342907608635,59.23142338271386,34.59396971177904,57.9552565723906,11.84387932006759,60.27032245895279,1.0437440021988156
PedNYC29,PedNYC29_scenario3,3,40.0,11.905376150444274,58.992678510383186,34.22716779951004,57.95493884136408,11.809607051711323,59.991833761060406,1.0037344943898157
PedNYC29,PedNYC29_scenario3,3,41.0,12.035693550784265,58.68440601285734,33.887099087316436,57.95423645335707,11.768616541728573,59.69591863009969,1.0461777590861931
PedNYC29,PedNYC29_scenario3,3,42.0,12.006472788772168,58.33202738004865,33.53476757024706,57.95491324901809,11.726864127060326,59.39470926477142,1.0988511235932865
PedNYC29,PedNYC29_scenario3,3,43.0,11.952042642082034,58.00491159575117,33.13765637645008,57.95716388091733,11.663960004571887,59.10174001897546,1.1340300683965554
PedNYC29,PedNYC29_scenario3,3,44.0,11.945731143301744,57.61022466519743,32.66814785544233,57.960094624250985,11.608968904508478,58.81283984827606,1.2488763285643263
PedNYC29,PedNYC29_scenario3,3,45.0,11.821257041738233,57.16774709865325,32.121532768410916,57.96306832059586,11.568765709515368,58.52720072991103,1.3827024439074511
PedNYC29,PedNYC29_scenario3,3,46.0,11.674121931536485,56.728373474290315,31.49948758639834,57.966155413373336,11.533969587178614,58.26069561911153,1.5387182442339782
PedNYC29,PedNYC29_scenario3,3,47.0,11.683348747319503,56.28101579232407,30.8073245901021,57.96837482178772,11.506092858789213,58.02456104548411,1.7525323676998328
PedNYC29,PedNYC29_scenario3,3,48.0,11.619339524338823,55.86266502794845,30.04401836438758,57.96836869237889,11.485415344437884,57.77483798214163,1.916857087189859
PedNYC29,PedNYC29_scenario3,3,49.0,11.491716791057044,55.46458394915394,29.210364867032446,57.968038011455675,11.461331673113591,57.55001924188524,2.085656638941729
PedNYC29,PedNYC29_scenario3,3,50.0,11.507639220542833,55.0706977888098,28.318497336298,57.969261929028754,11.424392426712235,57.30912048404586,2.2399701317720613
PedNYC29,PedNYC29_scenario3,3,51.0,11.54676065092006,54.73680859775937,27.365762671374682,57.97083191412453,11.393147342192224,57.06200857552304,2.330268650866348
PedNYC29,PedNYC29_scenario3,3,52.0,11.44297622451223,54.322669885355225,26.334770123915874,57.97283318960656,11.360538084351477,56.79829956946881,2.477001893381895
PedNYC29,PedNYC29_scenario3,3,53.0,11.421543423670617,53.96875740906599,25.187420511382673,57.97532943805917,11.330718263116886,56.55844822703328,2.5912830301712946
PedNYC29,PedNYC29_scenario3,3,54.0,11.476943266742401,53.61860960216327,23.840053121884388,57.97845040716727,11.307482237333273,56.324815264808485,2.7115062472768603
PedNYC29,PedNYC29_scenario3,3,55.0,11.373412085347011,53.292709644683484,22.274153817966642,57.980553516994846,11.28458549885055,56.083737475041794,2.792440959501781
PedNYC29,PedNYC29_scenario3,3,56.0,11.159579829149939,53.130984928101505,20.650764685123942,57.97936233630158,11.254296493625608,55.85650274464957,2.727163107489231
PedNYC29,PedNYC29_scenario3,3,57.0,11.15322123085823,52.95963873890518,19.15560787990999,57.9756117502303,11.23556336808437,55.632440777701554,2.674070112423576
PedNYC29,PedNYC29_scenario3,3,58.0,11.17127714717732,52.755115241865504,17.796698897323285,57.96996529430679,11.206254749645044,55.42095650472065,2.666070717632132
PedNYC29,PedNYC29_scenario3,3,59.0,10.939560347122463,52.649117613814845,16.56317363243794,57.96305978617304,11.178005625931636,55.20437226680471,2.5663558780131694
PedNYC29,PedNYC29_scenario3,3,60.0,10.671860116129121,52.43325112573006,15.502980144455401,57.95641661732889,11.140610774795961,54.984121669761784,2.593582023458927
PedNYC29,PedNYC29_scenario3,3,61.0,10.600044603824754,52.088245929028325,14.585699631314606,57.95063388000723,11.113367745622678,54.7541313496344,2.714856483077018
PedNYC29,PedNYC29_scenario3,3,62.0,10.55458017497814,51.80114962087722,13.75167920582011,57.95496440820476,11.08118369543711,54.524348159738146,2.7736476974940545
PedNYC29,PedNYC29_scenario3,3,63.0,10.368322044678907,51.494319986464205,12.942878736455022,57.98019294743825,11.040011502062624,54.301993610000565,2.886901090003297
PedNYC29,PedNYC29_scenario3,3,64.0,10.29535297194242,51.18923332095754,12.085105032946538,58.04717994553797,11.005142811503605,54.07831453195313,2.974994430258996
PedNYC29,PedNYC29_scenario3,3,65.0,10.315571332079498,50.82289035120858,11.156933309407808,58.16734280074546,10.969408230951403,53.843991321414435,3.09104412173382
PedNYC29,PedNYC29_scenario3,3,66.0,10.23443341964116,50.54163499420055,10.128831730938352,58.377821248599005,10.919934450901014,53.62194629683409,3.155666234726077
PedNYC29,PedNYC29_scenario3,3,67.0,10.069891384298153,50.23280507174405,9.017521984793941,58.72672104575417,10.872349309962622,53.40180454028852,3.269020702610624
PedNYC29,PedNYC29_scenario3,3,68.0,10.017025803053095,49.92444921726169,7.8617825581875,59.26447677919323,10.839775810506213,53.174820411015624,3.352883903738614
PedNYC29,PedNYC29_scenario3,3,69.0,9.997672991639437,49.56934251326362,6.7210170275386885,60.03043350103866,10.80263823940935,52.94790558699571,3.4731336705205136
PedNYC29,PedNYC29_scenario3,3,70.0,9.869766641100313,49.26812897837915,5.668213574792057,61.044980475709714,10.754687583816404,52.73440452688867,3.5774503844291776
PedNYC29,PedNYC29_scenario3,3,71.0,9.74068803014177,49.00190594441505,4.812968837776683,62.24496995690118,10.705596011871698,52.51816312263241,3.646246283038383
PedNYC29,PedNYC29_scenario3,3,72.0,9.638652282157663,48.69242488485984,4.238670083475591,63.46619931696316,10.666076810425606,52.303823669748645,3.7547040289193165
PedNYC29,PedNYC29_scenario3,3,73.0,9.514775658565725,48.485290485246665,3.901135766219794,64.63603115763806,10.617806275956664,52.09942944628915,3.778713666398539
PedNYC29,PedNYC29_scenario3,3,74.0,9.289388037248127,48.35234595805935,3.723737762224221,65.72552386654829,10.558254839861148,51.9094682889872,3.7766575486743497
PedNYC29,PedNYC29_scenario3,3,75.0,9.115686560489213,48.132790169451354,3.647090866960441,66.731899460488,10.49329314398979,51.72015800196228,3.84278647138223
PedNYC29,PedNYC29_scenario3,3,76.0,8.920620813901001,47.89374153193825,3.6123574494584854,67.69954041914104,10.421598117771682,51.53386686302356,3.9374414653101666
PedNYC29,PedNYC29_scenario3,3,77.0,8.702801761665576,47.83972478241668,3.5685138667961005,68.6377823438203,10.36547497233664,51.3646083109909,3.897343466452127
PedNYC29,PedNYC29_scenario3,3,78.0,8.62020787943891,47.90443389647329,3.505068694407014,69.54083319724766,10.314137825165174,51.19470573795078,3.700714451541461
PedNYC29,PedNYC29_scenario3,3,79.0,8.759591987858537,47.95986509896403,3.4514607857162725,70.41181809652784,10.263108267878268,51.035697575513794,3.4236393834752255
PedNYC29,PedNYC29_scenario3,3,80.0,8.940425938902953,48.042527883404844,3.42743995114854,71.25509107015343,10.216120584567697,50.88353999089242,3.1142810765678672
PedNYC29,PedNYC29_scenario3,3,81.0,9.157231806973403,48.21293165894136,3.4220408036140713,72.09402773872192,10.181103545811153,50.73382392162537,2.720884256570053
PedNYC29,PedNYC29_scenario3,3,82.0,9.33116147717606,48.3743504997263,3.405568335961864,72.95569812585687,10.150077321503812,50.59574917466868,2.367537799725026
PedNYC29,PedNYC29_scenario3,3,83.0,9.31452975479707,48.63018675789062,3.3889501073549018,73.85810518591707,10.116845742846648,50.477851939407216,2.0143429617790334
PedNYC29,PedNYC29_scenario3,3,84.0,9.241195127418065,48.80477512544913,3.3895995156913883,74.80152113421107,10.081688694113655,50.3735500482852,1.779742732581311
PedNYC29,PedNYC29_scenario3,3,85.0,9.318377336531041,48.92294672788006,3.393467791752134,75.75230959033993,10.055877438126233,50.26146705142527,1.528248362144221
PedNYC29,PedNYC29_scenario3,3,86.0,9.47395189639948,48.923110989481714,3.393873276377908,76.54647943134678,10.032075532827163,50.14457218615756,1.3429331511747156
PedNYC29,PedNYC29_scenario3,3,87.0,9.603765405927385,48.85429964182328,3.393661975860596,76.64787763751283,10.002030378404802,50.021585738126646,1.233357944363916
PedNYC29,PedNYC29_scenario3,3,88.0,9.623880107133475,48.88535408442169,3.3936617374420166,76.64831361999248,9.962828495245988,49.91174460516371,1.0809086505681895
PedNYC29,PedNYC29_scenario3,3,89.0,9.571898178009395,48.9391787264737,3.3936617374420166,76.6483383178711,9.92461081441284,49.81107774803133,0.9405392642903453
PedNYC29,PedNYC29_scenario3,3,90.0,9.478491817195323,48.96687386274889,3.3936616412341687,76.64833068847656,9.894465369220978,49.7014141824783,0.8441465970392977
PedNYC29,PedNYC29_scenario3,3,91.0,9.496485149959524,48.83866238516661,3.3936617374420166,76.64833068847656,9.855789245041223,49.597301828892924,0.8394243493727435
PedNYC29,PedNYC29_scenario3,3,92.0,9.574803593576002,48.634281416101096,3.3936617374420166,76.64833068847656,9.818162268388376,49.503386877594046,0.9025340701620677
PedNYC29,PedNYC29_scenario3,3,93.0,9.615402285230335,48.56101210668191,3.3936615744259684,76.64833068847656,9.790185807041123,49.41550570938268,0.8721861020178692
PedNYC29,PedNYC29_scenario3,3,94.0,9.633076408170881,48.570061699099604,3.393661604712192,76.64833068847656,9.757152157180336,49.34033464995661,0.7802020317291006
PedNYC29,PedNYC29_scenario3,3,95.0,9.658644657942759,48.71539111147898,3.3936617374420166,76.64833068847656,9.714225876263724,49.27683832001538,0.5641916693849339
PedNYC29,PedNYC29_scenario3,3,96.0,9.679237487530285,48.819470489710774,3.3936617374420166,76.64833068847656,9.689209283037798,49.218054947257095,0.3987091753435556
PedNYC29,PedNYC29_scenario3,3,97.0,9.727733811142915,48.81960555091128,3.3936617374420166,76.64833068847656,9.687039046515753,49.16696207389647,0.349732208880486
PedNYC29,PedNYC29_scenario3,3,98.0,9.764354883786806,48.744726800347486,3.3936617374420166,76.64833068847656,9.688251658094485,49.125887626728435,0.38868403173809996
PedNYC29,PedNYC29_scenario3,3,99.0,9.856361992376977,48.760427408021016,3.393661499023437,76.64833068847656,9.696355657293157,49.11189921703438,0.38617931042208903
PedNYC29,PedNYC29_scenario3,3,100.0,9.935479164123535,48.823917388916016,3.3936617374420166,76.64833068847656,9.710407217343649,49.170472939809166,0.41322890881706564
PedNYC2,PedNYC2_scenario3,3,0.0,12.75935173034668,67.1619644165039,84.6898422241211,58.00999450683594,12.644355590526875,66.97022012563852,0.2235844029732983
PedNYC2,PedNYC2_scenario3,3,1.0,12.698545944296916,67.1339244363864,84.68991986763605,58.0099983215332,12.622987694766106,66.90788473182705,0.23833379346923111
PedNYC2,PedNYC2_scenario3,3,2.0,12.647921071635533,67.08110428714772,84.68987935806705,58.00999450683594,12.596821088069001,66.82683139722191,0.2593567251330212
PedNYC2,PedNYC2_scenario3,3,3.0,12.621941190680575,66.99793025289314,84.68992614746094,58.0099983215332,12.560676793733327,66.72955245920404,0.27528161304151394
PedNYC2,PedNYC2_scenario3,3,4.0,12.614670718249931,66.92380111647192,84.68986021860631,58.00999664215925,12.531638175909732,66.62027026050276,0.314682989074475
PedNYC2,PedNYC2_scenario3,3,5.0,12.587440796283968,66.87116230818219,84.6867097520461,58.0099983215332,12.509014245331464,66.50484030822167,0.3746231860808672
PedNYC2,PedNYC2_scenario3,3,6.0,12.5251958855822,66.83779794649374,84.6713611291097,58.00995420749728,12.474154817642049,66.38037874399632,0.46025809871184925
PedNYC2,PedNYC2_scenario3,3,7.0,12.427907590478736,66.83438574730484,84.63038253524402,58.00988259959588,12.441585782199857,66.26103690822887,0.5735119738928847
PedNYC2,PedNYC2_scenario3,3,8.0,12.356573448109312,66.83772836601128,84.54487633053911,58.00971829649643,12.394324518317344,66.13822426614334,0.7005220403626888
PedNYC2,PedNYC2_scenario3,3,9.0,12.342358775240072,66.83749923732297,84.39687884075012,58.00941180348445,12.35242403681343,66.0111463863118,0.8264141479094154
PedNYC2,PedNYC2_scenario3,3,10.0,12.376921584332282,66.85153067364307,84.1740056230793,58.00891110581866,12.316764553234467,65.89023763911304,0.9631734872941928
PedNYC2,PedNYC2_scenario3,3,11.0,12.40779094003632,66.85887842147694,83.87390258540168,58.00825375159033,12.298117628651637,65.76682766661018,1.0975441159402866
PedNYC2,PedNYC2_scenario3,3,12.0,12.431795343677372,66.83653894645657,83.49587655633324,58.007379774931394,12.275533799399877,65.63995512214044,1.2067437668515284
PedNYC2,PedNYC2_scenario3,3,13.0,12.40919473960129,66.80555553054478,83.04042237957285,58.00616865233062,12.264212850940591,65.50689227441624,1.3067310361577822
PedNYC2,PedNYC2_scenario3,3,14.0,12.346363560565326,66.79565125261163,82.5054666569817,58.00485138860703,12.253074744189252,65.36719636631224,1.431497874763863
PedNYC2,PedNYC2_scenario3,3,15.0,12.286598554602634,66.79737117565733,81.89071781863247,58.0037194277735,12.238204159562459,65.22009581584179,1.578017610216236
PedNYC2,PedNYC2_scenario3,3,16.0,12.241491863235279,66.8007258990287,81.19594319850214,58.00285959951052,12.221257721900564,65.08687809672129,1.7139672429628001
PedNYC2,PedNYC2_scenario3,3,17.0,12.24342945553931,66.81660078186941,80.42086307985193,58.002233992810424,12.210520740066558,64.9375583605288,1.879330573569127
PedNYC2,PedNYC2_scenario3,3,18.0,12.291948129287226,66.81676871198438,79.56676706539758,58.00189890670347,12.216316590078806,64.77421327770804,2.043955193201366
PedNYC2,PedNYC2_scenario3,3,19.0,12.321196626095203,66.78068859408654,78.63678390297854,58.001954284957314,12.223647295560092,64.59526528084675,2.1875993531585833
PedNYC2,PedNYC2_scenario3,3,20.0,12.317289209461787,66.69537170801604,77.63638096623258,58.00249971336043,12.24015118710815,64.42209966934996,2.274580408838883
PedNYC2,PedNYC2_scenario3,3,21.0,12.347267145000805,66.62106215528287,76.5698734935023,58.00364037284878,12.243589052277944,64.24093641369373,2.3823827762737673
PedNYC2,PedNYC2_scenario3,3,22.0,12.36979257846853,66.59836421540084,75.44270218121979,58.0054702137614,12.24392872877585,64.047314684676,2.554152582926651
PedNYC2,PedNYC2_scenario3,3,23.0,12.370529591725596,66.59483349462822,74.26051818874956,58.008091770673204,12.222025528957623,63.84337427459586,2.7554638985404383
PedNYC2,PedNYC2_scenario3,3,24.0,12.354750223475062,66.60591470231886,73.02817609796418,58.01157632998061,12.204685164394675,63.6403826403698,2.9693265115855167
PedNYC2,PedNYC2_scenario3,3,25.0,12.344989864782315,66.62081928841445,71.74853699137842,58.01604994792815,12.181612566275303,63.436560537534255,3.1884472606936063
PedNYC2,PedNYC2_scenario3,3,26.0,12.347910904884337,66.6279235458374,70.42634536743164,58.02151475906372,12.175792926923075,63.228394671234454,3.4038832482323294
PedNYC2,PedNYC2_scenario3,3,27.0,12.356825675700511,66.62299547322492,69.06058243847988,58.02719233375249,12.156888009186577,63.02381444102684,3.6047301109827123
PedNYC2,PedNYC2_scenario3,3,28.0,12.355748564874729,66.61840479661596,67.65227648548107,58.03273132326451,12.13781868396215,62.82702226025918,3.7976407110185897
PedNYC2,PedNYC2_scenario3,3,29.0,12.356032415883767,66.61374950252777,66.20051715719636,58.038081065527884,12.119257345914345,62.638923661511384,3.9818717834921076
PedNYC2,PedNYC2_scenario3,3,30.0,12.370702631645692,66.60325177113837,64.70813624889487,58.043169654492026,12.089225605284328,62.430188463721635,4.182545479020781
PedNYC2,PedNYC2_scenario3,3,31.0,12.380759072530335,66.59820906541422,63.17546271239825,58.04792295606186,12.04580785034371,62.219369860518,4.391631257696906
PedNYC2,PedNYC2_scenario3,3,32.0,12.40700565453563,66.58955627544809,61.60518371104938,58.0512203258552,12.017601061965486,62.0065854671612,4.599484467451161
PedNYC2,PedNYC2_scenario3,3,33.0,12.438107374842401,66.58280824124928,59.99679642785266,58.05265025849687,11.995714924773097,61.77927885403746,4.823857963672431
PedNYC2,PedNYC2_scenario3,3,34.0,12.467808206919216,66.58483009850946,58.35338727736801,58.05207439723389,11.987137788406223,61.549282215226796,5.0584371633999705
PedNYC2,PedNYC2_scenario3,3,35.0,12.509556655142918,66.60543281635408,56.67657249245802,58.05094480475245,11.960415352058593,61.30174894137763,5.332037023168383
PedNYC2,PedNYC2_scenario3,3,36.0,12.530963951901885,66.62979186951401,54.968205644591514,58.05005265314547,11.936801733365876,61.05263001429119,5.608722055984596
PedNYC2,PedNYC2_scenario3,3,37.0,12.491474418345668,66.58345287710529,53.22915125041969,58.04963994570436,11.917687983040256,60.8056605897223,5.806213446772588
PedNYC2,PedNYC2_scenario3,3,38.0,12.40424279771003,66.54763391304814,51.46158670283097,58.050575338202066,11.882471286201639,60.54070809319085,6.029544204621936
PedNYC2,PedNYC2_scenario3,3,39.0,12.35751627932411,66.51414009078357,49.665969142960364,58.053409253617,11.84387932006759,60.27032245895279,6.264908741990996
PedNYC2,PedNYC2_scenario3,3,40.0,12.360167622386834,66.45995653554213,47.845729612256456,58.05843381912709,11.809607051711323,59.991833761060406,6.491512086390331
PedNYC2,PedNYC2_scenario3,3,41.0,12.32869964760018,66.4392225380574,45.998170744912095,58.06582712245455,11.768616541728573,59.69591863009969,6.766523529890398
PedNYC2,PedNYC2_scenario3,3,42.0,12.251491616009844,66.43103790046499,44.12632282269546,58.07572997452454,11.726864127060326,59.39470926477142,7.055859598351057
PedNYC2,PedNYC2_scenario3,3,43.0,12.118807443132626,66.41739316241318,42.232821584768814,58.089086222718805,11.663960004571887,59.10174001897546,7.329779471952439
PedNYC2,PedNYC2_scenario3,3,44.0,12.000180585625198,66.368504422147,40.320464892029534,58.10625299189567,11.608968904508478,58.81283984827606,7.565785731322982
PedNYC2,PedNYC2_scenario3,3,45.0,11.949821482480546,66.23987777444142,38.39343470927604,58.127526228117055,11.568765709515368,58.52720072991103,7.722084608144112
PedNYC2,PedNYC2_scenario3,3,46.0,11.913111567374651,66.10641647389812,36.45709859560014,58.152954520534514,11.533969587178614,58.26069561911153,7.854876470854282
PedNYC2,PedNYC2_scenario3,3,47.0,11.856692700749058,65.88866329824691,34.51619560951032,58.18250567368147,11.506092858789213,58.02456104548411,7.871913648604841
PedNYC2,PedNYC2_scenario3,3,48.0,11.858944855666891,65.71509052766459,32.58129727088129,58.21527733564577,11.485415344437884,57.77483798214163,7.949033575375236
PedNYC2,PedNYC2_scenario3,3,49.0,11.820011707775768,65.5853454577551,30.67658284766991,58.25003993269989,11.461331673113591,57.55001924188524,8.043327592651606
PedNYC2,PedNYC2_scenario3,3,50.0,11.780405708058021,65.4139156003558,28.83547386705519,58.28455546584207,11.424392426712235,57.30912048404586,8.11261051289017
PedNYC2,PedNYC2_scenario3,3,51.0,11.770330953811058,65.22812490252453,27.080154003752146,58.31754766798593,11.393147342192224,57.06200857552304,8.174822526697085
PedNYC2,PedNYC2_scenario3,3,52.0,11.762964413831623,64.9580550167624,25.416939648576122,58.34848668401266,11.360538084351477,56.79829956946881,8.169672937780085
PedNYC2,PedNYC2_scenario3,3,53.0,11.714026986003836,64.72265487791381,23.839354130600462,58.37509794536579,11.330718263116886,56.55844822703328,8.173199851669057
PedNYC2,PedNYC2_scenario3,3,54.0,11.624700945414643,64.46895479413206,22.34476939491902,58.391076930789936,11.307482237333273,56.324815264808485,8.150315109359124
PedNYC2,PedNYC2_scenario3,3,55.0,11.560457600808322,64.20801851554631,20.929665690843077,58.391462664891776,11.28458549885055,56.083737475041794,8.128963515832742
PedNYC2,PedNYC2_scenario3,3,56.0,11.52926962654726,63.974093342004,19.571441315892727,58.376355027559896,11.254296493625608,55.85650274464957,8.12224644603239
PedNYC2,PedNYC2_scenario3,3,57.0,11.498882937391153,63.76173923734108,18.2416386743161,58.345554267054666,11.23556336808437,55.632440777701554,8.13356198977284
PedNYC2,PedNYC2_scenario3,3,58.0,11.439287137109137,63.53323961327872,16.91285070889819,58.302168193871786,11.206254749645044,55.42095650472065,8.115629447369056
PedNYC2,PedNYC2_scenario3,3,59.0,11.367782578016577,63.32496804273763,15.573290982659543,58.250960817585195,11.178005625931636,55.20437226680471,8.12281300090321
PedNYC2,PedNYC2_scenario3,3,60.0,11.322870953206897,63.13902730720257,14.218839168153126,58.19523296304118,11.140610774795961,54.984121669761784,8.156942118723038
PedNYC2,PedNYC2_scenario3,3,61.0,11.314225349932203,63.07717524596158,12.844743625720785,58.13480761850378,11.113367745622678,54.7541313496344,8.325467162712135
PedNYC2,PedNYC2_scenario3,3,62.0,11.354699338121561,62.82583674536644,11.448824907491856,58.06952940665636,11.08118369543711,54.524348159738146,8.305993230439686
PedNYC2,PedNYC2_scenario3,3,63.0,11.343005441795802,62.65006811278135,10.031053299343933,57.99950647161127,11.040011502062624,54.301993610000565,8.353571286072421
PedNYC2,PedNYC2_scenario3,3,64.0,11.2720840301722,62.48041975463423,8.588219302313819,57.932450817573866,11.005142811503605,54.07831453195313,8.406344615064814
PedNYC2,PedNYC2_scenario3,3,65.0,11.170676135092949,62.29905903347012,7.113067909180983,57.879268576480705,10.969408230951403,53.843991321414435,8.457462904718183
PedNYC2,PedNYC2_scenario3,3,66.0,11.085178995766782,62.07700365596002,5.601539825585297,57.843109170297154,10.919934450901014,53.62194629683409,8.456671963941695
PedNYC2,PedNYC2_scenario3,3,67.0,11.06362808197734,61.863168431724695,4.045569317444381,57.826831775110364,10.872349309962622,53.40180454028852,8.463525652582577
PedNYC2,PedNYC2_scenario3,3,68.0,11.088530186813427,61.59264442526298,2.449726235718962,57.833130957573196,10.839775810506213,53.174820411015624,8.421498671529404
PedNYC2,PedNYC2_scenario3,3,69.0,11.078699259449138,61.34041606210193,0.8175066760782862,57.8637044239554,10.80263823940935,52.94790558699571,8.39704958670324
PedNYC2,PedNYC2_scenario3,3,70.0,11.01727353296932,61.0795050680798,-0.8453711620831733,57.917615100647524,10.754687583816404,52.73440452688867,8.349230768357108
PedNYC2,PedNYC2_scenario3,3,71.0,10.963921714712104,60.8410277966609,-2.527650833540356,57.98466964753442,10.705596011871698,52.51816312263241,8.326872675316912
PedNYC2,PedNYC2_scenario3,3,72.0,10.947597293765815,60.578959837191654,-4.178488738756161,58.05063367478449,10.666076810425606,52.303823669748645,8.27992345207753
PedNYC2,PedNYC2_scenario3,3,73.0,10.933474729940857,60.27807837344437,-5.760474868597434,58.10286459003506,10.617806275956664,52.09942944628915,8.184738532567675
PedNYC2,PedNYC2_scenario3,3,74.0,10.889533851395395,59.98633973313716,-7.2650205077313705,58.13364932323959,10.558254839861148,51.9094682889872,8.083662419275568
PedNYC2,PedNYC2_scenario3,3,75.0,10.828499760872884,59.69211742895842,-8.690306533435919,58.14827666289251,10.49329314398979,51.72015800196228,7.979003733654645
PedNYC2,PedNYC2_scenario3,3,76.0,10.805516407079308,59.41443132183555,-10.041394521671021,58.156930870575856,10.421598117771682,51.53386686302356,7.889910610542783
PedNYC2,PedNYC2_scenario3,3,77.0,10.765750991067414,59.16361938650503,-11.321148075748011,58.163508476233304,10.36547497233664,51.3646083109909,7.809276192270512
PedNYC2,PedNYC2_scenario3,3,78.0,10.74034576388379,58.96033081307212,-12.533166515340332,58.16940999057417,10.314137825165174,51.19470573795078,7.777312261596554
PedNYC2,PedNYC2_scenario3,3,79.0,10.718434899409903,58.70085766000766,-13.682052370000541,58.17749267901219,10.263108267878268,51.035697575513794,7.678671855360139
PedNYC2,PedNYC2_scenario3,3,80.0,10.681571023381522,58.407252828954014,-14.768700782579588,58.18764753326739,10.216120584567697,50.88353999089242,7.538096509106579
PedNYC2,PedNYC2_scenario3,3,81.0,10.682904122463235,58.117469630242205,-15.798876386412404,58.19947845798732,10.181103545811153,50.73382392162537,7.400677520950641
PedNYC2,PedNYC2_scenario3,3,82.0,10.703424505552432,57.85137960307971,-16.774955300801206,58.212113662253984,10.150077321503812,50.59574917466868,7.2767002150547935
PedNYC2,PedNYC2_scenario3,3,83.0,10.69888872443371,57.610294851012455,-17.699323504773805,58.22431008377468,10.116845742846648,50.477851939407216,7.15615231250164
PedNYC2,PedNYC2_scenario3,3,84.0,10.67347863198086,57.36562746498281,-18.57521473355391,58.23550915511371,10.081688694113655,50.3735500482852,7.017076451888886
PedNYC2,PedNYC2_scenario3,3,85.0,10.644323397906058,57.121136425458,-19.40493975833114,58.2458010265825,10.055877438126233,50.26146705142527,6.884862567155842
PedNYC2,PedNYC2_scenario3,3,86.0,10.641469424006896,56.88002216786224,-20.191529000205087,58.254794814360814,10.032075532827163,50.14457218615756,6.762961434952353
PedNYC2,PedNYC2_scenario3,3,87.0,10.636882349863882,56.65307075901073,-20.936182977782938,58.26267268471692,10.002030378404802,50.021585738126646,6.661803855403991
PedNYC2,PedNYC2_scenario3,3,88.0,10.615240695803383,56.38245472097121,-21.622222647075695,58.26943103511248,9.962828495245988,49.91174460516371,6.503516824169031
PedNYC2,PedNYC2_scenario3,3,89.0,10.60134389589391,56.26104726306073,-22.10632428386679,58.27391118993695,9.92461081441284,49.81107774803133,6.485373883468823
PedNYC2,PedNYC2_scenario3,3,90.0,10.562776022644554,55.90540216545711,-22.237891865220508,58.27508544921875,9.894465369220978,49.7014141824783,6.239880289110114
PedNYC2,PedNYC2_scenario3,3,91.0,10.534586799781891,55.613288244574484,-22.23864086481323,58.27509307861328,9.855789245041223,49.597301828892924,6.054160443363471
PedNYC2,PedNYC2_scenario3,3,92.0,10.51535491755147,55.38056741016226,-22.23898658484408,58.27510070800781,9.818162268388376,49.503386877594046,5.91838902087771
PedNYC2,PedNYC2_scenario3,3,93.0,10.497084596431002,55.13584802139148,-22.239049911499023,58.27510070800781,9.790185807041123,49.41550570938268,5.7638547921507435
PedNYC2,PedNYC2_scenario3,3,94.0,10.435173818543834,54.90713945928556,-22.239059448242188,58.27510070800781,9.757152157180336,49.34033464995661,5.607943398291931
PedNYC2,PedNYC2_scenario3,3,95.0,10.33456778675192,54.65592243279224,-22.239057540893555,58.27510070800781,9.714225876263724,49.27683832001538,5.4147363719978605
PedNYC2,PedNYC2_scenario3,3,96.0,10.280817189955375,54.410356182274924,-22.239057540893555,58.27510070800781,9.689209283037798,49.218054947257095,5.225896289699508
PedNYC2,PedNYC2_scenario3,3,97.0,10.280749735547406,54.15930170164199,-22.239057540893555,58.27510070800781,9.687039046515753,49.16696207389647,5.0275190045417775
PedNYC2,PedNYC2_scenario3,3,98.0,10.29721576690412,53.92566248343774,-22.239057540893555,58.27510070800781,9.688251658094485,49.125887626728435,4.838251332962886
PedNYC2,PedNYC2_scenario3,3,99.0,10.259281049588338,53.63657787505495,-22.239057540893555,58.27510070800781,9.696355657293157,49.11189921703438,4.559561596868442
PedNYC2,PedNYC2_scenario3,3,100.0,10.155829429626465,53.3681526184082,-22.239057540893555,58.27510070800781,9.710407217343649,49.170472939809166,4.22124574400949
PedNYC30,PedNYC30_scenario3,3,0.0,12.577234268188477,67.1153793334961,59.36016082763672,57.90610122680664,12.644355590526875,66.97022012563852,0.1599264441494701
PedNYC30,PedNYC30_scenario3,3,1.0,12.520845633655785,67.00507711072638,57.95062497369503,57.894451536489164,12.622987694766106,66.90788473182705,0.14099418131247113
PedNYC30,PedNYC30_scenario3,3,2.0,12.551861179899506,66.93258645835365,56.63947582602329,57.881977145054385,12.596821088069001,66.82683139722191,0.11491530053734643
PedNYC30,PedNYC30_scenario3,3,3.0,12.502941786315356,66.93789971427091,55.42075583479161,57.876877483259236,12.560676793733327,66.72955245920404,0.21619877376028773
PedNYC30,PedNYC30_scenario3,3,4.0,12.469078605206292,66.9217362691177,54.28775229740926,57.8768762718358,12.531638175909732,66.62027026050276,0.307888704302091
PedNYC30,PedNYC30_scenario3,3,5.0,12.421649903214913,66.90040191679813,53.23417412107379,57.880714341508394,12.509014245331464,66.50484030822167,0.4050944512740854
PedNYC30,PedNYC30_scenario3,3,6.0,12.32649559265788,66.75557274151662,52.25479922997012,57.88763140860332,12.474154817642049,66.38037874399632,0.4032043929549719
PedNYC30,PedNYC30_scenario3,3,7.0,12.207831129449499,66.4722738824924,51.344049728954765,57.89693500298866,12.441585782199857,66.26103690822887,0.3150591959909294
PedNYC30,PedNYC30_scenario3,3,8.0,11.983158596930336,66.29999173618282,50.49705758761873,57.90808131576341,12.394324518317344,66.13822426614334,0.4418440101132988
PedNYC30,PedNYC30_scenario3,3,9.0,11.758378208212223,66.0824764053102,49.709885402032995,57.920600112087875,12.35242403681343,66.0111463863118,0.5983129767009969
PedNYC30,PedNYC30_scenario3,3,10.0,11.599687631813014,65.68487240662574,48.977512527464725,57.93408302087099,12.316764553234467,65.89023763911304,0.7459049469938045
PedNYC30,PedNYC30_scenario3,3,11.0,11.478042809765851,65.35830067329368,48.28818634657378,57.94841487002282,12.298117628651637,65.76682766661018,0.9161970382176389
PedNYC30,PedNYC30_scenario3,3,12.0,11.228301932284909,65.0521596019072,47.62790177584416,57.96362728889607,12.275533799399877,65.63995512214044,1.200915549531837
PedNYC30,PedNYC30_scenario3,3,13.0,11.073708290226605,64.69833092543955,46.98876665106859,57.979735495909146,12.264212850940591,65.50689227441624,1.439122150527819
PedNYC30,PedNYC30_scenario3,3,14.0,10.99881686426083,64.29664973107991,46.35144174745985,57.997143377959226,12.253074744189252,65.36719636631224,1.6490096808599428
PedNYC30,PedNYC30_scenario3,3,15.0,10.870118907743619,63.8622886301766,45.69510661537099,58.01649452429503,12.238204159562459,65.22009581584179,1.9275107288127442
PedNYC30,PedNYC30_scenario3,3,16.0,10.810433897453557,63.42937614694574,45.0120876269383,58.03806515022154,12.221257721900564,65.08687809672129,2.176634231362043
PedNYC30,PedNYC30_scenario3,3,17.0,10.812027640979855,62.96162713154535,44.299269669165795,58.06181915970153,12.210520740066558,64.9375583605288,2.420761692084781
PedNYC30,PedNYC30_scenario3,3,18.0,10.736174698555045,62.45285349875074,43.557703302253564,58.08807505786903,12.216316590078806,64.77421327770804,2.753094848058132
PedNYC30,PedNYC30_scenario3,3,19.0,10.757834409175734,61.94495219932041,42.789078869411654,58.1169724655928,12.223647295560092,64.59526528084675,3.0286575983428796
PedNYC30,PedNYC30_scenario3,3,20.0,10.785498675969272,61.47036472462004,41.995331572755326,58.14861009558853,12.24015118710815,64.42209966934996,3.2907070839110544
PedNYC30,PedNYC30_scenario3,3,21.0,10.75028265957921,61.04792351987243,41.177405918365835,58.18313091565099,12.243589052277944,64.24093641369373,3.5249532369357763
PedNYC30,PedNYC30_scenario3,3,22.0,10.829993645806823,60.59596919043669,40.33616651046856,58.220659647179914,12.24392872877585,64.047314684676,3.7297450501953326
PedNYC30,PedNYC30_scenario3,3,23.0,10.875152001983698,60.24229037745765,39.47242409425186,58.26107505167475,12.222025528957623,63.84337427459586,3.844720215034027
PedNYC30,PedNYC30_scenario3,3,24.0,10.82311319723905,59.726654950585775,38.59293868837469,58.30287784716262,12.204685164394675,63.6403826403698,4.1504223315480155
PedNYC30,PedNYC30_scenario3,3,25.0,10.699151628865149,59.13903736355456,37.71300369338353,58.34505474159655,12.181612566275303,63.436560537534255,4.546030781004406
PedNYC30,PedNYC30_scenario3,3,26.0,10.745988531710179,58.60110198027029,36.83478248726689,58.38662470892575,12.175792926923075,63.228394671234454,4.843157880600266
PedNYC30,PedNYC30_scenario3,3,27.0,10.740996114500309,58.006320794163756,35.959276879283614,58.42744542210826,12.156888009186577,63.02381444102684,5.213443425774343
PedNYC30,PedNYC30_scenario3,3,28.0,10.725206306621375,57.517116007613566,35.08622512366503,58.46776030139303,12.13781868396215,62.82702226025918,5.4945953573035125
PedNYC30,PedNYC30_scenario3,3,29.0,10.767907654293014,57.14427893731032,34.21492900400991,58.50764554950108,12.119257345914345,62.638923661511384,5.658380212943955
PedNYC30,PedNYC30_scenario3,3,30.0,10.729572085826073,56.83926807844913,33.34486470425689,58.547023838094354,12.089225605284328,62.430188463721635,5.753872474032673
PedNYC30,PedNYC30_scenario3,3,31.0,10.65568405972779,56.48193011300233,32.47592268950797,58.5857291664058,12.04580785034371,62.219369860518,5.903444673206406
PedNYC30,PedNYC30_scenario3,3,32.0,10.692226146408524,56.13103066568574,31.607818617994806,58.62381226265763,12.017601061965486,62.0065854671612,6.023185443926573
PedNYC30,PedNYC30_scenario3,3,33.0,10.702395267339258,55.795358306796054,30.74100575582438,58.66086823603698,11.995714924773097,61.77927885403746,6.122089582160869
PedNYC30,PedNYC30_scenario3,3,34.0,10.61481710708795,55.33499954294197,29.87662262734884,58.69692595021875,11.987137788406223,61.549282215226796,6.364006064063206
PedNYC30,PedNYC30_scenario3,3,35.0,10.57467943890017,54.95104814429181,29.015328227890006,58.73088761523182,11.960415352058593,61.30174894137763,6.5001280475944085
PedNYC30,PedNYC30_scenario3,3,36.0,10.641808540338006,54.51946891634009,28.15742602586276,58.761887709677595,11.936801733365876,61.05263001429119,6.660270362513083
PedNYC30,PedNYC30_scenario3,3,37.0,10.626853905175054,54.108148618847785,27.303854880102676,58.789946467555026,11.917687983040256,60.8056605897223,6.8207711599631855
PedNYC30,PedNYC30_scenario3,3,38.0,10.578574482053096,53.65407293043767,26.453972902544027,58.81542594213554,11.882471286201639,60.54070809319085,7.0089864274898765
PedNYC30,PedNYC30_scenario3,3,39.0,10.591698147229343,53.18593071175052,25.603193413886963,58.84262285394933,11.84387932006759,60.27032245895279,7.194203508202849
PedNYC30,PedNYC30_scenario3,3,40.0,10.512368733000962,52.749270813368774,24.760468658786703,58.859166313039054,11.809607051711323,59.991833761060406,7.357822049139689
PedNYC30,PedNYC30_scenario3,3,41.0,10.375243214733747,52.29745126644473,23.92506426500362,58.87827272628155,11.768616541728573,59.69591863009969,7.528532961968632
PedNYC30,PedNYC30_scenario3,3,42.0,10.311389244259484,51.854167249442476,23.093447788293318,58.89445004948671,11.726864127060326,59.39470926477142,7.672244979716248
PedNYC30,PedNYC30_scenario3,3,43.0,10.185927349783023,51.43059217976188,22.26607338369731,58.90483664891345,11.663960004571887,59.10174001897546,7.812239736445203
PedNYC30,PedNYC30_scenario3,3,44.0,9.946428882834258,51.01548772086194,21.477193007327084,58.92759662909241,11.608968904508478,58.81283984827606,7.972624381128089
PedNYC30,PedNYC30_scenario3,3,45.0,9.771685249135428,50.62671325157842,20.694453359838118,58.9362828311472,11.568765709515368,58.52720072991103,8.102296006464446
PedNYC30,PedNYC30_scenario3,3,46.0,9.542712518899306,50.21794423764759,19.908390469632412,58.94293618182002,11.533969587178614,58.26069561911153,8.285587154572232
PedNYC30,PedNYC30_scenario3,3,47.0,9.246156123113707,49.847067993062154,19.123138952785855,58.94754349387672,11.506092858789213,58.02456104548411,8.48402656005184
PedNYC30,PedNYC30_scenario3,3,48.0,9.073957490705203,49.48132856552028,18.347023924113355,58.94979150143704,11.485415344437884,57.77483798214163,8.6369802259769
PedNYC30,PedNYC30_scenario3,3,49.0,8.988703770613297,49.07421692579199,17.61318399323509,58.94973400062878,11.461331673113591,57.55001924188524,8.829106050202066
PedNYC30,PedNYC30_scenario3,3,50.0,8.858872649064006,48.65346021550957,16.92673019351811,58.94443131125495,11.424392426712235,57.30912048404586,9.027864997540782
PedNYC30,PedNYC30_scenario3,3,51.0,8.790487937863784,48.26006554954337,16.27668026330383,58.93619205732093,11.393147342192224,57.06200857552304,9.178672943706589
PedNYC30,PedNYC30_scenario3,3,52.0,8.797624922278422,47.80412164914536,15.67132569169134,58.92471948297451,11.360538084351477,56.79829956946881,9.352206174949373
PedNYC30,PedNYC30_scenario3,3,53.0,8.760566622657633,47.46953097661245,15.108193835341355,58.91261649361947,11.330718263116886,56.55844822703328,9.445321394211676
PedNYC30,PedNYC30_scenario3,3,54.0,8.642830551800227,47.19079005031029,14.584579680656375,58.909994605085515,11.307482237333273,56.324815264808485,9.514766693109342
PedNYC30,PedNYC30_scenario3,3,55.0,8.637150384453028,47.09383437913805,14.073875914945376,58.91867290683047,11.28458549885055,56.083737475041794,9.371620476667026
PedNYC30,PedNYC30_scenario3,3,56.0,8.690012681453638,47.067817829318855,13.600574094374334,58.94448332191848,11.254296493625608,55.85650274464957,9.155137028484544
PedNYC30,PedNYC30_scenario3,3,57.0,8.736616545788165,47.09423700318437,13.171575702107894,58.98122549849987,11.23556336808437,55.632440777701554,8.896384598017546
PedNYC30,PedNYC30_scenario3,3,58.0,8.764218374938816,47.10364375083831,12.788494524501159,59.03054460401426,11.206254749645044,55.42095650472065,8.6684042995976
PedNYC30,PedNYC30_scenario3,3,59.0,8.788110726158605,47.09018524844866,12.45410498126388,59.090400299320066,11.178005625931636,55.20437226680471,8.458819574906357
PedNYC30,PedNYC30_scenario3,3,60.0,8.81080889560027,47.082803666353946,12.174587856912774,59.15671721080732,11.140610774795961,54.984121669761784,8.237645475940354
PedNYC30,PedNYC30_scenario3,3,61.0,8.812396405589626,47.15387045184201,11.926310492644408,59.22607059937337,11.113367745622678,54.7541313496344,7.940934127806719
PedNYC30,PedNYC30_scenario3,3,62.0,8.841142384524945,47.20613583303533,11.705546778642375,59.29674728229332,11.08118369543711,54.524348159738146,7.65336636607043
PedNYC30,PedNYC30_scenario3,3,63.0,8.86027809193642,47.23701892484087,11.510409325439031,59.36552034317745,11.040011502062624,54.301993610000565,7.393585398246764
PedNYC30,PedNYC30_scenario3,3,64.0,8.813226521473263,47.28278087759845,11.339474113831654,59.43030824553759,11.005142811503605,54.07831453195313,7.140292337850567
PedNYC30,PedNYC30_scenario3,3,65.0,8.764036860549856,47.338819269982075,11.191426009224118,59.48982252432922,10.969408230951403,53.843991321414435,6.8688373324838246
PedNYC30,PedNYC30_scenario3,3,66.0,8.764973214555999,47.348568165846636,11.06494485350259,59.543122587325506,10.919934450901014,53.62194629683409,6.633184084924921
PedNYC30,PedNYC30_scenario3,3,67.0,8.765846825598802,47.33570795797509,11.00497659954975,59.59920413927179,10.872349309962622,53.40180454028852,6.421439127063783
PedNYC30,PedNYC30_scenario3,3,68.0,8.713021958316814,47.350747437328415,11.042715105366423,59.59438594631349,10.839775810506213,53.174820411015624,6.200234507713092
PedNYC30,PedNYC30_scenario3,3,69.0,8.68658873690834,47.358032592616176,11.131567535515632,59.56760566550502,10.80263823940935,52.94790558699571,5.976984657026349
PedNYC30,PedNYC30_scenario3,3,70.0,8.708897271914262,47.340100469284955,11.197107881765046,59.54038391798589,10.754687583816404,52.73440452688867,5.769209154308113
PedNYC30,PedNYC30_scenario3,3,71.0,8.771671032286974,47.33507759694111,11.26920801849718,59.5112263664784,10.705596011871698,52.51816312263241,5.532128107093364
PedNYC30,PedNYC30_scenario3,3,72.0,8.805185984069388,47.34734796052008,11.347560620109183,59.48116075473166,10.666076810425606,52.303823669748645,5.294295621118027
PedNYC30,PedNYC30_scenario3,3,73.0,8.809137821383544,47.35678454237223,11.426205852469415,59.45206610404929,10.617806275956664,52.09942944628915,5.07582133878026
PedNYC30,PedNYC30_scenario3,3,74.0,8.79139412067261,47.35334214168126,11.467561870754203,59.435283835010644,10.558254839861148,51.9094682889872,4.886725106978731
PedNYC30,PedNYC30_scenario3,3,75.0,8.789231166650454,47.348178525188935,11.446363893415981,59.43854690516396,10.49329314398979,51.72015800196228,4.6923375590361145
PedNYC30,PedNYC30_scenario3,3,76.0,8.808923919487851,47.34448560457849,11.360145945982707,59.46241633975385,10.421598117771682,51.53386686302356,4.489057072306079
PedNYC30,PedNYC30_scenario3,3,77.0,8.811544131520147,47.34314433633992,11.21129518019954,59.50566991138051,10.36547497233664,51.3646083109909,4.31124965148811
PedNYC30,PedNYC30_scenario3,3,78.0,8.809415068482297,47.342547757205516,11.004710126207932,59.57001599521094,10.314137825165174,51.19470573795078,4.135615030814488
PedNYC30,PedNYC30_scenario3,3,79.0,8.822951345247727,47.343500540021445,10.819005940917167,59.67828402588305,10.263108267878268,51.035697575513794,3.9631264060964746
PedNYC30,PedNYC30_scenario3,3,80.0,8.837718230563013,47.35080904303194,10.726522460490495,59.667620937840475,10.216120584567697,50.88353999089242,3.792120910453266
PedNYC30,PedNYC30_scenario3,3,81.0,8.828241631997425,47.37320854143298,10.57456861360616,59.71183153644584,10.181103545811153,50.73382392162537,3.622702180891137
PedNYC30,PedNYC30_scenario3,3,82.0,8.774693836046652,47.427191875140494,10.33755314069634,59.77425057704586,10.150077321503812,50.59574917466868,3.454190946149569
PedNYC30,PedNYC30_scenario3,3,83.0,8.714846615096874,47.4621650057962,10.027254872963523,59.8574615656714,10.116845742846648,50.477851939407216,3.3256532043740417
PedNYC30,PedNYC30_scenario3,3,84.0,8.67794706434872,47.45021806505317,9.629374519903122,59.966823261304796,10.081688694113655,50.3735500482852,3.2428938384292576
PedNYC30,PedNYC30_scenario3,3,85.0,8.676459591597075,47.4643312163443,9.156640108085416,60.10484733199395,10.055877438126233,50.26146705142527,3.1187757975233277
PedNYC30,PedNYC30_scenario3,3,86.0,8.677608894178974,47.44185639223556,8.654980093719509,60.283363649105,10.032075532827163,50.14457218615756,3.0231196697991245
PedNYC30,PedNYC30_scenario3,3,87.0,8.692742858573123,47.382214597708604,8.280319003888875,60.46192158065538,10.002030378404802,50.021585738126646,2.9462711732728586
PedNYC30,PedNYC30_scenario3,3,88.0,8.734961569084138,47.35273996733189,8.051118183724325,60.662990744371776,9.962828495245988,49.91174460516371,2.8383378806630666
PedNYC30,PedNYC30_scenario3,3,89.0,8.789843661450748,47.32522178648253,7.857921364324127,60.83360744970178,9.92461081441284,49.81107774803133,2.7326134657154504
PedNYC30,PedNYC30_scenario3,3,90.0,8.854262700966746,47.31735119080879,7.715091342049744,61.01166708279104,9.894465369220978,49.7014141824783,2.6011109048426584
PedNYC30,PedNYC30_scenario3,3,91.0,8.838048319458956,47.31657950405201,7.6133818920036775,61.166154057418396,9.855789245041223,49.597301828892924,2.4974969298545293
PedNYC30,PedNYC30_scenario3,3,92.0,8.828831240647073,47.32291461943664,7.545267799458819,61.292261129232735,9.818162268388376,49.503386877594046,2.3944174972309504
PedNYC30,PedNYC30_scenario3,3,93.0,8.843582156417819,47.33179150341303,7.500248585378729,61.387854080736304,9.790185807041123,49.41550570938268,2.288650992076575
PedNYC30,PedNYC30_scenario3,3,94.0,8.874163391846144,47.34194591564005,7.469600327554581,61.458119785316356,9.757152157180336,49.34033464995661,2.184771542553072
PedNYC30,PedNYC30_scenario3,3,95.0,8.786254441090508,47.36929774623363,7.448463262146866,61.5101593894498,9.714225876263724,49.27683832001538,2.1212831081967947
PedNYC30,PedNYC30_scenario3,3,96.0,8.771622769195355,47.523519520338716,7.42582914259171,61.571547936041924,9.689209283037798,49.218054947257095,1.9270223982784882
PedNYC30,PedNYC30_scenario3,3,97.0,8.795333495528867,47.56440542170391,7.3942594396365235,61.66324141960912,9.687039046515753,49.16696207389647,1.8339374616238844
PedNYC30,PedNYC30_scenario3,3,98.0,8.833262613986752,47.68141916406056,7.355979931889061,61.787115375275384,9.688251658094485,49.125887626728435,1.6785396644662158
PedNYC30,PedNYC30_scenario3,3,99.0,8.855993184630094,47.81567921717071,7.315576571643244,61.94002241520518,9.696355657293157,49.11189921703438,1.5447962239424786
PedNYC30,PedNYC30_scenario3,3,100.0,8.823064804077148,47.84197235107422,7.278677940368652,62.11310577392578,9.710407217343649,49.170472939809166,1.5975889248022213
PedNYC31,PedNYC31_scenario3,3,0.0,12.688436508178713,66.90181732177734,82.67410278320312,58.04286193847656,12.644355590526875,66.97022012563852,0.08137610753223955
PedNYC31,PedNYC31_scenario3,3,1.0,12.641682995953465,66.82960538922958,82.00299564815064,58.06586008492395,12.622987694766106,66.90788473182705,0.08048086582522553
PedNYC31,PedNYC31_scenario3,3,2.0,12.618504516534951,66.94363064593689,81.17415010341342,58.09803398768655,12.596821088069001,66.82683139722191,0.11879493074379256
PedNYC31,PedNYC31_scenario3,3,3.0,12.709850147373418,66.94493815181985,80.1060217155708,58.1436205785644,12.560676793733327,66.72955245920404,0.26199940080050627
PedNYC31,PedNYC31_scenario3,3,4.0,12.680291796530117,66.93480555059307,78.8158288335622,58.19334792924519,12.531638175909732,66.62027026050276,0.3478941615430497
PedNYC31,PedNYC31_scenario3,3,5.0,12.556670136186506,66.9092024234082,77.36500833691726,58.26419879568483,12.509014245331464,66.50484030822167,0.4071606613258602
PedNYC31,PedNYC31_scenario3,3,6.0,12.425655456341762,66.80416344826027,75.82359174600653,58.3341483079326,12.474154817642049,66.38037874399632,0.42655089217421716
PedNYC31,PedNYC31_scenario3,3,7.0,12.460346089502945,66.79221770031717,74.22425569803126,58.40554005993021,12.441585782199857,66.26103690822887,0.5315119782409916
PedNYC31,PedNYC31_scenario3,3,8.0,12.310731169185363,66.86212083495438,72.57398100324183,58.477498423492385,12.394324518317344,66.13822426614334,0.7287071362045947
PedNYC31,PedNYC31_scenario3,3,9.0,12.163641722694353,66.68168404865072,70.93624452375481,58.52668808905275,12.35242403681343,66.0111463863118,0.6966057125369491
PedNYC31,PedNYC31_scenario3,3,10.0,11.833312370417298,66.6532404334525,69.39315661808666,58.567784729331116,12.316764553234467,65.89023763911304,0.9032714305459377
PedNYC31,PedNYC31_scenario3,3,11.0,11.440489192732887,66.60021231134036,67.95277370653173,58.608068900502616,12.298117628651637,65.76682766661018,1.1958496979840232
PedNYC31,PedNYC31_scenario3,3,12.0,10.996231654243838,66.63756913034078,66.58602147158551,58.645320907611776,12.275533799399877,65.63995512214044,1.6222970406058197
PedNYC31,PedNYC31_scenario3,3,13.0,10.698683180922531,66.74038069198568,65.27883126241203,58.67719485262953,12.264212850940591,65.50689227441624,1.9930822421527918
PedNYC31,PedNYC31_scenario3,3,14.0,10.697115371445877,66.55450534162661,64.01965344095409,58.704571119441695,12.253074744189252,65.36719636631224,1.9572205221921235
PedNYC31,PedNYC31_scenario3,3,15.0,10.813956170997209,66.2674332524872,62.79239080901847,58.729489948873585,12.238204159562459,65.22009581584179,1.7678795318491396
PedNYC31,PedNYC31_scenario3,3,16.0,10.804883151078597,66.22205284479033,61.56205106404271,58.753603095931545,12.221257721900564,65.08687809672129,1.8151414913236665
PedNYC31,PedNYC31_scenario3,3,17.0,10.758148256504777,66.19175735166432,60.31661264044555,58.77617925877108,12.210520740066558,64.9375583605288,1.9189582956314566
PedNYC31,PedNYC31_scenario3,3,18.0,11.00664446376201,65.91359162190922,59.08028825160257,58.79656016176815,12.216316590078806,64.77421327770804,1.6617730484101656
PedNYC31,PedNYC31_scenario3,3,19.0,11.007357560389,65.4695298352232,57.900995307189355,58.81326214427679,12.223647295560092,64.59526528084675,1.4978982712192512
PedNYC31,PedNYC31_scenario3,3,20.0,11.249445663371558,65.00583682709457,56.777669521564604,58.82951099771849,12.24015118710815,64.42209966934996,1.1498897791066534
PedNYC31,PedNYC31_scenario3,3,21.0,11.324674069553634,64.45212499994628,55.69710722906649,58.84848006125027,12.243589052277944,64.24093641369373,0.9428708100469376
PedNYC31,PedNYC31_scenario3,3,22.0,11.533031861001051,63.84173669321642,54.65389823426548,58.86671013378419,12.24392872877585,64.047314684676,0.7400247747099924
PedNYC31,PedNYC31_scenario3,3,23.0,11.53974336544033,63.167126446121145,53.726033253531305,58.8848463646877,12.222025528957623,63.84337427459586,0.9606352461629779
PedNYC31,PedNYC31_scenario3,3,24.0,11.811181486184038,62.65984469065895,52.92959442796567,58.900262987027745,12.204685164394675,63.6403826403698,1.0565509053464763
PedNYC31,PedNYC31_scenario3,3,25.0,11.970428013157385,62.12679276334334,52.30348378341637,58.92072105786919,12.181612566275303,63.436560537534255,1.3266840384148153
PedNYC31,PedNYC31_scenario3,3,26.0,12.193237299889716,61.658549356727114,51.78272546481057,58.92458719367143,12.175792926923075,63.228394671234454,1.5699422338509301
PedNYC31,PedNYC31_scenario3,3,27.0,12.137115996320482,61.23312068809275,51.17885850855385,58.93526951585726,12.156888009186577,63.02381444102684,1.7908029063216242
PedNYC31,PedNYC31_scenario3,3,28.0,12.192489177860656,60.852910588794344,50.44316971102608,58.9583364300839,12.13781868396215,62.82702226025918,1.9748685410215998
PedNYC31,PedNYC31_scenario3,3,29.0,12.087665560194804,60.39358477554091,49.63670129578633,58.977653430939824,12.119257345914345,62.638923661511384,2.245561122253431
PedNYC31,PedNYC31_scenario3,3,30.0,12.04741986500094,59.939970237057224,48.90533620982011,58.99725419524484,12.089225605284328,62.430188463721635,2.49056911896303
PedNYC31,PedNYC31_scenario3,3,31.0,11.885196256642143,59.46674392004745,48.27773419786164,59.012420429844866,12.04580785034371,62.219369860518,2.757307681812595
PedNYC31,PedNYC31_scenario3,3,32.0,11.819891673065506,58.84069240533884,47.739350378466504,59.02442382033259,12.017601061965486,62.0065854671612,3.172060510355084
PedNYC31,PedNYC31_scenario3,3,33.0,11.662153028698274,58.028781024105555,47.277307633841026,59.033818854720955,11.995714924773097,61.77927885403746,3.7653017821732346
PedNYC31,PedNYC31_scenario3,3,34.0,11.613040347214653,57.06600305424715,46.83861076041378,59.042317549568374,11.987137788406223,61.549282215226796,4.498859959009667
PedNYC31,PedNYC31_scenario3,3,35.0,11.408333866848873,56.15659800715244,46.338663615702536,59.052526888473174,11.960415352058593,61.30174894137763,5.174685700819881
PedNYC31,PedNYC31_scenario3,3,36.0,11.442966815408782,55.30749833405523,45.7499321021019,59.06434616228205,11.936801733365876,61.05263001429119,5.766316931061327
PedNYC31,PedNYC31_scenario3,3,37.0,11.45793700640649,54.50908508491498,45.093037257703706,59.07612527457677,11.917687983040256,60.8056605897223,6.313337789810972
PedNYC31,PedNYC31_scenario3,3,38.0,11.154727861770919,53.56119440489371,44.40908145463202,59.08821549655446,11.882471286201639,60.54070809319085,7.0173514816438605
PedNYC31,PedNYC31_scenario3,3,39.0,10.811001988015422,52.76950357591227,43.69002415194924,59.10019789091108,11.84387932006759,60.27032245895279,7.5715995337342346
PedNYC31,PedNYC31_scenario3,3,40.0,10.524057588639176,51.95832127153512,42.915637603385505,59.11237085375256,11.809607051711323,59.991833761060406,8.135721255141663
PedNYC31,PedNYC31_scenario3,3,41.0,10.136228594531776,51.17967179403091,42.06669135890568,59.124499271464735,11.768616541728573,59.69591863009969,8.671283099000107
PedNYC31,PedNYC31_scenario3,3,42.0,9.8125111390162,50.333986223992575,41.11070374427087,59.136803002712846,11.726864127060326,59.39470926477142,9.26074777674752
PedNYC31,PedNYC31_scenario3,3,43.0,9.422467538437143,49.621309546939116,40.07390364463431,59.148510872153835,11.663960004571887,59.10174001897546,9.741809401279319
PedNYC31,PedNYC31_scenario3,3,44.0,9.100241009547515,48.89658783112662,39.01726688048246,59.15872139971166,11.608968904508478,58.81283984827606,10.228673898339693
PedNYC31,PedNYC31_scenario3,3,45.0,8.837544976465658,48.27879980310142,37.955395416543205,59.16718667689052,11.568765709515368,58.52720072991103,10.606096749005859
PedNYC31,PedNYC31_scenario3,3,46.0,8.897767976943795,48.049191805753736,36.94445137692055,59.17334480663021,11.533969587178614,58.26069561911153,10.546296461792899
PedNYC31,PedNYC31_scenario3,3,47.0,9.272205461575814,48.34272167346162,36.014787442996905,59.17764235242318,11.506092858789213,58.02456104548411,9.936209867402852
PedNYC31,PedNYC31_scenario3,3,48.0,9.536979470774282,48.330565524907634,35.170660998326234,59.18093035070104,11.485415344437884,57.77483798214163,9.643167767919826
PedNYC31,PedNYC31_scenario3,3,49.0,9.517514589004866,48.43757362110789,34.41270203527345,59.182102171077446,11.461331673113591,57.55001924188524,9.317461566762551
PedNYC31,PedNYC31_scenario3,3,50.0,9.529715248413831,48.587675169714224,33.75973231945274,59.182058446055755,11.424392426712235,57.30912048404586,8.9248759084282
PedNYC31,PedNYC31_scenario3,3,51.0,9.635918022216341,48.63857781373759,33.189943449120534,59.18168457990133,11.393147342192224,57.06200857552304,8.604768485065492
PedNYC31,PedNYC31_scenario3,3,52.0,9.61224072610036,48.606987870539164,32.60081896859127,59.181354529028596,11.360538084351477,56.79829956946881,8.375806289658895
PedNYC31,PedNYC31_scenario3,3,53.0,9.638918274237776,48.572243347844434,31.887302359072354,59.181186736300994,11.330718263116886,56.55844822703328,8.163434055270557
PedNYC31,PedNYC31_scenario3,3,54.0,9.749015394282361,48.662733965229805,31.09069427313151,59.181369706329576,11.307482237333273,56.324815264808485,7.81897107951183
PedNYC31,PedNYC31_scenario3,3,55.0,9.923137423894731,48.840889932908,30.199907594353945,59.18008383217002,11.28458549885055,56.083737475041794,7.369693438630569
PedNYC31,PedNYC31_scenario3,3,56.0,9.772764225801975,49.18863840871608,29.19747543715991,59.17286557784834,11.254296493625608,55.85650274464957,6.830472360167806
PedNYC31,PedNYC31_scenario3,3,57.0,9.903722264501251,49.55718790051398,28.163857530396225,59.16368454878068,11.23556336808437,55.632440777701554,6.219525564459831
PedNYC31,PedNYC31_scenario3,3,58.0,9.768167455486266,49.98419731347922,27.238573840117457,59.15365068817248,11.206254749645044,55.42095650472065,5.623739464908476
PedNYC31,PedNYC31_scenario3,3,59.0,9.886088255869257,50.01040259981119,26.42422929315404,59.143891372516144,11.178005625931636,55.20437226680471,5.352230506313953
PedNYC31,PedNYC31_scenario3,3,60.0,9.861979428591303,50.1174283900731,25.719325249183907,59.13458377318763,11.140610774795961,54.984121669761784,5.031858662369614
PedNYC31,PedNYC31_scenario3,3,61.0,9.872144931550796,50.015469988586915,25.100615934331017,59.12570774691126,11.113367745622678,54.7541313496344,4.898524835994701
PedNYC31,PedNYC31_scenario3,3,62.0,9.85830686464159,49.9730361200243,24.54054392191108,59.117086968342896,11.08118369543711,54.524348159738146,4.712734771461337
PedNYC31,PedNYC31_scenario3,3,63.0,9.830616714146398,49.95368230392892,23.893170454434262,59.10581370713074,11.040011502062624,54.301993610000565,4.5133631548491
PedNYC31,PedNYC31_scenario3,3,64.0,9.82969855467707,49.92453352447624,23.050383579962848,59.087703422249604,11.005142811503605,54.07831453195313,4.316893079401232
PedNYC31,PedNYC31_scenario3,3,65.0,9.809226453723635,49.936733498215766,22.047190702676133,59.06316599562339,10.969408230951403,53.843991321414435,4.075866221204836
PedNYC31,PedNYC31_scenario3,3,66.0,9.792057718723067,49.98686465934694,21.083416883372326,59.036268511976196,10.919934450901014,53.62194629683409,3.8060378918482467
PedNYC31,PedNYC31_scenario3,3,67.0,9.721524759644531,50.029611642740285,20.25161332483694,59.01030938802266,10.872349309962622,53.40180454028852,3.5631561969537096
PedNYC31,PedNYC31_scenario3,3,68.0,9.701655379051655,50.025216032260104,19.53858632731623,58.98623303410375,10.839775810506213,53.174820411015624,3.3489290615314995
PedNYC31,PedNYC31_scenario3,3,69.0,9.680328991176228,50.02528784390872,18.91070400299304,58.96356041274492,10.80263823940935,52.94790558699571,3.130698407843923
PedNYC31,PedNYC31_scenario3,3,70.0,9.664655283880128,50.02013937956622,18.241450968676855,58.93947238192038,10.754687583816404,52.73440452688867,2.9249625134134165
PedNYC31,PedNYC31_scenario3,3,71.0,9.667717654542631,50.02041749777414,17.44856222458952,58.91162581524653,10.705596011871698,52.51816312263241,2.7047966080854775
PedNYC31,PedNYC31_scenario3,3,72.0,9.80254375318509,49.98817610476133,16.53220025646718,58.87835023413447,10.666076810425606,52.303823669748645,2.471419225096956
PedNYC31,PedNYC31_scenario3,3,73.0,9.915206352637806,49.96661445034342,15.676960092453461,58.84618187645586,10.617806275956664,52.09942944628915,2.2455615019808843
PedNYC31,PedNYC31_scenario3,3,74.0,9.9592708173515,49.95104875765599,14.945563374836235,58.81807206623443,10.558254839861148,51.9094682889872,2.0479719040849633
PedNYC31,PedNYC31_scenario3,3,75.0,9.82311324649151,49.9951066805666,14.33227463383961,58.798969274920914,10.49329314398979,51.72015800196228,1.8506601947574806
PedNYC31,PedNYC31_scenario3,3,76.0,9.709797176570515,50.04114798556528,13.773469171965392,58.782132944631726,10.421598117771682,51.53386686302356,1.6537443052102025
PedNYC31,PedNYC31_scenario3,3,77.0,9.815498234505093,50.05080910571373,13.090378844501332,58.76481838444149,10.36547497233664,51.3646083109909,1.4242692034663802
PedNYC31,PedNYC31_scenario3,3,78.0,10.023422316702158,50.0332859187059,12.21187757884473,58.74517770065274,10.314137825165174,51.19470573795078,1.1972516458104003
PedNYC31,PedNYC31_scenario3,3,79.0,9.971058418647512,50.07727361703566,11.165896081794232,58.74672429489658,10.263108267878268,51.035697575513794,1.0019329311987935
PedNYC31,PedNYC31_scenario3,3,80.0,9.905519239311076,50.073945361809265,10.202652529417433,58.83713297886422,10.216120584567697,50.88353999089242,0.8671312813614319
PedNYC31,PedNYC31_scenario3,3,81.0,9.886712606352342,50.0368133023094,9.42723522979246,59.065091641995195,10.181103545811153,50.73382392162537,0.7566305760902612
PedNYC31,PedNYC31_scenario3,3,82.0,9.886064321750126,50.03333333985746,8.826116463595952,59.36984317134803,10.150077321503812,50.59574917466868,0.6213005997786802
PedNYC31,PedNYC31_scenario3,3,83.0,9.871649288811772,50.05847687327871,8.278798241924806,59.73434672507766,10.116845742846648,50.477851939407216,0.4857949641171349
PedNYC31,PedNYC31_scenario3,3,84.0,9.833587717189866,50.226099585883745,7.713867231451071,60.22134282966564,10.081688694113655,50.3735500482852,0.2886100026210845
PedNYC31,PedNYC31_scenario3,3,85.0,9.94933506639979,50.17292089310142,7.103649363123023,60.92892434563436,10.055877438126233,50.26146705142527,0.1385341081719876
PedNYC31,PedNYC31_scenario3,3,86.0,9.984836528525504,50.096243102907124,6.549909407527701,61.85932567438532,10.032075532827163,50.14457218615756,0.06758123863351259
PedNYC31,PedNYC31_scenario3,3,87.0,9.879576852916243,50.064948658903425,6.151185565559277,62.93213063061689,10.002030378404802,50.021585738126646,0.1299046142478031
PedNYC31,PedNYC31_scenario3,3,88.0,9.835391608232099,50.03069134513297,5.888557920218815,64.06407383966916,9.962828495245988,49.91174460516371,0.17432293917068295
PedNYC31,PedNYC31_scenario3,3,89.0,9.907030907678854,50.0152393779115,5.673472969808434,65.26732963267528,9.92461081441284,49.81107774803133,0.20491711552748004
PedNYC31,PedNYC31_scenario3,3,90.0,10.030093017238487,50.016464466677206,5.491962677190686,66.51113486858785,9.894465369220978,49.7014141824783,0.3430037033044563
PedNYC31,PedNYC31_scenario3,3,91.0,10.026049066548083,50.0730285264431,5.359793239620527,67.70962484907719,9.855789245041223,49.597301828892924,0.5052764565874287
PedNYC31,PedNYC31_scenario3,3,92.0,9.908146270431736,50.05128933572733,5.2954066844471805,68.88734698394856,9.818162268388376,49.503386877594046,0.5552424913965405
PedNYC31,PedNYC31_scenario3,3,93.0,9.827404754861078,49.95690438101617,5.275933325197593,70.09334899608668,9.790185807041123,49.41550570938268,0.542676489009186
PedNYC31,PedNYC31_scenario3,3,94.0,9.788401612354168,49.9598704953937,5.2459997384224035,71.34283801949867,9.757152157180336,49.34033464995661,0.620323457746129
PedNYC31,PedNYC31_scenario3,3,95.0,9.768861094727944,49.99834829597988,5.2303300926434515,72.63182907208657,9.714225876263724,49.27683832001538,0.7235756024859659
PedNYC31,PedNYC31_scenario3,3,96.0,9.876360380109315,50.06113891279925,5.220227725946482,73.9614683833446,9.689209283037798,49.218054947257095,0.8636064532467091
PedNYC31,PedNYC31_scenario3,3,97.0,9.944044096835148,49.9764846651584,5.216387865024702,75.30644549491979,9.687039046515753,49.16696207389647,0.8493399917895696
PedNYC31,PedNYC31_scenario3,3,98.0,9.98188308298879,49.91847058780762,5.2186205093621,76.31861915551829,9.688251658094485,49.125887626728435,0.845226102222658
PedNYC31,PedNYC31_scenario3,3,99.0,10.024592871245403,49.93341565899686,5.218975423763136,76.39950747441958,9.696355657293157,49.11189921703438,0.88466317490773
PedNYC31,PedNYC31_scenario3,3,100.0,9.898595809936523,50.03166580200195,5.2189764976501465,76.39957427978516,9.710407217343649,49.170472939809166,0.881514658002856
PedNYC3,PedNYC3_scenario3,3,0.0,12.769174575805664,67.16331481933594,84.68994903564453,58.0099983215332,12.644355590526875,66.97022012563852,0.22992463943676497
PedNYC3,PedNYC3_scenario3,3,1.0,12.633809051544512,67.13520981307013,84.69008782909461,58.01000169587004,12.622987694766106,66.90788473182705,0.22758250004053165
PedNYC3,PedNYC3_scenario3,3,2.0,12.606507113841339,67.0311571928773,84.69005299734637,58.01000046636697,12.596821088069001,66.82683139722191,0.20455524893160723
PedNYC3,PedNYC3_scenario3,3,3.0,12.658763107014568,66.96385734967166,84.68951428090337,58.0099983215332,12.560676793733327,66.72955245920404,0.2540072962537605
PedNYC3,PedNYC3_scenario3,3,4.0,12.692349119167496,66.97088613962184,84.6741270990753,58.00997018069619,12.531638175909732,66.62027026050276,0.385693533745696
PedNYC3,PedNYC3_scenario3,3,5.0,12.714958842744107,66.98978985827314,84.60316392043624,58.00982302007498,12.509014245331464,66.50484030822167,0.5268673868238349
PedNYC3,PedNYC3_scenario3,3,6.0,12.68385076176566,66.9376782854899,84.43396360265284,58.00951386615098,12.474154817642049,66.38037874399632,0.5954453525982417
PedNYC3,PedNYC3_scenario3,3,7.0,12.645263064902004,66.83680527794803,84.14494968801368,58.01082397633635,12.441585782199857,66.26103690822887,0.6107320615932864
PedNYC3,PedNYC3_scenario3,3,8.0,12.580244877812968,66.74904988954636,83.73014677279164,58.01664635030337,12.394324518317344,66.13822426614334,0.6384937918888998
PedNYC3,PedNYC3_scenario3,3,9.0,12.457070180813693,66.68640667302654,83.18978047705312,58.031103743224236,12.35242403681343,66.0111463863118,0.6833207667473634
PedNYC3,PedNYC3_scenario3,3,10.0,12.379253311937312,66.62795585254425,82.52516305676996,58.055062505299304,12.316764553234467,65.89023763911304,0.7403600525368421
PedNYC3,PedNYC3_scenario3,3,11.0,12.390331623372544,66.51880137401477,81.73869567530383,58.09047553626402,12.298117628651637,65.76682766661018,0.7576066772740246
PedNYC3,PedNYC3_scenario3,3,12.0,12.441932445329272,66.35418894484563,80.8329890035431,58.13569771051353,12.275533799399877,65.63995512214044,0.7333610726396746
PedNYC3,PedNYC3_scenario3,3,13.0,12.431423264770876,66.20158569907436,79.81237086967752,58.19281130046386,12.264212850940591,65.50689227441624,0.7145336078565593
PedNYC3,PedNYC3_scenario3,3,14.0,12.356636751765272,66.05051556417281,78.68041920411035,58.26575109149817,12.253074744189252,65.36719636631224,0.6911224316848557
PedNYC3,PedNYC3_scenario3,3,15.0,12.329253446045522,65.95615463753713,77.44139465411375,58.35122147358264,12.238204159562459,65.22009581584179,0.7416687680930102
PedNYC3,PedNYC3_scenario3,3,16.0,12.327422295668248,65.86835425531982,76.10181126927024,58.434751077437134,12.221257721900564,65.08687809672129,0.7886544891022791
PedNYC3,PedNYC3_scenario3,3,17.0,12.31407749738474,65.83524060020852,74.66873071792327,58.50502613338892,12.210520740066558,64.9375583605288,0.90363565966747
PedNYC3,PedNYC3_scenario3,3,18.0,12.280215250232903,65.84012676061673,73.14808268351663,58.56042922667097,12.216316590078806,64.77421327770804,1.0678270420887503
PedNYC3,PedNYC3_scenario3,3,19.0,12.258081281650801,65.83647040750637,71.5435705197602,58.59911533825336,12.223647295560092,64.59526528084675,1.2416826751808305
PedNYC3,PedNYC3_scenario3,3,20.0,12.22847111745497,65.8675224352969,69.85931113859965,58.6282872215512,12.24015118710815,64.42209966934996,1.4454699569153338
PedNYC3,PedNYC3_scenario3,3,21.0,12.235696009002751,65.94816149951619,68.09957771493362,58.65444566248334,12.243589052277944,64.24093641369373,1.7072433317467206
PedNYC3,PedNYC3_scenario3,3,22.0,12.23394007004047,65.96053158168229,66.26801775157735,58.68271753203728,12.24392872877585,64.047314684676,1.9132429715782893
PedNYC3,PedNYC3_scenario3,3,23.0,12.137162375510993,65.88592837317674,64.36766813781132,58.71336133697967,12.222025528957623,63.84337427459586,2.0443162672254154
PedNYC3,PedNYC3_scenario3,3,24.0,12.089328997624097,65.83011128464447,62.400381494507,58.74602370103693,12.204685164394675,63.6403826403698,2.192765053709357
PedNYC3,PedNYC3_scenario3,3,25.0,12.039676412538997,65.81549301348277,60.37068879000665,58.780312937577335,12.181612566275303,63.436560537534255,2.3831629396371463
PedNYC3,PedNYC3_scenario3,3,26.0,12.054207623025484,65.81928511364997,58.29026939177595,58.81161580599302,12.175792926923075,63.228394671234454,2.593741750969808
PedNYC3,PedNYC3_scenario3,3,27.0,12.087705510942218,65.81322257108285,56.175310508162454,58.837157700152595,12.156888009186577,63.02381444102684,2.7902659253350492
PedNYC3,PedNYC3_scenario3,3,28.0,12.116603001753964,65.80861762370547,54.02996615255895,58.85016932546459,12.13781868396215,62.82702226025918,2.9816708430837915
PedNYC3,PedNYC3_scenario3,3,29.0,12.118545917846768,65.78141098852556,51.85691904198441,58.84402358116101,12.119257345914345,62.638923661511384,3.14248740754432
PedNYC3,PedNYC3_scenario3,3,30.0,12.069418255716654,65.75972739986112,49.65501588427169,58.8254957673034,12.089225605284328,62.430188463721635,3.3295978523488015
PedNYC3,PedNYC3_scenario3,3,31.0,12.026457074001348,65.78329650227452,47.423429780863984,58.80344237105337,12.04580785034371,62.219369860518,3.563979175074819
PedNYC3,PedNYC3_scenario3,3,32.0,12.024525149161244,65.8002910217916,45.1632663791084,58.78383790228075,12.017601061965486,62.0065854671612,3.7937118733790243
PedNYC3,PedNYC3_scenario3,3,33.0,12.056948685909697,65.786624091135,42.890705456068765,58.76750826379684,11.995714924773097,61.77927885403746,4.007813047385227
PedNYC3,PedNYC3_scenario3,3,34.0,12.105315006866006,65.75483173818012,40.699279597003475,58.751913081259545,11.987137788406223,61.549282215226796,4.207209603166424
PedNYC3,PedNYC3_scenario3,3,35.0,12.094114326586205,65.66878022879317,38.65035008533584,58.736504890967424,11.960415352058593,61.30174894137763,4.369077440496555
PedNYC3,PedNYC3_scenario3,3,36.0,11.978372879428568,65.48698783370756,36.747790641769456,58.721694946145796,11.936801733365876,61.05263001429119,4.4345526753894875
PedNYC3,PedNYC3_scenario3,3,37.0,11.827886486332767,65.22614140962774,34.98159014409153,58.70786371345145,11.917687983040256,60.8056605897223,4.4213928787162535
PedNYC3,PedNYC3_scenario3,3,38.0,11.743859533172575,64.91787203441989,33.30561414906822,58.69484125224058,11.882471286201639,60.54070809319085,4.37935810210509
PedNYC3,PedNYC3_scenario3,3,39.0,11.706863689571817,64.63577477279607,31.666891101336038,58.68254042939471,11.84387932006759,60.27032245895279,4.367601995081487
PedNYC3,PedNYC3_scenario3,3,40.0,11.607182018945755,64.30901684640985,30.05003375300905,58.67167543528545,11.809607051711323,59.991833761060406,4.321926154658066
PedNYC3,PedNYC3_scenario3,3,41.0,11.502753262720033,63.949643766960435,28.44062076807415,58.665695375515035,11.768616541728573,59.69591863009969,4.2620254367009744
PedNYC3,PedNYC3_scenario3,3,42.0,11.461026172155263,63.57339660081162,26.8303267863796,58.66380808754134,11.726864127060326,59.39470926477142,4.187134780569027
PedNYC3,PedNYC3_scenario3,3,43.0,11.391657120865146,63.23772926461716,25.21697934632914,58.666306912398184,11.663960004571887,59.10174001897546,4.144943413430245
PedNYC3,PedNYC3_scenario3,3,44.0,11.298308981191841,62.90670566642037,23.60512784066275,58.672640014871014,11.608968904508478,58.81283984827606,4.10563599518095
PedNYC3,PedNYC3_scenario3,3,45.0,11.260896121718828,62.571592442605386,22.03125040946239,58.68235612801698,11.568765709515368,58.52720072991103,4.056092702195155
PedNYC3,PedNYC3_scenario3,3,46.0,11.244987806999834,62.24468754523711,20.5489350276267,58.69475285082739,11.533969587178614,58.26069561911153,3.994458929155378
PedNYC3,PedNYC3_scenario3,3,47.0,11.216485336118076,62.01589706348719,19.170316415888546,58.709127983512936,11.506092858789213,58.02456104548411,4.0018290475476785
PedNYC3,PedNYC3_scenario3,3,48.0,11.222630713575475,61.88958952762827,17.895702661183286,58.72362407609274,11.485415344437884,57.77483798214163,4.123134249973216
PedNYC3,PedNYC3_scenario3,3,49.0,11.288904978861442,61.85402676529406,16.836049425470133,58.73416360481939,11.461331673113591,57.55001924188524,4.307460008688468
PedNYC3,PedNYC3_scenario3,3,50.0,11.302099269066039,61.858454535957094,16.121343491696113,58.73729830770062,11.424392426712235,57.30912048404586,4.550977469982261
PedNYC3,PedNYC3_scenario3,3,51.0,11.292729631394085,61.84425183377792,15.733872879437708,58.73742922738202,11.393147342192224,57.06200857552304,4.783297429364621
PedNYC3,PedNYC3_scenario3,3,52.0,11.2969197620053,61.830178791867525,15.426476578588638,58.73695793797831,11.360538084351477,56.79829956946881,5.032281371281423
PedNYC3,PedNYC3_scenario3,3,53.0,11.313707176657584,61.817316557792566,15.116171981354823,58.73548897200072,11.330718263116886,56.55844822703328,5.258895843932019
PedNYC3,PedNYC3_scenario3,3,54.0,11.336290269102816,61.783539548581665,14.748629276746614,58.73292105474462,11.307482237333273,56.324815264808485,5.458800299420143
PedNYC3,PedNYC3_scenario3,3,55.0,11.327008102939256,61.69688737540944,14.27620284238578,58.729690111128185,11.28458549885055,56.083737475041794,5.613310207117987
PedNYC3,PedNYC3_scenario3,3,56.0,11.251768806131532,61.60022235154838,13.673121382867977,58.72240550755225,11.254296493625608,55.85650274464957,5.743720163089244
PedNYC3,PedNYC3_scenario3,3,57.0,11.2000931449473,61.525532202217,12.929794998539679,58.704120337222314,11.23556336808437,55.632440777701554,5.893198170299968
PedNYC3,PedNYC3_scenario3,3,58.0,11.189808730613562,61.522936480130305,12.039730964757013,58.676406691309396,11.206254749645044,55.42095650472065,6.102002137974257
PedNYC3,PedNYC3_scenario3,3,59.0,11.176979936587585,61.523785926533364,10.996693086402384,58.65959585123362,11.178005625931636,55.20437226680471,6.31941374296728
PedNYC3,PedNYC3_scenario3,3,60.0,11.190960757839175,61.528890797957914,9.819378458588636,58.730865122765,11.140610774795961,54.984121669761784,6.5449628006721
PedNYC3,PedNYC3_scenario3,3,61.0,11.220923385419455,61.52030911560331,8.60069282134924,59.00335861719677,11.113367745622678,54.7541313496344,6.7670325679978935
PedNYC3,PedNYC3_scenario3,3,62.0,11.217147009627128,61.479322464576946,7.453177115559072,59.53472524239772,11.08118369543711,54.524348159738146,6.956303156402363
PedNYC3,PedNYC3_scenario3,3,63.0,11.283986054882359,61.34839103586045,6.486484364298859,60.32897634038414,11.040011502062624,54.301993610000565,7.050619849742888
PedNYC3,PedNYC3_scenario3,3,64.0,11.430582299698322,61.11769601003596,5.745119238499738,61.33502959936125,11.005142811503605,54.07831453195313,7.0522259147088375
PedNYC3,PedNYC3_scenario3,3,65.0,11.520893604076269,60.84421811349626,5.247966008808851,62.500833212945444,10.969408230951403,53.843991321414435,7.021916494615332
PedNYC3,PedNYC3_scenario3,3,66.0,11.64625470835253,60.55576285850921,4.954779629761156,63.77559343979536,10.919934450901014,53.62194629683409,6.971753956311471
PedNYC3,PedNYC3_scenario3,3,67.0,11.743623749968629,60.33908259423881,4.850880207501052,65.12444434909345,10.872349309962622,53.40180454028852,6.991777023591933
PedNYC3,PedNYC3_scenario3,3,68.0,11.807011885421385,60.04866120779084,4.906967674457631,66.52945792949596,10.839775810506213,53.174820411015624,6.9415583930432145
PedNYC3,PedNYC3_scenario3,3,69.0,11.798119142058985,59.8248904186985,5.077590667349938,67.98513993454013,10.80263823940935,52.94790558699571,6.948661928962325
PedNYC3,PedNYC3_scenario3,3,70.0,11.753101014610815,59.48773594693541,5.235122337153359,69.50340256667205,10.754687583816404,52.73440452688867,6.8267352847302645
PedNYC3,PedNYC3_scenario3,3,71.0,11.763548443550127,59.126232271975105,5.323450294597464,71.08022095054085,10.705596011871698,52.51816312263241,6.69222244326868
PedNYC3,PedNYC3_scenario3,3,72.0,11.832238642514904,58.805316700084376,5.354452991442622,72.71011031136456,10.666076810425606,52.303823669748645,6.605251323161439
PedNYC3,PedNYC3_scenario3,3,73.0,11.811613024531278,58.416801477306635,5.359604254352878,74.39119214514838,10.617806275956664,52.09942944628915,6.429180657846245
PedNYC3,PedNYC3_scenario3,3,74.0,11.776071325709047,57.97735323441556,5.353831976743017,76.12194963155764,10.558254839861148,51.9094682889872,6.188885578531814
PedNYC3,PedNYC3_scenario3,3,75.0,11.767064787914185,57.481829827726955,5.341160494175996,77.89455864614844,10.49329314398979,51.72015800196228,5.900792864410364
PedNYC3,PedNYC3_scenario3,3,76.0,11.672198380105563,57.04235500061099,5.3416897422500265,79.62432309771455,10.421598117771682,51.53386686302356,5.648667327617283
PedNYC3,PedNYC3_scenario3,3,77.0,11.592514875350963,56.5868078011547,5.3603923927996835,81.22426525240967,10.36547497233664,51.3646083109909,5.364419301159856
PedNYC3,PedNYC3_scenario3,3,78.0,11.555012154849079,56.08997050124021,5.391320522160048,82.56221730706478,10.314137825165174,51.19470573795078,5.050087742284447
PedNYC3,PedNYC3_scenario3,3,79.0,11.461037310905615,55.65596883912138,5.419897450360957,83.44220667401046,10.263108267878268,51.035697575513794,4.773043111207612
PedNYC3,PedNYC3_scenario3,3,80.0,11.359910559054354,55.20894456828723,5.4315124665280505,83.74853685828471,10.216120584567697,50.88353999089242,4.47407870559785
PedNYC3,PedNYC3_scenario3,3,81.0,11.30811454703571,54.78331177304177,5.431560653819675,83.74980656726039,10.181103545811153,50.73382392162537,4.203392160582943
PedNYC3,PedNYC3_scenario3,3,82.0,11.196879349597065,54.36307101293213,5.4315716830995076,83.75005659756087,10.150077321503812,50.59574917466868,3.9100522143670715
PedNYC3,PedNYC3_scenario3,3,83.0,11.040473788795897,53.955880831187734,5.431573780176162,83.75008392333984,10.116845742846648,50.477851939407216,3.5985794057272162
PedNYC3,PedNYC3_scenario3,3,84.0,10.944446991562844,53.5205522002697,5.431573015934229,83.75007629394531,10.081688694113655,50.3735500482852,3.2631234154430113
PedNYC3,PedNYC3_scenario3,3,85.0,10.830017580298557,53.09725973432834,5.431573390960693,83.75007629394531,10.055877438126233,50.26146705142527,2.939560018119918
PedNYC3,PedNYC3_scenario3,3,86.0,10.673633320598839,52.68070558098884,5.431573390960693,83.75007629394531,10.032075532827163,50.14457218615756,2.6160215961319833
PedNYC3,PedNYC3_scenario3,3,87.0,10.587726741936104,52.286301733058316,5.431573390960693,83.75007629394531,10.002030378404802,50.021585738126646,2.339226104495488
PedNYC3,PedNYC3_scenario3,3,88.0,10.498831061847723,51.89987034167504,5.431573390960693,83.75007629394531,9.962828495245988,49.91174460516371,2.0591121134077084
PedNYC3,PedNYC3_scenario3,3,89.0,10.3284799520739,51.49900589502423,5.431573390960693,83.75007629394531,9.92461081441284,49.81107774803133,1.735572444401553
PedNYC3,PedNYC3_scenario3,3,90.0,10.187948972177011,51.11747361619511,5.4315735519868875,83.75007629394531,9.894465369220978,49.7014141824783,1.446152462578697
PedNYC3,PedNYC3_scenario3,3,91.0,10.041378740576123,50.71420278015374,5.431573633844391,83.75008003720068,9.855789245041223,49.597301828892924,1.132215172032338
PedNYC3,PedNYC3_scenario3,3,92.0,9.843669811806302,50.35056032571737,5.431573390960693,83.75007629394531,9.818162268388376,49.503386877594046,0.8475573644163416
PedNYC3,PedNYC3_scenario3,3,93.0,9.690721347425368,50.002135537022774,5.431573042333279,83.75007629394531,9.790185807041123,49.41550570938268,0.5950022969734673
PedNYC3,PedNYC3_scenario3,3,94.0,9.555183125747584,49.63681733222368,5.431573390960693,83.75007629394531,9.757152157180336,49.34033464995661,0.35873872183270017
PedNYC3,PedNYC3_scenario3,3,95.0,9.367539359027973,49.29238154217017,5.431573390960693,83.75007629394531,9.714225876263724,49.27683832001538,0.34703477201572747
PedNYC3,PedNYC3_scenario3,3,96.0,9.206464993743733,48.918302656081764,5.431573390960693,83.75007629394531,9.689209283037798,49.218054947257095,0.5682371731160254
PedNYC3,PedNYC3_scenario3,3,97.0,9.157409762283736,48.6921176097393,5.431573390960693,83.75007629394531,9.687039046515753,49.16696207389647,0.7113258352237961
PedNYC3,PedNYC3_scenario3,3,98.0,9.037774810896686,48.26047822355233,5.431573390960693,83.75007629394531,9.688251658094485,49.125887626728435,1.0826142266966596
PedNYC3,PedNYC3_scenario3,3,99.0,8.956670675940515,48.06593019826453,5.431576045719072,83.75011877007937,9.696355657293157,49.11189921703438,1.2810874520753892
PedNYC3,PedNYC3_scenario3,3,100.0,8.985498428344727,48.0067138671875,5.43157958984375,83.75015258789062,9.710407217343649,49.170472939809166,1.3710681717103361
PedNYC4,PedNYC4_scenario3,3,0.0,12.598133087158203,66.92070770263672,42.58454132080078,58.083641052246094,12.644355590526875,66.97022012563852,0.06773477577416258
PedNYC4,PedNYC4_scenario3,3,1.0,12.6156170313404,66.82687458547103,41.69044312645338,58.083131996159175,12.622987694766106,66.90788473182705,0.0813447631501811
PedNYC4,PedNYC4_scenario3,3,2.0,12.650334701512401,66.70511766166081,40.83962875181281,58.08381518484414,12.596821088069001,66.82683139722191,0.13295841548396767
PedNYC4,PedNYC4_scenario3,3,3.0,12.673568697915172,66.57756065049534,40.0299998142817,58.087841725642015,12.560676793733327,66.72955245920404,0.18933064185267312
PedNYC4,PedNYC4_scenario3,3,4.0,12.643222277090699,66.41700960419941,39.25947914682921,58.093798514477044,12.531638175909732,66.62027026050276,0.23187476369203155
PedNYC4,PedNYC4_scenario3,3,5.0,12.592161948688338,66.25414184812202,38.52620393160266,58.09973253411555,12.509014245331464,66.50484030822167,0.2641273527483692
PedNYC4,PedNYC4_scenario3,3,6.0,12.583221371594247,66.08399630275188,37.82788168475261,58.10606044790464,12.474154817642049,66.38037874399632,0.3158133383329736
PedNYC4,PedNYC4_scenario3,3,7.0,12.60850338605433,65.89570229090425,37.14580535332138,58.11274847900361,12.441585782199857,66.26103690822887,0.4016601412789748
PedNYC4,PedNYC4_scenario3,3,8.0,12.622675168802123,65.6818936834758,36.45143140715906,58.11893118348699,12.394324518317344,66.13822426614334,0.5102760235936158
PedNYC4,PedNYC4_scenario3,3,9.0,12.60844071301187,65.48891175812922,35.73538307705936,58.125239801955765,12.35242403681343,66.0111463863118,0.5816128827361786
PedNYC4,PedNYC4_scenario3,3,10.0,12.604794024571827,65.29986264365122,34.99832680379405,58.13172354026185,12.316764553234467,65.89023763911304,0.6568893450387342
PedNYC4,PedNYC4_scenario3,3,11.0,12.626730252950313,65.1230162571043,34.26058280701117,58.1382049475582,12.298117628651637,65.76682766661018,0.7228273568829692
PedNYC4,PedNYC4_scenario3,3,12.0,12.662914334101654,64.96824766982162,33.54566111585696,58.14447408203102,12.275533799399877,65.63995512214044,0.7754060743677889
PedNYC4,PedNYC4_scenario3,3,13.0,12.710204599468844,64.79365155473994,32.86127194414843,58.15047244692769,12.264212850940591,65.50689227441624,0.8412020946001405
PedNYC4,PedNYC4_scenario3,3,14.0,12.746900297173694,64.62288872124161,32.20862427868873,58.15617797046963,12.253074744189252,65.36719636631224,0.8932287205923144
PedNYC4,PedNYC4_scenario3,3,15.0,12.750260237689218,64.4574012549785,31.587169467126994,58.16160575789145,12.238204159562459,65.22009581584179,0.918642705472041
PedNYC4,PedNYC4_scenario3,3,16.0,12.714561611653176,64.29797678549873,30.998527698402242,58.1667400553668,12.221257721900564,65.08687809672129,0.9304375349768148
PedNYC4,PedNYC4_scenario3,3,17.0,12.663179225655506,64.14037710445454,30.50903998975002,58.17063800775765,12.210520740066558,64.9375583605288,0.9167320544258308
PedNYC4,PedNYC4_scenario3,3,18.0,12.612528979689804,63.969862027695356,30.288951128411252,58.172162247833484,12.216316590078806,64.77421327770804,0.8966410603347522
PedNYC4,PedNYC4_scenario3,3,19.0,12.585514957499102,63.86148783656393,30.28382367230989,58.17220576546154,12.223647295560092,64.59526528084675,0.81815496239736
PedNYC4,PedNYC4_scenario3,3,20.0,12.574863552476433,63.70031042616348,30.283294237252335,58.17221301154321,12.24015118710815,64.42209966934996,0.7956205622720796
PedNYC4,PedNYC4_scenario3,3,21.0,12.553362546266746,63.54742672764583,30.283140733621796,58.17221450805664,12.243589052277944,64.24093641369373,0.7595494073595819
PedNYC4,PedNYC4_scenario3,3,22.0,12.50403810323297,63.41083474263456,30.28311537512011,58.17221450805664,12.24392872877585,64.047314684676,0.6875780706956409
PedNYC4,PedNYC4_scenario3,3,23.0,12.432710057486418,63.30000909494709,30.283111572265625,58.172210693359375,12.222025528957623,63.84337427459586,0.5827809957575288
PedNYC4,PedNYC4_scenario3,3,24.0,12.35571377948484,63.17277316926347,30.283112738243027,58.17221302531419,12.204685164394675,63.6403826403698,0.49139420025514513
PedNYC4,PedNYC4_scenario3,3,25.0,12.337764930317629,63.06664710213216,30.28311302868204,58.17221450805664,12.181612566275303,63.436560537534255,0.40152149442712076
PedNYC4,PedNYC4_scenario3,3,26.0,12.373432257194281,62.94831810980616,30.28311538696289,58.17221252379499,12.175792926923075,63.228394671234454,0.3427888346074718
PedNYC4,PedNYC4_scenario3,3,27.0,12.409984149681573,62.83371310436092,30.28311347961425,58.17221450805664,12.156888009186577,63.02381444102684,0.3165377932184947
PedNYC4,PedNYC4_scenario3,3,28.0,12.413753377587899,62.711659126443706,30.28311347961425,58.17221415152368,12.13781868396215,62.82702226025918,0.2990796010931903
PedNYC4,PedNYC4_scenario3,3,29.0,12.343068306128728,62.579193678882255,30.283114922554326,58.17221450805664,12.119257345914345,62.638923661511384,0.23164415972987573
PedNYC4,PedNYC4_scenario3,3,30.0,12.252756263355657,62.44280640892575,30.283111572265625,58.17221450805664,12.089225605284328,62.430188463721635,0.16401673289764013
PedNYC4,PedNYC4_scenario3,3,31.0,12.192271341241414,62.29379578202808,30.28311359778354,58.17221653357456,12.04580785034371,62.219369860518,0.1642886848159843
PedNYC4,PedNYC4_scenario3,3,32.0,12.19545027563128,62.13996815642108,30.28311347961425,58.17221131259583,12.017601061965486,62.0065854671612,0.22230898451420678
PedNYC4,PedNYC4_scenario3,3,33.0,12.254667767071128,61.9291054952936,30.283115112942927,58.17221450805664,11.995714924773097,61.77927885403746,0.2991731889129192
PedNYC4,PedNYC4_scenario3,3,34.0,12.274835003694253,61.724677960227766,30.28311347961425,58.17221457956153,11.987137788406223,61.549282215226796,0.3369471101655755
PedNYC4,PedNYC4_scenario3,3,35.0,12.260756941138162,61.50988930564113,30.28311347961425,58.17221450805664,11.960415352058593,61.30174894137763,0.36541412310771837
PedNYC4,PedNYC4_scenario3,3,36.0,12.210838195476974,61.25892744357047,30.283113830194242,58.17221762159393,11.936801733365876,61.05263001429119,0.3430081805053747
PedNYC4,PedNYC4_scenario3,3,37.0,12.186999709199064,61.030671128029006,30.28311233749937,58.172212223826875,11.917687983040256,60.8056605897223,0.35093952213409924
PedNYC4,PedNYC4_scenario3,3,38.0,12.192839440804848,60.81155370764852,30.28311347961425,58.17221259040087,11.882471286201639,60.54070809319085,0.41192928793999856
PedNYC4,PedNYC4_scenario3,3,39.0,12.209811140110675,60.57153794870917,30.28311538696289,58.17221450805664,11.84387932006759,60.27032245895279,0.47395871992107214
PedNYC4,PedNYC4_scenario3,3,40.0,12.184799259552406,60.314120616369586,30.283111838725926,58.17221450805664,11.809607051711323,59.991833761060406,0.4946089464716008
PedNYC4,PedNYC4_scenario3,3,41.0,12.099315356106997,60.037693651932855,30.28311347961425,58.17221450805664,11.768616541728573,59.69591863009969,0.4755753056881273
PedNYC4,PedNYC4_scenario3,3,42.0,12.03502724835233,59.77612592407581,30.283114191690508,58.17221450805664,11.726864127060326,59.39470926477142,0.4903500558981797
PedNYC4,PedNYC4_scenario3,3,43.0,12.040776757806142,59.55437265085643,30.283112362701974,58.17221148379573,11.663960004571887,59.10174001897546,0.5889542978546776
PedNYC4,PedNYC4_scenario3,3,44.0,12.079068723429659,59.27896338542124,30.283111699327684,58.17221094748349,11.608968904508478,58.81283984827606,0.6620158545159327
PedNYC4,PedNYC4_scenario3,3,45.0,12.074343158769338,59.09161751998643,30.283114584954042,58.17221450805664,11.568765709515368,58.52720072991103,0.7577432745416925
PedNYC4,PedNYC4_scenario3,3,46.0,12.034010565739296,58.78844080699332,30.28311347961425,58.17221450805664,11.533969587178614,58.26069561911153,0.7270185441736073
PedNYC4,PedNYC4_scenario3,3,47.0,11.998886608524673,58.553387264859246,30.28311347961425,58.172217043528455,11.506092858789213,58.02456104548411,0.7228435861767968
PedNYC4,PedNYC4_scenario3,3,48.0,11.982750098392264,58.302774330371925,30.28311051162505,58.17221450805664,11.485415344437884,57.77483798214163,0.725299004048404
PedNYC4,PedNYC4_scenario3,3,49.0,12.004281230614808,58.06753051534512,30.283163598355312,58.17221450805664,11.461331673113591,57.55001924188524,0.7500747563735466
PedNYC4,PedNYC4_scenario3,3,50.0,11.995961835650485,57.83377674331518,30.28321983800948,58.172215096168465,11.424392426712235,57.30912048404586,0.7758580924527955
PedNYC4,PedNYC4_scenario3,3,51.0,11.94680841418771,57.57462146542751,30.28319549560547,58.172218233957516,11.393147342192224,57.06200857552304,0.7545280362845429
PedNYC4,PedNYC4_scenario3,3,52.0,11.903605509347319,57.30012592732202,30.283175622335573,58.17221450805664,11.360538084351477,56.79829956946881,0.7394267519692762
PedNYC4,PedNYC4_scenario3,3,53.0,11.921058550247215,57.04156100035878,30.280124063704836,58.17223296208005,11.330718263116886,56.55844822703328,0.7628234437662345
PedNYC4,PedNYC4_scenario3,3,54.0,11.962017967207782,56.790766683708874,30.259461265509046,58.172376741208154,11.307482237333273,56.324815264808485,0.8034474136230951
PedNYC4,PedNYC4_scenario3,3,55.0,11.944680391584125,56.54984151131766,30.199140780312675,58.17279927716937,11.28458549885055,56.083737475041794,0.8080706900052762
PedNYC4,PedNYC4_scenario3,3,56.0,11.882712512053441,56.31204460895296,30.072045982450987,58.173638451674314,11.254296493625608,55.85650274464957,0.7761604746118553
PedNYC4,PedNYC4_scenario3,3,57.0,11.839047912212479,56.082877509938974,29.85825004337158,58.174933028015154,11.23556336808437,55.632440777701554,0.7530516879671927
PedNYC4,PedNYC4_scenario3,3,58.0,11.835652524991037,55.84501161038636,29.546916535498372,58.17671513943904,11.206254749645044,55.42095650472065,0.7589231135310346
PedNYC4,PedNYC4_scenario3,3,59.0,11.861525501661953,55.607992452721724,29.13328371547844,58.18011177616394,11.178005625931636,55.20437226680471,0.7937938491813051
PedNYC4,PedNYC4_scenario3,3,60.0,11.855653919883375,55.4047050569825,28.616954085059007,58.18642820472722,11.140610774795961,54.984121669761784,0.8295643946931133
PedNYC4,PedNYC4_scenario3,3,61.0,11.821042673560683,55.16311699695543,27.99696679625591,58.19521158720879,11.113367745622678,54.7541313496344,0.8173573657505409
PedNYC4,PedNYC4_scenario3,3,62.0,11.783699049700035,54.91346288463055,27.273730790086343,58.20706431532955,11.08118369543711,54.524348159738146,0.8030803771125602
PedNYC4,PedNYC4_scenario3,3,63.0,11.777848374399545,54.83618884413271,26.450206854686826,58.223675506690775,11.040011502062624,54.301993610000565,0.9109159117884718
PedNYC4,PedNYC4_scenario3,3,64.0,11.77827422404273,54.818672712840026,25.535112041214425,58.24297890343065,11.005142811503605,54.07831453195313,1.07044963312661
PedNYC4,PedNYC4_scenario3,3,65.0,11.797182271028646,54.31298873385416,24.554390600781236,58.26104270206706,10.969408230951403,53.843991321414435,0.9514034025065076
PedNYC4,PedNYC4_scenario3,3,66.0,11.761127960689906,54.10170099845791,23.544038993438917,58.27383834892737,10.919934450901014,53.62194629683409,0.9683858191036848
PedNYC4,PedNYC4_scenario3,3,67.0,11.705711482062352,53.883531848020915,22.544899523109162,58.28106975294877,10.872349309962622,53.40180454028852,0.9625765989789474
PedNYC4,PedNYC4_scenario3,3,68.0,11.680210304002765,53.71211136277272,21.580893905375778,58.28112301803635,10.839775810506213,53.174820411015624,0.9975027341811397
PedNYC4,PedNYC4_scenario3,3,69.0,11.676914954327103,53.49840448175074,20.65906225496183,58.27503317924483,10.80263823940935,52.94790558699571,1.033154783841167
PedNYC4,PedNYC4_scenario3,3,70.0,11.667426174634121,53.308095979037354,19.780549841057752,58.26362816797544,10.754687583816404,52.73440452688867,1.0780601177283118
PedNYC4,PedNYC4_scenario3,3,71.0,11.623228538815493,53.122696044665,18.979589093645796,58.24934977981925,10.705596011871698,52.51816312263241,1.0988673752216485
PedNYC4,PedNYC4_scenario3,3,72.0,11.549387779878733,52.92193198883357,18.39891287036414,58.23939569408764,10.666076810425606,52.303823669748645,1.0780984012965678
PedNYC4,PedNYC4_scenario3,3,73.0,11.490796344991633,52.72537896966306,18.122553177708497,58.23506580011624,10.617806275956664,52.09942944628915,1.074208762971941
PedNYC4,PedNYC4_scenario3,3,74.0,11.458463537113698,52.551585925586636,18.027382761819304,58.23357684494838,10.558254839861148,51.9094682889872,1.1057534796875748
PedNYC4,PedNYC4_scenario3,3,75.0,11.439398814477888,52.36237947188506,17.945752531764526,58.232308739238434,10.49329314398979,51.72015800196228,1.1434878032403804
PedNYC4,PedNYC4_scenario3,3,76.0,11.4080603466683,52.22797045844331,17.854058295313067,58.23086890937474,10.421598117771682,51.53386686302356,1.206187187054441
PedNYC4,PedNYC4_scenario3,3,77.0,11.33822578043219,52.03716021825116,17.71558664377767,58.22867218510636,10.36547497233664,51.3646083109909,1.1826116026024573
PedNYC4,PedNYC4_scenario3,3,78.0,11.275843233824386,51.88679989417414,17.50567882098735,58.22534250593365,10.314137825165174,51.19470573795078,1.1848508826527113
PedNYC4,PedNYC4_scenario3,3,79.0,11.239559368134575,51.73353671477772,17.211243085437378,58.220651529835926,10.263108267878268,51.035697575513794,1.2001817426874861
PedNYC4,PedNYC4_scenario3,3,80.0,11.227277380858236,51.5749769620739,16.828644765212378,58.21452810026506,10.216120584567697,50.88353999089242,1.2249584286012147
PedNYC4,PedNYC4_scenario3,3,81.0,11.2131130915926,51.44574748496353,16.35855341283917,58.206958928100406,10.181103545811153,50.73382392162537,1.2537459322447004
PedNYC4,PedNYC4_scenario3,3,82.0,11.159006769020078,51.32371412494693,15.811705533913079,58.19812317519082,10.150077321503812,50.59574917466868,1.2441348797052076
PedNYC4,PedNYC4_scenario3,3,83.0,11.082427204844711,51.221445421103894,15.239255220004614,58.18923996682776,10.116845742846648,50.477851939407216,1.2187201589274317
PedNYC4,PedNYC4_scenario3,3,84.0,11.012268910414646,51.12060732196648,14.675704392025434,58.181596278948504,10.081688694113655,50.3735500482852,1.1933457626065056
PedNYC4,PedNYC4_scenario3,3,85.0,10.97391554253464,51.02793585726748,14.133259639181327,58.17520416757203,10.055877438126233,50.26146705142527,1.1959382891583334
PedNYC4,PedNYC4_scenario3,3,86.0,10.971851840969267,50.870786313002405,13.615020868326564,58.17110966917512,10.032075532827163,50.14457218615756,1.1876727105453853
PedNYC4,PedNYC4_scenario3,3,87.0,10.97035760851191,50.6970111851837,13.12114126832871,58.17325124654621,10.002030378404802,50.021585738126646,1.180617278841505
PedNYC4,PedNYC4_scenario3,3,88.0,10.92030099756859,50.55656753839189,12.65141223634136,58.18727954898303,9.962828495245988,49.91174460516371,1.1543613853212933
PedNYC4,PedNYC4_scenario3,3,89.0,10.851838145781597,50.44310150219059,12.205628643861075,58.21559378757684,9.92461081441284,49.81107774803133,1.1221428384384917
PedNYC4,PedNYC4_scenario3,3,90.0,10.753984933005663,50.30242979743447,11.782744264410505,58.25602166799827,9.894465369220978,49.7014141824783,1.0488058208981093
PedNYC4,PedNYC4_scenario3,3,91.0,10.684222556281318,50.170687365129716,11.38130029259564,58.3038221383715,9.855789245041223,49.597301828892924,1.0075081758168427
PedNYC4,PedNYC4_scenario3,3,92.0,10.630509269897832,50.0100494945815,10.996967999559622,58.36009551901446,9.818162268388376,49.503386877594046,0.9573999468947039
PedNYC4,PedNYC4_scenario3,3,93.0,10.591336096593473,49.81758345301861,10.600280850383104,58.428941152322125,9.790185807041123,49.41550570938268,0.8963862439691794
PedNYC4,PedNYC4_scenario3,3,94.0,10.54150522134255,49.692295722161674,10.162807265269867,58.519095122974974,9.757152157180336,49.34033464995661,0.8597013002249058
PedNYC4,PedNYC4_scenario3,3,95.0,10.454536207808273,49.54215020731153,9.671620461847697,58.63630488205556,9.714225876263724,49.27683832001538,0.7864157834963927
PedNYC4,PedNYC4_scenario3,3,96.0,10.365213346744312,49.41015665808168,9.11988723053634,58.78758062566752,9.689209283037798,49.218054947257095,0.702769209235475
PedNYC4,PedNYC4_scenario3,3,97.0,10.309123908770292,49.26541381668927,8.502701030638669,58.98232336368668,9.687039046515753,49.16696207389647,0.6298272155958233
PedNYC4,PedNYC4_scenario3,3,98.0,10.284057617942512,49.142853112539285,7.822139303059222,59.22894217639227,9.688251658094485,49.125887626728435,0.5960474557442781
PedNYC4,PedNYC4_scenario3,3,99.0,10.280675145375199,49.042029304383625,7.082299730075768,59.537372188308986,9.696355657293157,49.11189921703438,0.5884820038423286
PedNYC4,PedNYC4_scenario3,3,100.0,,,,,9.710407217343649,49.170472939809166,
PedNYC5,PedNYC5_scenario3,3,0.0,12.787147521972656,67.29193878173828,77.39877319335938,57.95645904541016,12.644355590526875,66.97022012563852,0.35198356406038855
PedNYC5,PedNYC5_scenario3,3,1.0,12.711267665181278,67.2098316313174,75.98454557283591,57.939754407877714,12.622987694766106,66.90788473182705,0.3145874811373411
PedNYC5,PedNYC5_scenario3,3,2.0,12.68076524069424,67.13581517357642,74.39277138586822,57.91998847268637,12.596821088069001,66.82683139722191,0.3201836891696121
PedNYC5,PedNYC5_scenario3,3,3.0,12.690128015189284,67.09916727473316,72.63640819393558,57.897671552399,12.560676793733327,66.72955245920404,0.3916283066825781
PedNYC5,PedNYC5_scenario3,3,4.0,12.698702470771675,67.07471796547156,70.72292505065029,57.87341826243523,12.531638175909732,66.62027026050276,0.48418301825769094
PedNYC5,PedNYC5_scenario3,3,5.0,12.703519233748231,67.05514514148885,68.65945529130296,57.84846452512867,12.509014245331464,66.50484030822167,0.583667371056685
PedNYC5,PedNYC5_scenario3,3,6.0,12.709811038917575,67.04034606233877,66.45127232801056,57.82321193253613,12.474154817642049,66.38037874399632,0.7007786497218564
PedNYC5,PedNYC5_scenario3,3,7.0,12.727428870881157,67.01882118400572,64.106079414472,57.79812356077749,12.441585782199857,66.26103690822887,0.8099032534577812
PedNYC5,PedNYC5_scenario3,3,8.0,12.749345411824649,67.0011460461918,61.62763585561305,57.77354660653028,12.394324518317344,66.13822426614334,0.9330990479626157
PedNYC5,PedNYC5_scenario3,3,9.0,12.766767272156875,66.99051969660626,58.93495542699056,57.75275408356954,12.35242403681343,66.0111463863118,1.0634154397938782
PedNYC5,PedNYC5_scenario3,3,10.0,12.773240346780453,66.98792462733593,56.248920800011135,57.7333758722517,12.316764553234467,65.89023763911304,1.188817426776406
PedNYC5,PedNYC5_scenario3,3,11.0,12.771635982594976,66.99575638815277,53.62990888147282,57.7144811916353,12.298117628651637,65.76682766661018,1.3169986462231111
PedNYC5,PedNYC5_scenario3,3,12.0,12.765085633480803,67.01068879471634,50.86370722794182,57.69452462084077,12.275533799399877,65.63995512214044,1.4555314491227724
PedNYC5,PedNYC5_scenario3,3,13.0,12.759396601840807,67.02372456373377,48.11070248429741,57.67577112055548,12.264212850940591,65.50689227441624,1.5956149726897888
PedNYC5,PedNYC5_scenario3,3,14.0,12.761229174940595,67.02604626968501,45.67317460821552,57.66678885790608,12.253074744189252,65.36719636631224,1.7349362891507185
PedNYC5,PedNYC5_scenario3,3,15.0,12.752447155357622,67.0166621408737,43.39733109635012,57.66264891186042,12.238204159562459,65.22009581584179,1.8687151786623546
PedNYC5,PedNYC5_scenario3,3,16.0,12.703216345957994,66.99309477386485,41.27572023095539,57.66497253694287,12.221257721900564,65.08687809672129,1.966200939762661
PedNYC5,PedNYC5_scenario3,3,17.0,12.648079119287527,66.90446802574633,39.258142428738324,57.67343920903142,12.210520740066558,64.9375583605288,2.014991554908509
PedNYC5,PedNYC5_scenario3,3,18.0,12.605897910049919,66.75542323523983,37.24826567888944,57.688025599138406,12.216316590078806,64.77421327770804,2.0191499450742993
PedNYC5,PedNYC5_scenario3,3,19.0,12.560933019329584,66.58171142340242,35.208641462055745,57.709012503495735,12.223647295560092,64.59526528084675,2.014877151772049
PedNYC5,PedNYC5_scenario3,3,20.0,12.48996838829598,66.37172368315572,33.134335539069404,57.73670396455703,12.24015118710815,64.42209966934996,1.9655641503694055
PedNYC5,PedNYC5_scenario3,3,21.0,12.424025606079057,66.10177524018701,31.025434865605614,57.77142042803055,12.243589052277944,64.24093641369373,1.8695663904051398
PedNYC5,PedNYC5_scenario3,3,22.0,12.368047345963799,65.78262469536577,28.900480999279623,57.81190244304362,12.24392872877585,64.047314684676,1.739743160450067
PedNYC5,PedNYC5_scenario3,3,23.0,12.318591630721672,65.43004399406932,26.85115053745902,57.8508850729897,12.222025528957623,63.84337427459586,1.5896055519228351
PedNYC5,PedNYC5_scenario3,3,24.0,12.241768509214701,65.08400660558246,24.925458364309247,57.884758633428206,12.204685164394675,63.6403826403698,1.4441001791424861
PedNYC5,PedNYC5_scenario3,3,25.0,12.197686182278451,64.78017229438726,23.12628528634074,57.91165217755391,12.181612566275303,63.436560537534255,1.3437078976790395
PedNYC5,PedNYC5_scenario3,3,26.0,12.210816922427865,64.41751494696233,21.44751979876399,57.93227169072243,12.175792926923075,63.228394671234454,1.1896359570928634
PedNYC5,PedNYC5_scenario3,3,27.0,12.238240751675125,64.0974432549172,19.88608003543236,57.94733188687616,12.156888009186577,63.02381444102684,1.0767065982550732
PedNYC5,PedNYC5_scenario3,3,28.0,12.224578616457345,63.72539454492497,18.542761750285592,57.95646592712623,12.13781868396215,62.82702226025918,0.9025519640121568
PedNYC5,PedNYC5_scenario3,3,29.0,12.241112097509411,63.39282281062843,17.475638598456374,57.95772320169453,12.119257345914345,62.638923661511384,0.7636835126711207
PedNYC5,PedNYC5_scenario3,3,30.0,12.285102582935531,63.01525449809691,16.618616492176187,57.95341385990422,12.089225605284328,62.430188463721635,0.6169846472590534
PedNYC5,PedNYC5_scenario3,3,31.0,12.304417264638555,62.67713431071879,15.850621254517451,57.94607298575154,12.04580785034371,62.219369860518,0.5257633698058052
PedNYC5,PedNYC5_scenario3,3,32.0,12.297658839212142,62.33725065749131,15.134435702247789,57.93643044010801,12.017601061965486,62.0065854671612,0.4333264666419355
PedNYC5,PedNYC5_scenario3,3,33.0,12.282193355135453,62.016827878768446,14.44832200987629,57.925117157676986,11.995714924773097,61.77927885403746,0.37215511579652255
PedNYC5,PedNYC5_scenario3,3,34.0,12.26081230275455,61.6854712274632,13.716003334643995,57.91429552277318,11.987137788406223,61.549282215226796,0.30568805481686895
PedNYC5,PedNYC5_scenario3,3,35.0,12.19154891711195,61.3961147462553,12.889645826856858,57.918726301710876,11.960415352058593,61.30174894137763,0.24965502202936854
PedNYC5,PedNYC5_scenario3,3,36.0,12.089425989562908,61.15558084268256,11.961106426697665,57.9562930169121,11.936801733365876,61.05263001429119,0.18410061555075555
PedNYC5,PedNYC5_scenario3,3,37.0,12.00815847692807,60.98212537984297,10.962872816647053,58.056223992740506,11.917687983040256,60.8056605897223,0.19830464547417093
PedNYC5,PedNYC5_scenario3,3,38.0,11.956862283686277,60.855951013995515,9.955457016348033,58.244430534086995,11.882471286201639,60.54070809319085,0.3239014041714163
PedNYC5,PedNYC5_scenario3,3,39.0,11.873275258671967,60.789452649656695,9.000937480161832,58.54156638754233,11.84387932006759,60.27032245895279,0.5199618025458262
PedNYC5,PedNYC5_scenario3,3,40.0,11.86227396204539,60.723076209531655,8.149196085922522,58.946811743415104,11.809607051711323,59.991833761060406,0.7331366324842624
PedNYC5,PedNYC5_scenario3,3,41.0,11.889634824330143,60.65155097071883,7.421280444442261,59.4390806440207,11.768616541728573,59.69591863009969,0.9632645509729135
PedNYC5,PedNYC5_scenario3,3,42.0,11.920941053680064,60.583776126351815,6.8225271810158965,59.99523698166765,11.726864127060326,59.39470926477142,1.2048011681413697
PedNYC5,PedNYC5_scenario3,3,43.0,11.920984317272163,60.49469713729117,6.321401343932753,60.60704215959014,11.663960004571887,59.10174001897546,1.4164713307319166
PedNYC5,PedNYC5_scenario3,3,44.0,11.897368944242428,60.397911984925905,5.89492746679064,61.293308936233736,11.608968904508478,58.81283984827606,1.6110953607102962
PedNYC5,PedNYC5_scenario3,3,45.0,11.874619712809764,60.25526656242536,5.5395770579041015,62.06090624874927,11.568765709515368,58.52720072991103,1.7549239849163438
PedNYC5,PedNYC5_scenario3,3,46.0,11.863257187599736,60.104665471097114,5.251426078415436,62.9072175798425,11.533969587178614,58.26069561911153,1.8731404482373541
PedNYC5,PedNYC5_scenario3,3,47.0,11.868148309988639,60.00112480749617,5.029267365935218,63.82449173913503,11.506092858789213,58.02456104548411,2.009449789131958
PedNYC5,PedNYC5_scenario3,3,48.0,11.862799816747302,59.894708159324715,4.87199875281646,64.8089957216323,11.485415344437884,57.77483798214163,2.153199621040863
PedNYC5,PedNYC5_scenario3,3,49.0,11.823127662512013,59.73919359584647,4.77863627846018,65.87260594242919,11.461331673113591,57.55001924188524,2.2188692367930054
PedNYC5,PedNYC5_scenario3,3,50.0,11.786752381984174,59.57347579573122,4.757830082366528,67.03554355697477,11.424392426712235,57.30912048404586,2.2931658716155647
PedNYC5,PedNYC5_scenario3,3,51.0,11.776682583158806,59.35021229015005,4.8210599599810315,68.30534503520947,11.393147342192224,57.06200857552304,2.320124031317321
PedNYC5,PedNYC5_scenario3,3,52.0,11.757165538210298,59.12578087310249,4.978356967298847,69.67979932789294,11.360538084351477,56.79829956946881,2.361034213203798
PedNYC5,PedNYC5_scenario3,3,53.0,11.69429526573362,58.872168331365174,5.186263073345662,71.15791576354071,11.330718263116886,56.55844822703328,2.3421120720455186
PedNYC5,PedNYC5_scenario3,3,54.0,11.671894340245684,58.60136041996259,5.380704434347573,72.7336808248624,11.307482237333273,56.324815264808485,2.30552684308916
PedNYC5,PedNYC5_scenario3,3,55.0,11.67650590015071,58.34910197366458,5.510357467192275,74.40244706512209,11.28458549885055,56.083737475041794,2.299016727337092
PedNYC5,PedNYC5_scenario3,3,56.0,11.6927192139572,58.05803002099467,5.570636386922741,76.15706711265493,11.254296493625608,55.85650274464957,2.2447576328402237
PedNYC5,PedNYC5_scenario3,3,57.0,11.693286077852251,57.75385070839719,5.603745388775997,77.95907436969281,11.23556336808437,55.632440777701554,2.170228138489433
PedNYC5,PedNYC5_scenario3,3,58.0,11.664808204396724,57.47135941841463,5.635744127777826,79.7002272388645,11.206254749645044,55.42095650472065,2.1010529215965645
PedNYC5,PedNYC5_scenario3,3,59.0,11.642248780231547,57.260216088088626,5.677933267682467,81.23202184235345,11.178005625931636,55.20437226680471,2.107608958945084
PedNYC5,PedNYC5_scenario3,3,60.0,11.627020556012274,56.88313107274362,5.7179520247463085,82.32610350456174,11.140610774795961,54.984121669761784,1.9603140533792904
PedNYC5,PedNYC5_scenario3,3,61.0,11.601875332793725,56.61580773913247,5.744714333728973,82.9440147004597,11.113367745622678,54.7541313496344,1.9247022216276093
PedNYC5,PedNYC5_scenario3,3,62.0,11.560054432919108,56.33087110082899,5.7527944938737585,83.11787547651056,11.08118369543711,54.524348159738146,1.8689147438832188
PedNYC5,PedNYC5_scenario3,3,63.0,11.546859420567925,56.08063234947663,5.752828423206466,83.11858335272498,11.040011502062624,54.301993610000565,1.8494460192333708
PedNYC5,PedNYC5_scenario3,3,64.0,11.578950668818575,55.83302040514143,5.752830152390894,83.11863906667227,11.005142811503605,54.07831453195313,1.8461441326499701
PedNYC5,PedNYC5_scenario3,3,65.0,11.592434679643354,55.60243890960163,5.752822194204433,83.11845844898001,10.969408230951403,53.843991321414435,1.8655561841368025
PedNYC5,PedNYC5_scenario3,3,66.0,11.563951204032685,55.36152308247111,5.752805358191747,83.11813554796248,10.919934450901014,53.62194629683409,1.8549622560692405
PedNYC5,PedNYC5_scenario3,3,67.0,11.513439804308229,55.11422057627766,5.752803219130446,83.11804852017286,10.872349309962622,53.40180454028852,1.8284872715589358
PedNYC5,PedNYC5_scenario3,3,68.0,11.478430362772867,54.861217405127235,5.752798291128109,83.11791229248047,10.839775810506213,53.174820411015624,1.8032788078607251
PedNYC5,PedNYC5_scenario3,3,69.0,11.456136799014116,54.611665322789165,5.7527964656756065,83.11785593860267,10.80263823940935,52.94790558699571,1.7875001610777586
PedNYC5,PedNYC5_scenario3,3,70.0,11.411933011389127,54.370351917474345,5.752783422564599,83.11762676428026,10.754687583816404,52.73440452688867,1.763035852394766
PedNYC5,PedNYC5_scenario3,3,71.0,11.33380507687546,54.139232467669665,5.752776417549947,83.11747084987957,10.705596011871698,52.51816312263241,1.7385374458930758
PedNYC5,PedNYC5_scenario3,3,72.0,11.27015416911164,53.90964834861596,5.752773284912109,83.11740112304688,10.666076810425606,52.303823669748645,1.7156871377195813
PedNYC5,PedNYC5_scenario3,3,73.0,11.23194189756612,53.67587242125301,5.752764092560087,83.11719301025826,10.617806275956664,52.09942944628915,1.691843673346489
PedNYC5,PedNYC5_scenario3,3,74.0,11.193535203390018,53.467804681937004,5.7527630856163965,83.1171463815811,10.558254839861148,51.9094682889872,1.6828527724899713
PedNYC5,PedNYC5_scenario3,3,75.0,11.117995379205313,53.26026636960209,5.752757765921229,83.11699260190763,10.49329314398979,51.72015800196228,1.6619827516425767
PedNYC5,PedNYC5_scenario3,3,76.0,11.006264087695195,53.04109618858953,5.7527618408203125,83.1170489089823,10.421598117771682,51.53386686302356,1.6166553548090077
PedNYC5,PedNYC5_scenario3,3,77.0,10.89820956864708,52.82520079502527,5.752759224534637,83.11695490456592,10.36547497233664,51.3646083109909,1.554714299967593
PedNYC5,PedNYC5_scenario3,3,78.0,10.774157512063562,52.591625044960956,5.752763748168945,83.11699676688602,10.314137825165174,51.19470573795078,1.4707146775061066
PedNYC5,PedNYC5_scenario3,3,79.0,10.67152104662968,52.41040088554045,5.752767272815076,83.11699975371307,10.263108267878268,51.035697575513794,1.4340886264264447
PedNYC5,PedNYC5_scenario3,3,80.0,10.60055879561645,52.229582972593995,5.752764857801933,83.1169204711914,10.216120584567697,50.88353999089242,1.399865867396739
PedNYC5,PedNYC5_scenario3,3,81.0,10.534284243781169,52.02288558235201,5.752760290366714,83.11682280556113,10.181103545811153,50.73382392162537,1.336568954664856
PedNYC5,PedNYC5_scenario3,3,82.0,10.476369575129777,51.81654912268869,5.752764208553274,83.116871800699,10.150077321503812,50.59574917466868,1.2636530963290389
PedNYC5,PedNYC5_scenario3,3,83.0,10.38705478014919,51.62163993325314,5.7527678968272635,83.11688944872121,10.116845742846648,50.477851939407216,1.1752718403442053
PedNYC5,PedNYC5_scenario3,3,84.0,10.238294336204762,51.41790002592595,5.752761792576706,83.11676788330078,10.081688694113655,50.3735500482852,1.0560266109019227
PedNYC5,PedNYC5_scenario3,3,85.0,10.10878041480428,51.22724414397716,5.752760934070213,83.11671597911399,10.055877438126233,50.26146705142527,0.9672249569977905
PedNYC5,PedNYC5_scenario3,3,86.0,10.014884569242692,51.03530549563889,5.752757459197859,83.1166433402488,10.032075532827163,50.14457218615756,0.8908991850083373
PedNYC5,PedNYC5_scenario3,3,87.0,9.922409044582396,50.83539718238703,5.75275611715454,83.11657712622208,10.002030378404802,50.021585738126646,0.817697146631212
PedNYC5,PedNYC5_scenario3,3,88.0,9.817139802883869,50.65034243386474,5.752746501213977,83.11639697410449,9.962828495245988,49.91174460516371,0.7528292951553246
PedNYC5,PedNYC5_scenario3,3,89.0,9.671659465139532,50.442269521070266,5.752746336727289,83.1163330078125,9.92461081441284,49.81107774803133,0.6799907642396492
PedNYC5,PedNYC5_scenario3,3,90.0,9.569308859360607,50.26174461866118,5.752744231989806,83.11628298159432,9.894465369220978,49.7014141824783,0.6478402222905539
PedNYC5,PedNYC5_scenario3,3,91.0,9.483747485930854,50.0176780637865,5.752746171295921,83.11631117725817,9.855789245041223,49.597301828892924,0.5613655220845282
PedNYC5,PedNYC5_scenario3,3,92.0,9.406424153874667,49.802122242491905,5.75275064973863,83.1163608394661,9.818162268388376,49.503386877594046,0.5086954817805642
PedNYC5,PedNYC5_scenario3,3,93.0,9.313084689690337,49.60622396664003,5.752749135990592,83.11630574988655,9.790185807041123,49.41550570938268,0.5138082617364673
PedNYC5,PedNYC5_scenario3,3,94.0,9.214891165596459,49.39482971583622,5.752740345521784,83.1161264121376,9.757152157180336,49.34033464995661,0.5449923808630284
PedNYC5,PedNYC5_scenario3,3,95.0,9.158152823418028,49.19389797050798,5.752732845335077,83.11597280952621,9.714225876263724,49.27683832001538,0.5622244584483501
PedNYC5,PedNYC5_scenario3,3,96.0,9.130634160754537,49.012820970874934,5.752736181020194,83.11599874495592,9.689209283037798,49.218054947257095,0.5950858360735806
PedNYC5,PedNYC5_scenario3,3,97.0,9.09497599331064,48.836107389222526,5.7527360916137695,83.11596618318698,9.687039046515753,49.16696207389647,0.6782355647864947
PedNYC5,PedNYC5_scenario3,3,98.0,9.04007032518618,48.66755924298739,5.752728609873679,83.11581704394963,9.688251658094485,49.125887626728435,0.7938538578815798
PedNYC5,PedNYC5_scenario3,3,99.0,8.991194856425054,48.54281276681961,5.752734104887262,83.11590449167275,9.696355657293157,49.11189921703438,0.9061518321445872
PedNYC5,PedNYC5_scenario3,3,100.0,8.974529266357422,48.47867584228516,5.75273323059082,83.11582946777344,9.710407217343649,49.170472939809166,1.0099997935100393
PedNYC7,PedNYC7_scenario3,3,0.0,12.691753387451172,66.73345947265625,44.94782257080078,58.15570831298828,12.644355590526875,66.97022012563852,0.24145839797751403
PedNYC7,PedNYC7_scenario3,3,1.0,12.714573503666777,66.64116684868954,43.666432208490406,58.14556984003676,12.622987694766106,66.90788473182705,0.28200423680744285
PedNYC7,PedNYC7_scenario3,3,2.0,12.727345449272592,66.53457453074087,42.37411375191189,58.13227927992545,12.596821088069001,66.82683139722191,0.3200791853165742
PedNYC7,PedNYC7_scenario3,3,3.0,12.71642316221749,66.39659476024448,41.06816719026158,58.116632861441886,12.560676793733327,66.72955245920404,0.3675836783542629
PedNYC7,PedNYC7_scenario3,3,4.0,12.671127489576424,66.20688942358795,39.75338305139279,58.09904195088661,12.531638175909732,66.62027026050276,0.43628085559143504
PedNYC7,PedNYC7_scenario3,3,5.0,12.641659512377721,66.03907813914518,38.429113735138635,58.079538414916364,12.509014245331464,66.50484030822167,0.48428211304219937
PedNYC7,PedNYC7_scenario3,3,6.0,12.66886700134497,65.89697452084086,37.097122948818864,58.05854169265308,12.474154817642049,66.38037874399632,0.5211453515545295
PedNYC7,PedNYC7_scenario3,3,7.0,12.729816964705986,65.77243874877853,35.76378331469698,58.03605791829115,12.441585782199857,66.26103690822887,0.5672789225655656
PedNYC7,PedNYC7_scenario3,3,8.0,12.794807317924205,65.62257897892454,34.46159397484066,58.012488417893806,12.394324518317344,66.13822426614334,0.6528985641061792
PedNYC7,PedNYC7_scenario3,3,9.0,12.839103283818924,65.48541547785022,33.21381466703578,57.98840892125778,12.35242403681343,66.0111463863118,0.7164144593583107
PedNYC7,PedNYC7_scenario3,3,10.0,12.856100416036416,65.32422610071869,32.028525851006314,57.96421842053016,12.316764553234467,65.89023763911304,0.7818262175828206
PedNYC7,PedNYC7_scenario3,3,11.0,12.858208788569842,65.16940531921986,30.906010535064375,57.94022768965228,12.298117628651637,65.76682766661018,0.8189112092161648
PedNYC7,PedNYC7_scenario3,3,12.0,12.872778122455632,65.0210705165629,29.842783188188562,57.916748723196356,12.275533799399877,65.63995512214044,0.860069146315101
PedNYC7,PedNYC7_scenario3,3,13.0,12.907577643777879,64.89975999449055,28.835141165118056,57.89423645997187,12.264212850940591,65.50689227441624,0.8846060490355784
PedNYC7,PedNYC7_scenario3,3,14.0,12.969678476360533,64.78095152499336,27.880777758433855,57.87258488326059,12.253074744189252,65.36719636631224,0.9258530784821187
PedNYC7,PedNYC7_scenario3,3,15.0,13.007492922564708,64.66624549901437,26.952028445642263,57.85120624070142,12.238204159562459,65.22009581584179,0.9479216076930447
PedNYC7,PedNYC7_scenario3,3,16.0,13.005754645261526,64.56171654467953,26.021857957025784,57.82949779880815,12.221257721900564,65.08687809672129,0.9440498284019393
PedNYC7,PedNYC7_scenario3,3,17.0,12.948075927408656,64.42669411567509,25.082831605826343,57.8072614423322,12.210520740066558,64.9375583605288,0.8972011653164441
PedNYC7,PedNYC7_scenario3,3,18.0,12.920021623371019,64.30925698664419,24.1342115946743,57.7833125699721,12.216316590078806,64.77421327770804,0.8434364981909734
PedNYC7,PedNYC7_scenario3,3,19.0,12.942236490647515,64.21335886987664,23.175723846281343,57.756662414931924,12.223647295560092,64.59526528084675,0.8137708141955302
PedNYC7,PedNYC7_scenario3,3,20.0,13.016390839919726,64.13723859874315,22.208893574321596,57.72718815309528,12.24015118710815,64.42209966934996,0.8268578040656647
PedNYC7,PedNYC7_scenario3,3,21.0,13.077685634616014,64.05852447585657,21.233739218661633,57.694584519146524,12.243589052277944,64.24093641369373,0.8538098287871582
PedNYC7,PedNYC7_scenario3,3,22.0,13.092489612126494,63.98783559175107,20.250761811016186,57.65799909852823,12.24392872877585,64.047314684676,0.8506428952551098
PedNYC7,PedNYC7_scenario3,3,23.0,13.073980852451271,63.91427953068045,19.26285479687132,57.61781629280214,12.222025528957623,63.84337427459586,0.8549008296694935
PedNYC7,PedNYC7_scenario3,3,24.0,13.025878734053698,63.82627349756457,18.292504219689004,57.57699158388372,12.204685164394675,63.6403826403698,0.8419704802651549
PedNYC7,PedNYC7_scenario3,3,25.0,12.977599039501472,63.735934833195365,17.362432727560048,57.53759307850299,12.181612566275303,63.436560537534255,0.8504230914442644
PedNYC7,PedNYC7_scenario3,3,26.0,12.9218805252866,63.633362033118885,16.47913709267756,57.50189062509492,12.175792926923075,63.228394671234454,0.8489082804540714
PedNYC7,PedNYC7_scenario3,3,27.0,12.909285910844096,63.527694459332174,15.6410213130795,57.47833606550725,12.156888009186577,63.02381444102684,0.9055372301932251
PedNYC7,PedNYC7_scenario3,3,28.0,12.940611129470911,63.39092042964783,14.847336679432777,57.47099691987569,12.13781868396215,62.82702226025918,0.9810488550555513
PedNYC7,PedNYC7_scenario3,3,29.0,12.953308609069822,63.252350911181644,14.096359656591797,57.49110872797852,12.119257345914345,62.638923661511384,1.0353426969893904
PedNYC7,PedNYC7_scenario3,3,30.0,12.914723795718293,63.12193328804143,13.389158136367882,57.543828938191886,12.089225605284328,62.430188463721635,1.0770135395541596
PedNYC7,PedNYC7_scenario3,3,31.0,12.823482032774084,62.98564690633906,12.723977897580284,57.629853625513064,12.04580785034371,62.219369860518,1.0917681278417164
PedNYC7,PedNYC7_scenario3,3,32.0,12.73160686308895,62.86469995690234,12.099489045936304,57.74053995350064,12.017601061965486,62.0065854671612,1.1163175003293904
PedNYC7,PedNYC7_scenario3,3,33.0,12.663730756416829,62.76644599552409,11.512463961417644,57.86754500933431,11.995714924773097,61.77927885403746,1.1919497122603584
PedNYC7,PedNYC7_scenario3,3,34.0,12.625169814256788,62.68366133472455,10.960649039927942,58.00544209459154,11.987137788406223,61.549282215226796,1.3014994632205845
PedNYC7,PedNYC7_scenario3,3,35.0,12.607303943532111,62.57510484775489,10.441949254961742,58.15201985588244,11.960415352058593,61.30174894137763,1.4282507182159754
PedNYC7,PedNYC7_scenario3,3,36.0,12.616482665401216,62.45962189552666,9.955762277212354,58.305757763496885,11.936801733365876,61.05263001429119,1.5625595423006948
PedNYC7,PedNYC7_scenario3,3,37.0,12.605668700028556,62.32171200364782,9.50096295887456,58.46726720345806,11.917687983040256,60.8056605897223,1.664851151488713
PedNYC7,PedNYC7_scenario3,3,38.0,12.541752051010503,62.19392200069203,9.075461413922648,58.639357791812365,11.882471286201639,60.54070809319085,1.7798222806792443
PedNYC7,PedNYC7_scenario3,3,39.0,12.449575529076128,62.06498766038762,8.663833855550122,58.826400648541984,11.84387932006759,60.27032245895279,1.8941201342175844
PedNYC7,PedNYC7_scenario3,3,40.0,12.392338825968425,61.92925563818359,8.25479643280029,59.03625445320638,11.809607051711323,59.991833761060406,2.023160856354323
PedNYC7,PedNYC7_scenario3,3,41.0,12.369797943716964,61.7728782705269,7.846397275604328,59.27326314851504,11.768616541728573,59.69591863009969,2.162216553923372
PedNYC7,PedNYC7_scenario3,3,42.0,12.371150256510086,61.586409902007546,7.440641695989448,59.53980553475131,11.726864127060326,59.39470926477142,2.2844378520464472
PedNYC7,PedNYC7_scenario3,3,43.0,12.367813278924256,61.40971208877371,7.039394484112947,59.84024888104387,11.663960004571887,59.10174001897546,2.412912038758428
PedNYC7,PedNYC7_scenario3,3,44.0,12.348326080767125,61.229662738064775,6.641650943496383,60.18136223673795,11.608968904508478,58.81283984827606,2.527386380174551
PedNYC7,PedNYC7_scenario3,3,45.0,12.316257125913351,61.02629882697563,6.246586083786523,60.570816020110506,11.568765709515368,58.52720072991103,2.608492805499104
PedNYC7,PedNYC7_scenario3,3,46.0,12.296886468140897,60.81660609500091,5.849850960265671,61.02128906300905,11.533969587178614,58.26069561911153,2.6673433464813407
PedNYC7,PedNYC7_scenario3,3,47.0,12.30738025747048,60.59554498227487,5.454885949985221,61.54407359709605,11.506092858789213,58.02456104548411,2.6929574631845767
PedNYC7,PedNYC7_scenario3,3,48.0,12.332819088116024,60.3587046095171,5.07307434482964,62.14506732795668,11.485415344437884,57.77483798214163,2.7192756117878925
PedNYC7,PedNYC7_scenario3,3,49.0,12.320833462353864,60.19696509312566,4.719996262885314,62.82618929590941,11.461331673113591,57.55001924188524,2.7829958075976555
PedNYC7,PedNYC7_scenario3,3,50.0,12.286348048002981,60.02069244060176,4.412285795802915,63.587473063484154,11.424392426712235,57.30912048404586,2.8452750251346726
PedNYC7,PedNYC7_scenario3,3,51.0,12.221725113946963,59.800319731995465,4.167983107017458,64.42654210339602,11.393147342192224,57.06200857552304,2.8609245207637706
PedNYC7,PedNYC7_scenario3,3,52.0,12.176270328216432,59.54828238295675,4.004530284692108,65.33544174337148,11.360538084351477,56.79829956946881,2.8684184785627074
PedNYC7,PedNYC7_scenario3,3,53.0,12.150413772891039,59.33096930758452,3.9337270021609108,66.30478183959713,11.330718263116886,56.55844822703328,2.8911544183673246
PedNYC7,PedNYC7_scenario3,3,54.0,12.099608817825455,59.161942640171205,3.9490780787686894,67.3243810680213,11.307482237333273,56.324815264808485,2.9456334231459946
PedNYC7,PedNYC7_scenario3,3,55.0,12.026197046951946,58.93220329478899,4.010334079474393,68.38626550025707,11.28458549885055,56.083737475041794,2.9434240629826722
PedNYC7,PedNYC7_scenario3,3,56.0,11.999946581341787,58.7077514908271,4.043729818039788,69.48272835489756,11.254296493625608,55.85650274464957,2.947136485792623
PedNYC7,PedNYC7_scenario3,3,57.0,11.982872084796204,58.441090836873926,4.022112624847904,70.59538759230914,11.23556336808437,55.632440777701554,2.9063698100830972
PedNYC7,PedNYC7_scenario3,3,58.0,11.959076487133789,58.18673543232422,3.9486614170745846,71.70188662998048,11.206254749645044,55.42095650472065,2.8664043058876962
PedNYC7,PedNYC7_scenario3,3,59.0,11.912552164416589,57.95843671675963,3.8333461601547296,72.76821407662504,11.178005625931636,55.20437226680471,2.8503385082662915
PedNYC7,PedNYC7_scenario3,3,60.0,11.821873159925454,57.711965250939336,3.7113303578289556,73.78412608792578,11.140610774795961,54.984121669761784,2.811627471903755
PedNYC7,PedNYC7_scenario3,3,61.0,11.731909112142706,57.43012090568953,3.6047102311528176,74.74994283281947,11.113367745622678,54.7541313496344,2.7465457444238184
PedNYC7,PedNYC7_scenario3,3,62.0,11.697000603740229,57.15780930067628,3.5108262400189005,75.66570515455965,11.08118369543711,54.524348159738146,2.704505138723751
PedNYC7,PedNYC7_scenario3,3,63.0,11.678653774932538,56.86256793126639,3.431891315721352,76.53393228057439,11.040011502062624,54.301993610000565,2.639015878584741
PedNYC7,PedNYC7_scenario3,3,64.0,11.6292596600248,56.580009832279266,3.3647054684931508,77.35728682340714,11.005142811503605,54.07831453195313,2.578371814979735
PedNYC7,PedNYC7_scenario3,3,65.0,11.550040433389151,56.30072129998958,3.3104728183491527,78.0972959751728,10.969408230951403,53.843991321414435,2.524411999285686
PedNYC7,PedNYC7_scenario3,3,66.0,11.493348647234962,56.03770654648567,3.289076195630888,78.41683143729709,10.919934450901014,53.62194629683409,2.4828816774776015
PedNYC7,PedNYC7_scenario3,3,67.0,11.458333084759792,55.79020383024409,3.28851416542606,78.42470078815525,10.872349309962622,53.40180454028852,2.4592332448520997
PedNYC7,PedNYC7_scenario3,3,68.0,11.417370800026246,55.52645172485111,3.2884690273835537,78.42533723417789,10.839775810506213,53.174820411015624,2.421525512591236
PedNYC7,PedNYC7_scenario3,3,69.0,11.363403224006344,55.26662238874609,3.2884603463804023,78.42548546349018,10.80263823940935,52.94790558699571,2.3855617733920864
PedNYC7,PedNYC7_scenario3,3,70.0,11.294031145624642,54.9792853522789,3.288459062576294,78.4255142211914,10.754687583816404,52.73440452688867,2.3087618755230537
PedNYC7,PedNYC7_scenario3,3,71.0,11.26094933337809,54.70614842037342,3.288459300994873,78.4255142211914,10.705596011871698,52.51816312263241,2.257365051301847
PedNYC7,PedNYC7_scenario3,3,72.0,11.243423207625327,54.40789448474935,3.288459300994873,78.42550659179688,10.666076810425606,52.303823669748645,2.1818439121296516
PedNYC7,PedNYC7_scenario3,3,73.0,11.195419063535526,54.146121913485274,3.288459453977256,78.42550659179688,10.617806275956664,52.09942944628915,2.126637389789802
PedNYC7,PedNYC7_scenario3,3,74.0,11.105429758885734,53.883303035918665,3.288459300994873,78.42550659179688,10.558254839861148,51.9094682889872,2.048273419298207
PedNYC7,PedNYC7_scenario3,3,75.0,11.021637878322032,53.602889251692794,3.2884592543600797,78.42550659179688,10.49329314398979,51.72015800196228,1.9554603337854801
PedNYC7,PedNYC7_scenario3,3,76.0,10.955004492016885,53.33892373783666,3.288459300994873,78.42550659179688,10.421598117771682,51.53386686302356,1.8822201468997826
PedNYC7,PedNYC7_scenario3,3,77.0,10.880523533929459,53.074311885601325,3.288459300994873,78.42550645798724,10.36547497233664,51.3646083109909,1.7855983125648636
PedNYC7,PedNYC7_scenario3,3,78.0,10.790291451133747,52.843203832502105,3.288459300994873,78.42550659179688,10.314137825165174,51.19470573795078,1.7158870135479145
PedNYC7,PedNYC7_scenario3,3,79.0,10.661807355946578,52.5994793702976,3.2884610832707795,78.425480076546,10.263108267878268,51.035697575513794,1.6138074434466363
PedNYC7,PedNYC7_scenario3,3,80.0,10.56718408699866,52.351282619859205,3.2884655570937014,78.42540783700406,10.216120584567697,50.88353999089242,1.5091434682048674
PedNYC7,PedNYC7_scenario3,3,81.0,10.498602521584587,52.07535044658615,3.2884690518703046,78.425337809221,10.181103545811153,50.73382392162537,1.3785858757402523
PedNYC7,PedNYC7_scenario3,3,82.0,10.437865239014348,51.83792904081648,3.288465942970524,78.42542374828308,10.150077321503812,50.59574917466868,1.275081450468173
PedNYC7,PedNYC7_scenario3,3,83.0,10.358411578459148,51.595601939054866,3.288463211979994,78.42549368041628,10.116845742846648,50.477851939407216,1.1435554707347984
PedNYC7,PedNYC7_scenario3,3,84.0,10.268355465055492,51.33903582695853,3.2884633995448613,78.42551276729881,10.081688694113655,50.3735500482852,0.9833652791278992
PedNYC7,PedNYC7_scenario3,3,85.0,10.1886995703125,51.02646403259277,3.2884700266647338,78.42536173461914,10.055877438126233,50.26146705142527,0.7764419488885781
PedNYC7,PedNYC7_scenario3,3,86.0,10.128489209006847,50.7472615031522,3.2884685006296044,78.42539978027344,10.032075532827163,50.14457218615756,0.6103523652562912
PedNYC7,PedNYC7_scenario3,3,87.0,10.04950201876348,50.48666936350411,3.2884696371034314,78.42536410224353,10.002030378404802,50.021585738126646,0.46750009115784324
PedNYC7,PedNYC7_scenario3,3,88.0,9.959670641071023,50.26221749943118,3.288471734899173,78.42529944172254,9.962828495245988,49.91174460516371,0.35048712053256215
PedNYC7,PedNYC7_scenario3,3,89.0,9.896284727826686,50.0809528166163,3.288470585131833,78.42535548018981,9.92461081441284,49.81107774803133,0.27135754978446847
PedNYC7,PedNYC7_scenario3,3,90.0,9.817510214730612,49.75739804654341,3.288466019281019,78.42546915343725,9.894465369220978,49.7014141824783,0.09516453561225503
PedNYC7,PedNYC7_scenario3,3,91.0,9.734651253104436,49.4648380509862,3.2884704401113742,78.42537096654725,9.855789245041223,49.597301828892924,0.17950227170651115
PedNYC7,PedNYC7_scenario3,3,92.0,9.636037800148863,49.25100731592764,3.2884745597839355,78.42527060854921,9.818162268388376,49.503386877594046,0.31123104774179267
PedNYC7,PedNYC7_scenario3,3,93.0,9.5108207803059,49.03422569292132,3.2884726524353027,78.42530225721605,9.790185807041123,49.41550570938268,0.47267247552141944
PedNYC7,PedNYC7_scenario3,3,94.0,9.403081782915848,48.80275273192365,3.288474702811188,78.42528076248338,9.757152157180336,49.34033464995661,0.6437081237080932
PedNYC7,PedNYC7_scenario3,3,95.0,9.318846091636578,48.58655429514779,3.2884738768709973,78.42531262382236,9.714225876263724,49.27683832001538,0.7954980886709936
PedNYC7,PedNYC7_scenario3,3,96.0,9.221628019851753,48.39875985558449,3.2884743213653564,78.42529296875,9.689209283037798,49.218054947257095,0.9433327540807027
PedNYC7,PedNYC7_scenario3,3,97.0,9.117302833811442,48.253725899926756,3.288467255038961,78.4254696811198,9.687039046515753,49.16696207389647,1.0763826742908376
PedNYC7,PedNYC7_scenario3,3,98.0,9.073538290337554,48.16275931597284,3.288464692500592,78.42553095392607,9.688251658094485,49.125887626728435,1.1425798298053356
PedNYC7,PedNYC7_scenario3,3,99.0,9.089882037696848,48.142727012399064,3.288466913391908,78.42548397557323,9.696355657293157,49.11189921703438,1.1432869340213432
PedNYC7,PedNYC7_scenario3,3,100.0,9.141351699829102,48.16951751708984,3.2884793281555176,78.42535400390625,9.710407217343649,49.170472939809166,1.1514060709779934
PedNYC8,PedNYC8_scenario3,3,0.0,12.621856689453123,66.90115356445312,84.67680358886719,58.00994110107422,12.644355590526875,66.97022012563852,0.07263876667112597
PedNYC8,PedNYC8_scenario3,3,1.0,12.739762502275576,66.986062769813,84.62443465044272,58.0097057018187,12.622987694766106,66.90788473182705,0.1405281512445334
PedNYC8,PedNYC8_scenario3,3,2.0,12.75852509129201,66.98369572011306,84.50624609776244,58.00915903335437,12.596821088069001,66.82683139722191,0.22528781692414337
PedNYC8,PedNYC8_scenario3,3,3.0,12.731269296008302,66.96538684660156,84.30914359203125,58.0082176768457,12.560676793733327,66.72955245920404,0.29106641872878336
PedNYC8,PedNYC8_scenario3,3,4.0,12.673829887265615,66.95831628192582,84.03170605132978,58.00710988808147,12.531638175909732,66.62027026050276,0.3667336845427081
PedNYC8,PedNYC8_scenario3,3,5.0,12.598973566758128,66.97034542464701,83.6772638169635,58.00551809522285,12.509014245331464,66.50484030822167,0.47411780490687033
PedNYC8,PedNYC8_scenario3,3,6.0,12.576706109430745,66.97404215070866,83.24911091907869,58.00329653808358,12.474154817642049,66.38037874399632,0.6024558140783679
PedNYC8,PedNYC8_scenario3,3,7.0,12.610285574200965,66.91785435344708,82.74859358354762,58.000255897556166,12.441585782199857,66.26103690822887,0.6781362519171147
PedNYC8,PedNYC8_scenario3,3,8.0,12.64415228720205,66.87296936352304,82.17730758722708,57.99615584969286,12.394324518317344,66.13822426614334,0.7760568743522711
PedNYC8,PedNYC8_scenario3,3,9.0,12.675304072633006,66.8888908533436,81.53826545365332,57.99080630971545,12.35242403681343,66.0111463863118,0.9352469550529396
PedNYC8,PedNYC8_scenario3,3,10.0,12.675769189141635,66.867129736365,80.83555386322581,57.98427374537691,12.316764553234467,65.89023763911304,1.040770146706839
PedNYC8,PedNYC8_scenario3,3,11.0,12.686603072584981,66.80548849972305,80.07208785388444,57.98013756506786,12.298117628651637,65.76682766661018,1.108935194856224
PedNYC8,PedNYC8_scenario3,3,12.0,12.707059333579885,66.78109182622019,79.2513935143816,57.979330164528974,12.275533799399877,65.63995512214044,1.2200029770649532
PedNYC8,PedNYC8_scenario3,3,13.0,12.721910764667554,66.77092232604099,78.37599582506691,57.98505014225343,12.264212850940591,65.50689227441624,1.344343464907858
PedNYC8,PedNYC8_scenario3,3,14.0,12.730712417828268,66.76260797386291,77.4475795719437,57.99265322551579,12.253074744189252,65.36719636631224,1.4748936577822949
PedNYC8,PedNYC8_scenario3,3,15.0,12.729220243524557,66.75903446067883,76.46710380166002,58.00078817179485,12.238204159562459,65.22009581584179,1.615372696092873
PedNYC8,PedNYC8_scenario3,3,16.0,12.727793834009946,66.75647704384254,75.43561865811921,58.00809868902882,12.221257721900564,65.08687809672129,1.744746250060236
PedNYC8,PedNYC8_scenario3,3,17.0,12.722874354306558,66.75656255774288,74.35253581353946,58.01454764828805,12.210520740066558,64.9375583605288,1.8897837165949039
PedNYC8,PedNYC8_scenario3,3,18.0,12.699033696752267,66.76860552505768,73.22209347234778,58.022768152971594,12.216316590078806,64.77421327770804,2.051978616205231
PedNYC8,PedNYC8_scenario3,3,19.0,12.679811058667145,66.78036687661815,72.04485831604144,58.03573105241325,12.223647295560092,64.59526528084675,2.2322084048347066
PedNYC8,PedNYC8_scenario3,3,20.0,12.6831891767857,66.78774677690228,70.81621882289447,58.05170700988366,12.24015118710815,64.42209966934996,2.406775622647068
PedNYC8,PedNYC8_scenario3,3,21.0,12.694074890336754,66.79249732504914,69.5309477106945,58.07101011554714,12.243589052277944,64.24093641369373,2.5910230748969405
PedNYC8,PedNYC8_scenario3,3,22.0,12.702462146997588,66.79939781232339,68.19072792078154,58.09406666578124,12.24392872877585,64.047314684676,2.790020508366844
PedNYC8,PedNYC8_scenario3,3,23.0,12.704753572155882,66.79622830257368,66.79967916157742,58.12116312178235,12.222025528957623,63.84337427459586,2.992051683082173
PedNYC8,PedNYC8_scenario3,3,24.0,12.70557004686625,66.79981856000451,65.36095263179406,58.151678264337114,12.204685164394675,63.6403826403698,3.198893714359167
PedNYC8,PedNYC8_scenario3,3,25.0,12.700187744470934,66.8037149874461,63.876410461465575,58.18325473339082,12.181612566275303,63.436560537534255,3.406853284924633
PedNYC8,PedNYC8_scenario3,3,26.0,12.710589289057424,66.8027467206358,62.34761570871951,58.21669025792972,12.175792926923075,63.228394671234454,3.6141388631334714
PedNYC8,PedNYC8_scenario3,3,27.0,12.722724054112561,66.80073112019237,60.77617558091121,58.25045495712803,12.156888009186577,63.02381444102684,3.8190666439715617
PedNYC8,PedNYC8_scenario3,3,28.0,12.730732559978668,66.79047525707871,59.165748068656875,58.28316812878717,12.13781868396215,62.82702226025918,4.007556178317488
PedNYC8,PedNYC8_scenario3,3,29.0,12.73976180358858,66.75019067313788,57.517967736357136,58.314776053985526,12.119257345914345,62.638923661511384,4.157829027615476
PedNYC8,PedNYC8_scenario3,3,30.0,12.732529275150661,66.69026346957526,55.83945934688425,58.34507054893832,12.089225605284328,62.430188463721635,4.3083730882042035
PedNYC8,PedNYC8_scenario3,3,31.0,12.631735770574432,66.62010410315828,54.12922417948352,58.37392300472736,12.04580785034371,62.219369860518,4.439569055894124
PedNYC8,PedNYC8_scenario3,3,32.0,12.44366500521698,66.53320572413168,52.3938791684276,58.401064104793974,12.017601061965486,62.0065854671612,4.546627479193172
PedNYC8,PedNYC8_scenario3,3,33.0,12.321704049148368,66.42781941004748,50.645672377336744,58.42678003658171,11.995714924773097,61.77927885403746,4.659956889294245
PedNYC8,PedNYC8_scenario3,3,34.0,12.253552621352098,66.24727944840778,48.903837277847344,58.45127027063427,11.987137788406223,61.549282215226796,4.70554511891978
PedNYC8,PedNYC8_scenario3,3,35.0,12.211741475463867,65.91190383242187,47.20290863652344,58.47402071513672,11.960415352058593,61.30174894137763,4.617000426654197
PedNYC8,PedNYC8_scenario3,3,36.0,12.156949792660425,65.5693543039978,45.58981338982632,58.49451945753282,11.936801733365876,61.05263001429119,4.522086186400789
PedNYC8,PedNYC8_scenario3,3,37.0,12.107144669896122,65.25381363784697,44.07846032825339,58.512782467488535,11.917687983040256,60.8056605897223,4.452185909835215
PedNYC8,PedNYC8_scenario3,3,38.0,12.090055985595702,64.8841395053125,42.6657148971289,58.529009371679685,11.882471286201639,60.54070809319085,4.348389108535208
PedNYC8,PedNYC8_scenario3,3,39.0,12.153997156095944,64.55688330211159,41.34675246010845,58.54344917098704,11.84387932006759,60.27032245895279,4.297764178538087
PedNYC8,PedNYC8_scenario3,3,40.0,12.130343983786991,64.24155111698384,40.11545501018647,58.55630416910955,11.809607051711323,59.991833761060406,4.261803583558749
PedNYC8,PedNYC8_scenario3,3,41.0,12.107134889991627,63.88119671431538,38.96745091282019,58.56775140175187,11.768616541728573,59.69591863009969,4.19894597659066
PedNYC8,PedNYC8_scenario3,3,42.0,12.141113236503582,63.556262215877354,37.896353472208084,58.57892364362161,11.726864127060326,59.39470926477142,4.182119712482298
PedNYC8,PedNYC8_scenario3,3,43.0,12.141608922074743,63.27340131128172,36.89728484499656,58.59063223128669,11.663960004571887,59.10174001897546,4.198917292126381
PedNYC8,PedNYC8_scenario3,3,44.0,12.099267596298507,62.895926944447616,35.97795546057389,58.60219632011186,11.608968904508478,58.81283984827606,4.112419366029401
PedNYC8,PedNYC8_scenario3,3,45.0,12.116817903773672,62.59799995433648,35.11997501539524,58.613644357512655,11.568765709515368,58.52720072991103,4.107525719117798
PedNYC8,PedNYC8_scenario3,3,46.0,12.13558736624209,62.21930971778093,34.31895086107564,58.62406174517174,11.533969587178614,58.26069561911153,4.00406912206438
PedNYC8,PedNYC8_scenario3,3,47.0,12.10830186519517,61.78699789198842,33.57070601951613,58.63341779973282,11.506092858789213,58.02456104548411,3.8103263260946205
PedNYC8,PedNYC8_scenario3,3,48.0,12.183883688699542,61.41830925199696,32.87230875348958,58.64157799968811,11.485415344437884,57.77483798214163,3.7098168313539217
PedNYC8,PedNYC8_scenario3,3,49.0,12.223434317891652,61.06364518228767,32.219788560021726,58.648611656241926,11.461331673113591,57.55001924188524,3.5953258114177364
PedNYC8,PedNYC8_scenario3,3,50.0,12.195190414778539,60.592775510952244,31.61061499683858,58.65481727366589,11.424392426712235,57.30912048404586,3.3729097044146625
PedNYC8,PedNYC8_scenario3,3,51.0,12.07787016811263,60.063063634225266,31.04147210624964,58.66029915119747,11.393147342192224,57.06200857552304,3.078177514975162
PedNYC8,PedNYC8_scenario3,3,52.0,12.025531995465691,59.62204315491988,30.510113365461784,58.66558936003999,11.360538084351477,56.79829956946881,2.900990303016375
PedNYC8,PedNYC8_scenario3,3,53.0,11.98505052617658,59.21947940504911,30.014050847025096,58.67120762772369,11.330718263116886,56.55844822703328,2.740298823276964
PedNYC8,PedNYC8_scenario3,3,54.0,11.919747427605188,58.783089001278675,29.550470774724175,58.67663045354311,11.307482237333273,56.324815264808485,2.5333729347724967
PedNYC8,PedNYC8_scenario3,3,55.0,11.884837758419172,58.33770641034392,29.11773196181313,58.68182032266903,11.28458549885055,56.083737475041794,2.3325262563204374
PedNYC8,PedNYC8_scenario3,3,56.0,11.886666760553268,57.83588385352033,28.71342453324552,58.686792210202306,11.254296493625608,55.85650274464957,2.077941704824417
PedNYC8,PedNYC8_scenario3,3,57.0,11.856762237504881,57.338574445937496,28.335915591372068,58.691534889863284,11.23556336808437,55.632440777701554,1.8157037559187776
PedNYC8,PedNYC8_scenario3,3,58.0,11.833011568980908,56.857225680233164,27.98303528191247,58.695904243491306,11.206254749645044,55.42095650472065,1.5670651725794322
PedNYC8,PedNYC8_scenario3,3,59.0,11.816359570977829,56.4339208981413,27.65080259435349,58.699832839359836,11.178005625931636,55.20437226680471,1.3853828337242102
PedNYC8,PedNYC8_scenario3,3,60.0,11.7469483001131,55.958982962523834,27.30959564373934,58.7038144580084,11.140610774795961,54.984121669761784,1.1480416955552648
PedNYC8,PedNYC8_scenario3,3,61.0,11.678410279765473,55.532983758135074,26.929726424614707,58.70822521886418,11.113367745622678,54.7541313496344,0.9622287356017871
PedNYC8,PedNYC8_scenario3,3,62.0,11.650865023537877,55.106013777880534,26.4905342563458,58.71329129381553,11.08118369543711,54.524348159738146,0.8141693355289306
PedNYC8,PedNYC8_scenario3,3,63.0,11.61542669398259,54.716468302137706,25.978145421904546,58.71915533140859,11.040011502062624,54.301993610000565,0.7091487245384205
PedNYC8,PedNYC8_scenario3,3,64.0,11.577222595909296,54.286678573848484,25.388980524597915,58.72476624834114,11.005142811503605,54.07831453195313,0.6088438664227713
PedNYC8,PedNYC8_scenario3,3,65.0,11.571329109244145,53.895457472524726,24.725749680089272,58.729753666142905,10.969408230951403,53.843991321414435,0.6041171313866314
PedNYC8,PedNYC8_scenario3,3,66.0,11.549474200039283,53.5848505892791,23.992863881035984,58.734220624383845,10.919934450901014,53.62194629683409,0.6306317366451517
PedNYC8,PedNYC8_scenario3,3,67.0,11.482937554032763,53.1888105316275,23.19505316569459,58.738109700582235,10.872349309962622,53.40180454028852,0.6466718267577054
PedNYC8,PedNYC8_scenario3,3,68.0,11.419566248021884,52.786233103318786,22.3357323403268,58.74184864406636,10.839775810506213,53.174820411015624,0.697966365334097
PedNYC8,PedNYC8_scenario3,3,69.0,11.356620111024343,52.413054941184384,21.417758626985016,58.74485830595858,10.80263823940935,52.94790558699571,0.7700396920957016
PedNYC8,PedNYC8_scenario3,3,70.0,11.271337465200888,52.097667138563374,20.443886766226946,58.7469349309711,10.754687583816404,52.73440452688867,0.8199765860229901
PedNYC8,PedNYC8_scenario3,3,71.0,11.163494328903106,51.77798336088343,19.42886108430869,58.747888421350595,10.705596011871698,52.51816312263241,0.8703659853435028
PedNYC8,PedNYC8_scenario3,3,72.0,11.066231974698965,51.468368822088344,18.438257551972608,58.74762295586016,10.666076810425606,52.303823669748645,0.9263417069169112
PedNYC8,PedNYC8_scenario3,3,73.0,10.916238541957682,51.18257843070686,17.503088179188392,58.74669236585685,10.617806275956664,52.09942944628915,0.9641979061192659
PedNYC8,PedNYC8_scenario3,3,74.0,10.692275623209714,50.893060182629156,16.62953349279688,58.74768524847648,10.558254839861148,51.9094682889872,1.0252058374003268
PedNYC8,PedNYC8_scenario3,3,75.0,10.49249825032469,50.61636189994853,15.816723205105896,58.754539950871035,10.49329314398979,51.72015800196228,1.1037963882332167
PedNYC8,PedNYC8_scenario3,3,76.0,10.281767545784618,50.31526048739507,15.060189351447944,58.77178104916422,10.421598117771682,51.53386686302356,1.2266026608419829
PedNYC8,PedNYC8_scenario3,3,77.0,10.072232233513182,50.05774117836589,14.353650912982582,58.80167333967448,10.36547497233664,51.3646083109909,1.3393629105691305
PedNYC8,PedNYC8_scenario3,3,78.0,9.857977000636588,49.8040718670618,13.677612372469987,58.84617788008115,10.314137825165174,51.19470573795078,1.4635386092270535
PedNYC8,PedNYC8_scenario3,3,79.0,9.69740189836912,49.53861148199146,13.013030477190473,58.895164647749674,10.263108267878268,51.035697575513794,1.6004032204170244
PedNYC8,PedNYC8_scenario3,3,80.0,9.563987893273076,49.348099573923896,12.339108001738921,58.94821300030855,10.216120584567697,50.88353999089242,1.668188934478241
PedNYC8,PedNYC8_scenario3,3,81.0,9.425639027324085,49.20511581622,11.659778203360878,59.008273024444364,10.181103545811153,50.73382392162537,1.705190637502147
PedNYC8,PedNYC8_scenario3,3,82.0,9.340455702507068,49.00887076145372,10.948656258113683,59.10938688571232,10.150077321503812,50.59574917466868,1.7814797962016133
PedNYC8,PedNYC8_scenario3,3,83.0,9.390125056332485,48.90739356872984,10.219864308975145,59.28190805110632,10.116845742846648,50.477851939407216,1.7304515162922838
PedNYC8,PedNYC8_scenario3,3,84.0,9.513422495557096,48.91664254891246,9.510784604133303,59.562780979149935,10.081688694113655,50.3735500482852,1.5638113486448588
PedNYC8,PedNYC8_scenario3,3,85.0,9.559113363548143,48.932172890600576,8.838096202111414,59.959358629974275,10.055877438126233,50.26146705142527,1.419083335042046
PedNYC8,PedNYC8_scenario3,3,86.0,9.579938349884069,48.91556579024267,8.199783795291273,60.471314612265175,10.032075532827163,50.14457218615756,1.3095360832750786
PedNYC8,PedNYC8_scenario3,3,87.0,9.62419552983885,48.94357256966086,7.610934689245969,61.093534279827715,10.002030378404802,50.021585738126646,1.1423097496635937
PedNYC8,PedNYC8_scenario3,3,88.0,9.657145606367584,49.03950720822695,7.086621021585122,61.8242419953741,9.962828495245988,49.91174460516371,0.9242511050402178
PedNYC8,PedNYC8_scenario3,3,89.0,9.669982533708689,49.126823508168904,6.640020666789824,62.65688474260667,9.92461081441284,49.81107774803133,0.7300954910859666
PedNYC8,PedNYC8_scenario3,3,90.0,9.730539492652868,49.21851430432184,6.275996697331627,63.58954935491181,9.894465369220978,49.7014141824783,0.5099646902797744
PedNYC8,PedNYC8_scenario3,3,91.0,9.791776743163688,49.28939273028225,5.9919830626603225,64.59168689368316,9.855789245041223,49.597301828892924,0.314492628536597
PedNYC8,PedNYC8_scenario3,3,92.0,9.809355915322264,49.367653499169926,5.7834669282486955,65.65026235869793,9.818162268388376,49.503386877594046,0.13601875559183202
PedNYC8,PedNYC8_scenario3,3,93.0,9.788355708632102,49.40580325766375,5.6060069266873,66.72892411974867,9.790185807041123,49.41550570938268,0.009873541894622433
PedNYC8,PedNYC8_scenario3,3,94.0,9.754363622316422,49.44267637763591,5.44747001504906,67.8085280793711,9.757152157180336,49.34033464995661,0.10237971064166863
PedNYC8,PedNYC8_scenario3,3,95.0,9.727179418567319,49.47028238081319,5.294098839094358,68.90539819610393,9.714225876263724,49.27683832001538,0.1938772779779968
PedNYC8,PedNYC8_scenario3,3,96.0,9.718710362052823,49.49897782885793,5.161383165103746,70.02846615436715,9.689209283037798,49.218054947257095,0.28246766021965897
PedNYC8,PedNYC8_scenario3,3,97.0,9.763176628721826,49.538978354334006,5.063353320341661,71.1748137299273,9.687039046515753,49.16696207389647,0.37972759227473196
PedNYC8,PedNYC8_scenario3,3,98.0,9.82773246531272,49.579642166641094,5.017260353571903,72.34346885378505,9.688251658094485,49.125887626728435,0.4747084137379479
PedNYC8,PedNYC8_scenario3,3,99.0,9.87431761909171,49.614047708810546,5.01957231087029,73.53310468294384,9.696355657293157,49.11189921703438,0.5327509433499582
PedNYC8,PedNYC8_scenario3,3,100.0,9.914780616760254,49.65436553955078,5.031931877136231,74.74298095703125,9.710407217343649,49.170472939809166,0.5252813859959236
PedNYC9,PedNYC9_scenario3,3,0.0,12.503829956054688,66.98116302490234,81.72801971435547,57.98396301269531,12.644355590526875,66.97022012563852,0.14095105883997086
PedNYC9,PedNYC9_scenario3,3,1.0,12.47828420739937,66.88460871811559,80.47037289963968,57.97040766479677,12.622987694766106,66.90788473182705,0.14656354277374642
PedNYC9,PedNYC9_scenario3,3,2.0,12.419374926689857,66.81558896036205,78.98118376383525,57.954826302671144,12.596821088069001,66.82683139722191,0.17780194761234006
PedNYC9,PedNYC9_scenario3,3,3.0,12.305388934885254,66.79288873654296,77.28634234320313,57.93825311539062,12.560676793733327,66.72955245920404,0.26302732729202494
PedNYC9,PedNYC9_scenario3,3,4.0,12.173408080007734,66.80662131490772,75.55398672106622,57.92209548167802,12.531638175909732,66.62027026050276,0.4038013336874856
PedNYC9,PedNYC9_scenario3,3,5.0,12.08869486653913,66.80252104910649,73.89849518178083,57.90839154409411,12.509014245331464,66.50484030822167,0.5150555345611824
PedNYC9,PedNYC9_scenario3,3,6.0,12.032074391463018,66.77778092802482,72.34253880306562,57.90097333990223,12.474154817642049,66.38037874399632,0.5944439410754062
PedNYC9,PedNYC9_scenario3,3,7.0,11.97980216083045,66.72329254486247,70.88660868800727,57.89721690791631,12.441585782199857,66.26103690822887,0.653394510663028
PedNYC9,PedNYC9_scenario3,3,8.0,11.949482554136702,66.65734868956538,69.52681066864308,57.8910768976869,12.394324518317344,66.13822426614334,0.6836479650297794
PedNYC9,PedNYC9_scenario3,3,9.0,11.939193321076193,66.61407873337875,68.25679101254349,57.887273764148546,12.35242403681343,66.0111463863118,0.7309494097188771
PedNYC9,PedNYC9_scenario3,3,10.0,11.96017133177958,66.62994311007235,67.0710373260748,57.88857243611945,12.316764553234467,65.89023763911304,0.8211716686264238
PedNYC9,PedNYC9_scenario3,3,11.0,11.982538662058438,66.6756606625837,65.9627072825866,57.89373701490509,12.298117628651637,65.76682766661018,0.9620641863858257
PedNYC9,PedNYC9_scenario3,3,12.0,11.989356476408572,66.7318445104071,64.9136350155612,57.904093833738045,12.275533799399877,65.63995512214044,1.1287691953645005
PedNYC9,PedNYC9_scenario3,3,13.0,11.989567759771907,66.78763395900519,63.84983921341245,57.914684155122615,12.264212850940591,65.50689227441624,1.3098584613410669
PedNYC9,PedNYC9_scenario3,3,14.0,11.967703302595146,66.85616908945369,62.707619762011994,57.9244866534486,12.253074744189252,65.36719636631224,1.516072765383227
PedNYC9,PedNYC9_scenario3,3,15.0,11.899762503695964,66.85516119700496,61.46617668979279,57.93431735011655,12.238204159562459,65.22009581584179,1.6697249938549543
PedNYC9,PedNYC9_scenario3,3,16.0,11.814464355964201,66.75828433343835,60.12895302843405,57.9431398830102,12.221257721900564,65.08687809672129,1.7201975615337106
PedNYC9,PedNYC9_scenario3,3,17.0,11.770846635300963,66.67228038434773,58.7769711139003,57.95005110906362,12.210520740066558,64.9375583605288,1.7895736414922634
PedNYC9,PedNYC9_scenario3,3,18.0,11.729413513205996,66.57764593063537,57.490691847532354,57.955515723839696,12.216316590078806,64.77421327770804,1.8680053372281107
PedNYC9,PedNYC9_scenario3,3,19.0,11.688493908428905,66.48060097964017,56.28339402210554,57.959717832140946,12.223647295560092,64.59526528084675,1.9598162783543969
PedNYC9,PedNYC9_scenario3,3,20.0,11.624090144285061,66.43723296319268,55.14503282625406,57.9630637608956,12.24015118710815,64.42209966934996,2.107200370263278
PedNYC9,PedNYC9_scenario3,3,21.0,11.495561052207751,66.44537919499608,54.00213944970271,57.96575979433201,12.243589052277944,64.24093641369373,2.3278990237819683
PedNYC9,PedNYC9_scenario3,3,22.0,11.393455932301158,66.4484293478316,52.77742438385556,57.96792898167323,12.24392872877585,64.047314684676,2.5472839659457605
PedNYC9,PedNYC9_scenario3,3,23.0,11.369956680761007,66.45263994373703,51.44074729064669,57.96947466743517,12.222025528957623,63.84337427459586,2.744865871809733
PedNYC9,PedNYC9_scenario3,3,24.0,11.360285637145472,66.448801545883,49.98579370396422,57.970157444574,12.204685164394675,63.6403826403698,2.93261441557915
PedNYC9,PedNYC9_scenario3,3,25.0,11.297315720956632,66.38324684252187,48.446435368012764,57.96978011290208,12.181612566275303,63.436560537534255,3.076514438555769
PedNYC9,PedNYC9_scenario3,3,26.0,11.185084221703523,66.24190989454284,46.86617505961332,57.968928748937955,12.175792926923075,63.228394671234454,3.1721881627213113
PedNYC9,PedNYC9_scenario3,3,27.0,11.106527263974609,66.0120753056185,45.302344181796876,57.969322312890625,12.156888009186577,63.02381444102684,3.167484915501933
PedNYC9,PedNYC9_scenario3,3,28.0,11.007898889817925,65.77614567665499,43.81194105516028,57.97060975191977,12.13781868396215,62.82702226025918,3.1581715701229798
PedNYC9,PedNYC9_scenario3,3,29.0,10.863704998815457,65.51705194270366,42.403108190760825,57.972722761213326,12.119257345914345,62.638923661511384,3.140069123332212
PedNYC9,PedNYC9_scenario3,3,30.0,10.76870419451033,65.20790396464757,41.074768466355025,57.976052014500006,12.089225605284328,62.430188463721635,3.0756267979709073
PedNYC9,PedNYC9_scenario3,3,31.0,10.718994454381273,64.88311887839058,39.814189897435504,57.984449608278496,12.04580785034371,62.219369860518,2.9759019839239476
PedNYC9,PedNYC9_scenario3,3,32.0,10.647227606106707,64.54307719763428,38.60450207598836,57.99727755005496,12.017601061965486,62.0065854671612,2.8830042849917206
PedNYC9,PedNYC9_scenario3,3,33.0,10.591493698526367,64.1872299164499,37.43664778337421,58.01370496304508,11.995714924773097,61.77927885403746,2.7874837346996397
PedNYC9,PedNYC9_scenario3,3,34.0,10.632510895999083,63.816416786155564,36.30401296758113,58.032019364785086,11.987137788406223,61.549282215226796,2.6410060924452625
PedNYC9,PedNYC9_scenario3,3,35.0,10.707864150231805,63.4759227554738,35.19620787955427,58.052399328125155,11.960415352058593,61.30174894137763,2.509166452649012
PedNYC9,PedNYC9_scenario3,3,36.0,10.748136728821338,63.11196570997422,34.101141593848276,58.07308611624837,11.936801733365876,61.05263001429119,2.377769543194458
PedNYC9,PedNYC9_scenario3,3,37.0,10.81526997014201,62.76122672385184,33.01111444659509,58.0927232270874,11.917687983040256,60.8056605897223,2.2448974097087095
PedNYC9,PedNYC9_scenario3,3,38.0,10.911292258138367,62.41343546022494,31.924984981862945,58.10339441146519,11.882471286201639,60.54070809319085,2.109572586043995
PedNYC9,PedNYC9_scenario3,3,39.0,10.982637600629715,62.045030977042074,30.838669102154444,58.101608519842486,11.84387932006759,60.27032245895279,1.9726448295319075
PedNYC9,PedNYC9_scenario3,3,40.0,11.02519875332937,61.69462597206601,29.75317494309244,58.089524833215194,11.809607051711323,59.991833761060406,1.8747793716679875
PedNYC9,PedNYC9_scenario3,3,41.0,11.095906810064367,61.32303710367766,28.670870903260692,58.07631870578079,11.768616541728573,59.69591863009969,1.7606967115702918
PedNYC9,PedNYC9_scenario3,3,42.0,11.17139163426761,60.98403684818146,27.600444069437717,58.06846145523282,11.726864127060326,59.39470926477142,1.6836008605478165
PedNYC9,PedNYC9_scenario3,3,43.0,11.226741367515952,60.78117247860167,26.576495959971528,58.066700067264506,11.663960004571887,59.10174001897546,1.7354116292785342
PedNYC9,PedNYC9_scenario3,3,44.0,11.287447889205945,60.68079925319463,25.61456258179687,58.072664507157825,11.608968904508478,58.81283984827606,1.895428210643941
PedNYC9,PedNYC9_scenario3,3,45.0,11.324405589971079,60.600184107297316,24.725988603441703,58.08353423310534,11.568765709515368,58.52720072991103,2.087336089599266
PedNYC9,PedNYC9_scenario3,3,46.0,11.337497007710057,60.55587674556933,24.130197114094194,58.09295595752596,11.533969587178614,58.26069561911153,2.303575021077264
PedNYC9,PedNYC9_scenario3,3,47.0,11.344189423084213,60.53584978045068,23.90593878054518,58.095035729099045,11.506092858789213,58.02456104548411,2.5165023013824324
PedNYC9,PedNYC9_scenario3,3,48.0,11.369611129569291,60.48850810327861,23.902005875024933,58.09509250769219,11.485415344437884,57.77483798214163,2.716139934269395
PedNYC9,PedNYC9_scenario3,3,49.0,11.381459112690324,60.403931330001164,23.90191738182282,58.095096588134766,11.461331673113591,57.55001924188524,2.855029567728288
PedNYC9,PedNYC9_scenario3,3,50.0,11.34279827613615,60.24781369534365,23.90218583464398,58.09509974513799,11.424392426712235,57.30912048404586,2.9398257423758882
PedNYC9,PedNYC9_scenario3,3,51.0,11.334694703635924,59.95189766436192,23.9025189357441,58.095096588134766,11.393147342192224,57.06200857552304,2.8904801775387132
PedNYC9,PedNYC9_scenario3,3,52.0,11.378361246820273,59.64056428014712,23.902795394061734,58.09509831934355,11.360538084351477,56.79829956946881,2.8423205925242905
PedNYC9,PedNYC9_scenario3,3,53.0,11.382072561308949,59.29162737615324,23.90079711336698,58.09509842450689,11.330718263116886,56.55844822703328,2.7336615600924126
PedNYC9,PedNYC9_scenario3,3,54.0,11.414010570085331,58.86629891022926,23.88693619183725,58.09515802416779,11.307482237333273,56.324815264808485,2.5437152760519814
PedNYC9,PedNYC9_scenario3,3,55.0,11.502886412519688,58.45160481049306,23.851519507435942,58.09530647575707,11.28458549885055,56.083737475041794,2.3779089568791014
PedNYC9,PedNYC9_scenario3,3,56.0,11.537823005030098,57.98769376856582,23.760370630291973,58.095652784579215,11.254296493625608,55.85650274464957,2.1499680144342617
PedNYC9,PedNYC9_scenario3,3,57.0,11.541216812826653,57.49887456933851,23.594053005488394,58.096196299460196,11.23556336808437,55.632440777701554,1.891295621220314
PedNYC9,PedNYC9_scenario3,3,58.0,11.566616045841474,57.00499053525025,23.35025051908639,58.096578902697914,11.206254749645044,55.42095650472065,1.6245073326003254
PedNYC9,PedNYC9_scenario3,3,59.0,11.543651625650043,56.55135943141392,23.030669284541617,58.09597492478623,11.178005625931636,55.20437226680471,1.3957332906870255
PedNYC9,PedNYC9_scenario3,3,60.0,11.484891219439563,56.10049108371718,22.619081532141713,58.088417787462774,11.140610774795961,54.984121669761784,1.168250697829499
PedNYC9,PedNYC9_scenario3,3,61.0,11.442441913177994,55.645733437247266,22.09470426163836,58.073192238319095,11.113367745622678,54.7541313496344,0.9503915458314255
PedNYC9,PedNYC9_scenario3,3,62.0,11.368418629388799,55.21523633097418,21.451945292660888,58.051141647697,11.08118369543711,54.524348159738146,0.7482181315873739
PedNYC9,PedNYC9_scenario3,3,63.0,11.221133235314937,54.77802088218935,20.70301453271103,58.03120119020423,11.040011502062624,54.301993610000565,0.5093201803618426
PedNYC9,PedNYC9_scenario3,3,64.0,11.073773320930174,54.3449582097526,19.90109086538736,58.01193603945639,11.005142811503605,54.07831453195313,0.27533433809565994
PedNYC9,PedNYC9_scenario3,3,65.0,10.92833013379866,53.93025523738022,19.08612565542001,57.99869336376821,10.969408230951403,53.843991321414435,0.09554513730924591
PedNYC9,PedNYC9_scenario3,3,66.0,10.717265171812112,53.54306937242437,18.259626733345144,57.987200306111816,10.919934450901014,53.62194629683409,0.21747736868638007
PedNYC9,PedNYC9_scenario3,3,67.0,10.546400555459957,53.15607693588003,17.39364290378939,57.97620458643785,10.872349309962622,53.40180454028852,0.4081968227830488
PedNYC9,PedNYC9_scenario3,3,68.0,10.406572418169286,52.7487346640885,16.485599606427314,57.95942130072999,10.839775810506213,53.174820411015624,0.607630021367167
PedNYC9,PedNYC9_scenario3,3,69.0,10.25298727649906,52.37347532638931,15.598042774651354,57.9378466528873,10.80263823940935,52.94790558699571,0.7950385558754641
PedNYC9,PedNYC9_scenario3,3,70.0,10.109896527947567,52.03453436674404,14.759604615937146,57.916551133869945,10.754687583816404,52.73440452688867,0.9516163863602365
PedNYC9,PedNYC9_scenario3,3,71.0,9.97602672406709,51.62460470710088,13.973272234842973,57.90588634139655,10.705596011871698,52.51816312263241,1.1535675046025444
PedNYC9,PedNYC9_scenario3,3,72.0,9.852734563374574,51.27335663003561,13.219289984464087,57.90990432955434,10.666076810425606,52.303823669748645,1.312778705941323
PedNYC9,PedNYC9_scenario3,3,73.0,9.702092000462573,50.89900215499177,12.45695642909127,57.927426353957124,10.617806275956664,52.09942944628915,1.5098206237945069
PedNYC9,PedNYC9_scenario3,3,74.0,9.575974975572544,50.543353967112935,11.655584711881245,57.97815824431907,10.558254839861148,51.9094682889872,1.6825997956189156
PedNYC9,PedNYC9_scenario3,3,75.0,9.461444965559474,50.21071383929429,10.796084953064383,58.08764375335533,10.49329314398979,51.72015800196228,1.8284234584861432
PedNYC9,PedNYC9_scenario3,3,76.0,9.336883725365812,49.940654542099786,9.875715369605809,58.30014802706098,10.421598117771682,51.53386686302356,1.927415578601501
PedNYC9,PedNYC9_scenario3,3,77.0,9.219805605858244,49.67923218989355,8.92416097535626,58.66323706498006,10.36547497233664,51.3646083109909,2.037903571529374
PedNYC9,PedNYC9_scenario3,3,78.0,9.150136725881593,49.400758829070746,8.009940719571368,59.17122108042176,10.314137825165174,51.19470573795078,2.1384910734004956
PedNYC9,PedNYC9_scenario3,3,79.0,9.072052201501565,49.12004721350021,7.176735337063536,59.8083890630619,10.263108267878268,51.035697575513794,2.255732888161967
PedNYC9,PedNYC9_scenario3,3,80.0,9.013780197915835,48.92109116028116,6.418401493147887,60.577505493729234,10.216120584567697,50.88353999089242,2.30148382965027
PedNYC9,PedNYC9_scenario3,3,81.0,9.003254990354522,48.791517102927706,5.746520271130738,61.47614890402332,10.181103545811153,50.73382392162537,2.2715375844459897
PedNYC9,PedNYC9_scenario3,3,82.0,9.036010106235636,48.69646915871761,5.16056689145499,62.4602623190493,10.150077321503812,50.59574917466868,2.201910611066327
PedNYC9,PedNYC9_scenario3,3,83.0,9.08030738481715,48.686425874258696,4.6615925014743285,63.48403879747137,10.116845742846648,50.477851939407216,2.069690584256497
PedNYC9,PedNYC9_scenario3,3,84.0,9.162719626840197,48.72420547462138,4.233714336020267,64.54847061298297,10.081688694113655,50.3735500482852,1.8880788302610023
PedNYC9,PedNYC9_scenario3,3,85.0,9.268092467934823,48.739164642875416,3.863614885835071,65.65666514731399,10.055877438126233,50.26146705142527,1.71406236244081
PedNYC9,PedNYC9_scenario3,3,86.0,9.361388482448673,48.72817581838612,3.547260633077185,66.81784754417399,10.032075532827163,50.14457218615756,1.567162974990645
PedNYC9,PedNYC9_scenario3,3,87.0,9.426768992004515,48.70603332049557,3.2932975656387553,68.04189187647701,10.002030378404802,50.021585738126646,1.4358286200720984
PedNYC9,PedNYC9_scenario3,3,88.0,9.421504229726395,48.67006217435714,3.110785883002654,69.333494080383,9.962828495245988,49.91174460516371,1.354550559932718
PedNYC9,PedNYC9_scenario3,3,89.0,9.350202637565495,48.58478831607249,3.0077109694924777,70.68471128163401,9.92461081441284,49.81107774803133,1.3541530654113756
PedNYC9,PedNYC9_scenario3,3,90.0,9.31712636959109,48.496532776286124,2.947809247675798,72.04425415234941,9.894465369220978,49.7014141824783,1.336061197506043
PedNYC9,PedNYC9_scenario3,3,91.0,9.31874376463492,48.45576182329514,2.8933987612497822,73.3444092621119,9.855789245041223,49.597301828892924,1.2615591275897542
PedNYC9,PedNYC9_scenario3,3,92.0,9.341367962631496,48.44217740101659,2.848383636620619,74.57000813738574,9.818162268388376,49.503386877594046,1.1633994856368024
PedNYC9,PedNYC9_scenario3,3,93.0,9.392756333518454,48.42931922089524,2.8007305939317657,75.73390280670837,9.790185807041123,49.41550570938268,1.0632563079990145
PedNYC9,PedNYC9_scenario3,3,94.0,9.421017433532521,48.47793793242904,2.7541775275379528,76.84719635804647,9.757152157180336,49.34033464995661,0.9255888130504357
PedNYC9,PedNYC9_scenario3,3,95.0,9.462172855110646,48.52668108010859,2.719187332244831,77.89743539836957,9.714225876263724,49.27683832001538,0.7913700841306606
PedNYC9,PedNYC9_scenario3,3,96.0,9.541057753171913,48.52942312141069,2.6933067861532627,78.81366320170281,9.689209283037798,49.218054947257095,0.704388151071665
PedNYC9,PedNYC9_scenario3,3,97.0,9.587919717450976,48.536501736366354,2.6774670387608324,79.46472016931372,9.687039046515753,49.16696207389647,0.6382044175597977
PedNYC9,PedNYC9_scenario3,3,98.0,9.616603025718206,48.572359414736404,2.6724927302416575,79.69227655187296,9.688251658094485,49.125887626728435,0.5581460453971577
PedNYC9,PedNYC9_scenario3,3,99.0,9.617035178348026,48.62966335646939,2.6724795496950793,79.69297683448656,9.696355657293157,49.11189921703438,0.4887158311277993
PedNYC9,PedNYC9_scenario3,3,100.0,9.615076065063477,48.69230270385742,2.6724746227264404,79.6932144165039,9.710407217343649,49.170472939809166,0.4875805606719897
