participant_id,recording_identifier,scenario,progress_percent,ped_x,ped_z,veh_x,veh_z,mean_x,mean_z,deviation_m
PedNYC10,PedNYC10_scenario3,3,0.0,12.628949165344238,66.83854675292969,46.62799835205078,58.64118957519531,62.701661330003006,58.073510096623345,16.08368432664555
PedNYC10,PedNYC10_scenario3,3,1.0,12.593782323078878,66.74313587887255,44.91700916048972,58.66723047807359,61.586140699051676,58.07912354878876,16.679502870594007
PedNYC10,PedNYC10_scenario3,3,2.0,12.53253045559148,66.5958968142777,43.20374931102785,58.69183961128868,60.42569343326351,58.08433211689549,17.2326557647146
PedNYC10,PedNYC10_scenario3,3,3.0,12.480909395398957,66.40848794203008,41.546556623857036,58.714208803823,59.22510678105261,58.08956810436784,17.689582009304104
PedNYC10,PedNYC10_scenario3,3,4.0,12.482633037765508,66.2198414048552,39.96239470531194,58.734228549277375,58.003688249000035,58.09333328007304,18.052673471694167
PedNYC10,PedNYC10_scenario3,3,5.0,12.486886956100316,66.00225627054625,38.45546421211359,58.752026850077094,56.76471597116505,58.097147221127884,18.320959781210746
PedNYC10,PedNYC10_scenario3,3,6.0,12.48620069541376,65.75769233151776,37.02422022525954,58.767805823373536,55.50968118649119,58.100329271527805,18.497507721217023
PedNYC10,PedNYC10_scenario3,3,7.0,12.464633192421273,65.55109236429028,35.66529754737773,58.781776469262375,54.24878192588897,58.1052684830906,18.595794005681107
PedNYC10,PedNYC10_scenario3,3,8.0,12.436935825307948,65.32832874002636,34.37526620630134,58.794130995378794,52.99165346030576,58.11238213143323,18.62886620018914
PedNYC10,PedNYC10_scenario3,3,9.0,12.425768844345889,65.08167672833852,33.15099316589285,58.805037479448366,51.73794980709507,58.120574198430326,18.599555025994395
PedNYC10,PedNYC10_scenario3,3,10.0,12.425972296431244,64.86026447539994,31.98879895191358,58.81467303193324,50.508680151036245,58.13221916501776,18.532451076694766
PedNYC10,PedNYC10_scenario3,3,11.0,12.414005989935674,64.6354056688948,30.88507658404118,58.82318212046025,49.31427559377006,58.150455115833545,18.44147330781752
PedNYC10,PedNYC10_scenario3,3,12.0,12.395436819648744,64.44646709879467,29.83794466887202,58.83065780987058,48.146728976138476,58.17627587173389,18.32047484458211
PedNYC10,PedNYC10_scenario3,3,13.0,12.382123311965533,64.24007160215444,28.843494357289767,58.837224311047365,46.99159415860659,58.21128405280187,18.158891144710573
PedNYC10,PedNYC10_scenario3,3,14.0,12.39398693916283,64.06484386407429,27.899752689318024,58.842978816233874,45.85352568495661,58.25840996825198,17.963287157893795
PedNYC10,PedNYC10_scenario3,3,15.0,12.424134143136106,63.89236749359198,27.003676956187142,58.84800486282354,44.735533625730234,58.31785269240408,17.73978022053882
PedNYC10,PedNYC10_scenario3,3,16.0,12.448870885589217,63.72489291541821,26.15239955573932,58.852399747648924,43.64063270095638,58.384481119402466,17.49449188699485
PedNYC10,PedNYC10_scenario3,3,17.0,12.460078807226859,63.570634495926164,25.344921787004335,58.85621134712223,42.57520430913688,58.45794545924283,17.234884725751854
PedNYC10,PedNYC10_scenario3,3,18.0,12.45696642176355,63.39771959041068,24.577919595005078,58.85952002643544,41.545118001849474,58.539864227890305,16.970209238744424
PedNYC10,PedNYC10_scenario3,3,19.0,12.457730638781857,63.27416609998401,23.84964861773308,58.862382229305304,40.54238968404854,58.63072227444674,16.694348464128197
PedNYC10,PedNYC10_scenario3,3,20.0,12.467177209414967,63.14883711855098,23.158413543784388,58.8648443291757,39.553018080701435,58.72824186328986,16.395173623831713
PedNYC10,PedNYC10_scenario3,3,21.0,12.480108253857766,63.0279305495895,22.50192618266153,58.86695475074838,38.56871144066163,58.827131798580844,16.066834610283653
PedNYC10,PedNYC10_scenario3,3,22.0,12.49046648886392,62.920401139296075,21.878700586047444,58.86875102488395,37.5801708020254,58.92988393136803,15.701589224517944
PedNYC10,PedNYC10_scenario3,3,23.0,12.4925149487114,62.8396281885019,21.286727317096528,58.87027049391234,36.59213032335243,59.038224493057214,15.306324500994219
PedNYC10,PedNYC10_scenario3,3,24.0,12.47659359785795,62.75211313955196,20.723069756424042,58.87155146127871,35.61786658146538,59.14058335339478,14.89722627264005
PedNYC10,PedNYC10_scenario3,3,25.0,12.456857120709184,62.67420380596954,20.18713129251806,58.87261604629445,34.67342824533746,59.217556187436735,14.490403138154436
PedNYC10,PedNYC10_scenario3,3,26.0,12.435683567461068,62.61782695554905,19.67785506507134,58.873487938426514,33.757898261396676,59.241729294216285,14.084857759540961
PedNYC10,PedNYC10_scenario3,3,27.0,12.419903863255191,62.57652133902336,19.19429038631551,58.87419653959828,32.856550995715075,59.24489931926141,13.667288886608086
PedNYC10,PedNYC10_scenario3,3,28.0,12.409711015244161,62.54412469074766,18.735278609866615,58.87476700722136,31.970530517407816,59.24860752160636,13.240530570421589
PedNYC10,PedNYC10_scenario3,3,29.0,12.404965240127293,62.524769185961134,18.299855137842098,58.875194040178656,31.10798263033732,59.25332175807567,12.813707911258708
PedNYC10,PedNYC10_scenario3,3,30.0,12.393051064344093,62.50942830456141,17.969311836881268,58.874897729946355,30.278737746177743,59.26103381766667,12.315480798356974
PedNYC10,PedNYC10_scenario3,3,31.0,12.370253103005686,62.49553058193497,17.893266185016955,58.874604154433236,29.486252786563853,59.27274814462338,11.59982142020171
PedNYC10,PedNYC10_scenario3,3,32.0,12.354982804172149,62.49141769330528,17.892727470268913,58.874603271484375,28.741665210021754,59.28888244051651,10.856844721691816
PedNYC10,PedNYC10_scenario3,3,33.0,12.366020935086024,62.49252181364672,17.892480250366866,58.874600742724866,28.04912666126056,59.309318571493456,10.165945401514264
PedNYC10,PedNYC10_scenario3,3,34.0,12.389726641177296,62.49922199006837,17.89243129883001,58.8746031921349,27.38194609484643,59.334157595484875,9.50063583732441
PedNYC10,PedNYC10_scenario3,3,35.0,12.405946443591914,62.49858442811179,17.892423629760742,58.87459945678711,26.731277337114577,59.363595623375055,8.85236985845826
PedNYC10,PedNYC10_scenario3,3,36.0,12.415227640236875,62.486700018890396,17.892423629760742,58.87460073303218,26.11528965411549,59.39771122928997,8.239488469910174
PedNYC10,PedNYC10_scenario3,3,37.0,12.428351988948787,62.41842970335559,17.892423865203828,58.87459945678711,25.53275887288209,59.437257232581636,7.661024918522068
PedNYC10,PedNYC10_scenario3,3,38.0,12.436806439201284,62.26474002958539,17.892424835326953,58.87460186791953,24.96110094145083,59.48422190308224,7.094914973455173
PedNYC10,PedNYC10_scenario3,3,39.0,12.444288371846719,62.02116600268276,17.892423629760742,58.87459945678711,24.39734687265384,59.53964334816101,6.538830917938206
PedNYC10,PedNYC10_scenario3,3,40.0,12.440832462751244,61.777694420520305,17.892423629760742,58.874599648061654,23.84141522737571,59.60319064084963,5.993441904554114
PedNYC10,PedNYC10_scenario3,3,41.0,12.436660529174526,61.54958909010489,17.892423629760742,58.87459945678711,23.290639557947372,59.67519961681028,5.457260835213667
PedNYC10,PedNYC10_scenario3,3,42.0,12.41354731949605,61.27474119856995,17.892423629760742,58.87460227902396,22.741776105365055,59.7541945874558,4.928478676194321
PedNYC10,PedNYC10_scenario3,3,43.0,12.410082565730951,60.974393392686046,17.89242516723821,58.87460253174204,22.19381114021234,59.83994272580925,4.4083787245177035
PedNYC10,PedNYC10_scenario3,3,44.0,12.394579413423152,60.68517805914917,17.892423629760742,58.874601309098615,21.64941377730531,59.9348451607762,3.903727961035075
PedNYC10,PedNYC10_scenario3,3,45.0,12.364104885521394,60.4100265746083,17.892423629760742,58.87459945678711,21.109480227547387,60.04048155504499,3.4218027734515593
PedNYC10,PedNYC10_scenario3,3,46.0,12.339263749034092,60.16705650501294,17.89242344162183,58.87459945678711,20.5857676602356,60.1584537363932,2.9836864599356097
PedNYC10,PedNYC10_scenario3,3,47.0,12.328266872723432,59.88549576938116,17.892423629760742,58.87459945678711,20.082465067389357,60.28845100849561,2.6067715106619826
PedNYC10,PedNYC10_scenario3,3,48.0,12.331366923143245,59.54996176699498,17.892423629760742,58.87459945678711,19.59522712810594,60.42914777941405,2.3056799954371123
PedNYC10,PedNYC10_scenario3,3,49.0,12.321647339825576,59.27877090185331,17.892423629760742,58.874603271484375,19.11650321929611,60.58092436145984,2.099976786446018
PedNYC10,PedNYC10_scenario3,3,50.0,12.289299867332097,58.92855899175794,17.892423629760742,58.87459945678711,18.65170673227866,60.74583567589544,2.019414721515144
PedNYC10,PedNYC10_scenario3,3,51.0,12.270793725442516,58.68691935737373,17.8924245831706,58.87460136360683,18.201773138821828,60.92643584082702,2.0750231928325404
PedNYC10,PedNYC10_scenario3,3,52.0,12.303685835627828,58.32640014250767,17.892423629760742,58.87459878187424,17.755062695243595,61.12438152656433,2.2539721437135567
PedNYC10,PedNYC10_scenario3,3,53.0,12.31614175016297,58.017779067940516,17.892423629760742,58.874603271484375,17.30642987636306,61.33856312069435,2.5326837184180655
PedNYC10,PedNYC10_scenario3,3,54.0,12.280099820850833,57.67963545912051,17.892423629760742,58.87459952174152,16.854257097193837,61.564299660532356,2.8831019034979355
PedNYC10,PedNYC10_scenario3,3,55.0,12.255999909893436,57.36310378760526,17.892423629760742,58.87459945678711,16.399039972489494,61.80155468028401,3.285918688610639
PedNYC10,PedNYC10_scenario3,3,56.0,12.25832012485308,57.03809155750056,17.892423629760742,58.87459982899469,15.953773600326201,62.050079381857195,3.720488452780683
PedNYC10,PedNYC10_scenario3,3,57.0,12.242115381352512,56.74003942894527,17.892423629760742,58.87459587241075,15.511497324055963,62.31234957761008,4.181741337147566
PedNYC10,PedNYC10_scenario3,3,58.0,12.203954651721135,56.45802885965022,17.892423629760742,58.874599270228785,15.076480602608045,62.58811302730651,4.660441991504179
PedNYC10,PedNYC10_scenario3,3,59.0,12.173375731965193,56.17032581197078,17.892423629760742,58.87459945678711,14.648769812295567,62.870374136853385,5.146601342771281
PedNYC10,PedNYC10_scenario3,3,60.0,12.16210440466773,55.87163781005982,17.892423629760742,58.87459592577229,14.224858576296457,63.15470050845154,5.636517423025001
PedNYC10,PedNYC10_scenario3,3,61.0,12.15328166807166,55.591651891775314,17.892423629760742,58.87459945678711,13.804559928132043,63.441393412408345,6.129130172886863
PedNYC10,PedNYC10_scenario3,3,62.0,12.132513292899578,55.30237566366374,17.892423629760742,58.87459945678711,13.38433867271278,63.72923707309056,6.6249782162351725
PedNYC10,PedNYC10_scenario3,3,63.0,12.108262473764611,55.029019266498445,17.892423629760742,58.87459945678711,12.948068275175139,64.03103210456784,7.14390982050574
PedNYC10,PedNYC10_scenario3,3,64.0,12.100842800442345,54.74715364337876,17.892423629760742,58.87459720295456,12.487165085558566,64.35834692845056,7.699891621415723
PedNYC10,PedNYC10_scenario3,3,65.0,12.104943720948823,54.465333632796096,17.892423629760742,58.87460323129386,12.019842752345827,64.70794653757511,8.27738487027851
PedNYC10,PedNYC10_scenario3,3,66.0,12.095393180587712,54.20464777738887,17.892423629760742,58.87459636784695,11.563089049024521,65.06475977171985,8.853168879082263
PedNYC10,PedNYC10_scenario3,3,67.0,12.075675021364807,53.95197461356478,17.892441156079183,58.87459835092772,11.125353221312198,65.43112854054232,9.422397107116455
PedNYC10,PedNYC10_scenario3,3,68.0,12.073212818307775,53.69286391407569,17.892518391633605,58.87459564208984,10.703503907086743,65.82565879018274,9.999960407311614
PedNYC10,PedNYC10_scenario3,3,69.0,12.08582853998074,53.42918810808617,17.89257478905376,58.87459945678711,10.296320275694239,66.25430176181095,10.59070766013816
PedNYC10,PedNYC10_scenario3,3,70.0,12.068254771162694,53.185626382757,17.887812742743048,58.87456993661654,9.904378244228761,66.71856148216824,11.192114624089347
PedNYC10,PedNYC10_scenario3,3,71.0,12.01769625111693,52.955666251438984,17.847434355919543,58.87435291272726,9.5315283729045,67.20367015557181,11.76995403773069
PedNYC10,PedNYC10_scenario3,3,72.0,11.952061576379448,52.71389930502566,17.734110497056026,58.873714483198896,9.184760453607627,67.68611650642205,12.278021647819275
PedNYC10,PedNYC10_scenario3,3,73.0,11.898225403963334,52.48550317247984,17.519061235748747,58.87159045080796,8.862627757873526,68.14877984054955,12.688580831992713
PedNYC10,PedNYC10_scenario3,3,74.0,11.851837918287691,52.261193299321974,17.184556256631186,58.86554125718351,8.554397276178138,68.55002973306665,12.971852645917922
PedNYC10,PedNYC10_scenario3,3,75.0,11.804603189217222,52.04646681148835,16.726094575778546,58.85127359001818,8.251458157135039,68.83172210818353,13.093082717677595
PedNYC10,PedNYC10_scenario3,3,76.0,11.754890234200175,51.82036088883667,16.14695441566433,58.82490220225365,7.948061536788176,69.03234934893594,13.092510137158518
PedNYC10,PedNYC10_scenario3,3,77.0,11.718788959256106,51.608689020167176,15.450801390373995,58.784419408809136,7.642949518640109,69.22200623952101,13.034790742454911
PedNYC10,PedNYC10_scenario3,3,78.0,11.682531860992308,51.38563419807672,14.660031522582175,58.73395338707788,7.338154765478725,69.41339109471703,12.94836935670112
PedNYC10,PedNYC10_scenario3,3,79.0,11.633170037360127,51.17914105943298,13.829851814322808,58.689354316379756,7.03810102803054,69.60034136012717,12.852140561475574
PedNYC10,PedNYC10_scenario3,3,80.0,11.56603991352727,50.986077568390115,13.011568272649967,58.6605193960597,6.7555268993645585,69.77965833178384,12.758264158426698
PedNYC10,PedNYC10_scenario3,3,81.0,11.476936525770286,50.79359549756315,12.225583502899244,58.655088885369395,6.490155324376886,69.97621832589967,12.691064108270414
PedNYC10,PedNYC10_scenario3,3,82.0,11.39936348090345,50.622914762092265,11.477473358509888,58.679416835880886,6.2379248171539015,70.20137867108396,12.65734859475324
PedNYC10,PedNYC10_scenario3,3,83.0,11.308804033647963,50.455390621996,10.768611610348966,58.73250040876763,5.995911679803471,70.45615229930739,12.657909712017444
PedNYC10,PedNYC10_scenario3,3,84.0,11.244285299188245,50.34006509459629,10.100352135937245,58.81752406917983,5.764242515426245,70.74446864020733,12.690699485901096
PedNYC10,PedNYC10_scenario3,3,85.0,11.183584079151176,50.2454354591261,9.473373119685624,58.93531351385694,5.540059061864634,71.06557654384461,12.752028883834054
PedNYC10,PedNYC10_scenario3,3,86.0,11.070912906242734,50.10309288164716,8.889212689461589,59.08572445566427,5.3242609602761295,71.41245216612434,12.831878150888377
PedNYC10,PedNYC10_scenario3,3,87.0,10.944525642017178,49.91391140588513,8.348893106799252,59.267795046776754,5.125956036887212,71.75792129094205,12.899247146705886
PedNYC10,PedNYC10_scenario3,3,88.0,10.833411984133985,49.75825740743154,7.8549273791036605,59.480566821006356,4.947475499867244,72.12152244063688,12.971007493928292
PedNYC10,PedNYC10_scenario3,3,89.0,10.714532169326457,49.62444586910958,7.405235402908129,59.72353811273909,4.788776383264921,72.50182982215621,13.04341200807636
PedNYC10,PedNYC10_scenario3,3,90.0,10.623415645258044,49.53753162138975,6.979144384107759,60.008880134125086,4.6561643454703505,72.88631245815132,13.085277968762592
PedNYC10,PedNYC10_scenario3,3,91.0,10.48589836614558,49.435590768756825,6.555303936020446,60.356625445947834,4.541319857860144,73.23877602644941,13.038632422374686
PedNYC10,PedNYC10_scenario3,3,92.0,10.358492782233794,49.361907290932464,6.125460467707819,60.7868082971114,4.4414237484248185,73.57152561571272,12.895153220820523
PedNYC10,PedNYC10_scenario3,3,93.0,10.23579563826812,49.29705760683034,5.692419906946005,61.32326151185539,4.354287940176664,73.91672271575916,12.664354000687103
PedNYC10,PedNYC10_scenario3,3,94.0,10.124533150719786,49.23964391073047,5.275905123328792,61.981420860280956,4.276295767848621,74.27286128259102,12.332020374568044
PedNYC10,PedNYC10_scenario3,3,95.0,10.01086700025223,49.17669924822289,4.907803833626936,62.744403277212136,4.2067162679935315,74.6337692054081,11.910018721615547
PedNYC10,PedNYC10_scenario3,3,96.0,9.896562019823728,49.129219176918106,4.614138880600072,63.55565941401032,4.142761687059511,74.99152372970288,11.44557508845757
PedNYC10,PedNYC10_scenario3,3,97.0,9.779365797218125,49.093459425775286,4.393155939225539,64.3683102551754,4.077912205023531,75.3257292196561,10.961952790224688
PedNYC10,PedNYC10_scenario3,3,98.0,9.669547536533535,49.082643287320344,4.236325619927894,65.15991304185341,4.012301900808885,75.60573260915322,10.448221526140774
PedNYC10,PedNYC10_scenario3,3,99.0,9.570032620814422,49.09145579522036,4.135182031611297,65.92142643726734,3.94953882230642,75.82344632112682,9.903759951730935
PedNYC10,PedNYC10_scenario3,3,100.0,9.52260398864746,49.11576843261719,4.071309566497803,66.64981079101562,3.7100090086460114,76.38669713338216,9.743587313575421
PedNYC11,PedNYC11_scenario3,3,0.0,12.571296691894531,66.86211395263672,70.75603485107422,58.115379333496094,62.701661330003006,58.073510096623345,8.054482345249097
PedNYC11,PedNYC11_scenario3,3,1.0,12.512607175479788,66.91465393488834,69.25708165357372,58.142647719430826,61.586140699051676,58.07912354878876,7.671203976431558
PedNYC11,PedNYC11_scenario3,3,2.0,12.515646478263834,66.94558519097049,67.69901452144852,58.172466576306206,60.42569343326351,58.08433211689549,7.2738550531868835
PedNYC11,PedNYC11_scenario3,3,3.0,12.58593956134658,66.94418632194977,66.08500887190246,58.202211950126404,59.22510678105261,58.08956810436784,6.860826869411109
PedNYC11,PedNYC11_scenario3,3,4.0,12.692384936505986,66.9387616937206,64.41756628079854,58.23160137835927,58.003688249000035,58.09333328007304,6.415368225892504
PedNYC11,PedNYC11_scenario3,3,5.0,12.761380894527212,66.94909394187749,62.70637202841239,58.260246505102074,56.76471597116505,58.097147221127884,5.943894184712312
PedNYC11,PedNYC11_scenario3,3,6.0,12.746023789801539,66.93092344529107,60.98839931733537,58.28747495201925,55.50968118649119,58.100329271527805,5.48191352202562
PedNYC11,PedNYC11_scenario3,3,7.0,12.653619137542282,66.91950812705674,59.28610650550704,58.31287801551285,54.24878192588897,58.1052684830906,5.041600999521578
PedNYC11,PedNYC11_scenario3,3,8.0,12.547196302553923,66.95246945213887,57.59823623754914,58.33405387794066,52.99165346030576,58.11238213143323,4.611913187256992
PedNYC11,PedNYC11_scenario3,3,9.0,12.483599491716198,66.99256707887449,55.9334600920011,58.34965204198017,51.73794980709507,58.120574198430326,4.201759537284078
PedNYC11,PedNYC11_scenario3,3,10.0,12.46396799483333,67.02172002120088,54.29887033113893,58.359970347869286,50.508680151036245,58.13221916501776,3.7970267582197894
PedNYC11,PedNYC11_scenario3,3,11.0,12.47636655666707,66.99403821371472,52.65562249202074,58.36815541311516,49.31427559377006,58.150455115833545,3.348431351227904
PedNYC11,PedNYC11_scenario3,3,12.0,12.509180934212806,66.95827726012973,50.97409375033516,58.376477754210484,48.146728976138476,58.17627587173389,2.834443924320152
PedNYC11,PedNYC11_scenario3,3,13.0,12.548179106615777,66.93510447460258,49.24836083688263,58.38912422684138,46.99159415860659,58.21128405280187,2.2637630104936983
PedNYC11,PedNYC11_scenario3,3,14.0,12.59689882787581,66.907015069915,47.47907653205341,58.403773958445015,45.85352568495661,58.25840996825198,1.632037452432381
PedNYC11,PedNYC11_scenario3,3,15.0,12.636667703218029,66.88258299406722,45.66715768870522,58.4120908509795,44.735533625730234,58.31785269240408,0.9363782490242397
PedNYC11,PedNYC11_scenario3,3,16.0,12.66504317059286,66.85241300987762,43.81513502873892,58.41238453561201,43.64063270095638,58.384481119402466,0.1767191643192345
PedNYC11,PedNYC11_scenario3,3,17.0,12.695946919468886,66.77839471951802,41.92443376569523,58.40481259346808,42.57520430913688,58.45794545924283,0.6529359858644497
PedNYC11,PedNYC11_scenario3,3,18.0,12.66887986033358,66.63445499254595,39.99688964402412,58.393618762462296,41.545118001849474,58.539864227890305,1.5551201831796924
PedNYC11,PedNYC11_scenario3,3,19.0,12.570386298428176,66.43919888155736,38.04582165719351,58.38624883753842,40.54238968404854,58.63072227444674,2.5085093529960347
PedNYC11,PedNYC11_scenario3,3,20.0,12.51950818532002,66.30551644118873,36.12286081000585,58.38642529647838,39.553018080701435,58.72824186328986,3.4471462787431277
PedNYC11,PedNYC11_scenario3,3,21.0,12.566947746426674,66.14928013138808,34.2786994435976,58.39281948608527,38.56871144066163,58.827131798580844,4.311940412359444
PedNYC11,PedNYC11_scenario3,3,22.0,12.644064731009072,65.95627237090385,32.53858894030326,58.3990306864005,37.5801708020254,58.92988393136803,5.069452912902752
PedNYC11,PedNYC11_scenario3,3,23.0,12.647512516456608,65.73576112416825,30.905235632741693,58.402750991553894,36.59213032335243,59.038224493057214,5.72228955866526
PedNYC11,PedNYC11_scenario3,3,24.0,12.578897267183326,65.49269491574755,29.374871155856308,58.40392062668624,35.61786658146538,59.14058335339478,6.286307648938083
PedNYC11,PedNYC11_scenario3,3,25.0,12.501689549005821,65.25224436791585,27.941543558443698,58.40297472716805,34.67342824533746,59.217556187436735,6.780989189863689
PedNYC11,PedNYC11_scenario3,3,26.0,12.451343688713395,65.01578445111625,26.59830157492152,58.400246050786954,33.757898261396676,59.241729294216285,7.208877774103148
PedNYC11,PedNYC11_scenario3,3,27.0,12.478418504757,64.79545272987255,25.340745821998038,58.396114837024946,32.856550995715075,59.24489931926141,7.563581328085076
PedNYC11,PedNYC11_scenario3,3,28.0,12.491308837802972,64.59160701122626,24.16224146544406,58.391745921508615,31.970530517407816,59.24860752160636,7.855163252328952
PedNYC11,PedNYC11_scenario3,3,29.0,12.462463100855102,64.41272861914062,23.058085803607174,58.38876735257813,31.10798263033732,59.25332175807567,8.096190044772005
PedNYC11,PedNYC11_scenario3,3,30.0,12.408842047159114,64.12524632646577,22.020946491147352,58.38705774168018,30.278737746177743,59.26103381766667,8.303911764527195
PedNYC11,PedNYC11_scenario3,3,31.0,12.421035527945559,63.89243406420949,21.046956336505133,58.386078823667106,29.486252786563853,59.27274814462338,8.485747289231442
PedNYC11,PedNYC11_scenario3,3,32.0,12.445733703464668,63.660027035055776,20.134162755542405,58.38551926619756,28.741665210021754,59.28888244051651,8.654776919631356
PedNYC11,PedNYC11_scenario3,3,33.0,12.405137956296697,63.42865473831933,19.279116173088013,58.38523237456762,28.04912666126056,59.309318571493456,8.8185610652762
PedNYC11,PedNYC11_scenario3,3,34.0,12.348491936238322,63.281325674973445,18.477687427317413,58.38459373511352,27.38194609484643,59.334157595484875,8.954747006096207
PedNYC11,PedNYC11_scenario3,3,35.0,12.281429877053833,62.90883948251953,17.730781521154782,58.383287101904294,26.731277337114577,59.363595623375055,9.053724633010326
PedNYC11,PedNYC11_scenario3,3,36.0,12.333725336316714,62.64391994534216,17.07651030810675,58.38150983471962,26.11528965411549,59.39771122928997,9.095724124013485
PedNYC11,PedNYC11_scenario3,3,37.0,12.35999459499953,62.363572798543224,16.52324014198833,58.37881306863261,25.53275887288209,59.437257232581636,9.071479031035857
PedNYC11,PedNYC11_scenario3,3,38.0,12.309155505444371,62.12459547478196,16.0172032809931,58.375355591768596,24.96110094145083,59.48422190308224,9.0123742630401
PedNYC11,PedNYC11_scenario3,3,39.0,12.2755419603618,61.873886889148,15.535842273250672,58.37088215405939,24.39734687265384,59.53964334816101,8.938247394992004
PedNYC11,PedNYC11_scenario3,3,40.0,12.319358089544961,61.634924453501775,15.018442992731762,58.363998103305676,23.84141522737571,59.60319064084963,8.909569978309987
PedNYC11,PedNYC11_scenario3,3,41.0,12.345115892623834,61.434292113960055,14.412564436746148,58.35575294212121,23.290639557947372,59.67519961681028,8.975586743218528
PedNYC11,PedNYC11_scenario3,3,42.0,12.263685919531689,61.232439245528404,13.701973005721703,58.351393332645586,22.741776105365055,59.7541945874558,9.14799931355587
PedNYC11,PedNYC11_scenario3,3,43.0,12.116799227356413,60.99446263072198,12.889548243173188,58.36775237852734,22.19381114021234,59.83994272580925,9.420013401044045
PedNYC11,PedNYC11_scenario3,3,44.0,12.101832834947917,60.76629080422732,12.01395843881161,58.426290342169764,21.64941377730531,59.9348451607762,9.75283226662119
PedNYC11,PedNYC11_scenario3,3,45.0,12.091887306086718,60.62024837673136,11.124001925051203,58.555768412504875,21.109480227547387,60.04048155504499,10.095253837583947
PedNYC11,PedNYC11_scenario3,3,46.0,12.004050643011185,60.53091815791285,10.284897930742039,58.77316268129626,20.5857676602356,60.1584537363932,10.393601324436508
PedNYC11,PedNYC11_scenario3,3,47.0,11.968704530876586,60.45928843795741,9.528232497279607,59.06858166226176,20.082465067389357,60.28845100849561,10.624495581713349
PedNYC11,PedNYC11_scenario3,3,48.0,11.943946652044454,60.33646186924987,8.863848240781145,59.430281253483436,19.59522712810594,60.42914777941405,10.777765406611199
PedNYC11,PedNYC11_scenario3,3,49.0,12.001397908918474,60.204035056002795,8.30893179362519,59.85035233084656,19.11650321929611,60.58092436145984,10.832235947065268
PedNYC11,PedNYC11_scenario3,3,50.0,12.103988358827486,60.042852456439036,7.845225597642464,60.31655886605994,18.65170673227866,60.74583567589544,10.815004072708922
PedNYC11,PedNYC11_scenario3,3,51.0,12.12911558198288,59.846492042366144,7.442560989966317,60.84939723379785,18.201773138821828,60.92643584082702,10.759487953013982
PedNYC11,PedNYC11_scenario3,3,52.0,12.052656087527982,59.63969711290053,7.091822888021302,61.45897465097207,17.755062695243595,61.12438152656433,10.668487978398394
PedNYC11,PedNYC11_scenario3,3,53.0,12.012344251355405,59.41015297079786,6.799833069876811,62.15200507023916,17.30642987636306,61.33856312069435,10.53803891904686
PedNYC11,PedNYC11_scenario3,3,54.0,12.05681901522625,59.15041566510061,6.57282248839094,62.92945688002063,16.854257097193837,61.564299660532356,10.371670639246647
PedNYC11,PedNYC11_scenario3,3,55.0,12.107415033130732,58.87602782547031,6.424085196361145,63.79047662797336,16.399039972489494,61.80155468028401,10.171309320820312
PedNYC11,PedNYC11_scenario3,3,56.0,12.073104884311428,58.63453536027203,6.34337107635115,64.72001560841498,15.953773600326201,62.050079381857195,9.974387005060093
PedNYC11,PedNYC11_scenario3,3,57.0,11.995613265282788,58.33292804617162,6.292652369453582,65.69970566140593,15.511497324055963,62.31234957761008,9.821470538337248
PedNYC11,PedNYC11_scenario3,3,58.0,12.013346904257023,58.05428180595187,6.247655274637704,66.68186889429687,15.076480602608045,62.58811302730651,9.731751834604527
PedNYC11,PedNYC11_scenario3,3,59.0,12.042479800631474,57.76521296491085,6.207938109919909,67.62984788315366,14.648769812295567,62.870374136853385,9.690213112700437
PedNYC11,PedNYC11_scenario3,3,60.0,11.978445363140859,57.506093628170696,6.170516842943068,68.52631756158986,14.224858576296457,63.15470050845154,9.681254594483327
PedNYC11,PedNYC11_scenario3,3,61.0,11.876695651161135,57.23757250388578,6.140600451071284,69.36891509680055,13.804559928132043,63.441393412408345,9.688745439166476
PedNYC11,PedNYC11_scenario3,3,62.0,11.850261683000737,56.977331978310595,6.122090164719811,70.15918660831736,13.38433867271278,63.72923707309056,9.699716718410357
PedNYC11,PedNYC11_scenario3,3,63.0,11.878665287300246,56.71528867947458,6.11277955715753,70.9001771591052,12.948068275175139,64.03103210456784,9.690527624383195
PedNYC11,PedNYC11_scenario3,3,64.0,11.852838705682887,56.475466941223985,6.1103541164818544,71.59707718126703,12.487165085558566,64.35834692845056,9.646913175123814
PedNYC11,PedNYC11_scenario3,3,65.0,11.772751379146673,56.22444611201039,6.111496493576106,72.28960422271582,12.019842752345827,64.70794653757511,9.611976319580245
PedNYC11,PedNYC11_scenario3,3,66.0,11.724468509476536,55.98205871908153,6.113961837856608,73.02924221253127,11.563089049024521,65.06475977171985,9.650179682963634
PedNYC11,PedNYC11_scenario3,3,67.0,11.750862535422783,55.71572055597534,6.117133814338419,73.84482136106722,11.125353221312198,65.43112854054232,9.791449765307538
PedNYC11,PedNYC11_scenario3,3,68.0,11.757504550770717,55.45052348030298,6.120355624185173,74.7541786021331,10.703503907086743,65.82565879018274,10.036120476332155
PedNYC11,PedNYC11_scenario3,3,69.0,11.68280528405504,55.1833639677639,6.125072361432164,75.76588231448491,10.296320275694239,66.25430176181095,10.386023000756412
PedNYC11,PedNYC11_scenario3,3,70.0,11.586530126965018,54.91668959947306,6.131393091457192,76.82396512774818,9.904378244228761,66.71856148216824,10.786778935490197
PedNYC11,PedNYC11_scenario3,3,71.0,11.547390705956213,54.65921379353746,6.137235928168182,77.85307063393748,9.5315283729045,67.20367015557181,11.177251529289697
PedNYC11,PedNYC11_scenario3,3,72.0,11.52487543751237,54.405391017696815,6.142574376759823,78.82797596854229,9.184760453607627,67.68611650642205,11.549715511639448
PedNYC11,PedNYC11_scenario3,3,73.0,11.446937571804499,54.18579396927802,6.1474484799452505,79.72340433748784,8.862627757873526,68.14877984054955,11.888823775143399
PedNYC11,PedNYC11_scenario3,3,74.0,11.325204630143741,53.97002813248683,6.1512889477633355,80.43337939500174,8.554397276178138,68.55002973306665,12.123899076860928
PedNYC11,PedNYC11_scenario3,3,75.0,11.242551218986764,53.75805039034815,6.153374455877355,80.85196153711385,8.251458157135039,68.83172210818353,12.201971608977557
PedNYC11,PedNYC11_scenario3,3,76.0,11.217891471880195,53.49386549257738,6.153964838240386,80.9807056051472,7.948061536788176,69.03234934893594,12.082301113160636
PedNYC11,PedNYC11_scenario3,3,77.0,11.183410522065332,53.25062874251676,6.153967809932503,80.98122485977261,7.642949518640109,69.22200623952101,11.85311305471005
PedNYC11,PedNYC11_scenario3,3,78.0,11.099144688383486,53.033472930190435,6.153968112646224,80.98139136700053,7.338154765478725,69.41339109471703,11.628453393650325
PedNYC11,PedNYC11_scenario3,3,79.0,10.974462540047172,52.80560879190257,6.1539680759245865,80.98142305967104,7.03810102803054,69.60034136012717,11.41537172976386
PedNYC11,PedNYC11_scenario3,3,80.0,10.901935091704733,52.528440650421686,6.153968334197998,80.98143005371094,6.7555268993645585,69.77965833178384,11.217912569524284
PedNYC11,PedNYC11_scenario3,3,81.0,10.884151219046057,52.27178402662592,6.153968334197998,80.9814224243164,6.490155324376886,69.97621832589967,11.010337821346544
PedNYC11,PedNYC11_scenario3,3,82.0,10.82603502787551,52.05274982400545,6.153968752897378,80.9814224243164,6.2379248171539015,70.20137867108396,10.78037067740861
PedNYC11,PedNYC11_scenario3,3,83.0,10.717567605054631,51.84680601319642,6.153968334197998,80.9814224243164,5.995911679803471,70.45615229930739,10.526456816536403
PedNYC11,PedNYC11_scenario3,3,84.0,10.640998764795663,51.636236688565525,6.153968334197998,80.9814224243164,5.764242515426245,70.74446864020733,10.244369623935015
PedNYC11,PedNYC11_scenario3,3,85.0,10.6427875940587,51.37871463109576,6.15396785736084,80.9814224243164,5.540059061864634,71.06557654384461,9.934831832218249
PedNYC11,PedNYC11_scenario3,3,86.0,10.640919540882207,51.2032796843203,6.153968334197998,80.98142592999538,5.3242609602761295,71.41245216612434,9.604877574440637
PedNYC11,PedNYC11_scenario3,3,87.0,10.553018023618456,50.912174089012645,6.153968334197998,80.9814224243164,5.125956036887212,71.75792129094205,9.280613257796071
PedNYC11,PedNYC11_scenario3,3,88.0,10.419576079228976,50.683748848625605,6.153968481614841,80.9814247829859,4.947475499867244,72.12152244063688,8.941671814094263
PedNYC11,PedNYC11_scenario3,3,89.0,10.362118439642408,50.435811953905265,6.153968084391573,80.9814224243164,4.788776383264921,72.50182982215621,8.588785658021452
PedNYC11,PedNYC11_scenario3,3,90.0,10.363377250683858,50.16668754156865,6.153968334197998,80.9814224243164,4.6561643454703505,72.88631245815132,8.232510076091842
PedNYC11,PedNYC11_scenario3,3,91.0,10.320870942889078,49.91960104779545,6.153968386056041,80.9814232540451,4.541319857860144,73.23877602644941,7.908806570304239
PedNYC11,PedNYC11_scenario3,3,92.0,10.248099094083784,49.682172494340435,6.153968455382552,80.9814224243164,4.4414237484248185,73.57152561571272,7.605220581119532
PedNYC11,PedNYC11_scenario3,3,93.0,10.190503966618728,49.46622974820085,6.153968334197998,80.9814224243164,4.354287940176664,73.91672271575916,7.290324512167724
PedNYC11,PedNYC11_scenario3,3,94.0,10.172104466591232,49.24443327672948,6.153968289904494,80.9814224243164,4.276295767848621,74.27286128259102,6.9663797407513925
PedNYC11,PedNYC11_scenario3,3,95.0,10.118023623327208,49.04351704323089,6.15396799684942,80.9814224243164,4.2067162679935315,74.6337692054081,6.639615251130838
PedNYC11,PedNYC11_scenario3,3,96.0,10.003717829954955,48.89379252877485,6.153967934912295,80.98141603574516,4.142761687059511,74.99152372970288,6.318525176762894
PedNYC11,PedNYC11_scenario3,3,97.0,9.901136714546217,48.79794816613479,6.153968334197998,80.98142118941684,4.077912205023531,75.3257292196561,6.0246876025482825
PedNYC11,PedNYC11_scenario3,3,98.0,9.846557770446719,48.65892887411469,6.153968334197998,80.98142461973163,4.012301900808885,75.60573260915322,5.7866051968751195
PedNYC11,PedNYC11_scenario3,3,99.0,9.824810164163647,48.50481774652264,6.153968334197998,80.9814224243164,3.94953882230642,75.82344632112682,5.609298258603596
PedNYC11,PedNYC11_scenario3,3,100.0,9.812965393066406,48.42268371582031,6.153968334197998,80.9814224243164,3.7100090086460114,76.38669713338216,5.204271100173717
PedNYC12,PedNYC12_scenario3,3,0.0,12.707767486572266,66.95127868652344,43.73955535888672,58.479034423828125,62.701661330003006,58.073510096623345,18.9664417548416
PedNYC12,PedNYC12_scenario3,3,1.0,12.72719781803052,66.85564288972685,42.17851575502119,58.479670241768076,61.586140699051676,58.07912354878876,19.411757870461166
PedNYC12,PedNYC12_scenario3,3,2.0,12.734123509503583,66.74836852711435,40.60898905212666,58.48556057939599,60.42569343326351,58.08433211689549,19.820765797730648
PedNYC12,PedNYC12_scenario3,3,3.0,12.700760731763028,66.62825596907241,39.02737630970038,58.49839872251952,59.22510678105261,58.08956810436784,20.201867702460795
PedNYC12,PedNYC12_scenario3,3,4.0,12.620361948144268,66.48658082125505,37.43749266568723,58.51884054016871,58.003688249000035,58.09333328007304,20.570596909167932
PedNYC12,PedNYC12_scenario3,3,5.0,12.57659538593641,66.34745827819657,35.83802286336278,58.54716659803996,56.76471597116505,58.097147221127884,20.931531283394808
PedNYC12,PedNYC12_scenario3,3,6.0,12.599326236172617,66.19231467522265,34.23032389321039,58.58351238353567,55.50968118649119,58.100329271527805,21.284842323466542
PedNYC12,PedNYC12_scenario3,3,7.0,12.663958037919768,66.02624400235275,32.62262935093849,58.62642573986239,54.24878192588897,58.1052684830906,21.632431210599588
PedNYC12,PedNYC12_scenario3,3,8.0,12.683569864859797,65.84526465004225,31.037129232417485,58.67219379679851,52.99165346030576,58.11238213143323,21.96166030093382
PedNYC12,PedNYC12_scenario3,3,9.0,12.66075905055016,65.67653659041022,29.513843553831382,58.71591351237254,51.73794980709507,58.120574198430326,22.232078797428713
PedNYC12,PedNYC12_scenario3,3,10.0,12.625769049869152,65.50960673207621,28.06561670974038,58.75251294632103,50.508680151036245,58.13221916501776,22.451633815942092
PedNYC12,PedNYC12_scenario3,3,11.0,12.634496507366261,65.36108099729476,26.688605360103217,58.78186948196617,49.31427559377006,58.150455115833545,22.63447895632671
PedNYC12,PedNYC12_scenario3,3,12.0,12.696448504438466,65.23361937637193,25.382384712963287,58.80429432581647,48.146728976138476,58.17627587173389,22.773005443090412
PedNYC12,PedNYC12_scenario3,3,13.0,12.78532196856209,65.02539623033076,24.142275983648027,58.82055388386225,46.99159415860659,58.21128405280187,22.857439725120834
PedNYC12,PedNYC12_scenario3,3,14.0,12.809992723109655,64.94961341033611,22.96395536123652,58.83097623412596,45.85352568495661,58.25840996825198,22.896730372115236
PedNYC12,PedNYC12_scenario3,3,15.0,12.798671754763783,64.58555358624956,21.85406680710281,58.83434957553035,44.735533625730234,58.31785269240408,22.887295445338818
PedNYC12,PedNYC12_scenario3,3,16.0,12.765598438236468,64.3829921867706,20.822925149392603,58.83210572183178,43.64063270095638,58.384481119402466,22.82209774962395
PedNYC12,PedNYC12_scenario3,3,17.0,12.749132486330165,64.19255312444476,19.911321736381915,58.82581813893143,42.57520430913688,58.45794545924283,22.666867970235486
PedNYC12,PedNYC12_scenario3,3,18.0,12.750841432250006,64.03571362067913,19.119132849830834,58.8168229933252,41.545118001849474,58.539864227890305,22.42769529390641
PedNYC12,PedNYC12_scenario3,3,19.0,12.744442570229834,63.85779876107924,18.386023259718907,58.80566250132318,40.54238968404854,58.63072227444674,22.15705705214799
PedNYC12,PedNYC12_scenario3,3,20.0,12.70476790944153,63.690202072554584,17.690073421337825,58.79239341321135,39.553018080701435,58.72824186328986,21.86303877780381
PedNYC12,PedNYC12_scenario3,3,21.0,12.694225881877836,63.65648751187242,17.023180479010925,58.77394543796697,38.56871144066163,58.827131798580844,21.545596608318938
PedNYC12,PedNYC12_scenario3,3,22.0,12.563315583008668,63.42701023534921,16.364243294279202,58.74866829701353,37.5801708020254,58.92988393136803,21.216701419402504
PedNYC12,PedNYC12_scenario3,3,23.0,12.493298886366448,63.27189935591544,15.693566171269246,58.71728171040068,36.59213032335243,59.038224493057214,20.90102839308333
PedNYC12,PedNYC12_scenario3,3,24.0,12.456932354225597,63.13033223841654,14.992662169796702,58.679191194424504,35.61786658146538,59.14058335339478,20.630364508352155
PedNYC12,PedNYC12_scenario3,3,25.0,12.480580960298935,62.9911933279896,14.259474851248813,58.63504711935219,34.67342824533746,59.217556187436735,20.422262607028248
PedNYC12,PedNYC12_scenario3,3,26.0,12.494837183927709,62.86075210359523,13.49613663166363,58.59075168359871,33.757898261396676,59.241729294216285,20.272216361060465
PedNYC12,PedNYC12_scenario3,3,27.0,12.486155191645715,62.766382115117196,12.708173734524767,58.55304357278816,32.856550995715075,59.24489931926141,20.160252246268616
PedNYC12,PedNYC12_scenario3,3,28.0,12.455206528882677,62.666970222672816,11.901333361202838,58.5331762659654,31.970530517407816,59.24860752160636,20.081945034686605
PedNYC12,PedNYC12_scenario3,3,29.0,12.381733576430664,62.57853291863076,11.08012371164651,58.54966515636974,31.10798263033732,59.25332175807567,20.04021620342723
PedNYC12,PedNYC12_scenario3,3,30.0,12.28451731019117,62.4897202080699,10.254842062438723,58.62302325278275,30.278737746177743,59.26103381766667,20.034057398194847
PedNYC12,PedNYC12_scenario3,3,31.0,12.20106028556641,62.40939962653624,9.434315182211247,58.76542253416412,29.486252786563853,59.27274814462338,20.058354393216757
PedNYC12,PedNYC12_scenario3,3,32.0,12.158928621130352,62.26667461545102,8.630539145064434,58.993029520852815,28.741665210021754,59.28888244051651,20.11330207973517
PedNYC12,PedNYC12_scenario3,3,33.0,12.146822825090558,62.08271539824732,7.864374157619723,59.32802756314255,28.04912666126056,59.309318571493456,20.18476117420277
PedNYC12,PedNYC12_scenario3,3,34.0,12.126664734188527,61.88421340721397,7.161815331990465,59.784622745719,27.38194609484643,59.334157595484875,20.22514788372559
PedNYC12,PedNYC12_scenario3,3,35.0,12.102664646077642,61.66097343641137,6.543178031471913,60.35986589173586,26.731277337114577,59.363595623375055,20.212667019028178
PedNYC12,PedNYC12_scenario3,3,36.0,12.056824642367776,61.4617137760885,6.015845670486198,61.04340597264287,26.11528965411549,59.39771122928997,20.166704233447547
PedNYC12,PedNYC12_scenario3,3,37.0,12.00930267753941,61.30988235095891,5.578614435853476,61.82384967496664,25.53275887288209,59.437257232581636,20.09636045904455
PedNYC12,PedNYC12_scenario3,3,38.0,11.978237064046697,61.15201500899492,5.2227242884037866,62.69192008547461,24.96110094145083,59.48422190308224,19.9973208337236
PedNYC12,PedNYC12_scenario3,3,39.0,11.956520700584095,60.93471755441427,4.934705999129671,63.63548921343604,24.39734687265384,59.53964334816101,19.88895027707255
PedNYC12,PedNYC12_scenario3,3,40.0,11.902101738704653,60.720683512705705,4.7047607968350516,64.64652120421356,23.84141522737571,59.60319064084963,19.7900663456516
PedNYC12,PedNYC12_scenario3,3,41.0,11.848484281845092,60.51079543312907,4.531042645918883,65.71910568549318,23.290639557947372,59.67519961681028,19.70916733068271
PedNYC12,PedNYC12_scenario3,3,42.0,11.770098050702181,60.27429735539628,4.417913286758339,66.84533849367928,22.741776105365055,59.7541945874558,19.648111117710222
PedNYC12,PedNYC12_scenario3,3,43.0,11.713668300761222,60.04453481110258,4.368211016304989,68.02191537311533,22.19381114021234,59.83994272580925,19.613686450504677
PedNYC12,PedNYC12_scenario3,3,44.0,11.715209603007928,59.84400849170575,4.36179620681285,69.24408124628108,21.64941377730531,59.9348451607762,19.634754843370615
PedNYC12,PedNYC12_scenario3,3,45.0,11.7440971634257,59.65910869164632,4.379519283315532,70.51175490677085,21.109480227547387,60.04048155504499,19.736746408719124
PedNYC12,PedNYC12_scenario3,3,46.0,11.752377308441481,59.48055625581564,4.4216278800191,71.82158788093439,20.5857676602356,60.1584537363932,19.932589217358093
PedNYC12,PedNYC12_scenario3,3,47.0,11.734211315069949,59.30872911852142,4.461826492223161,73.17360208267321,20.082465067389357,60.28845100849561,20.249233755881985
PedNYC12,PedNYC12_scenario3,3,48.0,11.678995467496025,59.120213381189515,4.498697223854489,74.5657208069704,19.59522712810594,60.42914777941405,20.682067404236747
PedNYC12,PedNYC12_scenario3,3,49.0,11.642323160385915,58.91646031484118,4.53543244795658,75.99798486049033,19.11650321929611,60.58092436145984,21.220117324595034
PedNYC12,PedNYC12_scenario3,3,50.0,11.641879971167874,58.672069909699225,4.575870521283272,77.46775452493485,18.65170673227866,60.74583567589544,21.857532684011442
PedNYC12,PedNYC12_scenario3,3,51.0,11.664543516165795,58.40468526164358,4.631832236895289,78.93075469115205,18.201773138821828,60.92643584082702,22.54548277030119
PedNYC12,PedNYC12_scenario3,3,52.0,11.651584541682736,58.149075218970104,4.706478156362498,80.33608280571728,17.755062695243595,61.12438152656433,23.224018267899595
PedNYC12,PedNYC12_scenario3,3,53.0,11.587155064675128,57.89269254004196,4.789610064699269,81.58747321847744,17.30642987636306,61.33856312069435,23.80523342346723
PedNYC12,PedNYC12_scenario3,3,54.0,11.519009177886623,57.66104164955849,4.854685869753693,82.52635027007945,16.854257097193837,61.564299660532356,24.153618267241512
PedNYC12,PedNYC12_scenario3,3,55.0,11.518681710760816,57.42080779857504,4.888259909849848,83.0996227826156,16.399039972489494,61.80155468028401,24.209621280433456
PedNYC12,PedNYC12_scenario3,3,56.0,11.565191436879877,57.16131719097168,4.898406546293538,83.29682895844392,15.953773600326201,62.050079381857195,23.95089785936175
PedNYC12,PedNYC12_scenario3,3,57.0,11.59133714719945,56.90365248963207,4.898499571172335,83.29850957252728,15.511497324055963,62.31234957761008,23.51711361189923
PedNYC12,PedNYC12_scenario3,3,58.0,11.570453466652992,56.64527903994207,4.898522218597232,83.29901759887335,15.076480602608045,62.58811302730651,23.07666364618603
PedNYC12,PedNYC12_scenario3,3,59.0,11.516971796282116,56.379123294991324,4.898527339907216,83.29913952546842,14.648769812295567,62.870374136853385,22.636291294588016
PedNYC12,PedNYC12_scenario3,3,60.0,11.496738646703031,56.14850686946301,4.898527781834749,83.29917652335887,14.224858576296457,63.15470050845154,22.198656716182203
PedNYC12,PedNYC12_scenario3,3,61.0,11.502963041698143,55.91258663487576,4.8985276222229,83.29917025780966,13.804559928132043,63.441393412408345,21.763471981181084
PedNYC12,PedNYC12_scenario3,3,62.0,11.514286088961583,55.68773945488499,4.8985276222229,83.29916381835938,13.38433867271278,63.72923707309056,21.330518559092834
PedNYC12,PedNYC12_scenario3,3,63.0,11.48415522258315,55.44246961052614,4.898527145385742,83.29916381835938,12.948068275175139,64.03103210456784,20.881954222251093
PedNYC12,PedNYC12_scenario3,3,64.0,11.423320693684651,55.20704370796782,4.898527145385742,83.29916381835938,12.487165085558566,64.35834692845056,20.40445956755742
PedNYC12,PedNYC12_scenario3,3,65.0,11.345478814325956,54.95535573583399,4.898527145385742,83.29916381835938,12.019842752345827,64.70794653757511,19.908452876988324
PedNYC12,PedNYC12_scenario3,3,66.0,11.317133030329968,54.68999634205372,4.898527145385742,83.29916381835938,11.563089049024521,65.06475977171985,19.414166896973388
PedNYC12,PedNYC12_scenario3,3,67.0,11.33611300774668,54.434052169545254,4.898527145385742,83.29916381835938,11.125353221312198,65.43112854054232,18.921946191371344
PedNYC12,PedNYC12_scenario3,3,68.0,11.369000586713026,54.18120204756664,4.898527145385742,83.29916381835938,10.703503907086743,65.82565879018274,18.412526528795624
PedNYC12,PedNYC12_scenario3,3,69.0,11.332836701395292,53.96111874505517,4.898526761294671,83.29916381835938,10.296320275694239,66.25430176181095,17.879135811074825
PedNYC12,PedNYC12_scenario3,3,70.0,11.242161930063865,53.72711205487316,4.898527145385742,83.29916381835938,9.904378244228761,66.71856148216824,17.319784036029283
PedNYC12,PedNYC12_scenario3,3,71.0,11.119267760027709,53.48546460933554,4.898527145385742,83.29916381835938,9.5315283729045,67.20367015557181,16.74901837789382
PedNYC12,PedNYC12_scenario3,3,72.0,11.030659131344759,53.280633902846496,4.898527145385742,83.29916381835938,9.184760453607627,67.68611650642205,16.1907085186938
PedNYC12,PedNYC12_scenario3,3,73.0,10.99526273582241,53.064333970943274,4.898527145385742,83.29916381835938,8.862627757873526,68.14877984054955,15.660403198545133
PedNYC12,PedNYC12_scenario3,3,74.0,10.926594589520066,52.86127715686906,4.898527145385742,83.29916381835938,8.554397276178138,68.55002973306665,15.195471123962022
PedNYC12,PedNYC12_scenario3,3,75.0,10.820667607181734,52.66277670423323,4.8985270006360535,83.29916150236436,8.251458157135039,68.83172210818353,14.850890544493181
PedNYC12,PedNYC12_scenario3,3,76.0,10.70351358929635,52.49117180130509,4.898527145385742,83.29916381835938,7.948061536788176,69.03234934893594,14.589093704178342
PedNYC12,PedNYC12_scenario3,3,77.0,10.622190735428056,52.319339062543776,4.898527145385742,83.29916381835938,7.642949518640109,69.22200623952101,14.342183225097413
PedNYC12,PedNYC12_scenario3,3,78.0,10.567986261167677,52.11680895713398,4.898527145385742,83.29916381835938,7.338154765478725,69.41339109471703,14.098456194114672
PedNYC12,PedNYC12_scenario3,3,79.0,10.514105340153243,51.894377207010855,4.898527145385742,83.29916381835938,7.03810102803054,69.60034136012717,13.864902204540163
PedNYC12,PedNYC12_scenario3,3,80.0,10.425857470978894,51.6919715391646,4.898527145385742,83.29916381835938,6.7555268993645585,69.77965833178384,13.64644556973806
PedNYC12,PedNYC12_scenario3,3,81.0,10.29941145058823,51.50818273669652,4.898527145385742,83.29916381835938,6.490155324376886,69.97621832589967,13.417680755451412
PedNYC12,PedNYC12_scenario3,3,82.0,10.172747700396311,51.32414442519426,4.898527145385742,83.29916381835938,6.2379248171539015,70.20137867108396,13.166091367119039
PedNYC12,PedNYC12_scenario3,3,83.0,10.082888537793547,51.11957471502461,4.898527145385742,83.29916381835938,5.995911679803471,70.45615229930739,12.889809839360748
PedNYC12,PedNYC12_scenario3,3,84.0,10.02346390950548,50.9137181109399,4.898527145385742,83.29916381835938,5.764242515426245,70.74446864020733,12.584507702657207
PedNYC12,PedNYC12_scenario3,3,85.0,9.965236285372873,50.69188329969803,4.898528575897217,83.29922669263276,5.540059061864634,71.06557654384461,12.250459474132786
PedNYC12,PedNYC12_scenario3,3,86.0,9.87672612085567,50.478614376705735,4.898527136914731,83.29917900938035,5.3242609602761295,71.41245216612434,11.894348419923514
PedNYC12,PedNYC12_scenario3,3,87.0,9.769996352601769,50.28788307589296,4.898527193340053,83.2992050344079,5.125956036887212,71.75792129094205,11.543524345972784
PedNYC12,PedNYC12_scenario3,3,88.0,9.634123056953774,50.09571059641978,4.898525238037109,83.29917035466866,4.947475499867244,72.12152244063688,11.177755097433128
PedNYC12,PedNYC12_scenario3,3,89.0,9.534367159399412,49.90389878010254,4.898526706987915,83.29924989430175,4.788776383264921,72.50182982215621,10.79797783605471
PedNYC12,PedNYC12_scenario3,3,90.0,9.472454240762866,49.69745066385597,4.898523807525635,83.29922485351562,4.6561643454703505,72.88631245815132,10.415732459235848
PedNYC12,PedNYC12_scenario3,3,91.0,9.409415565710251,49.47665392279191,4.898523807525635,83.29922485351562,4.541319857860144,73.23877602644941,10.066788229801723
PedNYC12,PedNYC12_scenario3,3,92.0,9.306282780586901,49.29172250204689,4.898523807525635,83.29922485351562,4.4414237484248185,73.57152561571272,9.73843277561545
PedNYC12,PedNYC12_scenario3,3,93.0,9.16721084994205,49.1185863772539,4.898523981767459,83.29922485351562,4.354287940176664,73.91672271575916,9.398273204901578
PedNYC12,PedNYC12_scenario3,3,94.0,9.019135814559238,48.93434453179403,4.898523807525635,83.29922485351562,4.276295767848621,74.27286128259102,9.047784648623939
PedNYC12,PedNYC12_scenario3,3,95.0,8.948209631137663,48.74982396720729,4.898523807525635,83.29922485351562,4.2067162679935315,74.6337692054081,8.693027048219284
PedNYC12,PedNYC12_scenario3,3,96.0,8.928222439527522,48.535794913720665,4.898523807525635,83.29922485351562,4.142761687059511,74.99152372970288,8.342006613838846
PedNYC12,PedNYC12_scenario3,3,97.0,8.905997495367362,48.36859051533381,4.898523807525635,83.29922485351562,4.077912205023531,75.3257292196561,8.015612018139228
PedNYC12,PedNYC12_scenario3,3,98.0,8.860430235834313,48.2195796751932,4.898523807525635,83.29922485351562,4.012301900808885,75.60573260915322,7.744366480352613
PedNYC12,PedNYC12_scenario3,3,99.0,8.802001027844836,48.12093740580567,4.898523807525635,83.29922488005,3.94953882230642,75.82344632112682,7.5357705355343105
PedNYC12,PedNYC12_scenario3,3,100.0,8.773942947387695,48.06645965576172,4.898523330688477,83.29922485351562,3.7100090086460114,76.38669713338216,7.0139579251171495
PedNYC13,PedNYC13_scenario3,3,0.0,12.432656288146973,66.45418548583984,50.0634651184082,58.91578674316406,62.701661330003006,58.073510096623345,12.666232013984155
PedNYC13,PedNYC13_scenario3,3,1.0,12.436675716936186,66.36032408214213,48.840816278660554,58.9281775236194,61.586140699051676,58.07912354878876,12.77357378470074
PedNYC13,PedNYC13_scenario3,3,2.0,12.382104805207776,66.26282636114426,47.62829716109135,58.9348367401548,60.42569343326351,58.08433211689549,12.825627059180823
PedNYC13,PedNYC13_scenario3,3,3.0,12.327635559525904,66.15830181168126,46.429172685512555,58.93608264923538,59.22510678105261,58.08956810436784,12.823904095558294
PedNYC13,PedNYC13_scenario3,3,4.0,12.291053480834663,66.01804763604952,45.24299326406361,58.93111446621003,58.003688249000035,58.09333328007304,12.788166945048333
PedNYC13,PedNYC13_scenario3,3,5.0,12.26759451386901,65.80412220189251,44.06894163453105,58.9199922159292,56.76471597116505,58.097147221127884,12.722411716817064
PedNYC13,PedNYC13_scenario3,3,6.0,12.255649733708855,65.56899397576052,42.90437324150058,58.903427667985554,55.50968118649119,58.100329271527805,12.630865188989885
PedNYC13,PedNYC13_scenario3,3,7.0,12.23567558306188,65.36313025285851,41.755888015992525,58.88667300687962,54.24878192588897,58.1052684830906,12.517307668733146
PedNYC13,PedNYC13_scenario3,3,8.0,12.201964521043573,65.11720901945468,40.61239316217349,58.87624286155713,52.99165346030576,58.11238213143323,12.402804874057294
PedNYC13,PedNYC13_scenario3,3,9.0,12.180060703911266,64.9128128535342,39.47441029317033,58.865533828664326,51.73794980709507,58.120574198430326,12.286145297051954
PedNYC13,PedNYC13_scenario3,3,10.0,12.179164540675234,64.72447358902345,38.349246449344555,58.856375525448605,50.508680151036245,58.13221916501776,12.180978219346265
PedNYC13,PedNYC13_scenario3,3,11.0,12.199014529926801,64.43848341930945,37.25187253822639,58.85567854566922,49.31427559377006,58.150455115833545,12.08300076803683
PedNYC13,PedNYC13_scenario3,3,12.0,12.205511079019235,64.20942316396662,36.20010353192602,58.864321540965776,48.146728976138476,58.17627587173389,11.966422453985706
PedNYC13,PedNYC13_scenario3,3,13.0,12.196814164368819,63.938645618776526,35.192465605559484,58.88216664084977,46.99159415860659,58.21128405280187,11.818185903863473
PedNYC13,PedNYC13_scenario3,3,14.0,12.181638976399359,63.71872885149925,34.245068815201,58.899882247873315,45.85352568495661,58.25840996825198,11.626166934226376
PedNYC13,PedNYC13_scenario3,3,15.0,12.158228748103252,63.512014340574105,33.352248345270475,58.917156781083094,44.735533625730234,58.31785269240408,11.399050362509993
PedNYC13,PedNYC13_scenario3,3,16.0,12.149722615818845,63.269542983570815,32.54272574715062,58.940242569797725,43.64063270095638,58.384481119402466,11.111813962853937
PedNYC13,PedNYC13_scenario3,3,17.0,12.128806373241849,62.98036564754391,31.78812900068435,58.95532900788603,42.57520430913688,58.45794545924283,10.798536201943628
PedNYC13,PedNYC13_scenario3,3,18.0,12.0858115366265,62.71356454252328,31.080400540205595,58.969891989525706,41.545118001849474,58.539864227890305,10.473549323310197
PedNYC13,PedNYC13_scenario3,3,19.0,12.056861309552787,62.47974073392116,30.427317171231397,58.983524429464296,40.54238968404854,58.63072227444674,10.121223310456788
PedNYC13,PedNYC13_scenario3,3,20.0,12.052885804632135,62.249803532340415,29.82498107907371,58.994911933580156,39.553018080701435,58.72824186328986,9.731691365401328
PedNYC13,PedNYC13_scenario3,3,21.0,12.074544445148085,62.024673979495866,29.270100959112032,59.003865481862874,38.56871144066163,58.827131798580844,9.300289870879858
PedNYC13,PedNYC13_scenario3,3,22.0,12.054050564634206,61.81575679462917,28.761570417288258,59.01164851741896,37.5801708020254,58.92988393136803,8.818979430365973
PedNYC13,PedNYC13_scenario3,3,23.0,11.99551260735725,61.601637662899726,28.2943624085343,59.01853344478699,36.59213032335243,59.038224493057214,8.297791278742022
PedNYC13,PedNYC13_scenario3,3,24.0,11.970434388131588,61.43091694839051,27.86470010686077,59.024526781835114,35.61786658146538,59.14058335339478,7.754035047040672
PedNYC13,PedNYC13_scenario3,3,25.0,11.974741132319425,61.314015092896746,27.473031950688156,59.02968065725403,34.67342824533746,59.217556187436735,7.202846938179436
PedNYC13,PedNYC13_scenario3,3,26.0,11.974751510794706,61.22086842946231,27.11963610234065,59.03407772121847,33.757898261396676,59.241729294216285,6.641509140859752
PedNYC13,PedNYC13_scenario3,3,27.0,11.951921905367767,61.149354880699626,26.802218383626176,59.03781028069237,32.856550995715075,59.24489931926141,6.057873327142013
PedNYC13,PedNYC13_scenario3,3,28.0,11.927942170317987,61.0979854801604,26.50335831760002,59.0410966872505,31.970530517407816,59.24860752160636,5.471108901194188
PedNYC13,PedNYC13_scenario3,3,29.0,11.911402503119048,61.07213633008425,26.219992857682506,59.04389948356677,31.10798263033732,59.25332175807567,4.89247398630167
PedNYC13,PedNYC13_scenario3,3,30.0,11.894937843574823,61.0528625333062,25.951428506696313,59.04652739201101,30.278737746177743,59.26103381766667,4.332622561538095
PedNYC13,PedNYC13_scenario3,3,31.0,11.875597188149857,61.01909071382621,25.749452924154923,59.04852937970164,29.486252786563853,59.27274814462338,3.743520704663249
PedNYC13,PedNYC13_scenario3,3,32.0,11.854878297304131,60.94248891819534,25.722501828215282,59.04874628089062,28.741665210021754,59.28888244051651,3.028698218905436
PedNYC13,PedNYC13_scenario3,3,33.0,11.868798706861732,60.803426675437564,25.722163421185112,59.04870529528591,28.04912666126056,59.309318571493456,2.341511733986838
PedNYC13,PedNYC13_scenario3,3,34.0,11.894367680337304,60.62606919992219,25.72204839525774,59.048664328806225,27.38194609484643,59.334157595484875,1.6842703994367032
PedNYC13,PedNYC13_scenario3,3,35.0,11.838878453667823,60.371287661128136,25.722027340066564,59.048667392599455,26.731277337114577,59.363595623375055,1.057244223006616
PedNYC13,PedNYC13_scenario3,3,36.0,11.796816544099391,60.18339420069954,25.72202491760254,59.04866409301758,26.11528965411549,59.39771122928997,0.5258241686386775
PedNYC13,PedNYC13_scenario3,3,37.0,11.729032219801603,59.94091042294871,25.722023010253903,59.048661822365226,25.53275887288209,59.437257232581636,0.43223524444028893
PedNYC13,PedNYC13_scenario3,3,38.0,11.70119598320847,59.737254241107465,25.722023010253903,59.04866409301758,24.96110094145083,59.48422190308224,0.8767627961426482
PedNYC13,PedNYC13_scenario3,3,39.0,11.671535002717643,59.47484617354544,25.722023010253903,59.04866409301758,24.39734687265384,59.53964334816101,1.4127375901094348
PedNYC13,PedNYC13_scenario3,3,40.0,11.616258054901005,59.163214446014784,25.722023010253903,59.04866160372905,23.84141522737571,59.60319064084963,1.9606601148674172
PedNYC13,PedNYC13_scenario3,3,41.0,11.555002657811901,58.86641583303194,25.722023010253903,59.04866544633363,23.290639557947372,59.67519961681028,2.5108107373764534
PedNYC13,PedNYC13_scenario3,3,42.0,11.52609266707564,58.58297457390742,25.722023010253903,59.04866409301758,22.741776105365055,59.7541945874558,3.0626205923492704
PedNYC13,PedNYC13_scenario3,3,43.0,11.507866167392224,58.278940338450354,25.722023010253903,59.04866409301758,22.19381114021234,59.83994272580925,3.615854100294264
PedNYC13,PedNYC13_scenario3,3,44.0,11.470783310804013,58.03456943491214,25.722023010253903,59.048664533311495,21.64941377730531,59.9348451607762,4.167908596501592
PedNYC13,PedNYC13_scenario3,3,45.0,11.408578351672206,57.80476492281471,25.722022293827365,59.048662660164496,21.109480227547387,60.04048155504499,4.717970859749384
PedNYC13,PedNYC13_scenario3,3,46.0,11.358608539537464,57.541711326912136,25.7220232193876,59.04866790771485,20.5857676602356,60.1584537363932,5.254783131058324
PedNYC13,PedNYC13_scenario3,3,47.0,11.345280813186847,57.29361570530745,25.722023010253903,59.04866201062697,20.082465067389357,60.28845100849561,5.774226402745455
PedNYC13,PedNYC13_scenario3,3,48.0,11.350737679607336,56.98490607973989,25.72207382035535,59.04864151075027,19.59522712810594,60.42914777941405,6.280449661301932
PedNYC13,PedNYC13_scenario3,3,49.0,11.341999388030363,56.731730667024394,25.72202050600473,59.04859749589995,19.11650321929611,60.58092436145984,6.780920604749992
PedNYC13,PedNYC13_scenario3,3,50.0,11.32016947265373,56.47460875111772,25.72199586277024,59.04854881597578,18.65170673227866,60.74583567589544,7.27116022884954
PedNYC13,PedNYC13_scenario3,3,51.0,11.290099415070813,56.175671887097046,25.716321188236503,59.04855842324952,18.201773138821828,60.92643584082702,7.745634640389994
PedNYC13,PedNYC13_scenario3,3,52.0,11.281258749923094,55.96473313785798,25.68983219991531,59.04877103893292,17.755062695243595,61.12438152656433,8.201751397636587
PedNYC13,PedNYC13_scenario3,3,53.0,11.267071221645285,55.63349074645587,25.625642066328393,59.04933232798622,17.30642987636306,61.33856312069435,8.628433756131576
PedNYC13,PedNYC13_scenario3,3,54.0,11.227837247756737,55.37524236002972,25.501476813974495,59.0504229319602,16.854257097193837,61.564299660532356,9.005219877201045
PedNYC13,PedNYC13_scenario3,3,55.0,11.171205517133226,55.083835218665236,25.290660763629003,59.05224732423789,16.399039972489494,61.80155468028401,9.306965737093574
PedNYC13,PedNYC13_scenario3,3,56.0,11.14596931015912,54.79588184500792,24.972549576932348,59.054872224645706,15.953773600326201,62.050079381857195,9.50313558941569
PedNYC13,PedNYC13_scenario3,3,57.0,11.140383520024146,54.425420901116894,24.53851545852275,59.058140185282284,15.511497324055963,62.31234957761008,9.595672731450705
PedNYC13,PedNYC13_scenario3,3,58.0,11.118616827922835,54.13839318528653,23.974778566577797,59.061865092157745,15.076480602608045,62.58811302730651,9.57152710677503
PedNYC13,PedNYC13_scenario3,3,59.0,11.060637582536437,53.80315793919608,23.266929383318807,59.065662082533585,14.648769812295567,62.870374136853385,9.420642664272213
PedNYC13,PedNYC13_scenario3,3,60.0,11.015872761425507,53.515221903403024,22.41499819555937,59.0689602807392,14.224858576296457,63.15470050845154,9.152685955028009
PedNYC13,PedNYC13_scenario3,3,61.0,10.990983900338389,53.19729299462881,21.42264427230009,59.071009227575885,13.804559928132043,63.441393412408345,8.782679943951731
PedNYC13,PedNYC13_scenario3,3,62.0,10.952854395766257,52.86532020939987,20.298957741706886,59.07099794054355,13.38433867271278,63.72923707309056,8.337334627162882
PedNYC13,PedNYC13_scenario3,3,63.0,10.893174726348043,52.59273531601936,19.086317344524783,59.06826264556666,12.948068275175139,64.03103210456784,7.893489870809149
PedNYC13,PedNYC13_scenario3,3,64.0,10.819536428597871,52.30083560599124,17.829635556515978,59.06280838223512,12.487165085558566,64.35834692845056,7.522281517432424
PedNYC13,PedNYC13_scenario3,3,65.0,10.775466850616453,52.03419648948031,16.557758643365478,59.05411205393976,12.019842752345827,64.70794653757511,7.249725857045415
PedNYC13,PedNYC13_scenario3,3,66.0,10.735042242011213,51.74172430331061,15.2916515765466,59.04093555170264,11.563089049024521,65.06475977171985,7.084393887645421
PedNYC13,PedNYC13_scenario3,3,67.0,10.678440529647405,51.48764340066431,14.073488780662679,59.019143714249296,11.125353221312198,65.43112854054232,7.057269492439603
PedNYC13,PedNYC13_scenario3,3,68.0,10.587719977106905,51.21694118111581,12.91583691259188,59.001117355490244,10.703503907086743,65.82565879018274,7.174174734496097
PedNYC13,PedNYC13_scenario3,3,69.0,10.504919169610535,50.961839142030826,11.83666550744053,59.02094320098787,10.296320275694239,66.25430176181095,7.3955486275458995
PedNYC13,PedNYC13_scenario3,3,70.0,10.460752638292051,50.79885504997583,10.891085138219548,59.11153367332012,9.904378244228761,66.71856148216824,7.670753716502547
PedNYC13,PedNYC13_scenario3,3,71.0,10.375256748244544,50.49505710894058,10.101034482516265,59.277357208560936,9.5315283729045,67.20367015557181,7.946746135547391
PedNYC13,PedNYC13_scenario3,3,72.0,10.276538794084848,50.25124877636685,9.432681654475449,59.491753622519724,9.184760453607627,67.68611650642205,8.198112465373711
PedNYC13,PedNYC13_scenario3,3,73.0,10.159097411712231,50.02422803354132,8.86179688582937,59.75320972172404,8.862627757873526,68.14877984054955,8.395570159939357
PedNYC13,PedNYC13_scenario3,3,74.0,10.067754042426222,49.83266324881591,8.35961526656198,60.060670878246256,8.554397276178138,68.55002973306665,8.491593124802176
PedNYC13,PedNYC13_scenario3,3,75.0,9.983460906264702,49.641849877200954,7.912699729011974,60.414053548811864,8.251458157135039,68.83172210818353,8.424482254005799
PedNYC13,PedNYC13_scenario3,3,76.0,9.889732746718987,49.45535476400673,7.4966639972280955,60.82651026923531,7.948061536788176,69.03234934893594,8.21824523488214
PedNYC13,PedNYC13_scenario3,3,77.0,9.776148206138616,49.28953984090681,7.103043710800049,61.31195270945545,7.642949518640109,69.22200623952101,7.92845792886877
PedNYC13,PedNYC13_scenario3,3,78.0,9.626481494382729,49.127650862683076,6.7387925922752485,61.88364142108137,7.338154765478725,69.41339109471703,7.553566386964734
PedNYC13,PedNYC13_scenario3,3,79.0,9.508371259988621,48.990609279213515,6.417420331796715,62.55161634048161,7.03810102803054,69.60034136012717,7.075999500371286
PedNYC13,PedNYC13_scenario3,3,80.0,9.408020435416832,48.83748925567537,6.161609531117895,63.32475058813906,6.7555268993645585,69.77965833178384,6.482173387010742
PedNYC13,PedNYC13_scenario3,3,81.0,9.318070626245994,48.686525983215894,5.981417337183468,64.19568614177282,6.490155324376886,69.97621832589967,5.80287572427153
PedNYC13,PedNYC13_scenario3,3,82.0,9.225554454445602,48.56722839492524,5.867831448809116,65.15542169121686,6.2379248171539015,70.20137867108396,5.059510939207691
PedNYC13,PedNYC13_scenario3,3,83.0,9.152219334381739,48.51204671031845,5.822557595227416,66.19040412190762,5.995911679803471,70.45615229930739,4.269269158957851
PedNYC13,PedNYC13_scenario3,3,84.0,9.09086038854837,48.49213459551224,5.833989595180312,67.25878194460392,5.764242515426245,70.74446864020733,3.486384430185634
PedNYC13,PedNYC13_scenario3,3,85.0,9.030733962131812,48.477854385047365,5.840906054673131,68.31652499361748,5.540059061864634,71.06557654384461,2.765464398412704
PedNYC13,PedNYC13_scenario3,3,86.0,8.995146007373243,48.45449424387739,5.802987329997739,69.35010302815544,5.3242609602761295,71.41245216612434,2.117182775281311
PedNYC13,PedNYC13_scenario3,3,87.0,8.983304453238771,48.431208663393434,5.715453753269504,70.35574172997441,5.125956036887212,71.75792129094205,1.5210572240436377
PedNYC13,PedNYC13_scenario3,3,88.0,8.986713851106543,48.40927032932051,5.595641070366882,71.3364852272166,4.947475499867244,72.12152244063688,1.0180383260151855
PedNYC13,PedNYC13_scenario3,3,89.0,8.991210095887485,48.3995648037365,5.479859247704418,72.29825397737477,4.788776383264921,72.50182982215621,0.7204433705020665
PedNYC13,PedNYC13_scenario3,3,90.0,8.98770180963809,48.39728923272041,5.392861981800287,73.24348880134932,4.6561643454703505,72.88631245815132,0.8187175016539009
PedNYC13,PedNYC13_scenario3,3,91.0,8.986213520094944,48.40122226034221,5.350845051586949,74.17287702157087,4.541319857860144,73.23877602644941,1.23607269542099
PedNYC13,PedNYC13_scenario3,3,92.0,8.988973684478157,48.40865619636045,5.352825768619547,75.09027171546884,4.4414237484248185,73.57152561571272,1.7712265123183668
PedNYC13,PedNYC13_scenario3,3,93.0,8.991408676078496,48.41431177144324,5.3911140464629455,75.99715968083315,4.354287940176664,73.91672271575916,2.3244841019725277
PedNYC13,PedNYC13_scenario3,3,94.0,8.992678209539825,48.415597907513046,5.451700130990764,76.87000708409977,4.276295767848621,74.27286128259102,2.8507440662374597
PedNYC13,PedNYC13_scenario3,3,95.0,8.99541933903682,48.41327240736413,5.5105203669487866,77.69959882352133,4.2067162679935315,74.6337692054081,3.3315486452628633
PedNYC13,PedNYC13_scenario3,3,96.0,8.999003421831882,48.41250695877545,5.543534424257868,78.44130132539486,4.142761687059511,74.99152372970288,3.723322403582121
PedNYC13,PedNYC13_scenario3,3,97.0,9.000774303361373,48.415118982781316,5.550398354905757,79.01707017636271,4.077912205023531,75.3257292196561,3.9741934427320795
PedNYC13,PedNYC13_scenario3,3,98.0,8.998737088402684,48.41702648490316,5.54487465319898,79.37894421451782,4.012301900808885,75.60573260915322,4.072579656707356
PedNYC13,PedNYC13_scenario3,3,99.0,8.983075215809473,48.42553973466894,5.5416955246247435,79.52720140221699,3.94953882230642,75.82344632112682,4.0314717741091
PedNYC13,PedNYC13_scenario3,3,100.0,8.955878257751465,48.45571517944336,5.541605949401856,79.53152465820312,3.7100090086460114,76.38669713338216,3.6393251454435545
PedNYC15,PedNYC15_scenario3,3,0.0,12.603631019592283,67.1773681640625,37.0513801574707,57.63445281982422,62.701661330003006,58.073510096623345,25.65403858113329
PedNYC15,PedNYC15_scenario3,3,1.0,12.600274395684945,67.08182131146718,35.433901249490376,57.63615470704096,61.586140699051676,58.07912354878876,26.155990702360135
PedNYC15,PedNYC15_scenario3,3,2.0,12.59984156171311,66.92935559869127,33.76920966984255,57.651314400994174,60.42569343326351,58.08433211689549,26.66000058086664
PedNYC15,PedNYC15_scenario3,3,3.0,12.593575964128421,66.75673280403625,32.10390962868952,57.66647963596791,59.22510678105261,58.08956810436784,27.124497024450807
PedNYC15,PedNYC15_scenario3,3,4.0,12.566903570354148,66.56531101533808,30.438809833143825,57.68164304738335,58.003688249000035,58.09333328007304,27.567952606761125
PedNYC15,PedNYC15_scenario3,3,5.0,12.522775217839905,66.37088396375448,28.77411825349602,57.69680274133657,56.76471597116505,58.097147221127884,27.993460598769815
PedNYC15,PedNYC15_scenario3,3,6.0,12.472011484773128,66.16981298106194,27.10922345720885,57.71196428590409,55.50968118649119,58.100329271527805,28.40311297366561
PedNYC15,PedNYC15_scenario3,3,7.0,12.432035062602326,65.98606303667418,25.475353730735577,57.73091201968443,54.24878192588897,58.1052684830906,28.775863373030916
PedNYC15,PedNYC15_scenario3,3,8.0,12.403012106865251,65.81230466776394,23.967661552489677,57.754400582009055,52.99165346030576,58.11238213143323,29.026199493814236
PedNYC15,PedNYC15_scenario3,3,9.0,12.387772812565087,65.6132570099143,22.603647135396187,57.77063615447159,51.73794980709507,58.120574198430326,29.136404184469477
PedNYC15,PedNYC15_scenario3,3,10.0,12.37727967065558,65.4265846524802,21.425653855423636,57.779168288855395,50.508680151036245,58.13221916501776,29.085169131921056
PedNYC15,PedNYC15_scenario3,3,11.0,12.360849232773699,65.21906830298897,20.479657052180723,57.78177272054306,49.31427559377006,58.150455115833545,28.836975450757052
PedNYC15,PedNYC15_scenario3,3,12.0,12.332374752097644,64.96922699709214,19.83573898388377,57.78112658134515,48.146728976138476,58.17627587173389,28.31374749663564
PedNYC15,PedNYC15_scenario3,3,13.0,12.31715820373717,64.71398181582255,19.443093524060977,57.77962467063655,46.99159415860659,58.21128405280187,27.55188227751003
PedNYC15,PedNYC15_scenario3,3,14.0,12.315603196042769,64.49788455608967,19.24090242587436,57.77853745371603,45.85352568495661,58.25840996825198,26.61694938117538
PedNYC15,PedNYC15_scenario3,3,15.0,12.315937729259401,64.28115587996501,19.19262295395203,57.77825164794922,44.735533625730234,58.31785269240408,25.548609646585813
PedNYC15,PedNYC15_scenario3,3,16.0,12.310636390690068,64.10141574357236,19.192053541068827,57.77824783325195,43.64063270095638,58.384481119402466,24.456094163511164
PedNYC15,PedNYC15_scenario3,3,17.0,12.294304160432157,63.89597152193147,19.191931194481956,57.77824401855469,42.57520430913688,58.45794545924283,23.393149758059884
PedNYC15,PedNYC15_scenario3,3,18.0,12.267880601805498,63.62667992129019,19.192113529755726,57.77824020385742,41.545118001849474,58.539864227890305,22.36597594748387
PedNYC15,PedNYC15_scenario3,3,19.0,12.258413495937269,63.34974772802327,19.192328282006514,57.77824020385742,40.54238968404854,58.63072227444674,21.36707391178401
PedNYC15,PedNYC15_scenario3,3,20.0,12.26385915971321,63.08787518938325,19.192642314472657,57.7782363980783,39.553018080701435,58.72824186328986,20.38252711824439
PedNYC15,PedNYC15_scenario3,3,21.0,12.266012742959834,62.825310958256,19.19288863889774,57.77824250251449,38.56871144066163,58.827131798580844,19.40419227900909
PedNYC15,PedNYC15_scenario3,3,22.0,12.263435429537147,62.57654043335241,19.192889406972316,57.77823790968819,37.5801708020254,58.92988393136803,18.423311473785496
PedNYC15,PedNYC15_scenario3,3,23.0,12.260158144142995,62.2917327958132,19.192890167236328,57.77823866992867,36.59213032335243,59.038224493057214,17.444802156650788
PedNYC15,PedNYC15_scenario3,3,24.0,12.261751994447923,61.98442762240439,19.192890167236328,57.77824020385742,35.61786658146538,59.14058335339478,16.481378251380313
PedNYC15,PedNYC15_scenario3,3,25.0,12.265548275772773,61.74310949664927,19.192890167236328,57.77823640030784,34.67342824533746,59.217556187436735,15.547305253231503
PedNYC15,PedNYC15_scenario3,3,26.0,12.263321622708206,61.4457397896861,19.192890167236328,57.77824020385742,33.757898261396676,59.241729294216285,14.638348988207511
PedNYC15,PedNYC15_scenario3,3,27.0,12.249930504863492,61.18704212359408,19.192890167236328,57.77823868555894,32.856550995715075,59.24489931926141,13.74215123807612
PedNYC15,PedNYC15_scenario3,3,28.0,12.236944565333957,60.94643755627784,19.192890167236328,57.778241735533115,31.970530517407816,59.24860752160636,12.861962076727847
PedNYC15,PedNYC15_scenario3,3,29.0,12.22935182181657,60.71343714081399,19.192890167236328,57.77824020385742,31.10798263033732,59.25332175807567,12.00605239018392
PedNYC15,PedNYC15_scenario3,3,30.0,12.217564192603152,60.441313654964155,19.192890167236328,57.77824401855469,30.278737746177743,59.26103381766667,11.18457339963719
PedNYC15,PedNYC15_scenario3,3,31.0,12.180991958539718,60.21145176309021,19.192890167236328,57.77824020385742,29.486252786563853,59.27274814462338,10.401291650462538
PedNYC15,PedNYC15_scenario3,3,32.0,12.137884781663846,60.02815918245876,19.192890167236328,57.77824020385742,28.741665210021754,59.28888244051651,9.667530438788397
PedNYC15,PedNYC15_scenario3,3,33.0,12.11134758756754,59.869979067213336,19.192890167236328,57.77824172661498,28.04912666126056,59.309318571493456,8.987609311880975
PedNYC15,PedNYC15_scenario3,3,34.0,12.0976182472648,59.70255143611473,19.192889787108243,57.77824325829852,27.38194609484643,59.334157595484875,8.335557128108995
PedNYC15,PedNYC15_scenario3,3,35.0,12.086965480469583,59.52986685539755,19.192890167236328,57.77824400513827,26.731277337114577,59.363595623375055,7.703286368585228
PedNYC15,PedNYC15_scenario3,3,36.0,12.067211719709212,59.37343829768365,19.192890167236328,57.77823943244574,26.11528965411549,59.39771122928997,7.109311046558503
PedNYC15,PedNYC15_scenario3,3,37.0,12.027340674409723,59.1880845927207,19.192890167236328,57.77824020385742,25.53275887288209,59.437257232581636,6.553340576104938
PedNYC15,PedNYC15_scenario3,3,38.0,11.990199735961586,58.99859661279897,19.192890167236328,57.77824172213369,24.96110094145083,59.48422190308224,6.0151994076301
PedNYC15,PedNYC15_scenario3,3,39.0,11.970301129274514,58.788702696964435,19.192890167236328,57.77824020385742,24.39734687265384,59.53964334816101,5.494443614719135
PedNYC15,PedNYC15_scenario3,3,40.0,11.964579654886602,58.58797031832023,19.192890167236328,57.77824019938528,23.84141522737571,59.60319064084963,4.99391923728696
PedNYC15,PedNYC15_scenario3,3,41.0,11.9611253415267,58.39023973614637,19.192890167236328,57.778237158342314,23.290639557947372,59.67519961681028,4.515530604249026
PedNYC15,PedNYC15_scenario3,3,42.0,11.946090910113403,58.21390314991377,19.192890167236328,57.77824020385742,22.741776105365055,59.7541945874558,4.06189452446878
PedNYC15,PedNYC15_scenario3,3,43.0,11.916934560245057,57.99317154978317,19.192890167236328,57.77823868334509,22.19381114021234,59.83994272580925,3.6408996477190043
PedNYC15,PedNYC15_scenario3,3,44.0,11.882548167421561,57.75002643335755,19.192890167236328,57.77824020385742,21.64941377730531,59.9348451607762,3.2688611452664946
PedNYC15,PedNYC15_scenario3,3,45.0,11.866128700156274,57.539168430805454,19.192890167236328,57.77823638916016,21.109480227547387,60.04048155504499,2.9649739711930723
PedNYC15,PedNYC15_scenario3,3,46.0,11.861883887936711,57.2912322807871,19.192890167236328,57.778239434656975,20.5857676602356,60.1584537363932,2.757812146012414
PedNYC15,PedNYC15_scenario3,3,47.0,11.851508744800755,57.035342885465404,19.192890167236328,57.778241735533115,20.082465067389357,60.28845100849561,2.6631736888624418
PedNYC15,PedNYC15_scenario3,3,48.0,11.830370756583768,56.77231706601942,19.192890167236328,57.77824020385742,19.59522712810594,60.42914777941405,2.6812657466624463
PedNYC15,PedNYC15_scenario3,3,49.0,11.8031513398752,56.526888304024766,19.192890167236328,57.77824020385742,19.11650321929611,60.58092436145984,2.8037249246477827
PedNYC15,PedNYC15_scenario3,3,50.0,11.778510093688965,56.28919219970703,19.192890167236328,57.77824020385742,18.65170673227866,60.74583567589544,3.016538147601177
PedNYC15,PedNYC15_scenario3,3,51.0,11.763250215701126,56.07817282055958,19.192890167236328,57.77824020385742,18.201773138821828,60.92643584082702,3.30052249388602
PedNYC15,PedNYC15_scenario3,3,52.0,11.744524867163886,55.854256149311,19.192890931959408,57.77824248910853,17.755062695243595,61.12438152656433,3.6419770038102834
PedNYC15,PedNYC15_scenario3,3,53.0,11.72187358414669,55.64729381538734,19.192907711266038,57.77824020385742,17.30642987636306,61.33856312069435,4.029230434429688
PedNYC15,PedNYC15_scenario3,3,54.0,11.681621686916822,55.42714711791863,19.19290504701534,57.77824020385742,16.854257097193837,61.564299660532356,4.450114655004072
PedNYC15,PedNYC15_scenario3,3,55.0,11.636446958905356,55.20474040477431,19.192888269920598,57.77823639361923,16.399039972489494,61.80155468028401,4.8982321652683956
PedNYC15,PedNYC15_scenario3,3,56.0,11.59830669169022,54.986566765144225,19.19293557018364,57.77823715388847,15.953773600326201,62.050079381857195,5.361045260732978
PedNYC15,PedNYC15_scenario3,3,57.0,11.571154652414872,54.778868922348444,19.191483655361033,57.77823334141551,15.511497324055963,62.31234957761008,5.839564148283275
PedNYC15,PedNYC15_scenario3,3,58.0,11.531448479952395,54.54143635738041,19.17680537768583,57.77815703406554,15.076480602608045,62.58811302730651,6.320469912754225
PedNYC15,PedNYC15_scenario3,3,59.0,11.487758357068609,54.35154540801549,19.13356683075929,57.77791982295277,14.648769812295567,62.870374136853385,6.78575679169141
PedNYC15,PedNYC15_scenario3,3,60.0,11.428772824110057,54.142498387629765,19.05246106822383,57.77747365036515,14.224858576296457,63.15470050845154,7.226362466925459
PedNYC15,PedNYC15_scenario3,3,61.0,11.362797613567764,53.89001014275088,18.927997123979626,57.77675702898871,13.804559928132043,63.441393412408345,7.637912938503293
PedNYC15,PedNYC15_scenario3,3,62.0,11.318063112197603,53.6661712634021,18.757616387804703,57.775718165732,13.38433867271278,63.72923707309056,8.01975690303511
PedNYC15,PedNYC15_scenario3,3,63.0,11.276199802355917,53.43548278998652,18.53948099090848,57.77427147397733,12.948068275175139,64.03103210456784,8.391123270824467
PedNYC15,PedNYC15_scenario3,3,64.0,11.225631602074726,53.2308105612225,18.273412615094657,57.77238088028701,12.487165085558566,64.35834692845056,8.766733100797897
PedNYC15,PedNYC15_scenario3,3,65.0,11.205611987551181,53.156584409220514,17.95973676294274,57.770104052105125,12.019842752345827,64.70794653757511,9.133235965982562
PedNYC15,PedNYC15_scenario3,3,66.0,11.102323263600242,52.855016459653484,17.598680784129876,57.76747549935397,11.563089049024521,65.06475977171985,9.469885181172499
PedNYC15,PedNYC15_scenario3,3,67.0,11.01616134288716,52.578676883486914,17.19780672198639,57.764842407925975,11.125353221312198,65.43112854054232,9.779909743192718
PedNYC15,PedNYC15_scenario3,3,68.0,10.95927689155651,52.34764246248452,16.774340416912917,57.76276080222265,10.703503907086743,65.82565879018274,10.092838049492785
PedNYC15,PedNYC15_scenario3,3,69.0,10.891977904887074,52.08281204177445,16.330047662894717,57.761403579085076,10.296320275694239,66.25430176181095,10.418022159949631
PedNYC15,PedNYC15_scenario3,3,70.0,10.818016861813087,51.84849611429984,15.867782376424584,57.76155837842608,9.904378244228761,66.71856148216824,10.760580534726596
PedNYC15,PedNYC15_scenario3,3,71.0,10.74922378780719,51.6578090365312,15.39860259811848,57.76537578053158,9.5315283729045,67.20367015557181,11.1132335831695
PedNYC15,PedNYC15_scenario3,3,72.0,10.693350027188181,51.478449500550425,14.930005682650759,57.77373632093879,9.184760453607627,67.68611650642205,11.457011987573553
PedNYC15,PedNYC15_scenario3,3,73.0,10.643334421216395,51.2419540413118,14.461858852457768,57.786602310923335,8.862627757873526,68.14877984054955,11.77820495687053
PedNYC15,PedNYC15_scenario3,3,74.0,10.613114262736483,51.06593782450329,13.996749584877458,57.80718556489549,8.554397276178138,68.55002973306665,12.04275298565963
PedNYC15,PedNYC15_scenario3,3,75.0,10.560205459594728,50.83902740478516,13.544507980346673,57.835845947265625,8.251458157135039,68.83172210818353,12.203510518586171
PedNYC15,PedNYC15_scenario3,3,76.0,10.494695791160623,50.627993532045366,13.110619788396917,57.873598126583865,7.948061536788176,69.03234934893594,12.295110269680276
PedNYC15,PedNYC15_scenario3,3,77.0,10.42895006203545,50.42908380043522,12.696578404723448,57.9243859362475,7.642949518640109,69.22200623952101,12.376404543937372
PedNYC15,PedNYC15_scenario3,3,78.0,10.378233872731954,50.23697914587977,12.303726364172029,57.99139195893767,7.338154765478725,69.41339109471703,12.454676453424794
PedNYC15,PedNYC15_scenario3,3,79.0,10.334082888678035,50.045890352489884,11.930901765361023,58.070367533385436,7.03810102803054,69.60034136012717,12.525166485942263
PedNYC15,PedNYC15_scenario3,3,80.0,10.284483198604674,49.86198351118909,11.574961993341827,58.15950808099738,6.7555268993645585,69.77965833178384,12.579938254058018
PedNYC15,PedNYC15_scenario3,3,81.0,10.215407466647408,49.688709523087304,11.225179258901996,58.259843770293244,6.490155324376886,69.97621832589967,12.63700456547307
PedNYC15,PedNYC15_scenario3,3,82.0,10.120003408209223,49.51362916478211,10.865565695777523,58.37570560233732,6.2379248171539015,70.20137867108396,12.698881983481378
PedNYC15,PedNYC15_scenario3,3,83.0,10.027159752848961,49.359473662859315,10.481085160918717,58.51306409159096,5.995911679803471,70.45615229930739,12.757512966601078
PedNYC15,PedNYC15_scenario3,3,84.0,9.948328315677312,49.21963565392949,10.0661339782673,58.67911390879804,5.764242515426245,70.74446864020733,12.809334680333922
PedNYC15,PedNYC15_scenario3,3,85.0,9.880499112588916,49.07873137897032,9.622773075076346,58.88248056706151,5.540059061864634,71.06557654384461,12.848983667714107
PedNYC15,PedNYC15_scenario3,3,86.0,9.810214239417494,48.93680456679186,9.155245981518382,59.129999234619206,5.3242609602761295,71.41245216612434,12.866044312360405
PedNYC15,PedNYC15_scenario3,3,87.0,9.736934031418375,48.81660639433012,8.670371646841692,59.42862900810332,5.125956036887212,71.75792129094205,12.828652704464162
PedNYC15,PedNYC15_scenario3,3,88.0,9.656331156556767,48.71410350481212,8.176664172614156,59.786087887624994,4.947475499867244,72.12152244063688,12.751102112987587
PedNYC15,PedNYC15_scenario3,3,89.0,9.587253786894602,48.62993692957831,7.687862418372928,60.20602012048751,4.788776383264921,72.50182982215621,12.63295832568953
PedNYC15,PedNYC15_scenario3,3,90.0,9.551657850088786,48.575777563373045,7.21517809224309,60.68907376097756,4.6561643454703505,72.88631245815132,12.46279195012117
PedNYC15,PedNYC15_scenario3,3,91.0,9.546111374080986,48.54801060359814,6.765896524884685,61.235645371022265,4.541319857860144,73.23877602644941,12.207534021198754
PedNYC15,PedNYC15_scenario3,3,92.0,9.552941670585263,48.53093889422942,6.347810875491197,61.84405187492534,4.4414237484248185,73.57152561571272,11.881412046516264
PedNYC15,PedNYC15_scenario3,3,93.0,9.56211792651278,48.51862174660447,5.967062979109699,62.513470821044294,4.354287940176664,73.91672271575916,11.516735522730551
PedNYC15,PedNYC15_scenario3,3,94.0,9.571507126736073,48.507640250033205,5.615652281183767,63.23660208296113,4.276295767848621,74.27286128259102,11.11723405309202
PedNYC15,PedNYC15_scenario3,3,95.0,9.573683885171024,48.5022929908277,5.290699130713392,64.0017817757563,4.2067162679935315,74.6337692054081,10.687103234784637
PedNYC15,PedNYC15_scenario3,3,96.0,9.568036062679745,48.517035164872816,4.993826283180495,64.79585502718811,4.142761687059511,74.99152372970288,10.231127564360133
PedNYC15,PedNYC15_scenario3,3,97.0,9.58721668697037,48.55913950664286,4.710344459787722,65.60969286797352,4.077912205023531,75.3257292196561,9.73659760614987
PedNYC15,PedNYC15_scenario3,3,98.0,9.643337647081514,48.60823444568618,4.444007074282488,66.44358987434236,4.012301900808885,75.60573260915322,9.172307716700919
PedNYC15,PedNYC15_scenario3,3,99.0,9.71436256757376,48.64057841879273,4.208500679102366,67.30582008466351,3.94953882230642,75.82344632112682,8.521561942940004
PedNYC15,PedNYC15_scenario3,3,100.0,9.757417678833008,48.64505386352539,4.0152788162231445,68.20365905761719,3.7100090086460114,76.38669713338216,8.188730170474384
PedNYC16,PedNYC16_scenario3,3,0.0,12.399837493896484,67.0592269897461,40.51114273071289,58.17738342285156,62.701661330003006,58.073510096623345,22.19076171232845
PedNYC16,PedNYC16_scenario3,3,1.0,12.36175503280961,66.81660949782507,36.66782929951698,58.234028467098824,61.586140699051676,58.07912354878876,24.918792878827364
PedNYC16,PedNYC16_scenario3,3,2.0,12.220345881394726,66.53624946211886,32.82630469643043,58.29064714653111,60.42569343326351,58.08433211689549,27.600159864360975
PedNYC16,PedNYC16_scenario3,3,3.0,12.061204727885253,66.23078022672948,29.08175965511948,58.33183146093978,59.22510678105261,58.08956810436784,30.1443206506373
PedNYC16,PedNYC16_scenario3,3,4.0,12.117246152294905,65.89792803370227,25.73464808528756,58.320094453753555,58.003688249000035,58.09333328007304,32.269836902550004
PedNYC16,PedNYC16_scenario3,3,5.0,12.135412667680999,65.5237426229029,22.70492494490065,58.27968974018892,56.76471597116505,58.097147221127884,34.060280188572534
PedNYC16,PedNYC16_scenario3,3,6.0,12.072571714775332,65.12889002027784,19.96577556511514,58.235780867450224,55.50968118649119,58.100329271527805,35.544163711587395
PedNYC16,PedNYC16_scenario3,3,7.0,12.088110639141583,64.75630102289578,17.64915539651075,58.22524636248579,54.24878192588897,58.1052684830906,36.59982317964815
PedNYC16,PedNYC16_scenario3,3,8.0,12.11675630165766,64.34700495070146,15.69543511802693,58.23344815115231,52.99165346030576,58.11238213143323,37.29641483596066
PedNYC16,PedNYC16_scenario3,3,9.0,12.073986032896599,63.91484985488349,13.96184189953383,58.25450876717596,51.73794980709507,58.120574198430326,37.77634533821947
PedNYC16,PedNYC16_scenario3,3,10.0,12.068708721504086,63.49774326577771,12.39850013257911,58.35444932462807,50.508680151036245,58.13221916501776,38.110827953260866
PedNYC16,PedNYC16_scenario3,3,11.0,11.99560666731814,63.07827813582162,10.99304127001221,58.61749006579385,49.31427559377006,58.150455115833545,38.3240801812756
PedNYC16,PedNYC16_scenario3,3,12.0,11.927169630200149,62.64418018410144,9.74015447921768,59.07257308035618,48.146728976138476,58.17627587173389,38.41703155208261
PedNYC16,PedNYC16_scenario3,3,13.0,11.98600077008089,62.25093387359367,8.661007414594142,59.73813496466775,46.99159415860659,58.21128405280187,38.360984787246124
PedNYC16,PedNYC16_scenario3,3,14.0,11.96029502605494,61.871925834974846,7.664258814794163,60.69163474892981,45.85352568495661,58.25840996825198,38.26670467800685
PedNYC16,PedNYC16_scenario3,3,15.0,11.921577610636712,61.56335185115749,6.886879648134448,61.95108983183862,44.735533625730234,58.31785269240408,38.0226382570587
PedNYC16,PedNYC16_scenario3,3,16.0,12.002594581422386,61.22624635899352,6.354801528270004,63.403405521307526,43.64063270095638,58.384481119402466,37.62210531575963
PedNYC16,PedNYC16_scenario3,3,17.0,12.06013153011443,60.77390201517317,5.98276872308728,65.08471244541975,42.57520430913688,58.45794545924283,37.18763749968897
PedNYC16,PedNYC16_scenario3,3,18.0,12.070362965047067,60.39007286954454,5.764729629238642,66.99768542422134,41.545118001849474,58.539864227890305,36.76643756857565
PedNYC16,PedNYC16_scenario3,3,19.0,12.14782625500891,59.91448019807029,5.6908991398874305,69.11363158008182,40.54238968404854,58.63072227444674,36.39392505157862
PedNYC16,PedNYC16_scenario3,3,20.0,12.19952116437921,59.45860174116394,5.6841492570062195,71.39694280669163,39.553018080701435,58.72824186328986,36.16070047703754
PedNYC16,PedNYC16_scenario3,3,21.0,12.219235249882995,58.94131729837372,5.668451565931807,73.7537902021408,38.56871144066163,58.827131798580844,36.12799788143988
PedNYC16,PedNYC16_scenario3,3,22.0,12.181696197371426,58.42786595611631,5.577293923980057,76.23309944484703,37.5801708020254,58.92988393136803,36.381113171221536
PedNYC16,PedNYC16_scenario3,3,23.0,12.081915283080455,57.926087966690325,5.514785706022067,78.86593457174013,36.59213032335243,59.038224493057214,36.863795727361236
PedNYC16,PedNYC16_scenario3,3,24.0,12.042993216578925,57.456413589373135,5.6173028137413645,81.37344449230774,35.61786658146538,59.14058335339478,37.34078120237257
PedNYC16,PedNYC16_scenario3,3,25.0,11.926936118061588,57.049280083589515,5.763415868481971,83.2526557201785,34.67342824533746,59.217556187436735,37.59620759037726
PedNYC16,PedNYC16_scenario3,3,26.0,11.81971526848741,56.534346626660394,5.804636413244449,83.7974371345164,33.757898261396676,59.241729294216285,37.20709119898436
PedNYC16,PedNYC16_scenario3,3,27.0,11.769084127317775,56.09024525570026,5.804728551793055,83.79873727302481,32.856550995715075,59.24489931926141,36.533437503158055
PedNYC16,PedNYC16_scenario3,3,28.0,11.674653819293324,55.77503660440514,5.804736137390137,83.7988510131836,31.970530517407816,59.24860752160636,35.879844635018905
PedNYC16,PedNYC16_scenario3,3,29.0,11.660792471355856,55.41892008180148,5.8047356605529785,83.79884338378906,31.10798263033732,59.25332175807567,35.252474226531454
PedNYC16,PedNYC16_scenario3,3,30.0,11.607204604180843,55.04340890548323,5.8047356605529785,83.79884338378906,30.278737746177743,59.26103381766667,34.656613746736035
PedNYC16,PedNYC16_scenario3,3,31.0,11.484596638216498,54.62833058778561,5.8047356605529785,83.79884338378906,29.486252786563853,59.27274814462338,34.09316062013277
PedNYC16,PedNYC16_scenario3,3,32.0,11.435276469579428,54.163703119640346,5.8047356605529785,83.79884338378906,28.741665210021754,59.28888244051651,33.56845129877218
PedNYC16,PedNYC16_scenario3,3,33.0,11.31164092019907,53.72258363489105,5.8047356605529785,83.79884338378906,28.04912666126056,59.309318571493456,33.08398036096023
PedNYC16,PedNYC16_scenario3,3,34.0,11.173553358510478,53.321911210349505,5.804735640806748,83.79884338378906,27.38194609484643,59.334157595484875,32.6204975697547
PedNYC16,PedNYC16_scenario3,3,35.0,11.082728060366515,52.93416318835988,5.8047356605529785,83.79884338378906,26.731277337114577,59.363595623375055,32.17143888068557
PedNYC16,PedNYC16_scenario3,3,36.0,10.873895034672165,52.53502979113725,5.8047356605529785,83.79884338378906,26.11528965411549,59.39771122928997,31.74797401326182
PedNYC16,PedNYC16_scenario3,3,37.0,10.769031321069022,52.133029407836744,5.8047356605529785,83.79884338378906,25.53275887288209,59.437257232581636,31.347755576259328
PedNYC16,PedNYC16_scenario3,3,38.0,10.63200323915794,51.72710774522611,5.804735317122458,83.79884338378906,24.96110094145083,59.48422190308224,30.954275337713838
PedNYC16,PedNYC16_scenario3,3,39.0,10.399690960408215,51.35956362947532,5.8047356605529785,83.79884078794002,24.39734687265384,59.53964334816101,30.564584932671988
PedNYC16,PedNYC16_scenario3,3,40.0,10.227969570339004,50.98978396850013,5.8047356605529785,83.79884338378906,23.84141522737571,59.60319064084963,30.17865837728962
PedNYC16,PedNYC16_scenario3,3,41.0,9.963691453390059,50.605581321770536,5.804735440586449,83.79884338378906,23.290639557947372,59.67519961681028,29.79441275470342
PedNYC16,PedNYC16_scenario3,3,42.0,9.719845233395304,50.248384098827096,5.8047356605529785,83.79884338378906,22.741776105365055,59.7541945874558,29.4110264147345
PedNYC16,PedNYC16_scenario3,3,43.0,9.534812768522416,49.88110024366088,5.8047356605529785,83.79884338378906,22.19381114021234,59.83994272580925,29.02810217387484
PedNYC16,PedNYC16_scenario3,3,44.0,9.29117664625627,49.55931023059248,5.8047356605529785,83.79884338378906,21.64941377730531,59.9348451607762,28.645143319792474
PedNYC16,PedNYC16_scenario3,3,45.0,9.140575757864575,49.25478768601344,5.804735803041602,83.79884338378906,21.109480227547387,60.04048155504499,28.26119174212164
PedNYC16,PedNYC16_scenario3,3,46.0,9.053551616736717,48.97137916019906,5.804735547014403,83.79884338378906,20.5857676602356,60.1584537363932,27.88094211128415
PedNYC16,PedNYC16_scenario3,3,47.0,8.896849921898925,48.69465932734775,5.804735574504705,83.79884338378906,20.082465067389357,60.28845100849561,27.506219462373316
PedNYC16,PedNYC16_scenario3,3,48.0,8.78687525882339,48.38410191776356,5.8047356605529785,83.79884338378906,19.59522712810594,60.42914777941405,27.135223005492247
PedNYC16,PedNYC16_scenario3,3,49.0,8.765138532483725,48.090655495304276,5.8047352106945045,83.79884338378906,19.11650321929611,60.58092436145984,26.763313158917118
PedNYC16,PedNYC16_scenario3,3,50.0,8.687765053031978,47.822162363051085,5.8047356605529785,83.79884338378906,18.65170673227866,60.74583567589544,26.391017981464056
PedNYC16,PedNYC16_scenario3,3,51.0,8.684447552540345,47.597567866263155,5.8047356605529785,83.79884338378906,18.201773138821828,60.92643584082702,26.01602515852392
PedNYC16,PedNYC16_scenario3,3,52.0,8.676306114499166,47.3991518142284,5.8047356605529785,83.79884338378906,17.755062695243595,61.12438152656433,25.63087077628844
PedNYC16,PedNYC16_scenario3,3,53.0,8.674007008090792,47.42061557370744,5.8047356605529785,83.79884338378906,17.30642987636306,61.33856312069435,25.23396836272014
PedNYC16,PedNYC16_scenario3,3,54.0,8.696422234906015,47.415423049658116,5.804735776226308,83.79884338378906,16.854257097193837,61.564299660532356,24.828750592889893
PedNYC16,PedNYC16_scenario3,3,55.0,8.664752759629934,47.425750006173516,5.8047356605529785,83.79884338378906,16.399039972489494,61.80155468028401,24.415568683921073
PedNYC16,PedNYC16_scenario3,3,56.0,8.646253781446132,47.418454139996754,5.804735832666658,83.79884338378906,15.953773600326201,62.050079381857195,24.00024381586794
PedNYC16,PedNYC16_scenario3,3,57.0,8.640306447880404,47.418944409218646,5.8047356605529785,83.79884338378906,15.511497324055963,62.31234957761008,23.577333141706657
PedNYC16,PedNYC16_scenario3,3,58.0,8.63779137378887,47.426988641750405,5.8047356605529785,83.79884338378906,15.076480602608045,62.58811302730651,23.14865733743394
PedNYC16,PedNYC16_scenario3,3,59.0,8.641628876808584,47.430912965778376,5.804735879222472,83.79884338378906,14.648769812295567,62.870374136853385,22.720426079395622
PedNYC16,PedNYC16_scenario3,3,60.0,8.640318297241501,47.42616081259852,5.804735850720288,83.79884338378906,14.224858576296457,63.15470050845154,22.29527083870284
PedNYC16,PedNYC16_scenario3,3,61.0,8.642403219040183,47.424199512853946,5.8047356605529785,83.79884338378906,13.804559928132043,63.441393412408345,21.87288178657343
PedNYC16,PedNYC16_scenario3,3,62.0,8.63583458374912,47.438873007855584,5.80473552793747,83.79884338378906,13.38433867271278,63.72923707309056,21.453192799644462
PedNYC16,PedNYC16_scenario3,3,63.0,8.625480077719587,47.45561644357172,5.804736033782719,83.79884338378906,12.948068275175139,64.03103210456784,21.018885752623095
PedNYC16,PedNYC16_scenario3,3,64.0,8.664477080026897,47.477650069115874,5.8047356605529785,83.79884216498652,12.487165085558566,64.35834692845056,20.556938440875822
PedNYC16,PedNYC16_scenario3,3,65.0,8.689914111488584,47.52393509939991,5.8047356605529785,83.79884338378906,12.019842752345827,64.70794653757511,20.07709885803314
PedNYC16,PedNYC16_scenario3,3,66.0,8.68832980016005,47.52906229231336,5.80473564081817,83.79884338378906,11.563089049024521,65.06475977171985,19.599094947415352
PedNYC16,PedNYC16_scenario3,3,67.0,8.690597191201187,47.506231670010486,5.804735670431804,83.79884338378906,11.125353221312198,65.43112854054232,19.122811500549894
PedNYC16,PedNYC16_scenario3,3,68.0,8.668100422163054,47.46461713751188,5.8047356605529785,83.79884338378906,10.703503907086743,65.82565879018274,18.628829667187766
PedNYC16,PedNYC16_scenario3,3,69.0,8.646822182871297,47.454903561258675,5.804735594233803,83.79884338378906,10.296320275694239,66.25430176181095,18.110363709104586
PedNYC16,PedNYC16_scenario3,3,70.0,8.625275310773759,47.4591383635775,5.8047356605529785,83.79884338378906,9.904378244228761,66.71856148216824,17.56539493301314
PedNYC16,PedNYC16_scenario3,3,71.0,8.62194166125958,47.46521637297081,5.8047356605529785,83.79884338378906,9.5315283729045,67.20367015557181,17.008490773592314
PedNYC16,PedNYC16_scenario3,3,72.0,8.62968302195769,47.46621058766043,5.8047356605529785,83.79884338378906,9.184760453607627,67.68611650642205,16.463430232679013
PedNYC16,PedNYC16_scenario3,3,73.0,8.639253196591582,47.46790966062993,5.804735842539774,83.79884338378906,8.862627757873526,68.14877984054955,15.94600865023276
PedNYC16,PedNYC16_scenario3,3,74.0,8.64241782085528,47.469194999531084,5.804735392529332,83.79884338378906,8.554397276178138,68.55002973306665,15.494739695420806
PedNYC16,PedNYC16_scenario3,3,75.0,8.644773970855725,47.467166895563494,5.804735898980124,83.79884338378906,8.251458157135039,68.83172210818353,15.16578943171883
PedNYC16,PedNYC16_scenario3,3,76.0,8.640616911566983,47.46786140656968,5.80473587057686,83.79884338378906,7.948061536788176,69.03234934893594,14.921232891178702
PedNYC16,PedNYC16_scenario3,3,77.0,8.65004240571693,47.46955262616526,5.8047356605529785,83.79884338378906,7.642949518640109,69.22200623952101,14.692284074253957
PedNYC16,PedNYC16_scenario3,3,78.0,8.653651936973684,47.464405703157645,5.8047356605529785,83.79884338378906,7.338154765478725,69.41339109471703,14.466948942763263
PedNYC16,PedNYC16_scenario3,3,79.0,8.663086742665001,47.45660396676203,5.8047353071798105,83.79884338378906,7.03810102803054,69.60034136012717,14.251970064426194
PedNYC16,PedNYC16_scenario3,3,80.0,8.667366729367906,47.44901736051949,5.8047356605529785,83.79884338378906,6.7555268993645585,69.77965833178384,14.05138973561575
PedNYC16,PedNYC16_scenario3,3,81.0,8.664945710783016,47.440502409628934,5.8047356605529785,83.79884338378906,6.490155324376886,69.97621832589967,13.83960850626015
PedNYC16,PedNYC16_scenario3,3,82.0,8.662016186854432,47.433818641677945,5.8047356605529785,83.79884338378906,6.2379248171539015,70.20137867108396,13.604363250761027
PedNYC16,PedNYC16_scenario3,3,83.0,8.666848105888114,47.423009979457845,5.8047356605529785,83.79884338378906,5.995911679803471,70.45615229930739,13.34406061310586
PedNYC16,PedNYC16_scenario3,3,84.0,8.67279008207461,47.42380612316609,5.8047356605529785,83.79884338378906,5.764242515426245,70.74446864020733,13.054437545933064
PedNYC16,PedNYC16_scenario3,3,85.0,8.677755369885718,47.44499182332081,5.8047356605529785,83.79884338378906,5.540059061864634,71.06557654384461,12.736017357051699
PedNYC16,PedNYC16_scenario3,3,86.0,8.693666105123272,47.45896410756131,5.804735584360687,83.79884338378906,5.3242609602761295,71.41245216612434,12.395706646312302
PedNYC16,PedNYC16_scenario3,3,87.0,8.682774757957601,47.46953853271049,5.8047356605529785,83.79884338378906,5.125956036887212,71.75792129094205,12.06003924635053
PedNYC16,PedNYC16_scenario3,3,88.0,8.6909162664908,47.46703121384586,5.8047356605529785,83.79884338378906,4.947475499867244,72.12152244063688,11.70874542350629
PedNYC16,PedNYC16_scenario3,3,89.0,8.73858505472845,47.46617017492956,5.8047356605529785,83.79884338378906,4.788776383264921,72.50182982215621,11.34260502110623
PedNYC16,PedNYC16_scenario3,3,90.0,8.751434761105545,47.46457291552007,5.8047356605529785,83.79884338378906,4.6561643454703505,72.88631245815132,10.97280945195125
PedNYC16,PedNYC16_scenario3,3,91.0,8.653188538043187,47.50186508240844,5.8047356605529785,83.79884338378906,4.541319857860144,73.23877602644941,10.63537691302214
PedNYC16,PedNYC16_scenario3,3,92.0,8.612645834074563,47.514631080112096,5.804735432016081,83.79884338378906,4.4414237484248185,73.57152561571272,10.317783069818177
PedNYC16,PedNYC16_scenario3,3,93.0,8.653936088168782,47.529102962660566,5.8047356605529785,83.79884338378906,4.354287940176664,73.91672271575916,9.98799817215885
PedNYC16,PedNYC16_scenario3,3,94.0,8.669503331468897,47.54102341835826,5.80473596528629,83.79884338378906,4.276295767848621,74.27286128259102,9.647821745320998
PedNYC16,PedNYC16_scenario3,3,95.0,8.67465996939978,47.54367894621507,5.80473599406612,83.79884338378906,4.2067162679935315,74.6337692054081,9.303346265733776
PedNYC16,PedNYC16_scenario3,3,96.0,8.699870387436707,47.52126090932146,5.8047356605529785,83.79884338378906,4.142761687059511,74.99152372970288,8.962758335346463
PedNYC16,PedNYC16_scenario3,3,97.0,8.6635119672385,47.64446758196735,5.8047356605529785,83.79884338378906,4.077912205023531,75.3257292196561,8.647287602768706
PedNYC16,PedNYC16_scenario3,3,98.0,8.609168831245121,47.79555567861003,5.80473518371582,83.79884338378906,4.012301900808885,75.60573260915322,8.386887458355838
PedNYC16,PedNYC16_scenario3,3,99.0,8.666212847096899,47.861094464808005,5.8047356605529785,83.79884338378906,3.94953882230642,75.82344632112682,8.188327888877039
PedNYC16,PedNYC16_scenario3,3,100.0,,,,,3.7100090086460114,76.38669713338216,
PedNYC17,PedNYC17_scenario3,3,0.0,12.611750602722168,67.03482055664062,84.68154907226562,58.010013580322266,62.701661330003006,58.073510096623345,21.9799794579078
PedNYC17,PedNYC17_scenario3,3,1.0,12.49139762161586,66.86206874002016,84.59988766675984,58.01017236407511,61.586140699051676,58.07912354878876,23.013850259345354
PedNYC17,PedNYC17_scenario3,3,2.0,12.309121894277213,66.66608504235865,84.37653384536256,58.010061276121434,60.42569343326351,58.08433211689549,23.950955567651704
PedNYC17,PedNYC17_scenario3,3,3.0,12.092115313701658,66.53864584046322,83.94532206793427,58.01195956570604,59.22510678105261,58.08956810436784,24.720337111678937
PedNYC17,PedNYC17_scenario3,3,4.0,11.892290854582717,66.38975330076313,83.26709425562238,58.017666866902495,58.003688249000035,58.09333328007304,25.263519320584063
PedNYC17,PedNYC17_scenario3,3,5.0,11.732150477431933,66.2301648397538,82.31254325355734,58.025217312323676,56.76471597116505,58.097147221127884,25.547928541522268
PedNYC17,PedNYC17_scenario3,3,6.0,11.486240969861935,66.05776471471243,81.06433183277316,58.02627817948339,55.50968118649119,58.100329271527805,25.554757936982156
PedNYC17,PedNYC17_scenario3,3,7.0,11.171993245956964,65.9120893784717,79.54434695247582,58.029734791317715,54.24878192588897,58.1052684830906,25.29567779983127
PedNYC17,PedNYC17_scenario3,3,8.0,10.856519802605568,65.66170069457037,77.81578134143285,58.03536691867221,52.99165346030576,58.11238213143323,24.824247348138233
PedNYC17,PedNYC17_scenario3,3,9.0,10.631424671829892,65.44570487306483,75.88248500205187,58.04547880123204,51.73794980709507,58.120574198430326,24.144651977180942
PedNYC17,PedNYC17_scenario3,3,10.0,10.51710670803246,65.31675945339366,73.72964036654064,58.05772866094388,50.508680151036245,58.13221916501776,23.221079694218243
PedNYC17,PedNYC17_scenario3,3,11.0,10.599622905988328,65.20472544803968,71.3448647440806,58.05539137639338,49.31427559377006,58.150455115833545,22.030794253143405
PedNYC17,PedNYC17_scenario3,3,12.0,10.817769315828706,65.03592493407946,68.70899060772629,58.04002747201915,48.146728976138476,58.17627587173389,20.562713027037393
PedNYC17,PedNYC17_scenario3,3,13.0,10.968125162681103,64.78227250056328,65.86303287094188,58.02893385507851,46.99159415860659,58.21128405280187,18.87231969494044
PedNYC17,PedNYC17_scenario3,3,14.0,11.126126978706194,64.5314935580969,62.90978560045488,58.02657223396043,45.85352568495661,58.25840996825198,17.057835473473023
PedNYC17,PedNYC17_scenario3,3,15.0,11.32711424337687,64.3211108826819,59.94737237645005,58.02501742327986,44.735533625730234,58.31785269240408,15.214657100071102
PedNYC17,PedNYC17_scenario3,3,16.0,11.46602034667316,64.13641402974713,56.99548100585468,58.022628253475006,43.64063270095638,58.384481119402466,13.359749651225686
PedNYC17,PedNYC17_scenario3,3,17.0,11.629660838859856,63.91039026033906,54.21591703681093,58.01495615849241,42.57520430913688,58.45794545924283,11.649138694719536
PedNYC17,PedNYC17_scenario3,3,18.0,11.815196513243308,63.690447655312575,51.64367341506752,58.02367484893609,41.545118001849474,58.539864227890305,10.111739361196994
PedNYC17,PedNYC17_scenario3,3,19.0,12.011108842813915,63.48467211791767,49.26796829236425,58.07378508081059,40.54238968404854,58.63072227444674,8.743334666335958
PedNYC17,PedNYC17_scenario3,3,20.0,12.154946477227917,63.28148187284807,47.073254217922866,58.137547262699265,39.553018080701435,58.72824186328986,7.543399211942717
PedNYC17,PedNYC17_scenario3,3,21.0,12.291045051347915,63.03540434071716,45.04481741464148,58.1843485195134,38.56871144066163,58.827131798580844,6.507927391271831
PedNYC17,PedNYC17_scenario3,3,22.0,12.472754391327948,62.73699374380531,43.12898649262021,58.21988985139586,37.5801708020254,58.92988393136803,5.59405462627839
PedNYC17,PedNYC17_scenario3,3,23.0,12.601184506619445,62.36867365716509,41.1763427367317,58.247197001471186,36.59213032335243,59.038224493057214,4.6519595810180325
PedNYC17,PedNYC17_scenario3,3,24.0,12.632493975465815,62.01280094286434,39.20456507723242,58.26609566343686,35.61786658146538,59.14058335339478,3.691765813188247
PedNYC17,PedNYC17_scenario3,3,25.0,12.688857353528649,61.696030013636616,37.341317675714784,58.277656161610494,34.67342824533746,59.217556187436735,2.828612039723228
PedNYC17,PedNYC17_scenario3,3,26.0,12.74344191800105,61.40128721175419,35.6159217640576,58.28465643957751,33.757898261396676,59.241729294216285,2.090033441246047
PedNYC17,PedNYC17_scenario3,3,27.0,12.736043698814417,61.19260193518024,34.021176658941776,58.28788736092835,32.856550995715075,59.24489931926141,1.5073900702335488
PedNYC17,PedNYC17_scenario3,3,28.0,12.681734943548884,61.09884018146091,32.54708729278222,58.28872291944328,31.970530517407816,59.24860752160636,1.119730398220887
PedNYC17,PedNYC17_scenario3,3,29.0,12.694111112628594,61.1348153030492,31.17768662837293,58.291309157314224,31.10798263033732,59.25332175807567,0.9645345464865174
PedNYC17,PedNYC17_scenario3,3,30.0,12.690806182824048,61.165110657097934,29.83621752383415,58.29529837783502,30.278737746177743,59.26103381766667,1.0622942562820628
PedNYC17,PedNYC17_scenario3,3,31.0,12.685491395329702,61.15633196600212,28.47440098822545,58.300498934759766,29.486252786563853,59.27274814462338,1.4032507216748817
PedNYC17,PedNYC17_scenario3,3,32.0,12.688011548638618,61.14306809624618,27.04318257569348,58.306838961022585,28.741665210021754,59.28888244051651,1.9619512365834308
PedNYC17,PedNYC17_scenario3,3,33.0,12.697413853047532,61.13246839334346,25.523741506469552,58.31518107686304,28.04912666126056,59.309318571493456,2.7140153902048594
PedNYC17,PedNYC17_scenario3,3,34.0,12.707260626803569,61.12579846237289,23.9853873634706,58.32621378789062,27.38194609484643,59.334157595484875,3.5429594881896387
PedNYC17,PedNYC17_scenario3,3,35.0,12.709616177043456,61.121486112903995,22.591178216237015,58.338391493873786,26.731277337114577,59.363595623375055,4.265145277459797
PedNYC17,PedNYC17_scenario3,3,36.0,12.706371881598837,61.120509267033796,21.85950007950448,58.345698760243636,26.11528965411549,59.39771122928997,4.383888130232879
PedNYC17,PedNYC17_scenario3,3,37.0,12.704531596582079,61.11944591412933,21.814637250601475,58.34617045375206,25.53275887288209,59.437257232581636,3.8749062900936515
PedNYC17,PedNYC17_scenario3,3,38.0,12.704252474763743,61.11457328028842,21.814063823349436,58.34618377685547,24.96110094145083,59.48422190308224,3.346486724828545
PedNYC17,PedNYC17_scenario3,3,39.0,12.687872813576492,61.026533927237665,21.814051804176586,58.34618377685547,24.39734687265384,59.53964334816101,2.8456561913132985
PedNYC17,PedNYC17_scenario3,3,40.0,12.61707451863756,60.799475792066445,21.814041714274893,58.34618377685547,23.84141522737571,59.60319064084963,2.3854369867492173
PedNYC17,PedNYC17_scenario3,3,41.0,12.546288855278961,60.39080868601155,21.81355681344556,58.34618377685547,23.290639557947372,59.67519961681028,1.986971700089309
PedNYC17,PedNYC17_scenario3,3,42.0,12.536541445415205,59.870553573653986,21.812173255160854,58.34618377685547,22.741776105365055,59.7541945874558,1.6872035745206253
PedNYC17,PedNYC17_scenario3,3,43.0,12.489490262667031,59.30478731687012,21.806463332385768,58.346234219263586,22.19381114021234,59.83994272580925,1.5431148456141992
PedNYC17,PedNYC17_scenario3,3,44.0,12.4763457163063,58.719935112178604,21.77980951510045,58.34645592846221,21.64941377730531,59.9348451607762,1.5937325377133245
PedNYC17,PedNYC17_scenario3,3,45.0,12.45391046382966,58.07662907352139,21.65516625966584,58.34753785916897,21.109480227547387,60.04048155504499,1.7787162795273261
PedNYC17,PedNYC17_scenario3,3,46.0,12.411786706805103,57.42753249655695,21.367193984342077,58.34997029022979,20.5857676602356,60.1584537363932,1.9700861592970076
PedNYC17,PedNYC17_scenario3,3,47.0,12.401808184977062,56.78970775780783,20.904218415275576,58.35340039379971,20.082465067389357,60.28845100849561,2.10230812351501
PedNYC17,PedNYC17_scenario3,3,48.0,12.374183904350769,56.188207979077276,20.35479667995927,58.355523235994575,19.59522712810594,60.42914777941405,2.208362436552095
PedNYC17,PedNYC17_scenario3,3,49.0,12.388207921367842,55.70816787682962,19.68814701367454,58.35601599042932,19.11650321929611,60.58092436145984,2.29717084413264
PedNYC17,PedNYC17_scenario3,3,50.0,12.369220733642578,55.197065353393555,18.863070487976074,58.352609634399414,18.65170673227866,60.74583567589544,2.402541471633167
PedNYC17,PedNYC17_scenario3,3,51.0,12.280301109455412,54.67304667175416,17.867600583111837,58.34969427013918,18.201773138821828,60.92643584082702,2.598320307256318
PedNYC17,PedNYC17_scenario3,3,52.0,12.171994857568787,54.11574173135914,16.700125377640777,58.349598064680286,17.755062695243595,61.12438152656433,2.968554531150845
PedNYC17,PedNYC17_scenario3,3,53.0,12.113302555253345,53.67462068944871,15.477061872089838,58.35140563947196,17.30642987636306,61.33856312069435,3.5028127430225973
PedNYC17,PedNYC17_scenario3,3,54.0,12.023569998869826,53.19111188531933,14.33530521674807,58.35512280217114,16.854257097193837,61.564299660532356,4.079697866784064
PedNYC17,PedNYC17_scenario3,3,55.0,11.976073048582606,52.73461368438733,13.505818654765694,58.35997566904761,16.399039972489494,61.80155468028401,4.496131190692105
PedNYC17,PedNYC17_scenario3,3,56.0,11.944187498173534,52.25482597015781,13.329021247784356,58.361602783203125,15.953773600326201,62.050079381857195,4.527050312399084
PedNYC17,PedNYC17_scenario3,3,57.0,11.85563161949391,51.790336904756934,13.328293484476456,58.36161465047888,15.511497324055963,62.31234957761008,4.513832680728106
PedNYC17,PedNYC17_scenario3,3,58.0,11.775010589297771,51.296536724462634,13.325223936536448,58.36170898356618,15.076480602608045,62.58811302730651,4.574865140242369
PedNYC17,PedNYC17_scenario3,3,59.0,11.674776291095393,50.85996543026191,13.226050610943034,58.36437791767723,14.648769812295567,62.870374136853385,4.725265268016917
PedNYC17,PedNYC17_scenario3,3,60.0,11.545017746603296,50.52085928060316,12.919018678841633,58.372957636598635,14.224858576296457,63.15470050845154,4.956842011835852
PedNYC17,PedNYC17_scenario3,3,61.0,11.439851560625549,50.159864174650124,12.356272513081748,58.39173977935475,13.804559928132043,63.441393412408345,5.253240737906881
PedNYC17,PedNYC17_scenario3,3,62.0,11.350758432072332,49.76619831384548,11.658522671278016,58.421881360540766,13.38433867271278,63.72923707309056,5.580901856361854
PedNYC17,PedNYC17_scenario3,3,63.0,11.196353264119967,49.41365148661453,10.902887647672097,58.47163141149185,12.948068275175139,64.03103210456784,5.9236559543315455
PedNYC17,PedNYC17_scenario3,3,64.0,11.025019046169046,49.07568421565128,10.074951912500829,58.5786310995741,12.487165085558566,64.35834692845056,6.262897688357867
PedNYC17,PedNYC17_scenario3,3,65.0,10.902976870191864,48.78482790949976,9.303653724771282,58.767336397626984,12.019842752345827,64.70794653757511,6.5321154053163255
PedNYC17,PedNYC17_scenario3,3,66.0,10.763021829796442,48.553910753893945,8.601895028854727,59.05553892045891,11.563089049024521,65.06475977171985,6.699209301426447
PedNYC17,PedNYC17_scenario3,3,67.0,10.663490652296522,48.39941756581168,7.955251748772705,59.45751190634378,11.125353221312198,65.43112854054232,6.762665084016101
PedNYC17,PedNYC17_scenario3,3,68.0,10.623216156388901,48.26598454478967,7.361680574452748,59.98607556152929,10.703503907086743,65.82565879018274,6.728188126896249
PedNYC17,PedNYC17_scenario3,3,69.0,10.577936958758164,48.16383076842402,6.8488479601785235,60.66428635449476,10.296320275694239,66.25430176181095,6.567597553160489
PedNYC17,PedNYC17_scenario3,3,70.0,10.594680249645053,48.16402891720821,6.415386012800861,61.554648522073336,9.904378244228761,66.71856148216824,6.232099473724754
PedNYC17,PedNYC17_scenario3,3,71.0,10.611884232982822,48.15884326245846,6.044060641926992,62.70801429127948,9.5315283729045,67.20367015557181,5.689758591078837
PedNYC17,PedNYC17_scenario3,3,72.0,10.61010312595088,48.152812419529596,5.763727844355193,64.00466301555531,9.184760453607627,67.68611650642205,5.025590902469426
PedNYC17,PedNYC17_scenario3,3,73.0,10.598434809310305,48.14123667950803,5.526408149317401,65.23608729359546,8.862627757873526,68.14877984054955,4.428785290527899
PedNYC17,PedNYC17_scenario3,3,74.0,10.59793065759429,48.14831336354482,5.370129441019789,66.01196378159091,8.554397276178138,68.55002973306665,4.072019206740621
PedNYC17,PedNYC17_scenario3,3,75.0,10.595414161682129,48.15261268615723,5.3542797565460205,66.08472442626953,8.251458157135039,68.83172210818353,3.992447739079424
PedNYC17,PedNYC17_scenario3,3,76.0,10.594939494778554,48.14997096558143,5.354157794816428,66.08537594980808,7.948061536788176,69.03234934893594,3.9259379564356625
PedNYC17,PedNYC17_scenario3,3,77.0,10.59961136432515,48.14638033906082,5.354210414713777,66.0850718916816,7.642949518640109,69.22200623952101,3.8831280932382595
PedNYC17,PedNYC17_scenario3,3,78.0,10.605390036260305,48.14471511452662,5.353868166574564,66.0873196873414,7.338154765478725,69.41339109471703,3.8730019769620947
PedNYC17,PedNYC17_scenario3,3,79.0,10.608436641116828,48.14430746595402,5.346192705685944,66.13852405495155,7.03810102803054,69.60034136012717,3.8531458349811207
PedNYC17,PedNYC17_scenario3,3,80.0,10.604770464720685,48.14451224379294,5.317897832402837,66.34539174026219,6.7555268993645585,69.77965833178384,3.72303160822131
PedNYC17,PedNYC17_scenario3,3,81.0,10.598660364048978,48.144857338395774,5.267225565094164,66.8060614194848,6.490155324376886,69.97621832589967,3.39785991580423
PedNYC17,PedNYC17_scenario3,3,82.0,10.600014874896548,48.14688762083914,5.204593268216529,67.56946790545192,6.2379248171539015,70.20137867108396,2.8274950695410865
PedNYC17,PedNYC17_scenario3,3,83.0,10.605747419174369,48.148813433956455,5.161970871061592,68.650749205695,5.995911679803471,70.45615229930739,1.988702492307541
PedNYC17,PedNYC17_scenario3,3,84.0,10.609710331019787,48.1486738532917,5.1802687707641315,70.0194124021765,5.764242515426245,70.74446864020733,0.9309843622543359
PedNYC17,PedNYC17_scenario3,3,85.0,10.611107941666155,48.14859771728516,5.246305565129549,71.5714051225353,5.540059061864634,71.06557654384461,0.5849390291853718
PedNYC17,PedNYC17_scenario3,3,86.0,10.610418736711024,48.147861934105215,5.296712484301262,73.21481352832863,5.3242609602761295,71.41245216612434,1.8025718844183323
PedNYC17,PedNYC17_scenario3,3,87.0,10.613054806483689,48.1514761877101,5.270173894833407,74.86672472815731,5.125956036887212,71.75792129094205,3.112146783458645
PedNYC17,PedNYC17_scenario3,3,88.0,10.620746407051522,48.15674754756157,5.159992442012711,76.52210641923647,4.947475499867244,72.12152244063688,4.405712519378246
PedNYC17,PedNYC17_scenario3,3,89.0,10.622618232417677,48.15647423402658,5.015364816465006,78.12829769863198,4.788776383264921,72.50182982215621,5.631028599028232
PedNYC17,PedNYC17_scenario3,3,90.0,10.619177705265507,48.15941815273341,4.932767476682582,79.55055097846132,4.6561643454703505,72.88631245815132,6.669976337872567
PedNYC17,PedNYC17_scenario3,3,91.0,10.615087488718741,48.17871822253869,4.922378089426569,80.16024555804827,4.541319857860144,73.23877602644941,6.93195108556717
PedNYC17,PedNYC17_scenario3,3,92.0,10.688575896672205,48.220017339653964,4.922207660229142,80.16565158061464,4.4414237484248185,73.57152561571272,6.611629936017559
PedNYC17,PedNYC17_scenario3,3,93.0,10.8627893729108,48.277153862038254,4.922206401824951,80.16604783531395,4.354287940176664,73.91672271575916,6.275077356413972
PedNYC17,PedNYC17_scenario3,3,94.0,11.001705148314405,48.30685910164151,4.922213259523623,80.1661376953125,4.276295767848621,74.27286128259102,5.928567810423614
PedNYC17,PedNYC17_scenario3,3,95.0,11.084170706660238,48.38826031317094,4.922217296439249,80.16610485324347,4.2067162679935315,74.6337692054081,5.578411910393212
PedNYC17,PedNYC17_scenario3,3,96.0,11.155282807170607,48.546851217531774,4.922211793824792,80.16595811283017,4.142761687059511,74.99152372970288,5.232811257271403
PedNYC17,PedNYC17_scenario3,3,97.0,11.231295669055298,48.69280647137847,4.922214323291265,80.16597156553533,4.077912205023531,75.3257292196561,4.91332799981376
PedNYC17,PedNYC17_scenario3,3,98.0,11.352104777023348,48.83066125659773,4.922218322753906,80.16601971098412,4.012301900808885,75.60573260915322,4.650179173542719
PedNYC17,PedNYC17_scenario3,3,99.0,11.453339918118399,48.97618366104691,4.922217882830267,80.16596516016546,3.94953882230642,75.82344632112682,4.450120719956593
PedNYC17,PedNYC17_scenario3,3,100.0,11.458818435668944,49.06882095336914,4.9222092628479,80.16586303710938,3.7100090086460114,76.38669713338216,3.9688190163046597
PedNYC19,PedNYC19_scenario3,3,0.0,12.456218719482422,67.30152893066406,66.831298828125,57.908809661865234,62.701661330003006,58.073510096623345,4.132920529009092
PedNYC19,PedNYC19_scenario3,3,1.0,12.473872828222552,67.20307608787519,65.64029458692282,57.90577895282872,61.586140699051676,58.07912354878876,4.05785806744017
PedNYC19,PedNYC19_scenario3,3,2.0,12.50083967948812,67.07961603199578,64.38107664495155,57.90287200391184,60.42569343326351,58.08433211689549,3.9595434236673817
PedNYC19,PedNYC19_scenario3,3,3.0,12.534353721971723,66.94272198299778,63.05187190697021,57.90058532678294,59.22510678105261,58.08956810436784,3.831428691645308
PedNYC19,PedNYC19_scenario3,3,4.0,12.575200384589028,66.85028888356997,61.65521868963151,57.898990109304684,58.003688249000035,58.09333328007304,3.6566984872809236
PedNYC19,PedNYC19_scenario3,3,5.0,12.590212460867209,66.83045245495246,60.19652962980227,57.89822686628397,56.76471597116505,58.097147221127884,3.437573896686469
PedNYC19,PedNYC19_scenario3,3,6.0,12.521104001256257,66.86749564712748,58.69999038243349,57.89838326832838,55.50968118649119,58.100329271527805,3.1966943791864457
PedNYC19,PedNYC19_scenario3,3,7.0,12.411840313931291,66.91012592689202,57.221507546771186,57.899488381155656,54.24878192588897,58.1052684830906,2.979839436513637
PedNYC19,PedNYC19_scenario3,3,8.0,12.328231661501338,66.94929864614234,55.78228209808867,57.90147978043344,52.99165346030576,58.11238213143323,2.7985867854457065
PedNYC19,PedNYC19_scenario3,3,9.0,12.268353325212505,66.97117149532122,54.3795072073268,57.90306852446875,51.73794980709507,58.120574198430326,2.6504969754603587
PedNYC19,PedNYC19_scenario3,3,10.0,12.232449853540185,66.96970430209488,52.99376858496239,57.90323656752293,50.508680151036245,58.13221916501776,2.4956156664015743
PedNYC19,PedNYC19_scenario3,3,11.0,12.240331917360551,66.93739039918874,51.61448067873188,57.905965961376886,49.31427559377006,58.150455115833545,2.313161987308959
PedNYC19,PedNYC19_scenario3,3,12.0,12.284519292144658,66.85417466939369,50.24145512536019,57.90924020077507,48.146728976138476,58.17627587173389,2.1116784058652622
PedNYC19,PedNYC19_scenario3,3,13.0,12.313716926296928,66.78798733282788,48.87724696195273,57.91234627294143,46.99159415860659,58.21128405280187,1.9092014799373713
PedNYC19,PedNYC19_scenario3,3,14.0,12.290276634122742,66.75577326449395,47.52408974482591,57.91537661966264,45.85352568495661,58.25840996825198,1.7054196423084305
PedNYC19,PedNYC19_scenario3,3,15.0,12.219262076287682,66.69470123747156,46.18272387446189,57.918199772627815,44.735533625730234,58.31785269240408,1.5013600741693158
PedNYC19,PedNYC19_scenario3,3,16.0,12.175559804963349,66.61485127538856,44.8516723234274,57.92049763058798,43.64063270095638,58.384481119402466,1.2968799655662862
PedNYC19,PedNYC19_scenario3,3,17.0,12.179052008431201,66.53991902137106,43.53024063714153,57.92219060241577,42.57520430913688,58.45794545924283,1.0950468731622385
PedNYC19,PedNYC19_scenario3,3,18.0,12.213643450762735,66.44999563821574,42.220656567575745,57.92331160593143,41.545118001849474,58.539864227890305,0.9145979933434522
PedNYC19,PedNYC19_scenario3,3,19.0,12.272957890833352,66.3379978487578,40.94160747381017,57.92386139804249,40.54238968404854,58.63072227444674,0.8118048671036343
PedNYC19,PedNYC19_scenario3,3,20.0,12.286068411897721,66.23798191135981,39.70527056293537,57.9238408630991,39.553018080701435,58.72824186328986,0.8186829590594189
PedNYC19,PedNYC19_scenario3,3,21.0,12.227354110468504,66.13507831523413,38.50713453662182,57.92331167322129,38.56871144066163,58.827131798580844,0.9059153018445399
PedNYC19,PedNYC19_scenario3,3,22.0,12.16125141789633,65.9846122195646,37.32825762738575,57.92272910416075,37.5801708020254,58.92988393136803,1.038181628388767
PedNYC19,PedNYC19_scenario3,3,23.0,12.112105710441794,65.81881585802716,36.13903320030335,57.92215665860572,36.59213032335243,59.038224493057214,1.2045349368169413
PedNYC19,PedNYC19_scenario3,3,24.0,12.093788051686106,65.67896896479951,34.9392357844174,57.92145892457219,35.61786658146538,59.14058335339478,1.395279230711179
PedNYC19,PedNYC19_scenario3,3,25.0,12.112832944123832,65.42189062209357,33.765513313836585,57.91992392836489,34.67342824533746,59.217556187436735,1.5837168315788481
PedNYC19,PedNYC19_scenario3,3,26.0,12.106140533999898,65.22933367662027,32.61972575534997,57.917635172607916,33.757898261396676,59.241729294216285,1.7460417796829717
PedNYC19,PedNYC19_scenario3,3,27.0,12.033438410600436,65.0271855969277,31.479128096711076,57.91446316501127,32.856550995715075,59.24489931926141,1.9150337342293675
PedNYC19,PedNYC19_scenario3,3,28.0,11.989848926482422,64.85003595237954,30.335314492867727,57.90943525167584,31.970530517407816,59.24860752160636,2.1136020948758447
PedNYC19,PedNYC19_scenario3,3,29.0,11.982644449789383,64.7132249269543,29.18575466779909,57.900994995371576,31.10798263033732,59.25332175807567,2.3502655196997693
PedNYC19,PedNYC19_scenario3,3,30.0,12.003353752559477,64.50115218989018,28.02384481112984,57.88970876008235,30.278737746177743,59.26103381766667,2.639142770311524
PedNYC19,PedNYC19_scenario3,3,31.0,12.011209454547469,64.30918549266336,26.840109572458374,57.87541649644156,29.486252786563853,59.27274814462338,2.9924253782787953
PedNYC19,PedNYC19_scenario3,3,32.0,11.986522708795764,64.13494011778232,25.63541339688974,57.857490377139385,28.741665210021754,59.28888244051651,3.4201876506538285
PedNYC19,PedNYC19_scenario3,3,33.0,11.930137968137368,63.92325324795102,24.411791383217512,57.835727579939736,28.04912666126056,59.309318571493456,3.9244972079598637
PedNYC19,PedNYC19_scenario3,3,34.0,11.909071888607032,63.746295110957085,23.16874588483455,57.81002596941513,27.38194609484643,59.334157595484875,4.480405475314724
PedNYC19,PedNYC19_scenario3,3,35.0,11.914867967242104,63.564352827299665,21.907395572887125,57.78018655370361,26.731277337114577,59.363595623375055,5.0771074005937615
PedNYC19,PedNYC19_scenario3,3,36.0,11.945756700231925,63.37314109475776,20.631859984460387,57.74609743763873,26.11528965411549,59.39771122928997,5.726764274773883
PedNYC19,PedNYC19_scenario3,3,37.0,11.93029885354553,63.20566784990321,19.34878538747889,57.7087468376542,25.53275887288209,59.437257232581636,6.421002745174775
PedNYC19,PedNYC19_scenario3,3,38.0,11.887017011539514,63.04701973718777,18.09936004240142,57.67917611756689,24.96110094145083,59.48422190308224,7.095186992144335
PedNYC19,PedNYC19_scenario3,3,39.0,11.870198250978657,62.890458268817795,16.9139412241857,57.66264536481871,24.39734687265384,59.53964334816101,7.7152110488952905
PedNYC19,PedNYC19_scenario3,3,40.0,11.889895728183362,62.73047214956522,15.79648576557173,57.67088912718253,23.84141522737571,59.60319064084963,8.273734295052135
PedNYC19,PedNYC19_scenario3,3,41.0,11.925790904543003,62.56736238871976,14.744377012568048,57.7128711640571,23.290639557947372,59.67519961681028,8.768656479246875
PedNYC19,PedNYC19_scenario3,3,42.0,11.907541572294484,62.39455915987052,13.754970889024328,57.78398334587604,22.741776105365055,59.7541945874558,9.200239145418784
PedNYC19,PedNYC19_scenario3,3,43.0,11.832373126348772,62.228305411693796,12.824200621887536,57.87685457901216,22.19381114021234,59.83994272580925,9.57305156871089
PedNYC19,PedNYC19_scenario3,3,44.0,11.772847747232557,62.09332057226637,11.94949716087546,57.986651261254636,21.64941377730531,59.9348451607762,9.893626323842282
PedNYC19,PedNYC19_scenario3,3,45.0,11.778773498535156,61.94826965332031,11.127539825439452,58.111054992675776,21.109480227547387,60.04048155504499,10.1667015816739
PedNYC19,PedNYC19_scenario3,3,46.0,11.810360662655915,61.82221071453581,10.356284153327264,58.255403212383335,20.5857676602356,60.1584537363932,10.404995632629737
PedNYC19,PedNYC19_scenario3,3,47.0,11.809719588369362,61.66904784656249,9.627174750435241,58.433054797377316,20.082465067389357,60.28845100849561,10.618643543881989
PedNYC19,PedNYC19_scenario3,3,48.0,11.791033118316426,61.551686771221405,8.918956115081569,58.66157065322553,19.59522712810594,60.42914777941405,10.82160300697495
PedNYC19,PedNYC19_scenario3,3,49.0,11.77078440830764,61.42528835371558,8.211477887554846,58.959403696084856,19.11650321929611,60.58092436145984,11.02492207474306
PedNYC19,PedNYC19_scenario3,3,50.0,11.739021301269531,61.27515411376953,7.509363651275635,59.34724426269531,18.65170673227866,60.74583567589544,11.229775922780167
PedNYC19,PedNYC19_scenario3,3,51.0,11.711621986718573,61.14280401043094,6.827154856084766,59.84429483882813,18.201773138821828,60.92643584082702,11.425977867394256
PedNYC19,PedNYC19_scenario3,3,52.0,11.73032448220278,60.96501575080716,6.19229730269273,60.46908128148308,17.755062695243595,61.12438152656433,11.581319524750862
PedNYC19,PedNYC19_scenario3,3,53.0,11.723485330229142,60.788929607687045,5.627738211457155,61.23518538471108,17.30642987636306,61.33856312069435,11.679149196762568
PedNYC19,PedNYC19_scenario3,3,54.0,11.692424692481232,60.60639731713909,5.153092786833345,62.152329190246824,16.854257097193837,61.564299660532356,11.715930391815682
PedNYC19,PedNYC19_scenario3,3,55.0,11.635275161427375,60.36127202376742,4.795899541987716,63.217812941053126,16.399039972489494,61.80155468028401,11.68925383893864
PedNYC19,PedNYC19_scenario3,3,56.0,11.613386539173934,60.198479599022555,4.56541635188674,64.41982138881522,15.953773600326201,62.050079381857195,11.63229805316323
PedNYC19,PedNYC19_scenario3,3,57.0,11.602282774328911,60.021376352596945,4.473055687472741,65.74385205894593,15.511497324055963,62.31234957761008,11.559515692435744
PedNYC19,PedNYC19_scenario3,3,58.0,11.57951621182522,59.78507503039126,4.508139885718469,67.17740110559073,15.076480602608045,62.58811302730651,11.521778967405501
PedNYC19,PedNYC19_scenario3,3,59.0,11.527667868938485,59.55871770898421,4.634267119593784,68.70965648382483,14.648769812295567,62.870374136853385,11.592561516325182
PedNYC19,PedNYC19_scenario3,3,60.0,11.456260839230007,59.335192813198944,4.7522516641235795,70.33693513620788,14.224858576296457,63.15470050845154,11.887589156792378
PedNYC19,PedNYC19_scenario3,3,61.0,11.427831894095897,59.14266237304499,4.791362967344091,72.02565904592309,13.804559928132043,63.441393412408345,12.446980996237581
PedNYC19,PedNYC19_scenario3,3,62.0,11.45097117930628,58.91101952081473,4.7106692275471564,73.67514427332117,13.38433867271278,63.72923707309056,13.196727309435424
PedNYC19,PedNYC19_scenario3,3,63.0,11.47541502730079,58.705458175236664,4.567718930876299,75.2347256591949,12.948068275175139,64.03103210456784,13.991175947663645
PedNYC19,PedNYC19_scenario3,3,64.0,11.457044634945584,58.52479898164564,4.423007135534692,76.69710249285778,12.487165085558566,64.35834692845056,14.740269072209076
PedNYC19,PedNYC19_scenario3,3,65.0,11.408388806513308,58.35571581979496,4.333464195879755,77.84868459720727,12.019842752345827,64.70794653757511,15.223646477278908
PedNYC19,PedNYC19_scenario3,3,66.0,11.36102970803482,58.20758841748232,4.3016724906169195,78.51922370009328,11.563089049024521,65.06475977171985,15.288910034224738
PedNYC19,PedNYC19_scenario3,3,67.0,11.36607655561666,58.05196870185959,4.296842037459334,78.66789575752038,11.125353221312198,65.43112854054232,14.89431338949429
PedNYC19,PedNYC19_scenario3,3,68.0,11.398615704362173,57.88172635589458,4.296796605167889,78.66893810489863,10.703503907086743,65.82565879018274,14.352551062729905
PedNYC19,PedNYC19_scenario3,3,69.0,11.384465187906576,57.69358822360072,4.296788385616603,78.66929082530778,10.296320275694239,66.25430176181095,13.788630691508294
PedNYC19,PedNYC19_scenario3,3,70.0,11.260830836996465,57.49230896373287,4.2967916510942805,78.66930527723166,9.904378244228761,66.71856148216824,13.200958474851298
PedNYC19,PedNYC19_scenario3,3,71.0,11.147507351499483,57.341910904967214,4.296794414520264,78.66919666319157,9.5315283729045,67.20367015557181,12.603996894318579
PedNYC19,PedNYC19_scenario3,3,72.0,11.103368129658952,57.18945652833716,4.29680124416609,78.66920519384443,9.184760453607627,67.68611650642205,12.021663044227692
PedNYC19,PedNYC19_scenario3,3,73.0,11.090249883847823,57.01638959221814,4.2968042591146505,78.66912481293546,8.862627757873526,68.14877984054955,11.468408893993285
PedNYC19,PedNYC19_scenario3,3,74.0,11.084868117062607,56.85542694403561,4.29680871963501,78.669066584079,8.554397276178138,68.55002973306665,10.978249728848082
PedNYC19,PedNYC19_scenario3,3,75.0,11.079950263471202,56.70005558756241,4.296811583444877,78.66897574089674,8.251458157135039,68.83172210818353,10.602395415995796
PedNYC19,PedNYC19_scenario3,3,76.0,11.059035423877337,56.52787751435314,4.2968173621669585,78.66905212402344,7.948061536788176,69.03234934893594,10.305223161003573
PedNYC19,PedNYC19_scenario3,3,77.0,11.027023723518594,56.36807845956763,4.296822725259288,78.66905786171993,7.642949518640109,69.22200623952101,10.022142928030531
PedNYC19,PedNYC19_scenario3,3,78.0,11.01986462977856,56.24863430229699,4.296826386030943,78.66899667477989,7.338154765478725,69.41339109471703,9.742479816008103
PedNYC19,PedNYC19_scenario3,3,79.0,11.017939538541764,56.12348679764307,4.296832792381337,78.66899871826172,7.03810102803054,69.60034136012717,9.473916709525533
PedNYC19,PedNYC19_scenario3,3,80.0,11.008470034290916,55.98425075702424,4.296840860131623,78.66904601158967,6.7555268993645585,69.77965833178384,9.223142108923765
PedNYC19,PedNYC19_scenario3,3,81.0,10.99318658422854,55.785553115427085,4.296849423576155,78.66911249500471,6.490155324376886,69.97621832589967,8.965322069493533
PedNYC19,PedNYC19_scenario3,3,82.0,10.97062615810437,55.57585298113317,4.29685302700932,78.66903932804416,6.2379248171539015,70.20137867108396,8.68729167784338
PedNYC19,PedNYC19_scenario3,3,83.0,10.978251575011884,55.39024292649539,4.296854972839356,78.66887326410392,5.995911679803471,70.45615229930739,8.38663098860849
PedNYC19,PedNYC19_scenario3,3,84.0,11.00385229255272,55.1935612042617,4.296858787536621,78.66878476506828,5.764242515426245,70.74446864020733,8.059032265204461
PedNYC19,PedNYC19_scenario3,3,85.0,11.01533472891385,54.98147432459398,4.296864130342328,78.66872249850714,5.540059061864634,71.06557654384461,7.70411331988723
PedNYC19,PedNYC19_scenario3,3,86.0,10.978432699117418,54.83108719196632,4.296863709833815,78.6685675369881,5.3242609602761295,71.41245216612434,7.328489297631665
PedNYC19,PedNYC19_scenario3,3,87.0,10.919509334865744,54.68458850888008,4.296871872394149,78.66863554124575,5.125956036887212,71.75792129094205,6.96026953509444
PedNYC19,PedNYC19_scenario3,3,88.0,10.870215890990282,54.54409941884308,4.296880379283805,78.66869259107085,4.947475499867244,72.12152244063688,6.579415702755114
PedNYC19,PedNYC19_scenario3,3,89.0,10.842513713693288,54.42902417777774,4.296887248542186,78.66867947748283,4.788776383264921,72.50182982215621,6.186435936163914
PedNYC19,PedNYC19_scenario3,3,90.0,10.822307961122096,54.32928750612983,4.296889882335789,78.66852127869056,4.6561643454703505,72.88631245815132,5.793359731984749
PedNYC19,PedNYC19_scenario3,3,91.0,10.803805017232825,54.24793149764823,4.2968940199446015,78.66845646013824,4.541319857860144,73.23877602644941,5.435179261277777
PedNYC19,PedNYC19_scenario3,3,92.0,10.796138503076564,54.2014934861652,4.296898136919253,78.66839168617663,4.4414237484248185,73.57152561571272,5.098914726942132
PedNYC19,PedNYC19_scenario3,3,93.0,10.799105195958028,54.19325396852201,4.2968998340136295,78.66828733746297,4.354287940176664,73.91672271575916,4.751911168041362
PedNYC19,PedNYC19_scenario3,3,94.0,10.787762690452116,54.20137504011116,4.296901359335152,78.6682220369803,4.276295767848621,74.27286128259102,4.395409053959136
PedNYC19,PedNYC19_scenario3,3,95.0,10.758408737182616,54.20512161254884,4.296903228759765,78.66813507080079,4.2067162679935315,74.6337692054081,4.035373789841274
PedNYC19,PedNYC19_scenario3,3,96.0,10.75170898382353,54.197166130224744,4.2969088789970025,78.66816968125201,4.142761687059511,74.99152372970288,3.6798759231562204
PedNYC19,PedNYC19_scenario3,3,97.0,10.77858901841574,54.16475392217984,4.296919484721001,78.66825818506182,4.077912205023531,75.3257292196561,3.349696116536053
PedNYC19,PedNYC19_scenario3,3,98.0,10.816006587402134,54.11264511975359,4.296925124230256,78.66824971701138,4.012301900808885,75.60573260915322,3.0757147811906513
PedNYC19,PedNYC19_scenario3,3,99.0,10.82219977701671,54.05137919415091,4.296925965247283,78.66812133789062,3.94953882230642,75.82344632112682,2.8658077008202683
PedNYC19,PedNYC19_scenario3,3,100.0,10.80592918395996,54.00341796875,4.296931743621826,78.66816711425781,3.7100090086460114,76.38669713338216,2.3557554139740944
PedNYC1,PedNYC1_scenario3,3,0.0,12.707868576049805,66.72113800048828,42.52529144287109,57.90378952026367,62.701661330003006,58.073510096623345,20.177083706432988
PedNYC1,PedNYC1_scenario3,3,1.0,12.703108936287698,66.64938798919478,41.10038324222435,57.903496619116474,61.586140699051676,58.07912354878876,20.48651027867807
PedNYC1,PedNYC1_scenario3,3,2.0,12.692361442260127,66.57508270060138,39.72899194874353,57.89501046154568,60.42569343326351,58.08433211689549,20.69756736982673
PedNYC1,PedNYC1_scenario3,3,3.0,12.64388141000633,66.4844299458804,38.413065698494506,57.87909981954507,59.22510678105261,58.08956810436784,20.81310526858024
PedNYC1,PedNYC1_scenario3,3,4.0,12.572148338559067,66.38051345798607,37.14845122930169,57.85671880888182,58.003688249000035,58.09333328007304,20.85657923907402
PedNYC1,PedNYC1_scenario3,3,5.0,12.51862393665048,66.27169642751659,35.934815581973844,57.82885138701168,56.76471597116505,58.097147221127884,20.831628185963577
PedNYC1,PedNYC1_scenario3,3,6.0,12.483230641886314,66.13672220059676,34.768007727619825,57.797632965722144,55.50968118649119,58.100329271527805,20.74388206021229
PedNYC1,PedNYC1_scenario3,3,7.0,12.47423239745575,65.98318965781132,33.64592857255288,57.766327389015004,54.24878192588897,58.1052684830906,20.605641153924942
PedNYC1,PedNYC1_scenario3,3,8.0,12.466320432963055,65.82883899341755,32.564292420947105,57.73776831350237,52.99165346030576,58.11238213143323,20.43079573939529
PedNYC1,PedNYC1_scenario3,3,9.0,12.451810080556877,65.67180102299778,31.523181787605797,57.717706507372135,51.73794980709507,58.120574198430326,20.21878207158544
PedNYC1,PedNYC1_scenario3,3,10.0,12.424597274884098,65.49826294748587,30.522294368988938,57.708896755302355,50.508680151036245,58.13221916501776,19.990868377621567
PedNYC1,PedNYC1_scenario3,3,11.0,12.394969665601144,65.30782484205916,29.56120292280983,57.71051860452071,49.31427559377006,58.150455115833545,19.757971152884654
PedNYC1,PedNYC1_scenario3,3,12.0,12.37002597847333,65.11878617014924,28.637736441205746,57.72148308889159,48.146728976138476,58.17627587173389,19.514292869673408
PedNYC1,PedNYC1_scenario3,3,13.0,12.343058234386856,64.93639043617704,27.749727491244126,57.740650252443146,46.99159415860659,58.21128405280187,19.24762138599455
PedNYC1,PedNYC1_scenario3,3,14.0,12.322182990503508,64.7588373331248,26.898592749817222,57.76725476372259,45.85352568495661,58.25840996825198,18.96129520920362
PedNYC1,PedNYC1_scenario3,3,15.0,12.292183467692057,64.593657838157,26.09355097154895,57.79986059740439,44.735533625730234,58.31785269240408,18.649177812688635
PedNYC1,PedNYC1_scenario3,3,16.0,12.263938733618163,64.45979585615234,25.355837581713864,57.83617014467774,43.64063270095638,58.384481119402466,18.29301444480047
PedNYC1,PedNYC1_scenario3,3,17.0,12.210776404943442,64.28163895773466,24.708054436950995,57.87276367923902,42.57520430913688,58.45794545924283,17.876730189573273
PedNYC1,PedNYC1_scenario3,3,18.0,12.154887432069346,64.0819200971843,24.16259279931718,57.90609071803833,41.545118001849474,58.539864227890305,17.394075177440747
PedNYC1,PedNYC1_scenario3,3,19.0,12.106085266720005,63.90509608526267,23.72675652150606,57.933569070492005,40.54238968404854,58.63072227444674,16.830078468236046
PedNYC1,PedNYC1_scenario3,3,20.0,12.069051596437145,63.74810415687181,23.39641570501815,57.95466594635467,39.553018080701435,58.72824186328986,16.175111128681525
PedNYC1,PedNYC1_scenario3,3,21.0,12.024116681288712,63.585384472287274,23.162570247890365,57.969749814665285,38.56871144066163,58.827131798580844,15.429980243601953
PedNYC1,PedNYC1_scenario3,3,22.0,11.973193285092307,63.43406332063994,23.01405660113395,57.97932661298963,37.5801708020254,58.92988393136803,14.597097044581647
PedNYC1,PedNYC1_scenario3,3,23.0,11.910748561249594,63.29759446723475,22.939439815575152,57.98414694923158,36.59213032335243,59.038224493057214,13.693320910924028
PedNYC1,PedNYC1_scenario3,3,24.0,11.85122406513717,63.17215680813264,22.933079461629013,57.98456438599087,35.61786658146538,59.14058335339478,12.737354675463981
PedNYC1,PedNYC1_scenario3,3,25.0,11.795141974219018,63.02781791220895,22.932836018766913,57.98459183758571,34.67342824533746,59.217556187436735,11.805155946391066
PedNYC1,PedNYC1_scenario3,3,26.0,11.749076335686075,62.87136484920193,22.932720777175742,57.984608992632275,33.757898261396676,59.241729294216285,10.897927280796956
PedNYC1,PedNYC1_scenario3,3,27.0,11.712357568755703,62.713204129222746,22.932684345278478,57.98461505887684,32.856550995715075,59.24489931926141,10.003571647797639
PedNYC1,PedNYC1_scenario3,3,28.0,11.654462345296523,62.42919675767196,22.932674407958984,57.98461151123047,31.970530517407816,59.24860752160636,9.125816619314007
PedNYC1,PedNYC1_scenario3,3,29.0,11.609056031093475,62.15037605487277,22.93267250061035,57.98461151123047,31.10798263033732,59.25332175807567,8.273168764606849
PedNYC1,PedNYC1_scenario3,3,30.0,11.581503143403806,61.943159108424624,22.93267250061035,57.98461151123047,30.278737746177743,59.26103381766667,7.4561336157891525
PedNYC1,PedNYC1_scenario3,3,31.0,11.56798919769359,61.70408014486053,22.932670919200316,57.98461151123047,29.486252786563853,59.27274814462338,6.678976813743627
PedNYC1,PedNYC1_scenario3,3,32.0,11.564869710357824,61.45804918119635,22.932673644234285,57.98461151123047,28.741665210021754,59.28888244051651,5.953612824862784
PedNYC1,PedNYC1_scenario3,3,33.0,11.566766099536133,61.16756215880534,22.93267250061035,57.98461151123047,28.04912666126056,59.309318571493456,5.285163381915967
PedNYC1,PedNYC1_scenario3,3,34.0,11.566033324391748,60.93343725624231,22.932671602040525,57.98461151123047,27.38194609484643,59.334157595484875,4.649442777996052
PedNYC1,PedNYC1_scenario3,3,35.0,11.567921237264759,60.66498280721076,22.93267250061035,57.98461151123047,26.731277337114577,59.363595623375055,4.041162689803578
PedNYC1,PedNYC1_scenario3,3,36.0,11.568741480209338,60.375763194306955,22.93267250061035,57.98461170813727,26.11528965411549,59.39771122928997,3.4822266156106387
PedNYC1,PedNYC1_scenario3,3,37.0,11.573756875376244,60.115164925367814,22.93267250061035,57.98461151123047,25.53275887288209,59.437257232581636,2.9783600747782444
PedNYC1,PedNYC1_scenario3,3,38.0,11.583040713024204,59.84689255104491,22.932670821352442,57.98461151123047,24.96110094145083,59.48422190308224,2.5225701337073256
PedNYC1,PedNYC1_scenario3,3,39.0,11.58900447031966,59.61165253388742,22.932672915538824,57.98461151123047,24.39734687265384,59.53964334816101,2.136210152236556
PedNYC1,PedNYC1_scenario3,3,40.0,11.585967831268995,59.38724491553393,22.93267250061035,57.98461151123047,23.84141522737571,59.60319064084963,1.8562359069600143
PedNYC1,PedNYC1_scenario3,3,41.0,11.583437132626552,59.0797818990737,22.93267250061035,57.98461151123047,23.290639557947372,59.67519961681028,1.7280707615333546
PedNYC1,PedNYC1_scenario3,3,42.0,11.61436502637563,58.804937317858624,22.93267250061035,57.98461151123047,22.741776105365055,59.7541945874558,1.77984990866667
PedNYC1,PedNYC1_scenario3,3,43.0,11.638311831210544,58.55032551965122,22.93267250061035,57.98461151123047,22.19381114021234,59.83994272580925,1.997040316488273
PedNYC1,PedNYC1_scenario3,3,44.0,11.651214541335984,58.3124754928019,22.93267250061035,57.98461151123047,21.64941377730531,59.9348451607762,2.3345586817981134
PedNYC1,PedNYC1_scenario3,3,45.0,11.643995860237212,58.05716370308728,22.9326721148721,57.98461151123047,21.109480227547387,60.04048155504499,2.747841024342671
PedNYC1,PedNYC1_scenario3,3,46.0,11.610207510562496,57.80631077544332,22.93267250061035,57.98461151123047,20.5857676602356,60.1584537363932,3.198992396001417
PedNYC1,PedNYC1_scenario3,3,47.0,11.570517412565172,57.564328186658166,22.93267250061035,57.98461151123047,20.082465067389357,60.28845100849561,3.6648818318667686
PedNYC1,PedNYC1_scenario3,3,48.0,11.552149990908417,57.31154384505151,22.93267250061035,57.98461151123047,19.59522712810594,60.42914777941405,4.136943217028248
PedNYC1,PedNYC1_scenario3,3,49.0,11.544566879563105,57.074698927388376,22.93267250061035,57.98461151123047,19.11650321929611,60.58092436145984,4.615624378121841
PedNYC1,PedNYC1_scenario3,3,50.0,11.53934599296125,56.85160890677281,22.93267250061035,57.98461151123047,18.65170673227866,60.74583567589544,5.094215032481208
PedNYC1,PedNYC1_scenario3,3,51.0,11.533271942694233,56.63757559413496,22.93267250061035,57.98461151123047,18.201773138821828,60.92643584082702,5.5709729094276925
PedNYC1,PedNYC1_scenario3,3,52.0,11.527669748860147,56.4189104971503,22.93267059326172,57.98461151123047,17.755062695243595,61.12438152656433,6.055227435432069
PedNYC1,PedNYC1_scenario3,3,53.0,11.517750391641066,56.190978463036764,22.932671742803684,57.98461151123047,17.30642987636306,61.33856312069435,6.550083124534729
PedNYC1,PedNYC1_scenario3,3,54.0,11.524196469019667,55.96974885293854,22.93268195442387,57.98461032950378,16.854257097193837,61.564299660532356,7.054177801251663
PedNYC1,PedNYC1_scenario3,3,55.0,11.545039826600865,55.74393501085384,22.932654277754306,57.9846076965332,16.399039972489494,61.80155468028401,7.5668487606615615
PedNYC1,PedNYC1_scenario3,3,56.0,11.572231270278108,55.499016157343085,22.93271047629856,57.98460477378438,15.953773600326201,62.050079381857195,8.076734718169938
PedNYC1,PedNYC1_scenario3,3,57.0,11.584389398729614,55.292561043545156,22.93270874065215,57.984606475763236,15.511497324055963,62.31234957761008,8.590910268731742
PedNYC1,PedNYC1_scenario3,3,58.0,11.593462598474355,55.076377040897285,22.932733578699047,57.98460388183594,15.076480602608045,62.58811302730651,9.105657981539277
PedNYC1,PedNYC1_scenario3,3,59.0,11.599498232749633,54.8232988640591,22.93226959212731,57.984625256800214,14.648769812295567,62.870374136853385,9.617011527569952
PedNYC1,PedNYC1_scenario3,3,60.0,11.602833450667323,54.59767269991483,22.922985917863244,57.985153826413836,14.224858576296457,63.15470050845154,10.118380905455119
PedNYC1,PedNYC1_scenario3,3,61.0,11.602353689333814,54.37348086707336,22.891099129261946,57.98693484527243,13.804559928132043,63.441393412408345,10.59793908806202
PedNYC1,PedNYC1_scenario3,3,62.0,11.590930428153566,54.175425036844686,22.823277046453907,57.990716683305834,13.38433867271278,63.72923707309056,11.046455263443464
PedNYC1,PedNYC1_scenario3,3,63.0,11.568171313478102,53.974607529298545,22.70565008152922,57.99724739037419,12.948068275175139,64.03103210456784,11.472443535922466
PedNYC1,PedNYC1_scenario3,3,64.0,11.531965006778558,53.76079741211218,22.530608099193714,58.00689537170138,12.487165085558566,64.35834692845056,11.883252267198076
PedNYC1,PedNYC1_scenario3,3,65.0,11.492296616623213,53.54930345252297,22.291067062386084,58.0199487308673,12.019842752345827,64.70794653757511,12.256727274835256
PedNYC1,PedNYC1_scenario3,3,66.0,11.45995620821748,53.36308074820965,21.982542614561044,58.03650568822411,11.563089049024521,65.06475977171985,12.568268300229205
PedNYC1,PedNYC1_scenario3,3,67.0,11.43193178833926,53.16348743797868,21.602617978106306,58.05650634532008,11.125353221312198,65.43112854054232,12.812420899510926
PedNYC1,PedNYC1_scenario3,3,68.0,11.405448729347203,52.96931874335726,21.14900344389159,58.079823904306984,10.703503907086743,65.82565879018274,13.00409238096378
PedNYC1,PedNYC1_scenario3,3,69.0,11.378480098409668,52.800314430803404,20.619743986520792,58.10623360182688,10.296320275694239,66.25430176181095,13.151581344195916
PedNYC1,PedNYC1_scenario3,3,70.0,11.346202191335376,52.637752126874176,20.01287012039323,58.13549666772508,9.904378244228761,66.71856148216824,13.26086760432421
PedNYC1,PedNYC1_scenario3,3,71.0,11.307470957191843,52.46560535982022,19.328389747564216,58.16718319053126,9.5315283729045,67.20367015557181,13.328037719921387
PedNYC1,PedNYC1_scenario3,3,72.0,11.276881391760512,52.30481820380039,18.568438913487366,58.20074180522864,9.184760453607627,67.68611650642205,13.342629225922868
PedNYC1,PedNYC1_scenario3,3,73.0,11.256690413359625,52.17618844526741,17.73528138917572,58.235520890156934,8.862627757873526,68.14877984054955,13.304010127724624
PedNYC1,PedNYC1_scenario3,3,74.0,11.241657256462702,52.01944604846333,16.84118239834496,58.27057264555479,8.554397276178138,68.55002973306665,13.20371332902086
PedNYC1,PedNYC1_scenario3,3,75.0,11.226262687035033,51.8678608932206,15.906048082034006,58.30464936142397,8.251458157135039,68.83172210818353,13.01583679729938
PedNYC1,PedNYC1_scenario3,3,76.0,11.207589216148595,51.738679856712736,14.950610183405557,58.33665742056072,7.948061536788176,69.03234934893594,12.784111755415537
PedNYC1,PedNYC1_scenario3,3,77.0,11.163778824348864,51.645594996478046,13.9973056718128,58.36716662239624,7.642949518640109,69.22200623952101,12.577972222694125
PedNYC1,PedNYC1_scenario3,3,78.0,11.109810436114717,51.57801285488478,13.070191410068924,58.40331806380674,7.338154765478725,69.41339109471703,12.412814033928925
PedNYC1,PedNYC1_scenario3,3,79.0,11.076416928020421,51.5166499138184,12.17662937289479,58.45902834550057,7.03810102803054,69.60034136012717,12.269202469633528
PedNYC1,PedNYC1_scenario3,3,80.0,11.05023070960684,51.46447382706797,11.323412257998017,58.55587972659488,6.7555268993645585,69.77965833178384,12.117705344986534
PedNYC1,PedNYC1_scenario3,3,81.0,11.035416855161676,51.42127276850535,10.533833874298141,58.73511923614902,6.490155324376886,69.97621832589967,11.94628163742535
PedNYC1,PedNYC1_scenario3,3,82.0,11.049566438788517,51.38313699596359,9.834783085551825,59.01747788897097,6.2379248171539015,70.20137867108396,11.748064781362501
PedNYC1,PedNYC1_scenario3,3,83.0,11.073425445873742,51.33499583554607,9.225878640613672,59.37602379366668,5.995911679803471,70.45615229930739,11.541314234931708
PedNYC1,PedNYC1_scenario3,3,84.0,11.076622396599946,51.27729907630384,8.72682115713182,59.7995017358112,5.764242515426245,70.74446864020733,11.338834717316269
PedNYC1,PedNYC1_scenario3,3,85.0,11.065987235276305,51.24131327417596,8.349128257467989,60.25719098447706,5.540059061864634,71.06557654384461,11.167455759734743
PedNYC1,PedNYC1_scenario3,3,86.0,11.051112171765155,51.21761274667357,8.066649585445024,60.733505578851066,5.3242609602761295,71.41245216612434,11.025452171466313
PedNYC1,PedNYC1_scenario3,3,87.0,11.039707875138529,51.19577968924377,7.861036933336422,61.21629746068177,5.125956036887212,71.75792129094205,10.890661159398578
PedNYC1,PedNYC1_scenario3,3,88.0,11.032628529277451,51.17380083582335,7.704127872398044,61.70828870114232,4.947475499867244,72.12152244063688,10.771934330301475
PedNYC1,PedNYC1_scenario3,3,89.0,11.025734934260354,51.130458859559205,7.578401201625889,62.22421981069225,4.788776383264921,72.50182982215621,10.649472952919302
PedNYC1,PedNYC1_scenario3,3,90.0,11.034926811319988,51.039059920654296,7.477500596720378,62.77877840047201,4.6561643454703505,72.88631245815132,10.49391170964216
PedNYC1,PedNYC1_scenario3,3,91.0,11.063420013161192,50.98218641184812,7.39743342264124,63.38501226744753,4.541319857860144,73.23877602644941,10.259339399451875
PedNYC1,PedNYC1_scenario3,3,92.0,11.095178424617345,50.9427036628852,7.330368032517278,64.05180868279209,4.4414237484248185,73.57152561571272,9.948417439951255
PedNYC1,PedNYC1_scenario3,3,93.0,11.107587165370429,50.91093945898586,7.267883826354605,64.78366521645343,4.354287940176664,73.91672271575916,9.586541622168953
PedNYC1,PedNYC1_scenario3,3,94.0,11.09417464699742,50.87335914570801,7.224312249532571,65.58402344875005,4.276295767848621,74.27286128259102,9.175331278982062
PedNYC1,PedNYC1_scenario3,3,95.0,11.057231930529932,50.820435026371364,7.199146376587392,66.44756345248975,4.2067162679935315,74.6337692054081,8.71599693574594
PedNYC1,PedNYC1_scenario3,3,96.0,11.010951298886642,50.759534668720455,7.1739813589356825,67.36401990629957,4.142761687059511,74.99152372970288,8.207746784300857
PedNYC1,PedNYC1_scenario3,3,97.0,10.96764938665101,50.69965206075623,7.13946458907303,68.32265907123633,4.077912205023531,75.3257292196561,7.643042228325526
PedNYC1,PedNYC1_scenario3,3,98.0,10.930088747551046,50.6421332554797,7.096981391996241,69.31010514602688,4.012301900808885,75.60573260915322,7.0107184166690395
PedNYC1,PedNYC1_scenario3,3,99.0,10.906506782774711,50.59889870224485,7.039087972653141,70.33859279287545,3.94953882230642,75.82344632112682,6.295151481797697
PedNYC1,PedNYC1_scenario3,3,100.0,10.887429237365724,50.56980514526367,6.9663591384887695,71.40868377685547,3.7100090086460114,76.38669713338216,5.948481583218112
PedNYC21,PedNYC21_scenario3,3,0.0,12.61489486694336,67.21736907958984,77.45976257324219,58.26668548583984,62.701661330003006,58.073510096623345,14.759365468633698
PedNYC21,PedNYC21_scenario3,3,1.0,12.651058063963267,67.33304815136108,76.29286514384383,58.310990886212174,61.586140699051676,58.07912354878876,14.708552150269952
PedNYC21,PedNYC21_scenario3,3,2.0,12.676324767525927,67.38632027020317,75.06682341439384,58.35458936185984,60.42569343326351,58.08433211689549,14.643624076805887
PedNYC21,PedNYC21_scenario3,3,3.0,12.676255620941346,67.3841960953122,73.77902397387011,58.39933205013929,59.22510678105261,58.08956810436784,14.557213310159632
PedNYC21,PedNYC21_scenario3,3,4.0,12.674773797502782,67.33927752586278,72.43560893866618,58.44198152924607,58.003688249000035,58.09333328007304,14.436131420656473
PedNYC21,PedNYC21_scenario3,3,5.0,12.678481502226626,67.29537977559637,71.06028635003642,58.48121730052524,56.76471597116505,58.097147221127884,14.300728732590963
PedNYC21,PedNYC21_scenario3,3,6.0,12.692938244809955,67.26978921675529,69.67650072330417,58.51220955816256,55.50968118649119,58.100329271527805,14.17280569115178
PedNYC21,PedNYC21_scenario3,3,7.0,12.698348570928795,67.21607065333299,68.28991966420256,58.54377641910404,54.24878192588897,58.1052684830906,14.04798342098398
PedNYC21,PedNYC21_scenario3,3,8.0,12.670843482942683,67.13721880173105,66.89963485880054,58.580538873507095,52.99165346030576,58.11238213143323,13.915858482897344
PedNYC21,PedNYC21_scenario3,3,9.0,12.608995433356029,67.08696156200509,65.5056193003061,58.62224700855914,51.73794980709507,58.120574198430326,13.776806556046145
PedNYC21,PedNYC21_scenario3,3,10.0,12.545930512381593,67.05615109770503,64.10377048370741,58.66237643230117,50.508680151036245,58.13221916501776,13.605423473069198
PedNYC21,PedNYC21_scenario3,3,11.0,12.531121932376307,67.03735909572082,62.69155155069311,58.692119721949666,49.31427559377006,58.150455115833545,13.388237844212002
PedNYC21,PedNYC21_scenario3,3,12.0,12.581219483737666,67.00487913303681,61.28565851755956,58.71542289556986,48.146728976138476,58.17627587173389,13.149986654279877
PedNYC21,PedNYC21_scenario3,3,13.0,12.636642206365455,66.96599914054275,59.91590983130514,58.7385160408759,46.99159415860659,58.21128405280187,12.93506510137502
PedNYC21,PedNYC21_scenario3,3,14.0,12.652858404650903,66.93606176317519,58.61774368293486,58.76496137824533,45.85352568495661,58.25840996825198,12.774265357776082
PedNYC21,PedNYC21_scenario3,3,15.0,12.628058509978798,66.93665677294759,57.38967299644113,58.79315031338917,44.735533625730234,58.31785269240408,12.663062466950464
PedNYC21,PedNYC21_scenario3,3,16.0,12.602389725709516,66.95083707637848,56.214150250683325,58.8166940573407,43.64063270095638,58.384481119402466,12.580943986721053
PedNYC21,PedNYC21_scenario3,3,17.0,12.605507360591783,66.94469179358957,55.0678252920382,58.829073093814316,42.57520430913688,58.45794545924283,12.498132450233076
PedNYC21,PedNYC21_scenario3,3,18.0,12.636000901908716,66.93299146422811,53.93847577785103,58.83458069879088,41.545118001849474,58.539864227890305,12.396861488384808
PedNYC21,PedNYC21_scenario3,3,19.0,12.638176841075433,66.93157808993344,52.812129401265175,58.84506777306677,40.54238968404854,58.63072227444674,12.271611822455194
PedNYC21,PedNYC21_scenario3,3,20.0,12.643591693755003,66.9161102203182,51.67110299164049,58.868534866278914,39.553018080701435,58.72824186328986,12.118896980972174
PedNYC21,PedNYC21_scenario3,3,21.0,12.66632151992025,66.85634601244857,50.50967535020391,58.887826420981426,38.56871144066163,58.827131798580844,11.941118160632183
PedNYC21,PedNYC21_scenario3,3,22.0,12.683163023353451,66.75226564506613,49.31944297871041,58.90770266716905,37.5801708020254,58.92988393136803,11.739293132330086
PedNYC21,PedNYC21_scenario3,3,23.0,12.558803888279622,66.595217495617,48.124638495162436,58.93907921579454,36.59213032335243,59.038224493057214,11.532934341218981
PedNYC21,PedNYC21_scenario3,3,24.0,12.412303983314267,66.46976360786323,46.8978447716298,58.96171423606949,35.61786658146538,59.14058335339478,11.281396284667856
PedNYC21,PedNYC21_scenario3,3,25.0,12.338021006627596,66.30680245087527,45.63415658956504,58.974545626269915,34.67342824533746,59.217556187436735,10.963421909640822
PedNYC21,PedNYC21_scenario3,3,26.0,12.31738660293737,66.08821296445184,44.338328740349375,58.98343569741026,33.757898261396676,59.241729294216285,10.583582791385073
PedNYC21,PedNYC21_scenario3,3,27.0,12.241149911715334,65.86535975872997,43.02237828287046,58.98776750131918,32.856550995715075,59.24489931926141,10.16907868019868
PedNYC21,PedNYC21_scenario3,3,28.0,12.101045579554832,65.67080407664844,41.6964594105531,58.99175484582269,31.970530517407816,59.24860752160636,9.729319921329319
PedNYC21,PedNYC21_scenario3,3,29.0,12.009460801469793,65.47801583527415,40.4018818186675,59.00061500685989,31.10798263033732,59.25332175807567,9.29733417840589
PedNYC21,PedNYC21_scenario3,3,30.0,11.943592786172161,65.16017503318994,39.191439941238485,59.02282564816169,30.278737746177743,59.26103381766667,8.915884899989427
PedNYC21,PedNYC21_scenario3,3,31.0,11.861511923960252,64.81748834884839,38.06622617021081,59.054193280009784,29.486252786563853,59.27274814462338,8.582756520660277
PedNYC21,PedNYC21_scenario3,3,32.0,11.760435655471811,64.50735982308134,37.02298943115916,59.08223358888119,28.741665210021754,59.28888244051651,8.2839021362809
PedNYC21,PedNYC21_scenario3,3,33.0,11.707001196478043,64.21071192098209,36.096883345577716,59.09775942336146,28.04912666126056,59.309318571493456,8.05053693384049
PedNYC21,PedNYC21_scenario3,3,34.0,11.749930109056667,63.86452942930716,35.270816793384206,59.10573450468436,27.38194609484643,59.334157595484875,7.892177013135144
PedNYC21,PedNYC21_scenario3,3,35.0,11.743370469381517,63.52400834471076,34.560740313311115,59.110157568518474,26.731277337114577,59.363595623375055,7.8335637702952186
PedNYC21,PedNYC21_scenario3,3,36.0,11.699267802255928,63.19754887316534,33.90577937358144,59.1156528678047,26.11528965411549,59.39771122928997,7.795594075398513
PedNYC21,PedNYC21_scenario3,3,37.0,11.723812716022312,62.88756684509058,33.29718045949867,59.1227382483057,25.53275887288209,59.437257232581636,7.770789198413985
PedNYC21,PedNYC21_scenario3,3,38.0,11.754876640378212,62.56819171321635,32.731608984421705,59.13180307466157,24.96110094145083,59.48422190308224,7.778495630679524
PedNYC21,PedNYC21_scenario3,3,39.0,11.730267986574813,62.22484667701452,32.20191436291384,59.14175648250852,24.39734687265384,59.53964334816101,7.814703300054457
PedNYC21,PedNYC21_scenario3,3,40.0,11.692113446104775,61.85023489656499,31.706518565496292,59.15200878145516,23.84141522737571,59.60319064084963,7.878033738793087
PedNYC21,PedNYC21_scenario3,3,41.0,11.71627954406689,61.495874441045785,31.24567419441881,59.161924472654235,23.290639557947372,59.67519961681028,7.971576220614634
PedNYC21,PedNYC21_scenario3,3,42.0,11.733348582831907,61.13741935317151,30.81732798828822,59.171240650603536,22.741776105365055,59.7541945874558,8.096565537700256
PedNYC21,PedNYC21_scenario3,3,43.0,11.661330588546823,60.70779282764553,30.419332228239067,59.18027246889924,22.19381114021234,59.83994272580925,8.251930805419065
PedNYC21,PedNYC21_scenario3,3,44.0,11.612977500938873,60.355129060601854,30.049690388953028,59.18831628951644,21.64941377730531,59.9348451607762,8.433383218366165
PedNYC21,PedNYC21_scenario3,3,45.0,11.611866340859248,60.01243956399464,29.706055461852113,59.19586382881256,21.109480227547387,60.04048155504499,8.637967634954846
PedNYC21,PedNYC21_scenario3,3,46.0,11.610711670840189,59.67211374643034,29.386691315621604,59.20293925691864,20.5857676602356,60.1584537363932,8.852641702250153
PedNYC21,PedNYC21_scenario3,3,47.0,11.594512534624682,59.34960455646388,29.087551878354574,59.210020547558706,20.082465067389357,60.28845100849561,9.069432216632764
PedNYC21,PedNYC21_scenario3,3,48.0,11.60890336058155,58.96573365670095,28.783009721639562,59.21759386492995,19.59522712810594,60.42914777941405,9.26731956251327
PedNYC21,PedNYC21_scenario3,3,49.0,11.587212977954637,58.5611458569865,28.43855079734669,59.2262249183207,19.11650321929611,60.58092436145984,9.419967177685928
PedNYC21,PedNYC21_scenario3,3,50.0,11.484656499122874,58.18796771089205,28.01911281282477,59.234045035396065,18.65170673227866,60.74583567589544,9.488614631154208
PedNYC21,PedNYC21_scenario3,3,51.0,11.400122363562554,57.80192161038128,27.500316962389874,59.238448001969026,18.201773138821828,60.92643584082702,9.450514281400137
PedNYC21,PedNYC21_scenario3,3,52.0,11.363083835602172,57.43159421968202,26.864614353146834,59.24000230879626,17.755062695243595,61.12438152656433,9.30240917420664
PedNYC21,PedNYC21_scenario3,3,53.0,11.305019402306357,57.08211229427925,26.08138218809294,59.24371596764121,17.30642987636306,61.33856312069435,9.021539373509846
PedNYC21,PedNYC21_scenario3,3,54.0,11.292128588626287,56.711745651766314,25.14276996320881,59.257133069229816,16.854257097193837,61.564299660532356,8.603630815540514
PedNYC21,PedNYC21_scenario3,3,55.0,11.338663442462435,56.356221627901256,24.048520575381094,59.29384663530587,16.399039972489494,61.80155468028401,8.050040567156351
PedNYC21,PedNYC21_scenario3,3,56.0,11.320158963674016,56.03025097266103,22.796234108708674,59.35138914340629,15.953773600326201,62.050079381857195,7.355419417809154
PedNYC21,PedNYC21_scenario3,3,57.0,11.23098195773896,55.677523850314685,21.440619882601155,59.38660961830717,15.511497324055963,62.31234957761008,6.611690300045161
PedNYC21,PedNYC21_scenario3,3,58.0,11.20020154167366,55.31268510556237,20.086854829497625,59.37993584508879,15.076480602608045,62.58811302730651,5.949474827745876
PedNYC21,PedNYC21_scenario3,3,59.0,11.235496708736163,54.92338711292314,18.81800871725978,59.34614442888092,14.648769812295567,62.870374136853385,5.459189324544705
PedNYC21,PedNYC21_scenario3,3,60.0,11.238925045282912,54.57585299805484,17.63885270616321,59.3118417644464,14.224858576296457,63.15470050845154,5.140322873627825
PedNYC21,PedNYC21_scenario3,3,61.0,11.2207810371804,54.22870282747235,16.568849446491807,59.28297714768416,13.804559928132043,63.441393412408345,4.993367838647211
PedNYC21,PedNYC21_scenario3,3,62.0,11.259282698482346,53.83237907783023,15.785796980388637,59.256933678883506,13.38433867271278,63.72923707309056,5.076268280276499
PedNYC21,PedNYC21_scenario3,3,63.0,11.274342519980074,53.487985445842796,15.172490261362986,59.23274430412004,12.948068275175139,64.03103210456784,5.288820188715258
PedNYC21,PedNYC21_scenario3,3,64.0,11.210045431564168,53.18057418082013,14.602441329934118,59.20794404269155,12.487165085558566,64.35834692845056,5.5678580689215
PedNYC21,PedNYC21_scenario3,3,65.0,11.113948545157138,52.77871791099101,14.066886596282432,59.17868774775813,12.019842752345827,64.70794653757511,5.896023343217618
PedNYC21,PedNYC21_scenario3,3,66.0,11.045609609142076,52.370467998612085,13.563379479605906,59.14744041303434,11.563089049024521,65.06475977171985,6.246265300109319
PedNYC21,PedNYC21_scenario3,3,67.0,10.942613831993672,52.02784624359692,13.092631218264788,59.1187214483826,11.125353221312198,65.43112854054232,6.611857985047931
PedNYC21,PedNYC21_scenario3,3,68.0,10.825448568121823,51.66801149532674,12.643203866604424,59.095875974730106,10.703503907086743,65.82565879018274,7.003742761989086
PedNYC21,PedNYC21_scenario3,3,69.0,10.784402257528283,51.29856728183691,12.208733237767094,59.08770674643121,10.296320275694239,66.25430176181095,7.417372004421109
PedNYC21,PedNYC21_scenario3,3,70.0,10.726151887606811,50.98297161614984,11.765248052830996,59.09862026056617,9.904378244228761,66.71856148216824,7.843872810368469
PedNYC21,PedNYC21_scenario3,3,71.0,10.605956390375482,50.68925739101561,11.262703559078272,59.12662392479711,9.5315283729045,67.20367015557181,8.26048687059641
PedNYC21,PedNYC21_scenario3,3,72.0,10.446872818477994,50.37303562873371,10.665102140307475,59.17860752501181,9.184760453607627,67.68611650642205,8.635341370099809
PedNYC21,PedNYC21_scenario3,3,73.0,10.333796864569681,50.09976584837849,9.924850599366412,59.271122752156764,8.862627757873526,68.14877984054955,8.94097940631114
PedNYC21,PedNYC21_scenario3,3,74.0,10.211033555669761,49.883141836687976,9.048619737887575,59.43065133330414,8.554397276178138,68.55002973306665,9.132760712934132
PedNYC21,PedNYC21_scenario3,3,75.0,10.044603703191639,49.69440842417008,8.051417460528436,59.71944891259553,8.251458157135039,68.83172210818353,9.114468666429783
PedNYC21,PedNYC21_scenario3,3,76.0,9.860425979341594,49.53849279815419,7.020267682341844,60.19285524669274,7.948061536788176,69.03234934893594,8.888051384861628
PedNYC21,PedNYC21_scenario3,3,77.0,9.723608514055291,49.354866255531505,6.131302228827462,60.852854999662945,7.642949518640109,69.22200623952101,8.504573475749133
PedNYC21,PedNYC21_scenario3,3,78.0,9.615947333628325,49.13291027492907,5.464159272404875,61.61068655166201,7.338154765478725,69.41339109471703,8.024590786717567
PedNYC21,PedNYC21_scenario3,3,79.0,9.459309035937865,48.99540016511732,4.960193938629689,62.3899751175192,7.03810102803054,69.60034136012717,7.503804316793113
PedNYC21,PedNYC21_scenario3,3,80.0,9.247246304085577,48.895733717450284,4.591079697454064,63.16168626341383,6.7555268993645585,69.77965833178384,6.962929411360119
PedNYC21,PedNYC21_scenario3,3,81.0,9.102990828558895,48.76834985929985,4.3437963124192285,63.908173588439325,6.490155324376886,69.97621832589967,6.436460513669915
PedNYC21,PedNYC21_scenario3,3,82.0,9.04487273531259,48.59683600189663,4.178361313924919,64.61761598748116,6.2379248171539015,70.20137867108396,5.951487841760914
PedNYC21,PedNYC21_scenario3,3,83.0,9.021007747717306,48.49219047375608,4.0462145344832035,65.30336035569191,5.995911679803471,70.45615229930739,5.509317904483152
PedNYC21,PedNYC21_scenario3,3,84.0,8.992180292939073,48.451468175066005,3.9341814530382897,65.99419657560892,5.764242515426245,70.74446864020733,5.090599982298013
PedNYC21,PedNYC21_scenario3,3,85.0,8.940404527943699,48.45307332297286,3.849214822973363,66.73819964816313,5.540059061864634,71.06557654384461,4.645981601068788
PedNYC21,PedNYC21_scenario3,3,86.0,8.896748700018094,48.49143164091849,3.8026499079255367,67.59045191058782,5.3242609602761295,71.41245216612434,4.1137557229321144
PedNYC21,PedNYC21_scenario3,3,87.0,8.921716501278315,48.49795413222865,3.8155972281940453,68.58002087849935,5.125956036887212,71.75792129094205,3.4374541799016365
PedNYC21,PedNYC21_scenario3,3,88.0,8.938858231238061,48.49934995330658,3.9011920712193167,69.71357522547568,4.947475499867244,72.12152244063688,2.6254368787053033
PedNYC21,PedNYC21_scenario3,3,89.0,8.94501363884458,48.489030417919025,3.9974961842746586,70.97370395096621,4.788776383264921,72.50182982215621,1.7208407920299493
PedNYC21,PedNYC21_scenario3,3,90.0,8.968072307604396,48.4416351440801,4.026876405148462,72.3060047027765,4.6561643454703505,72.88631245815132,0.8560142538431966
PedNYC21,PedNYC21_scenario3,3,91.0,9.033527604753042,48.421529241750676,4.002783511566398,73.68249830844871,4.541319857860144,73.23877602644941,0.6977899826037084
PedNYC21,PedNYC21_scenario3,3,92.0,9.063991372425619,48.42606613244706,4.017241101869396,75.11996234851037,4.4414237484248185,73.57152561571272,1.605486603219048
PedNYC21,PedNYC21_scenario3,3,93.0,9.057371812321575,48.427636952376,4.1198746275374125,76.6212277532572,4.354287940176664,73.91672271575916,2.714644930556254
PedNYC21,PedNYC21_scenario3,3,94.0,9.022190143879138,48.430962748681935,4.293474538856363,78.16002960414636,4.276295767848621,74.27286128259102,3.887206280901062
PedNYC21,PedNYC21_scenario3,3,95.0,8.995207712221296,48.445683440863306,4.512796574874983,79.62793829688466,4.2067162679935315,74.6337692054081,5.003539753866306
PedNYC21,PedNYC21_scenario3,3,96.0,9.050575273480352,48.47168034210599,4.753134551662315,80.98054989318322,4.142761687059511,74.99152372970288,6.020048955008219
PedNYC21,PedNYC21_scenario3,3,97.0,9.197389730670915,48.48930532534575,4.8925945887942985,81.97081953407624,4.077912205023531,75.3257292196561,6.694843737775127
PedNYC21,PedNYC21_scenario3,3,98.0,9.331005258168185,48.575041562235995,4.922481630346928,82.38639848721351,4.012301900808885,75.60573260915322,6.8414806065612055
PedNYC21,PedNYC21_scenario3,3,99.0,9.44796422870038,48.70149153498976,4.923023625007589,82.39993276369461,3.94953882230642,75.82344632112682,6.648146101761604
PedNYC21,PedNYC21_scenario3,3,100.0,9.519817352294922,48.740177154541016,4.923027515411377,82.40029907226562,3.7100090086460114,76.38669713338216,6.1347226650516395
PedNYC22,PedNYC22_scenario3,3,0.0,12.63933277130127,66.63386535644531,50.22715377807617,57.9582405090332,62.701661330003006,58.073510096623345,12.475040109791344
PedNYC22,PedNYC22_scenario3,3,1.0,12.574022577131025,66.53683638280204,48.96012496174667,57.9539341008043,61.586140699051676,58.07912354878876,12.62663636114386
PedNYC22,PedNYC22_scenario3,3,2.0,12.468941229085328,66.40496523985132,47.686471889530935,57.94893120557626,60.42569343326351,58.08433211689549,12.739941088838922
PedNYC22,PedNYC22_scenario3,3,3.0,12.418772485439858,66.23958547242383,46.405354996078415,57.94317078819286,59.22510678105261,58.08956810436784,12.82058766213672
PedNYC22,PedNYC22_scenario3,3,4.0,12.43959884960167,66.04392794386207,45.116895135461206,57.93665025019721,58.003688249000035,58.09333328007304,12.887745587301252
PedNYC22,PedNYC22_scenario3,3,5.0,12.453332392434067,65.86140459221853,43.820580279097264,57.92935449877632,56.76471597116505,58.097147221127884,12.945223181248648
PedNYC22,PedNYC22_scenario3,3,6.0,12.414214471485055,65.66146893476336,42.515612741005974,57.9213415842695,55.50968118649119,58.100329271527805,12.995301126104955
PedNYC22,PedNYC22_scenario3,3,7.0,12.369096175487373,65.47196714416596,41.20267743289111,57.91336717795558,54.24878192588897,58.1052684830906,13.047515800072118
PedNYC22,PedNYC22_scenario3,3,8.0,12.342350001339257,65.32642756704148,39.885571235049284,57.90559450845261,52.99165346030576,58.11238213143323,13.107713470174795
PedNYC22,PedNYC22_scenario3,3,9.0,12.320272601689714,65.1503259081894,38.572775609234895,57.89809033365077,51.73794980709507,58.120574198430326,13.167053988272796
PedNYC22,PedNYC22_scenario3,3,10.0,12.306246585919961,64.97353466156743,37.29693424765424,57.89102982556419,50.508680151036245,58.13221916501776,13.213947257083978
PedNYC22,PedNYC22_scenario3,3,11.0,12.27831147547459,64.77963452861925,36.081401510800596,57.88453765296223,49.31427559377006,58.150455115833545,13.235545647716416
PedNYC22,PedNYC22_scenario3,3,12.0,12.19774401235457,64.58483709139603,34.92782132731254,57.878438502994555,48.146728976138476,58.17627587173389,13.222262534317126
PedNYC22,PedNYC22_scenario3,3,13.0,12.128582812297454,64.37678389100543,33.833699285353525,57.872502876138725,46.99159415860659,58.21128405280187,13.162255512686286
PedNYC22,PedNYC22_scenario3,3,14.0,12.100613694173976,64.13456083502876,32.796547193124646,57.86676036881224,45.85352568495661,58.25840996825198,13.062851019012035
PedNYC22,PedNYC22_scenario3,3,15.0,12.10099354590718,63.90138250804444,31.813100285224944,57.861212221668055,44.735533625730234,58.31785269240408,12.930498983384853
PedNYC22,PedNYC22_scenario3,3,16.0,12.109101865389022,63.67552764892578,30.880471798360762,57.85586091517299,43.64063270095638,58.384481119402466,12.771105887136379
PedNYC22,PedNYC22_scenario3,3,17.0,12.108423823115453,63.46055333450931,29.996104029422092,57.85070553178409,42.57520430913688,58.45794545924283,12.593748614952608
PedNYC22,PedNYC22_scenario3,3,18.0,12.131959564095771,63.23606323503154,29.157582827145266,57.845734273192875,41.545118001849474,58.539864227890305,12.406967562565088
PedNYC22,PedNYC22_scenario3,3,19.0,12.155860553130205,63.01232404865113,28.362167908502308,57.84094902086181,40.54238968404854,58.63072227444674,12.20579961713155
PedNYC22,PedNYC22_scenario3,3,20.0,12.121606204714642,62.79595549366786,27.607796647341484,57.83634566895245,39.553018080701435,58.72824186328986,11.978472102629595
PedNYC22,PedNYC22_scenario3,3,21.0,12.052205418409647,62.579925379060036,26.89240251709038,57.83193276454494,38.56871144066163,58.827131798580844,11.718643743881609
PedNYC22,PedNYC22_scenario3,3,22.0,11.980377806018137,62.36746561092265,26.214243313773924,57.82769093578091,37.5801708020254,58.92988393136803,11.41924415483406
PedNYC22,PedNYC22_scenario3,3,23.0,11.892369681390365,62.167600297588855,25.61706719684866,57.823924381116846,36.59213032335243,59.038224493057214,11.042034929875973
PedNYC22,PedNYC22_scenario3,3,24.0,11.868243264279352,61.991451112075225,25.195481713157825,57.82123470134979,35.61786658146538,59.14058335339478,10.50555982367333
PedNYC22,PedNYC22_scenario3,3,25.0,11.833440374880329,61.806649980410725,25.06558027849511,57.82040787302832,34.67342824533746,59.217556187436735,9.708901377932058
PedNYC22,PedNYC22_scenario3,3,26.0,11.810821553175046,61.61801553460756,25.064949362028905,57.820403752516306,33.757898261396676,59.241729294216285,8.808378219769407
PedNYC22,PedNYC22_scenario3,3,27.0,11.8342923335592,61.438993614037955,25.064615980429473,57.82039642333984,32.856550995715075,59.24489931926141,7.921076933278882
PedNYC22,PedNYC22_scenario3,3,28.0,11.862840835622576,61.22311554515739,25.0645470410397,57.82039642333984,31.970530517407816,59.24860752160636,7.052119873986909
PedNYC22,PedNYC22_scenario3,3,29.0,11.800371126130793,61.000082350883766,25.06453766480938,57.82039900509804,31.10798263033732,59.25332175807567,6.210997880161129
PedNYC22,PedNYC22_scenario3,3,30.0,11.705208343971595,60.78258274785972,25.06453895568848,57.82039642333984,30.278737746177743,59.26103381766667,5.409556832927491
PedNYC22,PedNYC22_scenario3,3,31.0,11.671217741139538,60.577175130556284,25.064538035158844,57.82039458228057,29.486252786563853,59.27274814462338,4.6541263640819315
PedNYC22,PedNYC22_scenario3,3,32.0,11.680954237811191,60.37125753994999,25.06453979047743,57.82039642333984,28.741665210021754,59.28888244051651,3.959507865089099
PedNYC22,PedNYC22_scenario3,3,33.0,11.696526842175103,60.21095884629224,25.06453895568848,57.82039642333984,28.04912666126056,59.309318571493456,3.335363988459789
PedNYC22,PedNYC22_scenario3,3,34.0,11.707110876729573,60.04379732428742,25.064539486417328,57.82039642333984,27.38194609484643,59.334157595484875,2.7680040236756875
PedNYC22,PedNYC22_scenario3,3,35.0,11.701247891900502,59.8665604019229,25.06453895568848,57.82039642333984,26.731277337114577,59.363595623375055,2.2714490095769753
PedNYC22,PedNYC22_scenario3,3,36.0,11.741325943631505,59.70893140998805,25.06454063636836,57.82039642333984,26.11528965411549,59.39771122928997,1.8952560500803202
PedNYC22,PedNYC22_scenario3,3,37.0,11.79662221208002,59.5262554344743,25.06453903032718,57.82039642333984,25.53275887288209,59.437257232581636,1.6832910317066965
PedNYC22,PedNYC22_scenario3,3,38.0,11.751626272296209,59.29240267504337,25.06453895568848,57.82039642333984,24.96110094145083,59.48422190308224,1.6670376869853538
PedNYC22,PedNYC22_scenario3,3,39.0,11.659174090600212,59.03678266895335,25.064539196257556,57.82039690447799,24.39734687265384,59.53964334816101,1.8441675441218546
PedNYC22,PedNYC22_scenario3,3,40.0,11.625771141438275,58.78661773405171,25.064538571994493,57.82039642333984,23.84141522737571,59.60319064084963,2.1620328254070995
PedNYC22,PedNYC22_scenario3,3,41.0,11.619794548852864,58.531835416160185,25.06453895568848,57.82039642333984,23.290639557947372,59.67519961681028,2.566517866646252
PedNYC22,PedNYC22_scenario3,3,42.0,11.589120116264157,58.25143204147851,25.06454086303711,57.82039642333984,22.741776105365055,59.7541945874558,3.022385061341719
PedNYC22,PedNYC22_scenario3,3,43.0,11.52567766394607,57.92936163630409,25.064539798153948,57.820394293573514,22.19381114021234,59.83994272580925,3.5099371643482526
PedNYC22,PedNYC22_scenario3,3,44.0,11.50740293162895,57.63805316828557,25.06453895568848,57.82039642333984,21.64941377730531,59.9348451607762,4.016711770499959
PedNYC22,PedNYC22_scenario3,3,45.0,11.508261713185986,57.34794247840526,25.06453895568848,57.82039642333984,21.109480227547387,60.04048155504499,4.535555923485382
PedNYC22,PedNYC22_scenario3,3,46.0,11.467303603064847,57.06571882977092,25.06453895568848,57.82039642333984,20.5857676602356,60.1584537363932,5.052316727610708
PedNYC22,PedNYC22_scenario3,3,47.0,11.418105551179506,56.76681587649063,25.06453794941816,57.820393509720894,20.082465067389357,60.28845100849561,5.559888309948762
PedNYC22,PedNYC22_scenario3,3,48.0,11.415722102619993,56.491868038720256,25.064553202656224,57.82039642333984,19.59522712810594,60.42914777941405,6.059629637822321
PedNYC22,PedNYC22_scenario3,3,49.0,11.425704920367284,56.21652155323253,25.064497436576616,57.82039642333984,19.11650321929611,60.58092436145984,6.55737368966749
PedNYC22,PedNYC22_scenario3,3,50.0,11.389486115223445,55.892500719713894,25.064460486484872,57.82039642333984,18.65170673227866,60.74583567589544,7.048517967096271
PedNYC22,PedNYC22_scenario3,3,51.0,11.35685651063919,55.62564252392775,25.06462876984862,57.82039642333984,18.201773138821828,60.92643584082702,7.533011899320236
PedNYC22,PedNYC22_scenario3,3,52.0,11.364805179141632,55.32937264289209,25.064609492631714,57.82039642333984,17.755062695243595,61.12438152656433,8.02158288279416
PedNYC22,PedNYC22_scenario3,3,53.0,11.379530040540034,55.03377288614777,25.063440028243427,57.8203830558888,17.30642987636306,61.33856312069435,8.517558186755773
PedNYC22,PedNYC22_scenario3,3,54.0,11.347117922937686,54.72215062397907,25.043970382698106,57.82023594401492,16.854257097193837,61.564299660532356,9.004966230481239
PedNYC22,PedNYC22_scenario3,3,55.0,11.310759638155787,54.41748881685422,24.976984861603615,57.81976175999475,16.399039972489494,61.80155468028401,9.45705098753014
PedNYC22,PedNYC22_scenario3,3,56.0,11.309670720549509,54.081307048887155,24.842322387417532,57.818929599616865,15.953773600326201,62.050079381857195,9.84423323678666
PedNYC22,PedNYC22_scenario3,3,57.0,11.28584337642872,53.808065937648415,24.627800468097323,57.817853304210665,15.511497324055963,62.31234957761008,10.16402871727838
PedNYC22,PedNYC22_scenario3,3,58.0,11.207362150138989,53.495068646402004,24.325972429116334,57.817169652425136,15.076480602608045,62.58811302730651,10.407449242488196
PedNYC22,PedNYC22_scenario3,3,59.0,11.144982148329737,53.22754277260833,23.93382485893182,57.818282778379825,14.648769812295567,62.870374136853385,10.570519112769656
PedNYC22,PedNYC22_scenario3,3,60.0,11.118187787956098,52.88103729226848,23.45020631172653,57.82119656411398,14.224858576296457,63.15470050845154,10.656139317964506
PedNYC22,PedNYC22_scenario3,3,61.0,11.128128738240218,52.520946215361576,22.87501626999725,57.82609059931846,13.804559928132043,63.441393412408345,10.667933442442257
PedNYC22,PedNYC22_scenario3,3,62.0,11.05590724963206,52.27413874330746,22.210122536882835,57.83148599521564,13.38433867271278,63.72923707309056,10.614986038314857
PedNYC22,PedNYC22_scenario3,3,63.0,10.990646875847192,51.93718161648757,21.46693773815967,57.838116638085644,12.948068275175139,64.03103210456784,10.532014949778832
PedNYC22,PedNYC22_scenario3,3,64.0,10.949014737383385,51.64582829493472,20.664457404350397,57.84572642166111,12.487165085558566,64.35834692845056,10.453819184031563
PedNYC22,PedNYC22_scenario3,3,65.0,10.862439571680682,51.38029752675723,19.825131588283252,57.85365906966004,12.019842752345827,64.70794653757511,10.38767493259329
PedNYC22,PedNYC22_scenario3,3,66.0,10.770467023245745,51.12783986865513,18.977701225986156,57.86214793571321,11.563089049024521,65.06475977171985,10.337025248829118
PedNYC22,PedNYC22_scenario3,3,67.0,10.713545392093385,50.85286543170182,18.149631327704217,57.87093121000471,11.125353221312198,65.43112854054232,10.319741595243855
PedNYC22,PedNYC22_scenario3,3,68.0,10.654245979059453,50.59580671474027,17.35816348076255,57.879971669645336,10.703503907086743,65.82565879018274,10.364286654612998
PedNYC22,PedNYC22_scenario3,3,69.0,10.566794844612327,50.37973251150069,16.60655306531545,57.89108113233211,10.296320275694239,66.25430176181095,10.476759859639387
PedNYC22,PedNYC22_scenario3,3,70.0,10.463059189463008,50.1522904651054,15.893789933792242,57.90736494527816,9.904378244228761,66.71856148216824,10.654118302270883
PedNYC22,PedNYC22_scenario3,3,71.0,10.377875331967156,49.86391083149902,15.218542379491518,57.93735428558275,9.5315283729045,67.20367015557181,10.872292219836998
PedNYC22,PedNYC22_scenario3,3,72.0,10.302085518473005,49.60330450070851,14.579711287962803,57.98013964547133,9.184760453607627,67.68611650642205,11.104570290219268
PedNYC22,PedNYC22_scenario3,3,73.0,10.20239522946866,49.41965300478151,13.973805679826889,58.031537589876095,8.862627757873526,68.14877984054955,11.3350222985522
PedNYC22,PedNYC22_scenario3,3,74.0,10.048850376521887,49.20492817176518,13.400988499026333,58.08927167987309,8.554397276178138,68.55002973306665,11.52895942957746
PedNYC22,PedNYC22_scenario3,3,75.0,9.941607405824817,49.03033238733318,12.858030565753335,58.15173061848646,8.251458157135039,68.83172210818353,11.631110332889337
PedNYC22,PedNYC22_scenario3,3,76.0,9.790376942791651,48.82159411446532,12.343980219781509,58.21805135254889,7.948061536788176,69.03234934893594,11.673608791721211
PedNYC22,PedNYC22_scenario3,3,77.0,9.739434521660169,48.76578534939057,11.857736795187055,58.290318674198275,7.642949518640109,69.22200623952101,11.716066951514646
PedNYC22,PedNYC22_scenario3,3,78.0,9.468749924451666,48.56515884941629,11.397404153006413,58.3701471204448,7.338154765478725,69.41339109471703,11.765659482810294
PedNYC22,PedNYC22_scenario3,3,79.0,9.33174966322344,48.43224422729231,10.96092778451965,58.456417746361595,7.03810102803054,69.60034136012717,11.814211919161979
PedNYC22,PedNYC22_scenario3,3,80.0,9.219125328628655,48.290390054889706,10.547374535867894,58.55256804707202,6.7555268993645585,69.77965833178384,11.850133533404858
PedNYC22,PedNYC22_scenario3,3,81.0,9.114751197692819,48.199140964709805,10.155182074395768,58.665673287025164,6.490155324376886,69.97621832589967,11.889526910468833
PedNYC22,PedNYC22_scenario3,3,82.0,9.039635177146568,48.14932112850859,9.775648758336702,58.79970202027946,6.2379248171539015,70.20137867108396,11.937911087519392
PedNYC22,PedNYC22_scenario3,3,83.0,9.018338627222455,48.11002133724983,9.393525880986019,58.960851181948044,5.995911679803471,70.45615229930739,11.986898265975247
PedNYC22,PedNYC22_scenario3,3,84.0,9.01226545635946,48.09819752376564,8.991634534335263,59.1601720240528,5.764242515426245,70.74446864020733,12.025472437071526
PedNYC22,PedNYC22_scenario3,3,85.0,9.000652549389486,48.09586765903891,8.560444073198713,59.40882696817579,5.540059061864634,71.06557654384461,12.041699891898439
PedNYC22,PedNYC22_scenario3,3,86.0,8.993734008656661,48.09574910799023,8.098567923367376,59.71587491033544,5.3242609602761295,71.41245216612434,12.021093903056194
PedNYC22,PedNYC22_scenario3,3,87.0,8.992254364734478,48.097451602415504,7.612720093394049,60.09058637513207,5.125956036887212,71.75792129094205,11.929404826327803
PedNYC22,PedNYC22_scenario3,3,88.0,8.994813484173802,48.09924099536489,7.110617976269522,60.543861452208475,4.947475499867244,72.12152244063688,11.778005745294607
PedNYC22,PedNYC22_scenario3,3,89.0,8.995898563395153,48.09991079049194,6.6050531401237365,61.08445814425729,4.788776383264921,72.50182982215621,11.560935831012731
PedNYC22,PedNYC22_scenario3,3,90.0,8.994673169197176,48.09906714390873,6.113175246557238,61.71844631531143,4.6561643454703505,72.88631245815132,11.262509265269244
PedNYC22,PedNYC22_scenario3,3,91.0,8.992223502012736,48.09796864367587,5.65375745840304,62.44545067528947,4.541319857860144,73.23877602644941,10.850501811026694
PedNYC22,PedNYC22_scenario3,3,92.0,8.991211255850137,48.0968428923543,5.249822823934835,63.253433248240846,4.4414237484248185,73.57152561571272,10.349712033142115
PedNYC22,PedNYC22_scenario3,3,93.0,8.989873160730665,48.096317044359814,4.922190039594408,64.11673121546356,4.354287940176664,73.91672271575916,9.816432457893711
PedNYC22,PedNYC22_scenario3,3,94.0,8.988764226896457,48.097347746440896,4.679808128628451,65.00634196984011,4.276295767848621,74.27286128259102,9.275300663530418
PedNYC22,PedNYC22_scenario3,3,95.0,8.990411931120414,48.100869543273475,4.516581186243568,65.9001612119683,4.2067162679935315,74.6337692054081,8.739103206315724
PedNYC22,PedNYC22_scenario3,3,96.0,8.992436435512511,48.10382417195828,4.410361536562734,66.7874833173497,4.142761687059511,74.99152372970288,8.208403545573175
PedNYC22,PedNYC22_scenario3,3,97.0,8.993356607685353,48.10443935783816,4.33606729858084,67.6623114007696,4.077912205023531,75.3257292196561,7.66776477985317
PedNYC22,PedNYC22_scenario3,3,98.0,8.97460645403866,48.118977395375936,4.273391460419112,68.52235967621306,4.012301900808885,75.60573260915322,7.088183114539778
PedNYC22,PedNYC22_scenario3,3,99.0,8.953533958493036,48.15929817074981,4.2297219904146175,69.36903742260343,3.94953882230642,75.82344632112682,6.460487352903739
PedNYC22,PedNYC22_scenario3,3,100.0,8.94915771484375,48.201622009277344,4.215556144714356,70.20889282226562,3.7100090086460114,76.38669713338216,6.198454969848285
PedNYC23,PedNYC23_scenario3,3,0.0,12.594144821166992,66.9183120727539,43.666259765625,58.2169303894043,62.701661330003006,58.073510096623345,19.035941849498965
PedNYC23,PedNYC23_scenario3,3,1.0,12.556970333367731,66.77890341918541,42.23970893046814,58.197202119309175,61.586140699051676,58.07912354878876,19.34679210425528
PedNYC23,PedNYC23_scenario3,3,2.0,12.502709286386926,66.58570315925951,40.7668751518071,58.17571862783035,60.42569343326351,58.08433211689549,19.659030691204123
PedNYC23,PedNYC23_scenario3,3,3.0,12.414938333208292,66.42702107223997,39.236338643249205,58.15200688445012,59.22510678105261,58.08956810436784,19.98886565736342
PedNYC23,PedNYC23_scenario3,3,4.0,12.296848189123416,66.27963546047651,37.64161571714745,58.12666329545278,58.003688249000035,58.09333328007304,20.362099810244292
PedNYC23,PedNYC23_scenario3,3,5.0,12.23341641661836,66.10678860382063,35.95078445146447,58.09898305272618,56.76471597116505,58.097147221127884,20.813931600662645
PedNYC23,PedNYC23_scenario3,3,6.0,12.210226395048606,65.85069252566792,34.13336410695159,58.06837521251778,55.50968118649119,58.100329271527805,21.376340962543235
PedNYC23,PedNYC23_scenario3,3,7.0,12.184823532062795,65.52112462954639,32.21989368321556,58.036679773212015,54.24878192588897,58.1052684830906,22.02899502063854
PedNYC23,PedNYC23_scenario3,3,8.0,12.188620929729932,65.2037209467319,30.352869109344955,58.01040745293774,52.99165346030576,58.11238213143323,22.63901401837903
PedNYC23,PedNYC23_scenario3,3,9.0,12.182815289992243,64.9945412532385,28.618856001337853,57.994727004068665,51.73794980709507,58.120574198430326,23.11943632348614
PedNYC23,PedNYC23_scenario3,3,10.0,12.166167366861501,64.65002200653086,27.292244138719028,57.99083938611463,50.508680151036245,58.13221916501776,23.21686648443115
PedNYC23,PedNYC23_scenario3,3,11.0,12.213304071358118,64.38403120331857,26.574606370742618,57.993438987555976,49.31427559377006,58.150455115833545,22.740211310303184
PedNYC23,PedNYC23_scenario3,3,12.0,12.250873510570512,64.1330615475384,26.45106006688835,57.99429321289063,48.146728976138476,58.17627587173389,21.69643212853031
PedNYC23,PedNYC23_scenario3,3,13.0,12.254649445632985,63.85260612115533,26.44989488656875,57.99430084228516,46.99159415860659,58.21128405280187,20.542845243453645
PedNYC23,PedNYC23_scenario3,3,14.0,12.220130015849174,63.540343834909045,26.449811337555822,57.99430367409258,45.85352568495661,58.25840996825198,19.405511655458653
PedNYC23,PedNYC23_scenario3,3,15.0,12.153938307123171,63.22334250405825,26.44959001587417,57.99430142006618,44.735533625730234,58.31785269240408,18.288805842062715
PedNYC23,PedNYC23_scenario3,3,16.0,12.215405320184628,62.88375680235779,26.41585697487669,57.99411356879272,43.64063270095638,58.384481119402466,17.229198635987494
PedNYC23,PedNYC23_scenario3,3,17.0,12.247706426144768,62.591582892967814,26.30495302262359,57.99366508823971,42.57520430913688,58.45794545924283,16.27687418361358
PedNYC23,PedNYC23_scenario3,3,18.0,12.218860504295368,62.263378284861055,26.094531049587726,57.99279053240423,41.545118001849474,58.539864227890305,15.460269299002968
PedNYC23,PedNYC23_scenario3,3,19.0,12.177029335999977,61.81613270698595,25.776094927893396,57.99138028241015,40.54238968404854,58.63072227444674,14.780129194578649
PedNYC23,PedNYC23_scenario3,3,20.0,12.190218068805002,61.478416313838906,25.35322409134816,57.98921399196016,39.553018080701435,58.72824186328986,14.219012326272013
PedNYC23,PedNYC23_scenario3,3,21.0,12.20232681220686,61.088147676494756,24.83621135463177,57.98617791054954,38.56871144066163,58.827131798580844,13.758225250903733
PedNYC23,PedNYC23_scenario3,3,22.0,12.157492094288,60.77504908887091,24.243961154842346,57.98217499221183,37.5801708020254,58.92988393136803,13.369840686671436
PedNYC23,PedNYC23_scenario3,3,23.0,12.133517395206573,60.5685639536284,23.63054009889907,57.977292053007474,36.59213032335243,59.038224493057214,13.00493747731971
PedNYC23,PedNYC23_scenario3,3,24.0,12.139218984523287,60.48299966846673,23.04346921992413,57.97187785974371,35.61786658146538,59.14058335339478,12.628592223079567
PedNYC23,PedNYC23_scenario3,3,25.0,12.147539106921423,60.45734866366506,22.563737473417493,57.96736216289257,34.67342824533746,59.217556187436735,12.174054201067515
PedNYC23,PedNYC23_scenario3,3,26.0,12.134058220060144,60.46065981560723,22.423550738485545,57.96621447398994,33.757898261396676,59.241729294216285,11.405891978566986
PedNYC23,PedNYC23_scenario3,3,27.0,12.125177201975925,60.45825172638393,22.422886131626885,57.96619824468731,32.856550995715075,59.24489931926141,10.511728636823982
PedNYC23,PedNYC23_scenario3,3,28.0,12.130977532429807,60.46188257578752,22.422618632609158,57.96619415283203,31.970530517407816,59.24860752160636,9.633649641142789
PedNYC23,PedNYC23_scenario3,3,29.0,12.130155723471704,60.46084469453539,22.422578609136917,57.96619415283203,31.10798263033732,59.25332175807567,8.780258565877453
PedNYC23,PedNYC23_scenario3,3,30.0,12.13148717641292,60.46278600193757,22.422576904296875,57.96619415283203,30.278737746177743,59.26103381766667,7.96215253126511
PedNYC23,PedNYC23_scenario3,3,31.0,12.131354217499972,60.4626735498977,22.42257636070068,57.96619415283203,29.486252786563853,59.27274814462338,7.183495526744693
PedNYC23,PedNYC23_scenario3,3,32.0,12.132540317579023,60.46961146366451,22.422572852860373,57.96619415283203,28.741665210021754,59.28888244051651,6.456038454401667
PedNYC23,PedNYC23_scenario3,3,33.0,12.134783828925785,60.476108583746225,22.41437988571985,57.966109839935044,28.04912666126056,59.309318571493456,5.79263160584213
PedNYC23,PedNYC23_scenario3,3,34.0,12.143573954232185,60.471042804198404,22.350659847264104,57.96539732242475,27.38194609484643,59.334157595484875,5.214148635224994
PedNYC23,PedNYC23_scenario3,3,35.0,12.133576792635784,60.484687591649504,22.193922567853257,57.962703536830965,26.731277337114577,59.363595623375055,4.748693182369261
PedNYC23,PedNYC23_scenario3,3,36.0,12.149382941494665,60.479740575169245,21.917002650121397,57.95727133930466,26.11528965411549,59.39771122928997,4.438522371754656
PedNYC23,PedNYC23_scenario3,3,37.0,12.151563001959715,60.4846773759432,21.511492517005586,57.948979633950614,25.53275887288209,59.437257232581636,4.287837836892999
PedNYC23,PedNYC23_scenario3,3,38.0,12.158307141292697,60.48690063167912,21.019494081312164,57.93872264036731,24.96110094145083,59.48422190308224,4.233772857741024
PedNYC23,PedNYC23_scenario3,3,39.0,12.155191395497301,60.505997117893486,20.445151202177968,57.92828322738525,24.39734687265384,59.53964334816101,4.2680595188627235
PedNYC23,PedNYC23_scenario3,3,40.0,12.154000937529164,60.51863294240462,19.786832332908915,57.91915665888027,23.84141522737571,59.60319064084963,4.390400084335176
PedNYC23,PedNYC23_scenario3,3,41.0,12.155863128490601,60.529716790952165,19.0593815545578,57.91049918857157,23.290639557947372,59.67519961681028,4.584507813568891
PedNYC23,PedNYC23_scenario3,3,42.0,12.162788005922883,60.52045679357711,18.29113878158846,57.89791247933704,22.741776105365055,59.7541945874558,4.822235565867258
PedNYC23,PedNYC23_scenario3,3,43.0,12.17186241775931,60.515381970204096,17.5393746559129,57.884541750913655,22.19381114021234,59.83994272580925,5.048501951965589
PedNYC23,PedNYC23_scenario3,3,44.0,12.171696452668677,60.509785213472284,16.82672019473115,57.8740166178286,21.64941377730531,59.9348451607762,5.244557910332339
PedNYC23,PedNYC23_scenario3,3,45.0,12.170715716137979,60.50673624808582,16.154343749927783,57.869795632879,21.109480227547387,60.04048155504499,5.409737043935319
PedNYC23,PedNYC23_scenario3,3,46.0,12.170261833587912,60.50494352818246,15.520439402313535,57.87768858852468,20.5857676602356,60.1584537363932,5.555127363097583
PedNYC23,PedNYC23_scenario3,3,47.0,12.165658614018005,60.50162858531269,14.916854799023367,57.89986432639646,20.082465067389357,60.28845100849561,5.6911225415158295
PedNYC23,PedNYC23_scenario3,3,48.0,12.154493716416845,60.49358481717512,14.288744348172163,57.935600597422095,19.59522712810594,60.42914777941405,5.86315077774346
PedNYC23,PedNYC23_scenario3,3,49.0,12.142437579999175,60.484206623197814,13.580074369823176,57.987241876423745,19.11650321929611,60.58092436145984,6.113855840503538
PedNYC23,PedNYC23_scenario3,3,50.0,12.128675205892355,60.474332242515956,12.757224071810523,58.06579544225095,18.65170673227866,60.74583567589544,6.475147989699754
PedNYC23,PedNYC23_scenario3,3,51.0,12.121241479938817,60.468571515716334,11.802778179422278,58.19221997910103,18.201773138821828,60.92643584082702,6.958668900654407
PedNYC23,PedNYC23_scenario3,3,52.0,12.12409024557272,60.457224099744785,10.735571625022711,58.397233243200056,17.755062695243595,61.12438152656433,7.530643574381105
PedNYC23,PedNYC23_scenario3,3,53.0,12.150719708372948,60.44876464262189,9.63526119346294,58.711475465083836,17.30642987636306,61.33856312069435,8.10853985078502
PedNYC23,PedNYC23_scenario3,3,54.0,12.215220518716562,60.47846621243618,8.555520490481308,59.16102502905629,16.854257097193837,61.564299660532356,8.639719799963828
PedNYC23,PedNYC23_scenario3,3,55.0,12.247311997086015,60.485351612124234,7.5437741533307685,59.76550076434323,16.399039972489494,61.80155468028401,9.086322043411108
PedNYC23,PedNYC23_scenario3,3,56.0,12.246575855256223,60.415593625841964,6.6728348358776035,60.50125726462439,15.953773600326201,62.050079381857195,9.409286598901861
PedNYC23,PedNYC23_scenario3,3,57.0,12.178103499564674,60.31268981539952,5.974032405153294,61.32829409341903,15.511497324055963,62.31234957761008,9.588096905813245
PedNYC23,PedNYC23_scenario3,3,58.0,12.047243264540173,60.22489687821972,5.438304526340905,62.21162889733799,15.076480602608045,62.58811302730651,9.645526340083594
PedNYC23,PedNYC23_scenario3,3,59.0,11.96983633819195,60.00440078694204,5.027057030792849,63.16810486459529,14.648769812295567,62.870374136853385,9.626318114210362
PedNYC23,PedNYC23_scenario3,3,60.0,11.999217805975606,59.73845641155826,4.7148786311891175,64.21736108802544,14.224858576296457,63.15470050845154,9.569167469729232
PedNYC23,PedNYC23_scenario3,3,61.0,12.014245012459096,59.50298224496674,4.499774944502747,65.35976380768065,13.804559928132043,63.441393412408345,9.50048254379905
PedNYC23,PedNYC23_scenario3,3,62.0,11.989746376782282,59.16498017071681,4.377969137168495,66.58750963644987,13.38433867271278,63.72923707309056,9.449043033939086
PedNYC23,PedNYC23_scenario3,3,63.0,11.93084472641954,58.84806207127077,4.3298679580230495,67.89102638352584,12.948068275175139,64.03103210456784,9.443142090435199
PedNYC23,PedNYC23_scenario3,3,64.0,11.875996073032452,58.4808309210754,4.322734599199837,69.26250519094283,12.487165085558566,64.35834692845056,9.524111162211153
PedNYC23,PedNYC23_scenario3,3,65.0,11.876266386084737,58.1437062413297,4.311182334886333,70.6918152726632,12.019842752345827,64.70794653757511,9.758592648044674
PedNYC23,PedNYC23_scenario3,3,66.0,11.871707431054999,57.80141645731956,4.266387308192136,72.16561681704128,11.563089049024521,65.06475977171985,10.181553274071565
PedNYC23,PedNYC23_scenario3,3,67.0,11.845159768993124,57.47750937274626,4.186754072051721,73.66793789991054,11.125353221312198,65.43112854054232,10.769827601995038
PedNYC23,PedNYC23_scenario3,3,68.0,11.823940279610605,57.189350704419844,4.105679246609853,75.15088165316925,10.703503907086743,65.82565879018274,11.423268870807657
PedNYC23,PedNYC23_scenario3,3,69.0,11.822163849183266,56.85436344429445,4.0475686885230004,76.56169822866806,10.296320275694239,66.25430176181095,12.053601881726209
PedNYC23,PedNYC23_scenario3,3,70.0,11.82301229987209,56.436360606679386,4.020757727225736,77.89312602172262,9.904378244228761,66.71856148216824,12.628851216035653
PedNYC23,PedNYC23_scenario3,3,71.0,11.775581033170207,56.11976820178743,4.010439942034884,79.148442663118,9.5315283729045,67.20367015557181,13.159027612955056
PedNYC23,PedNYC23_scenario3,3,72.0,11.7147895791544,55.824791443812444,4.0066520586193874,80.3316716100632,9.184760453607627,67.68611650642205,13.664657713586251
PedNYC23,PedNYC23_scenario3,3,73.0,11.682263117946976,55.51748056917501,4.002915636823474,81.44728492428153,8.862627757873526,68.14877984054955,14.158638330062894
PedNYC23,PedNYC23_scenario3,3,74.0,11.674849575877403,55.236698730463985,3.9987603949296537,82.48566274845014,8.554397276178138,68.55002973306665,14.661367430537906
PedNYC23,PedNYC23_scenario3,3,75.0,11.63126201317597,54.96376307896258,3.9953646379483287,83.2718761531885,8.251458157135039,68.83172210818353,15.054314361256596
PedNYC23,PedNYC23_scenario3,3,76.0,11.556256464659118,54.66390550540365,3.9940876869341317,83.55204459987519,7.948061536788176,69.03234934893594,15.04843710773572
PedNYC23,PedNYC23_scenario3,3,77.0,11.51480021640327,54.389290353807745,3.994076663666363,83.55497466785518,7.642949518640109,69.22200623952101,14.79014053616085
PedNYC23,PedNYC23_scenario3,3,78.0,11.517856494690754,54.0751097838221,3.994074825110581,83.55538119275623,7.338154765478725,69.41339109471703,14.531990730130934
PedNYC23,PedNYC23_scenario3,3,79.0,11.505353672842283,53.79427598244365,3.994075298309326,83.55530548095703,7.03810102803054,69.60034136012717,14.283105973731812
PedNYC23,PedNYC23_scenario3,3,80.0,11.460239535743977,53.565610942254985,3.994076629257303,83.55501601154523,6.7555268993645585,69.77965833178384,14.049415888201075
PedNYC23,PedNYC23_scenario3,3,81.0,11.386777309784202,53.24239461280494,3.9940781593322754,83.55471637735728,6.490155324376886,69.97621832589967,13.80601356464984
PedNYC23,PedNYC23_scenario3,3,82.0,11.383959843477431,52.98410255471718,3.994077920913696,83.55471325601556,6.2379248171539015,70.20137867108396,13.540546275202386
PedNYC23,PedNYC23_scenario3,3,83.0,11.406134538797598,52.72090305262754,3.9940779288358756,83.5547103881836,5.995911679803471,70.45615229930739,13.250643847533492
PedNYC23,PedNYC23_scenario3,3,84.0,11.377982287120462,52.47233924679319,3.9940781593322754,83.5547137754681,5.764242515426245,70.74446864020733,12.931970548723728
PedNYC23,PedNYC23_scenario3,3,85.0,11.310830954351138,52.248830855817744,3.994077920913696,83.55471690673747,5.540059061864634,71.06557654384461,12.584462034279234
PedNYC23,PedNYC23_scenario3,3,86.0,11.259809628487412,52.027669073167274,3.9940775568388003,83.55479230102237,5.3242609602761295,71.41245216612434,12.214983087926718
PedNYC23,PedNYC23_scenario3,3,87.0,11.23753700594049,51.79169228768261,3.994077682495117,83.55479708255376,5.125956036887212,71.75792129094205,11.85105172766771
PedNYC23,PedNYC23_scenario3,3,88.0,11.234106557180105,51.536749610209895,3.994077682495117,83.55474853515625,4.947475499867244,72.12152244063688,11.472908363905317
PedNYC23,PedNYC23_scenario3,3,89.0,11.186101433597353,51.30326939543351,3.994077205657959,83.55471801757812,4.788776383264921,72.50182982215621,11.081420678026184
PedNYC23,PedNYC23_scenario3,3,90.0,11.112366240572014,51.11510779227252,3.9940767519633145,83.55470890706273,4.6561643454703505,72.88631245815132,10.68892149716806
PedNYC23,PedNYC23_scenario3,3,91.0,11.03720075035063,50.90032742715252,3.994077518475953,83.55467748982419,4.541319857860144,73.23877602644941,10.330406438280754
PedNYC23,PedNYC23_scenario3,3,92.0,11.001254665844147,50.681875594149226,3.994075298309326,83.55475741213073,4.4414237484248185,73.57152561571272,9.993249608452313
PedNYC23,PedNYC23_scenario3,3,93.0,11.000772316025238,50.45672691316623,3.9940752672446327,83.55473824671813,4.354287940176664,73.91672271575916,9.644744503860489
PedNYC23,PedNYC23_scenario3,3,94.0,10.959476117739985,50.26695773793179,3.994075298309326,83.55469512939453,4.276295767848621,74.27286128259102,9.286123408241686
PedNYC23,PedNYC23_scenario3,3,95.0,10.894798432492525,50.11607945077051,3.994074809900911,83.5546806111659,4.2067162679935315,74.6337692054081,8.923445337933073
PedNYC23,PedNYC23_scenario3,3,96.0,10.8012004965473,49.959622008438636,3.994073867797852,83.55470763712209,4.142761687059511,74.99152372970288,8.564474689079315
PedNYC23,PedNYC23_scenario3,3,97.0,10.7444813569067,49.849273501555444,3.9940733362151657,83.55474265761859,4.077912205023531,75.3257292196561,8.229440510635602
PedNYC23,PedNYC23_scenario3,3,98.0,10.708143781375254,49.74250090600796,3.9940726324968714,83.55474157231949,4.012301900808885,75.60573260915322,7.94902986550691
PedNYC23,PedNYC23_scenario3,3,99.0,10.690832228288974,49.63206023475274,3.994072339744448,83.55474853515625,3.94953882230642,75.82344632112682,7.731430472999917
PedNYC23,PedNYC23_scenario3,3,100.0,10.671123504638672,49.57047271728516,3.994072437286377,83.55475616455078,3.7100090086460114,76.38669713338216,7.173685406108146
PedNYC24,PedNYC24_scenario3,3,0.0,12.680066108703612,66.82184600830078,39.25819396972656,57.98081970214844,62.701661330003006,58.073510096623345,23.44365059843656
PedNYC24,PedNYC24_scenario3,3,1.0,12.640928937122675,66.71582775902806,37.816106487441516,58.00632147721782,61.586140699051676,58.07912354878876,23.770145699232526
PedNYC24,PedNYC24_scenario3,3,2.0,12.59057891102485,66.57991765969446,36.41212478161157,58.02862870775158,60.42569343326351,58.08433211689549,24.01363325815965
PedNYC24,PedNYC24_scenario3,3,3.0,12.571840192168608,66.43096155138676,35.073746512428656,58.05012323762856,59.22510678105261,58.08956810436784,24.151392479987148
PedNYC24,PedNYC24_scenario3,3,4.0,12.601188373504273,66.27846530983771,33.79834160083113,58.073162098549496,58.003688249000035,58.09333328007304,24.205355052851132
PedNYC24,PedNYC24_scenario3,3,5.0,12.640471020536662,66.11712763874338,32.58175211227228,58.097276771181406,56.76471597116505,58.097147221127884,24.18296385923978
PedNYC24,PedNYC24_scenario3,3,6.0,12.66600536987381,65.95185667954111,31.423175981844466,58.122355489546166,55.50968118649119,58.100329271527805,24.08651527572542
PedNYC24,PedNYC24_scenario3,3,7.0,12.676154083840663,65.73601287459833,30.31827280423496,58.148194524213054,54.24878192588897,58.1052684830906,23.93054762153537
PedNYC24,PedNYC24_scenario3,3,8.0,12.675794755879492,65.50522488318717,29.268893539017427,58.17414134129725,52.99165346030576,58.11238213143323,23.722840312304243
PedNYC24,PedNYC24_scenario3,3,9.0,12.689428358648476,65.29182614063602,28.27374033259526,58.1996114371396,51.73794980709507,58.120574198430326,23.46434258930579
PedNYC24,PedNYC24_scenario3,3,10.0,12.711639429205219,65.0708984951246,27.310874135098,58.225165355698685,50.508680151036245,58.13221916501776,23.197992218023153
PedNYC24,PedNYC24_scenario3,3,11.0,12.711114419886146,64.81793617882308,26.376891125972055,58.25073821833984,49.31427559377006,58.150455115833545,22.93760368748727
PedNYC24,PedNYC24_scenario3,3,12.0,12.657348237466662,64.54775129613012,25.488293291256216,58.2757874435011,48.146728976138476,58.17627587173389,22.65865420184662
PedNYC24,PedNYC24_scenario3,3,13.0,12.615286569163134,64.25969871477868,24.646201205091412,58.30019571943759,46.99159415860659,58.21128405280187,22.345569841278824
PedNYC24,PedNYC24_scenario3,3,14.0,12.619201923972335,63.995968793807066,23.885884845423334,58.32278380163444,45.85352568495661,58.25840996825198,21.96773515966438
PedNYC24,PedNYC24_scenario3,3,15.0,12.643872146939048,63.77356114953576,23.268113974898075,58.3415837058279,44.735533625730234,58.31785269240408,21.467432767472054
PedNYC24,PedNYC24_scenario3,3,16.0,12.660905480722455,63.50249330365476,22.83285663447207,58.35515042210603,43.64063270095638,58.384481119402466,20.807796738789072
PedNYC24,PedNYC24_scenario3,3,17.0,12.635501650617472,63.26929177664877,22.572249474910127,58.363420190112386,42.57520430913688,58.45794545924283,20.003178175645477
PedNYC24,PedNYC24_scenario3,3,18.0,12.61134834755643,63.09457364482217,22.41727987186148,58.36838466057228,41.545118001849474,58.539864227890305,19.12860676497455
PedNYC24,PedNYC24_scenario3,3,19.0,12.64802000256145,62.76697079186067,22.276329967115213,58.37291838468775,40.54238968404854,58.63072227444674,18.26787892526522
PedNYC24,PedNYC24_scenario3,3,20.0,12.678622883224065,62.48977159901423,22.14306849884413,58.377192569879846,39.553018080701435,58.72824186328986,17.413488451462477
PedNYC24,PedNYC24_scenario3,3,21.0,12.675399886376752,62.22130277903553,22.016859657517802,58.381157040660845,38.56871144066163,58.827131798580844,16.557858887424523
PedNYC24,PedNYC24_scenario3,3,22.0,12.661230325231019,61.9454112238887,21.89729567081886,58.38494167167507,37.5801708020254,58.92988393136803,15.69233999272944
PedNYC24,PedNYC24_scenario3,3,23.0,12.66206873909821,61.643451996740374,21.784012422269768,58.38863484351059,36.59213032335243,59.038224493057214,14.82235887047547
PedNYC24,PedNYC24_scenario3,3,24.0,12.68040424816315,61.341817860171474,21.676685044469124,58.39217459779319,35.61786658146538,59.14058335339478,13.961255613767207
PedNYC24,PedNYC24_scenario3,3,25.0,12.666874376738804,61.03522256521193,21.57498395548924,58.395472279437165,34.67342824533746,59.217556187436735,13.12421672962045
PedNYC24,PedNYC24_scenario3,3,26.0,12.59168259433304,60.7265640325138,21.478639051015552,58.39861746674618,33.757898261396676,59.241729294216285,12.308169819650265
PedNYC24,PedNYC24_scenario3,3,27.0,12.509263903233375,60.39807428873823,21.387352394247333,58.40156107292969,32.856550995715075,59.24489931926141,11.50016243179354
PedNYC24,PedNYC24_scenario3,3,28.0,12.489676529459992,60.06653927482979,21.300332542932264,58.40438330018594,31.970530517407816,59.24860752160636,10.703543308201033
PedNYC24,PedNYC24_scenario3,3,29.0,12.480141915945572,59.74671129942502,21.21481246340288,58.40717395453842,31.10798263033732,59.25332175807567,9.929289101307937
PedNYC24,PedNYC24_scenario3,3,30.0,12.429169239001483,59.41008630795727,21.12536403729503,58.41009132767585,30.278737746177743,59.26103381766667,9.192842507937199
PedNYC24,PedNYC24_scenario3,3,31.0,12.376750658721955,59.04519490058308,21.02738817723305,58.41328505894947,29.486252786563853,59.27274814462338,8.502415378857073
PedNYC24,PedNYC24_scenario3,3,32.0,12.365559002863407,58.7222217998194,20.91953470580084,58.41681871311087,28.741665210021754,59.28888244051651,7.870592148607369
PedNYC24,PedNYC24_scenario3,3,33.0,12.368606447074045,58.38186310283295,20.801815681111112,58.42069922816935,28.04912666126056,59.309318571493456,7.301586182489699
PedNYC24,PedNYC24_scenario3,3,34.0,12.339206338176853,58.07220066975163,20.673408047708158,58.42501127711793,27.38194609484643,59.334157595484875,6.769861871419679
PedNYC24,PedNYC24_scenario3,3,35.0,12.286637397574044,57.75649105270121,20.529307147105833,58.429953619578775,26.731277337114577,59.363595623375055,6.271851531167637
PedNYC24,PedNYC24_scenario3,3,36.0,12.251406410336438,57.396096853483016,20.34991911457292,58.43645132768219,26.11528965411549,59.39771122928997,5.844956634284327
PedNYC24,PedNYC24_scenario3,3,37.0,12.239596578225763,57.08778154929639,20.11713600365929,58.44503377956644,25.53275887288209,59.437257232581636,5.505767743227316
PedNYC24,PedNYC24_scenario3,3,38.0,12.199961043951554,56.76813723672332,19.82863599040877,58.45588573413472,24.96110094145083,59.48422190308224,5.234469576761417
PedNYC24,PedNYC24_scenario3,3,39.0,12.121928333103218,56.45576603177543,19.48046335205399,58.46928437804589,24.39734687265384,59.53964334816101,5.032038541193049
PedNYC24,PedNYC24_scenario3,3,40.0,12.052979173230934,56.14028211727517,19.059827737739955,58.48573671037698,23.84141522737571,59.60319064084963,4.910425868269464
PedNYC24,PedNYC24_scenario3,3,41.0,12.005499831390123,55.85379992965664,18.57201546824752,58.50338034898379,23.290639557947372,59.67519961681028,4.861951634513158
PedNYC24,PedNYC24_scenario3,3,42.0,11.938495976928218,55.550007287180655,18.038942069272352,58.52224675600769,22.741776105365055,59.7541945874558,4.861516577205275
PedNYC24,PedNYC24_scenario3,3,43.0,11.851673853681804,55.2900393115871,17.48378492509031,58.54172260820531,22.19381114021234,59.83994272580925,4.885664992699392
PedNYC24,PedNYC24_scenario3,3,44.0,11.755685097132584,55.02030981588861,16.93756023016037,58.560554455611566,21.64941377730531,59.9348451607762,4.908180802705241
PedNYC24,PedNYC24_scenario3,3,45.0,11.679860498715826,54.753954926823766,16.413786503051295,58.57837846035949,21.109480227547387,60.04048155504499,4.9180570364485305
PedNYC24,PedNYC24_scenario3,3,46.0,11.607720304194139,54.5030752994488,15.910738069463463,58.594013106068864,20.5857676602356,60.1584537363932,4.929845449951215
PedNYC24,PedNYC24_scenario3,3,47.0,11.514465846772527,54.284098649697384,15.426040676072773,58.60696979600601,20.082465067389357,60.28845100849561,4.950723904642988
PedNYC24,PedNYC24_scenario3,3,48.0,11.38250425982898,54.04475067266238,14.961771118042364,58.618740236281155,19.59522712810594,60.42914777941405,4.974584411729965
PedNYC24,PedNYC24_scenario3,3,49.0,11.264353160563985,53.81318313256991,14.489026631252786,58.62994359322824,19.11650321929611,60.58092436145984,5.021938423646655
PedNYC24,PedNYC24_scenario3,3,50.0,11.166606384198165,53.572484423447186,13.996339655515872,58.64066570049028,18.65170673227866,60.74583567589544,5.109225307691401
PedNYC24,PedNYC24_scenario3,3,51.0,11.063182126031796,53.32652485377352,13.480970972356666,58.65067617210424,18.201773138821828,60.92643584082702,5.240711322395785
PedNYC24,PedNYC24_scenario3,3,52.0,10.929992141767494,53.09097489824374,12.932546823320115,58.65950263531875,17.755062695243595,61.12438152656433,5.415929032350951
PedNYC24,PedNYC24_scenario3,3,53.0,10.785748758761947,52.866060776563856,12.365896957569609,58.66860138202246,17.30642987636306,61.33856312069435,5.615831301566456
PedNYC24,PedNYC24_scenario3,3,54.0,10.669058312762111,52.63945227255752,11.818105760563192,58.68178674544915,16.854257097193837,61.564299660532356,5.802732200530032
PedNYC24,PedNYC24_scenario3,3,55.0,10.572496988732913,52.39298749799254,11.297827825411943,58.70264106217593,16.399039972489494,61.80155468028401,5.9687210507768995
PedNYC24,PedNYC24_scenario3,3,56.0,10.475084201907407,52.15317533626997,10.805740890883046,58.735158919008846,15.953773600326201,62.050079381857195,6.122984440002061
PedNYC24,PedNYC24_scenario3,3,57.0,10.351021401368875,51.916393842895424,10.342005823873132,58.78484070219687,15.511497324055963,62.31234957761008,6.258351319363712
PedNYC24,PedNYC24_scenario3,3,58.0,10.224667658585178,51.68107095653142,9.906823701378805,58.853636032503616,15.076480602608045,62.58811302730651,6.377434507789099
PedNYC24,PedNYC24_scenario3,3,59.0,10.137204896826002,51.47450419240383,9.501164013765845,58.943539301601874,14.648769812295567,62.870374136853385,6.47440169285175
PedNYC24,PedNYC24_scenario3,3,60.0,10.05485919686676,51.25039398567629,9.12669002826819,59.05625230307277,14.224858576296457,63.15470050845154,6.541299583131561
PedNYC24,PedNYC24_scenario3,3,61.0,9.93586515563274,50.964422610178474,8.773480570174613,59.195649813424446,13.804559928132043,63.441393412408345,6.5831677947913585
PedNYC24,PedNYC24_scenario3,3,62.0,9.683839462108718,50.71776453126601,8.423932443960691,59.368962637182335,13.38433867271278,63.72923707309056,6.604363944444407
PedNYC24,PedNYC24_scenario3,3,63.0,9.556279358687021,50.4983322254739,8.062665638426111,59.588649939163965,12.948068275175139,64.03103210456784,6.603174859615093
PedNYC24,PedNYC24_scenario3,3,64.0,9.463345909637347,50.244159827085966,7.679597952308484,59.87062263566116,12.487165085558566,64.35834692845056,6.576653485534915
PedNYC24,PedNYC24_scenario3,3,65.0,9.386636428822012,49.997482753635076,7.274215907000773,60.22953508326031,12.019842752345827,64.70794653757511,6.52511634451047
PedNYC24,PedNYC24_scenario3,3,66.0,9.29920315785702,49.77204585450791,6.860141569311785,60.67751015360132,11.563089049024521,65.06475977171985,6.43161520993114
PedNYC24,PedNYC24_scenario3,3,67.0,9.188826221146437,49.54180545002058,6.459318678412637,61.221944961986445,11.125353221312198,65.43112854054232,6.284035705939005
PedNYC24,PedNYC24_scenario3,3,68.0,9.106359081719702,49.30455106299008,6.0899616412617545,61.862201871010285,10.703503907086743,65.82565879018274,6.082249829519468
PedNYC24,PedNYC24_scenario3,3,69.0,9.063216444807535,49.062842979332466,5.750396689127787,62.58277867014111,10.296320275694239,66.25430176181095,5.843415359835895
PedNYC24,PedNYC24_scenario3,3,70.0,9.036214039784186,48.83027690822758,5.446841839669456,63.363225750266636,9.904378244228761,66.71856148216824,5.579239076410615
PedNYC24,PedNYC24_scenario3,3,71.0,8.995261537053524,48.58980098714132,5.176551785913134,64.19054495374785,9.5315283729045,67.20367015557181,5.295728897433261
PedNYC24,PedNYC24_scenario3,3,72.0,8.952403717885314,48.37325719074784,4.938856688383679,65.04562189482107,9.184760453607627,67.68611650642205,4.999991057735677
PedNYC24,PedNYC24_scenario3,3,73.0,8.929100851931302,48.201252970093634,4.7494053192823245,65.89985830589356,8.862627757873526,68.14877984054955,4.687882986847006
PedNYC24,PedNYC24_scenario3,3,74.0,8.899852262495207,48.14279278481315,4.613489406193281,66.72393872678524,8.554397276178138,68.55002973306665,4.343427586932981
PedNYC24,PedNYC24_scenario3,3,75.0,8.875511819084988,48.1139820229742,4.528186362909914,67.51046661342495,8.251458157135039,68.83172210818353,3.9507554892832966
PedNYC24,PedNYC24_scenario3,3,76.0,8.864828083804642,48.09142510853777,4.487811571001256,68.25792174033438,7.948061536788176,69.03234934893594,3.545852217266352
PedNYC24,PedNYC24_scenario3,3,77.0,8.861315170107185,48.08024118800203,4.481522490426212,68.96676650141006,7.642949518640109,69.22200623952101,3.171713760513754
PedNYC24,PedNYC24_scenario3,3,78.0,8.863719311102324,48.07461959276551,4.489859356835054,69.63910381161897,7.338154765478725,69.41339109471703,2.857224696356916
PedNYC24,PedNYC24_scenario3,3,79.0,8.867602129897591,48.07176792677583,4.491374142738936,70.27688510425384,7.03810102803054,69.60034136012717,2.6350577348483273
PedNYC24,PedNYC24_scenario3,3,80.0,8.871544926148092,48.06882537180507,4.48583534265741,70.88115063018792,6.7555268993645585,69.77965833178384,2.5228525612947
PedNYC24,PedNYC24_scenario3,3,81.0,8.944153700190585,48.07140412644548,4.480957572562929,71.45357270726258,6.490155324376886,69.97621832589967,2.493882830853619
PedNYC24,PedNYC24_scenario3,3,82.0,9.041508369693233,48.07503087686678,4.477192221197855,72.00217675815854,6.2379248171539015,70.20137867108396,2.5185418449717276
PedNYC24,PedNYC24_scenario3,3,83.0,9.051750141598895,48.071897006292595,4.474612221692862,72.56510178893096,5.995911679803471,70.45615229930739,2.6003884307985885
PedNYC24,PedNYC24_scenario3,3,84.0,9.052309280006579,48.06875282252041,4.474104660699319,73.16994305330185,5.764242515426245,70.74446864020733,2.7472498635500195
PedNYC24,PedNYC24_scenario3,3,85.0,9.052161478351344,48.067195602543094,4.476328940907715,73.82814670511975,5.540059061864634,71.06557654384461,2.960289794293584
PedNYC24,PedNYC24_scenario3,3,86.0,9.053832500743503,48.06668427452821,4.481771478145714,74.54566614697096,5.3242609602761295,71.41245216612434,3.244505875672457
PedNYC24,PedNYC24_scenario3,3,87.0,9.054228337590827,48.066938826280044,4.490748178540431,75.31381597757282,5.125956036887212,71.75792129094205,3.6121843870038544
PedNYC24,PedNYC24_scenario3,3,88.0,9.053450721418354,48.067737512459665,4.502762536725699,76.07037960753149,4.947475499867244,72.12152244063688,3.973819641619518
PedNYC24,PedNYC24_scenario3,3,89.0,9.049932409413326,48.06836313600934,4.5166976702833495,76.76564071494454,4.788776383264921,72.50182982215621,4.272482902893598
PedNYC24,PedNYC24_scenario3,3,90.0,9.034087600819484,48.06816868472742,4.528378971209868,77.2733896605457,4.6561643454703505,72.88631245815132,4.388937853472454
PedNYC24,PedNYC24_scenario3,3,91.0,8.989370267079277,48.0661022410876,4.533674113659846,77.49029541124862,4.541319857860144,73.23877602644941,4.251526259677555
PedNYC24,PedNYC24_scenario3,3,92.0,8.92521030937572,48.06209555212655,4.533808036146758,77.49585182180778,4.4414237484248185,73.57152561571272,3.9254134850308873
PedNYC24,PedNYC24_scenario3,3,93.0,8.84982726089638,48.048633089647936,4.533817567042693,77.4962977224438,4.354287940176664,73.91672271575916,3.5840742340810916
PedNYC24,PedNYC24_scenario3,3,94.0,8.791200228609402,48.0296504574842,4.533821410461992,77.49640379786062,4.276295767848621,74.27286128259102,3.2338128895089286
PedNYC24,PedNYC24_scenario3,3,95.0,8.767912563837537,48.02181936309951,4.533822059631348,77.49642944335938,4.2067162679935315,74.6337692054081,2.8812882252336802
PedNYC24,PedNYC24_scenario3,3,96.0,8.77665101324745,48.038285628509264,4.533822059631348,77.49642944335938,4.142761687059511,74.99152372970288,2.535247689931892
PedNYC24,PedNYC24_scenario3,3,97.0,8.821758621897455,48.07626062161059,4.533822059631348,77.49642181396484,4.077912205023531,75.3257292196561,2.218053230766872
PedNYC24,PedNYC24_scenario3,3,98.0,8.903942889007963,48.14435996852019,4.533822059631348,77.49642181396484,4.012301900808885,75.60573260915322,1.961297770673645
PedNYC24,PedNYC24_scenario3,3,99.0,9.004862355227795,48.2431729862633,4.533822059631348,77.49642181396484,3.94953882230642,75.82344632112682,1.772070512438914
PedNYC24,PedNYC24_scenario3,3,100.0,9.04440689086914,48.29560470581055,4.533822059631348,77.49642181396484,3.7100090086460114,76.38669713338216,1.38208422669102
PedNYC25,PedNYC25_scenario3,3,0.0,12.852446556091309,67.158447265625,83.50006103515625,58.0148811340332,62.701661330003006,58.073510096623345,20.798482340078877
PedNYC25,PedNYC25_scenario3,3,1.0,12.848702969645249,67.3668069337645,82.87477555139104,58.01896543830887,61.586140699051676,58.07912354878876,21.288719850533397
PedNYC25,PedNYC25_scenario3,3,2.0,12.845404290268908,67.50902416680272,82.15031977683931,58.02501838514491,60.42569343326351,58.08433211689549,21.724707314179444
PedNYC25,PedNYC25_scenario3,3,3.0,12.738567030593078,67.48830723906161,81.32998336234257,58.03342919215186,59.22510678105261,58.08956810436784,22.104947868102432
PedNYC25,PedNYC25_scenario3,3,4.0,12.603421464573728,67.27629300304764,80.41556069622389,58.04310492485001,58.003688249000035,58.09333328007304,22.41192873177809
PedNYC25,PedNYC25_scenario3,3,5.0,12.57726138365889,67.07416825652226,79.39748721233761,58.05698444576708,56.76471597116505,58.097147221127884,22.632806876385708
PedNYC25,PedNYC25_scenario3,3,6.0,12.520349074276053,66.94382644865564,78.27590879981821,58.0753362094148,55.50968118649119,58.100329271527805,22.766241332177945
PedNYC25,PedNYC25_scenario3,3,7.0,12.481227682580707,66.92275898911389,77.05077493871732,58.097563406940715,54.24878192588897,58.1052684830906,22.8019943146487
PedNYC25,PedNYC25_scenario3,3,8.0,12.416886714438052,66.84720576674924,75.71878869337998,58.12487739141801,52.99165346030576,58.11238213143323,22.72713866798822
PedNYC25,PedNYC25_scenario3,3,9.0,12.426505371059475,66.8145887402004,74.28717533434703,58.15614280650739,51.73794980709507,58.120574198430326,22.54925357976959
PedNYC25,PedNYC25_scenario3,3,10.0,12.513783471685061,66.92666018008043,72.75973857443965,58.19062043040423,50.508680151036245,58.13221916501776,22.251135064744684
PedNYC25,PedNYC25_scenario3,3,11.0,12.546811539496876,66.96352672970049,71.14900878760906,58.22843511529002,49.31427559377006,58.150455115833545,21.834872441268118
PedNYC25,PedNYC25_scenario3,3,12.0,12.54126032174313,66.89567894068922,69.46650860344094,58.26539078275968,48.146728976138476,58.17627587173389,21.319965872958342
PedNYC25,PedNYC25_scenario3,3,13.0,12.550079008725675,66.87607578627112,67.71713626309703,58.29858044146094,46.99159415860659,58.21128405280187,20.725725950723152
PedNYC25,PedNYC25_scenario3,3,14.0,12.55427863342532,66.87584556226217,65.90296669495717,58.33027794980501,45.85352568495661,58.25840996825198,20.049569816339325
PedNYC25,PedNYC25_scenario3,3,15.0,12.594355538257615,66.87376106484714,64.05475307103163,58.36124474910761,44.735533625730234,58.31785269240408,19.31926817574352
PedNYC25,PedNYC25_scenario3,3,16.0,12.630642032979651,66.86778012961278,62.31117193381586,58.389940796161596,43.64063270095638,58.384481119402466,18.670540031124307
PedNYC25,PedNYC25_scenario3,3,17.0,12.62786284677288,66.85971385967908,60.72491368600901,58.41107827703309,42.57520430913688,58.45794545924283,18.149769888284766
PedNYC25,PedNYC25_scenario3,3,18.0,12.569437640640965,66.85836193893928,59.26976626389691,58.426317036328925,41.545118001849474,58.539864227890305,17.72501195988349
PedNYC25,PedNYC25_scenario3,3,19.0,12.542292469980762,66.89606949989452,57.86139551951392,58.44546755097575,40.54238968404854,58.63072227444674,17.319996606277158
PedNYC25,PedNYC25_scenario3,3,20.0,12.553045182834532,66.90370219718234,56.43644296228871,58.46591843497042,39.553018080701435,58.72824186328986,16.885462662102142
PedNYC25,PedNYC25_scenario3,3,21.0,12.587884837116583,66.9039079593221,54.94121386387389,58.48831887804389,38.56871144066163,58.827131798580844,16.37600774893607
PedNYC25,PedNYC25_scenario3,3,22.0,12.561902180812224,66.90918376214947,53.32286672277372,58.50857576641408,37.5801708020254,58.92988393136803,15.748332464835844
PedNYC25,PedNYC25_scenario3,3,23.0,12.490876987476108,66.81579253609519,51.5357413509627,58.52442540776487,36.59213032335243,59.038224493057214,14.952441273737296
PedNYC25,PedNYC25_scenario3,3,24.0,12.428283954226849,66.47212347251406,49.56137309528259,58.54135199115958,35.61786658146538,59.14058335339478,13.956376754958619
PedNYC25,PedNYC25_scenario3,3,25.0,12.342984286492351,66.02736606276237,47.43043374330233,58.561658313019734,34.67342824533746,59.217556187436735,12.773855772505442
PedNYC25,PedNYC25_scenario3,3,26.0,12.258017167908497,65.5409293036593,45.178992897211096,58.5824293691765,33.757898261396676,59.241729294216285,11.440108350509028
PedNYC25,PedNYC25_scenario3,3,27.0,12.221483744549959,64.98155996007024,42.84713424981592,58.601054112482,32.856550995715075,59.24489931926141,10.0113081266842
PedNYC25,PedNYC25_scenario3,3,28.0,12.203191616728438,64.42465220936005,40.49813022920525,58.61663836293749,31.970530517407816,59.24860752160636,8.550984847498933
PedNYC25,PedNYC25_scenario3,3,29.0,12.234212251101992,63.87687206251356,38.225314151793405,58.62237514243284,31.10798263033732,59.25332175807567,7.145243286138235
PedNYC25,PedNYC25_scenario3,3,30.0,12.219295030370358,63.267967359339124,36.14935335290258,58.61991666790982,30.278737746177743,59.26103381766667,5.905519350711973
PedNYC25,PedNYC25_scenario3,3,31.0,12.222225508352867,62.67496314779384,34.30275321655372,58.61453150953706,29.486252786563853,59.27274814462338,4.861267893337798
PedNYC25,PedNYC25_scenario3,3,32.0,12.253100655016526,62.1719278693576,33.10790712313256,58.614214171880825,28.741665210021754,59.28888244051651,4.418059044027072
PedNYC25,PedNYC25_scenario3,3,33.0,12.219114611857112,61.661853615837735,32.8422066403118,58.61463165283203,28.04912666126056,59.309318571493456,4.843160703563445
PedNYC25,PedNYC25_scenario3,3,34.0,12.193513412853152,61.25783114366619,32.84141837803569,58.61463928222656,27.38194609484643,59.334157595484875,5.506681778896057
PedNYC25,PedNYC25_scenario3,3,35.0,12.144520380567657,60.857966166092915,32.841682146623434,58.6146354675293,26.731277337114577,59.363595623375055,6.156134196970813
PedNYC25,PedNYC25_scenario3,3,36.0,12.011396133539419,60.41123840730858,32.826500770012764,58.61460967403209,26.11528965411549,59.39771122928997,6.7567449772794035
PedNYC25,PedNYC25_scenario3,3,37.0,11.870738376110786,60.02220417337129,32.691698069240935,58.614373473688545,25.53275887288209,59.437257232581636,7.206077164297717
PedNYC25,PedNYC25_scenario3,3,38.0,11.811402676039402,59.419715584225386,32.40285979407344,58.61431652920081,24.96110094145083,59.48422190308224,7.492430191873316
PedNYC25,PedNYC25_scenario3,3,39.0,11.761116696077622,58.78235977171294,31.982973559989958,58.61617158947414,24.39734687265384,59.53964334816101,7.641631522699725
PedNYC25,PedNYC25_scenario3,3,40.0,11.682464324938014,58.0730370019626,31.543155495823715,58.62034606220874,23.84141522737571,59.60319064084963,7.764199033280726
PedNYC25,PedNYC25_scenario3,3,41.0,11.573879273708828,57.288459565268,31.110162285441522,58.62635286630205,23.290639557947372,59.67519961681028,7.889551013324473
PedNYC25,PedNYC25_scenario3,3,42.0,11.495574025421565,56.593378476373786,30.647161048027677,58.63270808811376,22.741776105365055,59.7541945874558,7.984537748666692
PedNYC25,PedNYC25_scenario3,3,43.0,11.390052568456776,55.89437736754926,30.107807389975076,58.639499400463144,22.19381114021234,59.83994272580925,8.004523772132023
PedNYC25,PedNYC25_scenario3,3,44.0,11.305305775989858,55.21025771017015,29.419405841346265,58.64693609934243,21.64941377730531,59.9348451607762,7.876007010267489
PedNYC25,PedNYC25_scenario3,3,45.0,11.196540603780656,54.37314842135961,28.534839573984662,58.65481377481893,21.109480227547387,60.04048155504499,7.5535446394974075
PedNYC25,PedNYC25_scenario3,3,46.0,11.09074266251561,53.693434273247476,27.44331403414134,58.66582720795731,20.5857676602356,60.1584537363932,7.018110587876081
PedNYC25,PedNYC25_scenario3,3,47.0,10.919953893538375,53.08525305114143,26.15783903093263,58.68299588616874,20.082465067389357,60.28845100849561,6.283920348532842
PedNYC25,PedNYC25_scenario3,3,48.0,10.662917411018643,52.48000438297774,24.697786421361826,58.70128509086367,19.59522712810594,60.42914777941405,5.38717187508219
PedNYC25,PedNYC25_scenario3,3,49.0,10.417261766923664,51.954482650852775,23.08023610936963,58.71073035538237,19.11650321929611,60.58092436145984,4.382784964405474
PedNYC25,PedNYC25_scenario3,3,50.0,10.113926791420633,51.381684172618336,21.39120287062325,58.7080459675136,18.65170673227866,60.74583567589544,3.4142972904525863
PedNYC25,PedNYC25_scenario3,3,51.0,9.87207314760883,50.81525763447188,19.77463729701507,58.703624389102075,18.201773138821828,60.92643584082702,2.7230116433920153
PedNYC25,PedNYC25_scenario3,3,52.0,9.607660570036057,50.257208697627355,18.29981202966962,58.710641013693326,17.755062695243595,61.12438152656433,2.474448443761228
PedNYC25,PedNYC25_scenario3,3,53.0,9.36888021878665,49.75631178236074,16.96072813024756,58.7241095077732,17.30642987636306,61.33856312069435,2.637210153056403
PedNYC25,PedNYC25_scenario3,3,54.0,9.217340222863514,49.387721348546556,15.743083958375378,58.73142885554446,16.854257097193837,61.564299660532356,3.043002257998579
PedNYC25,PedNYC25_scenario3,3,55.0,8.930583791673623,48.69994940124527,14.62811497459469,58.734529487084096,16.399039972489494,61.80155468028401,3.5415842336293095
PedNYC25,PedNYC25_scenario3,3,56.0,8.828615939421844,48.18353236001879,13.547758438848286,58.7344838240257,15.953773600326201,62.050079381857195,4.096594056087755
PedNYC25,PedNYC25_scenario3,3,57.0,8.80372740734616,47.745925006592444,12.45211402793932,58.73259407384916,15.511497324055963,62.31234957761008,4.708978192693627
PedNYC25,PedNYC25_scenario3,3,58.0,8.81526413808808,47.65332463324537,11.382960287446565,58.73553968481893,15.076480602608045,62.58811302730651,5.337079133548283
PedNYC25,PedNYC25_scenario3,3,59.0,8.829791815261554,47.677617086044776,10.406809162944645,58.74774838512499,14.648769812295567,62.870374136853385,5.915257664671572
PedNYC25,PedNYC25_scenario3,3,60.0,8.846232962953142,47.68159834844756,9.592817221108042,58.81690663534876,14.224858576296457,63.15470050845154,6.346043082244538
PedNYC25,PedNYC25_scenario3,3,61.0,8.872685578075693,47.68101503575592,9.061792755870508,58.94076414223408,13.804559928132043,63.441393412408345,6.538310506379383
PedNYC25,PedNYC25_scenario3,3,62.0,8.912073802414183,47.72083981090178,8.583262624803828,59.137802773088325,13.38433867271278,63.72923707309056,6.643161908988975
PedNYC25,PedNYC25_scenario3,3,63.0,8.895895693395286,47.74190169425458,7.965667350961871,59.52142277960763,12.948068275175139,64.03103210456784,6.720185654680182
PedNYC25,PedNYC25_scenario3,3,64.0,8.884671417383258,47.75094532957019,7.175058228711204,60.21842496279295,12.487165085558566,64.35834692845056,6.73479273179948
PedNYC25,PedNYC25_scenario3,3,65.0,8.848220646521703,47.7788308385826,6.345978714880444,61.34742842044539,12.019842752345827,64.70794653757511,6.594377539328489
PedNYC25,PedNYC25_scenario3,3,66.0,8.749366818477654,47.818696766881025,5.615474503785229,62.96234042599959,11.563089049024521,65.06475977171985,6.308271227840539
PedNYC25,PedNYC25_scenario3,3,67.0,8.705084318671291,47.8788516205664,4.984509993449266,64.99249323090798,11.125353221312198,65.43112854054232,6.15648897376159
PedNYC25,PedNYC25_scenario3,3,68.0,8.715271685604758,47.89795672303474,4.299189415272246,67.29891613065439,10.703503907086743,65.82565879018274,6.571585143731973
PedNYC25,PedNYC25_scenario3,3,69.0,8.739599526202621,47.836057018240005,3.539964646485341,69.82846550490535,10.296320275694239,66.25430176181095,7.6434931707167335
PedNYC25,PedNYC25_scenario3,3,70.0,8.807414493570386,47.82236363072956,2.9612448503827844,72.5708943145239,9.904378244228761,66.71856148216824,9.080578225278781
PedNYC25,PedNYC25_scenario3,3,71.0,8.826745220389467,47.865068541084945,2.7109379385430437,75.25472651292705,9.5315283729045,67.20367015557181,10.55177531710248
PedNYC25,PedNYC25_scenario3,3,72.0,8.814720703789956,47.82813518811743,2.7201884004112418,77.7073485616615,9.184760453607627,67.68611650642205,11.925425935199398
PedNYC25,PedNYC25_scenario3,3,73.0,8.78590758646929,47.81659624503241,2.8188940880524083,79.93032092039323,8.862627757873526,68.14877984054955,13.241277388823692
PedNYC25,PedNYC25_scenario3,3,74.0,8.778328666875794,47.83222431963103,2.890419437498325,81.64667385407219,8.554397276178138,68.55002973306665,14.268942924734299
PedNYC25,PedNYC25_scenario3,3,75.0,8.771117140917685,47.833125152861896,2.912329794856476,82.25566670181303,8.251458157135039,68.83172210818353,14.446749811695433
PedNYC25,PedNYC25_scenario3,3,76.0,8.776924823871733,47.826856215680664,2.9124799707423135,82.25949454837985,7.948061536788176,69.03234934893594,14.153248808505875
PedNYC25,PedNYC25_scenario3,3,77.0,8.781784419689702,47.821659621313536,2.912485122680664,82.25967336791301,7.642949518640109,69.22200623952101,13.869320731463143
PedNYC25,PedNYC25_scenario3,3,78.0,8.78089066747001,47.818110802825075,2.912484884262085,82.25967407226562,7.338154765478725,69.41339109471703,13.587256538270077
PedNYC25,PedNYC25_scenario3,3,79.0,8.77178112651535,47.81633506107687,2.912484884262085,82.2596664428711,7.03810102803054,69.60034136012717,13.314624294974012
PedNYC25,PedNYC25_scenario3,3,80.0,8.745580803487128,47.831178686238836,2.912484884262085,82.2596664428711,6.7555268993645585,69.77965833178384,13.058314377539187
PedNYC25,PedNYC25_scenario3,3,81.0,8.760453058126505,47.826434483833076,2.9124847000707597,82.25966054874868,6.490155324376886,69.97621832589967,12.793853209181862
PedNYC25,PedNYC25_scenario3,3,82.0,8.79388424055186,47.81629124147357,2.912484884262085,82.2596664428711,6.2379248171539015,70.20137867108396,12.508431345876376
PedNYC25,PedNYC25_scenario3,3,83.0,8.825983245915866,47.82429152026695,2.912484884262085,82.2596664428711,5.995911679803471,70.45615229930739,12.199609294595094
PedNYC25,PedNYC25_scenario3,3,84.0,8.827849444372527,47.830475706411036,2.9124850554473807,82.2596664428711,5.764242515426245,70.74446864020733,11.863064572235011
PedNYC25,PedNYC25_scenario3,3,85.0,8.798960857845032,47.83397315205703,2.912484645843506,82.25966225787919,5.540059061864634,71.06557654384461,11.498334761385305
PedNYC25,PedNYC25_scenario3,3,86.0,8.780688357631574,47.85829904485068,2.9124847938175566,82.2596664428711,5.3242609602761295,71.41245216612434,11.112097994652325
PedNYC25,PedNYC25_scenario3,3,87.0,8.76678026561946,47.86092941626188,2.912484884262085,82.25967248107334,5.125956036887212,71.75792129094205,10.732484922091786
PedNYC25,PedNYC25_scenario3,3,88.0,8.771031362544292,47.84028002526755,2.912484884262085,82.2596664428711,4.947475499867244,72.12152244063688,10.340365110364267
PedNYC25,PedNYC25_scenario3,3,89.0,8.775403238311403,47.843992059464036,2.912485091058564,82.2596664428711,4.788776383264921,72.50182982215621,9.93659119264619
PedNYC25,PedNYC25_scenario3,3,90.0,8.790936051398818,47.85054438226313,2.912484884262085,82.2596664428711,4.6561643454703505,72.88631245815132,9.534158745600031
PedNYC25,PedNYC25_scenario3,3,91.0,8.79466228766678,47.84068978788049,2.9124849967176325,82.25967004144862,4.541319857860144,73.23877602644941,9.166767796487568
PedNYC25,PedNYC25_scenario3,3,92.0,8.805760553602196,47.82888924033216,2.9124847990188227,82.2596637150867,4.4414237484248185,73.57152561571272,8.82164372125765
PedNYC25,PedNYC25_scenario3,3,93.0,8.811397338757583,47.83001045975133,2.9124848391719738,82.25966499998754,4.354287940176664,73.91672271575916,8.466609837475236
PedNYC25,PedNYC25_scenario3,3,94.0,8.804626307945469,47.83312728595729,2.912485122680664,82.25966658695093,4.276295767848621,74.27286128259102,8.102409422241323
PedNYC25,PedNYC25_scenario3,3,95.0,8.8032706597133,47.82306987521771,2.9124850865692267,82.25967291669963,4.2067162679935315,74.6337692054081,7.734949370542825
PedNYC25,PedNYC25_scenario3,3,96.0,8.785971552152748,47.82977394758696,2.912484884262085,82.2596664428711,4.142761687059511,74.99152372970288,7.371531693649679
PedNYC25,PedNYC25_scenario3,3,97.0,8.788610648728572,47.83282010331317,2.912484884262085,82.2596664428711,4.077912205023531,75.3257292196561,7.031195222397377
PedNYC25,PedNYC25_scenario3,3,98.0,8.790882667892403,47.842043084850374,2.9124849650028524,82.2596664428711,4.012301900808885,75.60573260915322,6.744214761985355
PedNYC25,PedNYC25_scenario3,3,99.0,8.80590124334585,47.891462347403994,2.912484884262085,82.2596664428711,3.94953882230642,75.82344632112682,6.519233875691153
PedNYC25,PedNYC25_scenario3,3,100.0,8.807153701782227,47.98464584350586,2.912484884262085,82.2596664428711,3.7100090086460114,76.38669713338216,5.926872129477175
PedNYC26,PedNYC26_scenario3,3,0.0,12.584803581237791,67.10721588134766,84.68987274169922,58.0099983215332,62.701661330003006,58.073510096623345,21.98830313669117
PedNYC26,PedNYC26_scenario3,3,1.0,12.608535731265256,67.22055173642505,84.68970616265811,58.00999669221685,61.586140699051676,58.07912354878876,23.10366887863154
PedNYC26,PedNYC26_scenario3,3,2.0,12.680162934155877,67.23905203152715,84.6806093852104,58.010057490568805,60.42569343326351,58.08433211689549,24.25502967543276
PedNYC26,PedNYC26_scenario3,3,3.0,12.727228502465687,67.21200402605089,84.63115606322921,58.010487450955374,59.22510678105261,58.08956810436784,25.40617235787655
PedNYC26,PedNYC26_scenario3,3,4.0,12.74121946756118,67.18623117009858,84.49834173800113,58.01187750620093,58.003688249000035,58.09333328007304,26.494778703460327
PedNYC26,PedNYC26_scenario3,3,5.0,12.785336150563113,67.14312811225447,84.25514485349065,58.01470779094899,56.76471597116505,58.097147221127884,27.49055249342671
PedNYC26,PedNYC26_scenario3,3,6.0,12.80915455807225,67.11762431339042,83.90035811535188,58.01945883098469,55.50968118649119,58.100329271527805,28.390792107778466
PedNYC26,PedNYC26_scenario3,3,7.0,12.749551899598206,67.19334865565119,83.44256585443506,58.0268817313241,54.24878192588897,58.1052684830906,29.193889164506473
PedNYC26,PedNYC26_scenario3,3,8.0,12.647703931442178,67.19081643725292,82.89328060794757,58.03970976637676,52.99165346030576,58.11238213143323,29.9017154583016
PedNYC26,PedNYC26_scenario3,3,9.0,12.604892876515091,67.11532767889497,82.23987144401501,58.05584214666377,51.73794980709507,58.120574198430326,30.50199032494979
PedNYC26,PedNYC26_scenario3,3,10.0,12.615742878038056,67.06811614912384,81.46140051471944,58.07633126706493,50.508680151036245,58.13221916501776,30.952770818934873
PedNYC26,PedNYC26_scenario3,3,11.0,12.630481842001176,67.05326687399153,80.54445985438439,58.101976743328784,49.31427559377006,58.150455115833545,31.23022188689224
PedNYC26,PedNYC26_scenario3,3,12.0,12.684380405752089,66.99366483324444,79.47384946025191,58.13611470962163,48.146728976138476,58.17627587173389,31.327146227275506
PedNYC26,PedNYC26_scenario3,3,13.0,12.725000303363558,66.98011094187669,78.24111667054062,58.17564406914706,46.99159415860659,58.21128405280187,31.24954283557292
PedNYC26,PedNYC26_scenario3,3,14.0,12.750443925563776,66.98989509985297,76.84256180498899,58.21451354935878,45.85352568495661,58.25840996825198,30.989067209973637
PedNYC26,PedNYC26_scenario3,3,15.0,12.691415892784265,66.97670535339505,75.28763395801774,58.26164382614943,44.735533625730234,58.31785269240408,30.552152037963015
PedNYC26,PedNYC26_scenario3,3,16.0,12.639531733461972,66.98538317354524,73.5904268400456,58.31720847403878,43.64063270095638,58.384481119402466,29.949869692248026
PedNYC26,PedNYC26_scenario3,3,17.0,12.605139621057292,67.01297614667288,71.78618541336847,58.382540218978455,42.57520430913688,58.45794545924283,29.211078429630675
PedNYC26,PedNYC26_scenario3,3,18.0,12.611666586928822,67.01051696972519,69.93825335450815,58.45876833867556,41.545118001849474,58.539864227890305,28.393251164627898
PedNYC26,PedNYC26_scenario3,3,19.0,12.620484215578859,67.00236744206242,68.0990714723054,58.5312192727917,40.54238968404854,58.63072227444674,27.55686143280083
PedNYC26,PedNYC26_scenario3,3,20.0,12.63364011496434,67.00225218498491,66.28431427098444,58.58326937441649,39.553018080701435,58.72824186328986,26.731689303805116
PedNYC26,PedNYC26_scenario3,3,21.0,12.639600256816902,67.00833362752,64.49067307387323,58.60949567722035,38.56871144066163,58.827131798580844,25.922875233951476
PedNYC26,PedNYC26_scenario3,3,22.0,12.643456814815005,67.01576502117483,62.712245785568356,58.62816250986524,37.5801708020254,58.92988393136803,25.13388606631731
PedNYC26,PedNYC26_scenario3,3,23.0,12.67367902801192,67.00366949247935,60.946789007135116,58.647835765120696,36.59213032335243,59.038224493057214,24.357787316635545
PedNYC26,PedNYC26_scenario3,3,24.0,12.697324270566318,66.99679917963213,59.1916765219776,58.66906517006448,35.61786658146538,59.14058335339478,23.57852507067827
PedNYC26,PedNYC26_scenario3,3,25.0,12.701579642521988,67.00297672538176,57.44189803655365,58.67766105286906,34.67342824533746,59.217556187436735,22.774869997210832
PedNYC26,PedNYC26_scenario3,3,26.0,12.680682182302418,67.02792467845198,55.675676458244915,58.67457495618394,33.757898261396676,59.241729294216285,21.92511493993555
PedNYC26,PedNYC26_scenario3,3,27.0,12.668072378247977,67.03546414101456,53.888375869530584,58.66684153412544,32.856550995715075,59.24489931926141,21.039767306835905
PedNYC26,PedNYC26_scenario3,3,28.0,12.681531474987095,67.01744563829422,52.06440098612567,58.65669964411232,31.970530517407816,59.24860752160636,20.10258653380333
PedNYC26,PedNYC26_scenario3,3,29.0,12.641770925456324,66.96321447442726,50.1733182082334,58.64587874158184,31.10798263033732,59.25332175807567,19.07501003187356
PedNYC26,PedNYC26_scenario3,3,30.0,12.594431482000363,66.75387264261423,48.20563768225458,58.636273510404656,30.278737746177743,59.26103381766667,17.937783217545082
PedNYC26,PedNYC26_scenario3,3,31.0,12.534384620944191,66.51336030318086,46.17098759687369,58.62934616201806,29.486252786563853,59.27274814462338,16.697135736454477
PedNYC26,PedNYC26_scenario3,3,32.0,12.434801089375192,66.23395526759704,44.09095828545017,58.62932229958246,28.741665210021754,59.28888244051651,15.363457211672888
PedNYC26,PedNYC26_scenario3,3,33.0,12.404477719841815,65.96661491447746,42.00023970832912,58.631410370211206,28.04912666126056,59.309318571493456,13.967573689852234
PedNYC26,PedNYC26_scenario3,3,34.0,12.488376816660818,65.65192333748378,39.92104417299163,58.62640377280198,27.38194609484643,59.334157595484875,12.559056337435024
PedNYC26,PedNYC26_scenario3,3,35.0,12.479708514208749,65.32402843455547,37.868930373390924,58.60747694638578,26.731277337114577,59.363595623375055,11.163289417110342
PedNYC26,PedNYC26_scenario3,3,36.0,12.388884630734132,64.97393575518663,35.88737742720155,58.57376769676695,26.11528965411549,59.39771122928997,9.806762074695428
PedNYC26,PedNYC26_scenario3,3,37.0,12.396242228754067,64.65863465780909,34.00097073803988,58.52920155377455,25.53275887288209,59.437257232581636,8.516758615166511
PedNYC26,PedNYC26_scenario3,3,38.0,12.46182837345688,64.34487332350608,32.238205346078296,58.49311160857792,24.96110094145083,59.48422190308224,7.344286768074958
PedNYC26,PedNYC26_scenario3,3,39.0,12.490427938189217,64.05140262736641,30.58659435133195,58.47036650704346,24.39734687265384,59.53964334816101,6.280934430104621
PedNYC26,PedNYC26_scenario3,3,40.0,12.484745189724862,63.74885840025329,29.009935058962164,58.45002564366914,23.84141522737571,59.60319064084963,5.29560069871443
PedNYC26,PedNYC26_scenario3,3,41.0,12.496388788347993,63.417755355553524,27.479070977857646,58.431561688993064,23.290639557947372,59.67519961681028,4.369163885092558
PedNYC26,PedNYC26_scenario3,3,42.0,12.479755195957315,63.13183260156058,25.983903088630406,58.40730280384474,22.741776105365055,59.7541945874558,3.5107698375678598
PedNYC26,PedNYC26_scenario3,3,43.0,12.425499653201534,62.85659584627888,24.473217423571032,58.36657906984496,22.19381114021234,59.83994272580925,2.7141284913083155
PedNYC26,PedNYC26_scenario3,3,44.0,12.442379148883111,62.61575553579527,22.963887507774476,58.31522080152524,21.64941377730531,59.9348451607762,2.0859108929128776
PedNYC26,PedNYC26_scenario3,3,45.0,12.51367624873402,62.36676945960579,21.55790218716541,58.279622020390605,21.109480227547387,60.04048155504499,1.8170604157955044
PedNYC26,PedNYC26_scenario3,3,46.0,12.525285655147538,62.16744971516395,20.26484684161299,58.260919011584825,20.5857676602356,60.1584537363932,1.9244812817169712
PedNYC26,PedNYC26_scenario3,3,47.0,12.460768434412008,61.98739891162443,19.076655600522564,58.246409721067494,20.082465067389357,60.28845100849561,2.2763095798243165
PedNYC26,PedNYC26_scenario3,3,48.0,12.450361478261403,61.902505136355835,17.985004850672812,58.20020884854337,19.59522712810594,60.42914777941405,2.7497244480661824
PedNYC26,PedNYC26_scenario3,3,49.0,12.480900206133537,61.862331009593866,16.962841776645902,58.117005348793,19.11650321929611,60.58092436145984,3.272484455354879
PedNYC26,PedNYC26_scenario3,3,50.0,12.492777146054769,61.84286167273884,15.977133133856332,58.02596898323225,18.65170673227866,60.74583567589544,3.8145797618134027
PedNYC26,PedNYC26_scenario3,3,51.0,12.49519923827523,61.83664332030579,14.979194149761877,57.95473925160997,18.201773138821828,60.92643584082702,4.383605360784076
PedNYC26,PedNYC26_scenario3,3,52.0,12.4879749776028,61.832320768458686,13.929156193821875,57.92979981021536,17.755062695243595,61.12438152656433,4.984266535815688
PedNYC26,PedNYC26_scenario3,3,53.0,12.478983003945281,61.82936757876792,12.791699168293196,57.97665437958628,17.30642987636306,61.33856312069435,5.628962937338272
PedNYC26,PedNYC26_scenario3,3,54.0,12.44369694342864,61.82338219197189,11.558987722721687,58.10912103524115,16.854257097193837,61.564299660532356,6.3228266685788475
PedNYC26,PedNYC26_scenario3,3,55.0,12.44032246322482,61.813635648515614,10.236761159759556,58.36357286381884,16.399039972489494,61.80155468028401,7.056443802381301
PedNYC26,PedNYC26_scenario3,3,56.0,12.455556392769568,61.789420855216115,8.875328198878616,58.81502322242095,15.953773600326201,62.050079381857195,7.782671627145839
PedNYC26,PedNYC26_scenario3,3,57.0,12.510962903236706,61.7428518838937,7.560697947900411,59.52042843321735,15.511497324055963,62.31234957761008,8.426745184018722
PedNYC26,PedNYC26_scenario3,3,58.0,12.527597637406993,61.64935315418202,6.372864774976065,60.505870561227205,15.076480602608045,62.58811302730651,8.949226903065423
PedNYC26,PedNYC26_scenario3,3,59.0,12.533797059343234,61.47611913072984,5.374175668968881,61.75212723448591,14.648769812295567,62.870374136853385,9.341764964827798
PedNYC26,PedNYC26_scenario3,3,60.0,12.583419734270988,61.31451817847217,4.612193761233277,63.23049004406631,14.224858576296457,63.15470050845154,9.61296358572435
PedNYC26,PedNYC26_scenario3,3,61.0,12.623195066980802,61.04458016717554,4.112356048730131,64.90114488429488,13.804559928132043,63.441393412408345,9.801514699247683
PedNYC26,PedNYC26_scenario3,3,62.0,12.517632062691863,60.853299244132096,3.7925585721461577,66.71804112701571,13.38433867271278,63.72923707309056,10.046650942995146
PedNYC26,PedNYC26_scenario3,3,63.0,12.400580906305526,60.625649746976535,3.4888019444810956,68.64434963825475,12.948068275175139,64.03103210456784,10.524277561031209
PedNYC26,PedNYC26_scenario3,3,64.0,12.433514777570126,60.3532043757251,3.1605863460192887,70.67097401415833,12.487165085558566,64.35834692845056,11.26207492907224
PedNYC26,PedNYC26_scenario3,3,65.0,12.470513359431443,60.06345965430755,2.8807676622784313,72.81236070843619,12.019842752345827,64.70794653757511,12.214918033075138
PedNYC26,PedNYC26_scenario3,3,66.0,12.419384446567168,59.79810458465909,2.726476181083637,75.07598678827536,11.563089049024521,65.06475977171985,13.353291480188297
PedNYC26,PedNYC26_scenario3,3,67.0,12.339871415885037,59.49864604816245,2.7292919674482365,77.46329704583972,11.125353221312198,65.43112854054232,14.671977491752994
PedNYC26,PedNYC26_scenario3,3,68.0,12.31881701482297,59.12492272042474,2.8651428016145193,79.9554117685365,10.703503907086743,65.82565879018274,16.158274166787628
PedNYC26,PedNYC26_scenario3,3,69.0,12.285202852433438,58.74080719102278,3.0508220776479247,82.52290034550039,10.296320275694239,66.25430176181095,17.809114071595882
PedNYC26,PedNYC26_scenario3,3,70.0,12.245139145556733,58.42342203610658,3.224977017853963,85.13912763148825,9.904378244228761,66.71856148216824,19.594174083241462
PedNYC26,PedNYC26_scenario3,3,71.0,12.261281937232523,57.98206670118331,3.3618890951607425,87.78131301818115,9.5315283729045,67.20367015557181,21.482640307899203
PedNYC26,PedNYC26_scenario3,3,72.0,12.254818766444902,57.52902405644806,3.46483458013202,90.36461156572615,9.184760453607627,67.68611650642205,23.388708603788622
PedNYC26,PedNYC26_scenario3,3,73.0,12.187677646891943,57.09868472716355,3.540011749691898,92.76977095399904,8.862627757873526,68.14877984054955,25.18974879944439
PedNYC26,PedNYC26_scenario3,3,74.0,12.172671927660252,56.66482119452883,3.5914183265181268,94.7076602355476,8.554397276178138,68.55002973306665,26.624289540926544
PedNYC26,PedNYC26_scenario3,3,75.0,12.138809740059381,56.24443659307932,3.6152743621318226,95.71385732208216,8.251458157135039,68.83172210818353,27.278991803939153
PedNYC26,PedNYC26_scenario3,3,76.0,12.056360401834834,55.80309039393445,3.6180329343571893,95.8335953644419,7.948061536788176,69.03234934893594,27.148774110105688
PedNYC26,PedNYC26_scenario3,3,77.0,12.03238466546809,55.37201978275394,3.618048107448558,95.83432997534052,7.642949518640109,69.22200623952101,26.914969923629386
PedNYC26,PedNYC26_scenario3,3,78.0,12.004290549703892,54.9327672887333,3.6180496215820312,95.83439636230467,7.338154765478725,69.41339109471703,26.681617297898956
PedNYC26,PedNYC26_scenario3,3,79.0,11.94768342939727,54.48657569212142,3.6180496215820312,95.83439217064831,7.03810102803054,69.60034136012717,26.45604228813817
PedNYC26,PedNYC26_scenario3,3,80.0,11.948299405718332,54.05745329162454,3.6180496215820312,95.83438873291016,6.7555268993645585,69.77965833178384,26.242956006211987
PedNYC26,PedNYC26_scenario3,3,81.0,11.914998035879497,53.599866369070845,3.6180496215820312,95.83438873291016,6.490155324376886,69.97621832589967,26.01718601167351
PedNYC26,PedNYC26_scenario3,3,82.0,11.806831925336754,53.18163331069327,3.6180496215820312,95.83438797888199,6.2379248171539015,70.20137867108396,25.766546377309343
PedNYC26,PedNYC26_scenario3,3,83.0,11.761143557366779,52.76420030368817,3.6180496215820312,95.83438873291016,5.995911679803471,70.45615229930739,25.48939215532163
PedNYC26,PedNYC26_scenario3,3,84.0,11.59347772316651,52.354786845520906,3.61804981231598,95.83439483639653,5.764242515426245,70.74446864020733,25.18155157350525
PedNYC26,PedNYC26_scenario3,3,85.0,11.38725143035211,51.994892242318734,3.6180494427672376,95.83438491815791,5.540059061864634,71.06557654384461,24.843268489861703
PedNYC26,PedNYC26_scenario3,3,86.0,11.271499852155419,51.607288041845884,3.6180496215820312,95.8343940779328,5.3242609602761295,71.41245216612434,24.481470623229214
PedNYC26,PedNYC26_scenario3,3,87.0,11.13829674504207,51.215314486970435,3.6180496215820312,95.83438873291016,5.125956036887212,71.75792129094205,24.12364123098892
PedNYC26,PedNYC26_scenario3,3,88.0,10.945664161528537,50.87573640005458,3.6180496215820312,95.83438873291016,4.947475499867244,72.12152244063688,23.750103177903977
PedNYC26,PedNYC26_scenario3,3,89.0,10.789272227106759,50.527797792831784,3.6180496215820312,95.83438910988758,4.788776383264921,72.50182982215621,23.3619118238645
PedNYC26,PedNYC26_scenario3,3,90.0,10.600369975330084,50.246625948096614,3.6180496215820312,95.83438873291016,4.6561643454703505,72.88631245815132,22.97154515682615
PedNYC26,PedNYC26_scenario3,3,91.0,10.351579550389275,50.0512531962088,3.6180496215820312,95.83438873291016,4.541319857860144,73.23877602644941,22.61446752655404
PedNYC26,PedNYC26_scenario3,3,92.0,10.133871078159466,49.903267787478256,3.6180496215820312,95.83438873291016,4.4414237484248185,73.57152561571272,22.278083829805116
PedNYC26,PedNYC26_scenario3,3,93.0,9.996216105744661,49.775727195817645,3.6180496215820312,95.83438757954387,4.354287940176664,73.91672271575916,21.930026902467535
PedNYC26,PedNYC26_scenario3,3,94.0,9.877477516900925,49.68549355461484,3.6180496215820312,95.83438873291016,4.276295767848621,74.27286128259102,21.571572821190863
PedNYC26,PedNYC26_scenario3,3,95.0,9.685774950364591,49.63283002538061,3.6180496215820312,95.83438873291016,4.2067162679935315,74.6337692054081,21.208790554166423
PedNYC26,PedNYC26_scenario3,3,96.0,9.543952561270661,49.4443778442396,3.6180496215820312,95.83438722492714,4.142761687059511,74.99152372970288,20.849467173820294
PedNYC26,PedNYC26_scenario3,3,97.0,9.571613430585096,49.32015600403973,3.6180496215820312,95.83438873291016,4.077912205023531,75.3257292196561,20.513814580088116
PedNYC26,PedNYC26_scenario3,3,98.0,9.559509742677523,49.32554859635167,3.6180496215820312,95.83439636230467,4.012301900808885,75.60573260915322,20.232505334182886
PedNYC26,PedNYC26_scenario3,3,99.0,9.517454704134282,49.393492390693986,3.6180496215820312,95.83438873291016,3.94953882230642,75.82344632112682,20.01368784851772
PedNYC26,PedNYC26_scenario3,3,100.0,9.513811111450195,49.48469161987305,3.6180496215820312,95.83438873291016,3.7100090086460114,76.38669713338216,19.447909015604253
PedNYC28,PedNYC28_scenario3,3,0.0,12.696974754333496,66.91023254394531,42.87148284912109,57.51835632324219,62.701661330003006,58.073510096623345,19.837947834787037
PedNYC28,PedNYC28_scenario3,3,1.0,12.699473135120696,66.84882003499092,41.950947145027286,57.5312655209732,61.586140699051676,58.07912354878876,19.642835190538122
PedNYC28,PedNYC28_scenario3,3,2.0,12.69108117376808,66.77610698424475,41.02205593841352,57.546060951821985,60.42569343326351,58.08433211689549,19.411102077901138
PedNYC28,PedNYC28_scenario3,3,3.0,12.659781957919689,66.68585345502532,40.08434174758104,57.56234796049433,59.22510678105261,58.08956810436784,19.14802462779578
PedNYC28,PedNYC28_scenario3,3,4.0,12.614890279819841,66.58826319306002,39.13907593184729,57.57964910113599,58.003688249000035,58.09333328007304,18.871604841988436
PedNYC28,PedNYC28_scenario3,3,5.0,12.562848958417888,66.47410488224887,38.18527158756336,57.59720376309385,56.76471597116505,58.097147221127884,18.5861695102724
PedNYC28,PedNYC28_scenario3,3,6.0,12.521656689743,66.36117417709323,37.224756585713536,57.613496600698674,55.50968118649119,58.100329271527805,18.291404366683018
PedNYC28,PedNYC28_scenario3,3,7.0,12.499022561157018,66.2298621522697,36.25854182945005,57.62611030344926,54.24878192588897,58.1052684830906,17.996619996228063
PedNYC28,PedNYC28_scenario3,3,8.0,12.49227663835157,66.09513259114236,35.29370393493796,57.63456745893122,52.99165346030576,58.11238213143323,17.704398443994776
PedNYC28,PedNYC28_scenario3,3,9.0,12.491127450820926,65.96260392130878,34.33819748647129,57.637073335188916,51.73794980709507,58.120574198430326,17.40646873733463
PedNYC28,PedNYC28_scenario3,3,10.0,12.494655331046665,65.8286954582063,33.39605900621099,57.633157093588665,50.508680151036245,58.13221916501776,17.119896769474384
PedNYC28,PedNYC28_scenario3,3,11.0,12.50243382150537,65.68031810242353,32.466614503861855,57.6245969332768,49.31427559377006,58.150455115833545,16.85586577511131
PedNYC28,PedNYC28_scenario3,3,12.0,12.516800456939329,65.5158043931985,31.54994371248797,57.6118983957061,48.146728976138476,58.17627587173389,16.606378383716727
PedNYC28,PedNYC28_scenario3,3,13.0,12.525439545184149,65.38260360852671,30.64559756033437,57.59514686698109,46.99159415860659,58.21128405280187,16.357604648067458
PedNYC28,PedNYC28_scenario3,3,14.0,12.53501720662521,65.22891017001245,29.753739976264807,57.57475569100266,45.85352568495661,58.25840996825198,16.11429436980093
PedNYC28,PedNYC28_scenario3,3,15.0,12.547495150047178,65.05778477525388,28.88393906720385,57.55172307006172,44.735533625730234,58.31785269240408,15.87009781463661
PedNYC28,PedNYC28_scenario3,3,16.0,12.559060727904225,64.89030820431327,28.042971694683086,57.52659923232536,43.64063270095638,58.384481119402466,15.621235232810287
PedNYC28,PedNYC28_scenario3,3,17.0,12.56320103499217,64.71463201904955,27.233112648244543,57.49997076731001,42.57520430913688,58.45794545924283,15.371970987534615
PedNYC28,PedNYC28_scenario3,3,18.0,12.554937718889539,64.53974453280513,26.453306769868323,57.4720732577586,41.545118001849474,58.539864227890305,15.129538784035924
PedNYC28,PedNYC28_scenario3,3,19.0,12.545835017616564,64.37224222266379,25.703180059690848,57.44407058548971,40.54238968404854,58.63072227444674,14.886580685521254
PedNYC28,PedNYC28_scenario3,3,20.0,12.540334320068359,64.22373657226562,24.981267166137695,57.418260955810545,39.553018080701435,58.72824186328986,14.630515188948388
PedNYC28,PedNYC28_scenario3,3,21.0,12.53265915693568,64.04961177651624,24.286128742724063,57.39548142716295,38.56871144066163,58.827131798580844,14.354155889825307
PedNYC28,PedNYC28_scenario3,3,22.0,12.52357742965545,63.87050812238986,23.61768135239056,57.37501993723951,37.5801708020254,58.92988393136803,14.0487975880999
PedNYC28,PedNYC28_scenario3,3,23.0,12.51213404272438,63.684601643446435,22.973953076739573,57.356577085184234,36.59213032335243,59.038224493057214,13.72161395480029
PedNYC28,PedNYC28_scenario3,3,24.0,12.494689747561003,63.51565209991347,22.354669423634682,57.33999730745312,35.61786658146538,59.14058335339478,13.38486118554571
PedNYC28,PedNYC28_scenario3,3,25.0,12.470254354679,63.36647870402812,21.758386129671514,57.32511282803398,34.67342824533746,59.217556187436735,13.052955784724498
PedNYC28,PedNYC28_scenario3,3,26.0,12.434843401956847,63.22126209435569,21.184730758283216,57.31188506412314,33.757898261396676,59.241729294216285,12.72041036341879
PedNYC28,PedNYC28_scenario3,3,27.0,12.387607154532775,63.07547701110422,20.632755773888245,57.30035609972069,32.856550995715075,59.24489931926141,12.37749643335914
PedNYC28,PedNYC28_scenario3,3,28.0,12.340380987166352,62.91749603841132,20.104926044898676,57.29033977741866,31.970530517407816,59.24860752160636,12.026112508036622
PedNYC28,PedNYC28_scenario3,3,29.0,12.31993809091554,62.78059785686279,19.61798277671131,57.28190983918493,31.10798263033732,59.25332175807567,11.657896962585928
PedNYC28,PedNYC28_scenario3,3,30.0,12.328450383197476,62.64880567545252,19.190661097248732,57.27510019906382,30.278737746177743,59.26103381766667,11.264518458861073
PedNYC28,PedNYC28_scenario3,3,31.0,12.355404949385722,62.50935105895043,18.843672247468632,57.27001281013942,29.486252786563853,59.27274814462338,10.829379915356137
PedNYC28,PedNYC28_scenario3,3,32.0,12.371163902052452,62.40951940811536,18.60325876851277,57.26673331042571,28.741665210021754,59.28888244051651,10.33810293417307
PedNYC28,PedNYC28_scenario3,3,33.0,12.376715616096432,62.30320916027153,18.48760755846675,57.26523932154047,28.04912666126056,59.309318571493456,9.777571658299381
PedNYC28,PedNYC28_scenario3,3,34.0,12.371341201353315,62.19532142809117,18.473443203385425,57.2650584436146,27.38194609484643,59.334157595484875,9.14563256792221
PedNYC28,PedNYC28_scenario3,3,35.0,12.352252777811945,62.08589373324496,18.473049602587356,57.26505279541016,26.731277337114577,59.363595623375055,8.520692889437893
PedNYC28,PedNYC28_scenario3,3,36.0,12.325894321365954,61.96719432017211,18.472833467150952,57.265045166015625,26.11528965411549,59.39771122928997,7.934443969624754
PedNYC28,PedNYC28_scenario3,3,37.0,12.300170193367265,61.84220682416644,18.472762238119735,57.265045166015625,25.53275887288209,59.437257232581636,7.386613415157909
PedNYC28,PedNYC28_scenario3,3,38.0,12.285075607887231,61.735467396778624,18.472745371390435,57.265045166015625,24.96110094145083,59.48422190308224,6.85736854732713
PedNYC28,PedNYC28_scenario3,3,39.0,12.27799635683563,61.62503629001989,18.472740173339844,57.265045166015625,24.39734687265384,59.53964334816101,6.34623994439033
PedNYC28,PedNYC28_scenario3,3,40.0,12.289564584211437,61.50667718795595,18.472740173339844,57.26504285483657,23.84141522737571,59.60319064084963,5.855732823914081
PedNYC28,PedNYC28_scenario3,3,41.0,12.310319826684841,61.364824292485295,18.472740173339844,57.265045166015625,23.290639557947372,59.67519961681028,5.387114158516311
PedNYC28,PedNYC28_scenario3,3,42.0,12.3190628663162,61.16989828593477,18.472740173339844,57.265045166015625,22.741776105365055,59.7541945874558,4.941713531881256
PedNYC28,PedNYC28_scenario3,3,43.0,12.307697825148878,60.97637890288563,18.472740173339844,57.265045166015625,22.19381114021234,59.83994272580925,4.525092991744212
PedNYC28,PedNYC28_scenario3,3,44.0,12.278836792798476,60.73865630796498,18.472740173339844,57.265045166015625,21.64941377730531,59.9348451607762,4.149588798682888
PedNYC28,PedNYC28_scenario3,3,45.0,12.267286975881031,60.51996342546231,18.472740173339844,57.265045166015625,21.109480227547387,60.04048155504499,3.8282431039591467
PedNYC28,PedNYC28_scenario3,3,46.0,12.26915251538645,60.30093065821133,18.472740173339844,57.265045166015625,20.5857676602356,60.1584537363932,3.582833838668965
PedNYC28,PedNYC28_scenario3,3,47.0,12.276287236366956,60.11530196919581,18.472740173339844,57.265045166015625,20.082465067389357,60.28845100849561,3.425229499298528
PedNYC28,PedNYC28_scenario3,3,48.0,12.26252099879866,59.82569652662395,18.472740173339844,57.265045166015625,19.59522712810594,60.42914777941405,3.3573087900481866
PedNYC28,PedNYC28_scenario3,3,49.0,12.23754838687816,59.56492112988952,18.472740173339844,57.26504242690253,19.11650321929611,60.58092436145984,3.3777957107057883
PedNYC28,PedNYC28_scenario3,3,50.0,12.203091056333259,59.27929110126791,18.472740173339844,57.265045166015625,18.65170673227866,60.74583567589544,3.4853883001593666
PedNYC28,PedNYC28_scenario3,3,51.0,12.19170280592234,59.04678250989615,18.472739641121592,57.265045166015625,18.201773138821828,60.92643584082702,3.6714036170059536
PedNYC28,PedNYC28_scenario3,3,52.0,12.202717291571203,58.765302092329904,18.472740173339844,57.265045166015625,17.755062695243595,61.12438152656433,3.925498453243855
PedNYC28,PedNYC28_scenario3,3,53.0,12.215009391541175,58.520401877880396,18.472740173339844,57.265045166015625,17.30642987636306,61.33856312069435,4.237195798629565
PedNYC28,PedNYC28_scenario3,3,54.0,12.21091576710443,58.27802961121207,18.472740173339844,57.265045166015625,16.854257097193837,61.564299660532356,4.59380851542523
PedNYC28,PedNYC28_scenario3,3,55.0,12.191921615646407,58.04465613788789,18.472740173339844,57.265045166015625,16.399039972489494,61.80155468028401,4.988000711312539
PedNYC28,PedNYC28_scenario3,3,56.0,12.155831981701699,57.76546197402748,18.472740173339844,57.265045166015625,15.953773600326201,62.050079381857195,5.40756368827355
PedNYC28,PedNYC28_scenario3,3,57.0,12.135071569124385,57.522278232516726,18.472740173339844,57.265045009514616,15.511497324055963,62.31234957761008,5.851858048137552
PedNYC28,PedNYC28_scenario3,3,58.0,12.124762319776421,57.24161798668064,18.472740173339844,57.265045166015625,15.076480602608045,62.58811302730651,6.31424029695539
PedNYC28,PedNYC28_scenario3,3,59.0,12.117383282765498,56.97746244863185,18.472740173339844,57.265045166015625,14.648769812295567,62.870374136853385,6.785459615490921
PedNYC28,PedNYC28_scenario3,3,60.0,12.093805970859627,56.720785280063005,18.472740173339844,57.265045166015625,14.224858576296457,63.15470050845154,7.261717297938815
PedNYC28,PedNYC28_scenario3,3,61.0,12.058084571930754,56.4926113258629,18.472740173339844,57.265045166015625,13.804559928132043,63.441393412408345,7.742040071096686
PedNYC28,PedNYC28_scenario3,3,62.0,12.009907721966929,56.270321947145106,18.472740173339844,57.265045166015625,13.38433867271278,63.72923707309056,8.226640070106193
PedNYC28,PedNYC28_scenario3,3,63.0,11.959701931385753,55.99103308940366,18.472740173339844,57.265045166015625,12.948068275175139,64.03103210456784,8.735020253842002
PedNYC28,PedNYC28_scenario3,3,64.0,11.938023906431555,55.72239054169652,18.472740173339844,57.265045166015625,12.487165085558566,64.35834692845056,9.28127356694276
PedNYC28,PedNYC28_scenario3,3,65.0,11.929038897006508,55.46799885089031,18.47274055061694,57.26504592056982,12.019842752345827,64.70794653757511,9.85071873466855
PedNYC28,PedNYC28_scenario3,3,66.0,11.907794224018721,55.2162614506827,18.472740173339844,57.265045166015625,11.563089049024521,65.06475977171985,10.420116438417942
PedNYC28,PedNYC28_scenario3,3,67.0,11.86529520361225,54.947001461337166,18.47272703228799,57.265045166015625,11.125353221312198,65.43112854054232,10.984936030671012
PedNYC28,PedNYC28_scenario3,3,68.0,11.818597281856517,54.7174448183082,18.47269528566717,57.265045166015625,10.703503907086743,65.82565879018274,11.560468861568035
PedNYC28,PedNYC28_scenario3,3,69.0,11.773670935898068,54.46102395541505,18.472779376388246,57.265045166015625,10.296320275694239,66.25430176181095,12.151593211195461
PedNYC28,PedNYC28_scenario3,3,70.0,11.7498631370547,54.23128026699175,18.472783680454278,57.265045166015625,9.904378244228761,66.71856148216824,12.758782953687342
PedNYC28,PedNYC28_scenario3,3,71.0,11.740104525116642,53.982255726272065,18.47236134735996,57.26503845326646,9.5315283729045,67.20367015557181,13.36842901732208
PedNYC28,PedNYC28_scenario3,3,72.0,11.72663568062045,53.73152140134279,18.464735413646043,57.26494576591763,9.184760453607627,67.68611650642205,13.954165502160475
PedNYC28,PedNYC28_scenario3,3,73.0,11.693640594394447,53.495671454902364,18.439263962730227,57.26461339259671,8.862627757873526,68.14877984054955,14.497483928837948
PedNYC28,PedNYC28_scenario3,3,74.0,11.646322925652058,53.238549840071315,18.387642395894535,57.26397513928787,8.554397276178138,68.55002973306665,14.96889233972178
PedNYC28,PedNYC28_scenario3,3,75.0,11.608249646883174,53.005559676763326,18.303868773554825,57.262996866444944,8.251458157135039,68.83172210818353,15.326002835702095
PedNYC28,PedNYC28_scenario3,3,76.0,11.588436591457315,52.761971221555406,18.18243654928548,57.26161416210479,7.948061536788176,69.03234934893594,15.597840835671265
PedNYC28,PedNYC28_scenario3,3,77.0,11.58197025404644,52.51131496785565,18.021473876657303,57.25986922833609,7.642949518640109,69.22200623952101,15.836871210069122
PedNYC28,PedNYC28_scenario3,3,78.0,11.57622484956603,52.270330170932134,17.821059060485073,57.257860573546985,7.338154765478725,69.41339109471703,16.051423759572202
PedNYC28,PedNYC28_scenario3,3,79.0,11.551848157799203,52.03532165304653,17.582016603254214,57.255702888678655,7.03810102803054,69.60034136012717,16.234662135326722
PedNYC28,PedNYC28_scenario3,3,80.0,11.511991500854492,51.80611801147461,17.30446548461914,57.25350341796875,6.7555268993645585,69.77965833178384,16.37634459213553
PedNYC28,PedNYC28_scenario3,3,81.0,11.46028266887824,51.56649680793245,16.989559747358385,57.25137224334814,6.490155324376886,69.97621832589967,16.497248287576635
PedNYC28,PedNYC28_scenario3,3,82.0,11.423459455077447,51.333042077257105,16.637885925515846,57.24959406312812,6.2379248171539015,70.20137867108396,16.610476079460298
PedNYC28,PedNYC28_scenario3,3,83.0,11.402005469181029,51.10078177629003,16.251351974994815,57.248958950936235,5.995911679803471,70.45615229930739,16.721363933288863
PedNYC28,PedNYC28_scenario3,3,84.0,11.391213416455715,50.905486894747845,15.83348808723325,57.250148289667244,5.764242515426245,70.74446864020733,16.837054021067797
PedNYC28,PedNYC28_scenario3,3,85.0,11.37241095213686,50.68373764456946,15.387760882237362,57.254658307843684,5.540059061864634,71.06557654384461,16.962272656235527
PedNYC28,PedNYC28_scenario3,3,86.0,11.342049763064173,50.460910769248926,14.916182424567921,57.26439403446143,5.3242609602761295,71.41245216612434,17.0930543284123
PedNYC28,PedNYC28_scenario3,3,87.0,11.305223938061198,50.2582628806592,14.423990639076388,57.284080220535245,5.125956036887212,71.75792129094205,17.20306724961866
PedNYC28,PedNYC28_scenario3,3,88.0,11.266886816804199,50.05368822110516,13.916989565697955,57.31969971800632,4.947475499867244,72.12152244063688,17.30740126331268
PedNYC28,PedNYC28_scenario3,3,89.0,11.240761972686348,49.862243360868476,13.398603883685643,57.37433291179057,4.788776383264921,72.50182982215621,17.406041834952685
PedNYC28,PedNYC28_scenario3,3,90.0,11.227097820015672,49.68835968600789,12.873503077409923,57.45086344144932,4.6561643454703505,72.88631245815132,17.486501713683072
PedNYC28,PedNYC28_scenario3,3,91.0,11.218255703303424,49.50607772186203,12.345841819309282,57.55195926423225,4.541319857860144,73.23877602644941,17.521038301942017
PedNYC28,PedNYC28_scenario3,3,92.0,11.209090136544189,49.322155611499284,11.821770340359462,57.68002096440951,4.4414237484248185,73.57152561571272,17.521684733480193
PedNYC28,PedNYC28_scenario3,3,93.0,11.198369359658967,49.161992145626854,11.305572735925232,57.832273174605355,4.354287940176664,73.91672271575916,17.522268042508887
PedNYC28,PedNYC28_scenario3,3,94.0,11.188259376971969,49.014557403512555,10.8006179073367,58.006271425999934,4.276295767848621,74.27286128259102,17.52622962711508
PedNYC28,PedNYC28_scenario3,3,95.0,11.175066974327667,48.86343600409175,10.311211299820634,58.20173015113362,4.2067162679935315,74.6337692054081,17.529311654334965
PedNYC28,PedNYC28_scenario3,3,96.0,11.163552312526997,48.72577682097024,9.840026179035851,58.41841956817725,4.142761687059511,74.99152372970288,17.5250279383604
PedNYC28,PedNYC28_scenario3,3,97.0,11.152497790708264,48.59018022896194,9.38735095970085,58.65266984858839,4.077912205023531,75.3257292196561,17.498029851409505
PedNYC28,PedNYC28_scenario3,3,98.0,11.143980212715869,48.501268191855594,8.953123821715291,58.903471120175354,4.012301900808885,75.60573260915322,17.41772832777864
PedNYC28,PedNYC28_scenario3,3,99.0,11.13615283950074,48.43420634838885,8.539712392803443,59.17086850568825,3.94953882230642,75.82344632112682,17.27362270360582
PedNYC28,PedNYC28_scenario3,3,100.0,11.125112533569336,48.39912796020508,8.147560119628906,59.45430755615234,3.7100090086460114,76.38669713338216,17.504218824548172
PedNYC29,PedNYC29_scenario3,3,0.0,12.973688125610352,66.8873291015625,83.03267669677734,58.0008430480957,62.701661330003006,58.073510096623345,20.331145229523003
PedNYC29,PedNYC29_scenario3,3,1.0,12.962927932842739,66.66512689511507,82.00984812366902,57.992297710907735,61.586140699051676,58.07912354878876,20.423891982002186
PedNYC29,PedNYC29_scenario3,3,2.0,12.914090698505712,66.51419045614513,80.77308003997875,57.968947133053945,60.42569343326351,58.08433211689549,20.34771376390062
PedNYC29,PedNYC29_scenario3,3,3.0,12.739561791002705,66.33166844569084,79.39250844796805,57.947903578296106,59.22510678105261,58.08956810436784,20.167899217138384
PedNYC29,PedNYC29_scenario3,3,4.0,12.723749004469825,66.17312325368955,77.95673723705292,57.93702323453047,58.003688249000035,58.09333328007304,19.953661236724848
PedNYC29,PedNYC29_scenario3,3,5.0,12.805861236717991,65.93208704179493,76.55998791461737,57.93550031773384,56.76471597116505,58.097147221127884,19.795931931500654
PedNYC29,PedNYC29_scenario3,3,6.0,12.839243578636705,65.81445267004335,75.19574576085928,57.93039543906242,55.50968118649119,58.100329271527805,19.686798011195386
PedNYC29,PedNYC29_scenario3,3,7.0,12.82972339050151,65.82427901590832,73.82496224281579,57.917360646585124,54.24878192588897,58.1052684830906,19.57708214101001
PedNYC29,PedNYC29_scenario3,3,8.0,12.786283370841902,65.8608365232575,72.43092943237116,57.90887000555246,52.99165346030576,58.11238213143323,19.44034123937899
PedNYC29,PedNYC29_scenario3,3,9.0,12.725195011825548,65.83737044867581,71.01509045848059,57.91137284172784,51.73794980709507,58.120574198430326,19.278275776141033
PedNYC29,PedNYC29_scenario3,3,10.0,12.50744649172289,65.82029554525889,69.5800706062486,57.91316167504032,50.508680151036245,58.13221916501776,19.072648480981346
PedNYC29,PedNYC29_scenario3,3,11.0,12.379843945240077,65.93963128504653,68.12735241792092,57.91396388193149,49.31427559377006,58.150455115833545,18.814563181087
PedNYC29,PedNYC29_scenario3,3,12.0,12.100360774207163,66.09967614506034,66.65324722967671,57.9144277614993,48.146728976138476,58.17627587173389,18.5083706009302
PedNYC29,PedNYC29_scenario3,3,13.0,11.891689539979538,66.15299180076236,65.1578455805324,57.91361481199002,46.99159415860659,58.21128405280187,18.16869003812732
PedNYC29,PedNYC29_scenario3,3,14.0,11.575241035746444,66.04341825373832,63.6421725112471,57.90830711682393,45.85352568495661,58.25840996825198,17.792091724051804
PedNYC29,PedNYC29_scenario3,3,15.0,11.30029143889174,66.01504873148015,62.10735188077393,57.903797545830066,44.735533625730234,58.31785269240408,17.376752031109667
PedNYC29,PedNYC29_scenario3,3,16.0,10.937656915176184,66.0461211890659,60.55294190488214,57.901131794077806,43.64063270095638,58.384481119402466,16.919214792048823
PedNYC29,PedNYC29_scenario3,3,17.0,10.791568837021918,65.89369773339526,58.98725309356323,57.8998948203671,42.57520430913688,58.45794545924283,16.42153360127915
PedNYC29,PedNYC29_scenario3,3,18.0,10.923671598925583,65.76921192375696,57.40870853872172,57.90021690792447,41.545118001849474,58.539864227890305,15.876481140841069
PedNYC29,PedNYC29_scenario3,3,19.0,11.059859368430024,65.6871470231521,55.816522195390675,57.902167132892515,40.54238968404854,58.63072227444674,15.291498179325792
PedNYC29,PedNYC29_scenario3,3,20.0,11.195879709961611,65.48289464238024,54.196724359151034,57.90596040570554,39.553018080701435,58.72824186328986,14.66677470901463
PedNYC29,PedNYC29_scenario3,3,21.0,11.230697695542824,65.16102885007307,52.54419709476766,57.913322397873046,38.56871144066163,58.827131798580844,14.005329231722666
PedNYC29,PedNYC29_scenario3,3,22.0,11.299467889318935,64.8892932428139,50.86882141618764,57.92166306256905,37.5801708020254,58.92988393136803,13.326843004461196
PedNYC29,PedNYC29_scenario3,3,23.0,11.431682698048201,64.5136230900896,49.17607657047139,57.93063320397303,36.59213032335243,59.038224493057214,12.632595205025549
PedNYC29,PedNYC29_scenario3,3,24.0,11.468646299625785,64.11431747279171,47.50204246801878,57.938217773496326,35.61786658146538,59.14058335339478,11.944844891846099
PedNYC29,PedNYC29_scenario3,3,25.0,11.45324860938815,63.706085612128106,45.95241334509824,57.94422484431057,34.67342824533746,59.217556187436735,11.350633356338015
PedNYC29,PedNYC29_scenario3,3,26.0,11.561665172367658,63.306677233251996,44.54497678161135,57.94992321812103,33.757898261396676,59.241729294216285,10.864153254603577
PedNYC29,PedNYC29_scenario3,3,27.0,11.545382407907441,62.92068809029562,43.26602813444388,57.953375836358944,32.856550995715075,59.24489931926141,10.489292026090517
PedNYC29,PedNYC29_scenario3,3,28.0,11.544206450440466,62.528764899767815,42.1049258070095,57.954288482666016,31.970530517407816,59.24860752160636,10.216713251357515
PedNYC29,PedNYC29_scenario3,3,29.0,11.677012488734874,62.162101843627326,41.050069956968166,57.954345703125,31.10798263033732,59.25332175807567,10.026586617672478
PedNYC29,PedNYC29_scenario3,3,30.0,11.715522205565778,61.80684328435584,40.09225280787669,57.95434583730827,30.278737746177743,59.26103381766667,9.900126834753443
PedNYC29,PedNYC29_scenario3,3,31.0,11.620932413426077,61.4875954113754,39.22195650346688,57.955218101186034,29.486252786563853,59.27274814462338,9.824449718873796
PedNYC29,PedNYC29_scenario3,3,32.0,11.572726893399253,61.217068954429536,38.431669300641104,57.956290344732395,28.741665210021754,59.28888244051651,9.781205496766033
PedNYC29,PedNYC29_scenario3,3,33.0,11.603880946741738,60.90576457330913,37.71361967868865,57.95665805753602,28.04912666126056,59.309318571493456,9.758694367072676
PedNYC29,PedNYC29_scenario3,3,34.0,11.61188004583557,60.70569652003882,37.06133944341561,57.95656173337306,27.38194609484643,59.334157595484875,9.776933361521541
PedNYC29,PedNYC29_scenario3,3,35.0,11.572566871709542,60.44050526745968,36.46901751954379,57.956168151059416,26.731277337114577,59.363595623375055,9.838924532199915
PedNYC29,PedNYC29_scenario3,3,36.0,11.608770345712315,60.180887441789544,35.9308227175681,57.955770663891556,26.11528965411549,59.39771122928997,9.920881105722055
PedNYC29,PedNYC29_scenario3,3,37.0,11.722108107801027,59.8672836431498,35.44177279907658,57.95559883955762,25.53275887288209,59.437257232581636,10.01917504503913
PedNYC29,PedNYC29_scenario3,3,38.0,11.72506082565029,59.59015221010104,34.99745336995643,57.95542742550695,24.96110094145083,59.48422190308224,10.152122074908034
PedNYC29,PedNYC29_scenario3,3,39.0,11.74342907608635,59.23142338271386,34.59396971177904,57.9552565723906,24.39734687265384,59.53964334816101,10.318982448798222
PedNYC29,PedNYC29_scenario3,3,40.0,11.905376150444274,58.992678510383186,34.22716779951004,57.95493884136408,23.84141522737571,59.60319064084963,10.515730620556152
PedNYC29,PedNYC29_scenario3,3,41.0,12.035693550784265,58.68440601285734,33.887099087316436,57.95423645335707,23.290639557947372,59.67519961681028,10.73530012470631
PedNYC29,PedNYC29_scenario3,3,42.0,12.006472788772168,58.33202738004865,33.53476757024706,57.95491324901809,22.741776105365055,59.7541945874558,10.941941239828791
PedNYC29,PedNYC29_scenario3,3,43.0,11.952042642082034,58.00491159575117,33.13765637645008,57.95716388091733,22.19381114021234,59.83994272580925,11.104620873019307
PedNYC29,PedNYC29_scenario3,3,44.0,11.945731143301744,57.61022466519743,32.66814785544233,57.960094624250985,21.64941377730531,59.9348451607762,11.194290525361787
PedNYC29,PedNYC29_scenario3,3,45.0,11.821257041738233,57.16774709865325,32.121532768410916,57.96306832059586,21.109480227547387,60.04048155504499,11.206290506202457
PedNYC29,PedNYC29_scenario3,3,46.0,11.674121931536485,56.728373474290315,31.49948758639834,57.966155413373336,20.5857676602356,60.1584537363932,11.13173187621034
PedNYC29,PedNYC29_scenario3,3,47.0,11.683348747319503,56.28101579232407,30.8073245901021,57.96837482178772,20.082465067389357,60.28845100849561,10.972937860666633
PedNYC29,PedNYC29_scenario3,3,48.0,11.619339524338823,55.86266502794845,30.04401836438758,57.96836869237889,19.59522712810594,60.42914777941405,10.734648201715117
PedNYC29,PedNYC29_scenario3,3,49.0,11.491716791057044,55.46458394915394,29.210364867032446,57.968038011455675,19.11650321929611,60.58092436145984,10.426563098244818
PedNYC29,PedNYC29_scenario3,3,50.0,11.507639220542833,55.0706977888098,28.318497336298,57.969261929028754,18.65170673227866,60.74583567589544,10.057643976287185
PedNYC29,PedNYC29_scenario3,3,51.0,11.54676065092006,54.73680859775937,27.365762671374682,57.97083191412453,18.201773138821828,60.92643584082702,9.62882644584881
PedNYC29,PedNYC29_scenario3,3,52.0,11.44297622451223,54.322669885355225,26.334770123915874,57.97283318960656,17.755062695243595,61.12438152656433,9.14022081143533
PedNYC29,PedNYC29_scenario3,3,53.0,11.421543423670617,53.96875740906599,25.187420511382673,57.97532943805917,17.30642987636306,61.33856312069435,8.568626155532673
PedNYC29,PedNYC29_scenario3,3,54.0,11.476943266742401,53.61860960216327,23.840053121884388,57.97845040716727,16.854257097193837,61.564299660532356,7.85236658380397
PedNYC29,PedNYC29_scenario3,3,55.0,11.373412085347011,53.292709644683484,22.274153817966642,57.980553516994846,16.399039972489494,61.80155468028401,7.008353058113901
PedNYC29,PedNYC29_scenario3,3,56.0,11.159579829149939,53.130984928101505,20.650764685123942,57.97936233630158,15.953773600326201,62.050079381857195,6.21550179113855
PedNYC29,PedNYC29_scenario3,3,57.0,11.15322123085823,52.95963873890518,19.15560787990999,57.9756117502303,15.511497324055963,62.31234957761008,5.664524404282625
PedNYC29,PedNYC29_scenario3,3,58.0,11.17127714717732,52.755115241865504,17.796698897323285,57.96996529430679,15.076480602608045,62.58811302730651,5.359745894603025
PedNYC29,PedNYC29_scenario3,3,59.0,10.939560347122463,52.649117613814845,16.56317363243794,57.96305978617304,14.648769812295567,62.870374136853385,5.267511378532463
PedNYC29,PedNYC29_scenario3,3,60.0,10.671860116129121,52.43325112573006,15.502980144455401,57.95641661732889,14.224858576296457,63.15470050845154,5.353106589233798
PedNYC29,PedNYC29_scenario3,3,61.0,10.600044603824754,52.088245929028325,14.585699631314606,57.95063388000723,13.804559928132043,63.441393412408345,5.546045390955779
PedNYC29,PedNYC29_scenario3,3,62.0,10.55458017497814,51.80114962087722,13.75167920582011,57.95496440820476,13.38433867271278,63.72923707309056,5.785945374414706
PedNYC29,PedNYC29_scenario3,3,63.0,10.368322044678907,51.494319986464205,12.942878736455022,57.98019294743825,12.948068275175139,64.03103210456784,6.050841382548787
PedNYC29,PedNYC29_scenario3,3,64.0,10.29535297194242,51.18923332095754,12.085105032946538,58.04717994553797,12.487165085558566,64.35834692845056,6.3239608610515905
PedNYC29,PedNYC29_scenario3,3,65.0,10.315571332079498,50.82289035120858,11.156933309407808,58.16734280074546,12.019842752345827,64.70794653757511,6.597280496457735
PedNYC29,PedNYC29_scenario3,3,66.0,10.23443341964116,50.54163499420055,10.128831730938352,58.377821248599005,11.563089049024521,65.06475977171985,6.839023385431673
PedNYC29,PedNYC29_scenario3,3,67.0,10.069891384298153,50.23280507174405,9.017521984793941,58.72672104575417,11.125353221312198,65.43112854054232,7.027946526391162
PedNYC29,PedNYC29_scenario3,3,68.0,10.017025803053095,49.92444921726169,7.8617825581875,59.26447677919323,10.703503907086743,65.82565879018274,7.150139131941567
PedNYC29,PedNYC29_scenario3,3,69.0,9.997672991639437,49.56934251326362,6.7210170275386885,60.03043350103866,10.296320275694239,66.25430176181095,7.177696667017933
PedNYC29,PedNYC29_scenario3,3,70.0,9.869766641100313,49.26812897837915,5.668213574792057,61.044980475709714,9.904378244228761,66.71856148216824,7.0805799581270685
PedNYC29,PedNYC29_scenario3,3,71.0,9.74068803014177,49.00190594441505,4.812968837776683,62.24496995690118,9.5315283729045,67.20367015557181,6.844962508797387
PedNYC29,PedNYC29_scenario3,3,72.0,9.638652282157663,48.69242488485984,4.238670083475591,63.46619931696316,9.184760453607627,67.68611650642205,6.501654484468048
PedNYC29,PedNYC29_scenario3,3,73.0,9.514775658565725,48.485290485246665,3.901135766219794,64.63603115763806,8.862627757873526,68.14877984054955,6.0791287280777775
PedNYC29,PedNYC29_scenario3,3,74.0,9.289388037248127,48.35234595805935,3.723737762224221,65.72552386654829,8.554397276178138,68.55002973306665,5.59581135580446
PedNYC29,PedNYC29_scenario3,3,75.0,9.115686560489213,48.132790169451354,3.647090866960441,66.731899460488,8.251458157135039,68.83172210818353,5.060578355742043
PedNYC29,PedNYC29_scenario3,3,76.0,8.920620813901001,47.89374153193825,3.6123574494584854,67.69954041914104,7.948061536788176,69.03234934893594,4.535935358471105
PedNYC29,PedNYC29_scenario3,3,77.0,8.702801761665576,47.83972478241668,3.5685138667961005,68.6377823438203,7.642949518640109,69.22200623952101,4.116107802442159
PedNYC29,PedNYC29_scenario3,3,78.0,8.62020787943891,47.90443389647329,3.505068694407014,69.54083319724766,7.338154765478725,69.41339109471703,3.8352040777175596
PedNYC29,PedNYC29_scenario3,3,79.0,8.759591987858537,47.95986509896403,3.4514607857162725,70.41181809652784,7.03810102803054,69.60034136012717,3.677292852290611
PedNYC29,PedNYC29_scenario3,3,80.0,8.940425938902953,48.042527883404844,3.42743995114854,71.25509107015343,6.7555268993645585,69.77965833178384,3.640475861798647
PedNYC29,PedNYC29_scenario3,3,81.0,9.157231806973403,48.21293165894136,3.4220408036140713,72.09402773872192,6.490155324376886,69.97621832589967,3.728061617188506
PedNYC29,PedNYC29_scenario3,3,82.0,9.33116147717606,48.3743504997263,3.405568335961864,72.95569812585687,6.2379248171539015,70.20137867108396,3.9507618120422157
PedNYC29,PedNYC29_scenario3,3,83.0,9.31452975479707,48.63018675789062,3.3889501073549018,73.85810518591707,5.995911679803471,70.45615229930739,4.285969211617768
PedNYC29,PedNYC29_scenario3,3,84.0,9.241195127418065,48.80477512544913,3.3895995156913883,74.80152113421107,5.764242515426245,70.74446864020733,4.700915263572801
PedNYC29,PedNYC29_scenario3,3,85.0,9.318377336531041,48.92294672788006,3.393467791752134,75.75230959033993,5.540059061864634,71.06557654384461,5.154931690142411
PedNYC29,PedNYC29_scenario3,3,86.0,9.47395189639948,48.923110989481714,3.393873276377908,76.54647943134678,5.3242609602761295,71.41245216612434,5.484945995193879
PedNYC29,PedNYC29_scenario3,3,87.0,9.603765405927385,48.85429964182328,3.393661975860596,76.64787763751283,5.125956036887212,71.75792129094205,5.187727420097935
PedNYC29,PedNYC29_scenario3,3,88.0,9.623880107133475,48.88535408442169,3.3936617374420166,76.64831361999248,4.947475499867244,72.12152244063688,4.786039656103331
PedNYC29,PedNYC29_scenario3,3,89.0,9.571898178009395,48.9391787264737,3.3936617374420166,76.6483383178711,4.788776383264921,72.50182982215621,4.374914579740417
PedNYC29,PedNYC29_scenario3,3,90.0,9.478491817195323,48.96687386274889,3.3936616412341687,76.64833068847656,4.6561643454703505,72.88631245815132,3.968210458569847
PedNYC29,PedNYC29_scenario3,3,91.0,9.496485149959524,48.83866238516661,3.3936617374420166,76.64833068847656,4.541319857860144,73.23877602644941,3.5975244481049367
PedNYC29,PedNYC29_scenario3,3,92.0,9.574803593576002,48.634281416101096,3.3936617374420166,76.64833068847656,4.4414237484248185,73.57152561571272,3.2503130137640692
PedNYC29,PedNYC29_scenario3,3,93.0,9.615402285230335,48.56101210668191,3.3936615744259684,76.64833068847656,4.354287940176664,73.91672271575916,2.895597543027802
PedNYC29,PedNYC29_scenario3,3,94.0,9.633076408170881,48.570061699099604,3.393661604712192,76.64833068847656,4.276295767848621,74.27286128259102,2.5341463975535707
PedNYC29,PedNYC29_scenario3,3,95.0,9.658644657942759,48.71539111147898,3.3936617374420166,76.64833068847656,4.2067162679935315,74.6337692054081,2.1724446227034986
PedNYC29,PedNYC29_scenario3,3,96.0,9.679237487530285,48.819470489710774,3.3936617374420166,76.64833068847656,4.142761687059511,74.99152372970288,1.8182849152863372
PedNYC29,PedNYC29_scenario3,3,97.0,9.727733811142915,48.81960555091128,3.3936617374420166,76.64833068847656,4.077912205023531,75.3257292196561,1.4891183121940226
PedNYC29,PedNYC29_scenario3,3,98.0,9.764354883786806,48.744726800347486,3.3936617374420166,76.64833068847656,4.012301900808885,75.60573260915322,1.2123227320888217
PedNYC29,PedNYC29_scenario3,3,99.0,9.856361992376977,48.760427408021016,3.393661499023437,76.64833068847656,3.94953882230642,75.82344632112682,0.9947028792751296
PedNYC29,PedNYC29_scenario3,3,100.0,9.935479164123535,48.823917388916016,3.3936617374420166,76.64833068847656,3.7100090086460114,76.38669713338216,0.41052127003305355
PedNYC2,PedNYC2_scenario3,3,0.0,12.75935173034668,67.1619644165039,84.6898422241211,58.00999450683594,62.701661330003006,58.073510096623345,21.988272630259196
PedNYC2,PedNYC2_scenario3,3,1.0,12.698545944296916,67.1339244363864,84.68991986763605,58.0099983215332,61.586140699051676,58.07912354878876,23.10388257777806
PedNYC2,PedNYC2_scenario3,3,2.0,12.647921071635533,67.08110428714772,84.68987935806705,58.00999450683594,60.42569343326351,58.08433211689549,24.264299797721414
PedNYC2,PedNYC2_scenario3,3,3.0,12.621941190680575,66.99793025289314,84.68992614746094,58.0099983215332,59.22510678105261,58.08956810436784,25.46494368173912
PedNYC2,PedNYC2_scenario3,3,4.0,12.614670718249931,66.92380111647192,84.68986021860631,58.00999664215925,58.003688249000035,58.09333328007304,26.686302092770713
PedNYC2,PedNYC2_scenario3,3,5.0,12.587440796283968,66.87116230818219,84.6867097520461,58.0099983215332,56.76471597116505,58.097147221127884,27.922129783207087
PedNYC2,PedNYC2_scenario3,3,6.0,12.5251958855822,66.83779794649374,84.6713611291097,58.00995420749728,55.50968118649119,58.100329271527805,29.161819983120342
PedNYC2,PedNYC2_scenario3,3,7.0,12.427907590478736,66.83438574730484,84.63038253524402,58.00988259959588,54.24878192588897,58.1052684830906,30.38175034544806
PedNYC2,PedNYC2_scenario3,3,8.0,12.356573448109312,66.83772836601128,84.54487633053911,58.00971829649643,52.99165346030576,58.11238213143323,31.5533898870093
PedNYC2,PedNYC2_scenario3,3,9.0,12.342358775240072,66.83749923732297,84.39687884075012,58.00941180348445,51.73794980709507,58.120574198430326,32.659118216868116
PedNYC2,PedNYC2_scenario3,3,10.0,12.376921584332282,66.85153067364307,84.1740056230793,58.00891110581866,50.508680151036245,58.13221916501776,33.66555129529374
PedNYC2,PedNYC2_scenario3,3,11.0,12.40779094003632,66.85887842147694,83.87390258540168,58.00825375159033,49.31427559377006,58.150455115833545,34.55991954603924
PedNYC2,PedNYC2_scenario3,3,12.0,12.431795343677372,66.83653894645657,83.49587655633324,58.007379774931394,48.146728976138476,58.17627587173389,35.34955106557797
PedNYC2,PedNYC2_scenario3,3,13.0,12.40919473960129,66.80555553054478,83.04042237957285,58.00616865233062,46.99159415860659,58.21128405280187,36.049411762638286
PedNYC2,PedNYC2_scenario3,3,14.0,12.346363560565326,66.79565125261163,82.5054666569817,58.00485138860703,45.85352568495661,58.25840996825198,36.652818022222014
PedNYC2,PedNYC2_scenario3,3,15.0,12.286598554602634,66.79737117565733,81.89071781863247,58.0037194277735,44.735533625730234,58.31785269240408,37.15651210913693
PedNYC2,PedNYC2_scenario3,3,16.0,12.241491863235279,66.8007258990287,81.19594319850214,58.00285959951052,43.64063270095638,58.384481119402466,37.55724938745534
PedNYC2,PedNYC2_scenario3,3,17.0,12.24342945553931,66.81660078186941,80.42086307985193,58.002233992810424,42.57520430913688,58.45794545924283,37.848402353732695
PedNYC2,PedNYC2_scenario3,3,18.0,12.291948129287226,66.81676871198438,79.56676706539758,58.00189890670347,41.545118001849474,58.539864227890305,38.02545468759589
PedNYC2,PedNYC2_scenario3,3,19.0,12.321196626095203,66.78068859408654,78.63678390297854,58.001954284957314,40.54238968404854,58.63072227444674,38.099582938555294
PedNYC2,PedNYC2_scenario3,3,20.0,12.317289209461787,66.69537170801604,77.63638096623258,58.00249971336043,39.553018080701435,58.72824186328986,38.090277372831444
PedNYC2,PedNYC2_scenario3,3,21.0,12.347267145000805,66.62106215528287,76.5698734935023,58.00364037284878,38.56871144066163,58.827131798580844,38.010083602835074
PedNYC2,PedNYC2_scenario3,3,22.0,12.36979257846853,66.59836421540084,75.44270218121979,58.0054702137614,37.5801708020254,58.92988393136803,37.87381447863126
PedNYC2,PedNYC2_scenario3,3,23.0,12.370529591725596,66.59483349462822,74.26051818874956,58.008091770673204,36.59213032335243,59.038224493057214,37.68247096202323
PedNYC2,PedNYC2_scenario3,3,24.0,12.354750223475062,66.60591470231886,73.02817609796418,58.01157632998061,35.61786658146538,59.14058335339478,37.42734181022156
PedNYC2,PedNYC2_scenario3,3,25.0,12.344989864782315,66.62081928841445,71.74853699137842,58.01604994792815,34.67342824533746,59.217556187436735,37.09457245709054
PedNYC2,PedNYC2_scenario3,3,26.0,12.347910904884337,66.6279235458374,70.42634536743164,58.02151475906372,33.757898261396676,59.241729294216285,36.68874400521066
PedNYC2,PedNYC2_scenario3,3,27.0,12.356825675700511,66.62299547322492,69.06058243847988,58.02719233375249,32.856550995715075,59.24489931926141,36.22450417895682
PedNYC2,PedNYC2_scenario3,3,28.0,12.355748564874729,66.61840479661596,67.65227648548107,58.03273132326451,31.970530517407816,59.24860752160636,35.70245580152444
PedNYC2,PedNYC2_scenario3,3,29.0,12.356032415883767,66.61374950252777,66.20051715719636,58.038081065527884,31.10798263033732,59.25332175807567,35.11356987632585
PedNYC2,PedNYC2_scenario3,3,30.0,12.370702631645692,66.60325177113837,64.70813624889487,58.043169654492026,30.278737746177743,59.26103381766667,34.45093140074512
PedNYC2,PedNYC2_scenario3,3,31.0,12.380759072530335,66.59820906541422,63.17546271239825,58.04792295606186,29.486252786563853,59.27274814462338,33.711467813927555
PedNYC2,PedNYC2_scenario3,3,32.0,12.40700565453563,66.58955627544809,61.60518371104938,58.0512203258552,28.741665210021754,59.28888244051651,32.88681583518619
PedNYC2,PedNYC2_scenario3,3,33.0,12.438107374842401,66.58280824124928,59.99679642785266,58.05265025849687,28.04912666126056,59.309318571493456,31.97237586986792
PedNYC2,PedNYC2_scenario3,3,34.0,12.467808206919216,66.58483009850946,58.35338727736801,58.05207439723389,27.38194609484643,59.334157595484875,30.997966163115137
PedNYC2,PedNYC2_scenario3,3,35.0,12.509556655142918,66.60543281635408,56.67657249245802,58.05094480475245,26.731277337114577,59.363595623375055,29.97405134632731
PedNYC2,PedNYC2_scenario3,3,36.0,12.530963951901885,66.62979186951401,54.968205644591514,58.05005265314547,26.11528965411549,59.39771122928997,28.884371981944195
PedNYC2,PedNYC2_scenario3,3,37.0,12.491474418345668,66.58345287710529,53.22915125041969,58.04963994570436,25.53275887288209,59.437257232581636,27.731131106851077
PedNYC2,PedNYC2_scenario3,3,38.0,12.40424279771003,66.54763391304814,51.46158670283097,58.050575338202066,24.96110094145083,59.48422190308224,26.539236764875216
PedNYC2,PedNYC2_scenario3,3,39.0,12.35751627932411,66.51414009078357,49.665969142960364,58.053409253617,24.39734687265384,59.53964334816101,25.312292729486515
PedNYC2,PedNYC2_scenario3,3,40.0,12.360167622386834,66.45995653554213,47.845729612256456,58.05843381912709,23.84141522737571,59.60319064084963,24.053968128490798
PedNYC2,PedNYC2_scenario3,3,41.0,12.32869964760018,66.4392225380574,45.998170744912095,58.06582712245455,23.290639557947372,59.67519961681028,22.76449104268673
PedNYC2,PedNYC2_scenario3,3,42.0,12.251491616009844,66.43103790046499,44.12632282269546,58.07572997452454,22.741776105365055,59.7541945874558,21.450316588865277
PedNYC2,PedNYC2_scenario3,3,43.0,12.118807443132626,66.41739316241318,42.232821584768814,58.089086222718805,22.19381114021234,59.83994272580925,20.11535329273283
PedNYC2,PedNYC2_scenario3,3,44.0,12.000180585625198,66.368504422147,40.320464892029534,58.10625299189567,21.64941377730531,59.9348451607762,18.7603811008395
PedNYC2,PedNYC2_scenario3,3,45.0,11.949821482480546,66.23987777444142,38.39343470927604,58.127526228117055,21.109480227547387,60.04048155504499,17.38949339714329
PedNYC2,PedNYC2_scenario3,3,46.0,11.913111567374651,66.10641647389812,36.45709859560014,58.152954520534514,20.5857676602356,60.1584537363932,15.997536459238626
PedNYC2,PedNYC2_scenario3,3,47.0,11.856692700749058,65.88866329824691,34.51619560951032,58.18250567368147,20.082465067389357,60.28845100849561,14.58655487480786
PedNYC2,PedNYC2_scenario3,3,48.0,11.858944855666891,65.71509052766459,32.58129727088129,58.21527733564577,19.59522712810594,60.42914777941405,13.173429321739729
PedNYC2,PedNYC2_scenario3,3,49.0,11.820011707775768,65.5853454577551,30.67658284766991,58.25003993269989,19.11650321929611,60.58092436145984,11.792729253000703
PedNYC2,PedNYC2_scenario3,3,50.0,11.780405708058021,65.4139156003558,28.83547386705519,58.28455546584207,18.65170673227866,60.74583567589544,10.476975390242877
PedNYC2,PedNYC2_scenario3,3,51.0,11.770330953811058,65.22812490252453,27.080154003752146,58.31754766798593,18.201773138821828,60.92643584082702,9.2537529835819
PedNYC2,PedNYC2_scenario3,3,52.0,11.762964413831623,64.9580550167624,25.416939648576122,58.34848668401266,17.755062695243595,61.12438152656433,8.149230063319667
PedNYC2,PedNYC2_scenario3,3,53.0,11.714026986003836,64.72265487791381,23.839354130600462,58.37509794536579,17.30642987636306,61.33856312069435,7.173647967177401
PedNYC2,PedNYC2_scenario3,3,54.0,11.624700945414643,64.46895479413206,22.34476939491902,58.391076930789936,16.854257097193837,61.564299660532356,6.34153512834435
PedNYC2,PedNYC2_scenario3,3,55.0,11.560457600808322,64.20801851554631,20.929665690843077,58.391462664891776,16.399039972489494,61.80155468028401,5.6705640771662935
PedNYC2,PedNYC2_scenario3,3,56.0,11.52926962654726,63.974093342004,19.571441315892727,58.376355027559896,15.953773600326201,62.050079381857195,5.155945144356118
PedNYC2,PedNYC2_scenario3,3,57.0,11.498882937391153,63.76173923734108,18.2416386743161,58.345554267054666,15.511497324055963,62.31234957761008,4.81551002784177
PedNYC2,PedNYC2_scenario3,3,58.0,11.439287137109137,63.53323961327872,16.91285070889819,58.302168193871786,15.076480602608045,62.58811302730651,4.662786536237951
PedNYC2,PedNYC2_scenario3,3,59.0,11.367782578016577,63.32496804273763,15.573290982659543,58.250960817585195,14.648769812295567,62.870374136853385,4.7110209942945
PedNYC2,PedNYC2_scenario3,3,60.0,11.322870953206897,63.13902730720257,14.218839168153126,58.19523296304118,14.224858576296457,63.15470050845154,4.959471198348981
PedNYC2,PedNYC2_scenario3,3,61.0,11.314225349932203,63.07717524596158,12.844743625720785,58.13480761850378,13.804559928132043,63.441393412408345,5.392689507327877
PedNYC2,PedNYC2_scenario3,3,62.0,11.354699338121561,62.82583674536644,11.448824907491856,58.06952940665636,13.38433867271278,63.72923707309056,5.981513554682773
PedNYC2,PedNYC2_scenario3,3,63.0,11.343005441795802,62.65006811278135,10.031053299343933,57.99950647161127,12.948068275175139,64.03103210456784,6.69987147863567
PedNYC2,PedNYC2_scenario3,3,64.0,11.2720840301722,62.48041975463423,8.588219302313819,57.932450817573866,12.487165085558566,64.35834692845056,7.516243679422733
PedNYC2,PedNYC2_scenario3,3,65.0,11.170676135092949,62.29905903347012,7.113067909180983,57.879268576480705,12.019842752345827,64.70794653757511,8.408762219129034
PedNYC2,PedNYC2_scenario3,3,66.0,11.085178995766782,62.07700365596002,5.601539825585297,57.843109170297154,11.563089049024521,65.06475977171985,9.364417042855235
PedNYC2,PedNYC2_scenario3,3,67.0,11.06362808197734,61.863168431724695,4.045569317444381,57.826831775110364,11.125353221312198,65.43112854054232,10.389834908323841
PedNYC2,PedNYC2_scenario3,3,68.0,11.088530186813427,61.59264442526298,2.449726235718962,57.833130957573196,10.703503907086743,65.82565879018274,11.489357989174486
PedNYC2,PedNYC2_scenario3,3,69.0,11.078699259449138,61.34041606210193,0.8175066760782862,57.8637044239554,10.296320275694239,66.25430176181095,12.658990123319198
PedNYC2,PedNYC2_scenario3,3,70.0,11.01727353296932,61.0795050680798,-0.8453711620831733,57.917615100647524,9.904378244228761,66.71856148216824,13.892939556080506
PedNYC2,PedNYC2_scenario3,3,71.0,10.963921714712104,60.8410277966609,-2.527650833540356,57.98466964753442,9.5315283729045,67.20367015557181,15.17938646653236
PedNYC2,PedNYC2_scenario3,3,72.0,10.947597293765815,60.578959837191654,-4.178488738756161,58.05063367478449,9.184760453607627,67.68611650642205,16.474797673294614
PedNYC2,PedNYC2_scenario3,3,73.0,10.933474729940857,60.27807837344437,-5.760474868597434,58.10286459003506,8.862627757873526,68.14877984054955,17.74135123503341
PedNYC2,PedNYC2_scenario3,3,74.0,10.889533851395395,59.98633973313716,-7.2650205077313705,58.13364932323959,8.554397276178138,68.55002973306665,18.940827855827777
PedNYC2,PedNYC2_scenario3,3,75.0,10.828499760872884,59.69211742895842,-8.690306533435919,58.14827666289251,8.251458157135039,68.83172210818353,20.028963962551487
PedNYC2,PedNYC2_scenario3,3,76.0,10.805516407079308,59.41443132183555,-10.041394521671021,58.156930870575856,7.948061536788176,69.03234934893594,21.02130482055503
PedNYC2,PedNYC2_scenario3,3,77.0,10.765750991067414,59.16361938650503,-11.321148075748011,58.163508476233304,7.642949518640109,69.22200623952101,21.952844242833695
PedNYC2,PedNYC2_scenario3,3,78.0,10.74034576388379,58.96033081307212,-12.533166515340332,58.16940999057417,7.338154765478725,69.41339109471703,22.83191889692704
PedNYC2,PedNYC2_scenario3,3,79.0,10.718434899409903,58.70085766000766,-13.682052370000541,58.17749267901219,7.03810102803054,69.60034136012717,23.660224614943733
PedNYC2,PedNYC2_scenario3,3,80.0,10.681571023381522,58.407252828954014,-14.768700782579588,58.18764753326739,6.7555268993645585,69.77965833178384,24.447230756408644
PedNYC2,PedNYC2_scenario3,3,81.0,10.682904122463235,58.117469630242205,-15.798876386412404,58.19947845798732,6.490155324376886,69.97621832589967,25.20897730018111
PedNYC2,PedNYC2_scenario3,3,82.0,10.703424505552432,57.85137960307971,-16.774955300801206,58.212113662253984,6.2379248171539015,70.20137867108396,25.94870183217897
PedNYC2,PedNYC2_scenario3,3,83.0,10.69888872443371,57.610294851012455,-17.699323504773805,58.22431008377468,5.995911679803471,70.45615229930739,26.666123348513125
PedNYC2,PedNYC2_scenario3,3,84.0,10.67347863198086,57.36562746498281,-18.57521473355391,58.23550915511371,5.764242515426245,70.74446864020733,27.365731245019674
PedNYC2,PedNYC2_scenario3,3,85.0,10.644323397906058,57.121136425458,-19.40493975833114,58.2458010265825,5.540059061864634,71.06557654384461,28.04638319734938
PedNYC2,PedNYC2_scenario3,3,86.0,10.641469424006896,56.88002216786224,-20.191529000205087,58.254794814360814,5.3242609602761295,71.41245216612434,28.708526334415193
PedNYC2,PedNYC2_scenario3,3,87.0,10.636882349863882,56.65307075901073,-20.936182977782938,58.26267268471692,5.125956036887212,71.75792129094205,29.34888115352634
PedNYC2,PedNYC2_scenario3,3,88.0,10.615240695803383,56.38245472097121,-21.622222647075695,58.26943103511248,4.947475499867244,72.12152244063688,29.96379975781887
PedNYC2,PedNYC2_scenario3,3,89.0,10.60134389589391,56.26104726306073,-22.10632428386679,58.27391118993695,4.788776383264921,72.50182982215621,30.4266348533682
PedNYC2,PedNYC2_scenario3,3,90.0,10.562776022644554,55.90540216545711,-22.237891865220508,58.27508544921875,4.6561643454703505,72.88631245815132,30.606832802012693
PedNYC2,PedNYC2_scenario3,3,91.0,10.534586799781891,55.613288244574484,-22.23864086481323,58.27509307861328,4.541319857860144,73.23877602644941,30.676996327399632
PedNYC2,PedNYC2_scenario3,3,92.0,10.51535491755147,55.38056741016226,-22.23898658484408,58.27510070800781,4.4414237484248185,73.57152561571272,30.754266541549267
PedNYC2,PedNYC2_scenario3,3,93.0,10.497084596431002,55.13584802139148,-22.239049911499023,58.27510070800781,4.354287940176664,73.91672271575916,30.85232498737718
PedNYC2,PedNYC2_scenario3,3,94.0,10.435173818543834,54.90713945928556,-22.239059448242188,58.27510070800781,4.276295767848621,74.27286128259102,30.96760251677813
PedNYC2,PedNYC2_scenario3,3,95.0,10.33456778675192,54.65592243279224,-22.239057540893555,58.27510070800781,4.2067162679935315,74.6337692054081,31.09638222299589
PedNYC2,PedNYC2_scenario3,3,96.0,10.280817189955375,54.410356182274924,-22.239057540893555,58.27510070800781,4.142761687059511,74.99152372970288,31.232021779203645
PedNYC2,PedNYC2_scenario3,3,97.0,10.280749735547406,54.15930170164199,-22.239057540893555,58.27510070800781,4.077912205023531,75.3257292196561,31.357723598018854
PedNYC2,PedNYC2_scenario3,3,98.0,10.29721576690412,53.92566248343774,-22.239057540893555,58.27510070800781,4.012301900808885,75.60573260915322,31.45607532147739
PedNYC2,PedNYC2_scenario3,3,99.0,10.259281049588338,53.63657787505495,-22.239057540893555,58.27510070800781,3.94953882230642,75.82344632112682,31.52438759487778
PedNYC2,PedNYC2_scenario3,3,100.0,10.155829429626465,53.3681526184082,-22.239057540893555,58.27510070800781,3.7100090086460114,76.38669713338216,31.644651678728682
PedNYC30,PedNYC30_scenario3,3,0.0,12.577234268188477,67.1153793334961,59.36016082763672,57.90610122680664,62.701661330003006,58.073510096623345,3.3456914587282935
PedNYC30,PedNYC30_scenario3,3,1.0,12.520845633655785,67.00507711072638,57.95062497369503,57.894451536489164,61.586140699051676,58.07912354878876,3.640203063215327
PedNYC30,PedNYC30_scenario3,3,2.0,12.551861179899506,66.93258645835365,56.63947582602329,57.881977145054385,60.42569343326351,58.08433211689549,3.791621197325051
PedNYC30,PedNYC30_scenario3,3,3.0,12.502941786315356,66.93789971427091,55.42075583479161,57.876877483259236,59.22510678105261,58.08956810436784,3.8102917765736133
PedNYC30,PedNYC30_scenario3,3,4.0,12.469078605206292,66.9217362691177,54.28775229740926,57.8768762718358,58.003688249000035,58.09333328007304,3.7222350319048685
PedNYC30,PedNYC30_scenario3,3,5.0,12.421649903214913,66.90040191679813,53.23417412107379,57.880714341508394,56.76471597116505,58.097147221127884,3.5371696236717582
PedNYC30,PedNYC30_scenario3,3,6.0,12.32649559265788,66.75557274151662,52.25479922997012,57.88763140860332,55.50968118649119,58.100329271527805,3.2618241724193386
PedNYC30,PedNYC30_scenario3,3,7.0,12.207831129449499,66.4722738824924,51.344049728954765,57.89693500298866,54.24878192588897,58.1052684830906,2.9121936705579174
PedNYC30,PedNYC30_scenario3,3,8.0,11.983158596930336,66.29999173618282,50.49705758761873,57.90808131576341,52.99165346030576,58.11238213143323,2.502947740427384
PedNYC30,PedNYC30_scenario3,3,9.0,11.758378208212223,66.0824764053102,49.709885402032995,57.920600112087875,51.73794980709507,58.120574198430326,2.0378996212493603
PedNYC30,PedNYC30_scenario3,3,10.0,11.599687631813014,65.68487240662574,48.977512527464725,57.93408302087099,50.508680151036245,58.13221916501776,1.5439340086580782
PedNYC30,PedNYC30_scenario3,3,11.0,11.478042809765851,65.35830067329368,48.28818634657378,57.94841487002282,49.31427559377006,58.150455115833545,1.0457912813458952
PedNYC30,PedNYC30_scenario3,3,12.0,11.228301932284909,65.0521596019072,47.62790177584416,57.96362728889607,48.146728976138476,58.17627587173389,0.560714796976301
PedNYC30,PedNYC30_scenario3,3,13.0,11.073708290226605,64.69833092543955,46.98876665106859,57.979735495909146,46.99159415860659,58.21128405280187,0.2315658200123268
PedNYC30,PedNYC30_scenario3,3,14.0,10.99881686426083,64.29664973107991,46.35144174745985,57.997143377959226,45.85352568495661,58.25840996825198,0.5622994189059213
PedNYC30,PedNYC30_scenario3,3,15.0,10.870118907743619,63.8622886301766,45.69510661537099,58.01649452429503,44.735533625730234,58.31785269240408,1.0057818192501498
PedNYC30,PedNYC30_scenario3,3,16.0,10.810433897453557,63.42937614694574,45.0120876269383,58.03806515022154,43.64063270095638,58.384481119402466,1.414529122253635
PedNYC30,PedNYC30_scenario3,3,17.0,10.812027640979855,62.96162713154535,44.299269669165795,58.06181915970153,42.57520430913688,58.45794545924283,1.7689876796744293
PedNYC30,PedNYC30_scenario3,3,18.0,10.736174698555045,62.45285349875074,43.557703302253564,58.08807505786903,41.545118001849474,58.539864227890305,2.062671337259317
PedNYC30,PedNYC30_scenario3,3,19.0,10.757834409175734,61.94495219932041,42.789078869411654,58.1169724655928,40.54238968404854,58.63072227444674,2.3046802732103737
PedNYC30,PedNYC30_scenario3,3,20.0,10.785498675969272,61.47036472462004,41.995331572755326,58.14861009558853,39.553018080701435,58.72824186328986,2.5101530191597963
PedNYC30,PedNYC30_scenario3,3,21.0,10.75028265957921,61.04792351987243,41.177405918365835,58.18313091565099,38.56871144066163,58.827131798580844,2.6870102372746634
PedNYC30,PedNYC30_scenario3,3,22.0,10.829993645806823,60.59596919043669,40.33616651046856,58.220659647179914,37.5801708020254,58.92988393136803,2.8457883670855173
PedNYC30,PedNYC30_scenario3,3,23.0,10.875152001983698,60.24229037745765,39.47242409425186,58.26107505167475,36.59213032335243,59.038224493057214,2.9832957380928833
PedNYC30,PedNYC30_scenario3,3,24.0,10.82311319723905,59.726654950585775,38.59293868837469,58.30287784716262,35.61786658146538,59.14058335339478,3.0907611613454504
PedNYC30,PedNYC30_scenario3,3,25.0,10.699151628865149,59.13903736355456,37.71300369338353,58.34505474159655,34.67342824533746,59.217556187436735,3.1623215645088423
PedNYC30,PedNYC30_scenario3,3,26.0,10.745988531710179,58.60110198027029,36.83478248726689,58.38662470892575,33.757898261396676,59.241729294216285,3.193496577607976
PedNYC30,PedNYC30_scenario3,3,27.0,10.740996114500309,58.006320794163756,35.959276879283614,58.42744542210826,32.856550995715075,59.24489931926141,3.2086038681234914
PedNYC30,PedNYC30_scenario3,3,28.0,10.725206306621375,57.517116007613566,35.08622512366503,58.46776030139303,31.970530517407816,59.24860752160636,3.212051565709241
PedNYC30,PedNYC30_scenario3,3,29.0,10.767907654293014,57.14427893731032,34.21492900400991,58.50764554950108,31.10798263033732,59.25332175807567,3.1951758600914957
PedNYC30,PedNYC30_scenario3,3,30.0,10.729572085826073,56.83926807844913,33.34486470425689,58.547023838094354,30.278737746177743,59.26103381766667,3.1481653028372825
PedNYC30,PedNYC30_scenario3,3,31.0,10.65568405972779,56.48193011300233,32.47592268950797,58.5857291664058,29.486252786563853,59.27274814462338,3.067592085822527
PedNYC30,PedNYC30_scenario3,3,32.0,10.692226146408524,56.13103066568574,31.607818617994806,58.62381226265763,28.741665210021754,59.28888244051651,2.9423041480297
PedNYC30,PedNYC30_scenario3,3,33.0,10.702395267339258,55.795358306796054,30.74100575582438,58.66086823603698,28.04912666126056,59.309318571493456,2.768880802292389
PedNYC30,PedNYC30_scenario3,3,34.0,10.61481710708795,55.33499954294197,29.87662262734884,58.69692595021875,27.38194609484643,59.334157595484875,2.5747767226590392
PedNYC30,PedNYC30_scenario3,3,35.0,10.57467943890017,54.95104814429181,29.015328227890006,58.73088761523182,26.731277337114577,59.363595623375055,2.3700649559074556
PedNYC30,PedNYC30_scenario3,3,36.0,10.641808540338006,54.51946891634009,28.15742602586276,58.761887709677595,26.11528965411549,59.39771122928997,2.138829705447673
PedNYC30,PedNYC30_scenario3,3,37.0,10.626853905175054,54.108148618847785,27.303854880102676,58.789946467555026,25.53275887288209,59.437257232581636,1.8856808566966028
PedNYC30,PedNYC30_scenario3,3,38.0,10.578574482053096,53.65407293043767,26.453972902544027,58.81542594213554,24.96110094145083,59.48422190308224,1.635834566695811
PedNYC30,PedNYC30_scenario3,3,39.0,10.591698147229343,53.18593071175052,25.603193413886963,58.84262285394933,24.39734687265384,59.53964334816101,1.3928041679844925
PedNYC30,PedNYC30_scenario3,3,40.0,10.512368733000962,52.749270813368774,24.760468658786703,58.859166313039054,23.84141522737571,59.60319064084963,1.1824683548249
PedNYC30,PedNYC30_scenario3,3,41.0,10.375243214733747,52.29745126644473,23.92506426500362,58.87827272628155,23.290639557947372,59.67519961681028,1.018620232359046
PedNYC30,PedNYC30_scenario3,3,42.0,10.311389244259484,51.854167249442476,23.093447788293318,58.89445004948671,22.741776105365055,59.7541945874558,0.9288883911112706
PedNYC30,PedNYC30_scenario3,3,43.0,10.185927349783023,51.43059217976188,22.26607338369731,58.90483664891345,22.19381114021234,59.83994272580925,0.9378940275323933
PedNYC30,PedNYC30_scenario3,3,44.0,9.946428882834258,51.01548772086194,21.477193007327084,58.92759662909241,21.64941377730531,59.9348451607762,1.021865743721275
PedNYC30,PedNYC30_scenario3,3,45.0,9.771685249135428,50.62671325157842,20.694453359838118,58.9362828311472,21.109480227547387,60.04048155504499,1.1796194821967254
PedNYC30,PedNYC30_scenario3,3,46.0,9.542712518899306,50.21794423764759,19.908390469632412,58.94293618182002,20.5857676602356,60.1584537363932,1.391518157921419
PedNYC30,PedNYC30_scenario3,3,47.0,9.246156123113707,49.847067993062154,19.123138952785855,58.94754349387672,20.082465067389357,60.28845100849561,1.6487387776484377
PedNYC30,PedNYC30_scenario3,3,48.0,9.073957490705203,49.48132856552028,18.347023924113355,58.94979150143704,19.59522712810594,60.42914777941405,1.9355893768171364
PedNYC30,PedNYC30_scenario3,3,49.0,8.988703770613297,49.07421692579199,17.61318399323509,58.94973400062878,19.11650321929611,60.58092436145984,2.218276513131958
PedNYC30,PedNYC30_scenario3,3,50.0,8.858872649064006,48.65346021550957,16.92673019351811,58.94443131125495,18.65170673227866,60.74583567589544,2.4941134184756186
PedNYC30,PedNYC30_scenario3,3,51.0,8.790487937863784,48.26006554954337,16.27668026330383,58.93619205732093,18.201773138821828,60.92643584082702,2.7689443651245105
PedNYC30,PedNYC30_scenario3,3,52.0,8.797624922278422,47.80412164914536,15.67132569169134,58.92471948297451,17.755062695243595,61.12438152656433,3.029929538121747
PedNYC30,PedNYC30_scenario3,3,53.0,8.760566622657633,47.46953097661245,15.108193835341355,58.91261649361947,17.30642987636306,61.33856312069435,3.273753003734827
PedNYC30,PedNYC30_scenario3,3,54.0,8.642830551800227,47.19079005031029,14.584579680656375,58.909994605085515,16.854257097193837,61.564299660532356,3.4923875647629408
PedNYC30,PedNYC30_scenario3,3,55.0,8.637150384453028,47.09383437913805,14.073875914945376,58.91867290683047,16.399039972489494,61.80155468028401,3.703700205767964
PedNYC30,PedNYC30_scenario3,3,56.0,8.690012681453638,47.067817829318855,13.600574094374334,58.94448332191848,15.953773600326201,62.050079381857195,3.8964438661834926
PedNYC30,PedNYC30_scenario3,3,57.0,8.736616545788165,47.09423700318437,13.171575702107894,58.98122549849987,15.511497324055963,62.31234957761008,4.070825570727384
PedNYC30,PedNYC30_scenario3,3,58.0,8.764218374938816,47.10364375083831,12.788494524501159,59.03054460401426,15.076480602608045,62.58811302730651,4.229795902879601
PedNYC30,PedNYC30_scenario3,3,59.0,8.788110726158605,47.09018524844866,12.45410498126388,59.090400299320066,14.648769812295567,62.870374136853385,4.370898755748492
PedNYC30,PedNYC30_scenario3,3,60.0,8.81080889560027,47.082803666353946,12.174587856912774,59.15671721080732,14.224858576296457,63.15470050845154,4.493048015657547
PedNYC30,PedNYC30_scenario3,3,61.0,8.812396405589626,47.15387045184201,11.926310492644408,59.22607059937337,13.804559928132043,63.441393412408345,4.61484207313779
PedNYC30,PedNYC30_scenario3,3,62.0,8.841142384524945,47.20613583303533,11.705546778642375,59.29674728229332,13.38433867271278,63.72923707309056,4.739758218424044
PedNYC30,PedNYC30_scenario3,3,63.0,8.86027809193642,47.23701892484087,11.510409325439031,59.36552034317745,12.948068275175139,64.03103210456784,4.881993778307014
PedNYC30,PedNYC30_scenario3,3,64.0,8.813226521473263,47.28278087759845,11.339474113831654,59.43030824553759,12.487165085558566,64.35834692845056,5.0599169782586415
PedNYC30,PedNYC30_scenario3,3,65.0,8.764036860549856,47.338819269982075,11.191426009224118,59.48982252432922,12.019842752345827,64.70794653757511,5.283473527699158
PedNYC30,PedNYC30_scenario3,3,66.0,8.764973214555999,47.348568165846636,11.06494485350259,59.543122587325506,11.563089049024521,65.06475977171985,5.5440621240763965
PedNYC30,PedNYC30_scenario3,3,67.0,8.765846825598802,47.33570795797509,11.00497659954975,59.59920413927179,11.125353221312198,65.43112854054232,5.8331666145586425
PedNYC30,PedNYC30_scenario3,3,68.0,8.713021958316814,47.350747437328415,11.042715105366423,59.59438594631349,10.703503907086743,65.82565879018274,6.24049881754502
PedNYC30,PedNYC30_scenario3,3,69.0,8.68658873690834,47.358032592616176,11.131567535515632,59.56760566550502,10.296320275694239,66.25430176181095,6.738660302270185
PedNYC30,PedNYC30_scenario3,3,70.0,8.708897271914262,47.340100469284955,11.197107881765046,59.54038391798589,9.904378244228761,66.71856148216824,7.293653615212031
PedNYC30,PedNYC30_scenario3,3,71.0,8.771671032286974,47.33507759694111,11.26920801849718,59.5112263664784,9.5315283729045,67.20367015557181,7.886267938579629
PedNYC30,PedNYC30_scenario3,3,72.0,8.805185984069388,47.34734796052008,11.347560620109183,59.48116075473166,9.184760453607627,67.68611650642205,8.485222651611235
PedNYC30,PedNYC30_scenario3,3,73.0,8.809137821383544,47.35678454237223,11.426205852469415,59.45206610404929,8.862627757873526,68.14877984054955,9.066684204367343
PedNYC30,PedNYC30_scenario3,3,74.0,8.79139412067261,47.35334214168126,11.467561870754203,59.435283835010644,8.554397276178138,68.55002973306665,9.568966545098814
PedNYC30,PedNYC30_scenario3,3,75.0,8.789231166650454,47.348178525188935,11.446363893415981,59.43854690516396,8.251458157135039,68.83172210818353,9.921651226400904
PedNYC30,PedNYC30_scenario3,3,76.0,8.808923919487851,47.34448560457849,11.360145945982707,59.46241633975385,7.948061536788176,69.03234934893594,10.160016624774848
PedNYC30,PedNYC30_scenario3,3,77.0,8.811544131520147,47.34314433633992,11.21129518019954,59.50566991138051,7.642949518640109,69.22200623952101,10.35085901758462
PedNYC30,PedNYC30_scenario3,3,78.0,8.809415068482297,47.342547757205516,11.004710126207932,59.57001599521094,7.338154765478725,69.41339109471703,10.504078330004429
PedNYC30,PedNYC30_scenario3,3,79.0,8.822951345247727,47.343500540021445,10.819005940917167,59.67828402588305,7.03810102803054,69.60034136012717,10.618025414563569
PedNYC30,PedNYC30_scenario3,3,80.0,8.837718230563013,47.35080904303194,10.726522460490495,59.667620937840475,6.7555268993645585,69.77965833178384,10.863797954812613
PedNYC30,PedNYC30_scenario3,3,81.0,8.828241631997425,47.37320854143298,10.57456861360616,59.71183153644584,6.490155324376886,69.97621832589967,11.047174665078256
PedNYC30,PedNYC30_scenario3,3,82.0,8.774693836046652,47.427191875140494,10.33755314069634,59.77425057704586,6.2379248171539015,70.20137867108396,11.204104278373615
PedNYC30,PedNYC30_scenario3,3,83.0,8.714846615096874,47.4621650057962,10.027254872963523,59.8574615656714,5.995911679803471,70.45615229930739,11.339487343275238
PedNYC30,PedNYC30_scenario3,3,84.0,8.67794706434872,47.45021806505317,9.629374519903122,59.966823261304796,5.764242515426245,70.74446864020733,11.44975481507838
PedNYC30,PedNYC30_scenario3,3,85.0,8.676459591597075,47.4643312163443,9.156640108085416,60.10484733199395,5.540059061864634,71.06557654384461,11.541977444069099
PedNYC30,PedNYC30_scenario3,3,86.0,8.677608894178974,47.44185639223556,8.654980093719509,60.283363649105,5.3242609602761295,71.41245216612434,11.616811144437941
PedNYC30,PedNYC30_scenario3,3,87.0,8.692742858573123,47.382214597708604,8.280319003888875,60.46192158065538,5.125956036887212,71.75792129094205,11.728154807231533
PedNYC30,PedNYC30_scenario3,3,88.0,8.734961569084138,47.35273996733189,8.051118183724325,60.662990744371776,4.947475499867244,72.12152244063688,11.871417208714874
PedNYC30,PedNYC30_scenario3,3,89.0,8.789843661450748,47.32522178648253,7.857921364324127,60.83360744970178,4.788776383264921,72.50182982215621,12.065117664068055
PedNYC30,PedNYC30_scenario3,3,90.0,8.854262700966746,47.31735119080879,7.715091342049744,61.01166708279104,4.6561643454703505,72.88631245815132,12.262309617725673
PedNYC30,PedNYC30_scenario3,3,91.0,8.838048319458956,47.31657950405201,7.6133818920036775,61.166154057418396,4.541319857860144,73.23877602644941,12.457357920071033
PedNYC30,PedNYC30_scenario3,3,92.0,8.828831240647073,47.32291461943664,7.545267799458819,61.292261129232735,4.4414237484248185,73.57152561571272,12.66547212787852
PedNYC30,PedNYC30_scenario3,3,93.0,8.843582156417819,47.33179150341303,7.500248585378729,61.387854080736304,4.354287940176664,73.91672271575916,12.917802353915304
PedNYC30,PedNYC30_scenario3,3,94.0,8.874163391846144,47.34194591564005,7.469600327554581,61.458119785316356,4.276295767848621,74.27286128259102,13.206619312034865
PedNYC30,PedNYC30_scenario3,3,95.0,8.786254441090508,47.36929774623363,7.448463262146866,61.5101593894498,4.2067162679935315,74.6337692054081,13.518064143050191
PedNYC30,PedNYC30_scenario3,3,96.0,8.771622769195355,47.523519520338716,7.42582914259171,61.571547936041924,4.142761687059511,74.99152372970288,13.815725902753739
PedNYC30,PedNYC30_scenario3,3,97.0,8.795333495528867,47.56440542170391,7.3942594396365235,61.66324141960912,4.077912205023531,75.3257292196561,14.059222306619867
PedNYC30,PedNYC30_scenario3,3,98.0,8.833262613986752,47.68141916406056,7.355979931889061,61.787115375275384,4.012301900808885,75.60573260915322,14.21739656308263
PedNYC30,PedNYC30_scenario3,3,99.0,8.855993184630094,47.81567921717071,7.315576571643244,61.94002241520518,3.94953882230642,75.82344632112682,14.285645574543599
PedNYC30,PedNYC30_scenario3,3,100.0,8.823064804077148,47.84197235107422,7.278677940368652,62.11310577392578,3.7100090086460114,76.38669713338216,14.712946959769484
PedNYC31,PedNYC31_scenario3,3,0.0,12.688436508178713,66.90181732177734,82.67410278320312,58.04286193847656,62.701661330003006,58.073510096623345,19.972464968328378
PedNYC31,PedNYC31_scenario3,3,1.0,12.641682995953465,66.82960538922958,82.00299564815064,58.06586008492395,61.586140699051676,58.07912354878876,20.416859257290795
PedNYC31,PedNYC31_scenario3,3,2.0,12.618504516534951,66.94363064593689,81.17415010341342,58.09803398768655,60.42569343326351,58.08433211689549,20.748461194371778
PedNYC31,PedNYC31_scenario3,3,3.0,12.709850147373418,66.94493815181985,80.1060217155708,58.1436205785644,59.22510678105261,58.08956810436784,20.880984894696702
PedNYC31,PedNYC31_scenario3,3,4.0,12.680291796530117,66.93480555059307,78.8158288335622,58.19334792924519,58.003688249000035,58.09333328007304,20.81238089795659
PedNYC31,PedNYC31_scenario3,3,5.0,12.556670136186506,66.9092024234082,77.36500833691726,58.26419879568483,56.76471597116505,58.097147221127884,20.60096968064927
PedNYC31,PedNYC31_scenario3,3,6.0,12.425655456341762,66.80416344826027,75.82359174600653,58.3341483079326,55.50968118649119,58.100329271527805,20.315256177606372
PedNYC31,PedNYC31_scenario3,3,7.0,12.460346089502945,66.79221770031717,74.22425569803126,58.40554005993021,54.24878192588897,58.1052684830906,19.977730487755665
PedNYC31,PedNYC31_scenario3,3,8.0,12.310731169185363,66.86212083495438,72.57398100324183,58.477498423492385,52.99165346030576,58.11238213143323,19.585731079169843
PedNYC31,PedNYC31_scenario3,3,9.0,12.163641722694353,66.68168404865072,70.93624452375481,58.52668808905275,51.73794980709507,58.120574198430326,19.20258963056498
PedNYC31,PedNYC31_scenario3,3,10.0,11.833312370417298,66.6532404334525,69.39315661808666,58.567784729331116,50.508680151036245,58.13221916501776,18.889498902707732
PedNYC31,PedNYC31_scenario3,3,11.0,11.440489192732887,66.60021231134036,67.95277370653173,58.608068900502616,49.31427559377006,58.150455115833545,18.644114950175013
PedNYC31,PedNYC31_scenario3,3,12.0,10.996231654243838,66.63756913034078,66.58602147158551,58.645320907611776,48.146728976138476,58.17627587173389,18.44525714047736
PedNYC31,PedNYC31_scenario3,3,13.0,10.698683180922531,66.74038069198568,65.27883126241203,58.67719485262953,46.99159415860659,58.21128405280187,18.293171233118503
PedNYC31,PedNYC31_scenario3,3,14.0,10.697115371445877,66.55450534162661,64.01965344095409,58.704571119441695,45.85352568495661,58.25840996825198,18.171605801911205
PedNYC31,PedNYC31_scenario3,3,15.0,10.813956170997209,66.2674332524872,62.79239080901847,58.729489948873585,44.735533625730234,58.31785269240408,18.061548565075526
PedNYC31,PedNYC31_scenario3,3,16.0,10.804883151078597,66.22205284479033,61.56205106404271,58.753603095931545,43.64063270095638,58.384481119402466,17.92521930628255
PedNYC31,PedNYC31_scenario3,3,17.0,10.758148256504777,66.19175735166432,60.31661264044555,58.77617925877108,42.57520430913688,58.45794545924283,17.74426223682999
PedNYC31,PedNYC31_scenario3,3,18.0,11.00664446376201,65.91359162190922,59.08028825160257,58.79656016176815,41.545118001849474,58.539864227890305,17.53704902457353
PedNYC31,PedNYC31_scenario3,3,19.0,11.007357560389,65.4695298352232,57.900995307189355,58.81326214427679,40.54238968404854,58.63072227444674,17.359565374277476
PedNYC31,PedNYC31_scenario3,3,20.0,11.249445663371558,65.00583682709457,56.777669521564604,58.82951099771849,39.553018080701435,58.72824186328986,17.22494913481075
PedNYC31,PedNYC31_scenario3,3,21.0,11.324674069553634,64.45212499994628,55.69710722906649,58.84848006125027,38.56871144066163,58.827131798580844,17.12840909228187
PedNYC31,PedNYC31_scenario3,3,22.0,11.533031861001051,63.84173669321642,54.65389823426548,58.86671013378419,37.5801708020254,58.92988393136803,17.073844305226892
PedNYC31,PedNYC31_scenario3,3,23.0,11.53974336544033,63.167126446121145,53.726033253531305,58.8848463646877,36.59213032335243,59.038224493057214,17.13458941647142
PedNYC31,PedNYC31_scenario3,3,24.0,11.811181486184038,62.65984469065895,52.92959442796567,58.900262987027745,35.61786658146538,59.14058335339478,17.313395822593105
PedNYC31,PedNYC31_scenario3,3,25.0,11.970428013157385,62.12679276334334,52.30348378341637,58.92072105786919,34.67342824533746,59.217556187436735,17.632554249736256
PedNYC31,PedNYC31_scenario3,3,26.0,12.193237299889716,61.658549356727114,51.78272546481057,58.92458719367143,33.757898261396676,59.241729294216285,18.02761700349959
PedNYC31,PedNYC31_scenario3,3,27.0,12.137115996320482,61.23312068809275,51.17885850855385,58.93526951585726,32.856550995715075,59.24489931926141,18.324923552642296
PedNYC31,PedNYC31_scenario3,3,28.0,12.192489177860656,60.852910588794344,50.44316971102608,58.9583364300839,31.970530517407816,59.24860752160636,18.47491965027657
PedNYC31,PedNYC31_scenario3,3,29.0,12.087665560194804,60.39358477554091,49.63670129578633,58.977653430939824,31.10798263033732,59.25332175807567,18.530769234166844
PedNYC31,PedNYC31_scenario3,3,30.0,12.04741986500094,59.939970237057224,48.90533620982011,58.99725419524484,30.278737746177743,59.26103381766667,18.62846612083156
PedNYC31,PedNYC31_scenario3,3,31.0,11.885196256642143,59.46674392004745,48.27773419786164,59.012420429844866,29.486252786563853,59.27274814462338,18.793284549280685
PedNYC31,PedNYC31_scenario3,3,32.0,11.819891673065506,58.84069240533884,47.739350378466504,59.02442382033259,28.741665210021754,59.28888244051651,18.999525786743604
PedNYC31,PedNYC31_scenario3,3,33.0,11.662153028698274,58.028781024105555,47.277307633841026,59.033818854720955,28.04912666126056,59.309318571493456,19.23015453937506
PedNYC31,PedNYC31_scenario3,3,34.0,11.613040347214653,57.06600305424715,46.83861076041378,59.042317549568374,27.38194609484643,59.334157595484875,19.458853268390136
PedNYC31,PedNYC31_scenario3,3,35.0,11.408333866848873,56.15659800715244,46.338663615702536,59.052526888473174,26.731277337114577,59.363595623375055,19.60985365665927
PedNYC31,PedNYC31_scenario3,3,36.0,11.442966815408782,55.30749833405523,45.7499321021019,59.06434616228205,26.11528965411549,59.39771122928997,19.63747224894719
PedNYC31,PedNYC31_scenario3,3,37.0,11.45793700640649,54.50908508491498,45.093037257703706,59.07612527457677,25.53275887288209,59.437257232581636,19.563611803110696
PedNYC31,PedNYC31_scenario3,3,38.0,11.154727861770919,53.56119440489371,44.40908145463202,59.08821549655446,24.96110094145083,59.48422190308224,19.452011904044436
PedNYC31,PedNYC31_scenario3,3,39.0,10.811001988015422,52.76950357591227,43.69002415194924,59.10019789091108,24.39734687265384,59.53964334816101,19.297681438787883
PedNYC31,PedNYC31_scenario3,3,40.0,10.524057588639176,51.95832127153512,42.915637603385505,59.11237085375256,23.84141522737571,59.60319064084963,19.08053624280195
PedNYC31,PedNYC31_scenario3,3,41.0,10.136228594531776,51.17967179403091,42.06669135890568,59.124499271464735,23.290639557947372,59.67519961681028,18.784126067044838
PedNYC31,PedNYC31_scenario3,3,42.0,9.8125111390162,50.333986223992575,41.11070374427087,59.136803002712846,22.741776105365055,59.7541945874558,18.379300176347016
PedNYC31,PedNYC31_scenario3,3,43.0,9.422467538437143,49.621309546939116,40.07390364463431,59.148510872153835,22.19381114021234,59.83994272580925,17.89345651278523
PedNYC31,PedNYC31_scenario3,3,44.0,9.100241009547515,48.89658783112662,39.01726688048246,59.15872139971166,21.64941377730531,59.9348451607762,17.385185920950892
PedNYC31,PedNYC31_scenario3,3,45.0,8.837544976465658,48.27879980310142,37.955395416543205,59.16718667689052,21.109480227547387,60.04048155504499,16.86853587301076
PedNYC31,PedNYC31_scenario3,3,46.0,8.897767976943795,48.049191805753736,36.94445137692055,59.17334480663021,20.5857676602356,60.1584537363932,16.38831817319984
PedNYC31,PedNYC31_scenario3,3,47.0,9.272205461575814,48.34272167346162,36.014787442996905,59.17764235242318,20.082465067389357,60.28845100849561,15.970998470687123
PedNYC31,PedNYC31_scenario3,3,48.0,9.536979470774282,48.330565524907634,35.170660998326234,59.18093035070104,19.59522712810594,60.42914777941405,15.625369979458037
PedNYC31,PedNYC31_scenario3,3,49.0,9.517514589004866,48.43757362110789,34.41270203527345,59.182102171077446,19.11650321929611,60.58092436145984,15.360026098226939
PedNYC31,PedNYC31_scenario3,3,50.0,9.529715248413831,48.587675169714224,33.75973231945274,59.182058446055755,18.65170673227866,60.74583567589544,15.188740447030876
PedNYC31,PedNYC31_scenario3,3,51.0,9.635918022216341,48.63857781373759,33.189943449120534,59.18168457990133,18.201773138821828,60.92643584082702,15.089380577512829
PedNYC31,PedNYC31_scenario3,3,52.0,9.61224072610036,48.606987870539164,32.60081896859127,59.181354529028596,17.755062695243595,61.12438152656433,14.972368992273553
PedNYC31,PedNYC31_scenario3,3,53.0,9.638918274237776,48.572243347844434,31.887302359072354,59.181186736300994,17.30642987636306,61.33856312069435,14.739610416186963
PedNYC31,PedNYC31_scenario3,3,54.0,9.749015394282361,48.662733965229805,31.09069427313151,59.181369706329576,16.854257097193837,61.564299660532356,14.434489898540132
PedNYC31,PedNYC31_scenario3,3,55.0,9.923137423894731,48.840889932908,30.199907594353945,59.18008383217002,16.399039972489494,61.80155468028401,14.047635264475586
PedNYC31,PedNYC31_scenario3,3,56.0,9.772764225801975,49.18863840871608,29.19747543715991,59.17286557784834,15.953773600326201,62.050079381857195,13.55263803165021
PedNYC31,PedNYC31_scenario3,3,57.0,9.903722264501251,49.55718790051398,28.163857530396225,59.16368454878068,15.511497324055963,62.31234957761008,13.038263314366521
PedNYC31,PedNYC31_scenario3,3,58.0,9.768167455486266,49.98419731347922,27.238573840117457,59.15365068817248,15.076480602608045,62.58811302730651,12.637723033711497
PedNYC31,PedNYC31_scenario3,3,59.0,9.886088255869257,50.01040259981119,26.42422929315404,59.143891372516144,14.648769812295567,62.870374136853385,12.351037194431978
PedNYC31,PedNYC31_scenario3,3,60.0,9.861979428591303,50.1174283900731,25.719325249183907,59.13458377318763,14.224858576296457,63.15470050845154,12.177196009725279
PedNYC31,PedNYC31_scenario3,3,61.0,9.872144931550796,50.015469988586915,25.100615934331017,59.12570774691126,13.804559928132043,63.441393412408345,12.092395298639593
PedNYC31,PedNYC31_scenario3,3,62.0,9.85830686464159,49.9730361200243,24.54054392191108,59.117086968342896,13.38433867271278,63.72923707309056,12.071985924070802
PedNYC31,PedNYC31_scenario3,3,63.0,9.830616714146398,49.95368230392892,23.893170454434262,59.10581370713074,12.948068275175139,64.03103210456784,12.002209712251977
PedNYC31,PedNYC31_scenario3,3,64.0,9.82969855467707,49.92453352447624,23.050383579962848,59.087703422249604,12.487165085558566,64.35834692845056,11.805137353287463
PedNYC31,PedNYC31_scenario3,3,65.0,9.809226453723635,49.936733498215766,22.047190702676133,59.06316599562339,12.019842752345827,64.70794653757511,11.507008919949186
PedNYC31,PedNYC31_scenario3,3,66.0,9.792057718723067,49.98686465934694,21.083416883372326,59.036268511976196,11.563089049024521,65.06475977171985,11.268511389809357
PedNYC31,PedNYC31_scenario3,3,67.0,9.721524759644531,50.029611642740285,20.25161332483694,59.01030938802266,11.125353221312198,65.43112854054232,11.15865323713174
PedNYC31,PedNYC31_scenario3,3,68.0,9.701655379051655,50.025216032260104,19.53858632731623,58.98623303410375,10.703503907086743,65.82565879018274,11.173022243116
PedNYC31,PedNYC31_scenario3,3,69.0,9.680328991176228,50.02528784390872,18.91070400299304,58.96356041274492,10.296320275694239,66.25430176181095,11.285500273365447
PedNYC31,PedNYC31_scenario3,3,70.0,9.664655283880128,50.02013937956622,18.241450968676855,58.93947238192038,9.904378244228761,66.71856148216824,11.402675512454584
PedNYC31,PedNYC31_scenario3,3,71.0,9.667717654542631,50.02041749777414,17.44856222458952,58.91162581524653,9.5315283729045,67.20367015557181,11.464616188544957
PedNYC31,PedNYC31_scenario3,3,72.0,9.80254375318509,49.98817610476133,16.53220025646718,58.87835023413447,9.184760453607627,67.68611650642205,11.47003131486098
PedNYC31,PedNYC31_scenario3,3,73.0,9.915206352637806,49.96661445034342,15.676960092453461,58.84618187645586,8.862627757873526,68.14877984054955,11.531411624240189
PedNYC31,PedNYC31_scenario3,3,74.0,9.9592708173515,49.95104875765599,14.945563374836235,58.81807206623443,8.554397276178138,68.55002973306665,11.64293795094911
PedNYC31,PedNYC31_scenario3,3,75.0,9.82311324649151,49.9951066805666,14.33227463383961,58.798969274920914,8.251458157135039,68.83172210818353,11.731686086692774
PedNYC31,PedNYC31_scenario3,3,76.0,9.709797176570515,50.04114798556528,13.773469171965392,58.782132944631726,7.948061536788176,69.03234934893594,11.789924107094505
PedNYC31,PedNYC31_scenario3,3,77.0,9.815498234505093,50.05080910571373,13.090378844501332,58.76481838444149,7.642949518640109,69.22200623952101,11.790982321107746
PedNYC31,PedNYC31_scenario3,3,78.0,10.023422316702158,50.0332859187059,12.21187757884473,58.74517770065274,7.338154765478725,69.41339109471703,11.728765965898413
PedNYC31,PedNYC31_scenario3,3,79.0,9.971058418647512,50.07727361703566,11.165896081794232,58.74672429489658,7.03810102803054,69.60034136012717,11.612049578112417
PedNYC31,PedNYC31_scenario3,3,80.0,9.905519239311076,50.073945361809265,10.202652529417433,58.83713297886422,6.7555268993645585,69.77965833178384,11.472642947841443
PedNYC31,PedNYC31_scenario3,3,81.0,9.886712606352342,50.0368133023094,9.42723522979246,59.065091641995195,6.490155324376886,69.97621832589967,11.299518745637272
PedNYC31,PedNYC31_scenario3,3,82.0,9.886064321750126,50.03333333985746,8.826116463595952,59.36984317134803,6.2379248171539015,70.20137867108396,11.136467001735875
PedNYC31,PedNYC31_scenario3,3,83.0,9.871649288811772,50.05847687327871,8.278798241924806,59.73434672507766,5.995911679803471,70.45615229930739,10.96214786559176
PedNYC31,PedNYC31_scenario3,3,84.0,9.833587717189866,50.226099585883745,7.713867231451071,60.22134282966564,5.764242515426245,70.74446864020733,10.70220600426957
PedNYC31,PedNYC31_scenario3,3,85.0,9.94933506639979,50.17292089310142,7.103649363123023,60.92892434563436,5.540059061864634,71.06557654384461,10.256536082794723
PedNYC31,PedNYC31_scenario3,3,86.0,9.984836528525504,50.096243102907124,6.549909407527701,61.85932567438532,5.3242609602761295,71.41245216612434,9.631429794346014
PedNYC31,PedNYC31_scenario3,3,87.0,9.879576852916243,50.064948658903425,6.151185565559277,62.93213063061689,5.125956036887212,71.75792129094205,8.88513794863895
PedNYC31,PedNYC31_scenario3,3,88.0,9.835391608232099,50.03069134513297,5.888557920218815,64.06407383966916,4.947475499867244,72.12152244063688,8.112220046271638
PedNYC31,PedNYC31_scenario3,3,89.0,9.907030907678854,50.0152393779115,5.673472969808434,65.26732963267528,4.788776383264921,72.50182982215621,7.288393584449271
PedNYC31,PedNYC31_scenario3,3,90.0,10.030093017238487,50.016464466677206,5.491962677190686,66.51113486858785,4.6561643454703505,72.88631245815132,6.429731576806211
PedNYC31,PedNYC31_scenario3,3,91.0,10.026049066548083,50.0730285264431,5.359793239620527,67.70962484907719,4.541319857860144,73.23877602644941,5.589401704913234
PedNYC31,PedNYC31_scenario3,3,92.0,9.908146270431736,50.05128933572733,5.2954066844471805,68.88734698394856,4.4414237484248185,73.57152561571272,4.761388065395772
PedNYC31,PedNYC31_scenario3,3,93.0,9.827404754861078,49.95690438101617,5.275933325197593,70.09334899608668,4.354287940176664,73.91672271575916,3.9328891181944883
PedNYC31,PedNYC31_scenario3,3,94.0,9.788401612354168,49.9598704953937,5.2459997384224035,71.34283801949867,4.276295767848621,74.27286128259102,3.086318537158618
PedNYC31,PedNYC31_scenario3,3,95.0,9.768861094727944,49.99834829597988,5.2303300926434515,72.63182907208657,4.2067162679935315,74.6337692054081,2.248454927148384
PedNYC31,PedNYC31_scenario3,3,96.0,9.876360380109315,50.06113891279925,5.220227725946482,73.9614683833446,4.142761687059511,74.99152372970288,1.4906196971448016
PedNYC31,PedNYC31_scenario3,3,97.0,9.944044096835148,49.9764846651584,5.216387865024702,75.30644549491979,4.077912205023531,75.3257292196561,1.1386389640508563
PedNYC31,PedNYC31_scenario3,3,98.0,9.98188308298879,49.91847058780762,5.2186205093621,76.31861915551829,4.012301900808885,75.60573260915322,1.401217974952534
PedNYC31,PedNYC31_scenario3,3,99.0,10.024592871245403,49.93341565899686,5.218975423763136,76.39950747441958,3.94953882230642,75.82344632112682,1.3940285999401008
PedNYC31,PedNYC31_scenario3,3,100.0,9.898595809936523,50.03166580200195,5.2189764976501465,76.39957427978516,3.7100090086460114,76.38669713338216,1.5090224331569524
PedNYC3,PedNYC3_scenario3,3,0.0,12.769174575805664,67.16331481933594,84.68994903564453,58.0099983215332,62.701661330003006,58.073510096623345,21.98837943031822
PedNYC3,PedNYC3_scenario3,3,1.0,12.633809051544512,67.13520981307013,84.69008782909461,58.01000169587004,61.586140699051676,58.07912354878876,23.104050528389386
PedNYC3,PedNYC3_scenario3,3,2.0,12.606507113841339,67.0311571928773,84.69005299734637,58.01000046636697,60.42569343326351,58.08433211689549,24.264473417928723
PedNYC3,PedNYC3_scenario3,3,3.0,12.658763107014568,66.96385734967166,84.68951428090337,58.0099983215332,59.22510678105261,58.08956810436784,25.46453181719224
PedNYC3,PedNYC3_scenario3,3,4.0,12.692349119167496,66.97088613962184,84.6741270990753,58.00997018069619,58.003688249000035,58.09333328007304,26.670569132696478
PedNYC3,PedNYC3_scenario3,3,5.0,12.714958842744107,66.98978985827314,84.60316392043624,58.00982302007498,56.76471597116505,58.097147221127884,27.838584909085643
PedNYC3,PedNYC3_scenario3,3,6.0,12.68385076176566,66.9376782854899,84.43396360265284,58.00951386615098,55.50968118649119,58.100329271527805,28.92442498525652
PedNYC3,PedNYC3_scenario3,3,7.0,12.645263064902004,66.83680527794803,84.14494968801368,58.01082397633635,54.24878192588897,58.1052684830906,29.89631694082
PedNYC3,PedNYC3_scenario3,3,8.0,12.580244877812968,66.74904988954636,83.73014677279164,58.01664635030337,52.99165346030576,58.11238213143323,30.73864239782765
PedNYC3,PedNYC3_scenario3,3,9.0,12.457070180813693,66.68640667302654,83.18978047705312,58.031103743224236,51.73794980709507,58.120574198430326,31.451957927195384
PedNYC3,PedNYC3_scenario3,3,10.0,12.379253311937312,66.62795585254425,82.52516305676996,58.055062505299304,50.508680151036245,58.13221916501776,32.01657587568161
PedNYC3,PedNYC3_scenario3,3,11.0,12.390331623372544,66.51880137401477,81.73869567530383,58.09047553626402,49.31427559377006,58.150455115833545,32.42447555742013
PedNYC3,PedNYC3_scenario3,3,12.0,12.441932445329272,66.35418894484563,80.8329890035431,58.13569771051353,48.146728976138476,58.17627587173389,32.6862852151522
PedNYC3,PedNYC3_scenario3,3,13.0,12.431423264770876,66.20158569907436,79.81237086967752,58.19281130046386,46.99159415860659,58.21128405280187,32.820781909646136
PedNYC3,PedNYC3_scenario3,3,14.0,12.356636751765272,66.05051556417281,78.68041920411035,58.26575109149817,45.85352568495661,58.25840996825198,32.82689434000647
PedNYC3,PedNYC3_scenario3,3,15.0,12.329253446045522,65.95615463753713,77.44139465411375,58.35122147358264,44.735533625730234,58.31785269240408,32.705878050948165
PedNYC3,PedNYC3_scenario3,3,16.0,12.327422295668248,65.86835425531982,76.10181126927024,58.434751077437134,43.64063270095638,58.384481119402466,32.46121749276573
PedNYC3,PedNYC3_scenario3,3,17.0,12.31407749738474,65.83524060020852,74.66873071792327,58.50502613338892,42.57520430913688,58.45794545924283,32.09356094205421
PedNYC3,PedNYC3_scenario3,3,18.0,12.280215250232903,65.84012676061673,73.14808268351663,58.56042922667097,41.545118001849474,58.539864227890305,31.602971372797793
PedNYC3,PedNYC3_scenario3,3,19.0,12.258081281650801,65.83647040750637,71.5435705197602,58.59911533825336,40.54238968404854,58.63072227444674,31.0011969479714
PedNYC3,PedNYC3_scenario3,3,20.0,12.22847111745497,65.8675224352969,69.85931113859965,58.6282872215512,39.553018080701435,58.72824186328986,30.306457890053974
PedNYC3,PedNYC3_scenario3,3,21.0,12.235696009002751,65.94816149951619,68.09957771493362,58.65444566248334,38.56871144066163,58.827131798580844,29.53137117389802
PedNYC3,PedNYC3_scenario3,3,22.0,12.23394007004047,65.96053158168229,66.26801775157735,58.68271753203728,37.5801708020254,58.92988393136803,28.68891168779107
PedNYC3,PedNYC3_scenario3,3,23.0,12.137162375510993,65.88592837317674,64.36766813781132,58.71336133697967,36.59213032335243,59.038224493057214,27.77743755195235
PedNYC3,PedNYC3_scenario3,3,24.0,12.089328997624097,65.83011128464447,62.400381494507,58.74602370103693,35.61786658146538,59.14058335339478,26.785421079134927
PedNYC3,PedNYC3_scenario3,3,25.0,12.039676412538997,65.81549301348277,60.37068879000665,58.780312937577335,34.67342824533746,59.217556187436735,25.700980159522313
PedNYC3,PedNYC3_scenario3,3,26.0,12.054207623025484,65.81928511364997,58.29026939177595,58.81161580599302,33.757898261396676,59.241729294216285,24.536141320334337
PedNYC3,PedNYC3_scenario3,3,27.0,12.087705510942218,65.81322257108285,56.175310508162454,58.837157700152595,32.856550995715075,59.24489931926141,23.32232403572398
PedNYC3,PedNYC3_scenario3,3,28.0,12.116603001753964,65.80861762370547,54.02996615255895,58.85016932546459,31.970530517407816,59.24860752160636,22.063033643121706
PedNYC3,PedNYC3_scenario3,3,29.0,12.118545917846768,65.78141098852556,51.85691904198441,58.84402358116101,31.10798263033732,59.25332175807567,20.752972972858615
PedNYC3,PedNYC3_scenario3,3,30.0,12.069418255716654,65.75972739986112,49.65501588427169,58.8254957673034,30.278737746177743,59.26103381766667,19.381172510405342
PedNYC3,PedNYC3_scenario3,3,31.0,12.026457074001348,65.78329650227452,47.423429780863984,58.80344237105337,29.486252786563853,59.27274814462338,17.94331536907146
PedNYC3,PedNYC3_scenario3,3,32.0,12.024525149161244,65.8002910217916,45.1632663791084,58.78383790228075,28.741665210021754,59.28888244051651,16.429365628110833
PedNYC3,PedNYC3_scenario3,3,33.0,12.056948685909697,65.786624091135,42.890705456068765,58.76750826379684,28.04912666126056,59.309318571493456,14.851465231822312
PedNYC3,PedNYC3_scenario3,3,34.0,12.105315006866006,65.75483173818012,40.699279597003475,58.751913081259545,27.38194609484643,59.334157595484875,13.33005552434122
PedNYC3,PedNYC3_scenario3,3,35.0,12.094114326586205,65.66878022879317,38.65035008533584,58.736504890967424,26.731277337114577,59.363595623375055,11.93555771483102
PedNYC3,PedNYC3_scenario3,3,36.0,11.978372879428568,65.48698783370756,36.747790641769456,58.721694946145796,26.11528965411549,59.39771122928997,10.653969929915263
PedNYC3,PedNYC3_scenario3,3,37.0,11.827886486332767,65.22614140962774,34.98159014409153,58.70786371345145,25.53275887288209,59.437257232581636,9.476941874757618
PedNYC3,PedNYC3_scenario3,3,38.0,11.743859533172575,64.91787203441989,33.30561414906822,58.69484125224058,24.96110094145083,59.48422190308224,8.381767264964129
PedNYC3,PedNYC3_scenario3,3,39.0,11.706863689571817,64.63577477279607,31.666891101336038,58.68254042939471,24.39734687265384,59.53964334816101,7.319897451885807
PedNYC3,PedNYC3_scenario3,3,40.0,11.607182018945755,64.30901684640985,30.05003375300905,58.67167543528545,23.84141522737571,59.60319064084963,6.27810995244865
PedNYC3,PedNYC3_scenario3,3,41.0,11.502753262720033,63.949643766960435,28.44062076807415,58.665695375515035,23.290639557947372,59.67519961681028,5.2479905942991145
PedNYC3,PedNYC3_scenario3,3,42.0,11.461026172155263,63.57339660081162,26.8303267863796,58.66380808754134,22.741776105365055,59.7541945874558,4.2314523972768745
PedNYC3,PedNYC3_scenario3,3,43.0,11.391657120865146,63.23772926461716,25.21697934632914,58.666306912398184,22.19381114021234,59.83994272580925,3.2429873612144293
PedNYC3,PedNYC3_scenario3,3,44.0,11.298308981191841,62.90670566642037,23.60512784066275,58.672640014871014,21.64941377730531,59.9348451607762,2.327655328428932
PedNYC3,PedNYC3_scenario3,3,45.0,11.260896121718828,62.571592442605386,22.03125040946239,58.68235612801698,21.109480227547387,60.04048155504499,1.6413911611214573
PedNYC3,PedNYC3_scenario3,3,46.0,11.244987806999834,62.24468754523711,20.5489350276267,58.69475285082739,20.5857676602356,60.1584537363932,1.4641642412076006
PedNYC3,PedNYC3_scenario3,3,47.0,11.216485336118076,62.01589706348719,19.170316415888546,58.709127983512936,20.082465067389357,60.28845100849561,1.8238082080293376
PedNYC3,PedNYC3_scenario3,3,48.0,11.222630713575475,61.88958952762827,17.895702661183286,58.72362407609274,19.59522712810594,60.42914777941405,2.407736388448613
PedNYC3,PedNYC3_scenario3,3,49.0,11.288904978861442,61.85402676529406,16.836049425470133,58.73416360481939,19.11650321929611,60.58092436145984,2.9344496584611055
PedNYC3,PedNYC3_scenario3,3,50.0,11.302099269066039,61.858454535957094,16.121343491696113,58.73729830770062,18.65170673227866,60.74583567589544,3.2306284974794615
PedNYC3,PedNYC3_scenario3,3,51.0,11.292729631394085,61.84425183377792,15.733872879437708,58.73742922738202,18.201773138821828,60.92643584082702,3.2988303448304417
PedNYC3,PedNYC3_scenario3,3,52.0,11.2969197620053,61.830178791867525,15.426476578588638,58.73695793797831,17.755062695243595,61.12438152656433,3.3349819630719373
PedNYC3,PedNYC3_scenario3,3,53.0,11.313707176657584,61.817316557792566,15.116171981354823,58.73548897200072,17.30642987636306,61.33856312069435,3.401944248550088
PedNYC3,PedNYC3_scenario3,3,54.0,11.336290269102816,61.783539548581665,14.748629276746614,58.73292105474462,16.854257097193837,61.564299660532356,3.528508654878689
PedNYC3,PedNYC3_scenario3,3,55.0,11.327008102939256,61.69688737540944,14.27620284238578,58.729690111128185,16.399039972489494,61.80155468028401,3.7340044740441716
PedNYC3,PedNYC3_scenario3,3,56.0,11.251768806131532,61.60022235154838,13.673121382867977,58.72240550755225,15.953773600326201,62.050079381857195,4.034202269436769
PedNYC3,PedNYC3_scenario3,3,57.0,11.2000931449473,61.525532202217,12.929794998539679,58.704120337222314,15.511497324055963,62.31234957761008,4.436722342987609
PedNYC3,PedNYC3_scenario3,3,58.0,11.189808730613562,61.522936480130305,12.039730964757013,58.676406691309396,15.076480602608045,62.58811302730651,4.952100041605417
PedNYC3,PedNYC3_scenario3,3,59.0,11.176979936587585,61.523785926533364,10.996693086402384,58.65959585123362,14.648769812295567,62.870374136853385,5.573896140264691
PedNYC3,PedNYC3_scenario3,3,60.0,11.190960757839175,61.528890797957914,9.819378458588636,58.730865122765,14.224858576296457,63.15470050845154,6.243282356835327
PedNYC3,PedNYC3_scenario3,3,61.0,11.220923385419455,61.52030911560331,8.60069282134924,59.00335861719677,13.804559928132043,63.441393412408345,6.8393264075173885
PedNYC3,PedNYC3_scenario3,3,62.0,11.217147009627128,61.479322464576946,7.453177115559072,59.53472524239772,13.38433867271278,63.72923707309056,7.264475680658597
PedNYC3,PedNYC3_scenario3,3,63.0,11.283986054882359,61.34839103586045,6.486484364298859,60.32897634038414,12.948068275175139,64.03103210456784,7.4469647184890695
PedNYC3,PedNYC3_scenario3,3,64.0,11.430582299698322,61.11769601003596,5.745119238499738,61.33502959936125,12.487165085558566,64.35834692845056,7.38888556388681
PedNYC3,PedNYC3_scenario3,3,65.0,11.520893604076269,60.84421811349626,5.247966008808851,62.500833212945444,12.019842752345827,64.70794653757511,7.1224759639759245
PedNYC3,PedNYC3_scenario3,3,66.0,11.64625470835253,60.55576285850921,4.954779629761156,63.77559343979536,11.563089049024521,65.06475977171985,6.7328822366125305
PedNYC3,PedNYC3_scenario3,3,67.0,11.743623749968629,60.33908259423881,4.850880207501052,65.12444434909345,11.125353221312198,65.43112854054232,6.281963609758415
PedNYC3,PedNYC3_scenario3,3,68.0,11.807011885421385,60.04866120779084,4.906967674457631,66.52945792949596,10.703503907086743,65.82565879018274,5.839106569046341
PedNYC3,PedNYC3_scenario3,3,69.0,11.798119142058985,59.8248904186985,5.077590667349938,67.98513993454013,10.296320275694239,66.25430176181095,5.498266954703631
PedNYC3,PedNYC3_scenario3,3,70.0,11.753101014610815,59.48773594693541,5.235122337153359,69.50340256667205,9.904378244228761,66.71856148216824,5.4366617139287685
PedNYC3,PedNYC3_scenario3,3,71.0,11.763548443550127,59.126232271975105,5.323450294597464,71.08022095054085,9.5315283729045,67.20367015557181,5.721500430752696
PedNYC3,PedNYC3_scenario3,3,72.0,11.832238642514904,58.805316700084376,5.354452991442622,72.71011031136456,9.184760453607627,67.68611650642205,6.3175761971516895
PedNYC3,PedNYC3_scenario3,3,73.0,11.811613024531278,58.416801477306635,5.359604254352878,74.39119214514838,8.862627757873526,68.14877984054955,7.158134187539721
PedNYC3,PedNYC3_scenario3,3,74.0,11.776071325709047,57.97735323441556,5.353831976743017,76.12194963155764,8.554397276178138,68.55002973306665,8.220558933862833
PedNYC3,PedNYC3_scenario3,3,75.0,11.767064787914185,57.481829827726955,5.341160494175996,77.89455864614844,8.251458157135039,68.83172210818353,9.518657394869127
PedNYC3,PedNYC3_scenario3,3,76.0,11.672198380105563,57.04235500061099,5.3416897422500265,79.62432309771455,7.948061536788176,69.03234934893594,10.907936643846961
PedNYC3,PedNYC3_scenario3,3,77.0,11.592514875350963,56.5868078011547,5.3603923927996835,81.22426525240967,7.642949518640109,69.22200623952101,12.217376496007313
PedNYC3,PedNYC3_scenario3,3,78.0,11.555012154849079,56.08997050124021,5.391320522160048,82.56221730706478,7.338154765478725,69.41339109471703,13.292170414702095
PedNYC3,PedNYC3_scenario3,3,79.0,11.461037310905615,55.65596883912138,5.419897450360957,83.44220667401046,7.03810102803054,69.60034136012717,13.93613354508588
PedNYC3,PedNYC3_scenario3,3,80.0,11.359910559054354,55.20894456828723,5.4315124665280505,83.74853685828471,6.7555268993645585,69.77965833178384,14.031485363513607
PedNYC3,PedNYC3_scenario3,3,81.0,11.30811454703571,54.78331177304177,5.431560653819675,83.74980656726039,6.490155324376886,69.97621832589967,13.814208472405598
PedNYC3,PedNYC3_scenario3,3,82.0,11.196879349597065,54.36307101293213,5.4315716830995076,83.75005659756087,6.2379248171539015,70.20137867108396,13.572651875451681
PedNYC3,PedNYC3_scenario3,3,83.0,11.040473788795897,53.955880831187734,5.431573780176162,83.75008392333984,5.995911679803471,70.45615229930739,13.305904527291855
PedNYC3,PedNYC3_scenario3,3,84.0,10.944446991562844,53.5205522002697,5.431573015934229,83.75007629394531,5.764242515426245,70.74446864020733,13.009861622586932
PedNYC3,PedNYC3_scenario3,3,85.0,10.830017580298557,53.09725973432834,5.431573390960693,83.75007629394531,5.540059061864634,71.06557654384461,12.684963659825604
PedNYC3,PedNYC3_scenario3,3,86.0,10.673633320598839,52.68070558098884,5.431573390960693,83.75007629394531,5.3242609602761295,71.41245216612434,12.338090819781222
PedNYC3,PedNYC3_scenario3,3,87.0,10.587726741936104,52.286301733058316,5.431573390960693,83.75007629394531,5.125956036887212,71.75792129094205,11.996048665421755
PedNYC3,PedNYC3_scenario3,3,88.0,10.498831061847723,51.89987034167504,5.431573390960693,83.75007629394531,4.947475499867244,72.12152244063688,11.638626013729263
PedNYC3,PedNYC3_scenario3,3,89.0,10.3284799520739,51.49900589502423,5.431573390960693,83.75007629394531,4.788776383264921,72.50182982215621,11.266598274688711
PedNYC3,PedNYC3_scenario3,3,90.0,10.187948972177011,51.11747361619511,5.4315735519868875,83.75007629394531,4.6561643454703505,72.88631245815132,10.891401384461778
PedNYC3,PedNYC3_scenario3,3,91.0,10.041378740576123,50.71420278015374,5.431573633844391,83.75008003720068,4.541319857860144,73.23877602644941,10.548936619019461
PedNYC3,PedNYC3_scenario3,3,92.0,9.843669811806302,50.35056032571737,5.431573390960693,83.75007629394531,4.4414237484248185,73.57152561571272,10.226597196720089
PedNYC3,PedNYC3_scenario3,3,93.0,9.690721347425368,50.002135537022774,5.431573042333279,83.75007629394531,4.354287940176664,73.91672271575916,9.89218811916529
PedNYC3,PedNYC3_scenario3,3,94.0,9.555183125747584,49.63681733222368,5.431573390960693,83.75007629394531,4.276295767848621,74.27286128259102,9.547369834561902
PedNYC3,PedNYC3_scenario3,3,95.0,9.367539359027973,49.29238154217017,5.431573390960693,83.75007629394531,4.2067162679935315,74.6337692054081,9.198224279946494
PedNYC3,PedNYC3_scenario3,3,96.0,9.206464993743733,48.918302656081764,5.431573390960693,83.75007629394531,4.142761687059511,74.99152372970288,8.852868384241935
PedNYC3,PedNYC3_scenario3,3,97.0,9.157409762283736,48.6921176097393,5.431573390960693,83.75007629394531,4.077912205023531,75.3257292196561,8.532410107021233
PedNYC3,PedNYC3_scenario3,3,98.0,9.037774810896686,48.26047822355233,5.431573390960693,83.75007629394531,4.012301900808885,75.60573260915322,8.267083259455571
PedNYC3,PedNYC3_scenario3,3,99.0,8.956670675940515,48.06593019826453,5.431576045719072,83.75011877007937,3.94953882230642,75.82344632112682,8.064029417392028
PedNYC3,PedNYC3_scenario3,3,100.0,8.985498428344727,48.0067138671875,5.43157958984375,83.75015258789062,3.7100090086460114,76.38669713338216,7.562028927250678
PedNYC4,PedNYC4_scenario3,3,0.0,12.598133087158203,66.92070770263672,42.58454132080078,58.083641052246094,62.701661330003006,58.073510096623345,20.117122560170138
PedNYC4,PedNYC4_scenario3,3,1.0,12.6156170313404,66.82687458547103,41.69044312645338,58.083131996159175,61.586140699051676,58.07912354878876,19.8956979763954
PedNYC4,PedNYC4_scenario3,3,2.0,12.650334701512401,66.70511766166081,40.83962875181281,58.08381518484414,60.42569343326351,58.08433211689549,19.586064688272355
PedNYC4,PedNYC4_scenario3,3,3.0,12.673568697915172,66.57756065049534,40.0299998142817,58.087841725642015,59.22510678105261,58.08956810436784,19.195107044404846
PedNYC4,PedNYC4_scenario3,3,4.0,12.643222277090699,66.41700960419941,39.25947914682921,58.093798514477044,58.003688249000035,58.09333328007304,18.744209107944425
PedNYC4,PedNYC4_scenario3,3,5.0,12.592161948688338,66.25414184812202,38.52620393160266,58.09973253411555,56.76471597116505,58.097147221127884,18.23851222279673
PedNYC4,PedNYC4_scenario3,3,6.0,12.583221371594247,66.08399630275188,37.82788168475261,58.10606044790464,55.50968118649119,58.100329271527805,17.68180043055756
PedNYC4,PedNYC4_scenario3,3,7.0,12.60850338605433,65.89570229090425,37.14580535332138,58.11274847900361,54.24878192588897,58.1052684830906,17.10297820825761
PedNYC4,PedNYC4_scenario3,3,8.0,12.622675168802123,65.6818936834758,36.45143140715906,58.11893118348699,52.99165346030576,58.11238213143323,16.540223349685554
PedNYC4,PedNYC4_scenario3,3,9.0,12.60844071301187,65.48891175812922,35.73538307705936,58.125239801955765,51.73794980709507,58.120574198430326,16.002567410172094
PedNYC4,PedNYC4_scenario3,3,10.0,12.604794024571827,65.29986264365122,34.99832680379405,58.13172354026185,50.508680151036245,58.13221916501776,15.510353355160902
PedNYC4,PedNYC4_scenario3,3,11.0,12.626730252950313,65.1230162571043,34.26058280701117,58.1382049475582,49.31427559377006,58.150455115833545,15.053697771137148
PedNYC4,PedNYC4_scenario3,3,12.0,12.662914334101654,64.96824766982162,33.54566111585696,58.14447408203102,48.146728976138476,58.17627587173389,14.601102493112437
PedNYC4,PedNYC4_scenario3,3,13.0,12.710204599468844,64.79365155473994,32.86127194414843,58.15047244692769,46.99159415860659,58.21128405280187,14.130453069021488
PedNYC4,PedNYC4_scenario3,3,14.0,12.746900297173694,64.62288872124161,32.20862427868873,58.15617797046963,45.85352568495661,58.25840996825198,13.645284378426917
PedNYC4,PedNYC4_scenario3,3,15.0,12.750260237689218,64.4574012549785,31.587169467126994,58.16160575789145,44.735533625730234,58.31785269240408,13.149292496244309
PedNYC4,PedNYC4_scenario3,3,16.0,12.714561611653176,64.29797678549873,30.998527698402242,58.1667400553668,43.64063270095638,58.384481119402466,12.643979993126049
PedNYC4,PedNYC4_scenario3,3,17.0,12.663179225655506,64.14037710445454,30.50903998975002,58.17063800775765,42.57520430913688,58.45794545924283,12.069584373710782
PedNYC4,PedNYC4_scenario3,3,18.0,12.612528979689804,63.969862027695356,30.288951128411252,58.172162247833484,41.545118001849474,58.539864227890305,11.26217107971752
PedNYC4,PedNYC4_scenario3,3,19.0,12.585514957499102,63.86148783656393,30.28382367230989,58.17220576546154,40.54238968404854,58.63072227444674,10.268807818155492
PedNYC4,PedNYC4_scenario3,3,20.0,12.574863552476433,63.70031042616348,30.283294237252335,58.17221301154321,39.553018080701435,58.72824186328986,9.286385099584415
PedNYC4,PedNYC4_scenario3,3,21.0,12.553362546266746,63.54742672764583,30.283140733621796,58.17221450805664,38.56871144066163,58.827131798580844,8.311413754517588
PedNYC4,PedNYC4_scenario3,3,22.0,12.50403810323297,63.41083474263456,30.28311537512011,58.17221450805664,37.5801708020254,58.92988393136803,7.3362852219872785
PedNYC4,PedNYC4_scenario3,3,23.0,12.432710057486418,63.30000909494709,30.283111572265625,58.172210693359375,36.59213032335243,59.038224493057214,6.3681785074565855
PedNYC4,PedNYC4_scenario3,3,24.0,12.35571377948484,63.17277316926347,30.283112738243027,58.17221302531419,35.61786658146538,59.14058335339478,5.421931358850143
PedNYC4,PedNYC4_scenario3,3,25.0,12.337764930317629,63.06664710213216,30.28311302868204,58.17221450805664,34.67342824533746,59.217556187436735,4.513048518268483
PedNYC4,PedNYC4_scenario3,3,26.0,12.373432257194281,62.94831810980616,30.28311538696289,58.17221252379499,33.757898261396676,59.241729294216285,3.6356542941636674
PedNYC4,PedNYC4_scenario3,3,27.0,12.409984149681573,62.83371310436092,30.28311347961425,58.17221450805664,32.856550995715075,59.24489931926141,2.7880518921757154
PedNYC4,PedNYC4_scenario3,3,28.0,12.413753377587899,62.711659126443706,30.28311347961425,58.17221415152368,31.970530517407816,59.24860752160636,2.001499174767243
PedNYC4,PedNYC4_scenario3,3,29.0,12.343068306128728,62.579193678882255,30.283114922554326,58.17221450805664,31.10798263033732,59.25332175807567,1.3598527940137068
PedNYC4,PedNYC4_scenario3,3,30.0,12.252756263355657,62.44280640892575,30.283111572265625,58.17221450805664,30.278737746177743,59.26103381766667,1.088828094482463
PedNYC4,PedNYC4_scenario3,3,31.0,12.192271341241414,62.29379578202808,30.28311359778354,58.17221653357456,29.486252786563853,59.27274814462338,1.3587335939673382
PedNYC4,PedNYC4_scenario3,3,32.0,12.19545027563128,62.13996815642108,30.28311347961425,58.17221131259583,28.741665210021754,59.28888244051651,1.9034224900849919
PedNYC4,PedNYC4_scenario3,3,33.0,12.254667767071128,61.9291054952936,30.283115112942927,58.17221450805664,28.04912666126056,59.309318571493456,2.506732944159529
PedNYC4,PedNYC4_scenario3,3,34.0,12.274835003694253,61.724677960227766,30.28311347961425,58.17221457956153,27.38194609484643,59.334157595484875,3.125201396181306
PedNYC4,PedNYC4_scenario3,3,35.0,12.260756941138162,61.50988930564113,30.28311347961425,58.17221450805664,26.731277337114577,59.363595623375055,3.7463220557106824
PedNYC4,PedNYC4_scenario3,3,36.0,12.210838195476974,61.25892744357047,30.283113830194242,58.17221762159393,26.11528965411549,59.39771122928997,4.344259769536162
PedNYC4,PedNYC4_scenario3,3,37.0,12.186999709199064,61.030671128029006,30.28311233749937,58.172212223826875,25.53275887288209,59.437257232581636,4.915912622593767
PedNYC4,PedNYC4_scenario3,3,38.0,12.192839440804848,60.81155370764852,30.28311347961425,58.17221259040087,24.96110094145083,59.48422190308224,5.481348911803673
PedNYC4,PedNYC4_scenario3,3,39.0,12.209811140110675,60.57153794870917,30.28311538696289,58.17221450805664,24.39734687265384,59.53964334816101,6.042527007534259
PedNYC4,PedNYC4_scenario3,3,40.0,12.184799259552406,60.314120616369586,30.283111838725926,58.17221450805664,23.84141522737571,59.60319064084963,6.598723204173975
PedNYC4,PedNYC4_scenario3,3,41.0,12.099315356106997,60.037693651932855,30.28311347961425,58.17221450805664,23.290639557947372,59.67519961681028,7.152178394190582
PedNYC4,PedNYC4_scenario3,3,42.0,12.03502724835233,59.77612592407581,30.283114191690508,58.17221450805664,22.741776105365055,59.7541945874558,7.705481237656647
PedNYC4,PedNYC4_scenario3,3,43.0,12.040776757806142,59.55437265085643,30.283112362701974,58.17221148379573,22.19381114021234,59.83994272580925,8.25942623695861
PedNYC4,PedNYC4_scenario3,3,44.0,12.079068723429659,59.27896338542124,30.283111699327684,58.17221094748349,21.64941377730531,59.9348451607762,8.811788648089754
PedNYC4,PedNYC4_scenario3,3,45.0,12.074343158769338,59.09161751998643,30.283114584954042,58.17221450805664,21.109480227547387,60.04048155504499,9.361943659425343
PedNYC4,PedNYC4_scenario3,3,46.0,12.034010565739296,58.78844080699332,30.28311347961425,58.17221450805664,20.5857676602356,60.1584537363932,9.898669719351364
PedNYC4,PedNYC4_scenario3,3,47.0,11.998886608524673,58.553387264859246,30.28311347961425,58.172217043528455,20.082465067389357,60.28845100849561,10.417853628473903
PedNYC4,PedNYC4_scenario3,3,48.0,11.982750098392264,58.302774330371925,30.28311051162505,58.17221450805664,19.59522712810594,60.42914777941405,10.923579953983216
PedNYC4,PedNYC4_scenario3,3,49.0,12.004281230614808,58.06753051534512,30.283163598355312,58.17221450805664,19.11650321929611,60.58092436145984,11.423492774941133
PedNYC4,PedNYC4_scenario3,3,50.0,11.995961835650485,57.83377674331518,30.28321983800948,58.172215096168465,18.65170673227866,60.74583567589544,11.91283425626253
PedNYC4,PedNYC4_scenario3,3,51.0,11.94680841418771,57.57462146542751,30.28319549560547,58.172218233957516,18.201773138821828,60.92643584082702,12.391387363365796
PedNYC4,PedNYC4_scenario3,3,52.0,11.903605509347319,57.30012592732202,30.283175622335573,58.17221450805664,17.755062695243595,61.12438152656433,12.871243281794253
PedNYC4,PedNYC4_scenario3,3,53.0,11.921058550247215,57.04156100035878,30.280124063704836,58.17223296208005,17.30642987636306,61.33856312069435,13.354489415174815
PedNYC4,PedNYC4_scenario3,3,54.0,11.962017967207782,56.790766683708874,30.259461265509046,58.172376741208154,16.854257097193837,61.564299660532356,13.827676590261007
PedNYC4,PedNYC4_scenario3,3,55.0,11.944680391584125,56.54984151131766,30.199140780312675,58.17279927716937,16.399039972489494,61.80155468028401,14.269220303916951
PedNYC4,PedNYC4_scenario3,3,56.0,11.882712512053441,56.31204460895296,30.072045982450987,58.173638451674314,15.953773600326201,62.050079381857195,14.640778986825277
PedNYC4,PedNYC4_scenario3,3,57.0,11.839047912212479,56.082877509938974,29.85825004337158,58.174933028015154,15.511497324055963,62.31234957761008,14.931427570532298
PedNYC4,PedNYC4_scenario3,3,58.0,11.835652524991037,55.84501161038636,29.546916535498372,58.17671513943904,15.076480602608045,62.58811302730651,15.127919467427276
PedNYC4,PedNYC4_scenario3,3,59.0,11.861525501661953,55.607992452721724,29.13328371547844,58.18011177616394,14.648769812295567,62.870374136853385,15.224969754439519
PedNYC4,PedNYC4_scenario3,3,60.0,11.855653919883375,55.4047050569825,28.616954085059007,58.18642820472722,14.224858576296457,63.15470050845154,15.225509607802863
PedNYC4,PedNYC4_scenario3,3,61.0,11.821042673560683,55.16311699695543,27.99696679625591,58.19521158720879,13.804559928132043,63.441393412408345,15.13098927543813
PedNYC4,PedNYC4_scenario3,3,62.0,11.783699049700035,54.91346288463055,27.273730790086343,58.20706431532955,13.38433867271278,63.72923707309056,14.946892832850468
PedNYC4,PedNYC4_scenario3,3,63.0,11.777848374399545,54.83618884413271,26.450206854686826,58.223675506690775,12.948068275175139,64.03103210456784,14.698065752854836
PedNYC4,PedNYC4_scenario3,3,64.0,11.77827422404273,54.818672712840026,25.535112041214425,58.24297890343065,12.487165085558566,64.35834692845056,14.409949543251182
PedNYC4,PedNYC4_scenario3,3,65.0,11.797182271028646,54.31298873385416,24.554390600781236,58.26104270206706,12.019842752345827,64.70794653757511,14.095299174866959
PedNYC4,PedNYC4_scenario3,3,66.0,11.761127960689906,54.10170099845791,23.544038993438917,58.27383834892737,11.563089049024521,65.06475977171985,13.771701976920106
PedNYC4,PedNYC4_scenario3,3,67.0,11.705711482062352,53.883531848020915,22.544899523109162,58.28106975294877,11.125353221312198,65.43112854054232,13.473283876061117
PedNYC4,PedNYC4_scenario3,3,68.0,11.680210304002765,53.71211136277272,21.580893905375778,58.28112301803635,10.703503907086743,65.82565879018274,13.237735198744344
PedNYC4,PedNYC4_scenario3,3,69.0,11.676914954327103,53.49840448175074,20.65906225496183,58.27503317924483,10.296320275694239,66.25430176181095,13.078805314003324
PedNYC4,PedNYC4_scenario3,3,70.0,11.667426174634121,53.308095979037354,19.780549841057752,58.26362816797544,9.904378244228761,66.71856148216824,13.000948532990158
PedNYC4,PedNYC4_scenario3,3,71.0,11.623228538815493,53.122696044665,18.979589093645796,58.24934977981925,9.5315283729045,67.20367015557181,13.01713120370353
PedNYC4,PedNYC4_scenario3,3,72.0,11.549387779878733,52.92193198883357,18.39891287036414,58.23939569408764,9.184760453607627,67.68611650642205,13.196254728725572
PedNYC4,PedNYC4_scenario3,3,73.0,11.490796344991633,52.72537896966306,18.122553177708497,58.23506580011624,8.862627757873526,68.14877984054955,13.565689988216246
PedNYC4,PedNYC4_scenario3,3,74.0,11.458463537113698,52.551585925586636,18.027382761819304,58.23357684494838,8.554397276178138,68.55002973306665,14.00595067119444
PedNYC4,PedNYC4_scenario3,3,75.0,11.439398814477888,52.36237947188506,17.945752531764526,58.232308739238434,8.251458157135039,68.83172210818353,14.364083931380549
PedNYC4,PedNYC4_scenario3,3,76.0,11.4080603466683,52.22797045844331,17.854058295313067,58.23086890937474,7.948061536788176,69.03234934893594,14.656082405135718
PedNYC4,PedNYC4_scenario3,3,77.0,11.33822578043219,52.03716021825116,17.71558664377767,58.22867218510636,7.642949518640109,69.22200623952101,14.9101110755974
PedNYC4,PedNYC4_scenario3,3,78.0,11.275843233824386,51.88679989417414,17.50567882098735,58.22534250593365,7.338154765478725,69.41339109471703,15.11790252132631
PedNYC4,PedNYC4_scenario3,3,79.0,11.239559368134575,51.73353671477772,17.211243085437378,58.220651529835926,7.03810102803054,69.60034136012717,15.26401519764095
PedNYC4,PedNYC4_scenario3,3,80.0,11.227277380858236,51.5749769620739,16.828644765212378,58.21452810026506,6.7555268993645585,69.77965833178384,15.336881717326113
PedNYC4,PedNYC4_scenario3,3,81.0,11.2131130915926,51.44574748496353,16.35855341283917,58.206958928100406,6.490155324376886,69.97621832589967,15.359060765719116
PedNYC4,PedNYC4_scenario3,3,82.0,11.159006769020078,51.32371412494693,15.811705533913079,58.19812317519082,6.2379248171539015,70.20137867108396,15.353677725948225
PedNYC4,PedNYC4_scenario3,3,83.0,11.082427204844711,51.221445421103894,15.239255220004614,58.18923996682776,5.995911679803471,70.45615229930739,15.359574797985749
PedNYC4,PedNYC4_scenario3,3,84.0,11.012268910414646,51.12060732196648,14.675704392025434,58.181596278948504,5.764242515426245,70.74446864020733,15.402594415985952
PedNYC4,PedNYC4_scenario3,3,85.0,10.97391554253464,51.02793585726748,14.133259639181327,58.17520416757203,5.540059061864634,71.06557654384461,15.492088179485913
PedNYC4,PedNYC4_scenario3,3,86.0,10.971851840969267,50.870786313002405,13.615020868326564,58.17110966917512,5.3242609602761295,71.41245216612434,15.622735067024914
PedNYC4,PedNYC4_scenario3,3,87.0,10.97035760851191,50.6970111851837,13.12114126832871,58.17325124654621,5.125956036887212,71.75792129094205,15.762812157104644
PedNYC4,PedNYC4_scenario3,3,88.0,10.92030099756859,50.55656753839189,12.65141223634136,58.18727954898303,4.947475499867244,72.12152244063688,15.922115632138881
PedNYC4,PedNYC4_scenario3,3,89.0,10.851838145781597,50.44310150219059,12.205628643861075,58.21559378757684,4.788776383264921,72.50182982215621,16.096777239286883
PedNYC4,PedNYC4_scenario3,3,90.0,10.753984933005663,50.30242979743447,11.782744264410505,58.25602166799827,4.6561643454703505,72.88631245815132,16.27370732025983
PedNYC4,PedNYC4_scenario3,3,91.0,10.684222556281318,50.170687365129716,11.38130029259564,58.3038221383715,4.541319857860144,73.23877602644941,16.4267519609501
PedNYC4,PedNYC4_scenario3,3,92.0,10.630509269897832,50.0100494945815,10.996967999559622,58.36009551901446,4.4414237484248185,73.57152561571272,16.56389948095931
PedNYC4,PedNYC4_scenario3,3,93.0,10.591336096593473,49.81758345301861,10.600280850383104,58.428941152322125,4.354287940176664,73.91672271575916,16.699814525649362
PedNYC4,PedNYC4_scenario3,3,94.0,10.54150522134255,49.692295722161674,10.162807265269867,58.519095122974974,4.276295767848621,74.27286128259102,16.817614748267257
PedNYC4,PedNYC4_scenario3,3,95.0,10.454536207808273,49.54215020731153,9.671620461847697,58.63630488205556,4.2067162679935315,74.6337692054081,16.905148405883402
PedNYC4,PedNYC4_scenario3,3,96.0,10.365213346744312,49.41015665808168,9.11988723053634,58.78758062566752,4.142761687059511,74.99152372970288,16.951092908551484
PedNYC4,PedNYC4_scenario3,3,97.0,10.309123908770292,49.26541381668927,8.502701030638669,58.98232336368668,4.077912205023531,75.3257292196561,16.93179468113832
PedNYC4,PedNYC4_scenario3,3,98.0,10.284057617942512,49.142853112539285,7.822139303059222,59.22894217639227,4.012301900808885,75.60573260915322,16.814104969047747
PedNYC4,PedNYC4_scenario3,3,99.0,10.280675145375199,49.042029304383625,7.082299730075768,59.537372188308986,3.94953882230642,75.82344632112682,16.584643546512723
PedNYC4,PedNYC4_scenario3,3,100.0,,,,,3.7100090086460114,76.38669713338216,
PedNYC5,PedNYC5_scenario3,3,0.0,12.787147521972656,67.29193878173828,77.39877319335938,57.95645904541016,62.701661330003006,58.073510096623345,14.697577966202479
PedNYC5,PedNYC5_scenario3,3,1.0,12.711267665181278,67.2098316313174,75.98454557283591,57.939754407877714,61.586140699051676,58.07912354878876,14.399079368725348
PedNYC5,PedNYC5_scenario3,3,2.0,12.68076524069424,67.13581517357642,74.39277138586822,57.91998847268637,60.42569343326351,58.08433211689549,13.968044794012094
PedNYC5,PedNYC5_scenario3,3,3.0,12.690128015189284,67.09916727473316,72.63640819393558,57.897671552399,59.22510678105261,58.08956810436784,13.412674225293562
PedNYC5,PedNYC5_scenario3,3,4.0,12.698702470771675,67.07471796547156,70.72292505065029,57.87341826243523,58.003688249000035,58.09333328007304,12.721137819842879
PedNYC5,PedNYC5_scenario3,3,5.0,12.703519233748231,67.05514514148885,68.65945529130296,57.84846452512867,56.76471597116505,58.097147221127884,11.897338634220858
PedNYC5,PedNYC5_scenario3,3,6.0,12.709811038917575,67.04034606233877,66.45127232801056,57.82321193253613,55.50968118649119,58.100329271527805,10.945099850058241
PedNYC5,PedNYC5_scenario3,3,7.0,12.727428870881157,67.01882118400572,64.106079414472,57.79812356077749,54.24878192588897,58.1052684830906,9.86208151364245
PedNYC5,PedNYC5_scenario3,3,8.0,12.749345411824649,67.0011460461918,61.62763585561305,57.77354660653028,52.99165346030576,58.11238213143323,8.642626999066525
PedNYC5,PedNYC5_scenario3,3,9.0,12.766767272156875,66.99051969660626,58.93495542699056,57.75275408356954,51.73794980709507,58.120574198430326,7.206398651872064
PedNYC5,PedNYC5_scenario3,3,10.0,12.773240346780453,66.98792462733593,56.248920800011135,57.7333758722517,50.508680151036245,58.13221916501776,5.754080176737907
PedNYC5,PedNYC5_scenario3,3,11.0,12.771635982594976,66.99575638815277,53.62990888147282,57.7144811916353,49.31427559377006,58.150455115833545,4.337598867635059
PedNYC5,PedNYC5_scenario3,3,12.0,12.765085633480803,67.01068879471634,50.86370722794182,57.69452462084077,48.146728976138476,58.17627587173389,2.7593577311594566
PedNYC5,PedNYC5_scenario3,3,13.0,12.759396601840807,67.02372456373377,48.11070248429741,57.67577112055548,46.99159415860659,58.21128405280187,1.2406359438746113
PedNYC5,PedNYC5_scenario3,3,14.0,12.761229174940595,67.02604626968501,45.67317460821552,57.66678885790608,45.85352568495661,58.25840996825198,0.618499837581702
PedNYC5,PedNYC5_scenario3,3,15.0,12.752447155357622,67.0166621408737,43.39733109635012,57.66264891186042,44.735533625730234,58.31785269240408,1.48999261866562
PedNYC5,PedNYC5_scenario3,3,16.0,12.703216345957994,66.99309477386485,41.27572023095539,57.66497253694287,43.64063270095638,58.384481119402466,2.4719432823184255
PedNYC5,PedNYC5_scenario3,3,17.0,12.648079119287527,66.90446802574633,39.258142428738324,57.67343920903142,42.57520430913688,58.45794545924283,3.408570019086297
PedNYC5,PedNYC5_scenario3,3,18.0,12.605897910049919,66.75542323523983,37.24826567888944,57.688025599138406,41.545118001849474,58.539864227890305,4.3804758799428365
PedNYC5,PedNYC5_scenario3,3,19.0,12.560933019329584,66.58171142340242,35.208641462055745,57.709012503495735,40.54238968404854,58.63072227444674,5.41280140015111
PedNYC5,PedNYC5_scenario3,3,20.0,12.48996838829598,66.37172368315572,33.134335539069404,57.73670396455703,39.553018080701435,58.72824186328986,6.494815853807969
PedNYC5,PedNYC5_scenario3,3,21.0,12.424025606079057,66.10177524018701,31.025434865605614,57.77142042803055,38.56871144066163,58.827131798580844,7.6167938127336745
PedNYC5,PedNYC5_scenario3,3,22.0,12.368047345963799,65.78262469536577,28.900480999279623,57.81190244304362,37.5801708020254,58.92988393136803,8.751394042101241
PedNYC5,PedNYC5_scenario3,3,23.0,12.318591630721672,65.43004399406932,26.85115053745902,57.8508850729897,36.59213032335243,59.038224493057214,9.813076076726922
PedNYC5,PedNYC5_scenario3,3,24.0,12.241768509214701,65.08400660558246,24.925458364309247,57.884758633428206,35.61786658146538,59.14058335339478,10.765904012649708
PedNYC5,PedNYC5_scenario3,3,25.0,12.197686182278451,64.78017229438726,23.12628528634074,57.91165217755391,34.67342824533746,59.217556187436735,11.620752806876826
PedNYC5,PedNYC5_scenario3,3,26.0,12.210816922427865,64.41751494696233,21.44751979876399,57.93227169072243,33.757898261396676,59.241729294216285,12.37982621479795
PedNYC5,PedNYC5_scenario3,3,27.0,12.238240751675125,64.0974432549172,19.88608003543236,57.94733188687616,32.856550995715075,59.24489931926141,13.035213775505335
PedNYC5,PedNYC5_scenario3,3,28.0,12.224578616457345,63.72539454492497,18.542761750285592,57.95646592712623,31.970530517407816,59.24860752160636,13.489796290659424
PedNYC5,PedNYC5_scenario3,3,29.0,12.241112097509411,63.39282281062843,17.475638598456374,57.95772320169453,31.10798263033732,59.25332175807567,13.69377155581533
PedNYC5,PedNYC5_scenario3,3,30.0,12.285102582935531,63.01525449809691,16.618616492176187,57.95341385990422,30.278737746177743,59.26103381766667,13.722564724859698
PedNYC5,PedNYC5_scenario3,3,31.0,12.304417264638555,62.67713431071879,15.850621254517451,57.94607298575154,29.486252786563853,59.27274814462338,13.70001876841436
PedNYC5,PedNYC5_scenario3,3,32.0,12.297658839212142,62.33725065749131,15.134435702247789,57.93643044010801,28.741665210021754,59.28888244051651,13.674275896391862
PedNYC5,PedNYC5_scenario3,3,33.0,12.282193355135453,62.016827878768446,14.44832200987629,57.925117157676986,28.04912666126056,59.309318571493456,13.671060702049695
PedNYC5,PedNYC5_scenario3,3,34.0,12.26081230275455,61.6854712274632,13.716003334643995,57.91429552277318,27.38194609484643,59.334157595484875,13.739505079538146
PedNYC5,PedNYC5_scenario3,3,35.0,12.19154891711195,61.3961147462553,12.889645826856858,57.918726301710876,26.731277337114577,59.363595623375055,13.916839088760264
PedNYC5,PedNYC5_scenario3,3,36.0,12.089425989562908,61.15558084268256,11.961106426697665,57.9562930169121,26.11528965411549,59.39771122928997,14.22738870272021
PedNYC5,PedNYC5_scenario3,3,37.0,12.00815847692807,60.98212537984297,10.962872816647053,58.056223992740506,25.53275887288209,59.437257232581636,14.635191577195643
PedNYC5,PedNYC5_scenario3,3,38.0,11.956862283686277,60.855951013995515,9.955457016348033,58.244430534086995,24.96110094145083,59.48422190308224,15.056773633338905
PedNYC5,PedNYC5_scenario3,3,39.0,11.873275258671967,60.789452649656695,9.000937480161832,58.54156638754233,24.39734687265384,59.53964334816101,15.428725799641848
PedNYC5,PedNYC5_scenario3,3,40.0,11.86227396204539,60.723076209531655,8.149196085922522,58.946811743415104,23.84141522737571,59.60319064084963,15.7059407499324
PedNYC5,PedNYC5_scenario3,3,41.0,11.889634824330143,60.65155097071883,7.421280444442261,59.4390806440207,23.290639557947372,59.67519961681028,15.871115614306985
PedNYC5,PedNYC5_scenario3,3,42.0,11.920941053680064,60.583776126351815,6.8225271810158965,59.99523698166765,22.741776105365055,59.7541945874558,15.921073699697493
PedNYC5,PedNYC5_scenario3,3,43.0,11.920984317272163,60.49469713729117,6.321401343932753,60.60704215959014,22.19381114021234,59.83994272580925,15.890935601226857
PedNYC5,PedNYC5_scenario3,3,44.0,11.897368944242428,60.397911984925905,5.89492746679064,61.293308936233736,21.64941377730531,59.9348451607762,15.812946048647117
PedNYC5,PedNYC5_scenario3,3,45.0,11.874619712809764,60.25526656242536,5.5395770579041015,62.06090624874927,21.109480227547387,60.04048155504499,15.700445874401085
PedNYC5,PedNYC5_scenario3,3,46.0,11.863257187599736,60.104665471097114,5.251426078415436,62.9072175798425,20.5857676602356,60.1584537363932,15.578759078148462
PedNYC5,PedNYC5_scenario3,3,47.0,11.868148309988639,60.00112480749617,5.029267365935218,63.82449173913503,20.082465067389357,60.28845100849561,15.462934556150882
PedNYC5,PedNYC5_scenario3,3,48.0,11.862799816747302,59.894708159324715,4.87199875281646,64.8089957216323,19.59522712810594,60.42914777941405,15.360876335283827
PedNYC5,PedNYC5_scenario3,3,49.0,11.823127662512013,59.73919359584647,4.77863627846018,65.87260594242919,19.11650321929611,60.58092436145984,15.283203930049684
PedNYC5,PedNYC5_scenario3,3,50.0,11.786752381984174,59.57347579573122,4.757830082366528,67.03554355697477,18.65170673227866,60.74583567589544,15.251237116781217
PedNYC5,PedNYC5_scenario3,3,51.0,11.776682583158806,59.35021229015005,4.8210599599810315,68.30534503520947,18.201773138821828,60.92643584082702,15.280438019682082
PedNYC5,PedNYC5_scenario3,3,52.0,11.757165538210298,59.12578087310249,4.978356967298847,69.67979932789294,17.755062695243595,61.12438152656433,15.376585544710068
PedNYC5,PedNYC5_scenario3,3,53.0,11.69429526573362,58.872168331365174,5.186263073345662,71.15791576354071,17.30642987636306,61.33856312069435,15.59865794411618
PedNYC5,PedNYC5_scenario3,3,54.0,11.671894340245684,58.60136041996259,5.380704434347573,72.7336808248624,16.854257097193837,61.564299660532356,16.012416629016293
PedNYC5,PedNYC5_scenario3,3,55.0,11.67650590015071,58.34910197366458,5.510357467192275,74.40244706512209,16.399039972489494,61.80155468028401,16.653705161177676
PedNYC5,PedNYC5_scenario3,3,56.0,11.6927192139572,58.05803002099467,5.570636386922741,76.15706711265493,15.953773600326201,62.050079381857195,17.516182267527405
PedNYC5,PedNYC5_scenario3,3,57.0,11.693286077852251,57.75385070839719,5.603745388775997,77.95907436969281,15.511497324055963,62.31234957761008,18.51981493239661
PedNYC5,PedNYC5_scenario3,3,58.0,11.664808204396724,57.47135941841463,5.635744127777826,79.7002272388645,15.076480602608045,62.58811302730651,19.54359122517135
PedNYC5,PedNYC5_scenario3,3,59.0,11.642248780231547,57.260216088088626,5.677933267682467,81.23202184235345,14.648769812295567,62.870374136853385,20.435900145847786
PedNYC5,PedNYC5_scenario3,3,60.0,11.627020556012274,56.88313107274362,5.7179520247463085,82.32610350456174,14.224858576296457,63.15470050845154,20.974035184390964
PedNYC5,PedNYC5_scenario3,3,61.0,11.601875332793725,56.61580773913247,5.744714333728973,82.9440147004597,13.804559928132043,63.441393412408345,21.102448865256672
PedNYC5,PedNYC5_scenario3,3,62.0,11.560054432919108,56.33087110082899,5.7527944938737585,83.11787547651056,13.38433867271278,63.72923707309056,20.83650080248948
PedNYC5,PedNYC5_scenario3,3,63.0,11.546859420567925,56.08063234947663,5.752828423206466,83.11858335272498,12.948068275175139,64.03103210456784,20.398678613537285
PedNYC5,PedNYC5_scenario3,3,64.0,11.578950668818575,55.83302040514143,5.752830152390894,83.11863906667227,12.487165085558566,64.35834692845056,19.93238139569645
PedNYC5,PedNYC5_scenario3,3,65.0,11.592434679643354,55.60243890960163,5.752822194204433,83.11845844898001,12.019842752345827,64.70794653757511,19.447943220714844
PedNYC5,PedNYC5_scenario3,3,66.0,11.563951204032685,55.36152308247111,5.752805358191747,83.11813554796248,11.563089049024521,65.06475977171985,18.96533082986378
PedNYC5,PedNYC5_scenario3,3,67.0,11.513439804308229,55.11422057627766,5.752803219130446,83.11804852017286,11.125353221312198,65.43112854054232,18.484897400088467
PedNYC5,PedNYC5_scenario3,3,68.0,11.478430362772867,54.861217405127235,5.752798291128109,83.11791229248047,10.703503907086743,65.82565879018274,17.98698188367388
PedNYC5,PedNYC5_scenario3,3,69.0,11.456136799014116,54.611665322789165,5.7527964656756065,83.11785593860267,10.296320275694239,66.25430176181095,17.46490962146085
PedNYC5,PedNYC5_scenario3,3,70.0,11.411933011389127,54.370351917474345,5.752783422564599,83.11762676428026,9.904378244228761,66.71856148216824,16.91641456367869
PedNYC5,PedNYC5_scenario3,3,71.0,11.33380507687546,54.139232467669665,5.752776417549947,83.11747084987957,9.5315283729045,67.20367015557181,16.356283773469016
PedNYC5,PedNYC5_scenario3,3,72.0,11.27015416911164,53.90964834861596,5.752773284912109,83.11740112304688,9.184760453607627,67.68611650642205,15.808323150966157
PedNYC5,PedNYC5_scenario3,3,73.0,11.23194189756612,53.67587242125301,5.752764092560087,83.11719301025826,8.862627757873526,68.14877984054955,15.28805562640148
PedNYC5,PedNYC5_scenario3,3,74.0,11.193535203390018,53.467804681937004,5.7527630856163965,83.1171463815811,8.554397276178138,68.55002973306665,14.834083779901986
PedNYC5,PedNYC5_scenario3,3,75.0,11.117995379205313,53.26026636960209,5.752757765921229,83.11699260190763,8.251458157135039,68.83172210818353,14.502153520216106
PedNYC5,PedNYC5_scenario3,3,76.0,11.006264087695195,53.04109618858953,5.7527618408203125,83.1170489089823,7.948061536788176,69.03234934893594,14.254757186703909
PedNYC5,PedNYC5_scenario3,3,77.0,10.89820956864708,52.82520079502527,5.752759224534637,83.11695490456592,7.642949518640109,69.22200623952101,14.022924721760571
PedNYC5,PedNYC5_scenario3,3,78.0,10.774157512063562,52.591625044960956,5.752763748168945,83.11699676688602,7.338154765478725,69.41339109471703,13.795008992243124
PedNYC5,PedNYC5_scenario3,3,79.0,10.67152104662968,52.41040088554045,5.752767272815076,83.11699975371307,7.03810102803054,69.60034136012717,13.577633703675778
PedNYC5,PedNYC5_scenario3,3,80.0,10.60055879561645,52.229582972593995,5.752764857801933,83.1169204711914,6.7555268993645585,69.77965833178384,13.374905348722042
PedNYC5,PedNYC5_scenario3,3,81.0,10.534284243781169,52.02288558235201,5.752760290366714,83.11682280556113,6.490155324376886,69.97621832589967,13.16127795949473
PedNYC5,PedNYC5_scenario3,3,82.0,10.476369575129777,51.81654912268869,5.752764208553274,83.116871800699,6.2379248171539015,70.20137867108396,12.92460226069921
PedNYC5,PedNYC5_scenario3,3,83.0,10.38705478014919,51.62163993325314,5.7527678968272635,83.11688944872121,5.995911679803471,70.45615229930739,12.66307166787534
PedNYC5,PedNYC5_scenario3,3,84.0,10.238294336204762,51.41790002592595,5.752761792576706,83.11676788330078,5.764242515426245,70.74446864020733,12.372304569790057
PedNYC5,PedNYC5_scenario3,3,85.0,10.10878041480428,51.22724414397716,5.752760934070213,83.11671597911399,5.540059061864634,71.06557654384461,12.0530163766065
PedNYC5,PedNYC5_scenario3,3,86.0,10.014884569242692,51.03530549563889,5.752757459197859,83.1166433402488,5.3242609602761295,71.41245216612434,11.712032286927881
PedNYC5,PedNYC5_scenario3,3,87.0,9.922409044582396,50.83539718238703,5.75275611715454,83.11657712622208,5.125956036887212,71.75792129094205,11.375936916358329
PedNYC5,PedNYC5_scenario3,3,88.0,9.817139802883869,50.65034243386474,5.752746501213977,83.11639697410449,4.947475499867244,72.12152244063688,11.024324350830057
PedNYC5,PedNYC5_scenario3,3,89.0,9.671659465139532,50.442269521070266,5.752746336727289,83.1163330078125,4.788776383264921,72.50182982215621,10.658185396655744
PedNYC5,PedNYC5_scenario3,3,90.0,9.569308859360607,50.26174461866118,5.752744231989806,83.11628298159432,4.6561643454703505,72.88631245815132,10.288575428990725
PedNYC5,PedNYC5_scenario3,3,91.0,9.483747485930854,50.0176780637865,5.752746171295921,83.11631117725817,4.541319857860144,73.23877602644941,9.951545325644007
PedNYC5,PedNYC5_scenario3,3,92.0,9.406424153874667,49.802122242491905,5.75275064973863,83.1163608394661,4.4414237484248185,73.57152561571272,9.634493120590855
PedNYC5,PedNYC5_scenario3,3,93.0,9.313084689690337,49.60622396664003,5.752749135990592,83.11630574988655,4.354287940176664,73.91672271575916,9.30526849252625
PedNYC5,PedNYC5_scenario3,3,94.0,9.214891165596459,49.39482971583622,5.752740345521784,83.1161264121376,4.276295767848621,74.27286128259102,8.965669341571491
PedNYC5,PedNYC5_scenario3,3,95.0,9.158152823418028,49.19389797050798,5.752732845335077,83.11597280952621,4.2067162679935315,74.6337692054081,8.62194555997248
PedNYC5,PedNYC5_scenario3,3,96.0,9.130634160754537,49.012820970874934,5.752736181020194,83.11599874495592,4.142761687059511,74.99152372970288,8.282458097972778
PedNYC5,PedNYC5_scenario3,3,97.0,9.09497599331064,48.836107389222526,5.7527360916137695,83.11596618318698,4.077912205023531,75.3257292196561,7.9682386384354835
PedNYC5,PedNYC5_scenario3,3,98.0,9.04007032518618,48.66755924298739,5.752728609873679,83.11581704394963,4.012301900808885,75.60573260915322,7.709114952275485
PedNYC5,PedNYC5_scenario3,3,99.0,8.991194856425054,48.54281276681961,5.752734104887262,83.11590449167275,3.94953882230642,75.82344632112682,7.512087552490577
PedNYC5,PedNYC5_scenario3,3,100.0,8.974529266357422,48.47867584228516,5.75273323059082,83.11582946777344,3.7100090086460114,76.38669713338216,7.032349836339932
PedNYC7,PedNYC7_scenario3,3,0.0,12.691753387451172,66.73345947265625,44.94782257080078,58.15570831298828,62.701661330003006,58.073510096623345,17.75402904229135
PedNYC7,PedNYC7_scenario3,3,1.0,12.714573503666777,66.64116684868954,43.666432208490406,58.14556984003676,61.586140699051676,58.07912354878876,17.919831681584352
PedNYC7,PedNYC7_scenario3,3,2.0,12.727345449272592,66.53457453074087,42.37411375191189,58.13227927992545,60.42569343326351,58.08433211689549,18.051643357950248
PedNYC7,PedNYC7_scenario3,3,3.0,12.71642316221749,66.39659476024448,41.06816719026158,58.116632861441886,59.22510678105261,58.08956810436784,18.15695976216035
PedNYC7,PedNYC7_scenario3,3,4.0,12.671127489576424,66.20688942358795,39.75338305139279,58.09904195088661,58.003688249000035,58.09333328007304,18.250306090439484
PedNYC7,PedNYC7_scenario3,3,5.0,12.641659512377721,66.03907813914518,38.429113735138635,58.079538414916364,56.76471597116505,58.097147221127884,18.335610691434116
PedNYC7,PedNYC7_scenario3,3,6.0,12.66886700134497,65.89697452084086,37.097122948818864,58.05854169265308,55.50968118649119,58.100329271527805,18.41260565638181
PedNYC7,PedNYC7_scenario3,3,7.0,12.729816964705986,65.77243874877853,35.76378331469698,58.03605791829115,54.24878192588897,58.1052684830906,18.485128178025967
PedNYC7,PedNYC7_scenario3,3,8.0,12.794807317924205,65.62257897892454,34.46159397484066,58.012488417893806,52.99165346030576,58.11238213143323,18.53032874206175
PedNYC7,PedNYC7_scenario3,3,9.0,12.839103283818924,65.48541547785022,33.21381466703578,57.98840892125778,51.73794980709507,58.120574198430326,18.52460661789258
PedNYC7,PedNYC7_scenario3,3,10.0,12.856100416036416,65.32422610071869,32.028525851006314,57.96421842053016,50.508680151036245,58.13221916501776,18.48091792100877
PedNYC7,PedNYC7_scenario3,3,11.0,12.858208788569842,65.16940531921986,30.906010535064375,57.94022768965228,49.31427559377006,58.150455115833545,18.409465446945585
PedNYC7,PedNYC7_scenario3,3,12.0,12.872778122455632,65.0210705165629,29.842783188188562,57.916748723196356,48.146728976138476,58.17627587173389,18.305785581313835
PedNYC7,PedNYC7_scenario3,3,13.0,12.907577643777879,64.89975999449055,28.835141165118056,57.89423645997187,46.99159415860659,58.21128405280187,18.159220921638624
PedNYC7,PedNYC7_scenario3,3,14.0,12.969678476360533,64.78095152499336,27.880777758433855,57.87258488326059,45.85352568495661,58.25840996825198,17.976888747125752
PedNYC7,PedNYC7_scenario3,3,15.0,13.007492922564708,64.66624549901437,26.952028445642263,57.85120624070142,44.735533625730234,58.31785269240408,17.789626623431488
PedNYC7,PedNYC7_scenario3,3,16.0,13.005754645261526,64.56171654467953,26.021857957025784,57.82949779880815,43.64063270095638,58.384481119402466,17.627513436769934
PedNYC7,PedNYC7_scenario3,3,17.0,12.948075927408656,64.42669411567509,25.082831605826343,57.8072614423322,42.57520430913688,58.45794545924283,17.504470642706867
PedNYC7,PedNYC7_scenario3,3,18.0,12.920021623371019,64.30925698664419,24.1342115946743,57.7833125699721,41.545118001849474,58.539864227890305,17.427335778325734
PedNYC7,PedNYC7_scenario3,3,19.0,12.942236490647515,64.21335886987664,23.175723846281343,57.756662414931924,40.54238968404854,58.63072227444674,17.388647531038323
PedNYC7,PedNYC7_scenario3,3,20.0,13.016390839919726,64.13723859874315,22.208893574321596,57.72718815309528,39.553018080701435,58.72824186328986,17.37298947859867
PedNYC7,PedNYC7_scenario3,3,21.0,13.077685634616014,64.05852447585657,21.233739218661633,57.694584519146524,38.56871144066163,58.827131798580844,17.37192923303758
PedNYC7,PedNYC7_scenario3,3,22.0,13.092489612126494,63.98783559175107,20.250761811016186,57.65799909852823,37.5801708020254,58.92988393136803,17.37602103491127
PedNYC7,PedNYC7_scenario3,3,23.0,13.073980852451271,63.91427953068045,19.26285479687132,57.61781629280214,36.59213032335243,59.038224493057214,17.38739053820466
PedNYC7,PedNYC7_scenario3,3,24.0,13.025878734053698,63.82627349756457,18.292504219689004,57.57699158388372,35.61786658146538,59.14058335339478,17.395775354623897
PedNYC7,PedNYC7_scenario3,3,25.0,12.977599039501472,63.735934833195365,17.362432727560048,57.53759307850299,34.67342824533746,59.217556187436735,17.39232134776402
PedNYC7,PedNYC7_scenario3,3,26.0,12.9218805252866,63.633362033118885,16.47913709267756,57.50189062509492,33.757898261396676,59.241729294216285,17.36613446107698
PedNYC7,PedNYC7_scenario3,3,27.0,12.909285910844096,63.527694459332174,15.6410213130795,57.47833606550725,32.856550995715075,59.24489931926141,17.305929850291808
PedNYC7,PedNYC7_scenario3,3,28.0,12.940611129470911,63.39092042964783,14.847336679432777,57.47099691987569,31.970530517407816,59.24860752160636,17.215216137599075
PedNYC7,PedNYC7_scenario3,3,29.0,12.953308609069822,63.252350911181644,14.096359656591797,57.49110872797852,31.10798263033732,59.25332175807567,17.10265216170611
PedNYC7,PedNYC7_scenario3,3,30.0,12.914723795718293,63.12193328804143,13.389158136367882,57.543828938191886,30.278737746177743,59.26103381766667,16.97665137753017
PedNYC7,PedNYC7_scenario3,3,31.0,12.823482032774084,62.98564690633906,12.723977897580284,57.629853625513064,29.486252786563853,59.27274814462338,16.842593679560515
PedNYC7,PedNYC7_scenario3,3,32.0,12.73160686308895,62.86469995690234,12.099489045936304,57.74053995350064,28.741665210021754,59.28888244051651,16.714047742349916
PedNYC7,PedNYC7_scenario3,3,33.0,12.663730756416829,62.76644599552409,11.512463961417644,57.86754500933431,28.04912666126056,59.309318571493456,16.599395297808805
PedNYC7,PedNYC7_scenario3,3,34.0,12.625169814256788,62.68366133472455,10.960649039927942,58.00544209459154,27.38194609484643,59.334157595484875,16.474965306433543
PedNYC7,PedNYC7_scenario3,3,35.0,12.607303943532111,62.57510484775489,10.441949254961742,58.15201985588244,26.731277337114577,59.363595623375055,16.334323530785973
PedNYC7,PedNYC7_scenario3,3,36.0,12.616482665401216,62.45962189552666,9.955762277212354,58.305757763496885,26.11528965411549,59.39771122928997,16.19637883652823
PedNYC7,PedNYC7_scenario3,3,37.0,12.605668700028556,62.32171200364782,9.50096295887456,58.46726720345806,25.53275887288209,59.437257232581636,16.06111331399501
PedNYC7,PedNYC7_scenario3,3,38.0,12.541752051010503,62.19392200069203,9.075461413922648,58.639357791812365,24.96110094145083,59.48422190308224,15.908090349412705
PedNYC7,PedNYC7_scenario3,3,39.0,12.449575529076128,62.06498766038762,8.663833855550122,58.826400648541984,24.39734687265384,59.53964334816101,15.749671330155815
PedNYC7,PedNYC7_scenario3,3,40.0,12.392338825968425,61.92925563818359,8.25479643280029,59.03625445320638,23.84141522737571,59.60319064084963,15.596926046124317
PedNYC7,PedNYC7_scenario3,3,41.0,12.369797943716964,61.7728782705269,7.846397275604328,59.27326314851504,23.290639557947372,59.67519961681028,15.44947159615041
PedNYC7,PedNYC7_scenario3,3,42.0,12.371150256510086,61.586409902007546,7.440641695989448,59.53980553475131,22.741776105365055,59.7541945874558,15.302636272214592
PedNYC7,PedNYC7_scenario3,3,43.0,12.367813278924256,61.40971208877371,7.039394484112947,59.84024888104387,22.19381114021234,59.83994272580925,15.154416659191924
PedNYC7,PedNYC7_scenario3,3,44.0,12.348326080767125,61.229662738064775,6.641650943496383,60.18136223673795,21.64941377730531,59.9348451607762,15.00978733842013
PedNYC7,PedNYC7_scenario3,3,45.0,12.316257125913351,61.02629882697563,6.246586083786523,60.570816020110506,21.109480227547387,60.04048155504499,14.87235277195499
PedNYC7,PedNYC7_scenario3,3,46.0,12.296886468140897,60.81660609500091,5.849850960265671,61.02128906300905,20.5857676602356,60.1584537363932,14.761155977406
PedNYC7,PedNYC7_scenario3,3,47.0,12.30738025747048,60.59554498227487,5.454885949985221,61.54407359709605,20.082465067389357,60.28845100849561,14.681371152617906
PedNYC7,PedNYC7_scenario3,3,48.0,12.332819088116024,60.3587046095171,5.07307434482964,62.14506732795668,19.59522712810594,60.42914777941405,14.623176855864473
PedNYC7,PedNYC7_scenario3,3,49.0,12.320833462353864,60.19696509312566,4.719996262885314,62.82618929590941,19.11650321929611,60.58092436145984,14.570539700774754
PedNYC7,PedNYC7_scenario3,3,50.0,12.286348048002981,60.02069244060176,4.412285795802915,63.587473063484154,18.65170673227866,60.74583567589544,14.520193237305273
PedNYC7,PedNYC7_scenario3,3,51.0,12.221725113946963,59.800319731995465,4.167983107017458,64.42654210339602,18.201773138821828,60.92643584082702,14.463678871782463
PedNYC7,PedNYC7_scenario3,3,52.0,12.176270328216432,59.54828238295675,4.004530284692108,65.33544174337148,17.755062695243595,61.12438152656433,14.38089599862271
PedNYC7,PedNYC7_scenario3,3,53.0,12.150413772891039,59.33096930758452,3.9337270021609108,66.30478183959713,17.30642987636306,61.33856312069435,14.265080109332535
PedNYC7,PedNYC7_scenario3,3,54.0,12.099608817825455,59.161942640171205,3.9490780787686894,67.3243810680213,16.854257097193837,61.564299660532356,14.132309907389537
PedNYC7,PedNYC7_scenario3,3,55.0,12.026197046951946,58.93220329478899,4.010334079474393,68.38626550025707,16.399039972489494,61.80155468028401,14.029912697030486
PedNYC7,PedNYC7_scenario3,3,56.0,11.999946581341787,58.7077514908271,4.043729818039788,69.48272835489756,15.953773600326201,62.050079381857195,14.038996176807558
PedNYC7,PedNYC7_scenario3,3,57.0,11.982872084796204,58.441090836873926,4.022112624847904,70.59538759230914,15.511497324055963,62.31234957761008,14.163851154235772
PedNYC7,PedNYC7_scenario3,3,58.0,11.959076487133789,58.18673543232422,3.9486614170745846,71.70188662998048,15.076480602608045,62.58811302730651,14.383644500150975
PedNYC7,PedNYC7_scenario3,3,59.0,11.912552164416589,57.95843671675963,3.8333461601547296,72.76821407662504,14.648769812295567,62.870374136853385,14.660853462490731
PedNYC7,PedNYC7_scenario3,3,60.0,11.821873159925454,57.711965250939336,3.7113303578289556,73.78412608792578,14.224858576296457,63.15470050845154,14.950550616953672
PedNYC7,PedNYC7_scenario3,3,61.0,11.731909112142706,57.43012090568953,3.6047102311528176,74.74994283281947,13.804559928132043,63.441393412408345,15.228927205645446
PedNYC7,PedNYC7_scenario3,3,62.0,11.697000603740229,57.15780930067628,3.5108262400189005,75.66570515455965,13.38433867271278,63.72923707309056,15.490820443685058
PedNYC7,PedNYC7_scenario3,3,63.0,11.678653774932538,56.86256793126639,3.431891315721352,76.53393228057439,12.948068275175139,64.03103210456784,15.712419824292619
PedNYC7,PedNYC7_scenario3,3,64.0,11.6292596600248,56.580009832279266,3.3647054684931508,77.35728682340714,12.487165085558566,64.35834692845056,15.88054494838521
PedNYC7,PedNYC7_scenario3,3,65.0,11.550040433389151,56.30072129998958,3.3104728183491527,78.0972959751728,12.019842752345827,64.70794653757511,15.97272058884468
PedNYC7,PedNYC7_scenario3,3,66.0,11.493348647234962,56.03770654648567,3.289076195630888,78.41683143729709,11.563089049024521,65.06475977171985,15.707867661170107
PedNYC7,PedNYC7_scenario3,3,67.0,11.458333084759792,55.79020383024409,3.28851416542606,78.42470078815525,11.125353221312198,65.43112854054232,15.173956838669316
PedNYC7,PedNYC7_scenario3,3,68.0,11.417370800026246,55.52645172485111,3.2884690273835537,78.42533723417789,10.703503907086743,65.82565879018274,14.619666178107174
PedNYC7,PedNYC7_scenario3,3,69.0,11.363403224006344,55.26662238874609,3.2884603463804023,78.42548546349018,10.296320275694239,66.25430176181095,14.044494063116142
PedNYC7,PedNYC7_scenario3,3,70.0,11.294031145624642,54.9792853522789,3.288459062576294,78.4255142211914,9.904378244228761,66.71856148216824,13.447049083418973
PedNYC7,PedNYC7_scenario3,3,71.0,11.26094933337809,54.70614842037342,3.288459300994873,78.4255142211914,9.5315283729045,67.20367015557181,12.841561262935134
PedNYC7,PedNYC7_scenario3,3,72.0,11.243423207625327,54.40789448474935,3.288459300994873,78.42550659179688,9.184760453607627,67.68611650642205,12.251565887189667
PedNYC7,PedNYC7_scenario3,3,73.0,11.195419063535526,54.146121913485274,3.288459453977256,78.42550659179688,8.862627757873526,68.14877984054955,11.69112761883832
PedNYC7,PedNYC7_scenario3,3,74.0,11.105429758885734,53.883303035918665,3.288459300994873,78.42550659179688,8.554397276178138,68.55002973306665,11.191744544341306
PedNYC7,PedNYC7_scenario3,3,75.0,11.021637878322032,53.602889251692794,3.2884592543600797,78.42550659179688,8.251458157135039,68.83172210818353,10.801484102981668
PedNYC7,PedNYC7_scenario3,3,76.0,10.955004492016885,53.33892373783666,3.288459300994873,78.42550659179688,7.948061536788176,69.03234934893594,10.485384875383488
PedNYC7,PedNYC7_scenario3,3,77.0,10.880523533929459,53.074311885601325,3.288459300994873,78.42550645798724,7.642949518640109,69.22200623952101,10.181650226111485
PedNYC7,PedNYC7_scenario3,3,78.0,10.790291451133747,52.843203832502105,3.288459300994873,78.42550659179688,7.338154765478725,69.41339109471703,9.880195296033769
PedNYC7,PedNYC7_scenario3,3,79.0,10.661807355946578,52.5994793702976,3.2884610832707795,78.425480076546,7.03810102803054,69.60034136012717,9.588684637601363
PedNYC7,PedNYC7_scenario3,3,80.0,10.56718408699866,52.351282619859205,3.2884655570937014,78.42540783700406,6.7555268993645585,69.77965833178384,9.315014699831918
PedNYC7,PedNYC7_scenario3,3,81.0,10.498602521584587,52.07535044658615,3.2884690518703046,78.425337809221,6.490155324376886,69.97621832589967,9.035397890021079
PedNYC7,PedNYC7_scenario3,3,82.0,10.437865239014348,51.83792904081648,3.288465942970524,78.42542374828308,6.2379248171539015,70.20137867108396,8.736945981422926
PedNYC7,PedNYC7_scenario3,3,83.0,10.358411578459148,51.595601939054866,3.288463211979994,78.42549368041628,5.995911679803471,70.45615229930739,8.416690516739596
PedNYC7,PedNYC7_scenario3,3,84.0,10.268355465055492,51.33903582695853,3.2884633995448613,78.42551276729881,5.764242515426245,70.74446864020733,8.070187179549242
PedNYC7,PedNYC7_scenario3,3,85.0,10.1886995703125,51.02646403259277,3.2884700266647338,78.42536173461914,5.540059061864634,71.06557654384461,7.696498634949305
PedNYC7,PedNYC7_scenario3,3,86.0,10.128489209006847,50.7472615031522,3.2884685006296044,78.42539978027344,5.3242609602761295,71.41245216612434,7.302457475230731
PedNYC7,PedNYC7_scenario3,3,87.0,10.04950201876348,50.48666936350411,3.2884696371034314,78.42536410224353,5.125956036887212,71.75792129094205,6.9160067894245305
PedNYC7,PedNYC7_scenario3,3,88.0,9.959670641071023,50.26221749943118,3.288471734899173,78.42529944172254,4.947475499867244,72.12152244063688,6.518427568945965
PedNYC7,PedNYC7_scenario3,3,89.0,9.896284727826686,50.0809528166163,3.288470585131833,78.42535548018981,4.788776383264921,72.50182982215621,6.110570653326424
PedNYC7,PedNYC7_scenario3,3,90.0,9.817510214730612,49.75739804654341,3.288466019281019,78.42546915343725,4.6561643454703505,72.88631245815132,5.705510985564044
PedNYC7,PedNYC7_scenario3,3,91.0,9.734651253104436,49.4648380509862,3.2884704401113742,78.42537096654725,4.541319857860144,73.23877602644941,5.335765993388567
PedNYC7,PedNYC7_scenario3,3,92.0,9.636037800148863,49.25100731592764,3.2884745597839355,78.42527060854921,4.4414237484248185,73.57152561571272,4.988800686244444
PedNYC7,PedNYC7_scenario3,3,93.0,9.5108207803059,49.03422569292132,3.2884726524353027,78.42530225721605,4.354287940176664,73.91672271575916,4.6328448829230995
PedNYC7,PedNYC7_scenario3,3,94.0,9.403081782915848,48.80275273192365,3.288474702811188,78.42528076248338,4.276295767848621,74.27286128259102,4.2682991921280795
PedNYC7,PedNYC7_scenario3,3,95.0,9.318846091636578,48.58655429514779,3.2884738768709973,78.42531262382236,4.2067162679935315,74.6337692054081,3.901149905165777
PedNYC7,PedNYC7_scenario3,3,96.0,9.221628019851753,48.39875985558449,3.2884743213653564,78.42529296875,4.142761687059511,74.99152372970288,3.538442890624479
PedNYC7,PedNYC7_scenario3,3,97.0,9.117302833811442,48.253725899926756,3.288467255038961,78.4254696811198,4.077912205023531,75.3257292196561,3.1986894593710264
PedNYC7,PedNYC7_scenario3,3,98.0,9.073538290337554,48.16275931597284,3.288464692500592,78.42553095392607,4.012301900808885,75.60573260915322,2.911220192516403
PedNYC7,PedNYC7_scenario3,3,99.0,9.089882037696848,48.142727012399064,3.288466913391908,78.42548397557323,3.94953882230642,75.82344632112682,2.6847003601729615
PedNYC7,PedNYC7_scenario3,3,100.0,9.141351699829102,48.16951751708984,3.2884793281555176,78.42535400390625,3.7100090086460114,76.38669713338216,2.0817802735326096
PedNYC8,PedNYC8_scenario3,3,0.0,12.621856689453123,66.90115356445312,84.67680358886719,58.00994110107422,62.701661330003006,58.073510096623345,21.975234203860342
PedNYC8,PedNYC8_scenario3,3,1.0,12.739762502275576,66.986062769813,84.62443465044272,58.0097057018187,61.586140699051676,58.07912354878876,23.038398534363868
PedNYC8,PedNYC8_scenario3,3,2.0,12.75852509129201,66.98369572011306,84.50624609776244,58.00915903335437,60.42569343326351,58.08433211689549,24.080669999403995
PedNYC8,PedNYC8_scenario3,3,3.0,12.731269296008302,66.96538684660156,84.30914359203125,58.0082176768457,59.22510678105261,58.08956810436784,25.08416872504627
PedNYC8,PedNYC8_scenario3,3,4.0,12.673829887265615,66.95831628192582,84.03170605132978,58.00710988808147,58.003688249000035,58.09333328007304,26.02816061867839
PedNYC8,PedNYC8_scenario3,3,5.0,12.598973566758128,66.97034542464701,83.6772638169635,58.00551809522285,56.76471597116505,58.097147221127884,26.912703830145066
PedNYC8,PedNYC8_scenario3,3,6.0,12.576706109430745,66.97404215070866,83.24911091907869,58.00329653808358,55.50968118649119,58.100329271527805,27.739599442683357
PedNYC8,PedNYC8_scenario3,3,7.0,12.610285574200965,66.91785435344708,82.74859358354762,58.000255897556166,54.24878192588897,58.1052684830906,28.500005125703684
PedNYC8,PedNYC8_scenario3,3,8.0,12.64415228720205,66.87296936352304,82.17730758722708,57.99615584969286,52.99165346030576,58.11238213143323,29.18588555046508
PedNYC8,PedNYC8_scenario3,3,9.0,12.675304072633006,66.8888908533436,81.53826545365332,57.99080630971545,51.73794980709507,58.120574198430326,29.800598187611037
PedNYC8,PedNYC8_scenario3,3,10.0,12.675769189141635,66.867129736365,80.83555386322581,57.98427374537691,50.508680151036245,58.13221916501776,30.327234575580533
PedNYC8,PedNYC8_scenario3,3,11.0,12.686603072584981,66.80548849972305,80.07208785388444,57.98013756506786,49.31427559377006,58.150455115833545,30.758283812601462
PedNYC8,PedNYC8_scenario3,3,12.0,12.707059333579885,66.78109182622019,79.2513935143816,57.979330164528974,48.146728976138476,58.17627587173389,31.105288033519738
PedNYC8,PedNYC8_scenario3,3,13.0,12.721910764667554,66.77092232604099,78.37599582506691,57.98505014225343,46.99159415860659,58.21128405280187,31.385217057461933
PedNYC8,PedNYC8_scenario3,3,14.0,12.730712417828268,66.76260797386291,77.4475795719437,57.99265322551579,45.85352568495661,58.25840996825198,31.595171587762493
PedNYC8,PedNYC8_scenario3,3,15.0,12.729220243524557,66.75903446067883,76.46710380166002,58.00078817179485,44.735533625730234,58.31785269240408,31.733154204084183
PedNYC8,PedNYC8_scenario3,3,16.0,12.727793834009946,66.75647704384254,75.43561865811921,58.00809868902882,43.64063270095638,58.384481119402466,31.797213647583582
PedNYC8,PedNYC8_scenario3,3,17.0,12.722874354306558,66.75656255774288,74.35253581353946,58.01454764828805,42.57520430913688,58.45794545924283,31.780424779405582
PedNYC8,PedNYC8_scenario3,3,18.0,12.699033696752267,66.76860552505768,73.22209347234778,58.022768152971594,41.545118001849474,58.539864227890305,31.681195736733923
PedNYC8,PedNYC8_scenario3,3,19.0,12.679811058667145,66.78036687661815,72.04485831604144,58.03573105241325,40.54238968404854,58.63072227444674,31.50808696928447
PedNYC8,PedNYC8_scenario3,3,20.0,12.6831891767857,66.78774677690228,70.81621882289447,58.05170700988366,39.553018080701435,58.72824186328986,31.270519983756788
PedNYC8,PedNYC8_scenario3,3,21.0,12.694074890336754,66.79249732504914,69.5309477106945,58.07101011554714,38.56871144066163,58.827131798580844,30.971467431184028
PedNYC8,PedNYC8_scenario3,3,22.0,12.702462146997588,66.79939781232339,68.19072792078154,58.09406666578124,37.5801708020254,58.92988393136803,30.621965933331015
PedNYC8,PedNYC8_scenario3,3,23.0,12.704753572155882,66.79622830257368,66.79967916157742,58.12116312178235,36.59213032335243,59.038224493057214,30.221466019576752
PedNYC8,PedNYC8_scenario3,3,24.0,12.70557004686625,66.79981856000451,65.36095263179406,58.151678264337114,35.61786658146538,59.14058335339478,29.75952118352076
PedNYC8,PedNYC8_scenario3,3,25.0,12.700187744470934,66.8037149874461,63.876410461465575,58.18325473339082,34.67342824533746,59.217556187436735,29.221292747127674
PedNYC8,PedNYC8_scenario3,3,26.0,12.710589289057424,66.8027467206358,62.34761570871951,58.21669025792972,33.757898261396676,59.241729294216285,28.608087121365994
PedNYC8,PedNYC8_scenario3,3,27.0,12.722724054112561,66.80073112019237,60.77617558091121,58.25045495712803,32.856550995715075,59.24489931926141,27.937329087936575
PedNYC8,PedNYC8_scenario3,3,28.0,12.730732559978668,66.79047525707871,59.165748068656875,58.28316812878717,31.970530517407816,59.24860752160636,27.212348867397903
PedNYC8,PedNYC8_scenario3,3,29.0,12.73976180358858,66.75019067313788,57.517967736357136,58.314776053985526,31.10798263033732,59.25332175807567,26.426656643223986
PedNYC8,PedNYC8_scenario3,3,30.0,12.732529275150661,66.69026346957526,55.83945934688425,58.34507054893832,30.278737746177743,59.26103381766667,25.57712801427251
PedNYC8,PedNYC8_scenario3,3,31.0,12.631735770574432,66.62010410315828,54.12922417948352,58.37392300472736,29.486252786563853,59.27274814462338,24.659357771531
PedNYC8,PedNYC8_scenario3,3,32.0,12.44366500521698,66.53320572413168,52.3938791684276,58.401064104793974,28.741665210021754,59.28888244051651,23.6688708334693
PedNYC8,PedNYC8_scenario3,3,33.0,12.321704049148368,66.42781941004748,50.645672377336744,58.42678003658171,28.04912666126056,59.309318571493456,22.61377351448283
PedNYC8,PedNYC8_scenario3,3,34.0,12.253552621352098,66.24727944840778,48.903837277847344,58.45127027063427,27.38194609484643,59.334157595484875,21.539992806900248
PedNYC8,PedNYC8_scenario3,3,35.0,12.211741475463867,65.91190383242187,47.20290863652344,58.47402071513672,26.731277337114577,59.363595623375055,20.49094999204048
PedNYC8,PedNYC8_scenario3,3,36.0,12.156949792660425,65.5693543039978,45.58981338982632,58.49451945753282,26.11528965411549,59.39771122928997,19.495456653008524
PedNYC8,PedNYC8_scenario3,3,37.0,12.107144669896122,65.25381363784697,44.07846032825339,58.512782467488535,25.53275887288209,59.437257232581636,18.56872898351029
PedNYC8,PedNYC8_scenario3,3,38.0,12.090055985595702,64.8841395053125,42.6657148971289,58.529009371679685,24.96110094145083,59.48422190308224,17.730363400103766
PedNYC8,PedNYC8_scenario3,3,39.0,12.153997156095944,64.55688330211159,41.34675246010845,58.54344917098704,24.39734687265384,59.53964334816101,16.978655795046695
PedNYC8,PedNYC8_scenario3,3,40.0,12.130343983786991,64.24155111698384,40.11545501018647,58.55630416910955,23.84141522737571,59.60319064084963,16.307677398612586
PedNYC8,PedNYC8_scenario3,3,41.0,12.107134889991627,63.88119671431538,38.96745091282019,58.56775140175187,23.290639557947372,59.67519961681028,15.715879097438533
PedNYC8,PedNYC8_scenario3,3,42.0,12.141113236503582,63.556262215877354,37.896353472208084,58.57892364362161,22.741776105365055,59.7541945874558,15.2000814786978
PedNYC8,PedNYC8_scenario3,3,43.0,12.141608922074743,63.27340131128172,36.89728484499656,58.59063223128669,22.19381114021234,59.83994272580925,14.75645335773489
PedNYC8,PedNYC8_scenario3,3,44.0,12.099267596298507,62.895926944447616,35.97795546057389,58.60219632011186,21.64941377730531,59.9348451607762,14.390380804610043
PedNYC8,PedNYC8_scenario3,3,45.0,12.116817903773672,62.59799995433648,35.11997501539524,58.613644357512655,21.109480227547387,60.04048155504499,14.082962351315642
PedNYC8,PedNYC8_scenario3,3,46.0,12.13558736624209,62.21930971778093,34.31895086107564,58.62406174517174,20.5857676602356,60.1584537363932,13.81863522966576
PedNYC8,PedNYC8_scenario3,3,47.0,12.10830186519517,61.78699789198842,33.57070601951613,58.63341779973282,20.082465067389357,60.28845100849561,13.589399504935361
PedNYC8,PedNYC8_scenario3,3,48.0,12.183883688699542,61.41830925199696,32.87230875348958,58.64157799968811,19.59522712810594,60.42914777941405,13.396876583909
PedNYC8,PedNYC8_scenario3,3,49.0,12.223434317891652,61.06364518228767,32.219788560021726,58.648611656241926,19.11650321929611,60.58092436145984,13.244996002688012
PedNYC8,PedNYC8_scenario3,3,50.0,12.195190414778539,60.592775510952244,31.61061499683858,58.65481727366589,18.65170673227866,60.74583567589544,13.126525106354006
PedNYC8,PedNYC8_scenario3,3,51.0,12.07787016811263,60.063063634225266,31.04147210624964,58.66029915119747,18.201773138821828,60.92643584082702,13.038145768101074
PedNYC8,PedNYC8_scenario3,3,52.0,12.025531995465691,59.62204315491988,30.510113365461784,58.66558936003999,17.755062695243595,61.12438152656433,12.989879773038506
PedNYC8,PedNYC8_scenario3,3,53.0,11.98505052617658,59.21947940504911,30.014050847025096,58.67120762772369,17.30642987636306,61.33856312069435,12.98454527736302
PedNYC8,PedNYC8_scenario3,3,54.0,11.919747427605188,58.783089001278675,29.550470774724175,58.67663045354311,16.854257097193837,61.564299660532356,13.020463708889263
PedNYC8,PedNYC8_scenario3,3,55.0,11.884837758419172,58.33770641034392,29.11773196181313,58.68182032266903,16.399039972489494,61.80155468028401,13.095719467878375
PedNYC8,PedNYC8_scenario3,3,56.0,11.886666760553268,57.83588385352033,28.71342453324552,58.686792210202306,15.953773600326201,62.050079381857195,13.19546863620111
PedNYC8,PedNYC8_scenario3,3,57.0,11.856762237504881,57.338574445937496,28.335915591372068,58.691534889863284,15.511497324055963,62.31234957761008,13.325764627145189
PedNYC8,PedNYC8_scenario3,3,58.0,11.833011568980908,56.857225680233164,27.98303528191247,58.695904243491306,15.076480602608045,62.58811302730651,13.480669230668157
PedNYC8,PedNYC8_scenario3,3,59.0,11.816359570977829,56.4339208981413,27.65080259435349,58.699832839359836,14.648769812295567,62.870374136853385,13.654532990176122
PedNYC8,PedNYC8_scenario3,3,60.0,11.7469483001131,55.958982962523834,27.30959564373934,58.7038144580084,14.224858576296457,63.15470050845154,13.821024953242183
PedNYC8,PedNYC8_scenario3,3,61.0,11.678410279765473,55.532983758135074,26.929726424614707,58.70822521886418,13.804559928132043,63.441393412408345,13.952522234663133
PedNYC8,PedNYC8_scenario3,3,62.0,11.650865023537877,55.106013777880534,26.4905342563458,58.71329129381553,13.38433867271278,63.72923707309056,14.033248901700158
PedNYC8,PedNYC8_scenario3,3,63.0,11.61542669398259,54.716468302137706,25.978145421904546,58.71915533140859,12.948068275175139,64.03103210456784,14.071209802392572
PedNYC8,PedNYC8_scenario3,3,64.0,11.577222595909296,54.286678573848484,25.388980524597915,58.72476624834114,12.487165085558566,64.35834692845056,14.078141670772325
PedNYC8,PedNYC8_scenario3,3,65.0,11.571329109244145,53.895457472524726,24.725749680089272,58.729753666142905,12.019842752345827,64.70794653757511,14.042039056508914
PedNYC8,PedNYC8_scenario3,3,66.0,11.549474200039283,53.5848505892791,23.992863881035984,58.734220624383845,11.563089049024521,65.06475977171985,13.949015315442852
PedNYC8,PedNYC8_scenario3,3,67.0,11.482937554032763,53.1888105316275,23.19505316569459,58.738109700582235,11.125353221312198,65.43112854054232,13.801237551012767
PedNYC8,PedNYC8_scenario3,3,68.0,11.419566248021884,52.786233103318786,22.3357323403268,58.74184864406636,10.703503907086743,65.82565879018274,13.619438479955768
PedNYC8,PedNYC8_scenario3,3,69.0,11.356620111024343,52.413054941184384,21.417758626985016,58.74485830595858,10.296320275694239,66.25430176181095,13.419319357486255
PedNYC8,PedNYC8_scenario3,3,70.0,11.271337465200888,52.097667138563374,20.443886766226946,58.7469349309711,9.904378244228761,66.71856148216824,13.214691436315249
PedNYC8,PedNYC8_scenario3,3,71.0,11.163494328903106,51.77798336088343,19.42886108430869,58.747888421350595,9.5315283729045,67.20367015557181,13.017581938940143
PedNYC8,PedNYC8_scenario3,3,72.0,11.066231974698965,51.468368822088344,18.438257551972608,58.74762295586016,9.184760453607627,67.68611650642205,12.86560824457537
PedNYC8,PedNYC8_scenario3,3,73.0,10.916238541957682,51.18257843070686,17.503088179188392,58.74669236585685,8.862627757873526,68.14877984054955,12.769369803325535
PedNYC8,PedNYC8_scenario3,3,74.0,10.692275623209714,50.893060182629156,16.62953349279688,58.74768524847648,8.554397276178138,68.55002973306665,12.700148909029494
PedNYC8,PedNYC8_scenario3,3,75.0,10.49249825032469,50.61636189994853,15.816723205105896,58.754539950871035,8.251458157135039,68.83172210818353,12.600906137167549
PedNYC8,PedNYC8_scenario3,3,76.0,10.281767545784618,50.31526048739507,15.060189351447944,58.77178104916422,7.948061536788176,69.03234934893594,12.484455289933056
PedNYC8,PedNYC8_scenario3,3,77.0,10.072232233513182,50.05774117836589,14.353650912982582,58.80167333967448,7.642949518640109,69.22200623952101,12.394226516715513
PedNYC8,PedNYC8_scenario3,3,78.0,9.857977000636588,49.8040718670618,13.677612372469987,58.84617788008115,7.338154765478725,69.41339109471703,12.322934629154473
PedNYC8,PedNYC8_scenario3,3,79.0,9.69740189836912,49.53861148199146,13.013030477190473,58.895164647749674,7.03810102803054,69.60034136012717,12.259714122509878
PedNYC8,PedNYC8_scenario3,3,80.0,9.563987893273076,49.348099573923896,12.339108001738921,58.94821300030855,6.7555268993645585,69.77965833178384,12.185917523745593
PedNYC8,PedNYC8_scenario3,3,81.0,9.425639027324085,49.20511581622,11.659778203360878,59.008273024444364,6.490155324376886,69.97621832589967,12.125214424769164
PedNYC8,PedNYC8_scenario3,3,82.0,9.340455702507068,49.00887076145372,10.948656258113683,59.10938688571232,6.2379248171539015,70.20137867108396,12.050861897623712
PedNYC8,PedNYC8_scenario3,3,83.0,9.390125056332485,48.90739356872984,10.219864308975145,59.28190805110632,5.995911679803471,70.45615229930739,11.945941165598507
PedNYC8,PedNYC8_scenario3,3,84.0,9.513422495557096,48.91664254891246,9.510784604133303,59.562780979149935,5.764242515426245,70.74446864020733,11.792655196006397
PedNYC8,PedNYC8_scenario3,3,85.0,9.559113363548143,48.932172890600576,8.838096202111414,59.959358629974275,5.540059061864634,71.06557654384461,11.585556755237167
PedNYC8,PedNYC8_scenario3,3,86.0,9.579938349884069,48.91556579024267,8.199783795291273,60.471314612265175,5.3242609602761295,71.41245216612434,11.31269740367702
PedNYC8,PedNYC8_scenario3,3,87.0,9.62419552983885,48.94357256966086,7.610934689245969,61.093534279827715,5.125956036887212,71.75792129094205,10.950080786254635
PedNYC8,PedNYC8_scenario3,3,88.0,9.657145606367584,49.03950720822695,7.086621021585122,61.8242419953741,4.947475499867244,72.12152244063688,10.517125469037481
PedNYC8,PedNYC8_scenario3,3,89.0,9.669982533708689,49.126823508168904,6.640020666789824,62.65688474260667,4.788776383264921,72.50182982215621,10.017487160791887
PedNYC8,PedNYC8_scenario3,3,90.0,9.730539492652868,49.21851430432184,6.275996697331627,63.58954935491181,4.6561643454703505,72.88631245815132,9.436824733240098
PedNYC8,PedNYC8_scenario3,3,91.0,9.791776743163688,49.28939273028225,5.9919830626603225,64.59168689368316,4.541319857860144,73.23877602644941,8.767928729395864
PedNYC8,PedNYC8_scenario3,3,92.0,9.809355915322264,49.367653499169926,5.7834669282486955,65.65026235869793,4.4414237484248185,73.57152561571272,8.03414534866306
PedNYC8,PedNYC8_scenario3,3,93.0,9.788355708632102,49.40580325766375,5.6060069266873,66.72892411974867,4.354287940176664,73.91672271575916,7.295974854534633
PedNYC8,PedNYC8_scenario3,3,94.0,9.754363622316422,49.44267637763591,5.44747001504906,67.8085280793711,4.276295767848621,74.27286128259102,6.569570220307951
PedNYC8,PedNYC8_scenario3,3,95.0,9.727179418567319,49.47028238081319,5.294098839094358,68.90539819610393,4.2067162679935315,74.6337692054081,5.830663365018625
PedNYC8,PedNYC8_scenario3,3,96.0,9.718710362052823,49.49897782885793,5.161383165103746,70.02846615436715,4.142761687059511,74.99152372970288,5.066510654447531
PedNYC8,PedNYC8_scenario3,3,97.0,9.763176628721826,49.538978354334006,5.063353320341661,71.1748137299273,4.077912205023531,75.3257292196561,4.266285690695121
PedNYC8,PedNYC8_scenario3,3,98.0,9.82773246531272,49.579642166641094,5.017260353571903,72.34346885378505,4.012301900808885,75.60573260915322,3.4135474658145086
PedNYC8,PedNYC8_scenario3,3,99.0,9.87431761909171,49.614047708810546,5.01957231087029,73.53310468294384,3.94953882230642,75.82344632112682,2.5279708238511893
PedNYC8,PedNYC8_scenario3,3,100.0,9.914780616760254,49.65436553955078,5.031931877136231,74.74298095703125,3.7100090086460114,76.38669713338216,2.109332344282204
PedNYC9,PedNYC9_scenario3,3,0.0,12.503829956054688,66.98116302490234,81.72801971435547,57.98396301269531,62.701661330003006,58.073510096623345,19.02656910875051
PedNYC9,PedNYC9_scenario3,3,1.0,12.47828420739937,66.88460871811559,80.47037289963968,57.97040766479677,61.586140699051676,58.07912354878876,18.884545134822737
PedNYC9,PedNYC9_scenario3,3,2.0,12.419374926689857,66.81558896036205,78.98118376383525,57.954826302671144,60.42569343326351,58.08433211689549,18.555942260199537
PedNYC9,PedNYC9_scenario3,3,3.0,12.305388934885254,66.79288873654296,77.28634234320313,57.93825311539062,59.22510678105261,58.08956810436784,18.061869400961235
PedNYC9,PedNYC9_scenario3,3,4.0,12.173408080007734,66.80662131490772,75.55398672106622,57.92209548167802,58.003688249000035,58.09333328007304,17.551133833522208
PedNYC9,PedNYC9_scenario3,3,5.0,12.08869486653913,66.80252104910649,73.89849518178083,57.90839154409411,56.76471597116505,58.097147221127884,17.134818900231828
PedNYC9,PedNYC9_scenario3,3,6.0,12.032074391463018,66.77778092802482,72.34253880306562,57.90097333990223,55.50968118649119,58.100329271527805,16.834038087379454
PedNYC9,PedNYC9_scenario3,3,7.0,11.97980216083045,66.72329254486247,70.88660868800727,57.89721690791631,54.24878192588897,58.1052684830906,16.639127525930935
PedNYC9,PedNYC9_scenario3,3,8.0,11.949482554136702,66.65734868956538,69.52681066864308,57.8910768976869,52.99165346030576,58.11238213143323,16.536638107877703
PedNYC9,PedNYC9_scenario3,3,9.0,11.939193321076193,66.61407873337875,68.25679101254349,57.887273764148546,51.73794980709507,58.120574198430326,16.52048860849632
PedNYC9,PedNYC9_scenario3,3,10.0,11.96017133177958,66.62994311007235,67.0710373260748,57.88857243611945,50.508680151036245,58.13221916501776,16.56414920610334
PedNYC9,PedNYC9_scenario3,3,11.0,11.982538662058438,66.6756606625837,65.9627072825866,57.89373701490509,49.31427559377006,58.150455115833545,16.650410862214038
PedNYC9,PedNYC9_scenario3,3,12.0,11.989356476408572,66.7318445104071,64.9136350155612,57.904093833738045,48.146728976138476,58.17627587173389,16.769115098795098
PedNYC9,PedNYC9_scenario3,3,13.0,11.989567759771907,66.78763395900519,63.84983921341245,57.914684155122615,46.99159415860659,58.21128405280187,16.860854006460933
PedNYC9,PedNYC9_scenario3,3,14.0,11.967703302595146,66.85616908945369,62.707619762011994,57.9244866534486,45.85352568495661,58.25840996825198,16.85740169594362
PedNYC9,PedNYC9_scenario3,3,15.0,11.899762503695964,66.85516119700496,61.46617668979279,57.93431735011655,44.735533625730234,58.31785269240408,16.735038592601096
PedNYC9,PedNYC9_scenario3,3,16.0,11.814464355964201,66.75828433343835,60.12895302843405,57.9431398830102,43.64063270095638,58.384481119402466,16.494225938444444
PedNYC9,PedNYC9_scenario3,3,17.0,11.770846635300963,66.67228038434773,58.7769711139003,57.95005110906362,42.57520430913688,58.45794545924283,16.209725607390087
PedNYC9,PedNYC9_scenario3,3,18.0,11.729413513205996,66.57764593063537,57.490691847532354,57.955515723839696,41.545118001849474,58.539864227890305,15.956277399265534
PedNYC9,PedNYC9_scenario3,3,19.0,11.688493908428905,66.48060097964017,56.28339402210554,57.959717832140946,40.54238968404854,58.63072227444674,15.75529956974235
PedNYC9,PedNYC9_scenario3,3,20.0,11.624090144285061,66.43723296319268,55.14503282625406,57.9630637608956,39.553018080701435,58.72824186328986,15.610779011757042
PedNYC9,PedNYC9_scenario3,3,21.0,11.495561052207751,66.44537919499608,54.00213944970271,57.96575979433201,38.56871144066163,58.827131798580844,15.457446808576032
PedNYC9,PedNYC9_scenario3,3,22.0,11.393455932301158,66.4484293478316,52.77742438385556,57.96792898167323,37.5801708020254,58.92988393136803,15.227668034065228
PedNYC9,PedNYC9_scenario3,3,23.0,11.369956680761007,66.45263994373703,51.44074729064669,57.96947466743517,36.59213032335243,59.038224493057214,14.887029657765387
PedNYC9,PedNYC9_scenario3,3,24.0,11.360285637145472,66.448801545883,49.98579370396422,57.970157444574,35.61786658146538,59.14058335339478,14.415520337659574
PedNYC9,PedNYC9_scenario3,3,25.0,11.297315720956632,66.38324684252187,48.446435368012764,57.96978011290208,34.67342824533746,59.217556187436735,13.829413231711811
PedNYC9,PedNYC9_scenario3,3,26.0,11.185084221703523,66.24190989454284,46.86617505961332,57.968928748937955,33.757898261396676,59.241729294216285,13.169925658359867
PedNYC9,PedNYC9_scenario3,3,27.0,11.106527263974609,66.0120753056185,45.302344181796876,57.969322312890625,32.856550995715075,59.24489931926141,12.510989758204666
PedNYC9,PedNYC9_scenario3,3,28.0,11.007898889817925,65.77614567665499,43.81194105516028,57.97060975191977,31.970530517407816,59.24860752160636,11.910175558022605
PedNYC9,PedNYC9_scenario3,3,29.0,10.863704998815457,65.51705194270366,42.403108190760825,57.972722761213326,31.10798263033732,59.25332175807567,11.367488518423814
PedNYC9,PedNYC9_scenario3,3,30.0,10.76870419451033,65.20790396464757,41.074768466355025,57.976052014500006,30.278737746177743,59.26103381766667,10.872233328322247
PedNYC9,PedNYC9_scenario3,3,31.0,10.718994454381273,64.88311887839058,39.814189897435504,57.984449608278496,29.486252786563853,59.27274814462338,10.407977617427328
PedNYC9,PedNYC9_scenario3,3,32.0,10.647227606106707,64.54307719763428,38.60450207598836,57.99727755005496,28.741665210021754,59.28888244051651,9.947049524242559
PedNYC9,PedNYC9_scenario3,3,33.0,10.591493698526367,64.1872299164499,37.43664778337421,58.01370496304508,28.04912666126056,59.309318571493456,9.47650607769164
PedNYC9,PedNYC9_scenario3,3,34.0,10.632510895999083,63.816416786155564,36.30401296758113,58.032019364785086,27.38194609484643,59.334157595484875,9.016587006922293
PedNYC9,PedNYC9_scenario3,3,35.0,10.707864150231805,63.4759227554738,35.19620787955427,58.052399328125155,26.731277337114577,59.363595623375055,8.565879103338165
PedNYC9,PedNYC9_scenario3,3,36.0,10.748136728821338,63.11196570997422,34.101141593848276,58.07308611624837,26.11528965411549,59.39771122928997,8.094965280557686
PedNYC9,PedNYC9_scenario3,3,37.0,10.81526997014201,62.76122672385184,33.01111444659509,58.0927232270874,25.53275887288209,59.437257232581636,7.598261233914942
PedNYC9,PedNYC9_scenario3,3,38.0,10.911292258138367,62.41343546022494,31.924984981862945,58.10339441146519,24.96110094145083,59.48422190308224,7.099462338086737
PedNYC9,PedNYC9_scenario3,3,39.0,10.982637600629715,62.045030977042074,30.838669102154444,58.101608519842486,24.39734687265384,59.53964334816101,6.599892137884959
PedNYC9,PedNYC9_scenario3,3,40.0,11.02519875332937,61.69462597206601,29.75317494309244,58.089524833215194,23.84141522737571,59.60319064084963,6.10246565853285
PedNYC9,PedNYC9_scenario3,3,41.0,11.095906810064367,61.32303710367766,28.670870903260692,58.07631870578079,23.290639557947372,59.67519961681028,5.612780905820791
PedNYC9,PedNYC9_scenario3,3,42.0,11.17139163426761,60.98403684818146,27.600444069437717,58.06846145523282,22.741776105365055,59.7541945874558,5.142795988388056
PedNYC9,PedNYC9_scenario3,3,43.0,11.226741367515952,60.78117247860167,26.576495959971528,58.066700067264506,22.19381114021234,59.83994272580925,4.7278235749053135
PedNYC9,PedNYC9_scenario3,3,44.0,11.287447889205945,60.68079925319463,25.61456258179687,58.072664507157825,21.64941377730531,59.9348451607762,4.380653128070223
PedNYC9,PedNYC9_scenario3,3,45.0,11.324405589971079,60.600184107297316,24.725988603441703,58.08353423310534,21.109480227547387,60.04048155504499,4.112028167919149
PedNYC9,PedNYC9_scenario3,3,46.0,11.337497007710057,60.55587674556933,24.130197114094194,58.09295595752596,20.5857676602356,60.1584537363932,4.102348257752605
PedNYC9,PedNYC9_scenario3,3,47.0,11.344189423084213,60.53584978045068,23.90593878054518,58.095035729099045,20.082465067389357,60.28845100849561,4.40794984353088
PedNYC9,PedNYC9_scenario3,3,48.0,11.369611129569291,60.48850810327861,23.902005875024933,58.09509250769219,19.59522712810594,60.42914777941405,4.898587264341193
PedNYC9,PedNYC9_scenario3,3,49.0,11.381459112690324,60.403931330001164,23.90191738182282,58.095096588134766,19.11650321929611,60.58092436145984,5.392543780586813
PedNYC9,PedNYC9_scenario3,3,50.0,11.34279827613615,60.24781369534365,23.90218583464398,58.09509974513799,18.65170673227866,60.74583567589544,5.881660631061901
PedNYC9,PedNYC9_scenario3,3,51.0,11.334694703635924,59.95189766436192,23.9025189357441,58.095096588134766,18.201773138821828,60.92643584082702,6.365138223555157
PedNYC9,PedNYC9_scenario3,3,52.0,11.378361246820273,59.64056428014712,23.902795394061734,58.09509831934355,17.755062695243595,61.12438152656433,6.853551932076357
PedNYC9,PedNYC9_scenario3,3,53.0,11.382072561308949,59.29162737615324,23.90079711336698,58.09509842450689,17.30642987636306,61.33856312069435,7.348859945044888
PedNYC9,PedNYC9_scenario3,3,54.0,11.414010570085331,58.86629891022926,23.88693619183725,58.09515802416779,16.854257097193837,61.564299660532356,7.8417803425875645
PedNYC9,PedNYC9_scenario3,3,55.0,11.502886412519688,58.45160481049306,23.851519507435942,58.09530647575707,16.399039972489494,61.80155468028401,8.323204128961082
PedNYC9,PedNYC9_scenario3,3,56.0,11.537823005030098,57.98769376856582,23.760370630291973,58.095652784579215,15.953773600326201,62.050079381857195,8.75102547713866
PedNYC9,PedNYC9_scenario3,3,57.0,11.541216812826653,57.49887456933851,23.594053005488394,58.096196299460196,15.511497324055963,62.31234957761008,9.116120600798876
PedNYC9,PedNYC9_scenario3,3,58.0,11.566616045841474,57.00499053525025,23.35025051908639,58.096578902697914,15.076480602608045,62.58811302730651,9.414305466859762
PedNYC9,PedNYC9_scenario3,3,59.0,11.543651625650043,56.55135943141392,23.030669284541617,58.09597492478623,14.648769812295567,62.870374136853385,9.646301187451387
PedNYC9,PedNYC9_scenario3,3,60.0,11.484891219439563,56.10049108371718,22.619081532141713,58.088417787462774,14.224858576296457,63.15470050845154,9.804600942487605
PedNYC9,PedNYC9_scenario3,3,61.0,11.442441913177994,55.645733437247266,22.09470426163836,58.073192238319095,13.804559928132043,63.441393412408345,9.876440498269611
PedNYC9,PedNYC9_scenario3,3,62.0,11.368418629388799,55.21523633097418,21.451945292660888,58.051141647697,13.38433867271278,63.72923707309056,9.865446986026827
PedNYC9,PedNYC9_scenario3,3,63.0,11.221133235314937,54.77802088218935,20.70301453271103,58.03120119020423,12.948068275175139,64.03103210456784,9.804956015109056
PedNYC9,PedNYC9_scenario3,3,64.0,11.073773320930174,54.3449582097526,19.90109086538736,58.01193603945639,12.487165085558566,64.35834692845056,9.759263632096111
PedNYC9,PedNYC9_scenario3,3,65.0,10.92833013379866,53.93025523738022,19.08612565542001,57.99869336376821,12.019842752345827,64.70794653757511,9.744045988013216
PedNYC9,PedNYC9_scenario3,3,66.0,10.717265171812112,53.54306937242437,18.259626733345144,57.987200306111816,11.563089049024521,65.06475977171985,9.743483204005848
PedNYC9,PedNYC9_scenario3,3,67.0,10.546400555459957,53.15607693588003,17.39364290378939,57.97620458643785,11.125353221312198,65.43112854054232,9.73998699716435
PedNYC9,PedNYC9_scenario3,3,68.0,10.406572418169286,52.7487346640885,16.485599606427314,57.95942130072999,10.703503907086743,65.82565879018274,9.762700595470735
PedNYC9,PedNYC9_scenario3,3,69.0,10.25298727649906,52.37347532638931,15.598042774651354,57.9378466528873,10.296320275694239,66.25430176181095,9.862640976670008
PedNYC9,PedNYC9_scenario3,3,70.0,10.109896527947567,52.03453436674404,14.759604615937146,57.916551133869945,9.904378244228761,66.71856148216824,10.052293732879221
PedNYC9,PedNYC9_scenario3,3,71.0,9.97602672406709,51.62460470710088,13.973272234842973,57.90588634139655,9.5315283729045,67.20367015557181,10.304264767085886
PedNYC9,PedNYC9_scenario3,3,72.0,9.852734563374574,51.27335663003561,13.219289984464087,57.90990432955434,9.184760453607627,67.68611650642205,10.575998915586624
PedNYC9,PedNYC9_scenario3,3,73.0,9.702092000462573,50.89900215499177,12.45695642909127,57.927426353957124,8.862627757873526,68.14877984054955,10.83490958405344
PedNYC9,PedNYC9_scenario3,3,74.0,9.575974975572544,50.543353967112935,11.655584711881245,57.97815824431907,8.554397276178138,68.55002973306665,11.017342251466859
PedNYC9,PedNYC9_scenario3,3,75.0,9.461444965559474,50.21071383929429,10.796084953064383,58.08764375335533,8.251458157135039,68.83172210818353,11.041301790334753
PedNYC9,PedNYC9_scenario3,3,76.0,9.336883725365812,49.940654542099786,9.875715369605809,58.30014802706098,7.948061536788176,69.03234934893594,10.903943988870777
PedNYC9,PedNYC9_scenario3,3,77.0,9.219805605858244,49.67923218989355,8.92416097535626,58.66323706498006,7.642949518640109,69.22200623952101,10.636216868701807
PedNYC9,PedNYC9_scenario3,3,78.0,9.150136725881593,49.400758829070746,8.009940719571368,59.17122108042176,7.338154765478725,69.41339109471703,10.264177656775301
PedNYC9,PedNYC9_scenario3,3,79.0,9.072052201501565,49.12004721350021,7.176735337063536,59.8083890630619,7.03810102803054,69.60034136012717,9.792933639091144
PedNYC9,PedNYC9_scenario3,3,80.0,9.013780197915835,48.92109116028116,6.418401493147887,60.577505493729234,6.7555268993645585,69.77965833178384,9.208326145094619
PedNYC9,PedNYC9_scenario3,3,81.0,9.003254990354522,48.791517102927706,5.746520271130738,61.47614890402332,6.490155324376886,69.97621832589967,8.532536156919214
PedNYC9,PedNYC9_scenario3,3,82.0,9.036010106235636,48.69646915871761,5.16056689145499,62.4602623190493,6.2379248171539015,70.20137867108396,7.815726612145837
PedNYC9,PedNYC9_scenario3,3,83.0,9.08030738481715,48.686425874258696,4.6615925014743285,63.48403879747137,5.995911679803471,70.45615229930739,7.098645952020786
PedNYC9,PedNYC9_scenario3,3,84.0,9.162719626840197,48.72420547462138,4.233714336020267,64.54847061298297,5.764242515426245,70.74446864020733,6.382233783035841
PedNYC9,PedNYC9_scenario3,3,85.0,9.268092467934823,48.739164642875416,3.863614885835071,65.65666514731399,5.540059061864634,71.06557654384461,5.662754415552764
PedNYC9,PedNYC9_scenario3,3,86.0,9.361388482448673,48.72817581838612,3.547260633077185,66.81784754417399,5.3242609602761295,71.41245216612434,4.926268546771755
PedNYC9,PedNYC9_scenario3,3,87.0,9.426768992004515,48.70603332049557,3.2932975656387553,68.04189187647701,5.125956036887212,71.75792129094205,4.143369604730927
PedNYC9,PedNYC9_scenario3,3,88.0,9.421504229726395,48.67006217435714,3.110785883002654,69.333494080383,4.947475499867244,72.12152244063688,3.338642072202126
PedNYC9,PedNYC9_scenario3,3,89.0,9.350202637565495,48.58478831607249,3.0077109694924777,70.68471128163401,4.788776383264921,72.50182982215621,2.54442799042259
PedNYC9,PedNYC9_scenario3,3,90.0,9.31712636959109,48.496532776286124,2.947809247675798,72.04425415234941,4.6561643454703505,72.88631245815132,1.9046100205896808
PedNYC9,PedNYC9_scenario3,3,91.0,9.31874376463492,48.45576182329514,2.8933987612497822,73.3444092621119,4.541319857860144,73.23877602644941,1.6513032190152188
PedNYC9,PedNYC9_scenario3,3,92.0,9.341367962631496,48.44217740101659,2.848383636620619,74.57000813738574,4.4414237484248185,73.57152561571272,1.8800915254060535
PedNYC9,PedNYC9_scenario3,3,93.0,9.392756333518454,48.42931922089524,2.8007305939317657,75.73390280670837,4.354287940176664,73.91672271575916,2.3907496546091274
PedNYC9,PedNYC9_scenario3,3,94.0,9.421017433532521,48.47793793242904,2.7541775275379528,76.84719635804647,4.276295767848621,74.27286128259102,2.990659629280248
PedNYC9,PedNYC9_scenario3,3,95.0,9.462172855110646,48.52668108010859,2.719187332244831,77.89743539836957,4.2067162679935315,74.6337692054081,3.5866780387664083
PedNYC9,PedNYC9_scenario3,3,96.0,9.541057753171913,48.52942312141069,2.6933067861532627,78.81366320170281,4.142761687059511,74.99152372970288,4.087746280431439
PedNYC9,PedNYC9_scenario3,3,97.0,9.587919717450976,48.536501736366354,2.6774670387608324,79.46472016931372,4.077912205023531,75.3257292196561,4.369495708323363
PedNYC9,PedNYC9_scenario3,3,98.0,9.616603025718206,48.572359414736404,2.6724927302416575,79.69227655187296,4.012301900808885,75.60573260915322,4.300573218690209
PedNYC9,PedNYC9_scenario3,3,99.0,9.617035178348026,48.62966335646939,2.6724795496950793,79.69297683448656,3.94953882230642,75.82344632112682,4.074818619225236
PedNYC9,PedNYC9_scenario3,3,100.0,9.615076065063477,48.69230270385742,2.6724746227264404,79.6932144165039,3.7100090086460114,76.38669713338216,3.465477477281931
