participant_id,recording_identifier,scenario,progress_percent,ped_x,ped_z,veh_x,veh_z,mean_x,mean_z,deviation_m
PedNYC10,PedNYC10_scenario7,7,0.0,-1.859271764755249,70.18878936767578,78.1517562866211,58.02823638916016,-1.7987583564675373,70.12958791981573,0.0846562697697059
PedNYC10,PedNYC10_scenario7,7,1.0,-1.8580820989667484,70.26257802039723,76.84110946356344,58.035072395501764,-1.8044872955447269,70.0647341920194,0.2049745920377459
PedNYC10,PedNYC10_scenario7,7,2.0,-1.8868171059433436,70.3054289946099,75.42638554118315,58.043653734142666,-1.8135075132234157,69.98504923884316,0.32866013492651625
PedNYC10,PedNYC10_scenario7,7,3.0,-1.901018537818268,70.31779808004602,73.90979258828499,58.054255829867635,-1.8151326907762673,69.89108624097307,0.43526931011402786
PedNYC10,PedNYC10_scenario7,7,4.0,-1.8911266212608298,70.31410749080686,72.29549315944162,58.06710311610528,-1.7891769726512223,69.78299891380624,0.5408050031344468
PedNYC10,PedNYC10_scenario7,7,5.0,-1.8745058242061534,70.30227185594414,70.58644937895,58.08247540838037,-1.7366350850065908,69.65531823803282,0.6614811595623737
PedNYC10,PedNYC10_scenario7,7,6.0,-1.8679144790353015,70.28930873287752,68.78600293265355,58.10063081430954,-1.6920554512913224,69.51981095759781,0.7893372053814959
PedNYC10,PedNYC10_scenario7,7,7.0,-1.859984287399431,70.26795376179965,66.8965829111942,58.121859996538355,-1.6747214486460915,69.38004988468087,0.9070256966731958
PedNYC10,PedNYC10_scenario7,7,8.0,-1.8496678531667308,70.21327133073527,64.92342849139467,58.1463180413434,-1.6684897381483927,69.21820662499455,1.0114243807484855
PedNYC10,PedNYC10_scenario7,7,9.0,-1.8687355235973697,70.15815230327078,62.86729250148303,58.17428216918853,-1.663795592994915,69.05173078195773,1.125241733131165
PedNYC10,PedNYC10_scenario7,7,10.0,-1.8932204550770446,70.1231580480907,60.73360685487126,58.205929296896436,-1.6452506459833909,68.88753958556255,1.2602547405831792
PedNYC10,PedNYC10_scenario7,7,11.0,-1.906069402934704,70.10234805490953,58.52234925490588,58.241839833180364,-1.624003297740102,68.70632859986135,1.4242301803334523
PedNYC10,PedNYC10_scenario7,7,12.0,-1.9061431529680117,70.08116117872795,56.26488737148115,58.28350975610806,-1.6071961942375586,68.52756931387593,1.582092591054195
PedNYC10,PedNYC10_scenario7,7,13.0,-1.900013817080574,70.04609375409458,53.987272198461035,58.32555168355568,-1.6012667235446376,68.33900339191803,1.7330341400365608
PedNYC10,PedNYC10_scenario7,7,14.0,-1.9157685675746339,69.98536383863939,51.74247984378175,58.3688036911317,-1.5995097853220477,68.15482363782705,1.857659022571677
PedNYC10,PedNYC10_scenario7,7,15.0,-1.9134368384266491,69.88129457773752,49.54515670792549,58.41280606209734,-1.5974975052463378,67.96434182820765,1.9428138115065339
PedNYC10,PedNYC10_scenario7,7,16.0,-1.8630734513676321,69.71130498664056,47.430313012275796,58.45339564540312,-1.5903727079915044,67.77781012651347,1.9526310633541977
PedNYC10,PedNYC10_scenario7,7,17.0,-1.7995579745258548,69.4716558906706,45.42611998682569,58.48929972727549,-1.5802431883294858,67.57847148321807,1.9058452655097091
PedNYC10,PedNYC10_scenario7,7,18.0,-1.7791231721066094,69.23462400768246,43.536942614596704,58.52059431714764,-1.5794076855243375,67.37789560033887,1.8674385275605263
PedNYC10,PedNYC10_scenario7,7,19.0,-1.7705244138403315,68.89557753535584,41.757901094294354,58.54773223987116,-1.5818540068375722,67.16943870510187,1.7364192419427806
PedNYC10,PedNYC10_scenario7,7,20.0,-1.7398190447721513,68.57540521413303,40.07844183917203,58.57129670452347,-1.5769150128696352,66.96860760253605,1.6150344541971347
PedNYC10,PedNYC10_scenario7,7,21.0,-1.7024078736011585,68.21203544196456,38.42273661645719,58.5925675055286,-1.5666988025464168,66.77769326555389,1.4407478721126152
PedNYC10,PedNYC10_scenario7,7,22.0,-1.7153532722126497,67.86108595581953,36.718382706215856,58.612513105936394,-1.5618601393057432,66.57315760707064,1.297042625884217
PedNYC10,PedNYC10_scenario7,7,23.0,-1.7067719529612082,67.52104312874748,35.01038448260735,58.63054856307836,-1.5702201131748015,66.36136525993687,1.167689669543307
PedNYC10,PedNYC10_scenario7,7,24.0,-1.7049325796511243,67.1319256770419,33.37022463702836,58.645990102317164,-1.5889873941493413,66.14754934562262,0.9911811377843766
PedNYC10,PedNYC10_scenario7,7,25.0,-1.705895747414118,66.73467391852066,31.817387583354275,58.658883424553466,-1.5983587235658678,65.92468469896315,0.8170965348705868
PedNYC10,PedNYC10_scenario7,7,26.0,-1.7245607566026286,66.36995552993723,30.353777818201973,58.66948418335483,-1.6106631409790304,65.68843563943499,0.6909717997103295
PedNYC10,PedNYC10_scenario7,7,27.0,-1.7227957960264018,66.05788815010278,28.975099407852102,58.678119938675,-1.6178168090056293,65.46057403118412,0.6064690794883802
PedNYC10,PedNYC10_scenario7,7,28.0,-1.7139478855341697,65.62637646647904,27.67749461939267,58.68506912774091,-1.6273598023634792,65.21168667794487,0.4236332338966029
PedNYC10,PedNYC10_scenario7,7,29.0,-1.744236187633426,65.26912556488438,26.456088779407622,58.690531791724304,-1.6378621832140166,64.9576700068143,0.3291200289696226
PedNYC10,PedNYC10_scenario7,7,30.0,-1.7790432308504653,64.9275733073017,25.305690473474943,58.69473269508784,-1.6460094969998118,64.71534507392381,0.2504771394457881
PedNYC10,PedNYC10_scenario7,7,31.0,-1.7804475783741192,64.5359259886361,24.19346433383238,58.69791151696808,-1.6595010611412317,64.45652561218063,0.14468061311742866
PedNYC10,PedNYC10_scenario7,7,32.0,-1.7935000586501235,64.17593822839504,23.05160293770749,58.70029442821231,-1.6803209848633058,64.20696325026942,0.11735439798127706
PedNYC10,PedNYC10_scenario7,7,33.0,-1.8297773627077434,63.82607171189771,21.85237406303287,58.70184203698494,-1.7027411981139662,63.94745916580432,0.17570743035121156
PedNYC10,PedNYC10_scenario7,7,34.0,-1.846978375790058,63.49755898520779,20.61661147226668,58.702440701613575,-1.7314314752423385,63.679596831623236,0.21561276342962293
PedNYC10,PedNYC10_scenario7,7,35.0,-1.8541088589725898,63.1677920345325,19.40773559035392,58.70205388763742,-1.7623378897891215,63.427240191446934,0.2752003940970436
PedNYC10,PedNYC10_scenario7,7,36.0,-1.8943400793155423,62.82124381103349,18.257319599488948,58.7007446165862,-1.7707294303380474,63.17452065580717,0.374278134004493
PedNYC10,PedNYC10_scenario7,7,37.0,-1.9566806811073136,62.4710720037991,17.170898806993126,58.6986654083286,-1.7894204809177605,62.9212609852302,0.480256279052568
PedNYC10,PedNYC10_scenario7,7,38.0,-2.0305538612378493,62.11091139737368,16.147229647736037,58.695967857255255,-1.8274121214029475,62.676255534174345,0.6007333513948128
PedNYC10,PedNYC10_scenario7,7,39.0,-2.1325095835662693,61.796438824241335,15.18330486570961,58.69276417057866,-1.8667239833615077,62.435007495273055,0.6916732847952295
PedNYC10,PedNYC10_scenario7,7,40.0,-2.247132661913643,61.490093298458596,14.287007038699354,58.68921201422293,-1.8982154123512582,62.19529549440148,0.7867994561543885
PedNYC10,PedNYC10_scenario7,7,41.0,-2.3418302343705815,61.20529966507039,13.51101313603067,58.68568487676989,-1.9219389665338193,61.96765729282138,0.8703435122959646
PedNYC10,PedNYC10_scenario7,7,42.0,-2.455798920709626,60.92928590107258,12.879185860990189,58.682489849208594,-1.9555172824774003,61.72462815237138,0.939601518864971
PedNYC10,PedNYC10_scenario7,7,43.0,-2.616290261173044,60.64081503650662,12.407672685861835,58.679879014442086,-1.986408654799358,61.48789631599653,1.0556029235039808
PedNYC10,PedNYC10_scenario7,7,44.0,-2.7746471481323685,60.36916620166388,12.10205665648931,58.67798819444441,-2.0172820479248297,61.25086573581006,1.1623235193034531
PedNYC10,PedNYC10_scenario7,7,45.0,-2.895659562985627,60.113698889271014,11.931922947154302,58.67688893286378,-2.0469220365489775,61.01316575639532,1.2366875247354168
PedNYC10,PedNYC10_scenario7,7,46.0,-2.997212594236372,59.86759019039127,11.901756608921175,58.67668533325195,-2.0634461788823915,60.78531909504752,1.3092540093062859
PedNYC10,PedNYC10_scenario7,7,47.0,-3.0970506828510738,59.64139131091594,11.901484263693522,58.67667770385742,-2.0878602811506726,60.574530428674755,1.3744867696620122
PedNYC10,PedNYC10_scenario7,7,48.0,-3.1894352108093647,59.38226810874656,11.901418063740975,58.67667770385742,-2.124839174245565,60.37243221107186,1.4538877778566757
PedNYC10,PedNYC10_scenario7,7,49.0,-3.232521400513673,59.13232292619188,11.901410102844238,58.67667770385742,-2.1630685110140933,60.17522842371259,1.4937808941132944
PedNYC10,PedNYC10_scenario7,7,50.0,-3.2485997695213347,58.844758216652004,11.901409149169922,58.676676374817625,-2.1903117353644093,59.99391684962363,1.5622224959886308
PedNYC10,PedNYC10_scenario7,7,51.0,-3.2958089847364263,58.523959799011024,11.901410102844238,58.676676713950314,-2.2144874802290047,59.84895476035874,1.7102245009667651
PedNYC10,PedNYC10_scenario7,7,52.0,-3.3355247293140122,58.20481838052227,11.90141075505441,58.67667649800084,-2.248021514000097,59.683057567408575,1.8351714734499307
PedNYC10,PedNYC10_scenario7,7,53.0,-3.3392349666139785,57.879476692832014,11.901410998249032,58.67667770385742,-2.277587970422157,59.52632988763707,1.9593927094287993
PedNYC10,PedNYC10_scenario7,7,54.0,-3.3342530604700285,57.55041993152936,11.901410102844238,58.67667770385742,-2.301592656893684,59.3659782357695,2.0886932434442764
PedNYC10,PedNYC10_scenario7,7,55.0,-3.334951738056091,57.21967704766052,11.901410102844238,58.67667770385742,-2.3187361063245047,59.20312763019762,2.228625231738705
PedNYC10,PedNYC10_scenario7,7,56.0,-3.3244273697585864,56.897971716398104,11.9014612588996,58.676677065850335,-2.335983135285132,59.03468440388436,2.3542648775209143
PedNYC10,PedNYC10_scenario7,7,57.0,-3.2890626197333552,56.5856117666318,11.901231969779593,58.67667770385742,-2.3478834376586577,58.85606527571749,2.4577992980897205
PedNYC10,PedNYC10_scenario7,7,58.0,-3.2643317464632333,56.29506109538495,11.90121300169519,58.67667842756791,-2.356572341355403,58.67640959408112,2.5484991288607937
PedNYC10,PedNYC10_scenario7,7,59.0,-3.2533558358078896,55.991752867175435,11.900468502150545,58.67667646747346,-2.3641466241838485,58.48902231670298,2.6508579225565163
PedNYC10,PedNYC10_scenario7,7,60.0,-3.2295037009564633,55.70169241595404,11.864704981005843,58.67643894292472,-2.3742515033485385,58.299816905202135,2.735270952418398
PedNYC10,PedNYC10_scenario7,7,61.0,-3.1721744348826517,55.38935638654859,11.718596321710171,58.675448899332174,-2.377963886139109,58.10713509211997,2.831446889523578
PedNYC10,PedNYC10_scenario7,7,62.0,-3.1249390596249143,55.1072134243232,11.413624872360478,58.673318479035316,-2.3804198148149536,57.89689128640748,2.887319081794655
PedNYC10,PedNYC10_scenario7,7,63.0,-3.09548077211965,54.81718072454946,10.93009788209468,58.6696361583862,-2.3849380150197503,57.68907474822599,2.95848716287499
PedNYC10,PedNYC10_scenario7,7,64.0,-3.063291023782418,54.549407575704286,10.262715152115478,58.6634672527421,-2.3850501616211113,57.48117908866655,3.009201700006557
PedNYC10,PedNYC10_scenario7,7,65.0,-3.017267657844493,54.29759892600878,9.411410166567183,58.65441013765737,-2.3858143160856677,57.27315433712882,3.0418190819744924
PedNYC10,PedNYC10_scenario7,7,66.0,-2.992216883472935,54.07737752187492,8.377223844262751,58.641787422716064,-2.3926217581637808,57.06570983848314,3.047891787577033
PedNYC10,PedNYC10_scenario7,7,67.0,-2.9782235521523246,53.88889077665575,7.162431384097493,58.62539660606823,-2.398558797595679,56.85803245375493,3.0251964442598687
PedNYC10,PedNYC10_scenario7,7,68.0,-2.9243550809789074,53.77351933993366,5.769925838741676,58.60643958102936,-2.4077036072231186,56.641970697922915,2.914608367943187
PedNYC10,PedNYC10_scenario7,7,69.0,-2.8868303148110295,53.71965836476029,4.200933536090448,58.58528772012274,-2.415015727919912,56.43009099250135,2.751191384459926
PedNYC10,PedNYC10_scenario7,7,70.0,-2.8360308020060887,53.660064929999464,2.461890546269292,58.558650755952016,-2.422020393678583,56.214470375648766,2.587738742409348
PedNYC10,PedNYC10_scenario7,7,71.0,-2.7862619020690897,53.61394726406047,0.5588565730787898,58.52856813162652,-2.4269724397469417,56.008479002045576,2.421336647794706
PedNYC10,PedNYC10_scenario7,7,72.0,-2.7502503099920257,53.569155515226115,-1.4551764712446063,58.49954555258661,-2.4299435337046402,55.79825016558253,2.251990095711615
PedNYC10,PedNYC10_scenario7,7,73.0,-2.7249462368452457,53.53177638908355,-3.460405331840297,58.47846325995214,-2.429735116082203,55.60030893962585,2.089491928310614
PedNYC10,PedNYC10_scenario7,7,74.0,-2.7047166889158722,53.5256324064781,-5.375759371719874,58.46813559687954,-2.4283082050858154,55.397561281777115,1.892226034096206
PedNYC10,PedNYC10_scenario7,7,75.0,-2.6642187929517327,53.5419091788693,-7.184427991674035,58.46689349204031,-2.421824706729757,55.212276096887436,1.687862711788137
PedNYC10,PedNYC10_scenario7,7,76.0,-2.615083440306924,53.5876207798626,-8.887127838091224,58.46952226357478,-2.4286736214789655,55.021437951914315,1.445883917686983
PedNYC10,PedNYC10_scenario7,7,77.0,-2.5808050230469624,53.62428344906133,-10.490477646414766,58.46951366583455,-2.4301330616127985,54.82563005956742,1.2107583237528852
PedNYC10,PedNYC10_scenario7,7,78.0,-2.554774538803753,53.61909004004725,-11.999567913134713,58.46615367684491,-2.4192704527393323,54.63361400676902,1.0235332121592535
PedNYC10,PedNYC10_scenario7,7,79.0,-2.5337093066830088,53.55427417774427,-13.420122928598294,58.46356067076179,-2.4121458929481774,54.450150393267315,0.9040862000377845
PedNYC10,PedNYC10_scenario7,7,80.0,-2.5464921536328107,53.503117801333175,-14.757316626019316,58.461851529026774,-2.4150029778190207,54.28017516036704,0.7881037638438667
PedNYC10,PedNYC10_scenario7,7,81.0,-2.5295376197277433,53.44832312744515,-16.015626152452842,58.46103107469252,-2.419677318184543,54.13106105884797,0.6915203314663739
PedNYC10,PedNYC10_scenario7,7,82.0,-2.4825270395036143,53.36215208774315,-17.215749247973744,58.460980441317666,-2.4217138474320294,53.98588990119725,0.6266953839485622
PedNYC10,PedNYC10_scenario7,7,83.0,-2.417468551652834,53.247142902816584,-18.421913501670566,58.46168534241475,-2.416448032790178,53.8554228040764,0.6082807573278946
PedNYC10,PedNYC10_scenario7,7,84.0,-2.3277504057252965,53.115624679396234,-19.672207984000647,58.46313623486787,-2.401326535180318,53.73853539473803,0.6272409474143167
PedNYC10,PedNYC10_scenario7,7,85.0,-2.2319547983937706,53.01451148301248,-20.901419656138497,58.46528919949519,-2.3882335614430015,53.622922337058654,0.6281614594205825
PedNYC10,PedNYC10_scenario7,7,86.0,-2.148550576869676,52.918134180456654,-21.971902968700068,58.46781876287605,-2.3730247323670524,53.51437246562652,0.6370939798715451
PedNYC10,PedNYC10_scenario7,7,87.0,-2.0779173228769685,52.811800171867105,-22.661173916457145,58.47136146289664,-2.3560070565428965,53.41362143574351,0.662965107395689
PedNYC10,PedNYC10_scenario7,7,88.0,-2.010741810297276,52.691397414591435,-22.998939197178128,58.47372517514031,-2.346549734106968,53.308988712921284,0.7029836224736138
PedNYC10,PedNYC10_scenario7,7,89.0,-1.964260270319881,52.591306618197166,-23.051617575552413,58.47411170455523,-2.345545922200913,53.1990945984884,0.7174851756774087
PedNYC10,PedNYC10_scenario7,7,90.0,-1.9226972130730606,52.51740378648206,-23.054919944593518,58.47414174078834,-2.342508721773835,53.09239776554801,0.711940853441989
PedNYC10,PedNYC10_scenario7,7,91.0,-1.8538144906932537,52.46050889888869,-23.06424621984693,58.47420465875522,-2.3279039841640072,53.000645687088635,0.7186853259850988
PedNYC10,PedNYC10_scenario7,7,92.0,-1.7869702137487253,52.417013645958484,-23.074954560594605,58.47430694633357,-2.3174661549219384,52.903490603800336,0.7197817545008458
PedNYC10,PedNYC10_scenario7,7,93.0,-1.7675598243611816,52.38218787388035,-23.085413696353864,58.474386294692636,-2.3121221130082104,52.81277449724459,0.694228295618026
PedNYC10,PedNYC10_scenario7,7,94.0,-1.7749697501531705,52.34273562292938,-23.095426786141616,58.47444896145909,-2.2979602575939535,52.73566537135801,0.6541504858007465
PedNYC10,PedNYC10_scenario7,7,95.0,-1.795753472287756,52.26359979524279,-23.105077891336506,58.474501311774446,-2.2809311975388096,52.676771167182345,0.6372660415165717
PedNYC10,PedNYC10_scenario7,7,96.0,-1.8099810901336093,52.20991043878437,-23.114060451769443,58.474555678344466,-2.262184356888782,52.629616521065046,0.6169610927501374
PedNYC10,PedNYC10_scenario7,7,97.0,-1.805562875715411,52.16542864237068,-23.122579478180548,58.47460927842694,-2.243680630893629,52.58158742277772,0.6042642616540217
PedNYC10,PedNYC10_scenario7,7,98.0,-1.7753596421388707,52.09349673983848,-23.130453873187296,58.474662618378325,-2.220235810599497,52.52867242029464,0.6223284326822061
PedNYC10,PedNYC10_scenario7,7,99.0,-1.72644927796986,52.01349521308742,-23.138003430000197,58.47471628574849,-2.1944083224174116,52.4889274365392,0.6670992927417715
PedNYC10,PedNYC10_scenario7,7,100.0,,,,,-2.202244071733384,52.49667485555013,
PedNYC11,PedNYC11_scenario7,7,0.0,-1.8443481922149656,69.98268127441406,47.85704040527344,58.4454460144043,-1.7987583564675373,70.12958791981573,0.15381806001458295
PedNYC11,PedNYC11_scenario7,7,1.0,-1.870332312914419,69.88592226872818,46.20272009024647,58.44577631527113,-1.8044872955447269,70.0647341920194,0.19054991530704102
PedNYC11,PedNYC11_scenario7,7,2.0,-1.9421632122192456,69.77383617013086,44.52202635536509,58.44770063989113,-1.8135075132234157,69.98504923884316,0.24731204839022924
PedNYC11,PedNYC11_scenario7,7,3.0,-1.9913742937911736,69.66359046453545,42.81820627839784,58.45130718853739,-1.8151326907762673,69.89108624097307,0.28777670324440774
PedNYC11,PedNYC11_scenario7,7,4.0,-1.9764327788972493,69.55243755944917,41.10069767743141,58.45659293244365,-1.7891769726512223,69.78299891380624,0.29702403117561615
PedNYC11,PedNYC11_scenario7,7,5.0,-1.9015748834838158,69.39453823537694,39.39179705489349,58.461857342769555,-1.7366350850065908,69.65531823803282,0.30856335963122256
PedNYC11,PedNYC11_scenario7,7,6.0,-1.8115446924094312,69.22551891561562,37.71764659721645,58.46380372540901,-1.6920554512913224,69.51981095759781,0.3176247545721648
PedNYC11,PedNYC11_scenario7,7,7.0,-1.7794723281019917,69.05310157120894,36.09000453276233,58.46196828014594,-1.6747214486460915,69.38004988468087,0.34331901553646066
PedNYC11,PedNYC11_scenario7,7,8.0,-1.8025977423344601,68.81838838294061,34.519852823173196,58.45688415649154,-1.6684897381483927,69.21820662499455,0.421710307516751
PedNYC11,PedNYC11_scenario7,7,9.0,-1.7993259345376271,68.62030507137585,33.02190795589321,58.45178528198107,-1.663795592994915,69.05173078195773,0.45221302195952023
PedNYC11,PedNYC11_scenario7,7,10.0,-1.739091199051234,68.4254377687521,31.60181507070899,58.44867032988099,-1.6452506459833909,68.88753958556255,0.4715338147997377
PedNYC11,PedNYC11_scenario7,7,11.0,-1.63770486511483,68.23355602194493,30.251858180169837,58.4479728806722,-1.624003297740102,68.70632859986135,0.47297108091114604
PedNYC11,PedNYC11_scenario7,7,12.0,-1.5530207223338748,68.01549904164702,28.940624348843247,58.44953555840365,-1.6071961942375586,68.52756931387593,0.5149280973656204
PedNYC11,PedNYC11_scenario7,7,13.0,-1.5291819088650365,67.79929419138415,27.63769182920978,58.45318834021005,-1.6012667235446376,68.33900339191803,0.5445018288750827
PedNYC11,PedNYC11_scenario7,7,14.0,-1.5273664877633977,67.56766418061255,26.327999653945568,58.45713875622957,-1.5995097853220477,68.15482363782705,0.591574917976632
PedNYC11,PedNYC11_scenario7,7,15.0,-1.4828580173035362,67.3404950986284,25.002341200698552,58.460753122067054,-1.5974975052463378,67.96434182820765,0.6342924831672855
PedNYC11,PedNYC11_scenario7,7,16.0,-1.4005315333366712,67.11835707413371,23.652914976905375,58.46392799934025,-1.5903727079915044,67.77781012651347,0.6862346536625132
PedNYC11,PedNYC11_scenario7,7,17.0,-1.36213481728481,66.90505080170506,22.275045502676257,58.4648850279088,-1.5802431883294858,67.57847148321807,0.7078606330410006
PedNYC11,PedNYC11_scenario7,7,18.0,-1.3932627310603667,66.66864991072313,20.86772711471633,58.46152826604947,-1.5794076855243375,67.37789560033887,0.7332662492648236
PedNYC11,PedNYC11_scenario7,7,19.0,-1.4477531635401195,66.43668377851293,19.430449971440034,58.45368146692042,-1.5818540068375722,67.16943870510187,0.74492470667407
PedNYC11,PedNYC11_scenario7,7,20.0,-1.453353525057455,66.199395164612,17.96530730454076,58.44102973536662,-1.5769150128696352,66.96860760253605,0.7790733058752726
PedNYC11,PedNYC11_scenario7,7,21.0,-1.4108788200291826,65.96612276486842,16.47703189198511,58.42329735233573,-1.5666988025464168,66.77769326555389,0.8263936982664779
PedNYC11,PedNYC11_scenario7,7,22.0,-1.3929880643066714,65.74641959170916,14.972949205470274,58.40069731100387,-1.5618601393057432,66.57315760707064,0.8438089379464639
PedNYC11,PedNYC11_scenario7,7,23.0,-1.4280426958545847,65.50614704813019,13.464778964511494,58.37374971188442,-1.5702201131748015,66.36136525993687,0.8669559434029355
PedNYC11,PedNYC11_scenario7,7,24.0,-1.485404321364924,65.31565059179803,11.980061602458639,58.343219046710956,-1.5889873941493413,66.14754934562262,0.8383227240045246
PedNYC11,PedNYC11_scenario7,7,25.0,-1.502753467089577,65.06337886441666,10.552897896728693,58.311361881902094,-1.5983587235658678,65.92468469896315,0.866595699094863
PedNYC11,PedNYC11_scenario7,7,26.0,-1.4676243896051258,64.837831320372,9.19595715140638,58.281341293183644,-1.6106631409790304,65.68843563943499,0.8625472694311909
PedNYC11,PedNYC11_scenario7,7,27.0,-1.4252251917590506,64.57897630428083,7.9099673828421935,58.25658188199061,-1.6178168090056293,65.46057403118412,0.9023890974046107
PedNYC11,PedNYC11_scenario7,7,28.0,-1.4405292098896367,64.32465989872625,6.693049149800204,58.23760739588865,-1.6273598023634792,65.21168667794487,0.9064889284128502
PedNYC11,PedNYC11_scenario7,7,29.0,-1.4986979748154077,64.05676721459982,5.526091611452691,58.22430328393112,-1.6378621832140166,64.9576700068143,0.9115879101430974
PedNYC11,PedNYC11_scenario7,7,30.0,-1.5161964484137718,63.81511681175468,4.3637744215176895,58.217286422238786,-1.6460094969998118,64.71534507392381,0.9095396371743593
PedNYC11,PedNYC11_scenario7,7,31.0,-1.497224083173487,63.551768257962785,3.1752482233079466,58.21566746073878,-1.6595010611412317,64.45652561218063,0.919195130312174
PedNYC11,PedNYC11_scenario7,7,32.0,-1.5397211285793013,63.2355715968202,1.9460404289594897,58.2172443991394,-1.6803209848633058,64.20696325026942,0.9815141690153537
PedNYC11,PedNYC11_scenario7,7,33.0,-1.6175592015783897,62.95966807432257,0.6706228585368231,58.22035722790467,-1.7027411981139662,63.94745916580432,0.9914571160390582
PedNYC11,PedNYC11_scenario7,7,34.0,-1.6803561614016918,62.67601963729097,-0.6537960975910568,58.22179781154569,-1.7314314752423385,63.679596831623236,1.004876048409824
PedNYC11,PedNYC11_scenario7,7,35.0,-1.6891384362046329,62.418086243306945,-2.0290392816491285,58.22045525350332,-1.7623378897891215,63.427240191446934,1.0118052436371316
PedNYC11,PedNYC11_scenario7,7,36.0,-1.6856180707537052,62.18444481975718,-3.4528742999652846,58.21643192725971,-1.7707294303380474,63.17452065580717,0.9937273794458823
PedNYC11,PedNYC11_scenario7,7,37.0,-1.7261088275189889,61.994278797727006,-4.9236849003386425,58.21191507854201,-1.7894204809177605,62.9212609852302,0.9291417229918639
PedNYC11,PedNYC11_scenario7,7,38.0,-1.8041227669381201,61.78772676545181,-6.439090911834053,58.20895650805064,-1.8274121214029475,62.676255534174345,0.8888339366152579
PedNYC11,PedNYC11_scenario7,7,39.0,-1.855879860357442,61.59726707413162,-7.994094718407626,58.207907809500355,-1.8667239833615077,62.435007495273055,0.8378106040257266
PedNYC11,PedNYC11_scenario7,7,40.0,-1.8452500922318007,61.397034800430845,-9.55409186904683,58.211482863573906,-1.8982154123512582,62.19529549440148,0.8000159127628856
PedNYC11,PedNYC11_scenario7,7,41.0,-1.7909161505494102,61.2077597859448,-11.071045111913483,58.22042862291952,-1.9219389665338193,61.96765729282138,0.7711103677591953
PedNYC11,PedNYC11_scenario7,7,42.0,-1.804844996611456,60.99645266040081,-12.519064826472697,58.2342387321257,-1.9555172824774003,61.72462815237138,0.7436004873819322
PedNYC11,PedNYC11_scenario7,7,43.0,-1.8643260631065657,60.81195897033981,-13.892619944102893,58.25104970721777,-1.986408654799358,61.48789631599653,0.6868736815804503
PedNYC11,PedNYC11_scenario7,7,44.0,-1.9035352862898265,60.6175030892971,-15.192973956828837,58.267436701813445,-2.0172820479248297,61.25086573581006,0.6434955848957684
PedNYC11,PedNYC11_scenario7,7,45.0,-1.8780714243929941,60.45436710341165,-16.422262921800787,58.28299490363484,-2.0469220365489775,61.01316575639532,0.5837520567859377
PedNYC11,PedNYC11_scenario7,7,46.0,-1.8170117578071456,60.33262612237958,-17.586313867103378,58.29772651848499,-2.0634461788823915,60.78531909504752,0.5154229829893382
PedNYC11,PedNYC11_scenario7,7,47.0,-1.7811066448687685,60.26018729888663,-18.70611954910923,58.31162373176699,-2.0878602811506726,60.574530428674755,0.4392145223204334
PedNYC11,PedNYC11_scenario7,7,48.0,-1.846651890958879,60.20643806562358,-19.81432483254658,58.32479863881572,-2.124839174245565,60.37243221107186,0.32394786757367566
PedNYC11,PedNYC11_scenario7,7,49.0,-2.009808310617268,60.13428083704474,-20.88833536959529,58.33710755144536,-2.1630685110140933,60.17522842371259,0.15863604218334482
PedNYC11,PedNYC11_scenario7,7,50.0,-2.0903337526562416,60.13359638678848,-21.91212100968608,58.34840544015467,-2.1903117353644093,59.99391684962363,0.1717730192113477
PedNYC11,PedNYC11_scenario7,7,51.0,-2.045241785357429,60.08460856533725,-22.88292853525968,58.358724191116195,-2.2144874802290047,59.84895476035874,0.29013241982483234
PedNYC11,PedNYC11_scenario7,7,52.0,-1.9626534351541247,59.99141198856141,-23.762217453464967,58.36774670510627,-2.248021514000097,59.683057567408575,0.4201397261254177
PedNYC11,PedNYC11_scenario7,7,53.0,-1.9089975094814449,59.900133154961374,-24.454054031533577,58.37460498388353,-2.277587970422157,59.52632988763707,0.5249645802897684
PedNYC11,PedNYC11_scenario7,7,54.0,-1.931823242537469,59.78292695056688,-24.97334947539539,58.37946848673441,-2.301592656893684,59.3659782357695,0.5572931459873965
PedNYC11,PedNYC11_scenario7,7,55.0,-1.981423055165486,59.650718446648,-25.33869299728386,58.382707170383156,-2.3187361063245047,59.20312763019762,0.560461982165538
PedNYC11,PedNYC11_scenario7,7,56.0,-1.9984131806331706,59.49727227752031,-25.569623037217852,58.384698159942786,-2.335983135285132,59.03468440388436,0.5726613441806195
PedNYC11,PedNYC11_scenario7,7,57.0,-1.9656608575731846,59.32696464971459,-25.68184005535732,58.385665249134526,-2.3478834376586577,58.85606527571749,0.6064984098561643
PedNYC11,PedNYC11_scenario7,7,58.0,-1.9160851930604188,59.142336318922105,-25.692557629819493,58.38575744628906,-2.356572341355403,58.67640959408112,0.6411837807790312
PedNYC11,PedNYC11_scenario7,7,59.0,-1.921863739643696,58.98114277054594,-25.692765745253872,58.38576126098633,-2.3641466241838485,58.48902231670298,0.6616620671065833
PedNYC11,PedNYC11_scenario7,7,60.0,-1.9784579461462877,58.79320243536386,-25.69281562234237,58.385763010037685,-2.3742515033485385,58.299816905202135,0.6325202141400519
PedNYC11,PedNYC11_scenario7,7,61.0,-2.0308241326099252,58.60628878086027,-25.69282531738281,58.38576126098633,-2.377963886139109,58.10713509211997,0.6079970505383647
PedNYC11,PedNYC11_scenario7,7,62.0,-2.036708069410135,58.42821770242912,-25.69282531738281,58.38576263228486,-2.3804198148149536,57.89689128640748,0.6328076518908647
PedNYC11,PedNYC11_scenario7,7,63.0,-1.9895871316632239,58.23752735308742,-25.69282531738281,58.38575877012427,-2.3849380150197503,57.68907474822599,0.6760936183326057
PedNYC11,PedNYC11_scenario7,7,64.0,-1.94963943779541,58.05142935755859,-25.69282531738281,58.38576126098633,-2.3850501616211113,57.48117908866655,0.7174732521800822
PedNYC11,PedNYC11_scenario7,7,65.0,-1.9597581255268235,57.86517365441294,-25.69282531738281,58.38575965471928,-2.3858143160856677,57.27315433712882,0.7293906700466282
PedNYC11,PedNYC11_scenario7,7,66.0,-2.0009988868464332,57.693103919231845,-25.69282531738281,58.38576126098633,-2.3926217581637808,57.06570983848314,0.7395889438717699
PedNYC11,PedNYC11_scenario7,7,67.0,-2.026162041108791,57.50006045834215,-25.69282531738281,58.38576126098633,-2.398558797595679,56.85803245375493,0.7422124378614244
PedNYC11,PedNYC11_scenario7,7,68.0,-2.0060441230756454,57.31650181844199,-25.69282531738281,58.38576126098633,-2.4077036072231186,56.641970697922915,0.785062146428126
PedNYC11,PedNYC11_scenario7,7,69.0,-1.9489959950697084,57.122893241444196,-25.69282531738281,58.38576126098633,-2.415015727919912,56.43009099250135,0.834954697900456
PedNYC11,PedNYC11_scenario7,7,70.0,-1.9301835973247046,56.938960879436756,-25.69282531738281,58.38575744628906,-2.422020393678583,56.214470375648766,0.8756654180259845
PedNYC11,PedNYC11_scenario7,7,71.0,-1.9614513308810797,56.74944178039142,-25.69282531738281,58.38575826312435,-2.4269724397469417,56.008479002045576,0.8750632786797177
PedNYC11,PedNYC11_scenario7,7,72.0,-2.0199192822253744,56.555224937897435,-25.69282531738281,58.38576126098633,-2.4299435337046402,55.79825016558253,0.860889477646425
PedNYC11,PedNYC11_scenario7,7,73.0,-2.037714123079498,56.36253196413954,-25.69282531738281,58.38576424147004,-2.429735116082203,55.60030893962585,0.8571256605968761
PedNYC11,PedNYC11_scenario7,7,74.0,-2.0144038103819115,56.207623740639825,-25.69282531738281,58.385761306237754,-2.4283082050858154,55.397561281777115,0.9096801829290911
PedNYC11,PedNYC11_scenario7,7,75.0,-1.969103512140122,56.018473398452024,-25.69282531738281,58.38576126098633,-2.421824706729757,55.212276096887436,0.924613740477984
PedNYC11,PedNYC11_scenario7,7,76.0,-1.965597993804715,55.85065746775957,-25.69282531738281,58.3857650756836,-2.4286736214789655,55.021437951914315,0.9497599920003666
PedNYC11,PedNYC11_scenario7,7,77.0,-2.0132666817151716,55.68175413159209,-25.69282531738281,58.3857650756836,-2.4301330616127985,54.82563005956742,0.9522216156909352
PedNYC11,PedNYC11_scenario7,7,78.0,-2.0907370897845725,55.47929255102584,-25.69282531738281,58.385757731618334,-2.4192704527393323,54.63361400676902,0.907252098807547
PedNYC11,PedNYC11_scenario7,7,79.0,-2.111977925166604,55.31243349921615,-25.69282531738281,58.385762965695974,-2.4121458929481774,54.450150393267315,0.9130350287293947
PedNYC11,PedNYC11_scenario7,7,80.0,-2.0792082820293736,55.1084924931837,-25.69282531738281,58.38576126098633,-2.4150029778190207,54.28017516036704,0.8937939816115158
PedNYC11,PedNYC11_scenario7,7,81.0,-2.061445587762907,55.00331485814586,-25.69282646248765,58.38576126098633,-2.419677318184543,54.13106105884797,0.9429510395935149
PedNYC11,PedNYC11_scenario7,7,82.0,-2.085981102468005,54.74719537160473,-25.69282531738281,58.38576126098633,-2.4217138474320294,53.98588990119725,0.8320471713271078
PedNYC11,PedNYC11_scenario7,7,83.0,-2.163203104000232,54.571634278817214,-25.692826469365404,58.38576126098633,-2.416448032790178,53.8554228040764,0.7596656307272566
PedNYC11,PedNYC11_scenario7,7,84.0,-2.2194036350448325,54.417438061586694,-25.69282531738281,58.3857650756836,-2.401326535180318,53.73853539473803,0.7028547308284508
PedNYC11,PedNYC11_scenario7,7,85.0,-2.216599030676778,54.243921430489095,-25.69282531738281,58.38575880627848,-2.3882335614430015,53.622922337058654,0.6442812167002635
PedNYC11,PedNYC11_scenario7,7,86.0,-2.170116294725088,54.07375472770653,-25.69282531738281,58.38575820886832,-2.3730247323670524,53.51437246562652,0.5950465101116453
PedNYC11,PedNYC11_scenario7,7,87.0,-2.1375690924819373,53.90342189534914,-25.69282531738281,58.38575844065258,-2.3560070565428965,53.41362143574351,0.5363018127630987
PedNYC11,PedNYC11_scenario7,7,88.0,-2.1376110795362786,53.73422293246667,-25.69282531738281,58.38576126098633,-2.346549734106968,53.308988712921284,0.4737926791817123
PedNYC11,PedNYC11_scenario7,7,89.0,-2.1769437345208726,53.56373360222657,-25.69282531738281,58.385760402077636,-2.345545922200913,53.1990945984884,0.40173162775372834
PedNYC11,PedNYC11_scenario7,7,90.0,-2.2030281280188433,53.39493727664695,-25.69282531738281,58.38576126098633,-2.342508721773835,53.09239776554801,0.33314410066851247
PedNYC11,PedNYC11_scenario7,7,91.0,-2.1803091995067403,53.23661562381918,-25.69282531738281,58.38576126098633,-2.3279039841640072,53.000645687088635,0.2783272022254452
PedNYC11,PedNYC11_scenario7,7,92.0,-2.1262446664037995,53.081365293183794,-25.69282531738281,58.38575921097797,-2.3174661549219384,52.903490603800336,0.26116099018489414
PedNYC11,PedNYC11_scenario7,7,93.0,-2.1428971030346724,52.95823595297829,-25.69282521041521,58.38576126098633,-2.3121221130082104,52.81277449724459,0.2231504853338031
PedNYC11,PedNYC11_scenario7,7,94.0,-2.220431513138055,52.92355061896406,-25.69282531738281,58.38576126098633,-2.2979602575939535,52.73566537135801,0.20325248457249837
PedNYC11,PedNYC11_scenario7,7,95.0,-2.28631602688085,52.889615488620244,-25.69282531738281,58.385763442797646,-2.2809311975388096,52.676771167182345,0.2129124269633
PedNYC11,PedNYC11_scenario7,7,96.0,-2.3164591540917545,52.83358885424177,-25.69282531738281,58.38576126098633,-2.262184356888782,52.629616521065046,0.2110698138365112
PedNYC11,PedNYC11_scenario7,7,97.0,-2.322660499038353,52.802301646532655,-25.69282531738281,58.38576126098633,-2.243680630893629,52.58158742277772,0.23441968377228944
PedNYC11,PedNYC11_scenario7,7,98.0,-2.3093779275678354,52.628857006322626,-25.69282531738281,58.38576282534677,-2.220235810599497,52.52867242029464,0.13410170877060368
PedNYC11,PedNYC11_scenario7,7,99.0,-2.2837185378661498,52.53242531562155,-25.69282531738281,58.38575744628906,-2.1944083224174116,52.4889274365392,0.09933972049569578
PedNYC11,PedNYC11_scenario7,7,100.0,-2.2515101432800297,52.4855842590332,-25.69282531738281,58.38576126098633,-2.202244071733384,52.49667485555013,0.050498981541616715
PedNYC12,PedNYC12_scenario7,7,0.0,-1.9198505878448489,70.24815368652344,60.36507415771485,58.176414489746094,-1.7987583564675373,70.12958791981573,0.16947321185049272
PedNYC12,PedNYC12_scenario7,7,1.0,-1.9377209863405176,70.16403328259774,59.23729512610847,58.184892975658755,-1.8044872955447269,70.0647341920194,0.16616716207709045
PedNYC12,PedNYC12_scenario7,7,2.0,-1.937719558613291,70.08011834978201,58.096282099386706,58.19375333040508,-1.8135075132234157,69.98504923884316,0.15641856691147654
PedNYC12,PedNYC12_scenario7,7,3.0,-1.9093197544402916,70.02729691899036,56.94353289955197,58.20299586447498,-1.8151326907762673,69.89108624097307,0.1656035982929762
PedNYC12,PedNYC12_scenario7,7,4.0,-1.8426649468070775,70.00252666480888,55.778529936282695,58.21263217428518,-1.7891769726512223,69.78299891380624,0.22594998747416745
PedNYC12,PedNYC12_scenario7,7,5.0,-1.7318146341835978,70.00921573885348,54.59697916669107,58.222298309091165,-1.7366350850065908,69.65531823803282,0.35393032906668137
PedNYC12,PedNYC12_scenario7,7,6.0,-1.611878319636504,70.01742134090884,53.3980388211927,58.23134141007937,-1.6920554512913224,69.51981095759781,0.5040282393074236
PedNYC12,PedNYC12_scenario7,7,7.0,-1.4831123602454552,69.97224484356808,52.17902191767347,58.23999594353313,-1.6747214486460915,69.38004988468087,0.6224218120287411
PedNYC12,PedNYC12_scenario7,7,8.0,-1.4193297939532628,69.83846615515644,50.93606027287177,58.24840627818132,-1.6684897381483927,69.21820662499455,0.6684329155180548
PedNYC12,PedNYC12_scenario7,7,9.0,-1.3959183323750772,69.62513510667837,49.664086975633964,58.25664763602705,-1.663795592994915,69.05173078195773,0.6328907854958258
PedNYC12,PedNYC12_scenario7,7,10.0,-1.3849635463256569,69.40342378233666,48.35900676919658,58.26471592742118,-1.6452506459833909,68.88753958556255,0.5778285894013063
PedNYC12,PedNYC12_scenario7,7,11.0,-1.3623597595078003,69.18858034608981,47.01905540360489,58.27259825645946,-1.624003297740102,68.70632859986135,0.5486566210655929
PedNYC12,PedNYC12_scenario7,7,12.0,-1.3083387779191333,68.98761947774062,45.65146616857586,58.280232313453716,-1.6071961942375586,68.52756931387593,0.5485999531174384
PedNYC12,PedNYC12_scenario7,7,13.0,-1.2690505687492484,68.7734254619196,44.26249565508543,58.28755995208084,-1.6012667235446376,68.33900339191803,0.5468913131614785
PedNYC12,PedNYC12_scenario7,7,14.0,-1.2643020296445957,68.56208680085025,42.861723127570684,58.2945083942739,-1.5995097853220477,68.15482363782705,0.527472770313291
PedNYC12,PedNYC12_scenario7,7,15.0,-1.2927108324750145,68.306291609871,41.46436330575614,58.300991701379374,-1.5974975052463378,67.96434182820765,0.45806611867570296
PedNYC12,PedNYC12_scenario7,7,16.0,-1.2711653688848565,68.04871294917118,40.0841274867092,58.306963907873,-1.5903727079915044,67.77781012651347,0.4186665315778866
PedNYC12,PedNYC12_scenario7,7,17.0,-1.208128195534861,67.75220888923866,38.7230889488439,58.312488976889725,-1.5802431883294858,67.57847148321807,0.4106753634116707
PedNYC12,PedNYC12_scenario7,7,18.0,-1.1082442313391412,67.4675468077436,37.38017980706386,58.31835093532487,-1.5794076855243375,67.37789560033887,0.47961686745656806
PedNYC12,PedNYC12_scenario7,7,19.0,-1.072778497618223,67.23711982156463,36.0531772155429,58.32473513765894,-1.5818540068375722,67.16943870510187,0.5135548730297337
PedNYC12,PedNYC12_scenario7,7,20.0,-1.0766796418050473,66.93723536933007,34.740986936152,58.331675531508495,-1.5769150128696352,66.96860760253605,0.5012181595677243
PedNYC12,PedNYC12_scenario7,7,21.0,-1.0758065359779656,66.71370196826236,33.44548560651642,58.339077892633384,-1.5666988025464168,66.77769326555389,0.4950455570003282
PedNYC12,PedNYC12_scenario7,7,22.0,-1.0477312743851748,66.38451138222607,32.16812772874114,58.346461159136666,-1.5618601393057432,66.57315760707064,0.5476457686247764
PedNYC12,PedNYC12_scenario7,7,23.0,-1.0508207024416725,66.11706508704091,30.906213541024492,58.353624823929266,-1.5702201131748015,66.36136525993687,0.5739846011409351
PedNYC12,PedNYC12_scenario7,7,24.0,-1.1259059334367674,65.85576893730133,29.659492219297107,58.360574458491286,-1.5889873941493413,66.14754934562262,0.5473392420938117
PedNYC12,PedNYC12_scenario7,7,25.0,-1.178215364269823,65.68983346425885,28.42897597205237,58.36727041933812,-1.5983587235658678,65.92468469896315,0.4813268585926791
PedNYC12,PedNYC12_scenario7,7,26.0,-1.3127530500388283,65.26539230257546,27.211732635442118,58.373799241050506,-1.6106631409790304,65.68843563943499,0.5174128787972311
PedNYC12,PedNYC12_scenario7,7,27.0,-1.334521720963579,65.02691180905815,26.010611379499057,58.38054052016099,-1.6178168090056293,65.46057403118412,0.5179952024951496
PedNYC12,PedNYC12_scenario7,7,28.0,-1.3192404137138156,64.71809358949446,24.82481571948919,58.38745240972024,-1.6273598023634792,65.21168667794487,0.5818691387484448
PedNYC12,PedNYC12_scenario7,7,29.0,-1.3233639324986066,64.45246250795292,23.65701696573664,58.39454618519804,-1.6378621832140166,64.9576700068143,0.595099795503935
PedNYC12,PedNYC12_scenario7,7,30.0,-1.3604160427689644,64.18252210227297,22.505968315199304,58.4011959417285,-1.6460094969998118,64.71534507392381,0.6045361364040563
PedNYC12,PedNYC12_scenario7,7,31.0,-1.4159618019206517,63.90466629335137,21.36646825614227,58.40664209308982,-1.6595010611412317,64.45652561218063,0.6032081552502436
PedNYC12,PedNYC12_scenario7,7,32.0,-1.4292540903530941,63.64266197942895,20.23179019933279,58.41041592508689,-1.6803209848633058,64.20696325026942,0.6176329895586664
PedNYC12,PedNYC12_scenario7,7,33.0,-1.4267250723126201,63.3803155517096,19.09733278187663,58.41220270657526,-1.7027411981139662,63.94745916580432,0.6307430385749832
PedNYC12,PedNYC12_scenario7,7,34.0,-1.4363600317927139,63.09610229356768,17.960756559157105,58.412183193210815,-1.7314314752423385,63.679596831623236,0.6538601017649794
PedNYC12,PedNYC12_scenario7,7,35.0,-1.507577914585352,62.85008423766857,16.818856286201314,58.41048794785297,-1.7623378897891215,63.427240191446934,0.6308816370347456
PedNYC12,PedNYC12_scenario7,7,36.0,-1.6437358867610121,62.58654745918307,15.671268758044341,58.40703439394664,-1.7707294303380474,63.17452065580717,0.6015312461199441
PedNYC12,PedNYC12_scenario7,7,37.0,-1.7500860113619618,62.346721152153364,14.517010059624488,58.40182485575279,-1.7894204809177605,62.9212609852302,0.5758847282982873
PedNYC12,PedNYC12_scenario7,7,38.0,-1.8214493043959754,62.107130017346314,13.355943810733995,58.394852177379654,-1.8274121214029475,62.676255534174345,0.5691567526538113
PedNYC12,PedNYC12_scenario7,7,39.0,-1.8820753707406093,61.89138315921205,12.189203949193482,58.38606920674549,-1.8667239833615077,62.435007495273055,0.5438410464945017
PedNYC12,PedNYC12_scenario7,7,40.0,-1.978428325679017,61.68623112745995,11.022188720785666,58.37561885825407,-1.8982154123512582,62.19529549440148,0.5153451670037348
PedNYC12,PedNYC12_scenario7,7,41.0,-2.126362941156548,61.50634205927734,9.860104218234245,58.364069399269184,-1.9219389665338193,61.96765729282138,0.504579930338443
PedNYC12,PedNYC12_scenario7,7,42.0,-2.2584655939232094,61.323414354504074,8.717561297662813,58.35159756862143,-1.9555172824774003,61.72462815237138,0.5027426687749659
PedNYC12,PedNYC12_scenario7,7,43.0,-2.2764980708649447,61.12820463305674,7.616668914445054,58.33855795577921,-1.986408654799358,61.48789631599653,0.46209303834761606
PedNYC12,PedNYC12_scenario7,7,44.0,-2.2517607817532834,60.99770518293827,6.556259395934648,58.324947841600334,-2.0172820479248297,61.25086573581006,0.3450659968008228
PedNYC12,PedNYC12_scenario7,7,45.0,-2.277075165184143,60.88103568587346,5.5217209740992335,58.31038572976867,-2.0469220365489775,61.01316575639532,0.2653842839292993
PedNYC12,PedNYC12_scenario7,7,46.0,-2.3259385066722476,60.800309698709206,4.490289552190698,58.291951499356855,-2.0634461788823915,60.78531909504752,0.26292002652266533
PedNYC12,PedNYC12_scenario7,7,47.0,-2.39411234423848,60.73527947245082,3.4575953406341737,58.264458831213595,-2.0878602811506726,60.574530428674755,0.34587654043091387
PedNYC12,PedNYC12_scenario7,7,48.0,-2.441047746851962,60.69642906206822,2.4568499930089627,58.22661156470022,-2.124839174245565,60.37243221107186,0.4527270931204933
PedNYC12,PedNYC12_scenario7,7,49.0,-2.4656243548479884,60.68383884789371,1.500046304176963,58.18197717624484,-2.1630685110140933,60.17522842371259,0.5917977713913263
PedNYC12,PedNYC12_scenario7,7,50.0,-2.4706187642071,60.68426573143248,0.5890350196074011,58.135830078937495,-2.1903117353644093,59.99391684962363,0.745086309787899
PedNYC12,PedNYC12_scenario7,7,51.0,-2.468766754937506,60.683816081084565,-0.2788346698611686,58.08973299121487,-2.2144874802290047,59.84895476035874,0.8727264029410108
PedNYC12,PedNYC12_scenario7,7,52.0,-2.4714707866381773,60.67786987575525,-1.106589996663297,58.05082762218728,-2.248021514000097,59.683057567408575,1.019598502490331
PedNYC12,PedNYC12_scenario7,7,53.0,-2.488555709702873,60.665722615500336,-1.9096385212592506,58.0224719909235,-2.277587970422157,59.52632988763707,1.1587593258847646
PedNYC12,PedNYC12_scenario7,7,54.0,-2.50562495654011,60.659426655421086,-2.707970018531618,58.00711618092615,-2.301592656893684,59.3659782357695,1.3094418633899727
PedNYC12,PedNYC12_scenario7,7,55.0,-2.5108821682929996,60.65804013824464,-3.516151893138881,58.003394302368164,-2.3187361063245047,59.20312763019762,1.4675457455226601
PedNYC12,PedNYC12_scenario7,7,56.0,-2.509398724253867,60.65738729519897,-4.348392644074785,58.00906375938799,-2.335983135285132,59.03468440388436,1.631942903406295
PedNYC12,PedNYC12_scenario7,7,57.0,-2.527177972863228,60.655406865295284,-5.213848968123186,58.02413374261211,-2.3478834376586577,58.85606527571749,1.8082523845798077
PedNYC12,PedNYC12_scenario7,7,58.0,-2.540049444425802,60.65940415132922,-6.116284097135626,58.04635462537503,-2.356572341355403,58.67640959408112,1.9914646021023539
PedNYC12,PedNYC12_scenario7,7,59.0,-2.5521534738583043,60.67415510961743,-7.056419123400219,58.07157067256254,-2.3641466241838485,58.48902231670298,2.193205849480305
PedNYC12,PedNYC12_scenario7,7,60.0,-2.531555563213712,60.68088357716112,-8.039368329694963,58.09149920851827,-2.3742515033485385,58.299816905202135,2.3862571243610553
PedNYC12,PedNYC12_scenario7,7,61.0,-2.478669356219871,60.67330322615308,-9.070197519903411,58.10743660915359,-2.377963886139109,58.10713509211997,2.5681433923811916
PedNYC12,PedNYC12_scenario7,7,62.0,-2.4252102455855202,60.66230448244211,-10.158476854685238,58.1220774838444,-2.3804198148149536,57.89689128640748,2.7657758997234527
PedNYC12,PedNYC12_scenario7,7,63.0,-2.3604388768825113,60.61640800239141,-11.30526714240244,58.13832954509958,-2.3849380150197503,57.68907474822599,2.927435770211221
PedNYC12,PedNYC12_scenario7,7,64.0,-2.2743520437051985,60.55861173044737,-12.511311380006944,58.16125055453043,-2.3850501616211113,57.48117908866655,3.0794229553616344
PedNYC12,PedNYC12_scenario7,7,65.0,-2.2521311904859496,60.507187435579226,-13.771510610650747,58.187298612488306,-2.3858143160856677,57.27315433712882,3.2367949054493437
PedNYC12,PedNYC12_scenario7,7,66.0,-2.2850007181302425,60.4106591185589,-15.089152247482154,58.21515799443611,-2.3926217581637808,57.06570983848314,3.34668014225101
PedNYC12,PedNYC12_scenario7,7,67.0,-2.3083368617246465,60.27074447716461,-16.463840411683613,58.2448799995532,-2.398558797595679,56.85803245375493,3.413904414660335
PedNYC12,PedNYC12_scenario7,7,68.0,-2.3416502757835254,60.126597292318095,-17.894292248219116,58.274390836547056,-2.4077036072231186,56.641970697922915,3.485252579793956
PedNYC12,PedNYC12_scenario7,7,69.0,-2.331692362167559,60.01135430952462,-19.381134196644993,58.30133382402072,-2.415015727919912,56.43009099250135,3.5822325062922458
PedNYC12,PedNYC12_scenario7,7,70.0,-2.2880366773357643,59.91070159378621,-20.92093440620679,58.32425010503947,-2.422020393678583,56.214470375648766,3.698658791261885
PedNYC12,PedNYC12_scenario7,7,71.0,-2.2524488085579284,59.78022993093234,-22.47546440262467,58.34194726298263,-2.4269724397469417,56.008479002045576,3.775786483290811
PedNYC12,PedNYC12_scenario7,7,72.0,-2.190024726295342,59.58463581498011,-23.97846890538827,58.35367665346296,-2.4299435337046402,55.79825016558253,3.7939790879909494
PedNYC12,PedNYC12_scenario7,7,73.0,-2.1240922368449118,59.3853308287015,-25.37220033469807,58.359570491629896,-2.429735116082203,55.60030893962585,3.7973422640592025
PedNYC12,PedNYC12_scenario7,7,74.0,-2.063101125215873,59.18415354218489,-26.521315439429976,58.36055405971983,-2.4283082050858154,55.397561281777115,3.804163135009745
PedNYC12,PedNYC12_scenario7,7,75.0,-1.9924606120200015,59.006862965364796,-27.361027887650536,58.35894706519572,-2.421824706729757,55.212276096887436,3.818801255400279
PedNYC12,PedNYC12_scenario7,7,76.0,-1.9251374726214572,58.812237401726705,-27.854165840231488,58.35698288774587,-2.4286736214789655,55.021437951914315,3.8240958567881336
PedNYC12,PedNYC12_scenario7,7,77.0,-1.9040846561024283,58.58530161216685,-28.001426287273446,58.356244800062136,-2.4301330616127985,54.82563005956742,3.7962951819326958
PedNYC12,PedNYC12_scenario7,7,78.0,-1.9218128236301832,58.33521774699477,-28.002265512291952,58.35624075980623,-2.4192704527393323,54.63361400676902,3.7348807668267208
PedNYC12,PedNYC12_scenario7,7,79.0,-1.9284102507823861,58.1042514911728,-28.002757543843696,58.356239318847656,-2.4121458929481774,54.450150393267315,3.6859808742335667
PedNYC12,PedNYC12_scenario7,7,80.0,-1.9045644095016,57.874799156643185,-28.00288045557596,58.35623550415039,-2.4150029778190207,54.28017516036704,3.630684399204955
PedNYC12,PedNYC12_scenario7,7,81.0,-1.856769259493314,57.63968483632094,-28.002900049207092,58.35623344802356,-2.419677318184543,54.13106105884797,3.553492126681614
PedNYC12,PedNYC12_scenario7,7,82.0,-1.8510469724017875,57.42126234227372,-28.00290298461914,58.35623466578879,-2.4217138474320294,53.98588990119725,3.4824480600813725
PedNYC12,PedNYC12_scenario7,7,83.0,-1.8835977986541979,57.22095779917198,-28.002901077270508,58.35623417211117,-2.416448032790178,53.8554228040764,3.407455821464421
PedNYC12,PedNYC12_scenario7,7,84.0,-1.9523012524876193,56.99042154392727,-28.002901001398612,58.35623550415039,-2.401326535180318,53.73853539473803,3.282740810936203
PedNYC12,PedNYC12_scenario7,7,85.0,-1.9811722575383948,56.77519649532438,-28.002899959876963,58.3562332693633,-2.3882335614430015,53.622922337058654,3.1784479347641375
PedNYC12,PedNYC12_scenario7,7,86.0,-1.9725352824259597,56.543470473740356,-28.002901077270508,58.35623292858148,-2.3730247323670524,53.51437246562652,3.0554584831532763
PedNYC12,PedNYC12_scenario7,7,87.0,-1.9487023229469345,56.3072836827062,-28.00290275777374,58.35623550415039,-2.3560070565428965,53.41362143574351,2.9221872536692186
PedNYC12,PedNYC12_scenario7,7,88.0,-1.9705307271363546,56.07402107978487,-28.002901162220994,58.35623550415039,-2.346549734106968,53.308988712921284,2.7904828047143404
PedNYC12,PedNYC12_scenario7,7,89.0,-2.035301965641532,55.885034926439175,-28.002901077270508,58.35623634437119,-2.345545922200913,53.1990945984884,2.703798579386773
PedNYC12,PedNYC12_scenario7,7,90.0,-2.130713835116012,55.69246021873398,-28.002901803663867,58.35623405136367,-2.342508721773835,53.09239776554801,2.6086743442756215
PedNYC12,PedNYC12_scenario7,7,91.0,-2.1748588218141633,55.56323993480638,-28.002901077270508,58.35623263031032,-2.3279039841640072,53.000645687088635,2.5671603183585514
PedNYC12,PedNYC12_scenario7,7,92.0,-2.189470777732677,55.43268430588398,-28.002901077270508,58.35623550415039,-2.3174661549219384,52.903490603800336,2.5324303740165095
PedNYC12,PedNYC12_scenario7,7,93.0,-2.165208464537491,55.2918655978687,-28.002901077270508,58.356236622532194,-2.3121221130082104,52.81277449724459,2.4834404171029836
PedNYC12,PedNYC12_scenario7,7,94.0,-2.130277782829715,55.15536368146829,-28.002901077270508,58.35623855551164,-2.2979602575939535,52.73566537135801,2.425501458316113
PedNYC12,PedNYC12_scenario7,7,95.0,-2.1223776620924037,55.03780287512864,-28.002899169921875,58.35623672641138,-2.2809311975388096,52.676771167182345,2.366349498601244
PedNYC12,PedNYC12_scenario7,7,96.0,-2.1328735652733273,54.967125061368996,-28.00290298461914,58.356239318847656,-2.262184356888782,52.629616521065046,2.3410825395150257
PedNYC12,PedNYC12_scenario7,7,97.0,-2.1526695017559336,54.94220205454893,-28.00290237393982,58.356239318847656,-2.243680630893629,52.58158742277772,2.362368401701823
PedNYC12,PedNYC12_scenario7,7,98.0,-2.147704087102412,54.947438654035444,-28.002901077270508,58.35623630475969,-2.220235810599497,52.52867242029464,2.4198534964741425
PedNYC12,PedNYC12_scenario7,7,99.0,-2.1743738088469446,54.95857728767418,-28.002901077270508,58.356239213748395,-2.1944083224174116,52.4889274365392,2.4697311126811035
PedNYC12,PedNYC12_scenario7,7,100.0,-2.2132122516632076,54.9658432006836,-28.002899169921875,58.356231689453125,-2.202244071733384,52.49667485555013,2.469192705638854
PedNYC13,PedNYC13_scenario7,7,0.0,-1.75003981590271,69.98153686523438,63.27280807495117,58.71041870117188,-1.7987583564675373,70.12958791981573,0.1558608705141197
PedNYC13,PedNYC13_scenario7,7,1.0,-1.795829431998812,69.88059129470678,62.215806952084094,58.77323353270487,-1.8044872955447269,70.0647341920194,0.18434631873695728
PedNYC13,PedNYC13_scenario7,7,2.0,-1.84106632688056,69.77609381944431,61.13609675196677,58.861803529584435,-1.8135075132234157,69.98504923884316,0.21076492949809633
PedNYC13,PedNYC13_scenario7,7,3.0,-1.831301680213298,69.69349300766571,60.04459386574857,58.93399083769053,-1.8151326907762673,69.89108624097307,0.198253681096395
PedNYC13,PedNYC13_scenario7,7,4.0,-1.7899402207942992,69.59231737878963,58.93876877179652,58.98173105138803,-1.7891769726512223,69.78299891380624,0.19068306255149664
PedNYC13,PedNYC13_scenario7,7,5.0,-1.7189696376286423,69.4265945549779,57.82657839616572,59.01175322752647,-1.7366350850065908,69.65531823803282,0.229404863116003
PedNYC13,PedNYC13_scenario7,7,6.0,-1.6423178389083017,69.23700557615147,56.69583197069349,59.01176324323946,-1.6920554512913224,69.51981095759781,0.2871458059254427
PedNYC13,PedNYC13_scenario7,7,7.0,-1.6140352088403984,69.06503525308055,55.54808894185585,58.99239498586348,-1.6747214486460915,69.38004988468087,0.32080685439067463
PedNYC13,PedNYC13_scenario7,7,8.0,-1.6094460469973733,68.88237231904075,54.38543549085895,58.96192190810328,-1.6684897381483927,69.21820662499455,0.3409851001439868
PedNYC13,PedNYC13_scenario7,7,9.0,-1.6147001258936404,68.61733141660002,53.20887019084247,58.929863853912096,-1.663795592994915,69.05173078195773,0.43716492713056243
PedNYC13,PedNYC13_scenario7,7,10.0,-1.6026202300287897,68.38415230216533,52.02602672727975,58.90039597818793,-1.6452506459833909,68.88753958556255,0.5051891818422997
PedNYC13,PedNYC13_scenario7,7,11.0,-1.5829892736355728,68.10548033471485,50.8285494267868,58.88354265749372,-1.624003297740102,68.70632859986135,0.6022464511334216
PedNYC13,PedNYC13_scenario7,7,12.0,-1.5745597756809182,67.86464728154901,49.61822501991561,58.87455389379741,-1.6071961942375586,68.52756931387593,0.6637249104566255
PedNYC13,PedNYC13_scenario7,7,13.0,-1.5973733331704099,67.55686042844782,48.40035959865753,58.86533466552512,-1.6012667235446376,68.33900339191803,0.7821526537668742
PedNYC13,PedNYC13_scenario7,7,14.0,-1.627977027504294,67.2742058900714,47.18692217375345,58.85039105489213,-1.5995097853220477,68.15482363782705,0.881077749996955
PedNYC13,PedNYC13_scenario7,7,15.0,-1.634663304875967,67.01810010636244,45.98723969149899,58.829911286342664,-1.5974975052463378,67.96434182820765,0.9469713262938327
PedNYC13,PedNYC13_scenario7,7,16.0,-1.6057613171431833,66.7497884876,44.80082250454232,58.80250377597923,-1.5903727079915044,67.77781012651347,1.0281368096542234
PedNYC13,PedNYC13_scenario7,7,17.0,-1.5762824991983033,66.49375633145182,43.630790945890304,58.772519203982746,-1.5802431883294858,67.57847148321807,1.0847223826996775
PedNYC13,PedNYC13_scenario7,7,18.0,-1.5613339083417093,66.2537655922008,42.492993180916216,58.74667285908047,-1.5794076855243375,67.37789560033887,1.1242752939641332
PedNYC13,PedNYC13_scenario7,7,19.0,-1.5619899526394905,65.93305057528019,41.401900054800514,58.72877908418179,-1.5818540068375722,67.16943870510187,1.2365476894212886
PedNYC13,PedNYC13_scenario7,7,20.0,-1.5431161292321778,65.66442518930926,40.362090857518126,58.71840358468795,-1.5769150128696352,66.96860760253605,1.3046203016606832
PedNYC13,PedNYC13_scenario7,7,21.0,-1.5065564659115973,65.37860521870867,39.37160978514142,58.71470512823498,-1.5666988025464168,66.77769326555389,1.4003801139265988
PedNYC13,PedNYC13_scenario7,7,22.0,-1.4820719125358042,65.09613518422809,38.42874919989208,58.71689569058857,-1.5618601393057432,66.57315760707064,1.4791759187840956
PedNYC13,PedNYC13_scenario7,7,23.0,-1.4910677954807559,64.81078201380433,37.53101612598815,58.72335943836805,-1.5702201131748015,66.36136525993687,1.5526021681626254
PedNYC13,PedNYC13_scenario7,7,24.0,-1.522541494521293,64.528240666725,36.676163947757615,58.72852374361929,-1.5889873941493413,66.14754934562262,1.6206713593849158
PedNYC13,PedNYC13_scenario7,7,25.0,-1.5386429044881487,64.26720924740006,35.862305312578584,58.73056310820725,-1.5983587235658678,65.92468469896315,1.6585508287605728
PedNYC13,PedNYC13_scenario7,7,26.0,-1.5392836766198474,63.99700350268599,35.08757080527586,58.73088149790462,-1.6106631409790304,65.68843563943499,1.6929375951757553
PedNYC13,PedNYC13_scenario7,7,27.0,-1.54568299327688,63.7759025717713,34.3498332441382,58.72970390927235,-1.6178168090056293,65.46057403118412,1.6862150555405824
PedNYC13,PedNYC13_scenario7,7,28.0,-1.5760195596985942,63.498612119428095,33.64733142438394,58.727448731175976,-1.6273598023634792,65.21168667794487,1.7138437103640245
PedNYC13,PedNYC13_scenario7,7,29.0,-1.6172634110916702,63.24148269819985,32.97864534579811,58.72661208109431,-1.6378621832140166,64.9576700068143,1.7163109239477086
PedNYC13,PedNYC13_scenario7,7,30.0,-1.6481243251919457,62.98133736571115,32.341766141926925,58.72903687096721,-1.6460094969998118,64.71534507392381,1.73400899785417
PedNYC13,PedNYC13_scenario7,7,31.0,-1.675715030749368,62.74093799961842,31.73550847606611,58.733315421896954,-1.6595010611412317,64.45652561218063,1.7156642297335916
PedNYC13,PedNYC13_scenario7,7,32.0,-1.7217133289219864,62.50750172197772,31.158122416023126,58.73888487583898,-1.6803209848633058,64.20696325026942,1.699965532677135
PedNYC13,PedNYC13_scenario7,7,33.0,-1.78077509992716,62.297921094687034,30.60161376117876,58.74564333887891,-1.7027411981139662,63.94745916580432,1.651382795688971
PedNYC13,PedNYC13_scenario7,7,34.0,-1.870210111912364,62.045764161529455,30.053131074370352,58.75362215219211,-1.7314314752423385,63.679596831623236,1.639716043667856
PedNYC13,PedNYC13_scenario7,7,35.0,-1.9341568123877046,61.836753715313684,29.501673228834555,58.762976795482224,-1.7623378897891215,63.427240191446934,1.599740282960238
PedNYC13,PedNYC13_scenario7,7,36.0,-1.9756545691799894,61.65360533496528,28.939813816701193,58.77338591868782,-1.7707294303380474,63.17452065580717,1.5346588303922768
PedNYC13,PedNYC13_scenario7,7,37.0,-2.0007374142556955,61.426260923971796,28.361424366509084,58.783796735304406,-1.7894204809177605,62.9212609852302,1.5098609305091562
PedNYC13,PedNYC13_scenario7,7,38.0,-1.9806548249567082,61.283977243915906,27.761786467870333,58.79465028383657,-1.8274121214029475,62.676255534174345,1.4006863188156824
PedNYC13,PedNYC13_scenario7,7,39.0,-2.007478839211383,61.172125660853574,27.140099013255128,58.806362696793244,-1.8667239833615077,62.435007495273055,1.270701561009521
PedNYC13,PedNYC13_scenario7,7,40.0,-2.0690688820606176,61.045813827624826,26.496751546415695,58.8189762702282,-1.8982154123512582,62.19529549440148,1.1621097238932974
PedNYC13,PedNYC13_scenario7,7,41.0,-2.0928847099153263,60.93095015231739,25.832629218228302,58.832530497558075,-1.9219389665338193,61.96765729282138,1.0507064967688198
PedNYC13,PedNYC13_scenario7,7,42.0,-2.09613612434414,60.7958029295263,25.149209471955302,58.84761432914058,-1.9555172824774003,61.72462815237138,0.9394093640586891
PedNYC13,PedNYC13_scenario7,7,43.0,-2.1498985000498494,60.62601307250212,24.440882714338585,58.86392283900164,-1.986408654799358,61.48789631599653,0.8772523325226761
PedNYC13,PedNYC13_scenario7,7,44.0,-2.190734341883138,60.438961928209636,23.726735215763345,58.87961595720052,-2.0172820479248297,61.25086573581006,0.8302249641365069
PedNYC13,PedNYC13_scenario7,7,45.0,-2.215992183044721,60.214453664493014,23.002343861714436,58.89613517583738,-2.0469220365489775,61.01316575639532,0.8164102646262139
PedNYC13,PedNYC13_scenario7,7,46.0,-2.2070133950134414,59.95195080368189,22.273047566119423,58.90965888825173,-2.0634461788823915,60.78531909504752,0.8456442837276734
PedNYC13,PedNYC13_scenario7,7,47.0,-2.1807362993582786,59.65159387993192,21.571331658365445,58.929084359511016,-2.0878602811506726,60.574530428674755,0.9275978804220234
PedNYC13,PedNYC13_scenario7,7,48.0,-2.184996477567793,59.37736362360731,20.90816999574313,58.949923485282596,-2.124839174245565,60.37243221107186,0.9968853469189425
PedNYC13,PedNYC13_scenario7,7,49.0,-2.1953826845695463,59.14517910852708,20.271660661094565,58.967405943728075,-2.1630685110140933,60.17522842371259,1.0305560622919578
PedNYC13,PedNYC13_scenario7,7,50.0,-2.183713142763368,58.862046397857426,19.663434727090873,58.98006105253374,-2.1903117353644093,59.99391684962363,1.1318896858818643
PedNYC13,PedNYC13_scenario7,7,51.0,-2.158720276723848,58.59883435644533,19.083612128402475,58.98856544352101,-2.2144874802290047,59.84895476035874,1.2513636582813985
PedNYC13,PedNYC13_scenario7,7,52.0,-2.1571791722881932,58.27136067098578,18.531508853527352,58.99693458019723,-2.248021514000097,59.683057567408575,1.4146167178488518
PedNYC13,PedNYC13_scenario7,7,53.0,-2.1811822471498963,57.98535329220003,18.006004760684185,59.00660936892779,-2.277587970422157,59.52632988763707,1.5439892911430344
PedNYC13,PedNYC13_scenario7,7,54.0,-2.210267851096982,57.70289453687091,17.506112231497486,59.016953074069434,-2.301592656893684,59.3659782357695,1.6655892680057764
PedNYC13,PedNYC13_scenario7,7,55.0,-2.236160476559447,57.41127536664642,17.049154800069953,59.026067660253084,-2.3187361063245047,59.20312763019762,1.7937539600025005
PedNYC13,PedNYC13_scenario7,7,56.0,-2.2414085446243015,57.16586535878039,16.656476795572107,59.03191427914743,-2.335983135285132,59.03468440388436,1.871210564458741
PedNYC13,PedNYC13_scenario7,7,57.0,-2.23536803135049,56.89607796882946,16.339729379910494,59.03415761700039,-2.3478834376586577,58.85606527571749,1.9632141910191283
PedNYC13,PedNYC13_scenario7,7,58.0,-2.247473911190253,56.606835114083935,16.09868177399919,59.034711326177906,-2.356572341355403,58.67640959408112,2.0724480682806323
PedNYC13,PedNYC13_scenario7,7,59.0,-2.2804109561093138,56.33231948916178,15.92998423571452,59.03397643701497,-2.3641466241838485,58.48902231670298,2.1583277666823633
PedNYC13,PedNYC13_scenario7,7,60.0,-2.30253187538426,56.072532431815375,15.828789479553532,59.03209487404113,-2.3742515033485385,58.299816905202135,2.228438877426319
PedNYC13,PedNYC13_scenario7,7,61.0,-2.304736044707068,55.846203140686264,15.81324200923263,59.03143009420251,-2.377963886139109,58.10713509211997,2.2621175048557083
PedNYC13,PedNYC13_scenario7,7,62.0,-2.285664637610176,55.60896878236071,15.812956149850995,59.0295948713525,-2.3804198148149536,57.89689128640748,2.2898838241558774
PedNYC13,PedNYC13_scenario7,7,63.0,-2.283457064337254,55.379104312754976,15.812957241862978,59.02741550193712,-2.3849380150197503,57.68907474822599,2.312198476796829
PedNYC13,PedNYC13_scenario7,7,64.0,-2.3030845911684534,55.122871829554306,15.807717170401142,59.02524480293942,-2.3850501616211113,57.48117908866655,2.3597312311195817
PedNYC13,PedNYC13_scenario7,7,65.0,-2.315436748838036,54.86370048948545,15.781609869923816,59.02294522976783,-2.3858143160856677,57.27315433712882,2.410481455206643
PedNYC13,PedNYC13_scenario7,7,66.0,-2.29292247520378,54.62605302799333,15.723507831026128,59.02037141597064,-2.3926217581637808,57.06570983848314,2.4416931215842914
PedNYC13,PedNYC13_scenario7,7,67.0,-2.254871962591962,54.3890265198269,15.623466614392232,59.01728568507962,-2.398558797595679,56.85803245375493,2.473183415827709
PedNYC13,PedNYC13_scenario7,7,68.0,-2.2342686167292825,54.14151963771694,15.477599581565128,59.01343887138623,-2.4077036072231186,56.641970697922915,2.5064586971288363
PedNYC13,PedNYC13_scenario7,7,69.0,-2.231325019539901,53.914222361542215,15.28496998959448,59.00870804376629,-2.415015727919912,56.43009099250135,2.5225656075886973
PedNYC13,PedNYC13_scenario7,7,70.0,-2.228765817407627,53.68748935717699,15.044933688061386,59.002977863230534,-2.422020393678583,56.214470375648766,2.5343599584444005
PedNYC13,PedNYC13_scenario7,7,71.0,-2.207585227299438,53.50778979612559,14.754949420694496,58.99621633632957,-2.4269724397469417,56.008479002045576,2.5102942563751767
PedNYC13,PedNYC13_scenario7,7,72.0,-2.1704660972816856,53.28787717322484,14.404797675699491,58.98752219321355,-2.4299435337046402,55.79825016558253,2.5237474320485243
PedNYC13,PedNYC13_scenario7,7,73.0,-2.148277886271739,53.06200916832844,13.978460824852828,58.973414451236465,-2.429735116082203,55.60030893962585,2.553856672012168
PedNYC13,PedNYC13_scenario7,7,74.0,-2.1528973720762714,52.84223048161458,13.487506020296129,58.957217585811804,-2.4283082050858154,55.397561281777115,2.5701296903460573
PedNYC13,PedNYC13_scenario7,7,75.0,-2.1661774817809722,52.666673155116186,12.931260763136521,58.940312328628686,-2.421824706729757,55.212276096887436,2.5584076768135406
PedNYC13,PedNYC13_scenario7,7,76.0,-2.1791469764043234,52.48914237534453,12.311236387089105,58.926933365020446,-2.4286736214789655,55.021437951914315,2.5445597720857567
PedNYC13,PedNYC13_scenario7,7,77.0,-2.1863617346585653,52.34033498057221,11.646993330716437,58.91938382674224,-2.4301330616127985,54.82563005956742,2.497221674085594
PedNYC13,PedNYC13_scenario7,7,78.0,-2.2051479642883667,52.18547346331599,10.933473772596784,58.91969906167923,-2.4192704527393323,54.63361400676902,2.457486634868837
PedNYC13,PedNYC13_scenario7,7,79.0,-2.2392200394675172,52.06077898387049,10.160946115320254,58.93088263310321,-2.4121458929481774,54.450150393267315,2.3956208136608295
PedNYC13,PedNYC13_scenario7,7,80.0,-2.2806150033612247,51.973697443377375,9.340956565380964,58.95612063377957,-2.4150029778190207,54.28017516036704,2.310389488083927
PedNYC13,PedNYC13_scenario7,7,81.0,-2.370562032858684,51.887040506882684,8.485958796213021,58.987198929487164,-2.419677318184543,54.13106105884797,2.244557985193348
PedNYC13,PedNYC13_scenario7,7,82.0,-2.429030589051098,51.830242356586496,7.575411053509363,59.023825250212845,-2.4217138474320294,53.98588990119725,2.155659961889695
PedNYC13,PedNYC13_scenario7,7,83.0,-2.4637604502192527,51.788468935268405,6.621812511381968,59.06164012487188,-2.416448032790178,53.8554228040764,2.0674952867233602
PedNYC13,PedNYC13_scenario7,7,84.0,-2.4757377622648575,51.757511176741176,5.626299613056296,59.09664826807337,-2.401326535180318,53.73853539473803,1.9824212425734027
PedNYC13,PedNYC13_scenario7,7,85.0,-2.478176247371244,51.69223835961358,4.588275328400598,59.12927709559843,-2.3882335614430015,53.622922337058654,1.9327778732992327
PedNYC13,PedNYC13_scenario7,7,86.0,-2.4846936686573287,51.64743600402261,3.509883544883099,59.1593050084301,-2.3730247323670524,53.51437246562652,1.8702731626685825
PedNYC13,PedNYC13_scenario7,7,87.0,-2.4701307066409974,51.63536261340413,2.397074600658321,59.18609123906286,-2.3560070565428965,53.41362143574351,1.7819171267877563
PedNYC13,PedNYC13_scenario7,7,88.0,-2.4294372575079013,51.64192906800588,1.2551924323263082,59.203933126732814,-2.346549734106968,53.308988712921284,1.6691189895393965
PedNYC13,PedNYC13_scenario7,7,89.0,-2.388163600412059,51.64599411589987,0.09326845261335603,59.201380896760526,-2.345545922200913,53.1990945984884,1.553685095350034
PedNYC13,PedNYC13_scenario7,7,90.0,-2.350615370709053,51.64198127331407,-1.0914372977121993,59.180693863503045,-2.342508721773835,53.09239776554801,1.4504391468452404
PedNYC13,PedNYC13_scenario7,7,91.0,-2.326378835520028,51.62551666944263,-2.2825998204614995,59.13742267965301,-2.3279039841640072,53.000645687088635,1.3751298634130698
PedNYC13,PedNYC13_scenario7,7,92.0,-2.3075172392218954,51.60803150151068,-3.4810522727562567,59.086940829917715,-2.3174661549219384,52.903490603800336,1.2954973047554847
PedNYC13,PedNYC13_scenario7,7,93.0,-2.2917164690797414,51.60634477621569,-4.700048209525863,59.01266262166275,-2.3121221130082104,52.81277449724459,1.206602279993701
PedNYC13,PedNYC13_scenario7,7,94.0,-2.2791023464465723,51.611772320301576,-5.930577509832384,58.94129516213209,-2.2979602575939535,52.73566537135801,1.1240512492879422
PedNYC13,PedNYC13_scenario7,7,95.0,-2.2714936052895283,51.61672824299632,-7.170916573011268,58.886600374968964,-2.2809311975388096,52.676771167182345,1.060084934929428
PedNYC13,PedNYC13_scenario7,7,96.0,-2.267485233421834,51.61911468969373,-8.425242979235223,58.84745113971958,-2.262184356888782,52.629616521065046,1.0105157349080713
PedNYC13,PedNYC13_scenario7,7,97.0,-2.2651591769834067,51.62185882079506,-9.689871600054603,58.83503132880908,-2.243680630893629,52.58158742277772,0.9599689148122058
PedNYC13,PedNYC13_scenario7,7,98.0,-2.267039273470382,51.63588753684276,-10.960500644764041,58.83157689161802,-2.220235810599497,52.52867242029464,0.8940108569010197
PedNYC13,PedNYC13_scenario7,7,99.0,-2.290251354536489,51.669678155134115,-12.239089076891345,58.826878681327415,-2.1944083224174116,52.4889274365392,0.8248365122183468
PedNYC13,PedNYC13_scenario7,7,100.0,-2.326688289642334,51.69831085205078,-13.525273323059082,58.81744384765625,-2.202244071733384,52.49667485555013,0.8080046073225589
PedNYC17,PedNYC17_scenario7,7,0.0,-1.6270503997802734,70.4635238647461,84.69000244140625,58.01000213623047,-1.7987583564675373,70.12958791981573,0.37549545630572917
PedNYC17,PedNYC17_scenario7,7,1.0,-1.664739641908246,70.36574734218232,84.68992139984779,58.009999762423895,-1.8044872955447269,70.0647341920194,0.331870943693334
PedNYC17,PedNYC17_scenario7,7,2.0,-1.699010585626916,70.27327646690051,84.68972931354894,58.0099983215332,-1.8135075132234157,69.98504923884316,0.31013623042569977
PedNYC17,PedNYC17_scenario7,7,3.0,-1.7278840484531879,70.19295050386657,84.68984095796836,58.01000160596032,-1.8151326907762673,69.89108624097307,0.3142202393218144
PedNYC17,PedNYC17_scenario7,7,4.0,-1.7062758543051106,70.10828851992476,84.68992614746094,58.0099983215332,-1.7891769726512223,69.78299891380624,0.3356872402576182
PedNYC17,PedNYC17_scenario7,7,5.0,-1.610432527378691,70.02011079071833,84.68986359090313,58.00999450683594,-1.7366350850065908,69.65531823803282,0.3860060777327701
PedNYC17,PedNYC17_scenario7,7,6.0,-1.4919084944613363,69.91775065728675,84.68977536918388,58.00999450683594,-1.6920554512913224,69.51981095759781,0.44543777221607833
PedNYC17,PedNYC17_scenario7,7,7.0,-1.4271560121555695,69.80792322697232,84.68950896028748,58.00999702297272,-1.6747214486460915,69.38004988468087,0.4943321174963222
PedNYC17,PedNYC17_scenario7,7,8.0,-1.4124952004935145,69.67050145908644,84.6699171488251,58.0100414825612,-1.6684897381483927,69.21820662499455,0.5197151337563134
PedNYC17,PedNYC17_scenario7,7,9.0,-1.4092904960708197,69.53802978252023,84.5911530767557,58.01059059938101,-1.663795592994915,69.05173078195773,0.5488711709576539
PedNYC17,PedNYC17_scenario7,7,10.0,-1.423911139161061,69.48033403317194,84.41502093884608,58.0120756448556,-1.6452506459833909,68.88753958556255,0.6327688633275796
PedNYC17,PedNYC17_scenario7,7,11.0,-1.4075342846453,69.4072242278318,84.10657059714177,58.015052921007886,-1.624003297740102,68.70632859986135,0.7335622093172015
PedNYC17,PedNYC17_scenario7,7,12.0,-1.3568587736453381,69.34958960222113,83.64859873050345,58.02197759944472,-1.6071961942375586,68.52756931387593,0.8592940000953647
PedNYC17,PedNYC17_scenario7,7,13.0,-1.260023980141318,69.20467548763558,83.02570516910384,58.03612297744317,-1.6012667235446376,68.33900339191803,0.9305024380566933
PedNYC17,PedNYC17_scenario7,7,14.0,-1.1598392158910629,69.11032549732454,82.22833143619305,58.05358374849023,-1.5995097853220477,68.15482363782705,1.0518051212686332
PedNYC17,PedNYC17_scenario7,7,15.0,-0.9874449193621244,68.97367336900766,81.24870729546595,58.06986420381593,-1.5974975052463378,67.96434182820765,1.1793703052043187
PedNYC17,PedNYC17_scenario7,7,16.0,-0.9039918559075225,68.88158607730718,80.08138957123859,58.08750576991876,-1.5903727079915044,67.77781012651347,1.2997846066399148
PedNYC17,PedNYC17_scenario7,7,17.0,-0.8726581820229796,68.85324122355732,78.73350589804403,58.10833473908322,-1.5802431883294858,67.57847148321807,1.45798300128444
PedNYC17,PedNYC17_scenario7,7,18.0,-0.818819470486445,68.72926502530049,77.22136236492514,58.13347737092196,-1.5794076855243375,67.37789560033887,1.5507075016184133
PedNYC17,PedNYC17_scenario7,7,19.0,-0.8081563198754856,68.63342816051191,75.5573294023872,58.16281329130336,-1.5818540068375722,67.16943870510187,1.6558602707844279
PedNYC17,PedNYC17_scenario7,7,20.0,-0.7880659028398039,68.58262279850776,73.75017451792256,58.191119523563295,-1.5769150128696352,66.96860760253605,1.7964765434656897
PedNYC17,PedNYC17_scenario7,7,21.0,-0.7897966192044369,68.50784575429904,71.7987031329408,58.213758612652214,-1.5666988025464168,66.77769326555389,1.8965770843265413
PedNYC17,PedNYC17_scenario7,7,22.0,-0.7723474374474882,68.46421003572851,69.69957690241968,58.23660832770679,-1.5618601393057432,66.57315760707064,2.049246103894883
PedNYC17,PedNYC17_scenario7,7,23.0,-0.8076581271240464,68.37038691535037,67.45962966307651,58.26572297005061,-1.5702201131748015,66.36136525993687,2.148876170115448
PedNYC17,PedNYC17_scenario7,7,24.0,-0.8630110895826713,68.3669661246324,65.10161000174566,58.30270063120857,-1.5889873941493413,66.14754934562262,2.335134350255336
PedNYC17,PedNYC17_scenario7,7,25.0,-0.8096313577302746,68.35451366308149,62.70755991577543,58.33960058655537,-1.5983587235658678,65.92468469896315,2.5546349352669497
PedNYC17,PedNYC17_scenario7,7,26.0,-0.7102029241306682,68.31366796221052,60.29502301571115,58.36751828317294,-1.6106631409790304,65.68843563943499,2.7753690476533044
PedNYC17,PedNYC17_scenario7,7,27.0,-0.6559059266195725,68.26776538893178,57.86777037756391,58.37792330611093,-1.6178168090056293,65.46057403118412,2.967422427741936
PedNYC17,PedNYC17_scenario7,7,28.0,-0.64259576375884,68.22483834271323,55.51962822804749,58.364097310039085,-1.6273598023634792,65.21168667794487,3.1699910357326324
PedNYC17,PedNYC17_scenario7,7,29.0,-0.6844705786163654,68.16101062446718,53.30953782422045,58.33767199028614,-1.6378621832140166,64.9576700068143,3.342206855420838
PedNYC17,PedNYC17_scenario7,7,30.0,-0.8120314178332474,68.05480332979015,51.23505679923044,58.31595610229062,-1.6460094969998118,64.71534507392381,3.442019883615457
PedNYC17,PedNYC17_scenario7,7,31.0,-0.8801508202776206,67.90082272186675,49.24332479373768,58.305975931841395,-1.6595010611412317,64.45652561218063,3.5313693346528225
PedNYC17,PedNYC17_scenario7,7,32.0,-0.8572701136179786,67.70384215475259,47.24199401399329,58.30912258800606,-1.6803209848633058,64.20696325026942,3.5924329930114345
PedNYC17,PedNYC17_scenario7,7,33.0,-0.8508802053559908,67.49082714267031,45.185191689650544,58.32627221996099,-1.7027411981139662,63.94745916580432,3.644327615687428
PedNYC17,PedNYC17_scenario7,7,34.0,-0.859503806678258,67.27246043609672,43.09671963031235,58.35791139723433,-1.7314314752423385,63.679596831623236,3.697151165364733
PedNYC17,PedNYC17_scenario7,7,35.0,-0.8526980892593313,67.07475953303593,41.01155362509786,58.4039288267843,-1.7623378897891215,63.427240191446934,3.7592342190895343
PedNYC17,PedNYC17_scenario7,7,36.0,-0.8248582014361068,66.89262886460598,38.87932964268334,58.45501976864652,-1.7707294303380474,63.17452065580717,3.836535029685193
PedNYC17,PedNYC17_scenario7,7,37.0,-0.8420065818034427,66.67572241785426,36.740473995700334,58.50078783685407,-1.7894204809177605,62.9212609852302,3.8721536314170852
PedNYC17,PedNYC17_scenario7,7,38.0,-0.9527217406053312,66.38112692128725,34.6835746039277,58.53698995868902,-1.8274121214029475,62.676255534174345,3.80672500416142
PedNYC17,PedNYC17_scenario7,7,39.0,-1.0425789664369778,66.0957327146464,32.722685832759474,58.563546324467424,-1.8667239833615077,62.435007495273055,3.7523491496231496
PedNYC17,PedNYC17_scenario7,7,40.0,-1.0224227166511646,65.80628509521485,30.882085038126924,58.581283280994974,-1.8982154123512582,62.19529549440148,3.715677427202734
PedNYC17,PedNYC17_scenario7,7,41.0,-0.9703193817423829,65.50163117627318,29.158633966653195,58.59156209218383,-1.9219389665338193,61.96765729282138,3.6598567243920934
PedNYC17,PedNYC17_scenario7,7,42.0,-1.0018098383156788,65.1327430020382,27.545845248715867,58.5956719132325,-1.9555172824774003,61.72462815237138,3.5390400841992378
PedNYC17,PedNYC17_scenario7,7,43.0,-1.0571117382143445,64.76524333458244,26.029702410777443,58.594726797168576,-1.986408654799358,61.48789631599653,3.406551957538347
PedNYC17,PedNYC17_scenario7,7,44.0,-1.1823504275791255,64.38521625146741,24.559697529949776,58.58941416883064,-2.0172820479248297,61.25086573581006,3.2436497908458946
PedNYC17,PedNYC17_scenario7,7,45.0,-1.3658189618251688,64.00786792325302,23.14785314983046,58.58025994166522,-2.0469220365489775,61.01316575639532,3.071179328300519
PedNYC17,PedNYC17_scenario7,7,46.0,-1.4904619076758414,63.59481440882731,21.80096643684732,58.56776189236799,-2.0634461788823915,60.78531909504752,2.867328877753773
PedNYC17,PedNYC17_scenario7,7,47.0,-1.5295953227012928,63.22825146597533,20.518373089138215,58.55248508497777,-2.0878602811506726,60.574530428674755,2.71180661324589
PedNYC17,PedNYC17_scenario7,7,48.0,-1.583949489249938,62.92056620124977,19.315601825010532,58.535153085552004,-2.124839174245565,60.37243221107186,2.6049085364432014
PedNYC17,PedNYC17_scenario7,7,49.0,-1.683233739938084,62.56287751468219,18.18902193766424,58.51626158535251,-2.1630685110140933,60.17522842371259,2.435386948544633
PedNYC17,PedNYC17_scenario7,7,50.0,-1.7573037428755152,62.237447304345075,17.134720596349304,58.496264903198394,-2.1903117353644093,59.99391684962363,2.2849343147718435
PedNYC17,PedNYC17_scenario7,7,51.0,-1.8351156592680429,61.96192201973019,16.187028171086002,58.47637782285649,-2.2144874802290047,59.84895476035874,2.1467542052398407
PedNYC17,PedNYC17_scenario7,7,52.0,-1.9489696123255755,61.75941297716983,15.565621741980989,58.462286733437445,-2.248021514000097,59.683057567408575,2.0977806910017978
PedNYC17,PedNYC17_scenario7,7,53.0,-2.027731709211387,61.62893445451166,15.39018808588397,58.45814187155104,-2.277587970422157,59.52632988763707,2.1173979587947334
PedNYC17,PedNYC17_scenario7,7,54.0,-2.065213397718246,61.56043839827184,15.389495572364455,58.45811462402344,-2.301592656893684,59.3659782357695,2.2071544030670234
PedNYC17,PedNYC17_scenario7,7,55.0,-2.0950904050063643,61.48601479597495,15.389510554774827,58.45810354908867,-2.3187361063245047,59.20312763019762,2.293815862572439
PedNYC17,PedNYC17_scenario7,7,56.0,-2.142157271822416,61.25078902028391,15.386030049772565,58.45804662322116,-2.335983135285132,59.03468440388436,2.2245647071223744
PedNYC17,PedNYC17_scenario7,7,57.0,-2.2113446168739292,60.91013342897474,15.347712135758107,58.45738761688405,-2.3478834376586577,58.85606527571749,2.0586011823097072
PedNYC17,PedNYC17_scenario7,7,58.0,-2.2881433428765354,60.58064431409607,15.243536317787818,58.455613018039934,-2.356572341355403,58.67640959408112,1.9054638271935858
PedNYC17,PedNYC17_scenario7,7,59.0,-2.3544569282315524,60.15314047458518,15.056928822557005,58.4524937323093,-2.3641466241838485,58.48902231670298,1.6641463678417516
PedNYC17,PedNYC17_scenario7,7,60.0,-2.4851160329832154,59.6294717251415,14.775452429811722,58.447968109560684,-2.3742515033485385,58.299816905202135,1.3342686701407256
PedNYC17,PedNYC17_scenario7,7,61.0,-2.6590113774836612,58.94130170972911,14.400132873708445,58.44226013547995,-2.377963886139109,58.10713509211997,0.8802395346293775
PedNYC17,PedNYC17_scenario7,7,62.0,-2.8038120835284523,58.22546656861049,13.940331437539081,58.435806810922344,-2.3804198148149536,57.89689128640748,0.5359316460903876
PedNYC17,PedNYC17_scenario7,7,63.0,-2.9568954057768617,57.527358067792115,13.424217015051024,58.42887812375011,-2.3849380150197503,57.68907474822599,0.5943799639727398
PedNYC17,PedNYC17_scenario7,7,64.0,-3.068028956553346,56.82485087570976,12.907342246522438,58.42228051308689,-2.3850501616211113,57.48117908866655,0.9472205431947439
PedNYC17,PedNYC17_scenario7,7,65.0,-3.0964310631052565,56.24086348276553,12.363888048999291,58.415939341707244,-2.3858143160856677,57.27315433712882,1.2532360388796644
PedNYC17,PedNYC17_scenario7,7,66.0,-3.0391052835855925,55.706532112537154,11.753750624769069,58.40924472099955,-2.3926217581637808,57.06570983848314,1.5050930334532509
PedNYC17,PedNYC17_scenario7,7,67.0,-2.996923806465984,55.253787279576635,11.048779886419391,58.39935608524677,-2.398558797595679,56.85803245375493,1.7122042117442386
PedNYC17,PedNYC17_scenario7,7,68.0,-2.966184825345543,54.77780780761534,10.224551912460145,58.386819095057845,-2.4077036072231186,56.641970697922915,1.946022752332408
PedNYC17,PedNYC17_scenario7,7,69.0,-2.8618014990367957,54.36111141322068,9.262410851417625,58.37122236231364,-2.415015727919912,56.43009099250135,2.116670504531335
PedNYC17,PedNYC17_scenario7,7,70.0,-2.723718196807935,53.97151491041816,8.151287358222593,58.35675165064995,-2.422020393678583,56.214470375648766,2.263155050680561
PedNYC17,PedNYC17_scenario7,7,71.0,-2.5987284432504216,53.56289396157721,6.884704627169728,58.350370944908455,-2.4269724397469417,56.008479002045576,2.4516089237278744
PedNYC17,PedNYC17_scenario7,7,72.0,-2.4969736340391506,53.19923216272705,5.4563149733210565,58.357388490634236,-2.4299435337046402,55.79825016558253,2.5998822307015645
PedNYC17,PedNYC17_scenario7,7,73.0,-2.391815607135147,52.83104274439357,3.8654191021300313,58.36789004969782,-2.429735116082203,55.60030893962585,2.769525798618788
PedNYC17,PedNYC17_scenario7,7,74.0,-2.3188456118690475,52.50517630457418,2.112793028499383,58.37235029565801,-2.4283082050858154,55.397561281777115,2.894455547363437
PedNYC17,PedNYC17_scenario7,7,75.0,-2.263756969382368,52.22762575605951,0.19929319602187395,58.36272399133337,-2.421824706729757,55.212276096887436,2.9888330610113334
PedNYC17,PedNYC17_scenario7,7,76.0,-2.15678744037432,51.97273027925344,-1.8391941567983996,58.34506429763433,-2.4286736214789655,55.021437951914315,3.0608071760267674
PedNYC17,PedNYC17_scenario7,7,77.0,-2.037096618265898,51.74858571024316,-3.97004380700741,58.32563776869672,-2.4301330616127985,54.82563005956742,3.1020444183646285
PedNYC17,PedNYC17_scenario7,7,78.0,-1.915929332389632,51.55936723337578,-6.154906006861987,58.30927723654776,-2.4192704527393323,54.63361400676902,3.1151798514939144
PedNYC17,PedNYC17_scenario7,7,79.0,-1.8577949396837163,51.475308745849226,-8.364068142369973,58.30326925005871,-2.4121458929481774,54.450150393267315,3.026051520810309
PedNYC17,PedNYC17_scenario7,7,80.0,-1.885563389423696,51.52328169426951,-10.52175029181905,58.31006761196188,-2.4150029778190207,54.28017516036704,2.807270535800115
PedNYC17,PedNYC17_scenario7,7,81.0,-1.977454786449616,51.688744923155774,-12.562281280608046,58.326957937705124,-2.419677318184543,54.13106105884797,2.482029184807565
PedNYC17,PedNYC17_scenario7,7,82.0,-2.069877385496579,51.90717250193857,-14.4730327184883,58.3489872397894,-2.4217138474320294,53.98588990119725,2.108282457814422
PedNYC17,PedNYC17_scenario7,7,83.0,-2.123063249165531,52.20721993351301,-16.260175613986846,58.37272058152562,-2.416448032790178,53.8554228040764,1.6741109084513706
PedNYC17,PedNYC17_scenario7,7,84.0,-2.204773658794657,52.54499804398903,-17.933479838841404,58.3949524521396,-2.401326535180318,53.73853539473803,1.2096133435310688
PedNYC17,PedNYC17_scenario7,7,85.0,-2.31784926493528,52.832474319095695,-19.49871788189655,58.405396538876346,-2.3882335614430015,53.622922337058654,0.7935754647772679
PedNYC17,PedNYC17_scenario7,7,86.0,-2.4096361840329803,53.171363182380375,-20.947543974353106,58.39959215670216,-2.3730247323670524,53.51437246562652,0.3449576304216534
PedNYC17,PedNYC17_scenario7,7,87.0,-2.4329470453482567,53.48976621067055,-22.039885305947504,58.384810434717714,-2.3560070565428965,53.41362143574351,0.10824873498595357
PedNYC17,PedNYC17_scenario7,7,88.0,-2.4402993644274114,53.69075155246666,-22.480891657728137,58.37572884773722,-2.346549734106968,53.308988712921284,0.39310540424034696
PedNYC17,PedNYC17_scenario7,7,89.0,-2.4586567663206984,53.81816558644725,-22.492062002088623,58.37550038323636,-2.345545922200913,53.1990945984884,0.629319434937327
PedNYC17,PedNYC17_scenario7,7,90.0,-2.4749191025064814,53.87446554553478,-22.492613855796698,58.3754768371582,-2.342508721773835,53.09239776554801,0.793197655959224
PedNYC17,PedNYC17_scenario7,7,91.0,-2.4936945850415473,53.87421133175885,-22.492684533735613,58.37547302246094,-2.3279039841640072,53.000645687088635,0.8891588490744634
PedNYC17,PedNYC17_scenario7,7,92.0,-2.516503339561681,53.860172168248866,-22.492781827026967,58.37547302246094,-2.3174661549219384,52.903490603800336,0.9771670361944279
PedNYC17,PedNYC17_scenario7,7,93.0,-2.5334829048653766,53.829665720114434,-22.49279022216797,58.37547302246094,-2.3121221130082104,52.81277449724459,1.0407057025506103
PedNYC17,PedNYC17_scenario7,7,94.0,-2.546915812234923,53.80656363985508,-22.492762131060957,58.37547302246094,-2.2979602575939535,52.73566537135801,1.0994553058931549
PedNYC17,PedNYC17_scenario7,7,95.0,-2.5525216912639612,53.80049630525846,-22.492791699689274,58.37547302246094,-2.2809311975388096,52.676771167182345,1.1560794013501243
PedNYC17,PedNYC17_scenario7,7,96.0,-2.54915881945665,53.79917206322609,-22.49277361529442,58.37547302246094,-2.262184356888782,52.629616521065046,1.2042485243361214
PedNYC17,PedNYC17_scenario7,7,97.0,-2.542479819032545,53.80544825541118,-22.49274459648748,58.37547302246094,-2.243680630893629,52.58158742277772,1.2598080379513106
PedNYC17,PedNYC17_scenario7,7,98.0,-2.5347119019435174,53.81139100126029,-22.492712011652518,58.37547302246094,-2.220235810599497,52.52867242029464,1.320705179054562
PedNYC17,PedNYC17_scenario7,7,99.0,-2.526777367310025,53.8066017895781,-22.492715346818,58.37547302246094,-2.1944083224174116,52.4889274365392,1.3589462397973366
PedNYC17,PedNYC17_scenario7,7,100.0,-2.5073835849761963,53.76435852050781,-22.49266815185547,58.37546920776367,-2.202244071733384,52.49667485555013,1.303891098574799
PedNYC18,PedNYC18_scenario7,7,0.0,-1.835306167602539,69.9345703125,45.9261589050293,58.18398284912109,-1.7987583564675373,70.12958791981573,0.19841272555436928
PedNYC18,PedNYC18_scenario7,7,1.0,-1.8323573236143866,69.86498487126966,44.7013182645926,58.19722052010383,-1.8044872955447269,70.0647341920194,0.20168423241440658
PedNYC18,PedNYC18_scenario7,7,2.0,-1.8268412430174275,69.76673464149351,43.470524638344344,58.211587310885136,-1.8135075132234157,69.98504923884316,0.21872140216759312
PedNYC18,PedNYC18_scenario7,7,3.0,-1.813638411472647,69.66629490801621,42.226909398157595,58.22719945998769,-1.8151326907762673,69.89108624097307,0.22479629944275492
PedNYC18,PedNYC18_scenario7,7,4.0,-1.7853326176016167,69.55825630252694,40.98099997256476,58.243945625675764,-1.7891769726512223,69.78299891380624,0.22477548885584567
PedNYC18,PedNYC18_scenario7,7,5.0,-1.7454656108944138,69.43337139929787,39.7207416761169,58.26199639179203,-1.7366350850065908,69.65531823803282,0.2221224378848156
PedNYC18,PedNYC18_scenario7,7,6.0,-1.7087105547949817,69.2936082262026,38.43830250124611,58.28151283399454,-1.6920554512913224,69.51981095759781,0.22681505277069935
PedNYC18,PedNYC18_scenario7,7,7.0,-1.6950819601043337,69.1527389285087,37.12857554334893,58.302429657098706,-1.6747214486460915,69.38004988468087,0.2282209920729244
PedNYC18,PedNYC18_scenario7,7,8.0,-1.703216360131869,69.0001987866098,35.79300632544453,58.323966488216875,-1.6684897381483927,69.21820662499455,0.22075632691176622
PedNYC18,PedNYC18_scenario7,7,9.0,-1.7273884185553516,68.82170570214711,34.4227906034171,58.34551959920867,-1.663795592994915,69.05173078195773,0.2386536922082717
PedNYC18,PedNYC18_scenario7,7,10.0,-1.7404477776797258,68.66055176557718,33.030103967294565,58.3667196651744,-1.6452506459833909,68.88753958556255,0.24614216279402257
PedNYC18,PedNYC18_scenario7,7,11.0,-1.7393581343836846,68.49372228244496,31.63867775197201,58.38695631134575,-1.624003297740102,68.70632859986135,0.24188465131633577
PedNYC18,PedNYC18_scenario7,7,12.0,-1.7229740322401554,68.2924493104132,30.278570307467998,58.405706773184896,-1.6071961942375586,68.52756931387593,0.2620799950413377
PedNYC18,PedNYC18_scenario7,7,13.0,-1.7149914092399934,68.11783187077977,28.940111857342917,58.423103457357485,-1.6012667235446376,68.33900339191803,0.24869689563627267
PedNYC18,PedNYC18_scenario7,7,14.0,-1.7167436538866347,67.92805396456654,27.62511054313893,58.43915543785684,-1.5995097853220477,68.15482363782705,0.25528075651974935
PedNYC18,PedNYC18_scenario7,7,15.0,-1.7327975596477183,67.71251752348982,26.34939837665307,58.454025863259226,-1.5974975052463378,67.96434182820765,0.2858698745367102
PedNYC18,PedNYC18_scenario7,7,16.0,-1.7411970185277643,67.52067664394217,25.11693759113802,58.46850527499397,-1.5903727079915044,67.77781012651347,0.29810333863944877
PedNYC18,PedNYC18_scenario7,7,17.0,-1.7353088407343686,67.30459408382866,23.93435216655157,58.48263844518728,-1.5802431883294858,67.57847148321807,0.3147287505965351
PedNYC18,PedNYC18_scenario7,7,18.0,-1.7182304090743994,67.12612907927314,22.793292542062723,58.49666359585988,-1.5794076855243375,67.37789560033887,0.28750326903080414
PedNYC18,PedNYC18_scenario7,7,19.0,-1.710806838673486,66.9262934515603,21.698239124194163,58.51068162667726,-1.5818540068375722,67.16943870510187,0.27522435785790456
PedNYC18,PedNYC18_scenario7,7,20.0,-1.7149268079925337,66.72271086164135,20.642843962487746,58.524876542925924,-1.5769150128696352,66.96860760253605,0.2819795431865294
PedNYC18,PedNYC18_scenario7,7,21.0,-1.7385170387853828,66.51874602349969,19.628742887475507,58.5389243843833,-1.5666988025464168,66.77769326555389,0.31076547503181273
PedNYC18,PedNYC18_scenario7,7,22.0,-1.7600772497115358,66.28857359039847,18.65306136277609,58.55218568715115,-1.5618601393057432,66.57315760707064,0.346811310950044
PedNYC18,PedNYC18_scenario7,7,23.0,-1.7695730456081338,66.09949320512082,17.713608853156092,58.564278716881134,-1.5702201131748015,66.36136525993687,0.32911785846919694
PedNYC18,PedNYC18_scenario7,7,24.0,-1.766166481409242,65.90507892252761,16.814968560423953,58.57466396675904,-1.5889873941493413,66.14754934562262,0.300307067912373
PedNYC18,PedNYC18_scenario7,7,25.0,-1.7716167460245267,65.69909314587196,16.023949609872638,58.58291627667735,-1.5983587235658678,65.92468469896315,0.28444664029019795
PedNYC18,PedNYC18_scenario7,7,26.0,-1.7888733018281007,65.48573748233416,15.436437160341942,58.588399529203414,-1.6106631409790304,65.68843563943499,0.2698988779560278
PedNYC18,PedNYC18_scenario7,7,27.0,-1.8152365459671789,65.27444229538769,15.0657274040946,58.591513978228114,-1.6178168090056293,65.46057403118412,0.27132927525897743
PedNYC18,PedNYC18_scenario7,7,28.0,-1.828873180795286,65.04578590651889,14.939781618735932,58.59250681801401,-1.6273598023634792,65.21168667794487,0.2610185963618997
PedNYC18,PedNYC18_scenario7,7,29.0,-1.8252811789089842,64.81693809509277,14.937667129975425,58.592529296875,-1.6378621832140166,64.9576700068143,0.23437438197061358
PedNYC18,PedNYC18_scenario7,7,30.0,-1.8121955739964681,64.60030485519374,14.937027769522569,58.592541876405406,-1.6460094969998118,64.71534507392381,0.20211893556270666
PedNYC18,PedNYC18_scenario7,7,31.0,-1.8043685866519596,64.38430787054328,14.936889846458007,58.59254455566406,-1.6595010611412317,64.45652561218063,0.16187032512106656
PedNYC18,PedNYC18_scenario7,7,32.0,-1.8071646630148201,64.19701794408888,14.936954420269133,58.59254455566406,-1.6803209848633058,64.20696325026942,0.12723296664791578
PedNYC18,PedNYC18_scenario7,7,33.0,-1.8157131358241327,63.97872415353285,14.937151998933054,58.59254455566406,-1.7027411981139662,63.94745916580432,0.11721842076932755
PedNYC18,PedNYC18_scenario7,7,34.0,-1.8152715930188723,63.764674373853175,14.937159941944602,58.59254455566406,-1.7314314752423385,63.679596831623236,0.119446027730813
PedNYC18,PedNYC18_scenario7,7,35.0,-1.796852392247758,63.52768099306176,14.933150899787085,58.592565740689736,-1.7623378897891215,63.427240191446934,0.10620548718873006
PedNYC18,PedNYC18_scenario7,7,36.0,-1.785217975937778,63.30366344619551,14.914426002561266,58.592681342766845,-1.7707294303380474,63.17452065580717,0.12995298481712975
PedNYC18,PedNYC18_scenario7,7,37.0,-1.7895145230800626,63.1045165226068,14.868243261232868,58.592944621804506,-1.7894204809177605,62.9212609852302,0.18325556150664493
PedNYC18,PedNYC18_scenario7,7,38.0,-1.8136403525336673,62.87470777604984,14.78372196778181,58.593369657168004,-1.8274121214029475,62.676255534174345,0.19892951998936267
PedNYC18,PedNYC18_scenario7,7,39.0,-1.83430768447926,62.67191979767822,14.654665047793364,58.593985899599495,-1.8667239833615077,62.435007495273055,0.23911975130494773
PedNYC18,PedNYC18_scenario7,7,40.0,-1.845297908782959,62.47316131591797,14.47742176055908,58.59474563598633,-1.8982154123512582,62.19529549440148,0.28285981855140924
PedNYC18,PedNYC18_scenario7,7,41.0,-1.8527680773815935,62.28160700113477,14.245917164490786,58.5955945692305,-1.9219389665338193,61.96765729282138,0.3214794414207153
PedNYC18,PedNYC18_scenario7,7,42.0,-1.8825013896501002,62.0767357694946,13.96100659279397,58.596408971407506,-1.9555172824774003,61.72462815237138,0.35959851868654513
PedNYC18,PedNYC18_scenario7,7,43.0,-1.9271744537537343,61.9049467421203,13.652417627656652,58.59698681924742,-1.986408654799358,61.48789631599653,0.4212359772188666
PedNYC18,PedNYC18_scenario7,7,44.0,-1.968519187940482,61.729760317600224,13.344698324019665,58.59729412475915,-2.0172820479248297,61.25086573581006,0.4813707894978984
PedNYC18,PedNYC18_scenario7,7,45.0,-1.9754597451669145,61.55425933682367,13.046633290890217,58.59731795284993,-2.0469220365489775,61.01316575639532,0.5457921966008207
PedNYC18,PedNYC18_scenario7,7,46.0,-1.9441672949691688,61.388073980821126,12.773563242098323,58.59708795263663,-2.0634461788823915,60.78531909504752,0.6144435730573943
PedNYC18,PedNYC18_scenario7,7,47.0,-1.9016026083469024,61.251275039399324,12.600697018223352,58.59681783148208,-2.0878602811506726,60.574530428674755,0.7019082481514408
PedNYC18,PedNYC18_scenario7,7,48.0,-1.8653412907915843,61.11509150614624,12.555574303570397,58.59673981430536,-2.124839174245565,60.37243221107186,0.7866905236987887
PedNYC18,PedNYC18_scenario7,7,49.0,-1.870354546386642,60.96781652368209,12.555242305717382,58.59674001849608,-2.1630685110140933,60.17522842371259,0.8449126353068596
PedNYC18,PedNYC18_scenario7,7,50.0,-1.9033524990081792,60.816280364990234,12.554962635040283,58.59673690795898,-2.1903117353644093,59.99391684962363,0.8709921668627503
PedNYC18,PedNYC18_scenario7,7,51.0,-1.9340894683589707,60.65853775835464,12.554849724844992,58.59673690795898,-2.2144874802290047,59.84895476035874,0.8567658231423
PedNYC18,PedNYC18_scenario7,7,52.0,-1.951018334258586,60.48742955427677,12.55481865288022,58.59673690795898,-2.248021514000097,59.683057567408575,0.857452728746524
PedNYC18,PedNYC18_scenario7,7,53.0,-1.935459619969226,60.3164691960078,12.554811477661133,58.59673690795898,-2.277587970422157,59.52632988763707,0.8610295783631503
PedNYC18,PedNYC18_scenario7,7,54.0,-1.9021602067344447,60.14892894306639,12.554810773736252,58.59673690795898,-2.301592656893684,59.3659782357695,0.8789528384941453
PedNYC18,PedNYC18_scenario7,7,55.0,-1.8819033801839518,60.03636369856,12.554811477661133,58.59673690795898,-2.3187361063245047,59.20312763019762,0.9408002849953794
PedNYC18,PedNYC18_scenario7,7,56.0,-1.859003505357523,59.908660446084646,12.554811477661133,58.59673309326172,-2.335983135285132,59.03468440388436,0.9956624376293153
PedNYC18,PedNYC18_scenario7,7,57.0,-1.845433646822858,59.73300337356885,12.554811477661133,58.596738156941456,-2.3478834376586577,58.85606527571749,1.0106810672878448
PedNYC18,PedNYC18_scenario7,7,58.0,-1.840789995863906,59.54949311227157,12.554811477661133,58.59673690795898,-2.356572341355403,58.67640959408112,1.014054366223291
PedNYC18,PedNYC18_scenario7,7,59.0,-1.8364731226908582,59.30144591141041,12.554811477661133,58.59673309326172,-2.3641466241838485,58.48902231670298,0.9687473465332535
PedNYC18,PedNYC18_scenario7,7,60.0,-1.8213990688323973,59.074350738525396,12.554812049865722,58.59673919677734,-2.3742515033485385,58.299816905202135,0.9516031070319438
PedNYC18,PedNYC18_scenario7,7,61.0,-1.8160956926877074,58.90199752344383,12.554811477661133,58.59673690795898,-2.377963886139109,58.10713509211997,0.9733972218690712
PedNYC18,PedNYC18_scenario7,7,62.0,-1.8345685240799505,58.640276939317964,12.554837551992675,58.596737760491855,-2.3804198148149536,57.89689128640748,0.9222666970839909
PedNYC18,PedNYC18_scenario7,7,63.0,-1.8625480286562177,58.409463952357896,12.554807935375017,58.59673690795898,-2.3849380150197503,57.68907474822599,0.8898606089060754
PedNYC18,PedNYC18_scenario7,7,64.0,-1.8876673848590395,58.15002234121424,12.554729246265994,58.59673631734267,-2.3850501616211113,57.48117908866655,0.8335112015432784
PedNYC18,PedNYC18_scenario7,7,65.0,-1.9026868933471424,57.941916384288874,12.554769294392447,58.59673690795898,-2.3858143160856677,57.27315433712882,0.8250180496956853
PedNYC18,PedNYC18_scenario7,7,66.0,-1.9328379158583975,57.68942653921269,12.550232452774848,58.59672959260655,-2.3926217581637808,57.06570983848314,0.7748701209970996
PedNYC18,PedNYC18_scenario7,7,67.0,-1.9703857283244797,57.48305142975442,12.508103630754151,58.59664773870452,-2.398558797595679,56.85803245375493,0.7576152701791113
PedNYC18,PedNYC18_scenario7,7,68.0,-2.0340306729120305,57.2384116483148,12.399883845476996,58.596523959188374,-2.4077036072231186,56.641970697922915,0.7038275848111073
PedNYC18,PedNYC18_scenario7,7,69.0,-2.0803679522479053,57.03525146356434,12.216917060434405,58.59628924592606,-2.415015727919912,56.43009099250135,0.6915260873599831
PedNYC18,PedNYC18_scenario7,7,70.0,-2.1289372490476257,56.7722140440871,11.957200443956053,58.59588441753167,-2.422020393678583,56.214470375648766,0.6300600997919334
PedNYC18,PedNYC18_scenario7,7,71.0,-2.164498446407737,56.549800943229044,11.621724454829026,58.59519067333401,-2.4269724397469417,56.008479002045576,0.6015995688047555
PedNYC18,PedNYC18_scenario7,7,72.0,-2.2116766830692867,56.322324418926016,11.207059236061783,58.594185015693846,-2.4299435337046402,55.79825016558253,0.5677096450685046
PedNYC18,PedNYC18_scenario7,7,73.0,-2.2397524560894553,56.20571948853237,10.71666466090674,58.593760300147736,-2.429735116082203,55.60030893962585,0.6345197741798225
PedNYC18,PedNYC18_scenario7,7,74.0,-2.321294633301755,55.90561360120222,10.14974278218395,58.59495603212873,-2.4283082050858154,55.397561281777115,0.5192004081462287
PedNYC18,PedNYC18_scenario7,7,75.0,-2.3486308875050312,55.77981272723066,9.505592161415867,58.59767293793789,-2.421824706729757,55.212276096887436,0.5722369805893766
PedNYC18,PedNYC18_scenario7,7,76.0,-2.3638776641858943,55.63061792192775,8.787037012759038,58.60196949890419,-2.4286736214789655,55.021437951914315,0.6126163170754565
PedNYC18,PedNYC18_scenario7,7,77.0,-2.3874727086066834,55.25249429999817,7.992337410199979,58.608228580883676,-2.4301330616127985,54.82563005956742,0.42899065896255106
PedNYC18,PedNYC18_scenario7,7,78.0,-2.3970374883498793,55.014768524052265,7.125330676708936,58.61688018634123,-2.4192704527393323,54.63361400676902,0.3818023975186173
PedNYC18,PedNYC18_scenario7,7,79.0,-2.4082791387363867,54.79816272400302,6.182516808783722,58.628504440834085,-2.4121458929481774,54.450150393267315,0.3480338117658009
PedNYC18,PedNYC18_scenario7,7,80.0,-2.412932777404785,54.58147048950195,5.169720172882074,58.64352111816406,-2.4150029778190207,54.28017516036704,0.3013024412252125
PedNYC18,PedNYC18_scenario7,7,81.0,-2.396032614129823,54.378858390387514,4.083807750115865,58.662364958422685,-2.419677318184543,54.13106105884797,0.24892285862884156
PedNYC18,PedNYC18_scenario7,7,82.0,-2.358258625242364,54.16761670034666,2.927954210425628,58.683453021261165,-2.4217138474320294,53.98588990119725,0.19248686903846743
PedNYC18,PedNYC18_scenario7,7,83.0,-2.318154266606686,53.946429549770905,1.703735533361252,58.705150741600676,-2.416448032790178,53.8554228040764,0.13395481414432156
PedNYC18,PedNYC18_scenario7,7,84.0,-2.297136348654234,53.765257984291466,0.4099741793748515,58.72747048899614,-2.401326535180318,53.73853539473803,0.10756250164802601
PedNYC18,PedNYC18_scenario7,7,85.0,-2.288553356793447,53.576525737656574,-0.9476314133373579,58.74979969795245,-2.3882335614430015,53.622922337058654,0.1099490228926756
PedNYC18,PedNYC18_scenario7,7,86.0,-2.28028030416096,53.37229122505982,-2.3795576222345627,58.771240483492086,-2.3730247323670524,53.51437246562652,0.16967205982202416
PedNYC18,PedNYC18_scenario7,7,87.0,-2.2586183783112763,53.16714311535414,-3.8373608605499974,58.791476215973745,-2.3560070565428965,53.41362143574351,0.2650209747730627
PedNYC18,PedNYC18_scenario7,7,88.0,-2.238076725344338,53.04412032763408,-5.2989122862706886,58.81176397695667,-2.346549734106968,53.308988712921284,0.2862195925415779
PedNYC18,PedNYC18_scenario7,7,89.0,-2.1979325208302383,52.84867207455031,-6.728283969501611,58.82995676457439,-2.345545922200913,53.1990945984884,0.3802442130359951
PedNYC18,PedNYC18_scenario7,7,90.0,-2.166372562245212,52.66613345355737,-8.09846983463285,58.84408861158808,-2.342508721773835,53.09239776554801,0.46122143312116637
PedNYC18,PedNYC18_scenario7,7,91.0,-2.1551814236207605,52.5042823354874,-9.417504546782668,58.85421019933682,-2.3279039841640072,53.000645687088635,0.5255565238234837
PedNYC18,PedNYC18_scenario7,7,92.0,-2.1467659606286538,52.35418420501921,-10.68469807338789,58.860453785210275,-2.3174661549219384,52.903490603800336,0.575218285587007
PedNYC18,PedNYC18_scenario7,7,93.0,-2.1252754343448537,52.222723050705255,-11.90354861628467,58.86296438490783,-2.3121221130082104,52.81277449724459,0.6189284214597748
PedNYC18,PedNYC18_scenario7,7,94.0,-2.086729236314548,52.091255131753115,-13.077872842628414,58.86198863597861,-2.2979602575939535,52.73566537135801,0.6781468139410363
PedNYC18,PedNYC18_scenario7,7,95.0,-2.0385716428618634,51.974557653184746,-14.206358172503355,58.857978729666655,-2.2809311975388096,52.676771167182345,0.7428606686210163
PedNYC18,PedNYC18_scenario7,7,96.0,-1.994513126651231,51.8582314403478,-15.29177292787763,58.85165881531186,-2.262184356888782,52.629616521065046,0.8165064790006472
PedNYC18,PedNYC18_scenario7,7,97.0,-1.9643935824775953,51.753887603085346,-16.337115329089098,58.84327344809017,-2.243680630893629,52.58158742277772,0.8735492241034464
PedNYC18,PedNYC18_scenario7,7,98.0,-1.945058496867866,51.65512997864758,-17.34017312572659,58.83313427244964,-2.220235810599497,52.52867242029464,0.9158596788543892
PedNYC18,PedNYC18_scenario7,7,99.0,-1.9366054879111698,51.578827302545974,-18.315000808748184,58.82135918372396,-2.1944083224174116,52.4889274365392,0.9459093801067517
PedNYC18,PedNYC18_scenario7,7,100.0,-1.9411585330963133,51.53999710083008,-19.27423858642578,58.80792617797852,-2.202244071733384,52.49667485555013,0.991664250067337
PedNYC19,PedNYC19_scenario7,7,0.0,-1.842041015625,70.48899841308594,80.04322052001953,58.066627502441406,-1.7987583564675373,70.12958791981573,0.36200730829152095
PedNYC19,PedNYC19_scenario7,7,1.0,-1.9300794740146725,70.50448389527578,79.05754806395747,58.08474616146389,-1.8044872955447269,70.0647341920194,0.4573326981606527
PedNYC19,PedNYC19_scenario7,7,2.0,-2.01057254139395,70.52178157993897,77.98937102633326,58.106959199370856,-1.8135075132234157,69.98504923884316,0.5717658885470925
PedNYC19,PedNYC19_scenario7,7,3.0,-2.0601561258496415,70.5452116539986,76.85658238222626,58.13342688690146,-1.8151326907762673,69.89108624097307,0.6985102287733436
PedNYC19,PedNYC19_scenario7,7,4.0,-2.0466801681611755,70.55362557380766,75.73147849587059,58.162585501082845,-1.7891769726512223,69.78299891380624,0.8125105198105379
PedNYC19,PedNYC19_scenario7,7,5.0,-1.9812344801120974,70.54042832033838,74.65782984058964,58.19238287733011,-1.7366350850065908,69.65531823803282,0.9182857517597302
PedNYC19,PedNYC19_scenario7,7,6.0,-1.9043598033121585,70.52433126460002,73.6404683072802,58.22229159997434,-1.6920554512913224,69.51981095759781,1.0267103705850062
PedNYC19,PedNYC19_scenario7,7,7.0,-1.8515875341851804,70.51398760730152,72.67720575087237,58.25242922416814,-1.6747214486460915,69.38004988468087,1.1476481913008065
PedNYC19,PedNYC19_scenario7,7,8.0,-1.8428258703778868,70.50645751806067,71.74904218870765,58.28315527282868,-1.6684897381483927,69.21820662499455,1.299993634786877
PedNYC19,PedNYC19_scenario7,7,9.0,-1.8599349882881644,70.48520951577123,70.81492650972115,58.31571204424272,-1.663795592994915,69.05173078195773,1.4468351470300826
PedNYC19,PedNYC19_scenario7,7,10.0,-1.8756253829049256,70.46405278809179,69.83811813101184,58.35062753428104,-1.6452506459833909,68.88753958556255,1.593256538401984
PedNYC19,PedNYC19_scenario7,7,11.0,-1.8593462089529014,70.45325975935553,68.79094889200735,58.38750610108916,-1.624003297740102,68.70632859986135,1.7627123310029351
PedNYC19,PedNYC19_scenario7,7,12.0,-1.8223065342458284,70.44333973184584,67.65894432637722,58.42596081227823,-1.6071961942375586,68.52756931387593,1.927809314415478
PedNYC19,PedNYC19_scenario7,7,13.0,-1.8215174267968952,70.43557485746436,66.43786598845638,58.463767651837884,-1.6012667235446376,68.33900339191803,2.1081086979627526
PedNYC19,PedNYC19_scenario7,7,14.0,-1.8432177592936605,70.44467907997227,65.12878608540967,58.5011075007775,-1.5995097853220477,68.15482363782705,2.302787771918952
PedNYC19,PedNYC19_scenario7,7,15.0,-1.858639770401864,70.44822536077241,63.73733896440252,58.536997600271974,-1.5974975052463378,67.96434182820765,2.497573359482551
PedNYC19,PedNYC19_scenario7,7,16.0,-1.876033696902601,70.44786100534687,62.27051326652659,58.56880626080878,-1.5903727079915044,67.77781012651347,2.685288419545402
PedNYC19,PedNYC19_scenario7,7,17.0,-1.8841176094709144,70.4458265828232,60.731378719122965,58.593791306086224,-1.5802431883294858,67.57847148321807,2.8834120293595937
PedNYC19,PedNYC19_scenario7,7,18.0,-1.8832692778566236,70.44879680760373,59.12211227411509,58.612928375782516,-1.5794076855243375,67.37789560033887,3.085897939348521
PedNYC19,PedNYC19_scenario7,7,19.0,-1.866569386531855,70.44300480400612,57.445997376417736,58.627694481977315,-1.5818540068375722,67.16943870510187,3.2859242004844966
PedNYC19,PedNYC19_scenario7,7,20.0,-1.8273334693460954,70.408164010921,55.71361489363118,58.64163116669991,-1.5769150128696352,66.96860760253605,3.448660274629265
PedNYC19,PedNYC19_scenario7,7,21.0,-1.7692940283749103,70.37144025626442,53.93333558482526,58.657337684289615,-1.5666988025464168,66.77769326555389,3.5994530499465434
PedNYC19,PedNYC19_scenario7,7,22.0,-1.739028232568432,70.34928071801548,52.121287836511776,58.67229121831272,-1.5618601393057432,66.57315760707064,3.7802770113157123
PedNYC19,PedNYC19_scenario7,7,23.0,-1.732856192886458,70.37641281843574,50.289299660162115,58.68260700442936,-1.5702201131748015,66.36136525993687,4.0183401288880045
PedNYC19,PedNYC19_scenario7,7,24.0,-1.7187544542721795,70.4326648096295,48.43993167553731,58.68497002698389,-1.5889873941493413,66.14754934562262,4.287079895425768
PedNYC19,PedNYC19_scenario7,7,25.0,-1.7316949642388726,70.45295142519802,46.590619207764874,58.67874239858705,-1.5983587235658678,65.92468469896315,4.53022936472346
PedNYC19,PedNYC19_scenario7,7,26.0,-1.7786909178480446,70.41578630677834,44.781443951286846,58.664859579970255,-1.6106631409790304,65.68843563943499,4.730335893552512
PedNYC19,PedNYC19_scenario7,7,27.0,-1.8347228474895576,70.33846929396164,43.019954428775236,58.648811629913325,-1.6178168090056293,65.46057403118412,4.882715476469841
PedNYC19,PedNYC19_scenario7,7,28.0,-1.8600468733852709,70.24139105703546,41.31019065948488,58.632344372931676,-1.6273598023634792,65.21168667794487,5.03508385372714
PedNYC19,PedNYC19_scenario7,7,29.0,-1.8488847079895288,70.10587286757391,39.677258468974586,58.61600859625879,-1.6378621832140166,64.9576700068143,5.152525904980592
PedNYC19,PedNYC19_scenario7,7,30.0,-1.8173340563717115,69.9505808111916,38.12986296650755,58.59948855379093,-1.6460094969998118,64.71534507392381,5.238038309272828
PedNYC19,PedNYC19_scenario7,7,31.0,-1.8173059760746109,69.77647342702444,36.665539792159144,58.582964876642706,-1.6595010611412317,64.45652561218063,5.322287773489762
PedNYC19,PedNYC19_scenario7,7,32.0,-1.8565990557736036,69.58835108049638,35.27993965827822,58.56650906338738,-1.6803209848633058,64.20696325026942,5.384274225705693
PedNYC19,PedNYC19_scenario7,7,33.0,-1.8925334075199127,69.39432127371745,33.968983310727886,58.54997513865696,-1.7027411981139662,63.94745916580432,5.4501676951604985
PedNYC19,PedNYC19_scenario7,7,34.0,-1.8916077234594344,69.20596507065349,32.72854426307937,58.53326576643213,-1.7314314752423385,63.679596831623236,5.528689025786789
PedNYC19,PedNYC19_scenario7,7,35.0,-1.8626219375683333,69.01530931135133,31.554873108200333,58.516024258717934,-1.7623378897891215,63.427240191446934,5.588968901243598
PedNYC19,PedNYC19_scenario7,7,36.0,-1.837638430757051,68.80414000510412,30.43633774040297,58.49841301970443,-1.7707294303380474,63.17452065580717,5.6300169477822735
PedNYC19,PedNYC19_scenario7,7,37.0,-1.854942334166171,68.63604109397157,29.312286295476163,58.48024911636692,-1.7894204809177605,62.9212609852302,5.715155711309987
PedNYC19,PedNYC19_scenario7,7,38.0,-1.911038904546459,68.42466152705788,28.155967029993143,58.4615198813286,-1.8274121214029475,62.676255534174345,5.74901425445078
PedNYC19,PedNYC19_scenario7,7,39.0,-1.9269174729606129,68.23714494153029,26.961551654237446,58.443309494751844,-1.8667239833615077,62.435007495273055,5.80244967246167
PedNYC19,PedNYC19_scenario7,7,40.0,-1.9047536155987237,68.03768023638658,25.725238038900315,58.4249158599567,-1.8982154123512582,62.19529549440148,5.842388400430257
PedNYC19,PedNYC19_scenario7,7,41.0,-1.8776312162070434,67.85254232688598,24.446393159729446,58.4062030809232,-1.9219389665338193,61.96765729282138,5.885051829924403
PedNYC19,PedNYC19_scenario7,7,42.0,-1.8613287277064972,67.65239783673836,23.12619415094789,58.38793500854764,-1.9555172824774003,61.72462815237138,5.92851793577029
PedNYC19,PedNYC19_scenario7,7,43.0,-1.88086597108745,67.42397048597856,21.763867037243976,58.37205571138711,-1.986408654799358,61.48789631599653,5.937012363943074
PedNYC19,PedNYC19_scenario7,7,44.0,-1.8992064193209504,67.24242694241066,20.35578894076521,58.35864663043218,-2.0172820479248297,61.25086573581006,5.992724551196346
PedNYC19,PedNYC19_scenario7,7,45.0,-1.9058286635580104,67.02745055078695,18.902731629752935,58.34673755938972,-2.0469220365489775,61.01316575639532,6.015939571501064
PedNYC19,PedNYC19_scenario7,7,46.0,-1.8709666867816743,66.81471693123552,17.407405597912085,58.3359420298662,-2.0634461788823915,60.78531909504752,6.032469363528333
PedNYC19,PedNYC19_scenario7,7,47.0,-1.8369962530851782,66.62456026568624,15.872923331941509,58.326260655470364,-2.0878602811506726,60.574530428674755,6.055228632290153
PedNYC19,PedNYC19_scenario7,7,48.0,-1.8326199667973848,66.41224254070977,14.301107890011599,58.31729057228132,-2.124839174245565,60.37243221107186,6.0468752991278425
PedNYC19,PedNYC19_scenario7,7,49.0,-1.8441590419560636,66.2096904324367,12.694160950372027,58.30847573098846,-2.1630685110140933,60.17522842371259,6.042883002689157
PedNYC19,PedNYC19_scenario7,7,50.0,-1.7881977558135982,66.02320098876953,11.054189682006824,58.29986000061035,-2.1903117353644093,59.99391684962363,6.04267845273158
PedNYC19,PedNYC19_scenario7,7,51.0,-1.6936964321103345,65.87427167514403,9.384706620871473,58.29109475942779,-2.2144874802290047,59.84895476035874,6.0477820099106
PedNYC19,PedNYC19_scenario7,7,52.0,-1.6448588900847183,65.69937067909719,7.6884850650219665,58.28100210310111,-2.248021514000097,59.683057567408575,6.046472410320316
PedNYC19,PedNYC19_scenario7,7,53.0,-1.6680936723192994,65.51652383147126,5.9669733238287455,58.2706193850487,-2.277587970422157,59.52632988763707,6.021121721420996
PedNYC19,PedNYC19_scenario7,7,54.0,-1.7291797448482196,65.34688852182099,4.220805294420688,58.26158188965867,-2.301592656893684,59.3659782357695,6.008239708240084
PedNYC19,PedNYC19_scenario7,7,55.0,-1.7616871287126878,65.171309642067,2.450734985365015,58.25452012507694,-2.3187361063245047,59.20312763019762,5.9941221284070965
PedNYC19,PedNYC19_scenario7,7,56.0,-1.7473725134414773,64.93773832196854,0.6574784124371147,58.24893572038246,-2.335983135285132,59.03468440388436,5.9323273699245656
PedNYC19,PedNYC19_scenario7,7,57.0,-1.7277635810294962,64.74458018539757,-1.1593633277391682,58.24467542255522,-2.3478834376586577,58.85606527571749,5.921077307222928
PedNYC19,PedNYC19_scenario7,7,58.0,-1.7490955864823334,64.55872185572002,-2.999140907096235,58.24084481638064,-2.356572341355403,58.67640959408112,5.9135966679457
PedNYC19,PedNYC19_scenario7,7,59.0,-1.7924749556126154,64.37888210483123,-4.860843620597179,58.23672354288039,-2.3641466241838485,58.48902231670298,5.917538070892086
PedNYC19,PedNYC19_scenario7,7,60.0,-1.827627635337937,64.19034719691031,-6.741195277988637,58.231268394720956,-2.3742515033485385,58.299816905202135,5.915838467251321
PedNYC19,PedNYC19_scenario7,7,61.0,-1.8310181859556205,64.10096216804966,-8.641529073394205,58.22389286419393,-2.377963886139109,58.10713509211997,6.018730149715728
PedNYC19,PedNYC19_scenario7,7,62.0,-1.8234789312091204,63.85345688391958,-10.558537681027557,58.21491631296311,-2.3804198148149536,57.89689128640748,5.9825460186526165
PedNYC19,PedNYC19_scenario7,7,63.0,-1.8445722568788534,63.69349243260663,-12.490977656361895,58.2053208222433,-2.3849380150197503,57.68907474822599,6.028683677310841
PedNYC19,PedNYC19_scenario7,7,64.0,-1.8853527048732894,63.514705271388046,-14.434152107720408,58.19539298278678,-2.3850501616211113,57.48117908866655,6.054183326086687
PedNYC19,PedNYC19_scenario7,7,65.0,-1.9303695853439022,63.32791521851219,-16.340651057781777,58.185897471511076,-2.3858143160856677,57.27315433712882,6.071866206817367
PedNYC19,PedNYC19_scenario7,7,66.0,-1.9323251566496153,63.15589029772484,-18.1577467394005,58.177483292872324,-2.3926217581637808,57.06570983848314,6.107550326235138
PedNYC19,PedNYC19_scenario7,7,67.0,-1.951470682809401,63.01013325986332,-19.87870352461872,58.17023628346977,-2.398558797595679,56.85803245375493,6.168324903156666
PedNYC19,PedNYC19_scenario7,7,68.0,-1.9550434924025184,62.82581386541035,-21.506647248350266,58.16408541789782,-2.4077036072231186,56.641970697922915,6.20038849586302
PedNYC19,PedNYC19_scenario7,7,69.0,-1.9518450279116368,62.655957414994894,-23.03225901262721,58.1589501430604,-2.415015727919912,56.43009099250135,6.243071344144543
PedNYC19,PedNYC19_scenario7,7,70.0,-1.967610718421632,62.51091320461169,-24.339870335696048,58.15505347902576,-2.422020393678583,56.214470375648766,6.312818740575858
PedNYC19,PedNYC19_scenario7,7,71.0,-1.9807850620447311,62.38221925387209,-25.32430027138902,58.15243804009878,-2.4269724397469417,56.008479002045576,6.3893386178676
PedNYC19,PedNYC19_scenario7,7,72.0,-1.9680659265506077,62.25688251172909,-26.003672256986896,58.1508207787759,-2.4299435337046402,55.79825016558253,6.4751264626014
PedNYC19,PedNYC19_scenario7,7,73.0,-1.9185950012474742,62.1349032630035,-26.446616526846324,58.14984354098064,-2.429735116082203,55.60030893962585,6.554554690298397
PedNYC19,PedNYC19_scenario7,7,74.0,-1.8441328569642759,62.032429330125325,-26.69073937521066,58.14921834856497,-2.4283082050858154,55.397561281777115,6.660535628336876
PedNYC19,PedNYC19_scenario7,7,75.0,-1.7804571675668333,61.908315756933845,-26.86001666302401,58.14867973377893,-2.421824706729757,55.212276096887436,6.726685621404224
PedNYC19,PedNYC19_scenario7,7,76.0,-1.7965325547735778,61.806995090493025,-27.019854794515325,58.14814455135236,-2.4286736214789655,55.021437951914315,6.814938591735946
PedNYC19,PedNYC19_scenario7,7,77.0,-1.8381705093032,61.68781609499124,-27.170961990328575,58.147622909296445,-2.4301330616127985,54.82563005956742,6.887671366151448
PedNYC19,PedNYC19_scenario7,7,78.0,-1.8143457667425789,61.55394191884487,-27.313966758600472,58.147134074550756,-2.4192704527393323,54.63361400676902,6.94671665511012
PedNYC19,PedNYC19_scenario7,7,79.0,-1.7353304631416282,61.42487795105539,-27.449354385116656,58.14664847871131,-2.4121458929481774,54.450150393267315,7.007489110329939
PedNYC19,PedNYC19_scenario7,7,80.0,-1.6664842300012075,61.30090619476748,-27.577521263713567,58.146171659371106,-2.4150029778190207,54.28017516036704,7.06052013475128
PedNYC19,PedNYC19_scenario7,7,81.0,-1.6486377556697462,61.16788208777223,-27.69885889577069,58.145734060445704,-2.419677318184543,54.13106105884797,7.078937222498421
PedNYC19,PedNYC19_scenario7,7,82.0,-1.6770369601221546,61.00553830676695,-27.813726130637814,58.1452953251305,-2.4217138474320294,53.98588990119725,7.059037285941392
PedNYC19,PedNYC19_scenario7,7,83.0,-1.6858883527262571,60.860321547860245,-27.92247801131031,58.14487376275461,-2.416448032790178,53.8554228040764,7.042891725477514
PedNYC19,PedNYC19_scenario7,7,84.0,-1.6569947425599265,60.75737985781416,-28.025435922349374,58.144482324262576,-2.401326535180318,53.73853539473803,7.058201429143256
PedNYC19,PedNYC19_scenario7,7,85.0,-1.6108472144345507,60.64532299996272,-28.122908661653486,58.14408956441357,-2.3882335614430015,53.622922337058654,7.065298337853162
PedNYC19,PedNYC19_scenario7,7,86.0,-1.597239168924277,60.52975195456915,-28.181146094826786,58.14386330689505,-2.3730247323670524,53.51437246562652,7.0581437088177195
PedNYC19,PedNYC19_scenario7,7,87.0,-1.6342273520807722,60.395872240546915,-28.181250934150373,58.14385986328125,-2.3560070565428965,53.41362143574351,7.019458116047937
PedNYC19,PedNYC19_scenario7,7,88.0,-1.7311689656761169,60.27191120863971,-28.18134844071674,58.14385986328125,-2.346549734106968,53.308988712921284,6.990063173644157
PedNYC19,PedNYC19_scenario7,7,89.0,-1.7967801988243348,60.16209789526391,-28.181350487695777,58.14385986328125,-2.345545922200913,53.1990945984884,6.984594385507268
PedNYC19,PedNYC19_scenario7,7,90.0,-1.7868787921994924,60.07408629304598,-28.181327792960797,58.14385986328125,-2.342508721773835,53.09239776554801,7.003763225126589
PedNYC19,PedNYC19_scenario7,7,91.0,-1.74285183625066,59.996881418772496,-28.181331884399274,58.14386367797852,-2.3279039841640072,53.000645687088635,7.020655270633078
PedNYC19,PedNYC19_scenario7,7,92.0,-1.7335877158392883,59.96717953227255,-28.181268998460627,58.14385986328125,-2.3174661549219384,52.903490603800336,7.08777929325163
PedNYC19,PedNYC19_scenario7,7,93.0,-1.740524456391589,59.93046043389326,-28.181264445923848,58.14385986328125,-2.3121221130082104,52.81277449724459,7.140600603157683
PedNYC19,PedNYC19_scenario7,7,94.0,-1.7120480341656379,59.8850439511897,-28.181357370364527,58.14385986328125,-2.2979602575939535,52.73566537135801,7.173347002015093
PedNYC19,PedNYC19_scenario7,7,95.0,-1.6713950682916525,59.86531645335422,-28.181415593497334,58.14385986328125,-2.2809311975388096,52.676771167182345,7.21434110811247
PedNYC19,PedNYC19_scenario7,7,96.0,-1.6614297504122142,59.87053229004942,-28.181324760939205,58.14385986328125,-2.262184356888782,52.629616521065046,7.2657943317113896
PedNYC19,PedNYC19_scenario7,7,97.0,-1.6685999999018228,59.87761405507324,-28.181298932846882,58.14385776252505,-2.243680630893629,52.58158742277772,7.318655774888403
PedNYC19,PedNYC19_scenario7,7,98.0,-1.6820406256392963,59.877106028433744,-28.181307392484946,58.14385986328125,-2.220235810599497,52.52867242029464,7.3681158073379
PedNYC19,PedNYC19_scenario7,7,99.0,-1.7150473332758023,59.88004539781139,-28.18125801264606,58.14385986328125,-2.1944083224174116,52.4889274365392,7.406646452703892
PedNYC19,PedNYC19_scenario7,7,100.0,-1.7631511688232422,59.89083862304688,-28.18128967285156,58.14385986328125,-2.202244071733384,52.49667485555013,7.407189777368187
PedNYC1,PedNYC1_scenario7,7,0.0,-1.831568479537964,69.94981384277344,84.69001770019531,58.0099983215332,-1.7987583564675373,70.12958791981573,0.1827435989366139
PedNYC1,PedNYC1_scenario7,7,1.0,-1.8077144553084599,70.04462069817758,84.68847390435161,58.0099800514002,-1.8044872955447269,70.0647341920194,0.02037074359628432
PedNYC1,PedNYC1_scenario7,7,2.0,-1.8206699566460425,70.08695121654664,84.66697303544608,58.00975564097628,-1.8135075132234157,69.98504923884316,0.10215338298687063
PedNYC1,PedNYC1_scenario7,7,3.0,-1.8721098144598387,70.11718085285611,84.60043514442813,58.0089811280345,-1.8151326907762673,69.89108624097307,0.2331633893770553
PedNYC1,PedNYC1_scenario7,7,4.0,-1.8977921321774098,70.12296124554523,84.47620874644203,58.00745773803436,-1.7891769726512223,69.78299891380624,0.3568916360470066
PedNYC1,PedNYC1_scenario7,7,5.0,-1.9033713561989247,70.1197682424457,84.29014759888423,58.0049817914862,-1.7366350850065908,69.65531823803282,0.49347217827375994
PedNYC1,PedNYC1_scenario7,7,6.0,-1.8991329392886263,70.11603236523226,84.04316174156871,58.00195701817506,-1.6920554512913224,69.51981095759781,0.6311585006611832
PedNYC1,PedNYC1_scenario7,7,7.0,-1.8964630988542948,70.11909322767251,83.73978389489137,58.00025633435032,-1.6747214486460915,69.38004988468087,0.7715921346523107
PedNYC1,PedNYC1_scenario7,7,8.0,-1.900727619349529,70.12283364937262,83.3814077373578,57.99923053599006,-1.6684897381483927,69.21820662499455,0.9339617158641562
PedNYC1,PedNYC1_scenario7,7,9.0,-1.899443894116892,70.1238180858806,82.97054216898543,57.99938235372698,-1.663795592994915,69.05173078195773,1.0976799665905739
PedNYC1,PedNYC1_scenario7,7,10.0,-1.8743212285636437,70.10859775504356,82.50948708057093,57.99992885891356,-1.6452506459833909,68.88753958556255,1.2423592013020932
PedNYC1,PedNYC1_scenario7,7,11.0,-1.8342939989706868,70.03799103902195,82.00133302179655,57.99912584529828,-1.624003297740102,68.70632859986135,1.3481643189519585
PedNYC1,PedNYC1_scenario7,7,12.0,-1.8368166641503436,69.98848054260895,81.44730936059497,57.99531662394036,-1.6071961942375586,68.52756931387593,1.4788465702841538
PedNYC1,PedNYC1_scenario7,7,13.0,-1.853900949593887,69.96782852679702,80.84933970552119,57.98260740205039,-1.6012667235446376,68.33900339191803,1.6483007529528937
PedNYC1,PedNYC1_scenario7,7,14.0,-1.8770735921076676,69.95319035325693,80.2094592975857,57.9648959450005,-1.5995097853220477,68.15482363782705,1.819660548015309
PedNYC1,PedNYC1_scenario7,7,15.0,-1.8734239935735764,69.94596606645071,79.52733220818759,57.94413908323941,-1.5974975052463378,67.96434182820765,2.000742374358323
PedNYC1,PedNYC1_scenario7,7,16.0,-1.8631906527200266,69.94127068726843,78.80546608258867,57.92263306453199,-1.5903727079915044,67.77781012651347,2.180594237566458
PedNYC1,PedNYC1_scenario7,7,17.0,-1.8518417292333649,69.94427815840868,78.04510828545469,57.90151937663674,-1.5802431883294858,67.57847148321807,2.381345626278885
PedNYC1,PedNYC1_scenario7,7,18.0,-1.844442087883543,69.94173355637488,77.24723580081793,57.87916761955554,-1.5794076855243375,67.37789560033887,2.5775003975256356
PedNYC1,PedNYC1_scenario7,7,19.0,-1.8452422537655686,69.94100692072259,76.41332547497069,57.85614157658152,-1.5818540068375722,67.16943870510187,2.784055269289533
PedNYC1,PedNYC1_scenario7,7,20.0,-1.846438445394404,69.9436547739125,75.54616247239585,57.83227984648095,-1.5769150128696352,66.96860760253605,2.9872309171865044
PedNYC1,PedNYC1_scenario7,7,21.0,-1.8464101754278364,69.94358272877867,74.64784115456365,57.807595576511346,-1.5666988025464168,66.77769326555389,3.1782219157064606
PedNYC1,PedNYC1_scenario7,7,22.0,-1.848172879113705,69.9421432673652,73.71721998033694,57.782050363606146,-1.5618601393057432,66.57315760707064,3.3811298946131427
PedNYC1,PedNYC1_scenario7,7,23.0,-1.836056917257487,69.96109103800781,72.75312340576173,57.75515115483398,-1.5702201131748015,66.36136525993687,3.6095283464343764
PedNYC1,PedNYC1_scenario7,7,24.0,-1.8208486503946582,69.98564085940997,71.75536006028142,57.72649843858563,-1.5889873941493413,66.14754934562262,3.845088569897202
PedNYC1,PedNYC1_scenario7,7,25.0,-1.8214026024581287,69.9788004542561,70.72441352904212,57.6962423574742,-1.5983587235658678,65.92468469896315,4.060246683297194
PedNYC1,PedNYC1_scenario7,7,26.0,-1.832568959317905,69.96212456870843,69.66310222557384,57.66440950099975,-1.6106631409790304,65.68843563943499,4.2794461389772245
PedNYC1,PedNYC1_scenario7,7,27.0,-1.8466408938944312,69.94772011919716,68.57190955759879,57.63139376717922,-1.6178168090056293,65.46057403118412,4.49297679462023
PedNYC1,PedNYC1_scenario7,7,28.0,-1.8754966006554408,69.93027085575652,67.45142683627924,57.599770271344994,-1.6273598023634792,65.21168667794487,4.725104074384079
PedNYC1,PedNYC1_scenario7,7,29.0,-1.8789647201115351,69.92851386402513,66.30571733200686,57.57016386878967,-1.6378621832140166,64.9576700068143,4.976687561628632
PedNYC1,PedNYC1_scenario7,7,30.0,-1.8778277587186736,69.93171155409654,65.13604093814202,57.54351763076794,-1.6460094969998118,64.71534507392381,5.221515006388081
PedNYC1,PedNYC1_scenario7,7,31.0,-1.8778703306652886,69.93657295934337,63.94385395797537,57.521793506690784,-1.6595010611412317,64.45652561218063,5.484396417566644
PedNYC1,PedNYC1_scenario7,7,32.0,-1.8851075894212228,69.93379796238519,62.730324742713364,57.504935624297666,-1.6803209848633058,64.20696325026942,5.730495037368096
PedNYC1,PedNYC1_scenario7,7,33.0,-1.8856306693734908,69.88180870235767,61.49841035087419,57.49267660948162,-1.7027411981139662,63.94745916580432,5.937167083777297
PedNYC1,PedNYC1_scenario7,7,34.0,-1.8940310507622147,69.76144631921565,60.24746279076874,57.48267413973925,-1.7314314752423385,63.679596831623236,6.0840226669274795
PedNYC1,PedNYC1_scenario7,7,35.0,-1.8749347444049282,69.58134278119235,58.979768632473856,57.475067402992096,-1.7623378897891215,63.427240191446934,6.1551325523322875
PedNYC1,PedNYC1_scenario7,7,36.0,-1.785703265603414,69.35018452553825,57.69610344732775,57.469983930022586,-1.7707294303380474,63.17452065580717,6.175682022873622
PedNYC1,PedNYC1_scenario7,7,37.0,-1.7302056287293108,69.09840983655688,56.39922245649931,57.466624515313555,-1.7894204809177605,62.9212609852302,6.177432664964166
PedNYC1,PedNYC1_scenario7,7,38.0,-1.710253975914251,68.81147204022089,55.095201620877184,57.464469643728386,-1.8274121214029475,62.676255534174345,6.136335030547171
PedNYC1,PedNYC1_scenario7,7,39.0,-1.667025996457585,68.55575241934635,53.78729551903834,57.463516550011406,-1.8667239833615077,62.435007495273055,6.12400177265997
PedNYC1,PedNYC1_scenario7,7,40.0,-1.6238267622081133,68.26648217027423,52.48158812736523,57.463095619430646,-1.8982154123512582,62.19529549440148,6.077384041232068
PedNYC1,PedNYC1_scenario7,7,41.0,-1.5940016863078874,67.95196381056982,51.19348655017584,57.46321442878848,-1.9219389665338193,61.96765729282138,5.993285189120278
PedNYC1,PedNYC1_scenario7,7,42.0,-1.6041623774368403,67.59638685273165,49.965054316235296,57.463812499379195,-1.9555172824774003,61.72462815237138,5.882261512764681
PedNYC1,PedNYC1_scenario7,7,43.0,-1.6009595066893851,67.2075259744765,48.804137307749464,57.46482115021377,-1.986408654799358,61.48789631599653,5.732602766278365
PedNYC1,PedNYC1_scenario7,7,44.0,-1.5815843339165758,66.8662027347017,47.71096694194468,57.46616301234774,-2.0172820479248297,61.25086573581006,5.632214671788835
PedNYC1,PedNYC1_scenario7,7,45.0,-1.5876501645157253,66.56159290096355,46.682210303086,57.46777048228148,-2.0469220365489775,61.01316575639532,5.56740284432719
PedNYC1,PedNYC1_scenario7,7,46.0,-1.6035510877785284,66.19327217834471,45.71423178117004,57.46958651581784,-2.0634461788823915,60.78531909504752,5.42747271259516
PedNYC1,PedNYC1_scenario7,7,47.0,-1.6006881904433543,65.84556189631029,44.803038908915774,57.47157853098722,-2.0878602811506726,60.574530428674755,5.2934968951316215
PedNYC1,PedNYC1_scenario7,7,48.0,-1.599564414059137,65.52051845042655,43.94603744712489,57.473685435789704,-2.124839174245565,60.37243221107186,5.1748145378865535
PedNYC1,PedNYC1_scenario7,7,49.0,-1.6288277113300453,65.14457244204743,43.138942099312686,57.47588397689488,-2.1630685110140933,60.17522842371259,4.997978911981057
PedNYC1,PedNYC1_scenario7,7,50.0,-1.6574724724150591,64.75608154304363,42.377336258809855,57.47814672385092,-2.1903117353644093,59.99391684962363,4.791881702149631
PedNYC1,PedNYC1_scenario7,7,51.0,-1.6615454814269812,64.5877439312813,41.645508897080674,57.480496002224186,-2.2144874802290047,59.84895476035874,4.770939913737343
PedNYC1,PedNYC1_scenario7,7,52.0,-1.6609665644968827,64.0663298730329,40.93851253280532,57.48292259096921,-2.248021514000097,59.683057567408575,4.422409933394845
PedNYC1,PedNYC1_scenario7,7,53.0,-1.697994934301083,63.702662315438516,40.24975776991025,57.48544233867406,-2.277587970422157,59.52632988763707,4.216358693828833
PedNYC1,PedNYC1_scenario7,7,54.0,-1.7290426505450796,63.38073057970892,39.56345590573521,57.488093121044145,-2.301592656893684,59.3659782357695,4.055372965947381
PedNYC1,PedNYC1_scenario7,7,55.0,-1.75337964207814,63.06081094808319,38.86241718140347,57.490958752289664,-2.3187361063245047,59.20312763019762,3.8988906772000855
PedNYC1,PedNYC1_scenario7,7,56.0,-1.7853736812990173,62.720228512775236,38.13116611595003,57.494109222317036,-2.335983135285132,59.03468440388436,3.726446853156383
PedNYC1,PedNYC1_scenario7,7,57.0,-1.832713258598476,62.385203269833205,37.35733466642427,57.497624940786594,-2.3478834376586577,58.85606527571749,3.566541082744455
PedNYC1,PedNYC1_scenario7,7,58.0,-1.8661554812030314,62.061348658970424,36.53484934141638,57.50156767912735,-2.356572341355403,58.67640959408112,3.420280861235722
PedNYC1,PedNYC1_scenario7,7,59.0,-1.9103897953088298,61.74892740572207,35.66330203412337,57.50597356943373,-2.3641466241838485,58.48902231670298,3.2913335366023437
PedNYC1,PedNYC1_scenario7,7,60.0,-1.9484486824222507,61.45012632212635,34.754538117324365,57.510810328100966,-2.3742515033485385,58.299816905202135,3.1789554046369033
PedNYC1,PedNYC1_scenario7,7,61.0,-1.999772919319864,61.15237107926411,33.85002700079901,57.51587960488853,-2.377963886139109,58.10713509211997,3.0686300892713367
PedNYC1,PedNYC1_scenario7,7,62.0,-1.9756336537914012,60.85926658560719,32.98087764736259,57.52098553610579,-2.3804198148149536,57.89689128640748,2.9899028829486647
PedNYC1,PedNYC1_scenario7,7,63.0,-1.9426293920975792,60.59788277359553,32.16011920123829,57.525872438292645,-2.3849380150197503,57.68907474822599,2.942244219361394
PedNYC1,PedNYC1_scenario7,7,64.0,-1.9579864353858998,60.32970347058463,31.38663635800783,57.53020742049975,-2.3850501616211113,57.48117908866655,2.880360147732866
PedNYC1,PedNYC1_scenario7,7,65.0,-1.995983422097426,60.01081108110589,30.658913932464284,57.53418403246153,-2.3858143160856677,57.27315433712882,2.7652726038766597
PedNYC1,PedNYC1_scenario7,7,66.0,-2.0102218947696624,59.71590853845445,29.974115953421382,57.537839531815656,-2.3926217581637808,57.06570983848314,2.6776450109851146
PedNYC1,PedNYC1_scenario7,7,67.0,-2.002512308146025,59.3607731094911,29.329373745553138,57.54121101154694,-2.398558797595679,56.85803245375493,2.533883109316628
PedNYC1,PedNYC1_scenario7,7,68.0,-2.0046584671813843,59.11995657689964,28.726241831782247,57.54429981787849,-2.4077036072231186,56.641970697922915,2.5105496213616876
PedNYC1,PedNYC1_scenario7,7,69.0,-2.0316981747709253,58.67002875411467,28.17354225572257,57.547083033547786,-2.415015727919912,56.43009099250135,2.27249939987966
PedNYC1,PedNYC1_scenario7,7,70.0,-2.0620568593328237,58.24564576184749,27.655282098982507,57.549643899711874,-2.422020393678583,56.214470375648766,2.0628250520968163
PedNYC1,PedNYC1_scenario7,7,71.0,-2.080352928729087,57.93595436156063,27.167317348974233,57.552011207464034,-2.4269724397469417,56.008479002045576,1.9583938181468905
PedNYC1,PedNYC1_scenario7,7,72.0,-2.1268056750787285,57.536470717413636,26.708289796862186,57.55420456385356,-2.4299435337046402,55.79825016558253,1.7644555103884982
PedNYC1,PedNYC1_scenario7,7,73.0,-2.168838926903541,57.21676852886397,26.276092784394653,57.55616136622421,-2.429735116082203,55.60030893962585,1.6373785222629
PedNYC1,PedNYC1_scenario7,7,74.0,-2.2019913232313812,56.8893961542104,25.869334053473295,57.557739661351036,-2.4283082050858154,55.397561281777115,1.5089037801067224
PedNYC1,PedNYC1_scenario7,7,75.0,-2.222255079241299,56.603753228616874,25.486403012982276,57.55911585708458,-2.421824706729757,55.212276096887436,1.4057157053763987
PedNYC1,PedNYC1_scenario7,7,76.0,-2.2678285588509546,56.320797196773626,25.126152226630154,57.56031716074578,-2.4286736214789655,55.021437951914315,1.3092767397968874
PedNYC1,PedNYC1_scenario7,7,77.0,-2.339289785424428,55.989640275260356,24.78672128197211,57.56137018562018,-2.4301330616127985,54.82563005956742,1.1675496919044366
PedNYC1,PedNYC1_scenario7,7,78.0,-2.369785209815666,55.73041334685185,24.467553492037062,57.56229230971534,-2.4192704527393323,54.63361400676902,1.0979151067697968
PedNYC1,PedNYC1_scenario7,7,79.0,-2.3807336120235423,55.37496961854946,24.167057831491032,57.56309245907821,-2.4121458929481774,54.450150393267315,0.925352544084875
PedNYC1,PedNYC1_scenario7,7,80.0,-2.4012097341660636,55.081342439126956,23.88412367851783,57.56378900736752,-2.4150029778190207,54.28017516036704,0.8012860051979221
PedNYC1,PedNYC1_scenario7,7,81.0,-2.4310672385465093,54.76491158215143,23.614907245477845,57.564402600650325,-2.419677318184543,54.13106105884797,0.6339528501220889
PedNYC1,PedNYC1_scenario7,7,82.0,-2.42052560179506,54.48423206767766,23.34039836121878,57.564935956889734,-2.4217138474320294,53.98588990119725,0.4983435831031489
PedNYC1,PedNYC1_scenario7,7,83.0,-2.3750639761223318,54.19489049695532,23.033547441622446,57.565027087346,-2.416448032790178,53.8554228040764,0.3419809273261068
PedNYC1,PedNYC1_scenario7,7,84.0,-2.3302302957473437,53.95697202259849,22.671336634291794,57.56479016940131,-2.401326535180318,53.73853539473803,0.22971555378894373
PedNYC1,PedNYC1_scenario7,7,85.0,-2.304511892013347,53.73753295882278,22.242447732247964,57.56418010523862,-2.3882335614430015,53.622922337058654,0.1419327747676645
PedNYC1,PedNYC1_scenario7,7,86.0,-2.2631769419444163,53.575864163599306,21.738460129229495,57.5630115420406,-2.3730247323670524,53.51437246562652,0.12588791038186084
PedNYC1,PedNYC1_scenario7,7,87.0,-2.1814903370853798,53.41150068277506,21.164091485270212,57.56108762069556,-2.3560070565428965,53.41362143574351,0.17452960483358343
PedNYC1,PedNYC1_scenario7,7,88.0,-2.111985629429342,53.29479639103691,20.528143461114574,57.558214124181625,-2.346549734106968,53.308988712921284,0.23499306628853092
PedNYC1,PedNYC1_scenario7,7,89.0,-2.0349663230700368,53.13696177565965,19.836555105837316,57.55439113934132,-2.345545922200913,53.1990945984884,0.3167336026836507
PedNYC1,PedNYC1_scenario7,7,90.0,-1.9900659737778312,53.04606236409483,19.114419770893452,57.550007028502826,-2.342508721773835,53.09239776554801,0.355475540709627
PedNYC1,PedNYC1_scenario7,7,91.0,-1.9575750999951984,52.95412461378925,18.401648145088988,57.547911154681344,-2.3279039841640072,53.000645687088635,0.3732394576014734
PedNYC1,PedNYC1_scenario7,7,92.0,-1.9243808543484195,52.874422592397686,17.714413496324266,57.54853889153284,-2.3174661549219384,52.903490603800336,0.39415860109082773
PedNYC1,PedNYC1_scenario7,7,93.0,-1.8733490854563257,52.81287021986299,17.055503504020912,57.55053402043387,-2.3121221130082104,52.81277449724459,0.4387730379932962
PedNYC1,PedNYC1_scenario7,7,94.0,-1.7748655691365174,52.782711271485994,16.430102597213896,57.55261218287946,-2.2979602575939535,52.73566537135801,0.5252060260614251
PedNYC1,PedNYC1_scenario7,7,95.0,-1.7095033111416815,52.753463797356545,15.840008260098177,57.55456434814113,-2.2809311975388096,52.676771167182345,0.5765514624691587
PedNYC1,PedNYC1_scenario7,7,96.0,-1.6355383598799744,52.717177335926436,15.280643559004837,57.55678356470642,-2.262184356888782,52.629616521065046,0.6327338317700052
PedNYC1,PedNYC1_scenario7,7,97.0,-1.5815882311765737,52.73809882152903,14.719760489754291,57.559386607542685,-2.243680630893629,52.58158742277772,0.6803397413808625
PedNYC1,PedNYC1_scenario7,7,98.0,-1.6213001791190844,52.751771647275845,14.109999726191946,57.56264809354205,-2.220235810599497,52.52867242029464,0.6391378221764472
PedNYC1,PedNYC1_scenario7,7,99.0,-1.6213899017209845,52.68735546768476,13.468937550768082,57.566515793579505,-2.1944083224174116,52.4889274365392,0.6064023367383499
PedNYC1,PedNYC1_scenario7,7,100.0,-1.5942597389221191,52.61698532104492,12.851911544799805,57.57067108154297,-2.202244071733384,52.49667485555013,0.6197737950668226
PedNYC21,PedNYC21_scenario7,7,0.0,-1.859559774398804,70.0975112915039,52.02515411376953,58.59470748901367,-1.7987583564675373,70.12958791981573,0.06874389068351948
PedNYC21,PedNYC21_scenario7,7,1.0,-1.9048896351442082,70.0216289783696,51.07086319741109,58.60240558075747,-1.8044872955447269,70.0647341920194,0.10926430908967519
PedNYC21,PedNYC21_scenario7,7,2.0,-1.9110469105977645,69.90514812091193,50.16878184225067,58.609646719987104,-1.8135075132234157,69.98504923884316,0.1260877578784366
PedNYC21,PedNYC21_scenario7,7,3.0,-1.873348002962834,69.73863217588745,49.31604224391695,58.61715901329038,-1.8151326907762673,69.89108624097307,0.1631908837346933
PedNYC21,PedNYC21_scenario7,7,4.0,-1.8162407432797651,69.55967776042766,48.510144976029004,58.62379995309337,-1.7891769726512223,69.78299891380624,0.22495507379690866
PedNYC21,PedNYC21_scenario7,7,5.0,-1.8012340812847236,69.360489438066,47.748377907581116,58.62801804251971,-1.7366350850065908,69.65531823803282,0.30182288119030803
PedNYC21,PedNYC21_scenario7,7,6.0,-1.837056009296235,69.14267043985146,47.02827023231767,58.630885383115825,-1.6920554512913224,69.51981095759781,0.4040546150555945
PedNYC21,PedNYC21_scenario7,7,7.0,-1.8695288152665868,68.93345396254921,46.33908106562442,58.63373989830039,-1.6747214486460915,69.38004988468087,0.4872348794516287
PedNYC21,PedNYC21_scenario7,7,8.0,-1.8546511495891198,68.6922935459524,45.64272025081747,58.63643286623603,-1.6684897381483927,69.21820662499455,0.5578894494585857
PedNYC21,PedNYC21_scenario7,7,9.0,-1.8104928419315183,68.45320241456061,44.920146273113794,58.63923390627798,-1.663795592994915,69.05173078195773,0.6162436932128657
PedNYC21,PedNYC21_scenario7,7,10.0,-1.7835807775022243,68.19837944642605,44.16842674859538,58.64214424238564,-1.6452506459833909,68.88753958556255,0.7029060553592235
PedNYC21,PedNYC21_scenario7,7,11.0,-1.7889143021962532,67.92012346959977,43.39413926238359,58.645411234965394,-1.624003297740102,68.70632859986135,0.8033144753086191
PedNYC21,PedNYC21_scenario7,7,12.0,-1.7894956208575938,67.67568592992119,42.62475959986287,58.64892092589332,-1.6071961942375586,68.52756931387593,0.8711706955609658
PedNYC21,PedNYC21_scenario7,7,13.0,-1.7626345821397065,67.40670507195001,41.85647798203098,58.65276509252253,-1.6012667235446376,68.33900339191803,0.9461605271848623
PedNYC21,PedNYC21_scenario7,7,14.0,-1.7186458306533228,67.13694619442569,41.06696440304811,58.657323542963425,-1.5995097853220477,68.15482363782705,1.024825783771303
PedNYC21,PedNYC21_scenario7,7,15.0,-1.7201960443468105,66.86286494895691,40.254725235568685,58.66135905953309,-1.5974975052463378,67.96434182820765,1.108289784768108
PedNYC21,PedNYC21_scenario7,7,16.0,-1.7615131295023152,66.57137918453101,39.424867972073976,58.664720477712464,-1.5903727079915044,67.77781012651347,1.2185091963738255
PedNYC21,PedNYC21_scenario7,7,17.0,-1.7743737096043855,66.2951750015269,38.578666030962005,58.66898420844096,-1.5802431883294858,67.57847148321807,1.2978969601672514
PedNYC21,PedNYC21_scenario7,7,18.0,-1.7559760252183523,65.99519772127098,37.71739557509657,58.67263207168338,-1.5794076855243375,67.37789560033887,1.3939260394157018
PedNYC21,PedNYC21_scenario7,7,19.0,-1.7562956900929338,65.67940799880898,36.84489498607178,58.67591476975883,-1.5818540068375722,67.16943870510187,1.5002071212178125
PedNYC21,PedNYC21_scenario7,7,20.0,-1.796799053368674,65.37084920952074,35.97071981279286,58.67772261941297,-1.5769150128696352,66.96860760253605,1.612817681486985
PedNYC21,PedNYC21_scenario7,7,21.0,-1.8255879031751325,65.08614525270168,35.11955887646332,58.6778703648215,-1.5666988025464168,66.77769326555389,1.7112446482629546
PedNYC21,PedNYC21_scenario7,7,22.0,-1.8125636252721822,64.79778916846814,34.30200260899667,58.67785170795188,-1.5618601393057432,66.57315760707064,1.792982244937634
PedNYC21,PedNYC21_scenario7,7,23.0,-1.7733208194429608,64.49588063520565,33.52353147160758,58.678065418650206,-1.5702201131748015,66.36136525993687,1.8765081353394713
PedNYC21,PedNYC21_scenario7,7,24.0,-1.774010898026946,64.20464478097884,32.78657745866473,58.67995354980345,-1.5889873941493413,66.14754934562262,1.9516946083598206
PedNYC21,PedNYC21_scenario7,7,25.0,-1.8023920753192453,63.90529814908202,32.09018779136765,58.683193990322344,-1.5983587235658678,65.92468469896315,2.029667866048166
PedNYC21,PedNYC21_scenario7,7,26.0,-1.8063720494273219,63.60818838371896,31.432053689811443,58.68658471001785,-1.6106631409790304,65.68843563943499,2.089433086212639
PedNYC21,PedNYC21_scenario7,7,27.0,-1.7914238895166812,63.308338401753254,30.809503119862253,58.69024309271009,-1.6178168090056293,65.46057403118412,2.1592261630026766
PedNYC21,PedNYC21_scenario7,7,28.0,-1.807328583536973,63.01323262635257,30.221061961769863,58.693288195351364,-1.6273598023634792,65.21168667794487,2.205808010494039
PedNYC21,PedNYC21_scenario7,7,29.0,-1.8605472225826845,62.734158830577826,29.664990354532293,58.69459120933267,-1.6378621832140166,64.9576700068143,2.2346343274923353
PedNYC21,PedNYC21_scenario7,7,30.0,-1.9094271938771346,62.46768354723094,29.1392159255469,58.694335981542444,-1.6460094969998118,64.71534507392381,2.26304467954203
PedNYC21,PedNYC21_scenario7,7,31.0,-1.941875609762369,62.1842731041756,28.642151706534186,58.69428236410286,-1.6595010611412317,64.45652561218063,2.2897307365374027
PedNYC21,PedNYC21_scenario7,7,32.0,-1.9669422684221116,61.95979118423922,28.172189127399484,58.69444705699611,-1.6803209848633058,64.20696325026942,2.2653772433162973
PedNYC21,PedNYC21_scenario7,7,33.0,-2.0467433451321253,61.69393295427158,27.718986654265624,58.69516164802141,-1.7027411981139662,63.94745916580432,2.2796310805080267
PedNYC21,PedNYC21_scenario7,7,34.0,-2.135080231256021,61.45722238404136,27.26020541524618,58.69629791453845,-1.7314314752423385,63.679596831623236,2.258734270226635
PedNYC21,PedNYC21_scenario7,7,35.0,-2.1502269733878125,61.218702271132635,26.78005808128838,58.697199797942815,-1.7623378897891215,63.427240191446934,2.2423420092932393
PedNYC21,PedNYC21_scenario7,7,36.0,-2.100909570856745,61.000461527486905,26.257415195777956,58.69784407512721,-1.7707294303380474,63.17452065580717,2.1989888627788963
PedNYC21,PedNYC21_scenario7,7,37.0,-2.0744624628039876,60.84288444341194,25.672931553481998,58.69696424524878,-1.7894204809177605,62.9212609852302,2.097831733246985
PedNYC21,PedNYC21_scenario7,7,38.0,-2.0892488794478923,60.73211443767564,25.02279681783875,58.69432393850078,-1.8274121214029475,62.676255534174345,1.9616939340678685
PedNYC21,PedNYC21_scenario7,7,39.0,-2.151857869700133,60.582581001165515,24.314190240473742,58.69051892230414,-1.8667239833615077,62.435007495273055,1.8742425801400737
PedNYC21,PedNYC21_scenario7,7,40.0,-2.1907360457798366,60.413394503635935,23.597831169330167,58.68761253740706,-1.8982154123512582,62.19529549440148,1.8057517719422789
PedNYC21,PedNYC21_scenario7,7,41.0,-2.189920122246867,60.26286846022731,22.92231582808542,58.68597969634672,-1.9219389665338193,61.96765729282138,1.72572270760825
PedNYC21,PedNYC21_scenario7,7,42.0,-2.1453085255489226,60.006849131813055,22.30982473768972,58.68466660493268,-1.9555172824774003,61.72462815237138,1.7282318939936712
PedNYC21,PedNYC21_scenario7,7,43.0,-2.159723868639725,59.74161987116913,21.764809503470318,58.68162657209223,-1.986408654799358,61.48789631599653,1.7548560012455612
PedNYC21,PedNYC21_scenario7,7,44.0,-2.228099962564405,59.41993676745093,21.436344477704758,58.679249231799574,-2.0172820479248297,61.25086573581006,1.8430260660960858
PedNYC21,PedNYC21_scenario7,7,45.0,-2.2640054842274786,59.14188281933252,21.362351661107134,58.67867660522461,-2.0469220365489775,61.01316575639532,1.8838325439906656
PedNYC21,PedNYC21_scenario7,7,46.0,-2.237545123447017,58.81047988573036,21.36180965411452,58.67866646086333,-2.0634461788823915,60.78531909504752,1.9824985107573079
PedNYC21,PedNYC21_scenario7,7,47.0,-2.216915448073731,58.514194597008604,21.361587203514052,58.67866516113281,-2.0878602811506726,60.574530428674755,2.0643737489507537
PedNYC21,PedNYC21_scenario7,7,48.0,-2.2534007584671842,58.22164087942589,21.36161129594125,58.67866516113281,-2.124839174245565,60.37243221107186,2.1546302312046524
PedNYC21,PedNYC21_scenario7,7,49.0,-2.307617983608065,57.90866875076038,21.357557222531806,58.678635202893766,-2.1630685110140933,60.17522842371259,2.2711643051704633
PedNYC21,PedNYC21_scenario7,7,50.0,-2.3303029926170207,57.64228003909331,21.31890827165523,58.678430389350574,-2.1903117353644093,59.99391684962363,2.3557999152619895
PedNYC21,PedNYC21_scenario7,7,51.0,-2.33446559298452,57.37654345003343,21.199331672189103,58.67792135911437,-2.2144874802290047,59.84895476035874,2.4753206731583024
PedNYC21,PedNYC21_scenario7,7,52.0,-2.3548110855360123,57.087773912588254,20.973753799304337,58.67704126265379,-2.248021514000097,59.683057567408575,2.5974797904057594
PedNYC21,PedNYC21_scenario7,7,53.0,-2.3960068758587463,56.727965788997956,20.633177001510322,58.67578772561034,-2.277587970422157,59.52632988763707,2.800868555594334
PedNYC21,PedNYC21_scenario7,7,54.0,-2.4071989935294438,56.41031044082554,20.17456084254419,58.674530275020835,-2.301592656893684,59.3659782357695,2.957553856214032
PedNYC21,PedNYC21_scenario7,7,55.0,-2.3740526880739496,56.12946209460253,19.59976563180008,58.6773131891287,-2.3187361063245047,59.20312763019762,3.074163259965465
PedNYC21,PedNYC21_scenario7,7,56.0,-2.34500384386356,55.89112899742773,18.912715719531107,58.68482472633709,-2.335983135285132,59.03468440388436,3.1435683492881132
PedNYC21,PedNYC21_scenario7,7,57.0,-2.3466505098895514,55.617423333479245,18.123344395230983,58.696589846871134,-2.3478834376586577,58.85606527571749,3.2386421769216187
PedNYC21,PedNYC21_scenario7,7,58.0,-2.3675600663287053,55.37183329714383,17.263918072817038,58.71261213017871,-2.356572341355403,58.67640959408112,3.3045945639941783
PedNYC21,PedNYC21_scenario7,7,59.0,-2.3744231589823106,55.061745838923876,16.368305215941106,58.72972445424014,-2.3641466241838485,58.48902231670298,3.4272918846088083
PedNYC21,PedNYC21_scenario7,7,60.0,-2.349492754232178,54.80293371138975,15.460823305176051,58.73963218691523,-2.3742515033485385,58.299816905202135,3.4969708415749374
PedNYC21,PedNYC21_scenario7,7,61.0,-2.3315503386772947,54.56063750773608,14.577127682894268,58.74836416568886,-2.377963886139109,58.10713509211997,3.5468012819199113
PedNYC21,PedNYC21_scenario7,7,62.0,-2.327813895641644,54.32140572724173,13.720774796715602,58.75192094662871,-2.3804198148149536,57.89689128640748,3.5758725321989426
PedNYC21,PedNYC21_scenario7,7,63.0,-2.341434189964782,54.09585663165536,12.879277117732972,58.75609239307048,-2.3849380150197503,57.68907474822599,3.593481461764596
PedNYC21,PedNYC21_scenario7,7,64.0,-2.3229698200797833,53.8568673882663,12.039186636890106,58.76196532257217,-2.3850501616211113,57.48117908866655,3.624843344265243
PedNYC21,PedNYC21_scenario7,7,65.0,-2.2820810901301454,53.60992417018441,11.194946863510324,58.768161025005725,-2.3858143160856677,57.27315433712882,3.664698601273883
PedNYC21,PedNYC21_scenario7,7,66.0,-2.3056880143905776,53.351072484935415,10.338888230235039,58.774855867782556,-2.3926217581637808,57.06570983848314,3.7156544705042815
PedNYC21,PedNYC21_scenario7,7,67.0,-2.352396048541104,53.123178549486575,9.46248994226995,58.78201390423036,-2.398558797595679,56.85803245375493,3.7351391788832786
PedNYC21,PedNYC21_scenario7,7,68.0,-2.3691550371181807,52.91222489716552,8.55923578174829,58.789377311421255,-2.4077036072231186,56.641970697922915,3.7299450036863195
PedNYC21,PedNYC21_scenario7,7,69.0,-2.3408038320061784,52.75576159343919,7.628318535255336,58.7965364528728,-2.415015727919912,56.43009099250135,3.675078766272582
PedNYC21,PedNYC21_scenario7,7,70.0,-2.3131039766410053,52.65838262803415,6.670839126686642,58.802660307711065,-2.422020393678583,56.214470375648766,3.557755311237005
PedNYC21,PedNYC21_scenario7,7,71.0,-2.3125579508094827,52.551158722627775,5.692598722926075,58.803154052824105,-2.4269724397469417,56.008479002045576,3.4592129436842125
PedNYC21,PedNYC21_scenario7,7,72.0,-2.3520048877420106,52.42392268996363,4.701803299692422,58.799939883740976,-2.4299435337046402,55.79825016558253,3.375227450891435
PedNYC21,PedNYC21_scenario7,7,73.0,-2.3856968189246404,52.30057943827852,3.7157354869290287,58.79565257680728,-2.429735116082203,55.60030893962585,3.3000233565352888
PedNYC21,PedNYC21_scenario7,7,74.0,-2.384660327138715,52.17833762729466,2.7432425820931248,58.79161226306026,-2.4283082050858154,55.397561281777115,3.2195195409918944
PedNYC21,PedNYC21_scenario7,7,75.0,-2.3559184307363665,52.0885131784448,1.7827192936354728,58.78907053235551,-2.421824706729757,55.212276096887436,3.124458098271215
PedNYC21,PedNYC21_scenario7,7,76.0,-2.314986709173863,51.995170165358275,0.8338248690499513,58.788138904402416,-2.4286736214789655,55.021437951914315,3.028402455086884
PedNYC21,PedNYC21_scenario7,7,77.0,-2.2847367740900424,51.89320411729463,-0.11649526065806881,58.78919822370997,-2.4301330616127985,54.82563005956742,2.9360282674626754
PedNYC21,PedNYC21_scenario7,7,78.0,-2.2830429805829007,51.76480310624989,-1.0907514435656458,58.79302890151854,-2.4192704527393323,54.63361400676902,2.87204350717525
PedNYC21,PedNYC21_scenario7,7,79.0,-2.293641526994792,51.65238666043157,-2.1010862761048714,58.79644471801697,-2.4121458929481774,54.450150393267315,2.8002723420269375
PedNYC21,PedNYC21_scenario7,7,80.0,-2.303649613138153,51.58487539235644,-3.1531373209294182,58.7991791952955,-2.4150029778190207,54.28017516036704,2.6975990086118697
PedNYC21,PedNYC21_scenario7,7,81.0,-2.32580253525125,51.55524882573077,-4.251345923137797,58.80094580302193,-2.419677318184543,54.13106105884797,2.5775222860621354
PedNYC21,PedNYC21_scenario7,7,82.0,-2.3440197006220607,51.56757390479241,-5.402120649891148,58.801410194163786,-2.4217138474320294,53.98588990119725,2.419563729046218
PedNYC21,PedNYC21_scenario7,7,83.0,-2.3374060901186526,51.57929544507789,-6.607705633263051,58.80075375057676,-2.416448032790178,53.8554228040764,2.277499370599872
PedNYC21,PedNYC21_scenario7,7,84.0,-2.298505808825783,51.59807765456673,-7.867248902362464,58.80053923496218,-2.401326535180318,53.73853539473803,2.1429259061449843
PedNYC21,PedNYC21_scenario7,7,85.0,-2.220802418609922,51.65182021781952,-9.176331122550677,58.80140982597533,-2.3882335614430015,53.622922337058654,1.9782003821805811
PedNYC21,PedNYC21_scenario7,7,86.0,-2.1899239830642045,51.719696197772926,-10.52906552288537,58.80580853173202,-2.3730247323670524,53.51437246562652,1.803992458629519
PedNYC21,PedNYC21_scenario7,7,87.0,-2.2088768705642385,51.75220940313894,-11.922054091546322,58.811438388749096,-2.3560070565428965,53.41362143574351,1.667914036666564
PedNYC21,PedNYC21_scenario7,7,88.0,-2.2485991220280774,51.759140319224954,-13.352547801381938,58.81707243053566,-2.346549734106968,53.308988712921284,1.5529405545125423
PedNYC21,PedNYC21_scenario7,7,89.0,-2.281194126063997,51.75783596812714,-14.816339919175578,58.81986136395562,-2.345545922200913,53.1990945984884,1.4426945599318195
PedNYC21,PedNYC21_scenario7,7,90.0,-2.3020695002043374,51.744402549773255,-16.31009626169253,58.81925713368345,-2.342508721773835,53.09239776554801,1.3486016581603208
PedNYC21,PedNYC21_scenario7,7,91.0,-2.3085681331666525,51.732735709864436,-17.830774658190258,58.81463859626088,-2.3279039841640072,53.000645687088635,1.2680574062235757
PedNYC21,PedNYC21_scenario7,7,92.0,-2.313182008660501,51.72742575382014,-19.37544995160172,58.80817367408974,-2.3174661549219384,52.903490603800336,1.1760726530568268
PedNYC21,PedNYC21_scenario7,7,93.0,-2.3172178835995965,51.711040737355496,-20.9288808812558,58.80455701902839,-2.3121221130082104,52.81277449724459,1.1017455443782282
PedNYC21,PedNYC21_scenario7,7,94.0,-2.3277610166948666,51.691468715092064,-22.44885015811139,58.80417812864956,-2.2979602575939535,52.73566537135801,1.0446218177886064
PedNYC21,PedNYC21_scenario7,7,95.0,-2.3321293813764585,51.6839979376797,-23.84174830024702,58.80988627262724,-2.2809311975388096,52.676771167182345,0.994092520465468
PedNYC21,PedNYC21_scenario7,7,96.0,-2.3359711773370186,51.690406600577155,-24.903006224236172,58.82258224169322,-2.262184356888782,52.629616521065046,0.9421039059545022
PedNYC21,PedNYC21_scenario7,7,97.0,-2.3387430407494505,51.70227072870091,-25.550194161621516,58.83424119188649,-2.243680630893629,52.58158742277772,0.8844403373036375
PedNYC21,PedNYC21_scenario7,7,98.0,-2.325325096541007,51.722358765757,-25.782530105658804,58.83901413133275,-2.220235810599497,52.52867242029464,0.8131331179539673
PedNYC21,PedNYC21_scenario7,7,99.0,-2.282321992147308,51.74443727926675,-25.7861132214007,58.83908733523896,-2.1944083224174116,52.4889274365392,0.7496628626262191
PedNYC21,PedNYC21_scenario7,7,100.0,-2.228389263153076,51.75669097900391,-25.78658676147461,58.839111328125,-2.202244071733384,52.49667485555013,0.7404456148717086
PedNYC22,PedNYC22_scenario7,7,0.0,-1.6611790657043457,70.0554428100586,54.428184509277344,58.233177185058594,-1.7987583564675373,70.12958791981573,0.1562867830233931
PedNYC22,PedNYC22_scenario7,7,1.0,-1.6981337585593521,69.80642064335288,51.97602159888779,58.23886538738808,-1.8044872955447269,70.0647341920194,0.2793509696671747
PedNYC22,PedNYC22_scenario7,7,2.0,-1.6649507841335371,69.45278559058889,49.503870806937485,58.23455094750914,-1.8135075132234157,69.98504923884316,0.5526062730469415
PedNYC22,PedNYC22_scenario7,7,3.0,-1.5982522897304656,69.02063654751501,47.01012147859369,58.22092257664657,-1.8151326907762673,69.89108624097307,0.8970617465921794
PedNYC22,PedNYC22_scenario7,7,4.0,-1.6117483993214847,68.60562715457844,44.48879194379708,58.20205235617867,-1.7891769726512223,69.78299891380624,1.1906658465165538
PedNYC22,PedNYC22_scenario7,7,5.0,-1.5395992021308476,68.14508954084067,41.93482119449313,58.18096096309378,-1.7366350850065908,69.65531823803282,1.5230278582361236
PedNYC22,PedNYC22_scenario7,7,6.0,-1.5330919885642227,67.6467388284107,39.348070913618,58.164115402477165,-1.6920554512913224,69.51981095759781,1.8798054643020152
PedNYC22,PedNYC22_scenario7,7,7.0,-1.509189652492343,67.18414200096463,36.73670542400368,58.15479202437449,-1.6747214486460915,69.38004988468087,2.202138099508077
PedNYC22,PedNYC22_scenario7,7,8.0,-1.479727544605452,66.67414453782604,34.109447282369175,58.156363622130506,-1.6684897381483927,69.21820662499455,2.551055285382767
PedNYC22,PedNYC22_scenario7,7,9.0,-1.512416201942986,66.17435925710403,31.46273705543887,58.17119395037841,-1.663795592994915,69.05173078195773,2.881350831133578
PedNYC22,PedNYC22_scenario7,7,10.0,-1.4488185383138887,65.73023889813373,28.79345937751999,58.19782263865539,-1.6452506459833909,68.88753958556255,3.163405317654055
PedNYC22,PedNYC22_scenario7,7,11.0,-1.4759993850766648,65.21551638200086,26.096320930912853,58.22307496069483,-1.624003297740102,68.70632859986135,3.493948353729315
PedNYC22,PedNYC22_scenario7,7,12.0,-1.4714203655085567,64.74833599283222,23.384092608391548,58.23624787293495,-1.6071961942375586,68.52756931387593,3.781671531287994
PedNYC22,PedNYC22_scenario7,7,13.0,-1.5711862226337219,64.28041495024284,20.793582333561634,58.23614335958923,-1.6012667235446376,68.33900339191803,4.05869991197113
PedNYC22,PedNYC22_scenario7,7,14.0,-1.623340876505637,63.79016497221557,18.401657714267177,58.23187826013524,-1.5995097853220477,68.15482363782705,4.36472372415533
PedNYC22,PedNYC22_scenario7,7,15.0,-1.6519300065337235,63.303647708074806,16.228294131373474,58.22892559247929,-1.5974975052463378,67.96434182820765,4.661011969372883
PedNYC22,PedNYC22_scenario7,7,16.0,-1.766558604164131,62.86522693453151,14.557579459743305,58.23205201585015,-1.5903727079915044,67.77781012651347,4.915741560350158
PedNYC22,PedNYC22_scenario7,7,17.0,-1.818311060353624,62.420448161693805,13.651788158618228,58.23693663270261,-1.5802431883294858,67.57847148321807,5.163514394003204
PedNYC22,PedNYC22_scenario7,7,18.0,-1.9466054631233263,61.97585454345766,13.504939112212794,58.23793183801594,-1.5794076855243375,67.37789560033887,5.414506606155723
PedNYC22,PedNYC22_scenario7,7,19.0,-2.0226435963616733,61.573225653658916,13.50420838543746,58.23794174194336,-1.5818540068375722,67.16943870510187,5.613545758197154
PedNYC22,PedNYC22_scenario7,7,20.0,-2.0741330016923727,61.25413704320505,13.5041427656804,58.23794554774077,-1.5769150128696352,66.96860760253605,5.736061323056941
PedNYC22,PedNYC22_scenario7,7,21.0,-2.0648755727946737,61.00018842832805,13.504143046664796,58.23794441490332,-1.5666988025464168,66.77769326555389,5.79894320015147
PedNYC22,PedNYC22_scenario7,7,22.0,-2.037732105954344,60.77870109946156,13.504143141798084,58.23793944951655,-1.5618601393057432,66.57315760707064,5.813964254036592
PedNYC22,PedNYC22_scenario7,7,23.0,-2.163331911331897,60.60283891102107,13.504153519839269,58.23794135023879,-1.5702201131748015,66.36136525993687,5.788990181048053
PedNYC22,PedNYC22_scenario7,7,24.0,-2.4332043664599716,60.39484654505986,13.504151194237155,58.23794174194336,-1.5889873941493413,66.14754934562262,5.8143178282529355
PedNYC22,PedNYC22_scenario7,7,25.0,-2.6988336034629543,60.17971767172613,13.504207114778374,58.23794174194336,-1.5983587235658678,65.92468469896315,5.849418014240822
PedNYC22,PedNYC22_scenario7,7,26.0,-2.88903948485423,59.97688359238538,13.504174111166984,58.23794174194336,-1.6106631409790304,65.68843563943499,5.852868772041305
PedNYC22,PedNYC22_scenario7,7,27.0,-2.9429636689813763,59.83476576606585,13.504175724511938,58.23794137031644,-1.6178168090056293,65.46057403118412,5.779769271898028
PedNYC22,PedNYC22_scenario7,7,28.0,-2.969606547241222,59.625526938651646,13.504242892580578,58.23794174194336,-1.6273598023634792,65.21168667794487,5.745155085551253
PedNYC22,PedNYC22_scenario7,7,29.0,-2.9367312925095823,59.30163253986844,13.5042790596356,58.23794174194336,-1.6378621832140166,64.9576700068143,5.803259497091055
PedNYC22,PedNYC22_scenario7,7,30.0,-2.9881034769756742,58.94623748559633,13.504226751661944,58.237945547695084,-1.6460094969998118,64.71534507392381,5.92315951302894
PedNYC22,PedNYC22_scenario7,7,31.0,-2.9836339752108962,58.50320393746139,13.504298263753757,58.237937927246094,-1.6595010611412317,64.45652561218063,6.098800450646377
PedNYC22,PedNYC22_scenario7,7,32.0,-3.0086096670412514,58.05482377397159,13.504320717725555,58.23794402989408,-1.6803209848633058,64.20696325026942,6.293899503409965
PedNYC22,PedNYC22_scenario7,7,33.0,-3.0276305709782707,57.6305782428308,13.504253616074735,58.23794174194336,-1.7027411981139662,63.94745916580432,6.454325405908469
PedNYC22,PedNYC22_scenario7,7,34.0,-3.0015248115720343,57.157774360589826,13.504105030611193,58.23794174194336,-1.7314314752423385,63.679596831623236,6.644343867280307
PedNYC22,PedNYC22_scenario7,7,35.0,-3.0411784759835387,56.8045083638789,13.504020677558623,58.23794174194336,-1.7623378897891215,63.427240191446934,6.745073024421655
PedNYC22,PedNYC22_scenario7,7,36.0,-3.0220279069234515,56.306351636211595,13.503966533180007,58.23794174194336,-1.7707294303380474,63.17452065580717,6.981224359611817
PedNYC22,PedNYC22_scenario7,7,37.0,-3.073359332335136,55.76288776820403,13.503909057927357,58.23794174194336,-1.7894204809177605,62.9212609852302,7.272606553940377
PedNYC22,PedNYC22_scenario7,7,38.0,-3.1005417560315784,55.3085282891425,13.503986022950498,58.237944025376116,-1.8274121214029475,62.676255534174345,7.476915394984362
PedNYC22,PedNYC22_scenario7,7,39.0,-3.0546722161820696,54.82645590832148,13.504133769518527,58.23794288141193,-1.8667239833615077,62.435007495273055,7.700732319407347
PedNYC22,PedNYC22_scenario7,7,40.0,-3.0372471751204575,54.312118696830645,13.480939573308248,58.23805241312025,-1.8982154123512582,62.19529549440148,7.965040475625736
PedNYC22,PedNYC22_scenario7,7,41.0,-2.9148130671884567,53.86621621706459,13.329054898282768,58.23872998801846,-1.9219389665338193,61.96765729282138,8.162055285509286
PedNYC22,PedNYC22_scenario7,7,42.0,-2.842553688333308,53.436588348488456,12.96165406948604,58.24038347793057,-1.9555172824774003,61.72462815237138,8.335372659699233
PedNYC22,PedNYC22_scenario7,7,43.0,-2.7450458459140497,53.134248301199115,12.340062900623442,58.243299478130844,-1.986408654799358,61.48789631599653,8.388025127696697
PedNYC22,PedNYC22_scenario7,7,44.0,-2.610624026380186,52.695475639627816,11.464917194999542,58.24772034430375,-2.0172820479248297,61.25086573581006,8.575940438298913
PedNYC22,PedNYC22_scenario7,7,45.0,-2.5396263986130854,52.35895514677098,10.342497536897335,58.25388157597485,-2.0469220365489775,61.01316575639532,8.668224666223841
PedNYC22,PedNYC22_scenario7,7,46.0,-2.420734189788055,52.07981150135268,8.980750567598955,58.262036212679185,-2.0634461788823915,60.78531909504752,8.712836345680747
PedNYC22,PedNYC22_scenario7,7,47.0,-2.3914167423184103,51.815143302508304,7.386754465069788,58.271136241869705,-2.0878602811506726,60.574530428674755,8.764645420732505
PedNYC22,PedNYC22_scenario7,7,48.0,-2.3512104320114937,51.59380497185997,5.575298294211015,58.27480632618605,-2.124839174245565,60.37243221107186,8.781545430695873
PedNYC22,PedNYC22_scenario7,7,49.0,-2.280412463282755,51.44579726541546,3.5630588205347373,58.267517430166684,-2.1630685110140933,60.17522842371259,8.730219811126341
PedNYC22,PedNYC22_scenario7,7,50.0,-2.2530133936429624,51.37230032354042,1.3609970705489771,58.248975485143525,-2.1903117353644093,59.99391684962363,8.621844525435494
PedNYC22,PedNYC22_scenario7,7,51.0,-2.2471066251587852,51.36623802081291,-1.0232105994415621,58.227010473738105,-2.2144874802290047,59.84895476035874,8.482779455578635
PedNYC22,PedNYC22_scenario7,7,52.0,-2.260277438123316,51.36729673781943,-3.577716767243369,58.20663279080078,-2.248021514000097,59.683057567408575,8.315769861089546
PedNYC22,PedNYC22_scenario7,7,53.0,-2.2796939367102995,51.36327221781176,-6.284938885326478,58.18952989209406,-2.277587970422157,59.52632988763707,8.16305794148172
PedNYC22,PedNYC22_scenario7,7,54.0,-2.2647691301066173,51.36884818159233,-9.122729227470487,58.17419815251525,-2.301592656893684,59.3659782357695,7.997214832399388
PedNYC22,PedNYC22_scenario7,7,55.0,-2.2633505239555904,51.37003710500877,-12.065934876811088,58.15720482061704,-2.3187361063245047,59.20312763019762,7.833286330687631
PedNYC22,PedNYC22_scenario7,7,56.0,-2.2570908002025543,51.376739965725584,-15.047482032156386,58.13675927646363,-2.335983135285132,59.03468440388436,7.65835080278135
PedNYC22,PedNYC22_scenario7,7,57.0,-2.2717983631477443,51.37319966765054,-18.01082706910713,58.11629945336876,-2.3478834376586577,58.85606527571749,7.483252411014513
PedNYC22,PedNYC22_scenario7,7,58.0,-2.2749400532228505,51.364678515450436,-20.95132269557779,58.10248807523881,-2.356572341355403,58.67640959408112,7.31218675887587
PedNYC22,PedNYC22_scenario7,7,59.0,-2.2703376169675633,51.37030903132469,-23.797610553729303,58.0983767790062,-2.3641466241838485,58.48902231670298,7.11933135689415
PedNYC22,PedNYC22_scenario7,7,60.0,-2.2637659225379805,51.3766252416092,-26.432674005582776,58.103606076673195,-2.3742515033485385,58.299816905202135,6.924073214113915
PedNYC22,PedNYC22_scenario7,7,61.0,-2.260357290515786,51.378548403899195,-28.82546299715499,58.11604833600987,-2.377963886139109,58.10713509211997,6.729614411854211
PedNYC22,PedNYC22_scenario7,7,62.0,-2.252271084293182,51.38572593811955,-30.587725369568652,58.13006868497843,-2.3804198148149536,57.89689128640748,6.512426298230165
PedNYC22,PedNYC22_scenario7,7,63.0,-2.254819022598161,51.38659825684205,-31.406904283370327,58.13823139187293,-2.3849380150197503,57.68907474822599,6.303819546642817
PedNYC22,PedNYC22_scenario7,7,64.0,-2.2531311701790773,51.384253349627734,-31.4720359203571,58.13893127441406,-2.3850501616211113,57.48117908866655,6.098352735588284
PedNYC22,PedNYC22_scenario7,7,65.0,-2.252813765693545,51.37774980587507,-31.472599999122927,58.13894462130946,-2.3858143160856677,57.27315433712882,5.896904589149454
PedNYC22,PedNYC22_scenario7,7,66.0,-2.25747634207139,51.37347521759535,-31.472637176513672,58.13894271850586,-2.3926217581637808,57.06570983848314,5.693838710634886
PedNYC22,PedNYC22_scenario7,7,67.0,-2.2611101228373847,51.37324680814857,-31.47263526916504,58.13893927995756,-2.398558797595679,56.85803245375493,5.486507606523695
PedNYC22,PedNYC22_scenario7,7,68.0,-2.2651611520061605,51.38702488533791,-31.472633361816406,58.1389411916674,-2.4077036072231186,56.641970697922915,5.256878716952102
PedNYC22,PedNYC22_scenario7,7,69.0,-2.273513177460147,51.40180420252205,-31.47263526916504,58.13894271850586,-2.415015727919912,56.43009099250135,5.0302774291351895
PedNYC22,PedNYC22_scenario7,7,70.0,-2.2707937470007367,51.39649335935768,-31.472648640767225,58.138942705064686,-2.422020393678583,56.214470375648766,4.820349782762098
PedNYC22,PedNYC22_scenario7,7,71.0,-2.267580272098765,51.390122262634534,-31.47271128561004,58.13894006121395,-2.4269724397469417,56.008479002045576,4.621106451443309
PedNYC22,PedNYC22_scenario7,7,72.0,-2.2631186494332023,51.39652546431514,-31.472774774124307,58.138941205178135,-2.4299435337046402,55.79825016558253,4.404884889274597
PedNYC22,PedNYC22_scenario7,7,73.0,-2.2616402799477004,51.40264190169624,-31.4726065984046,58.13894271850586,-2.429735116082203,55.60030893962585,4.201031353757764
PedNYC22,PedNYC22_scenario7,7,74.0,-2.258060044575162,51.40032013634081,-31.472496032714844,58.138939678409244,-2.4283082050858154,55.397561281777115,4.000865057825146
PedNYC22,PedNYC22_scenario7,7,75.0,-2.2576886497747055,51.39550294347955,-31.47261250435969,58.138940799941025,-2.421824706729757,55.212276096887436,3.8203007669250253
PedNYC22,PedNYC22_scenario7,7,76.0,-2.257980637364864,51.389887199785626,-31.47269128058758,58.138946533203125,-2.4286736214789655,55.021437951914315,3.635560061409002
PedNYC22,PedNYC22_scenario7,7,77.0,-2.255544911530113,51.38105579918591,-31.472666377892104,58.13894271850586,-2.4301330616127985,54.82563005956742,3.4489959201820106
PedNYC22,PedNYC22_scenario7,7,78.0,-2.2110677812577344,51.38579663913095,-31.472611290918998,58.13894271850586,-2.4192704527393323,54.63361400676902,3.25448398458858
PedNYC22,PedNYC22_scenario7,7,79.0,-2.171490119915533,51.39132307909887,-31.47257618853858,58.13894003878154,-2.4121458929481774,54.450150393267315,3.068279605739492
PedNYC22,PedNYC22_scenario7,7,80.0,-2.1633226862307358,51.42179797535211,-31.472694405963896,58.13894271850586,-2.4150029778190207,54.28017516036704,2.869436024898935
PedNYC22,PedNYC22_scenario7,7,81.0,-2.196424176063451,51.38412559630623,-31.472481571050213,58.13894271850586,-2.419677318184543,54.13106105884797,2.7559928158172613
PedNYC22,PedNYC22_scenario7,7,82.0,-2.276025949443016,51.32743915026611,-31.472466355038065,58.13894501542547,-2.4217138474320294,53.98588990119725,2.662439738049819
PedNYC22,PedNYC22_scenario7,7,83.0,-2.3014928119787026,51.33156560468002,-31.472413230815405,58.138939277622065,-2.416448032790178,53.8554228040764,2.5264738007224072
PedNYC22,PedNYC22_scenario7,7,84.0,-2.329517411963401,51.36766739909878,-31.47242278331608,58.13894348865658,-2.401326535180318,53.73853539473803,2.37195522784973
PedNYC22,PedNYC22_scenario7,7,85.0,-2.3174949657834785,51.382231544294704,-31.472419684639355,58.13894271850586,-2.3882335614430015,53.622922337058654,2.241807123213997
PedNYC22,PedNYC22_scenario7,7,86.0,-2.272190886690686,51.39726481729624,-31.472382726724135,58.138939660426765,-2.3730247323670524,53.51437246562652,2.1195075510722923
PedNYC22,PedNYC22_scenario7,7,87.0,-2.236210266353366,51.405017109637825,-31.47232888374682,58.13894271850586,-2.3560070565428965,53.41362143574351,2.0121736032932596
PedNYC22,PedNYC22_scenario7,7,88.0,-2.2359547588079822,51.39350749676836,-31.472170315303522,58.13894271850586,-2.346549734106968,53.308988712921284,1.9186712949320104
PedNYC22,PedNYC22_scenario7,7,89.0,-2.2239568483296983,51.33911997124334,-31.472079225253307,58.138938903808594,-2.345545922200913,53.1990945984884,1.8639446120741505
PedNYC22,PedNYC22_scenario7,7,90.0,-2.215838621782482,51.322823061234445,-31.471926097768456,58.13894271850586,-2.342508721773835,53.09239776554801,1.7741025754950732
PedNYC22,PedNYC22_scenario7,7,91.0,-2.194481324169032,51.365130999657325,-31.471994248877042,58.1389438893067,-2.3279039841640072,53.000645687088635,1.6409478660224621
PedNYC22,PedNYC22_scenario7,7,92.0,-2.199080287052364,51.381232364066456,-31.47205747226263,58.13894121857362,-2.3174661549219384,52.903490603800336,1.5268547285674963
PedNYC22,PedNYC22_scenario7,7,93.0,-2.2335315912244256,51.3912319499799,-31.472027392469737,58.13894271850586,-2.3121221130082104,52.81277449724459,1.4237133432675408
PedNYC22,PedNYC22_scenario7,7,94.0,-2.2539360618042124,51.4232655433666,-31.472049767055978,58.13894194837691,-2.2979602575939535,52.73566537135801,1.3131380119114764
PedNYC22,PedNYC22_scenario7,7,95.0,-2.246666417484701,51.45877537598518,-31.47223568518888,58.13894462807946,-2.2809311975388096,52.676771167182345,1.2184776659939947
PedNYC22,PedNYC22_scenario7,7,96.0,-2.2450317883443547,51.48390443901478,-31.472420898308478,58.13894271850586,-2.262184356888782,52.629616521065046,1.1458404712540171
PedNYC22,PedNYC22_scenario7,7,97.0,-2.2471061287510383,51.508563683410586,-31.472375292154265,58.13893967393754,-2.243680630893629,52.58158742277772,1.0730292070959697
PedNYC22,PedNYC22_scenario7,7,98.0,-2.2332577877541757,51.57478235867559,-31.47241935151489,58.13894271850586,-2.220235810599497,52.52867242029464,0.953978941876921
PedNYC22,PedNYC22_scenario7,7,99.0,-2.237966326556409,51.57996592328227,-31.472379682223277,58.13894538923894,-2.1944083224174116,52.4889274365392,0.9100045781790851
PedNYC22,PedNYC22_scenario7,7,100.0,-2.2699337005615234,51.51749801635742,-31.472394943237305,58.13894271850586,-2.202244071733384,52.49667485555013,0.9815137127225064
PedNYC23,PedNYC23_scenario7,7,0.0,-1.8896002769470213,70.06868743896484,84.67289733886719,58.0101318359375,-1.7987583564675373,70.12958791981573,0.10936691951532004
PedNYC23,PedNYC23_scenario7,7,1.0,-1.9621952261778348,70.00385362055016,84.52272465482952,58.01127346705424,-1.8044872955447269,70.0647341920194,0.1690509845194595
PedNYC23,PedNYC23_scenario7,7,2.0,-1.9789663368063313,69.99221469431218,84.18272210373009,58.01458115749939,-1.8135075132234157,69.98504923884316,0.16561390658251163
PedNYC23,PedNYC23_scenario7,7,3.0,-1.9776878232102848,69.99089042121663,83.648482045891,58.021104980405795,-1.8151326907762673,69.89108624097307,0.1907486447520173
PedNYC23,PedNYC23_scenario7,7,4.0,-1.9682334698653203,69.97918068584582,82.97147372037035,58.03267142651232,-1.7891769726512223,69.78299891380624,0.2656097077954268
PedNYC23,PedNYC23_scenario7,7,5.0,-1.9069870975276093,69.95771455038506,82.17832263511599,58.05089379473135,-1.7366350850065908,69.65531823803282,0.34707828784612393
PedNYC23,PedNYC23_scenario7,7,6.0,-1.8308321115054216,69.97862935588849,81.23501500656351,58.07813055915969,-1.6920554512913224,69.51981095759781,0.4793467263163474
PedNYC23,PedNYC23_scenario7,7,7.0,-1.8049937058140249,70.05102197530925,80.1246679082961,58.11466367751161,-1.6747214486460915,69.38004988468087,0.6835015781911918
PedNYC23,PedNYC23_scenario7,7,8.0,-1.8400588915996448,70.15966989644454,78.84486978289165,58.161205212663106,-1.6684897381483927,69.21820662499455,0.9569686859585831
PedNYC23,PedNYC23_scenario7,7,9.0,-1.9302504584914355,70.22045848375993,77.39755356078372,58.21180764990786,-1.663795592994915,69.05173078195773,1.1987170793421669
PedNYC23,PedNYC23_scenario7,7,10.0,-1.968904026621813,70.23450285095102,75.78845384583914,58.264990221783485,-1.6452506459833909,68.88753958556255,1.3853019703677036
PedNYC23,PedNYC23_scenario7,7,11.0,-1.961307496021379,70.24034638487043,74.0371321332714,58.318895264949326,-1.624003297740102,68.70632859986135,1.5706637727095991
PedNYC23,PedNYC23_scenario7,7,12.0,-1.921370120240743,70.2239708000663,72.15336828117533,58.37170470659882,-1.6071961942375586,68.52756931387593,1.7252487525366142
PedNYC23,PedNYC23_scenario7,7,13.0,-1.878592415721166,70.15625554940127,70.13704464424974,58.42223805666135,-1.6012667235446376,68.33900339191803,1.8382913108152028
PedNYC23,PedNYC23_scenario7,7,14.0,-1.9016426275637035,70.07183698528213,68.01360888085345,58.467617951870636,-1.5995097853220477,68.15482363782705,1.940676281269486
PedNYC23,PedNYC23_scenario7,7,15.0,-1.9533586195898682,70.03833417680305,65.84950670775575,58.50228373581092,-1.5974975052463378,67.96434182820765,2.10430069018999
PedNYC23,PedNYC23_scenario7,7,16.0,-1.9633654897427077,70.03411953782712,63.71330770181063,58.52691911469657,-1.5903727079915044,67.77781012651347,2.2869315194865494
PedNYC23,PedNYC23_scenario7,7,17.0,-1.9583787596069373,70.0234124580493,61.66739225479307,58.54164861968025,-1.5802431883294858,67.57847148321807,2.474009474653238
PedNYC23,PedNYC23_scenario7,7,18.0,-1.9543494867750817,70.01353110709341,59.645330967381845,58.550506058506805,-1.5794076855243375,67.37789560033887,2.6621712714982126
PedNYC23,PedNYC23_scenario7,7,19.0,-1.9539550144543063,70.0123611378641,57.50715741731166,58.55798065524989,-1.5818540068375722,67.16943870510187,2.867170577166999
PedNYC23,PedNYC23_scenario7,7,20.0,-1.9292552048417357,70.01862754803503,55.067567621910584,58.5524488995996,-1.5769150128696352,66.96860760253605,3.0703037763095207
PedNYC23,PedNYC23_scenario7,7,21.0,-1.8861741073855476,70.11566495273492,52.492893607171226,58.53816938851651,-1.5666988025464168,66.77769326555389,3.353225231746921
PedNYC23,PedNYC23_scenario7,7,22.0,-1.9155516200587288,70.15198444577415,49.917347305567,58.52388503960546,-1.5618601393057432,66.57315760707064,3.5962618376561197
PedNYC23,PedNYC23_scenario7,7,23.0,-1.947371586409821,70.07579958188117,47.34169052962305,58.50960007798788,-1.5702201131748015,66.36136525993687,3.733532585340742
PedNYC23,PedNYC23_scenario7,7,24.0,-1.9899219978994438,69.91295040446771,44.76669020646582,58.495318757151544,-1.5889873941493413,66.14754934562262,3.7866863733924343
PedNYC23,PedNYC23_scenario7,7,25.0,-2.0514111518859863,69.74141311645508,42.191470852604624,58.48103622153953,-1.5983587235658678,65.92468469896315,3.843523424632301
PedNYC23,PedNYC23_scenario7,7,26.0,-2.0030198050674772,69.60452440246719,39.61581407666067,58.466751259921956,-1.6106631409790304,65.68843563943499,3.935694976976967
PedNYC23,PedNYC23_scenario7,7,27.0,-1.8398269112872885,69.44881127677932,37.040486805760416,58.45246812578658,-1.6178168090056293,65.46057403118412,3.9944116979435043
PedNYC23,PedNYC23_scenario7,7,28.0,-1.6843851790109472,69.27817463305124,34.729809939894395,58.47128109770976,-1.6273598023634792,65.21168667794487,4.066887776003532
PedNYC23,PedNYC23_scenario7,7,29.0,-1.5768007583986567,69.10243571027813,32.62303485035501,58.50978792562161,-1.6378621832140166,64.9576700068143,4.145215462941645
PedNYC23,PedNYC23_scenario7,7,30.0,-1.4464093463247492,68.92795740624457,30.643565787622126,58.548795137243665,-1.6460094969998118,64.71534507392381,4.21733836472371
PedNYC23,PedNYC23_scenario7,7,31.0,-1.3841562245716086,68.83046740769586,28.784544502637317,58.58503532078892,-1.6595010611412317,64.45652561218063,4.382599868751493
PedNYC23,PedNYC23_scenario7,7,32.0,-1.3103477716177871,68.68013089353335,27.05789357225274,58.61716966713614,-1.6803209848633058,64.20696325026942,4.488441705454412
PedNYC23,PedNYC23_scenario7,7,33.0,-1.1596823814676627,68.42255863631584,25.5616981625646,58.643614856284664,-1.7027411981139662,63.94745916580432,4.50792947474889
PedNYC23,PedNYC23_scenario7,7,34.0,-1.1580101424427867,68.05029476437949,24.34053173967494,58.66420313668034,-1.7314314752423385,63.679596831623236,4.408152951555716
PedNYC23,PedNYC23_scenario7,7,35.0,-1.2576821022018112,67.70411408368064,23.472462628903006,58.67825031618677,-1.7623378897891215,63.427240191446934,4.306544758157708
PedNYC23,PedNYC23_scenario7,7,36.0,-1.2379060606441585,67.43310031003075,22.806443199244697,58.68869405867988,-1.7707294303380474,63.17452065580717,4.291783011134066
PedNYC23,PedNYC23_scenario7,7,37.0,-1.1765604854735499,67.20457192829087,22.183004968130263,58.697957265849574,-1.7894204809177605,62.9212609852302,4.3269330950407845
PedNYC23,PedNYC23_scenario7,7,38.0,-1.1822600558407457,66.95236629781722,21.57268480724199,58.70654093039337,-1.8274121214029475,62.676255534174345,4.324505110488556
PedNYC23,PedNYC23_scenario7,7,39.0,-1.2311408246481643,66.62962174403997,20.88519637485828,58.715632785024944,-1.8667239833615077,62.435007495273055,4.242493918392627
PedNYC23,PedNYC23_scenario7,7,40.0,-1.2654480118206943,66.32524577522818,20.086923825910922,58.72455745846032,-1.8982154123512582,62.19529549440148,4.1781435955786375
PedNYC23,PedNYC23_scenario7,7,41.0,-1.2699263058117465,66.03403836090068,19.175072461953338,58.73308370577105,-1.9219389665338193,61.96765729282138,4.118321927748684
PedNYC23,PedNYC23_scenario7,7,42.0,-1.2842286706397936,65.74042913416605,18.146070241494076,58.740722082828306,-1.9555172824774003,61.72462815237138,4.0715213281727864
PedNYC23,PedNYC23_scenario7,7,43.0,-1.359154255993975,65.49743088615328,16.999458561776628,58.746772646718185,-1.986408654799358,61.48789631599653,4.05830205259574
PedNYC23,PedNYC23_scenario7,7,44.0,-1.457753232190629,65.25716323455912,15.827977087773892,58.750683957789384,-2.0172820479248297,61.25086573581006,4.04518134873084
PedNYC23,PedNYC23_scenario7,7,45.0,-1.452009616787205,65.01714107301073,14.754625767049657,58.75394349625893,-2.0469220365489775,61.01316575639532,4.047930227073132
PedNYC23,PedNYC23_scenario7,7,46.0,-1.420763026426907,64.74673290843695,14.031990703960323,58.75674910152531,-2.0634461788823915,60.78531909504752,4.013208321949253
PedNYC23,PedNYC23_scenario7,7,47.0,-1.4180658560134147,64.52455930991822,13.681608072145345,58.75809552907084,-2.0878602811506726,60.574530428674755,4.006413949481809
PedNYC23,PedNYC23_scenario7,7,48.0,-1.4892967511511768,64.30075887453629,13.426375246218845,58.75831451237653,-2.124839174245565,60.37243221107186,3.9794050493055146
PedNYC23,PedNYC23_scenario7,7,49.0,-1.5962828848815946,64.0985442938255,13.187160996511437,58.75821803049381,-2.1630685110140933,60.17522842371259,3.964045075761654
PedNYC23,PedNYC23_scenario7,7,50.0,-1.6438398884781205,63.88664820916787,12.961954205225991,58.75797285105725,-2.1903117353644093,59.99391684962363,3.9309017943747313
PedNYC23,PedNYC23_scenario7,7,51.0,-1.6176280466471118,63.69920204760105,12.731107563847612,58.757656557591474,-2.2144874802290047,59.84895476035874,3.89623476658844
PedNYC23,PedNYC23_scenario7,7,52.0,-1.607295364720242,63.54534633823608,12.464770176526029,58.7570999959437,-2.248021514000097,59.683057567408575,3.915074015600628
PedNYC23,PedNYC23_scenario7,7,53.0,-1.6486544302838324,63.46265326612338,12.177732941454252,58.756659058977895,-2.277587970422157,59.52632988763707,3.986251263772623
PedNYC23,PedNYC23_scenario7,7,54.0,-1.6889138753886788,63.41574233763906,11.855260789296837,58.754280116223875,-2.301592656893684,59.3659782357695,4.095847234711989
PedNYC23,PedNYC23_scenario7,7,55.0,-1.712457354354107,63.39478020490015,11.4135823884943,58.74086909287943,-2.3187361063245047,59.20312763019762,4.235271565330981
PedNYC23,PedNYC23_scenario7,7,56.0,-1.720026596697818,63.389266246857424,10.791513993187136,58.710170184742886,-2.335983135285132,59.03468440388436,4.39792968163193
PedNYC23,PedNYC23_scenario7,7,57.0,-1.7231057111310286,63.39581405306315,9.97731578777836,58.65709233263437,-2.3478834376586577,58.85606527571749,4.582539270860254
PedNYC23,PedNYC23_scenario7,7,58.0,-1.722271262184326,63.40614999943314,8.970674654913383,58.57947232463728,-2.356572341355403,58.67640959408112,4.772083628883411
PedNYC23,PedNYC23_scenario7,7,59.0,-1.7250477090686287,63.412780096253584,7.770712777375891,58.487910786388944,-2.3641466241838485,58.48902231670298,4.965061741306603
PedNYC23,PedNYC23_scenario7,7,60.0,-1.7375716899981246,63.412949556491746,6.379523550248109,58.39905047681762,-2.3742515033485385,58.299816905202135,5.152619401276582
PedNYC23,PedNYC23_scenario7,7,61.0,-1.7775421671964684,63.390751177188456,4.800626888679932,58.34055096825021,-2.377963886139109,58.10713509211997,5.317622135407187
PedNYC23,PedNYC23_scenario7,7,62.0,-1.8551676094180913,63.365126427157556,3.0378324304396553,58.3366334259498,-2.3804198148149536,57.89689128640748,5.493403811282059
PedNYC23,PedNYC23_scenario7,7,63.0,-1.9239750687474502,63.356392355755624,1.09679532847835,58.37202263945866,-2.3849380150197503,57.68907474822599,5.686033389143212
PedNYC23,PedNYC23_scenario7,7,64.0,-1.9491649665934856,63.31564112488653,-1.017020017107744,58.41600907548972,-2.3850501616211113,57.48117908866655,5.850721592704312
PedNYC23,PedNYC23_scenario7,7,65.0,-1.90743381962304,63.226672531682915,-3.3467325909374646,58.418953421997934,-2.3858143160856677,57.27315433712882,5.972706822897174
PedNYC23,PedNYC23_scenario7,7,66.0,-1.8751164834589742,63.049270512060296,-5.827145400425796,58.365487033657786,-2.3926217581637808,57.06570983848314,6.005897938170982
PedNYC23,PedNYC23_scenario7,7,67.0,-1.88656300667683,62.84924020038593,-8.30724273652976,58.3120274454851,-2.398558797595679,56.85803245375493,6.013044981804967
PedNYC23,PedNYC23_scenario7,7,68.0,-1.972905518819511,62.59118834991741,-10.786917594402928,58.25857696401637,-2.4077036072231186,56.641970697922915,5.9650850830882804
PedNYC23,PedNYC23_scenario7,7,69.0,-2.12957564147254,62.28602076808326,-13.267225861780323,58.205112829127366,-2.415015727919912,56.43009099250135,5.862882361048865
PedNYC23,PedNYC23_scenario7,7,70.0,-2.23065525988595,61.99306597891034,-15.746692251115483,58.1516668412896,-2.422020393678583,56.214470375648766,5.781763378110992
PedNYC23,PedNYC23_scenario7,7,71.0,-2.2948645626514064,61.652227148852305,-18.227102597868388,58.0982005060348,-2.4269724397469417,56.008479002045576,5.645294114195918
PedNYC23,PedNYC23_scenario7,7,72.0,-2.394804216941248,61.36172318908841,-20.539348735293387,58.05507686835115,-2.4299435337046402,55.79825016558253,5.563583993691498
PedNYC23,PedNYC23_scenario7,7,73.0,-2.464248241236513,61.07022039455667,-22.662753663821015,58.03851945121043,-2.429735116082203,55.60030893962585,5.470020336396507
PedNYC23,PedNYC23_scenario7,7,74.0,-2.4308945364703045,60.677053115002344,-24.658044491346654,58.0444877047386,-2.4283082050858154,55.397561281777115,5.279492466724611
PedNYC23,PedNYC23_scenario7,7,75.0,-2.3163493755072295,60.35527345391084,-26.514481914926343,58.067870712444744,-2.421824706729757,55.212276096887436,5.144078815477677
PedNYC23,PedNYC23_scenario7,7,76.0,-2.3056765384735476,60.02263221410444,-28.16450168793456,58.09314364465226,-2.4286736214789655,55.021437951914315,5.002706500544608
PedNYC23,PedNYC23_scenario7,7,77.0,-2.3764637088326594,59.663128895129766,-29.59939820070359,58.10784672761636,-2.4301330616127985,54.82563005956742,4.837796542176497
PedNYC23,PedNYC23_scenario7,7,78.0,-2.4607422918230344,59.282996911632495,-30.82412007231246,58.114043347588144,-2.4192704527393323,54.63361400676902,4.649567862659248
PedNYC23,PedNYC23_scenario7,7,79.0,-2.4632304887882035,58.94981852415276,-31.866917067461667,58.113327777686415,-2.4121458929481774,54.450150393267315,4.4999581024758735
PedNYC23,PedNYC23_scenario7,7,80.0,-2.4599641850696523,58.55935084920714,-32.82674481001466,58.108624012226365,-2.4150029778190207,54.28017516036704,4.279411885541941
PedNYC23,PedNYC23_scenario7,7,81.0,-2.4877762555991283,58.205111633280254,-33.728624079249784,58.102346759268826,-2.419677318184543,54.13106105884797,4.0746196814315105
PedNYC23,PedNYC23_scenario7,7,82.0,-2.4819217119146555,57.88438726889536,-34.5452937248839,58.09594799914191,-2.4217138474320294,53.98588990119725,3.8989622610246784
PedNYC23,PedNYC23_scenario7,7,83.0,-2.445560172036134,57.57011731018688,-35.10319138357333,58.09083082550361,-2.416448032790178,53.8554228040764,3.7148085805837803
PedNYC23,PedNYC23_scenario7,7,84.0,-2.4391077447747453,57.23799424133462,-35.50301719962815,58.08674655480106,-2.401326535180318,53.73853539473803,3.4996627893014987
PedNYC23,PedNYC23_scenario7,7,85.0,-2.4978708215197063,56.92505349658784,-35.87767803579201,58.08263379826426,-2.3882335614430015,53.622922337058654,3.303950744719224
PedNYC23,PedNYC23_scenario7,7,86.0,-2.561654219558878,56.6534296861261,-36.229680943405455,58.07854316058567,-2.3730247323670524,53.51437246562652,3.1447195927473093
PedNYC23,PedNYC23_scenario7,7,87.0,-2.5911448049446775,56.384078582043735,-36.56072011544499,58.07448676087549,-2.3560070565428965,53.41362143574351,2.9797492207784106
PedNYC23,PedNYC23_scenario7,7,88.0,-2.596868052108427,56.069683296925106,-36.871942274812376,58.070510061625335,-2.346549734106968,53.308988712921284,2.772019813506952
PedNYC23,PedNYC23_scenario7,7,89.0,-2.6420628243675326,55.782883845971554,-37.164532696142885,58.066617518935296,-2.345545922200913,53.1990945984884,2.6007478056666793
PedNYC23,PedNYC23_scenario7,7,90.0,-2.710183792139918,55.511157278028755,-37.43975001889442,58.06281599377369,-2.342508721773835,53.09239776554801,2.446545020347021
PedNYC23,PedNYC23_scenario7,7,91.0,-2.7468072522622,55.267872503831995,-37.69843134595435,58.05939883840396,-2.3279039841640072,53.000645687088635,2.3056013069443675
PedNYC23,PedNYC23_scenario7,7,92.0,-2.750997886393327,55.0107625765501,-37.94189593694569,58.05638870739991,-2.3174661549219384,52.903490603800336,2.1514053382218012
PedNYC23,PedNYC23_scenario7,7,93.0,-2.753810258006074,54.75827906023217,-38.17336024947165,58.05352650023581,-2.3121221130082104,52.81277449724459,1.9950128876869813
PedNYC23,PedNYC23_scenario7,7,94.0,-2.777080880815046,54.54377823928609,-38.39652260824468,58.05075884918538,-2.2979602575939535,52.73566537135801,1.870515628045614
PedNYC23,PedNYC23_scenario7,7,95.0,-2.806345853846552,54.334412050235734,-38.60962171672326,58.04810119932792,-2.2809311975388096,52.676771167182345,1.7389174385901716
PedNYC23,PedNYC23_scenario7,7,96.0,-2.802332299896934,54.124435059452985,-38.82494654646705,58.04541328223797,-2.262184356888782,52.629616521065046,1.5894156986277042
PedNYC23,PedNYC23_scenario7,7,97.0,-2.78864153106089,53.94157564945007,-39.108272859605165,58.041846621694866,-2.243680630893629,52.58158742277772,1.4651110399551681
PedNYC23,PedNYC23_scenario7,7,98.0,-2.7455520683750083,53.75962915079532,-39.55650710988456,58.03617775928554,-2.220235810599497,52.52867242029464,1.3383615516922884
PedNYC23,PedNYC23_scenario7,7,99.0,-2.7300929340914633,53.61800120260223,-40.19742502881934,58.028220573418714,-2.1944083224174116,52.4889274365392,1.249706194429768
PedNYC23,PedNYC23_scenario7,7,100.0,-2.736821413040161,53.55678176879883,-41.034576416015625,58.01811981201172,-2.202244071733384,52.49667485555013,1.1872655984893608
PedNYC25,PedNYC25_scenario7,7,0.0,-1.842975616455078,70.22604370117188,63.01824569702149,58.35212707519531,-1.7987583564675373,70.12958791981573,0.10610788772673543
PedNYC25,PedNYC25_scenario7,7,1.0,-1.8410446687456035,70.12385149750432,62.32389902010153,58.36988861664029,-1.8044872955447269,70.0647341920194,0.06950753443437102
PedNYC25,PedNYC25_scenario7,7,2.0,-1.8370999273071862,69.99971067085943,61.60198425437821,58.38848307835293,-1.8135075132234157,69.98504923884316,0.027776961516115264
PedNYC25,PedNYC25_scenario7,7,3.0,-1.823435489900429,69.84066039165523,60.85238525996619,58.407867552887105,-1.8151326907762673,69.89108624097307,0.051104821227756454
PedNYC25,PedNYC25_scenario7,7,4.0,-1.7892042384371905,69.66426903223936,60.078064585783515,58.426732224557796,-1.7891769726512223,69.78299891380624,0.11872988469761107
PedNYC25,PedNYC25_scenario7,7,5.0,-1.7459774383608149,69.482195293788,59.27854453687456,58.444574104726485,-1.7366350850065908,69.65531823803282,0.1733748349391906
PedNYC25,PedNYC25_scenario7,7,6.0,-1.709758975015021,69.29588298424079,58.45669004849865,58.46154664390347,-1.6920554512913224,69.51981095759781,0.22462669477161093
PedNYC25,PedNYC25_scenario7,7,7.0,-1.6925287914673601,69.13293468151876,57.61138888159233,58.47730076843858,-1.6747214486460915,69.38004988468087,0.24775597892322437
PedNYC25,PedNYC25_scenario7,7,8.0,-1.6962793665090339,68.92192523200418,56.74671373380544,58.4918581048911,-1.6684897381483927,69.21820662499455,0.2975817993035432
PedNYC25,PedNYC25_scenario7,7,9.0,-1.702168001907475,68.67698411958158,55.86673041394584,58.50507811906432,-1.663795592994915,69.05173078195773,0.3767061224984535
PedNYC25,PedNYC25_scenario7,7,10.0,-1.699677453711112,68.4718980709773,54.97469945703916,58.51678904773827,-1.6452506459833909,68.88753958556255,0.4191898687303259
PedNYC25,PedNYC25_scenario7,7,11.0,-1.6890098113233334,68.22723233986028,54.06956019408585,58.52695377948539,-1.624003297740102,68.70632859986135,0.4834863732880806
PedNYC25,PedNYC25_scenario7,7,12.0,-1.6821508014983366,68.00056976130124,53.150247874204794,58.535770023937125,-1.6071961942375586,68.52756931387593,0.5323032233262773
PedNYC25,PedNYC25_scenario7,7,13.0,-1.6820253247192243,67.77656369763292,52.215331582521415,58.54534591056383,-1.6012667235446376,68.33900339191803,0.5682080264931118
PedNYC25,PedNYC25_scenario7,7,14.0,-1.683424513639628,67.53451201595522,51.26494034886268,58.555856650851744,-1.5995097853220477,68.15482363782705,0.625961811820721
PedNYC25,PedNYC25_scenario7,7,15.0,-1.686503986687773,67.295483877824,50.29923541165978,58.56500079745338,-1.5974975052463378,67.96434182820765,0.6747541119030002
PedNYC25,PedNYC25_scenario7,7,16.0,-1.6883050078139823,67.07486509745178,49.31917968736764,58.573099186881834,-1.5903727079915044,67.77781012651347,0.7097340693746264
PedNYC25,PedNYC25_scenario7,7,17.0,-1.6867714688119342,66.84813195923296,48.32538008588728,58.58030447338281,-1.5802431883294858,67.57847148321807,0.7380678118149727
PedNYC25,PedNYC25_scenario7,7,18.0,-1.685782805661008,66.66092911244542,47.318800874929195,58.58604268951975,-1.5794076855243375,67.37789560033887,0.7248148804669863
PedNYC25,PedNYC25_scenario7,7,19.0,-1.695160271147607,66.38623076390384,46.30411783495248,58.58993695937001,-1.5818540068375722,67.16943870510187,0.7913614778895611
PedNYC25,PedNYC25_scenario7,7,20.0,-1.7096627235412598,66.13638305664062,45.286148071289055,58.59240875244141,-1.5769150128696352,66.96860760253605,0.8427453052253744
PedNYC25,PedNYC25_scenario7,7,21.0,-1.7222563555853525,65.9053535686426,44.27512991923213,58.59470391091025,-1.5666988025464168,66.77769326555389,0.8861008402629774
PedNYC25,PedNYC25_scenario7,7,22.0,-1.7290619679754664,65.68275276051729,43.289049443551534,58.596700071306905,-1.5618601393057432,66.57315760707064,0.9059675724197848
PedNYC25,PedNYC25_scenario7,7,23.0,-1.729512427652934,65.40637281232357,42.338741277132016,58.59871522342587,-1.5702201131748015,66.36136525993687,0.968186250909532
PedNYC25,PedNYC25_scenario7,7,24.0,-1.7318749582905353,65.14317715702924,41.42498139333614,58.602520782644234,-1.5889873941493413,66.14754934562262,1.014485263178356
PedNYC25,PedNYC25_scenario7,7,25.0,-1.738455057144165,64.93162536621094,40.54789638519287,58.60794925689697,-1.5983587235658678,65.92468469896315,1.0028927265906094
PedNYC25,PedNYC25_scenario7,7,26.0,-1.759159324170078,64.65441975144303,39.705154250872155,58.61319275913371,-1.6106631409790304,65.68843563943499,1.0446243214869648
PedNYC25,PedNYC25_scenario7,7,27.0,-1.770956416515209,64.41498543625558,38.88863575095359,58.617926647650094,-1.6178168090056293,65.46057403118412,1.0567437008247738
PedNYC25,PedNYC25_scenario7,7,28.0,-1.7752293467981226,64.19127344547645,38.0723621186938,58.62255442761235,-1.6273598023634792,65.21168667794487,1.0310715625832894
PedNYC25,PedNYC25_scenario7,7,29.0,-1.7765622133343821,63.97342482000038,37.241811165326716,58.62711880863267,-1.6378621832140166,64.9576700068143,0.9939699623840496
PedNYC25,PedNYC25_scenario7,7,30.0,-1.782874880059076,63.752264914421716,36.39253458127421,58.631638678835536,-1.6460094969998118,64.71534507392381,0.9727566636659686
PedNYC25,PedNYC25_scenario7,7,31.0,-1.7973960358111742,63.53300477421808,35.522252278274486,58.6361017591318,-1.6595010611412317,64.45652561218063,0.9337589422277427
PedNYC25,PedNYC25_scenario7,7,32.0,-1.8120957902095278,63.32775566050636,34.634134675563494,58.64049662656639,-1.6803209848633058,64.20696325026942,0.889027887763375
PedNYC25,PedNYC25_scenario7,7,33.0,-1.8291569724623884,63.08228418024744,33.72614566017524,58.64481266038176,-1.7027411981139662,63.94745916580432,0.8743618836828678
PedNYC25,PedNYC25_scenario7,7,34.0,-1.8409445090209327,62.869149610825296,32.80149381769926,58.64897139465432,-1.7314314752423385,63.679596831623236,0.8178128161544646
PedNYC25,PedNYC25_scenario7,7,35.0,-1.8566198654817623,62.643049430828896,31.861960901806974,58.65219623124884,-1.7623378897891215,63.427240191446934,0.7898381099815364
PedNYC25,PedNYC25_scenario7,7,36.0,-1.8791224766806998,62.45258245144612,30.93440500598369,58.65438687072318,-1.7707294303380474,63.17452065580717,0.7300300154182023
PedNYC25,PedNYC25_scenario7,7,37.0,-1.9240041910084067,62.23950375440992,30.036207766065516,58.65635143710951,-1.7894204809177605,62.9212609852302,0.6949141650574562
PedNYC25,PedNYC25_scenario7,7,38.0,-1.9852218434520195,62.052076695037044,29.172738789420176,58.65832887773801,-1.8274121214029475,62.676255534174345,0.6438191761667197
PedNYC25,PedNYC25_scenario7,7,39.0,-2.0417064163571346,61.90065395578018,28.34259143913904,58.65900008368143,-1.8667239833615077,62.435007495273055,0.5622744499135934
PedNYC25,PedNYC25_scenario7,7,40.0,-2.1255911506226295,61.69081936403402,27.545949429954916,58.657615460524376,-1.8982154123512582,62.19529549440148,0.5533497017844821
PedNYC25,PedNYC25_scenario7,7,41.0,-2.1949268848223236,61.5367538422847,26.78072791563334,58.65487485449224,-1.9219389665338193,61.96765729282138,0.5100982133039715
PedNYC25,PedNYC25_scenario7,7,42.0,-2.275161038589532,61.38456910858783,26.0464049618699,58.65093278886898,-1.9555172824774003,61.72462815237138,0.46670363624087235
PedNYC25,PedNYC25_scenario7,7,43.0,-2.352127166261743,61.27158164008912,25.340809221330197,58.64605691743982,-1.986408654799358,61.48789631599653,0.4249024224915544
PedNYC25,PedNYC25_scenario7,7,44.0,-2.4522621255086805,61.12807896810621,24.6638311231174,58.64068318370568,-2.0172820479248297,61.25086573581006,0.4519781612180086
PedNYC25,PedNYC25_scenario7,7,45.0,-2.5293999787067745,61.00847878616478,24.01393385920315,58.63542869400108,-2.0469220365489775,61.01316575639532,0.48250070710700976
PedNYC25,PedNYC25_scenario7,7,46.0,-2.5863751646288398,60.9241484059371,23.38919438978259,58.63039729887445,-2.0634461788823915,60.78531909504752,0.541043715143135
PedNYC25,PedNYC25_scenario7,7,47.0,-2.646386173433461,60.84043886116893,22.78923106066258,58.62573551410801,-2.0878602811506726,60.574530428674755,0.6185939434085921
PedNYC25,PedNYC25_scenario7,7,48.0,-2.7196945003907183,60.74198310208044,22.21017157002451,58.62127372327225,-2.124839174245565,60.37243221107186,0.7003004498702623
PedNYC25,PedNYC25_scenario7,7,49.0,-2.7910469932365176,60.637319079753006,21.653919454234497,58.61703489487982,-2.1630685110140933,60.17522842371259,0.7796696406390609
PedNYC25,PedNYC25_scenario7,7,50.0,-2.8685476779937744,60.526533126831055,21.11913776397705,58.61299705505371,-2.1903117353644093,59.99391684962363,0.8623712034968696
PedNYC25,PedNYC25_scenario7,7,51.0,-2.959293476608779,60.40899181809716,20.60985208598301,58.60917029428225,-2.2144874802290047,59.84895476035874,0.9318677364752866
PedNYC25,PedNYC25_scenario7,7,52.0,-3.0739479740545237,60.27017336018003,20.16610421366672,58.60584884563145,-2.248021514000097,59.683057567408575,1.0133407479913614
PedNYC25,PedNYC25_scenario7,7,53.0,-3.2027029173141632,60.100771346489275,19.82401192739365,58.603309534340525,-2.277587970422157,59.52632988763707,1.0889539267624
PedNYC25,PedNYC25_scenario7,7,54.0,-3.316603903960049,59.87775181102104,19.615351885014984,58.601704359961914,-2.301592656893684,59.3659782357695,1.1367321689813155
PedNYC25,PedNYC25_scenario7,7,55.0,-3.389517684870255,59.61490670051957,19.543243823312483,58.601098240129566,-2.3187361063245047,59.20312763019762,1.1472293544484191
PedNYC25,PedNYC25_scenario7,7,56.0,-3.4219581733828615,59.35239546497034,19.54289490553112,58.6010971069336,-2.335983135285132,59.03468440388436,1.1314955155491089
PedNYC25,PedNYC25_scenario7,7,57.0,-3.446109743957788,59.016013416006295,19.542564808641846,58.601092499176225,-2.3478834376586577,58.85606527571749,1.109812789361016
PedNYC25,PedNYC25_scenario7,7,58.0,-3.456623927487625,58.69855461652957,19.542440078955202,58.60108947753906,-2.356572341355403,58.67640959408112,1.1002744631096641
PedNYC25,PedNYC25_scenario7,7,59.0,-3.441506024126784,58.4033643919318,19.542404921000706,58.60109050037281,-2.3641466241838485,58.48902231670298,1.0807592501207226
PedNYC25,PedNYC25_scenario7,7,60.0,-3.4103903293609616,58.11127929687499,19.54240570068359,58.60108642578125,-2.3742515033485385,58.299816905202135,1.0531524564487909
PedNYC25,PedNYC25_scenario7,7,61.0,-3.373574151046159,57.80716057578483,19.542398481196322,58.60108947753906,-2.377963886139109,58.10713509211997,1.0398194603097157
PedNYC25,PedNYC25_scenario7,7,62.0,-3.33843311721808,57.52618437408941,19.54176138389267,58.60108291177448,-2.3804198148149536,57.89689128640748,1.0272356606065336
PedNYC25,PedNYC25_scenario7,7,63.0,-3.3055862505335205,57.24934174816442,19.52861167382495,58.600983100994185,-2.3849380150197503,57.68907474822599,1.0202736323642638
PedNYC25,PedNYC25_scenario7,7,64.0,-3.275174738825584,56.96491746968803,19.488117309640486,58.60067407685335,-2.3850501616211113,57.48117908866655,1.0290033149478977
PedNYC25,PedNYC25_scenario7,7,65.0,-3.2414423565692325,56.68473714963908,19.412934177771856,58.60010203969791,-2.3858143160856677,57.27315433712882,1.0384286832493985
PedNYC25,PedNYC25_scenario7,7,66.0,-3.192152555690387,56.40462945670383,19.298372998260913,58.59922567171099,-2.3926217581637808,57.06570983848314,1.037437596854387
PedNYC25,PedNYC25_scenario7,7,67.0,-3.164288904625097,56.11613761291109,19.137104264562975,58.598042790222024,-2.398558797595679,56.85803245375493,1.0661850457036024
PedNYC25,PedNYC25_scenario7,7,68.0,-3.1672322745486787,55.855652256776665,18.92805767932118,58.59665190682746,-2.4077036072231186,56.641970697922915,1.0932431053411724
PedNYC25,PedNYC25_scenario7,7,69.0,-3.179218843148405,55.58381372908471,18.666798380314184,58.59497155625096,-2.415015727919912,56.43009099250135,1.1402594476262358
PedNYC25,PedNYC25_scenario7,7,70.0,-3.186606458734804,55.31671304849817,18.3499314724342,58.59300944303308,-2.422020393678583,56.214470375648766,1.1792201106369977
PedNYC25,PedNYC25_scenario7,7,71.0,-3.192403253814527,55.04884070165155,17.972268868485003,58.590762153841865,-2.4269724397469417,56.008479002045576,1.2275137468506416
PedNYC25,PedNYC25_scenario7,7,72.0,-3.1949319634992706,54.77725474543634,17.53307044571146,58.58828428302256,-2.4299435337046402,55.79825016558253,1.2757895381602542
PedNYC25,PedNYC25_scenario7,7,73.0,-3.2001270672716924,54.54370141430582,17.027894165243374,58.58560920861531,-2.429735116082203,55.60030893962585,1.3076403255560975
PedNYC25,PedNYC25_scenario7,7,74.0,-3.2059713072871365,54.31484437581941,16.45727915218624,58.582745224054584,-2.4283082050858154,55.397561281777115,1.3330550622431183
PedNYC25,PedNYC25_scenario7,7,75.0,-3.2077081279644077,54.100012517356895,15.824718683743889,58.57942556935137,-2.421824706729757,55.212276096887436,1.361889504373087
PedNYC25,PedNYC25_scenario7,7,76.0,-3.2001625257444366,53.91368657900774,15.130417330698837,58.57573389284156,-2.4286736214789655,55.021437951914315,1.3499289735319944
PedNYC25,PedNYC25_scenario7,7,77.0,-3.1792915048246995,53.717142720870775,14.3777424586549,58.571758066535374,-2.4301330616127985,54.82563005956742,1.3379022957923556
PedNYC25,PedNYC25_scenario7,7,78.0,-3.1426410815459254,53.53298704453808,13.56607140012658,58.567121394779576,-2.4192704527393323,54.63361400676902,1.317059139374445
PedNYC25,PedNYC25_scenario7,7,79.0,-3.103031877787894,53.364106090447336,12.700101500658553,58.5617533427691,-2.4121458929481774,54.450150393267315,1.2871735204453507
PedNYC25,PedNYC25_scenario7,7,80.0,-3.0612660617906946,53.174968707055505,11.779862585905644,58.55565063105217,-2.4150029778190207,54.28017516036704,1.280287966883245
PedNYC25,PedNYC25_scenario7,7,81.0,-3.031649553882238,53.02792078567349,10.81125925199868,58.54886620389144,-2.419677318184543,54.13106105884797,1.2615183231187355
PedNYC25,PedNYC25_scenario7,7,82.0,-2.991406894675888,52.85449048517353,9.796110218132519,58.54339346543301,-2.4217138474320294,53.98588990119725,1.266733913123354
PedNYC25,PedNYC25_scenario7,7,83.0,-2.9379529746245567,52.69327686854771,8.74575844668766,58.541506977503445,-2.416448032790178,53.8554228040764,1.2737937744484074
PedNYC25,PedNYC25_scenario7,7,84.0,-2.8700616702181834,52.53519942544321,7.6629110253481905,58.54199175068664,-2.401326535180318,53.73853539473803,1.2914062419771979
PedNYC25,PedNYC25_scenario7,7,85.0,-2.800969635364911,52.40029723925506,6.553191100034504,58.54549667447369,-2.3882335614430015,53.622922337058654,1.2904120258644984
PedNYC25,PedNYC25_scenario7,7,86.0,-2.7379044770682763,52.28175884924824,5.414452452253439,58.551844847056785,-2.3730247323670524,53.51437246562652,1.2854857274098275
PedNYC25,PedNYC25_scenario7,7,87.0,-2.6776058684787016,52.169070715239485,4.251871875703726,58.559269273839625,-2.3560070565428965,53.41362143574351,1.2854307806123222
PedNYC25,PedNYC25_scenario7,7,88.0,-2.634147455342108,52.090557524696536,3.065975566325779,58.567074336785026,-2.346549734106968,53.308988712921284,1.2519133395321012
PedNYC25,PedNYC25_scenario7,7,89.0,-2.593280840924705,51.99050484428395,1.8613769483573057,58.57219505485497,-2.345545922200913,53.1990945984884,1.2337186810302685
PedNYC25,PedNYC25_scenario7,7,90.0,-2.5653933394318282,51.90154096876188,0.6394523433082874,58.574240617560896,-2.342508721773835,53.09239776554801,1.2115351679750237
PedNYC25,PedNYC25_scenario7,7,91.0,-2.5576187940894317,51.81327747611052,-0.5961987785002608,58.574285768843524,-2.3279039841640072,53.000645687088635,1.209385034776122
PedNYC25,PedNYC25_scenario7,7,92.0,-2.5726579312314963,51.750173771872184,-1.8450430494450387,58.572921267813136,-2.3174661549219384,52.903490603800336,1.181212325327168
PedNYC25,PedNYC25_scenario7,7,93.0,-2.5954124723934084,51.71288139449256,-3.103508397216395,58.57301461602372,-2.3121221130082104,52.81277449724459,1.1357897099384533
PedNYC25,PedNYC25_scenario7,7,94.0,-2.611707486441803,51.69402087612343,-4.371680244710144,58.57603632849735,-2.2979602575939535,52.73566537135801,1.08786974315044
PedNYC25,PedNYC25_scenario7,7,95.0,-2.623158023325867,51.6850365064445,-5.645846996645914,58.58036996792637,-2.2809311975388096,52.676771167182345,1.0491219364769278
PedNYC25,PedNYC25_scenario7,7,96.0,-2.6271222385564212,51.68262378026452,-6.927409898843229,58.5847253873556,-2.262184356888782,52.629616521065046,1.0148767947908524
PedNYC25,PedNYC25_scenario7,7,97.0,-2.6255556069149577,51.683044223363254,-8.213178159162391,58.589173995746535,-2.243680630893629,52.58158742277772,0.9763239106594086
PedNYC25,PedNYC25_scenario7,7,98.0,-2.6019027388541622,51.68680308431686,-9.504858865752633,58.592432320719055,-2.220235810599497,52.52867242029464,0.9243449696855746
PedNYC25,PedNYC25_scenario7,7,99.0,-2.5596428695670306,51.690081877997635,-10.799209499572944,58.59373959784651,-2.1944083224174116,52.4889274365392,0.8783794742781575
PedNYC25,PedNYC25_scenario7,7,100.0,-2.5235188007354736,51.6937255859375,-12.097247123718262,58.59311676025391,-2.202244071733384,52.49667485555013,0.8648381241982954
PedNYC26,PedNYC26_scenario7,7,0.0,-1.8780303001403809,70.19395446777344,82.46968078613281,58.022010803222656,-1.7987583564675373,70.12958791981573,0.10211314092545513
PedNYC26,PedNYC26_scenario7,7,1.0,-1.8432559860407123,70.11369330338664,81.54274974441785,58.03147351428605,-1.8044872955447269,70.0647341920194,0.06245002761122862
PedNYC26,PedNYC26_scenario7,7,2.0,-1.8710521941012201,70.0532521872127,80.50820344264635,58.04680107104935,-1.8135075132234157,69.98504923884316,0.08923582500110193
PedNYC26,PedNYC26_scenario7,7,3.0,-1.9139486170230817,70.03008807391468,79.37174282624048,58.06850864837667,-1.8151326907762673,69.89108624097307,0.17054646534345103
PedNYC26,PedNYC26_scenario7,7,4.0,-1.9052907777181842,70.05589018757746,78.14590877188841,58.09552615216445,-1.7891769726512223,69.78299891380624,0.2965671307269377
PedNYC26,PedNYC26_scenario7,7,5.0,-1.906438966906252,70.08048218247123,76.83204147698517,58.12773464671083,-1.7366350850065908,69.65531823803282,0.45781845524030723
PedNYC26,PedNYC26_scenario7,7,6.0,-1.89588021423234,70.09817136251293,75.43376267461844,58.16619863208662,-1.6920554512913224,69.51981095759781,0.6132253190806293
PedNYC26,PedNYC26_scenario7,7,7.0,-1.896452740909291,70.09304407464597,73.9554899220267,58.21156643955852,-1.6747214486460915,69.38004988468087,0.7466762892262616
PedNYC26,PedNYC26_scenario7,7,8.0,-1.9090900988788357,70.07445762240161,72.40510754963942,58.26437326253333,-1.6684897381483927,69.21820662499455,0.8894123364020781
PedNYC26,PedNYC26_scenario7,7,9.0,-1.9043531891531422,70.06309102281273,70.79441651580684,58.32463388167956,-1.663795592994915,69.05173078195773,1.0395756316169134
PedNYC26,PedNYC26_scenario7,7,10.0,-1.8984371549640147,70.0486765488718,69.13198623568992,58.38742710391466,-1.6452506459833909,68.88753958556255,1.1884201512482082
PedNYC26,PedNYC26_scenario7,7,11.0,-1.8847857375225827,70.03170389656226,67.42393131371236,58.45357543065926,-1.624003297740102,68.70632859986135,1.3507876065480962
PedNYC26,PedNYC26_scenario7,7,12.0,-1.8737412306374555,70.03463258618287,65.68280850383256,58.512541924022955,-1.6071961942375586,68.52756931387593,1.5304528621182405
PedNYC26,PedNYC26_scenario7,7,13.0,-1.8432730524981058,70.06537672669492,63.912611043253335,58.56663362247752,-1.6012667235446376,68.33900339191803,1.743253267394681
PedNYC26,PedNYC26_scenario7,7,14.0,-1.8317331669968462,70.08401082346967,62.12609634774414,58.613167223786974,-1.5995097853220477,68.15482363782705,1.9431137116093247
PedNYC26,PedNYC26_scenario7,7,15.0,-1.865858204693496,70.03876525076274,60.32103692204877,58.6544640517228,-1.5974975052463378,67.96434182820765,2.0917098271636347
PedNYC26,PedNYC26_scenario7,7,16.0,-1.944516416577624,70.02834757126196,58.48941041803764,58.69311344908491,-1.5903727079915044,67.77781012651347,2.2782310147450335
PedNYC26,PedNYC26_scenario7,7,17.0,-1.9349615772485258,69.99025024475466,56.62956834175218,58.73607131067656,-1.5802431883294858,67.57847148321807,2.437724744518198
PedNYC26,PedNYC26_scenario7,7,18.0,-1.8640614510317812,69.84583387926347,54.732134691457524,58.781662232304136,-1.5794076855243375,67.37789560033887,2.4843001257494723
PedNYC26,PedNYC26_scenario7,7,19.0,-1.7839981514774568,69.66201973235549,52.79628060576536,58.826330341808045,-1.5818540068375722,67.16943870510187,2.5007643696751813
PedNYC26,PedNYC26_scenario7,7,20.0,-1.7140530447536384,69.51994237180664,50.82585655885649,58.87036509786608,-1.5769150128696352,66.96860760253605,2.5550177973309682
PedNYC26,PedNYC26_scenario7,7,21.0,-1.577433658388596,69.37695177572948,48.834245523100236,58.89858733046794,-1.5666988025464168,66.77769326555389,2.599280677389452
PedNYC26,PedNYC26_scenario7,7,22.0,-1.4653690131354564,69.19677755720053,46.820679059329706,58.9287427964539,-1.5618601393057432,66.57315760707064,2.6253937190732346
PedNYC26,PedNYC26_scenario7,7,23.0,-1.3705114968380185,68.97422002478213,44.747920555779224,58.94272538963904,-1.5702201131748015,66.36136525993687,2.6204758258021945
PedNYC26,PedNYC26_scenario7,7,24.0,-1.332424909378407,68.71953258991378,42.603169187549625,58.890937701228296,-1.5889873941493413,66.14754934562262,2.584747979495549
PedNYC26,PedNYC26_scenario7,7,25.0,-1.2775465464630815,68.42274945017775,40.39606761448089,58.770468089319436,-1.5983587235658678,65.92468469896315,2.5185805435280977
PedNYC26,PedNYC26_scenario7,7,26.0,-1.2324308418731278,68.10222296439048,38.15744812508777,58.62744334977502,-1.6106631409790304,65.68843563943499,2.443241478487694
PedNYC26,PedNYC26_scenario7,7,27.0,-1.2813371897132115,67.78904364347298,35.89568764307472,58.5136097342504,-1.6178168090056293,65.46057403118412,2.352655790707979
PedNYC26,PedNYC26_scenario7,7,28.0,-1.3228364763667977,67.50939474436717,33.63825312124001,58.455352622688785,-1.6273598023634792,65.21168667794487,2.317799994515963
PedNYC26,PedNYC26_scenario7,7,29.0,-1.2800598972108936,67.20256082019986,31.48095108343631,58.452421181775534,-1.6378621832140166,64.9576700068143,2.2732261743812407
PedNYC26,PedNYC26_scenario7,7,30.0,-1.2339635854881363,66.90735755043941,29.461622738893347,58.474732987956074,-1.6460094969998118,64.71534507392381,2.2304036698305407
PedNYC26,PedNYC26_scenario7,7,31.0,-1.2615287447519383,66.62611428918973,27.57387265257193,58.50214112458974,-1.6595010611412317,64.45652561218063,2.205787159274069
PedNYC26,PedNYC26_scenario7,7,32.0,-1.294389665384153,66.38541943528786,25.81061473668495,58.52338611827783,-1.6803209848633058,64.20696325026942,2.212377529582143
PedNYC26,PedNYC26_scenario7,7,33.0,-1.2519767458415803,66.17291749641906,24.165455980420607,58.53755324552762,-1.7027411981139662,63.94745916580432,2.270650429444167
PedNYC26,PedNYC26_scenario7,7,34.0,-1.2053916142183538,65.93816600731914,22.722426654048036,58.55242785304532,-1.7314314752423385,63.679596831623236,2.3190197620524513
PedNYC26,PedNYC26_scenario7,7,35.0,-1.2229467534100606,65.71913850043622,21.548315991475413,58.56569357814718,-1.7623378897891215,63.427240191446934,2.3545149514819874
PedNYC26,PedNYC26_scenario7,7,36.0,-1.2776651405608,65.52471294197194,20.672147609604814,58.57472619620671,-1.7707294303380474,63.17452065580717,2.4013571529037345
PedNYC26,PedNYC26_scenario7,7,37.0,-1.314533272714181,65.34346232587039,20.06009873323654,58.57950019516574,-1.7894204809177605,62.9212609852302,2.46831464670016
PedNYC26,PedNYC26_scenario7,7,38.0,-1.303249458198953,65.17093329367948,19.57229391885487,58.58282994453713,-1.8274121214029475,62.676255534174345,2.5491495878560513
PedNYC26,PedNYC26_scenario7,7,39.0,-1.2736782903108765,64.93780048093892,19.120802087699257,58.587542205051726,-1.8667239833615077,62.435007495273055,2.572095628693488
PedNYC26,PedNYC26_scenario7,7,40.0,-1.294522747041265,64.72838709440798,18.69873894373086,58.59250030429343,-1.8982154123512582,62.19529549440148,2.6040349245301178
PedNYC26,PedNYC26_scenario7,7,41.0,-1.3498926867261813,64.54106949194644,18.304225001454387,58.59734502984062,-1.9219389665338193,61.96765729282138,2.636225956333688
PedNYC26,PedNYC26_scenario7,7,42.0,-1.369958563676318,64.3092409166264,17.935344621853915,58.601612068564506,-1.9555172824774003,61.72462815237138,2.6501136115860966
PedNYC26,PedNYC26_scenario7,7,43.0,-1.3204723157359117,64.04398796408297,17.590506149263483,58.60536231139365,-1.986408654799358,61.48789631599653,2.6414154768045286
PedNYC26,PedNYC26_scenario7,7,44.0,-1.3058173341390806,63.730233172296835,17.268014395779247,58.60850641313846,-2.0172820479248297,61.25086573581006,2.579427247292166
PedNYC26,PedNYC26_scenario7,7,45.0,-1.3790768262834467,63.4755791840202,16.966621414002553,58.61241966752676,-2.0469220365489775,61.01316575639532,2.5513716141365856
PedNYC26,PedNYC26_scenario7,7,46.0,-1.5126654567034685,63.22153376106492,16.684678813174035,58.61648764261027,-2.0634461788823915,60.78531909504752,2.4976992018340005
PedNYC26,PedNYC26_scenario7,7,47.0,-1.665341403341115,62.9697191677914,16.4212374061189,58.62040429915278,-2.0878602811506726,60.574530428674755,2.4321700800101635
PedNYC26,PedNYC26_scenario7,7,48.0,-1.7450705436531548,62.73272580519583,16.174732333692845,58.62407225165444,-2.124839174245565,60.37243221107186,2.39065055230677
PedNYC26,PedNYC26_scenario7,7,49.0,-1.794953165194124,62.5096479612714,15.94445008609308,58.627606917839344,-2.1630685110140933,60.17522842371259,2.3632654284198455
PedNYC26,PedNYC26_scenario7,7,50.0,-1.8679646298016608,62.30368249448561,15.728930939428306,58.63113666405403,-2.1903117353644093,59.99391684962363,2.3321502933235974
PedNYC26,PedNYC26_scenario7,7,51.0,-1.895324452261227,62.15698083612761,15.527623841789273,58.634423360251674,-2.2144874802290047,59.84895476035874,2.32998914264651
PedNYC26,PedNYC26_scenario7,7,52.0,-1.9027045188809515,61.95495651536052,15.339208998446653,58.63723658391476,-2.248021514000097,59.683057567408575,2.297992310000901
PedNYC26,PedNYC26_scenario7,7,53.0,-1.903789787944893,61.749591720192164,15.163201148329287,58.63975135117549,-2.277587970422157,59.52632988763707,2.25446629101425
PedNYC26,PedNYC26_scenario7,7,54.0,-1.9468449485682322,61.55673946414606,14.998473954591367,58.64209228410362,-2.301592656893684,59.3659782357695,2.219297342926396
PedNYC26,PedNYC26_scenario7,7,55.0,-2.0883040577558702,61.326714877254425,14.844585781503115,58.64393456402302,-2.3187361063245047,59.20312763019762,2.1360528375650807
PedNYC26,PedNYC26_scenario7,7,56.0,-2.2460300238959188,61.10279547667679,14.700563384349678,58.645326008275404,-2.335983135285132,59.03468440388436,2.0700664172086944
PedNYC26,PedNYC26_scenario7,7,57.0,-2.292278002271755,60.91841140605258,14.566002124966568,58.64660365419095,-2.3478834376586577,58.85606527571749,2.0630956172103785
PedNYC26,PedNYC26_scenario7,7,58.0,-2.3851631487285063,60.62834679820226,14.440087740222785,58.64784898661991,-2.356572341355403,58.67640959408112,1.9521465834046599
PedNYC26,PedNYC26_scenario7,7,59.0,-2.525522373548878,60.295310184792726,14.322431823359123,58.6489943201062,-2.3641466241838485,58.48902231670298,1.8134822841404676
PedNYC26,PedNYC26_scenario7,7,60.0,-2.701243398138074,59.942734629720015,14.212382706662003,58.65002943574233,-2.3742515033485385,58.299816905202135,1.6751424861166457
PedNYC26,PedNYC26_scenario7,7,61.0,-2.7595390837642784,59.578340990922335,14.109452199373962,58.6509638612796,-2.377963886139109,58.10713509211997,1.5198836890083292
PedNYC26,PedNYC26_scenario7,7,62.0,-2.818561478128043,59.17209823626047,14.013241271671188,58.65181945236077,-2.3804198148149536,57.89689128640748,1.3483771290273792
PedNYC26,PedNYC26_scenario7,7,63.0,-2.891513456943746,58.75439617079863,13.923255513191133,58.65259775774134,-2.3849380150197503,57.68907474822599,1.1796306251334268
PedNYC26,PedNYC26_scenario7,7,64.0,-2.918688136945804,58.41487316088945,13.839129059831272,58.653288110808035,-2.3850501616211113,57.48117908866655,1.0754320569951488
PedNYC26,PedNYC26_scenario7,7,65.0,-2.934085476794804,58.00890454417206,13.760445725544324,58.65388484511485,-2.3858143160856677,57.27315433712882,0.9175672361355938
PedNYC26,PedNYC26_scenario7,7,66.0,-3.0140643495546455,57.60631552102848,13.686836435175348,58.65438452127261,-2.3926217581637808,57.06570983848314,0.8236779700798771
PedNYC26,PedNYC26_scenario7,7,67.0,-3.0758039145882226,57.19303471432845,13.606045391190221,58.65490296592175,-2.398558797595679,56.85803245375493,0.7555709517177134
PedNYC26,PedNYC26_scenario7,7,68.0,-3.117266235683252,56.76140579745563,13.492523269510775,58.655591952550616,-2.4077036072231186,56.641970697922915,0.7195442076117651
PedNYC26,PedNYC26_scenario7,7,69.0,-3.1653026418141317,56.407928430941574,13.324422063002405,58.65653156394918,-2.415015727919912,56.43009099250135,0.7506141700606267
PedNYC26,PedNYC26_scenario7,7,70.0,-3.2186954414363655,55.980386950931546,13.078266415272083,58.65773813324983,-2.422020393678583,56.214470375648766,0.8303530462683976
PedNYC26,PedNYC26_scenario7,7,71.0,-3.1953668657362986,55.61449416521421,12.73329699765657,58.65928925560548,-2.4269724397469417,56.008479002045576,0.8635126203736402
PedNYC26,PedNYC26_scenario7,7,72.0,-3.161284067782221,55.2040844482995,12.270360747203293,58.66110122467214,-2.4299435337046402,55.79825016558253,0.9422801475035661
PedNYC26,PedNYC26_scenario7,7,73.0,-3.183318994202193,54.80938868148466,11.660675525774934,58.66268759955274,-2.429735116082203,55.60030893962585,1.0924484043196192
PedNYC26,PedNYC26_scenario7,7,74.0,-3.195069370135455,54.432055843448666,10.877066899031247,58.66337952730333,-2.4283082050858154,55.397561281777115,1.2329328593520783
PedNYC26,PedNYC26_scenario7,7,75.0,-3.1686899364137373,54.0675539300167,9.874886932530215,58.66203466621729,-2.421824706729757,55.212276096887436,1.3668198530297024
PedNYC26,PedNYC26_scenario7,7,76.0,-3.1675979904514504,53.68110224136317,8.643738978591053,58.65705210804112,-2.4286736214789655,55.021437951914315,1.5305257397508958
PedNYC26,PedNYC26_scenario7,7,77.0,-3.144028205258003,53.421464680387245,7.182219483955864,58.64673584143733,-2.4301330616127985,54.82563005956742,1.5752227424108693
PedNYC26,PedNYC26_scenario7,7,78.0,-3.099442708795587,53.22476400060661,5.497852078656914,58.630090109458216,-2.4192704527393323,54.63361400676902,1.5644464317363118
PedNYC26,PedNYC26_scenario7,7,79.0,-3.0532138466663694,53.05181169589384,3.5923057263594482,58.60685852096834,-2.4121458929481774,54.450150393267315,1.5382845100489628
PedNYC26,PedNYC26_scenario7,7,80.0,-3.0719251210540834,52.916282241527426,1.4750027535255554,58.579564714335824,-2.4150029778190207,54.28017516036704,1.5138528978514987
PedNYC26,PedNYC26_scenario7,7,81.0,-3.1218242894734614,52.85523976647312,-0.8508402108583073,58.551671051887155,-2.419677318184543,54.13106105884797,1.4562727558281225
PedNYC26,PedNYC26_scenario7,7,82.0,-3.169957605250174,52.84531500043553,-3.48941642316235,58.53036274608912,-2.4217138474320294,53.98588990119725,1.3641040375870992
PedNYC26,PedNYC26_scenario7,7,83.0,-3.2087491515770807,52.83546029599197,-6.261046129782397,58.5136068801983,-2.416448032790178,53.8554228040764,1.2915357450449638
PedNYC26,PedNYC26_scenario7,7,84.0,-3.123065732186266,52.833139720290276,-9.03190204630929,58.4968556922495,-2.401326535180318,53.73853539473803,1.1578638934708572
PedNYC26,PedNYC26_scenario7,7,85.0,-3.1246434817588726,52.82745136748194,-11.803358396456536,58.480100874383886,-2.3882335614430015,53.622922337058654,1.0840081338158594
PedNYC26,PedNYC26_scenario7,7,86.0,-3.130157546217661,52.828110097974836,-14.574387669456257,58.46334863840987,-2.3730247323670524,53.51437246562652,1.0218640492082294
PedNYC26,PedNYC26_scenario7,7,87.0,-3.0781992650710506,52.81841582944936,-17.34567066313071,58.446594868569484,-2.3560070565428965,53.41362143574351,0.9358585896505734
PedNYC26,PedNYC26_scenario7,7,88.0,-3.02852461451119,52.69126406343685,-19.92093634445046,58.438933049196756,-2.346549734106968,53.308988712921284,0.9201486184758542
PedNYC26,PedNYC26_scenario7,7,89.0,-3.0764051002915633,52.62730524893338,-22.239510439099433,58.4395760831059,-2.345545922200913,53.1990945984884,0.927953769572543
PedNYC26,PedNYC26_scenario7,7,90.0,-3.0966095059975887,52.61742758469939,-24.402135796184638,58.439569207732674,-2.342508721773835,53.09239776554801,0.891215274477635
PedNYC26,PedNYC26_scenario7,7,91.0,-3.1278454966616827,52.59940794224459,-26.32686053218768,58.437907947643716,-2.3279039841640072,53.000645687088635,0.8949291320013023
PedNYC26,PedNYC26_scenario7,7,92.0,-3.1508898649794097,52.58051073835124,-27.7667083296155,58.43524493014343,-2.3174661549219384,52.903490603800336,0.8938182555595283
PedNYC26,PedNYC26_scenario7,7,93.0,-3.168960755301056,52.569793393167146,-28.618525973761617,58.43298935765472,-2.3121221130082104,52.81277449724459,0.890624654871479
PedNYC26,PedNYC26_scenario7,7,94.0,-3.178136962650493,52.55511783710599,-28.912557438989932,58.43209245379679,-2.2979602575939535,52.73566537135801,0.8985034469876402
PedNYC26,PedNYC26_scenario7,7,95.0,-3.1807668088004886,52.546379271738715,-28.91524851713942,58.43208694458008,-2.2809311975388096,52.676771167182345,0.9092338388401863
PedNYC26,PedNYC26_scenario7,7,96.0,-3.170444160614752,52.55513211292612,-28.91559355976002,58.432083742018,-2.262184356888782,52.629616521065046,0.9113088379469081
PedNYC26,PedNYC26_scenario7,7,97.0,-3.1413648348104983,52.56375686350917,-28.91563034057617,58.43208458927773,-2.243680630893629,52.58158742277772,0.8978612692424667
PedNYC26,PedNYC26_scenario7,7,98.0,-3.125250183669066,52.576743074252455,-28.91563034057617,58.43208312988281,-2.220235810599497,52.52867242029464,0.9062901319304084
PedNYC26,PedNYC26_scenario7,7,99.0,-3.0854536123952845,52.609437505552634,-28.91563034057617,58.43208312988281,-2.1944083224174116,52.4889274365392,0.8991575977132009
PedNYC26,PedNYC26_scenario7,7,100.0,-3.028226852416992,52.67768478393555,-28.91563034057617,58.43208312988281,-2.202244071733384,52.49667485555013,0.8455839095914245
PedNYC28,PedNYC28_scenario7,7,0.0,-1.7471704483032229,69.81207275390625,40.33434295654297,58.47145080566406,-1.7987583564675373,70.12958791981573,0.3216787105969195
PedNYC28,PedNYC28_scenario7,7,1.0,-1.746034583216348,69.73160771931826,39.05905896754786,58.46979126150463,-1.8044872955447269,70.0647341920194,0.33821585768979956
PedNYC28,PedNYC28_scenario7,7,2.0,-1.7626377105712892,69.6114273071289,37.83382568359375,58.46736602783203,-1.8135075132234157,69.98504923884316,0.3770690714971955
PedNYC28,PedNYC28_scenario7,7,3.0,-1.7758088253938342,69.4745602642791,36.657329933056666,58.46450020130095,-1.8151326907762673,69.89108624097307,0.418378125204311
PedNYC28,PedNYC28_scenario7,7,4.0,-1.7693841934204102,69.32910461425782,35.531158447265625,58.46181793212891,-1.7891769726512223,69.78299891380624,0.4543256423230298
PedNYC28,PedNYC28_scenario7,7,5.0,-1.7458409025653734,69.15794125250643,34.4502369138894,58.459364367238365,-1.7366350850065908,69.65531823803282,0.4974621722384941
PedNYC28,PedNYC28_scenario7,7,6.0,-1.7190362889763877,68.97755480409373,33.414923936107506,58.45700777632568,-1.6920554512913224,69.51981095759781,0.5429269763193139
PedNYC28,PedNYC28_scenario7,7,7.0,-1.7062238327611514,68.77745122978304,32.42180288227513,58.45467650174963,-1.6747214486460915,69.38004988468087,0.6034215268695754
PedNYC28,PedNYC28_scenario7,7,8.0,-1.7118400037781267,68.5766175018995,31.47016742395538,58.45227019615129,-1.6684897381483927,69.21820662499455,0.6430519795506716
PedNYC28,PedNYC28_scenario7,7,9.0,-1.7213858463623246,68.41113920256565,30.558046887324576,58.449791705029284,-1.663795592994915,69.05173078195773,0.6431750996975565
PedNYC28,PedNYC28_scenario7,7,10.0,-1.719788120682047,68.17785246788138,29.682811731212723,58.44723177188035,-1.6452506459833909,68.88753958556255,0.713590667075362
PedNYC28,PedNYC28_scenario7,7,11.0,-1.7079628367002317,67.94557600131925,28.845126476216567,58.44453334795558,-1.624003297740102,68.70632859986135,0.7653716223972193
PedNYC28,PedNYC28_scenario7,7,12.0,-1.6895590530526536,67.71607932778541,28.0409583352078,58.4417475450407,-1.6071961942375586,68.52756931387593,0.8156590206927092
PedNYC28,PedNYC28_scenario7,7,13.0,-1.6841240785743656,67.46153088413318,27.270680496362512,58.43888560547569,-1.6012667235446376,68.33900339191803,0.8813758240391815
PedNYC28,PedNYC28_scenario7,7,14.0,-1.6908519535653592,67.26313748292408,26.531685709524428,58.43596588411075,-1.5995097853220477,68.15482363782705,0.8963523807884005
PedNYC28,PedNYC28_scenario7,7,15.0,-1.7080042424771946,67.03357627653023,25.823532647978315,58.43301211533292,-1.5974975052463378,67.96434182820765,0.9373026465143425
PedNYC28,PedNYC28_scenario7,7,16.0,-1.7094398339269627,66.81322221177582,25.144374798252695,58.430032417711836,-1.5903727079915044,67.77781012651347,0.9719088567023435
PedNYC28,PedNYC28_scenario7,7,17.0,-1.6970195467499707,66.61391285695309,24.486309356832834,58.42697199850035,-1.5802431883294858,67.57847148321807,0.9716018018654164
PedNYC28,PedNYC28_scenario7,7,18.0,-1.6739791377517947,66.36474507927518,23.837883551307844,58.4235658815769,-1.5794076855243375,67.37789560033887,1.017554783737978
PedNYC28,PedNYC28_scenario7,7,19.0,-1.6652446807725731,66.08812216108821,23.19469186274396,58.41990457252587,-1.5818540068375722,67.16943870510187,1.084527303878044
PedNYC28,PedNYC28_scenario7,7,20.0,-1.6714900370675667,65.87338535261135,22.561025997869873,58.41611759230002,-1.5769150128696352,66.96860760253605,1.099298054183745
PedNYC28,PedNYC28_scenario7,7,21.0,-1.6859690081553818,65.6398890748424,21.940556879881232,58.412198490052454,-1.5666988025464168,66.77769326555389,1.1440383552777582
PedNYC28,PedNYC28_scenario7,7,22.0,-1.690939083949108,65.42172734045228,21.337328908506812,58.408206796256636,-1.5618601393057432,66.57315760707064,1.158642754620715
PedNYC28,PedNYC28_scenario7,7,23.0,-1.6784119033374878,65.17446888712296,20.750531076144537,58.40437162025937,-1.5702201131748015,66.36136525993687,1.191817294411121
PedNYC28,PedNYC28_scenario7,7,24.0,-1.659612010938632,64.92991157627499,20.18237478101437,58.400721859290044,-1.5889873941493413,66.14754934562262,1.2196842107031283
PedNYC28,PedNYC28_scenario7,7,25.0,-1.6592081222906987,64.69575350049516,19.635254012609764,58.39719886483732,-1.5983587235658678,65.92468469896315,1.2304367273017915
PedNYC28,PedNYC28_scenario7,7,26.0,-1.6765763919171501,64.45036129183096,19.110637055237472,58.393812133094954,-1.6106631409790304,65.68843563943499,1.2398276682040805
PedNYC28,PedNYC28_scenario7,7,27.0,-1.6998920534423934,64.22142918590295,18.607239741791112,58.390542338284384,-1.6178168090056293,65.46057403118412,1.2418600135829563
PedNYC28,PedNYC28_scenario7,7,28.0,-1.7090126458184942,63.959313508962424,18.12474174058336,58.38748357768416,-1.6273598023634792,65.21168667794487,1.2550321674090348
PedNYC28,PedNYC28_scenario7,7,29.0,-1.7041559211959028,63.709721595126,17.662139648279602,58.385126751501964,-1.6378621832140166,64.9576700068143,1.2497080050679672
PedNYC28,PedNYC28_scenario7,7,30.0,-1.7019771481081138,63.49011421697035,17.21818568650088,58.38399425351986,-1.6460094969998118,64.71534507392381,1.2265084715571701
PedNYC28,PedNYC28_scenario7,7,31.0,-1.7085994810097243,63.27633863571356,16.79317153728909,58.38410016723528,-1.6595010611412317,64.45652561218063,1.1812078370278734
PedNYC28,PedNYC28_scenario7,7,32.0,-1.704007802160807,63.06854000897474,16.39092112361465,58.38488857733103,-1.6803209848633058,64.20696325026942,1.138669636739987
PedNYC28,PedNYC28_scenario7,7,33.0,-1.7124342945969464,62.84788380625069,16.03860893308335,58.385937162059584,-1.7027411981139662,63.94745916580432,1.0996180825436228
PedNYC28,PedNYC28_scenario7,7,34.0,-1.7353633324876307,62.622605594460666,15.744874545414694,58.38711837691069,-1.7314314752423385,63.679596831623236,1.0569985501124677
PedNYC28,PedNYC28_scenario7,7,35.0,-1.7560029208154613,62.39803171194601,15.511555140626916,58.388260626664234,-1.7623378897891215,63.427240191446934,1.0292279757704312
PedNYC28,PedNYC28_scenario7,7,36.0,-1.7467075677030877,62.2072767141645,15.34007468622421,58.38914968825579,-1.7707294303380474,63.17452065580717,0.967542191601433
PedNYC28,PedNYC28_scenario7,7,37.0,-1.742148626558397,62.03706316451614,15.233339887338134,58.38973942847094,-1.7894204809177605,62.9212609852302,0.8854605662422583
PedNYC28,PedNYC28_scenario7,7,38.0,-1.7796898557318122,61.870001280206125,15.2052018239693,58.38990020751953,-1.8274121214029475,62.676255534174345,0.8076653618192606
PedNYC28,PedNYC28_scenario7,7,39.0,-1.838503661899946,61.718236469160246,15.20497342420627,58.38990663676652,-1.8667239833615077,62.435007495273055,0.7173263486156098
PedNYC28,PedNYC28_scenario7,7,40.0,-1.896619529106476,61.57561261376327,15.204825221894794,58.38990783691406,-1.8982154123512582,62.19529549440148,0.6196849355917887
PedNYC28,PedNYC28_scenario7,7,41.0,-1.9604078338168376,61.43952222025302,15.204778396922235,58.38990783691406,-1.9219389665338193,61.96765729282138,0.5295342374453481
PedNYC28,PedNYC28_scenario7,7,42.0,-2.0515725734762236,61.31814967608034,15.204767227172852,58.38990783691406,-1.9555172824774003,61.72462815237138,0.4176737609866771
PedNYC28,PedNYC28_scenario7,7,43.0,-2.1263629025719437,61.23174269148887,15.20476531982422,58.38990783691406,-1.986408654799358,61.48789631599653,0.29189359502736967
PedNYC28,PedNYC28_scenario7,7,44.0,-2.193412498533698,61.1505832766052,15.20476531982422,58.389904740565555,-2.0172820479248297,61.25086573581006,0.20267833445106523
PedNYC28,PedNYC28_scenario7,7,45.0,-2.2431846554050665,61.04946544223605,15.20476531982422,58.38990783691406,-2.0469220365489775,61.01316575639532,0.1995912892698132
PedNYC28,PedNYC28_scenario7,7,46.0,-2.2700641298257302,60.948083686166854,15.20476531982422,58.38990783691406,-2.0634461788823915,60.78531909504752,0.263027165468261
PedNYC28,PedNYC28_scenario7,7,47.0,-2.278580090194824,60.857023376891746,15.20476531982422,58.38990783691406,-2.0878602811506726,60.574530428674755,0.3408464630213506
PedNYC28,PedNYC28_scenario7,7,48.0,-2.3169238014412374,60.73154707925542,15.20476531982422,58.38990783691406,-2.124839174245565,60.37243221107186,0.40725912212668314
PedNYC28,PedNYC28_scenario7,7,49.0,-2.366492830908618,60.566208314543836,15.204765019787333,58.38990783691406,-2.1630685110140933,60.17522842371259,0.44073430653735535
PedNYC28,PedNYC28_scenario7,7,50.0,-2.449789705821995,60.392537853024955,15.20476531982422,58.38990783691406,-2.1903117353644093,59.99391684962363,0.47563381030522434
PedNYC28,PedNYC28_scenario7,7,51.0,-2.556547228805954,60.18178422618463,15.20476531982422,58.38990783691406,-2.2144874802290047,59.84895476035874,0.4772633706020991
PedNYC28,PedNYC28_scenario7,7,52.0,-2.645643943025656,59.97385021077041,15.20476531982422,58.38990783691406,-2.248021514000097,59.683057567408575,0.49260933557693326
PedNYC28,PedNYC28_scenario7,7,53.0,-2.6977602468422957,59.76063751957466,15.20476531982422,58.38990783691406,-2.277587970422157,59.52632988763707,0.48108711088147277
PedNYC28,PedNYC28_scenario7,7,54.0,-2.7160249102352063,59.528793426189104,15.20476531982422,58.38990783691406,-2.301592656893684,59.3659782357695,0.4452671993770758
PedNYC28,PedNYC28_scenario7,7,55.0,-2.7143506137977313,59.3055204591479,15.204764826167246,58.389909676983436,-2.3187361063245047,59.20312763019762,0.4086503761698071
PedNYC28,PedNYC28_scenario7,7,56.0,-2.719440122608756,59.06547359917211,15.20476531982422,58.38990783691406,-2.335983135285132,59.03468440388436,0.3846910912326627
PedNYC28,PedNYC28_scenario7,7,57.0,-2.729845327460591,58.833439942700366,15.20476531982422,58.38990753169416,-2.3478834376586577,58.85606527571749,0.3826314035141394
PedNYC28,PedNYC28_scenario7,7,58.0,-2.73403644970211,58.5753276481749,15.20476531982422,58.38990783691406,-2.356572341355403,58.67640959408112,0.39076426765783384
PedNYC28,PedNYC28_scenario7,7,59.0,-2.6768450297580153,58.375476735330594,15.20476531982422,58.38990783691406,-2.3641466241838485,58.48902231670298,0.33267535511038243
PedNYC28,PedNYC28_scenario7,7,60.0,-2.619642954678745,58.153618193444785,15.20476531982422,58.38990783691406,-2.3742515033485385,58.299816905202135,0.28564143205328935
PedNYC28,PedNYC28_scenario7,7,61.0,-2.583966373517799,57.9006708852562,15.20476531982422,58.38990783691406,-2.377963886139109,58.10713509211997,0.2916581792477169
PedNYC28,PedNYC28_scenario7,7,62.0,-2.5980910675840003,57.65881174950758,15.20476531982422,58.38990783691406,-2.3804198148149536,57.89689128640748,0.322587414777016
PedNYC28,PedNYC28_scenario7,7,63.0,-2.63005982452715,57.380518129222104,15.20476531982422,58.38990783691406,-2.3849380150197503,57.68907474822599,0.39407091827143503
PedNYC28,PedNYC28_scenario7,7,64.0,-2.649081642942973,57.10633462289708,15.204806100540926,58.38990783691406,-2.3850501616211113,57.48117908866655,0.45849863320081585
PedNYC28,PedNYC28_scenario7,7,65.0,-2.6442472023263544,56.84985958178678,15.204676305104389,58.38990783691406,-2.3858143160856677,57.27315433712882,0.49594960085755746
PedNYC28,PedNYC28_scenario7,7,66.0,-2.624957344567969,56.59576194065729,15.204724296238853,58.38990783691406,-2.3926217581637808,57.06570983848314,0.5242431223971475
PedNYC28,PedNYC28_scenario7,7,67.0,-2.6230122117346544,56.333466189769055,15.204877752790372,58.38990783691406,-2.398558797595679,56.85803245375493,0.5705691022398087
PedNYC28,PedNYC28_scenario7,7,68.0,-2.6474519241081182,56.09231941155162,15.204832659154214,58.38990783691406,-2.4077036072231186,56.641970697922915,0.5996630654449281
PedNYC28,PedNYC28_scenario7,7,69.0,-2.6889707573487747,55.83419928039692,15.20474656372688,58.38990783691406,-2.415015727919912,56.43009099250135,0.6558492896269023
PedNYC28,PedNYC28_scenario7,7,70.0,-2.712901481326152,55.5777784049471,15.203747261663592,58.38991544401325,-2.422020393678583,56.214470375648766,0.6999917661708656
PedNYC28,PedNYC28_scenario7,7,71.0,-2.716375008122041,55.34140329235962,15.187471469770326,58.39003884720638,-2.4269724397469417,56.008479002045576,0.7271477491095755
PedNYC28,PedNYC28_scenario7,7,72.0,-2.707711916115134,55.09680487214349,15.141552717415918,58.390358917391296,-2.4299435337046402,55.79825016558253,0.7544407027425867
PedNYC28,PedNYC28_scenario7,7,73.0,-2.7030308570141233,54.85346727680039,15.058064408438335,58.39096083777081,-2.429735116082203,55.60030893962585,0.7952754436944635
PedNYC28,PedNYC28_scenario7,7,74.0,-2.707911069948029,54.61462544668471,14.928897350794102,58.39192896250211,-2.4283082050858154,55.397561281777115,0.8313641103096735
PedNYC28,PedNYC28_scenario7,7,75.0,-2.7208702107439064,54.3768716244488,14.750029090651198,58.3933523302365,-2.421824706729757,55.212276096887436,0.8873155278938529
PedNYC28,PedNYC28_scenario7,7,76.0,-2.7178077703144994,54.13295121514113,14.51976818414761,58.39534236341072,-2.4286736214789655,55.021437951914315,0.9343485631415709
PedNYC28,PedNYC28_scenario7,7,77.0,-2.6971785301415845,53.90093234848222,14.23636095580819,58.39802822467448,-2.4301330616127985,54.82563005956742,0.9624859163374649
PedNYC28,PedNYC28_scenario7,7,78.0,-2.66596004519527,53.661158052733015,13.899863097031954,58.40154229164398,-2.4192704527393323,54.63361400676902,1.0032578619508339
PedNYC28,PedNYC28_scenario7,7,79.0,-2.649516971008273,53.444837539598296,13.510877034069532,58.40607170601326,-2.4121458929481774,54.450150393267315,1.0329564184667022
PedNYC28,PedNYC28_scenario7,7,80.0,-2.644995470367721,53.26298367027991,13.071028274012733,58.41178881104358,-2.4150029778190207,54.28017516036704,1.0428686754018632
PedNYC28,PedNYC28_scenario7,7,81.0,-2.646295942076438,53.05103047133246,12.579420386633561,58.418899712887395,-2.419677318184543,54.13106105884797,1.1035497590338876
PedNYC28,PedNYC28_scenario7,7,82.0,-2.6361198554290834,52.801750826265774,12.038862346187395,58.42711966506499,-2.4217138474320294,53.98588990119725,1.203393237908871
PedNYC28,PedNYC28_scenario7,7,83.0,-2.612176722508001,52.617924625535245,11.450531254214907,58.43671903932781,-2.416448032790178,53.8554228040764,1.252881264075461
PedNYC28,PedNYC28_scenario7,7,84.0,-2.5746871452379336,52.41674743731756,10.816116568264631,58.44808045507121,-2.401326535180318,53.73853539473803,1.3331081372121782
PedNYC28,PedNYC28_scenario7,7,85.0,-2.5464256392752422,52.25356996782417,10.138066582470943,58.461363479644966,-2.3882335614430015,53.622922337058654,1.3784595186718311
PedNYC28,PedNYC28_scenario7,7,86.0,-2.533533048629761,52.110775756835935,9.416711997985837,58.476748657226565,-2.3730247323670524,53.51437246562652,1.4127443648860394
PedNYC28,PedNYC28_scenario7,7,87.0,-2.532184030772786,51.98575982604319,8.654772838875038,58.49442921465152,-2.3560070565428965,53.41362143574351,1.4386893697754128
PedNYC28,PedNYC28_scenario7,7,88.0,-2.544704294204712,51.85298690795898,7.851016235351556,58.51425628662109,-2.346549734106968,53.308988712921284,1.4694238618387212
PedNYC28,PedNYC28_scenario7,7,89.0,-2.5524114663360113,51.74239969753539,7.008508935311049,58.535306040617535,-2.345545922200913,53.1990945984884,1.4713100923370341
PedNYC28,PedNYC28_scenario7,7,90.0,-2.5506005287170406,51.657752990722656,6.127123832702624,58.557952880859375,-2.342508721773835,53.09239776554801,1.4496578320591968
PedNYC28,PedNYC28_scenario7,7,91.0,-2.5298470260367174,51.63423492149288,5.208005481788345,58.58149692870694,-2.3279039841640072,53.000645687088635,1.3812528271452598
PedNYC28,PedNYC28_scenario7,7,92.0,-2.4961774349212638,51.66157684326172,4.254120826721173,58.60418853759765,-2.3174661549219384,52.903490603800336,1.2547061449654906
PedNYC28,PedNYC28_scenario7,7,93.0,-2.473794122398773,51.7051045890648,3.2663873058677995,58.625903830327694,-2.3121221130082104,52.81277449724459,1.1194062998337109
PedNYC28,PedNYC28_scenario7,7,94.0,-2.4615473270416257,51.739566040039065,2.248658132553074,58.64631881713867,-2.2979602575939535,52.73566537135801,1.0094427210815513
PedNYC28,PedNYC28_scenario7,7,95.0,-2.455484387243435,51.76186214124287,1.199949480729537,58.6638969230597,-2.2809311975388096,52.676771167182345,0.9314114782315995
PedNYC28,PedNYC28_scenario7,7,96.0,-2.4554480279374324,51.77160982405487,0.12369555926138606,58.678367864157295,-2.262184356888782,52.629616521065046,0.8795034614266801
PedNYC28,PedNYC28_scenario7,7,97.0,-2.4584927738906437,51.77170746384698,-0.9807492685807006,58.691645455677936,-2.243680630893629,52.58158742277772,0.8378841236451687
PedNYC28,PedNYC28_scenario7,7,98.0,-2.4626976701601158,51.75636198908527,-2.111891237838804,58.705321905111106,-2.220235810599497,52.52867242029464,0.8094758523244505
PedNYC28,PedNYC28_scenario7,7,99.0,-2.4736529097950437,51.72188131733165,-3.2688438618744167,58.71967672940311,-2.1944083224174116,52.4889274365392,0.8162948539413107
PedNYC28,PedNYC28_scenario7,7,100.0,-2.49178147315979,51.69084930419922,-4.449800491333008,58.7360954284668,-2.202244071733384,52.49667485555013,0.8562632340786098
PedNYC29,PedNYC29_scenario7,7,0.0,-1.8287122249603271,70.10702514648438,84.68659973144531,58.00998306274414,-1.7987583564675373,70.12958791981573,0.03750083969840698
PedNYC29,PedNYC29_scenario7,7,1.0,-1.7778738637313516,70.18828941245617,84.64044142406105,58.00979474992397,-1.8044872955447269,70.0647341920194,0.12638895224688024
PedNYC29,PedNYC29_scenario7,7,2.0,-1.8046396179558133,70.29048329587523,84.52228920794306,58.00928034540498,-1.8135075132234157,69.98504923884316,0.30556276402982896
PedNYC29,PedNYC29_scenario7,7,3.0,-1.793017933061665,70.33817426887477,84.31396844902268,58.00858255039678,-1.8151326907762673,69.89108624097307,0.44763463583798613
PedNYC29,PedNYC29_scenario7,7,4.0,-1.64188478418382,70.34746138366278,84.01464626069931,58.008000213522166,-1.7891769726512223,69.78299891380624,0.5833634104570309
PedNYC29,PedNYC29_scenario7,7,5.0,-1.5356412703491626,70.22760287916651,83.62644317223645,58.00811613297683,-1.7366350850065908,69.65531823803282,0.6065543866860275
PedNYC29,PedNYC29_scenario7,7,6.0,-1.5074162065167303,70.11666902783891,83.15667489121537,58.00859342965242,-1.6920554512913224,69.51981095759781,0.6247649211686414
PedNYC29,PedNYC29_scenario7,7,7.0,-1.5191216338874967,69.92293004300478,82.61421574009896,58.00835478713118,-1.6747214486460915,69.38004988468087,0.5647390270334638
PedNYC29,PedNYC29_scenario7,7,8.0,-1.5993799356684621,69.70789496969786,82.01036712881864,58.00799068509773,-1.6684897381483927,69.21820662499455,0.49454103948720296
PedNYC29,PedNYC29_scenario7,7,9.0,-1.6129727851756863,69.56108984588377,81.34637390029262,58.00749665575008,-1.663795592994915,69.05173078195773,0.5118882825365738
PedNYC29,PedNYC29_scenario7,7,10.0,-1.5636729254003157,69.36012618115248,80.6185643190959,58.00683576907207,-1.6452506459833909,68.88753958556255,0.479575869729505
PedNYC29,PedNYC29_scenario7,7,11.0,-1.4933833746062255,69.13321391498653,79.81493049527283,58.005465084465,-1.624003297740102,68.70632859986135,0.44642203864619046
PedNYC29,PedNYC29_scenario7,7,12.0,-1.501933697506056,68.93401284016353,78.93301382953892,58.00221613714473,-1.6071961942375586,68.52756931387593,0.41985299008016025
PedNYC29,PedNYC29_scenario7,7,13.0,-1.565776106497774,68.66814625163214,77.9667520688696,57.99812593568723,-1.6012667235446376,68.33900339191803,0.33105076045698767
PedNYC29,PedNYC29_scenario7,7,14.0,-1.6053306666630787,68.43819114357207,76.92571086700431,57.99544401022442,-1.5995097853220477,68.15482363782705,0.2834272851574808
PedNYC29,PedNYC29_scenario7,7,15.0,-1.552793618296212,68.1847122172346,75.82733081479944,57.99911243117766,-1.5974975052463378,67.96434182820765,0.2248589466050674
PedNYC29,PedNYC29_scenario7,7,16.0,-1.4829652827848496,67.9060812897521,74.68094062210876,58.008316970244785,-1.5903727079915044,67.77781012651347,0.16730166259817164
PedNYC29,PedNYC29_scenario7,7,17.0,-1.4643108628913704,67.62534883508337,73.50809858481334,58.019887930837704,-1.5802431883294858,67.57847148321807,0.1250511503321451
PedNYC29,PedNYC29_scenario7,7,18.0,-1.4379698979063054,67.3031817907436,72.32307876532455,58.029060456240394,-1.5794076855243375,67.37789560033887,0.15995874815252656
PedNYC29,PedNYC29_scenario7,7,19.0,-1.388999268940277,67.04942822263651,71.13076003095205,58.030837170276605,-1.5818540068375722,67.16943870510187,0.22714635332974872
PedNYC29,PedNYC29_scenario7,7,20.0,-1.2866694980409388,66.75472920747931,69.9350681832504,58.02626803890043,-1.5769150128696352,66.96860760253605,0.3605363043442663
PedNYC29,PedNYC29_scenario7,7,21.0,-1.2374446076094174,66.4627080296433,68.74506369641107,58.01979831834628,-1.5666988025464168,66.77769326555389,0.4556577923456006
PedNYC29,PedNYC29_scenario7,7,22.0,-1.2423644767049014,66.1489578129709,67.59039484263997,58.01696840686292,-1.5618601393057432,66.57315760707064,0.5310583242309723
PedNYC29,PedNYC29_scenario7,7,23.0,-1.2151314138646367,65.88599991932776,66.4913340110584,58.0200127614675,-1.5702201131748015,66.36136525993687,0.5933466031167663
PedNYC29,PedNYC29_scenario7,7,24.0,-1.1315954051041062,65.58077800056653,65.44511766302685,58.026038138863,-1.5889873941493413,66.14754934562262,0.7283111898216679
PedNYC29,PedNYC29_scenario7,7,25.0,-1.0678570965511813,65.28018200761846,64.44292099037035,58.03021016161572,-1.5983587235658678,65.92468469896315,0.8347548714537522
PedNYC29,PedNYC29_scenario7,7,26.0,-1.095025736949813,64.98695599258728,63.4579652240293,58.03067755952721,-1.6106631409790304,65.68843563943499,0.8706064710163637
PedNYC29,PedNYC29_scenario7,7,27.0,-1.1544323093610511,64.72796927659782,62.45661024250792,58.0264910265325,-1.6178168090056293,65.46057403118412,0.866853459907334
PedNYC29,PedNYC29_scenario7,7,28.0,-1.1486767423964044,64.40515025129297,61.43230035209803,58.01844707173573,-1.6273598023634792,65.21168667794487,0.9378904410515452
PedNYC29,PedNYC29_scenario7,7,29.0,-1.0974415774541053,64.08868398703115,60.385509523472315,58.00965452664609,-1.6378621832140166,64.9576700068143,1.023323572340866
PedNYC29,PedNYC29_scenario7,7,30.0,-1.1481078867866836,63.83434610348547,59.31251996862622,58.004522977090495,-1.6460094969998118,64.71534507392381,1.011961066131619
PedNYC29,PedNYC29_scenario7,7,31.0,-1.2511635599166455,63.565063679586856,58.21442859510137,58.00160904366141,-1.6595010611412317,64.45652561218063,0.9805324533997636
PedNYC29,PedNYC29_scenario7,7,32.0,-1.309078045852616,63.302031668216834,57.09595828313738,58.000758832664886,-1.6803209848633058,64.20696325026942,0.9781219187614084
PedNYC29,PedNYC29_scenario7,7,33.0,-1.3720764094341007,63.01666687303934,55.95666169139975,57.99932582322604,-1.7027411981139662,63.94745916580432,0.9877821089407232
PedNYC29,PedNYC29_scenario7,7,34.0,-1.4960737046629375,62.72875870112819,54.79359081063814,57.99702160518654,-1.7314314752423385,63.679596831623236,0.9795337822532794
PedNYC29,PedNYC29_scenario7,7,35.0,-1.7105403203853784,62.45211061302862,53.60846009079017,57.99256320583577,-1.7623378897891215,63.427240191446934,0.976504317912834
PedNYC29,PedNYC29_scenario7,7,36.0,-1.8597156367889256,62.203336596713214,52.40797242917919,57.984335104795996,-1.7707294303380474,63.17452065580717,0.9752522861171531
PedNYC29,PedNYC29_scenario7,7,37.0,-1.9982443977322881,61.851178492387724,51.1996482170977,57.97322161357887,-1.7894204809177605,62.9212609852302,1.0902678431109134
PedNYC29,PedNYC29_scenario7,7,38.0,-2.1930744657930403,61.56474442412642,50.02106133171799,57.96447817856431,-1.8274121214029475,62.676255534174345,1.1701136260486997
PedNYC29,PedNYC29_scenario7,7,39.0,-2.4590912578472075,61.33446164438149,48.91597394387173,57.96080552784773,-1.8667239833615077,62.435007495273055,1.2498400528852691
PedNYC29,PedNYC29_scenario7,7,40.0,-2.6327270364925823,61.09717418659324,47.88630027354329,57.96124663967459,-1.8982154123512582,62.19529549440148,1.3211274475466754
PedNYC29,PedNYC29_scenario7,7,41.0,-2.738985098091604,60.82056970138254,46.92675614588537,57.96311365307206,-1.9219389665338193,61.96765729282138,1.408323231196056
PedNYC29,PedNYC29_scenario7,7,42.0,-2.826848665247675,60.53831086916288,46.03340342026264,57.96296273505219,-1.9555172824774003,61.72462815237138,1.471926314405569
PedNYC29,PedNYC29_scenario7,7,43.0,-2.907915748325221,60.23970002658479,45.2013048715638,57.95991485011547,-1.986408654799358,61.48789631599653,1.5515054947758686
PedNYC29,PedNYC29_scenario7,7,44.0,-2.956238161312587,60.00305647400773,44.42625713958681,57.952800983184105,-2.0172820479248297,61.25086573581006,1.5616230456508773
PedNYC29,PedNYC29_scenario7,7,45.0,-2.9094450280708495,59.76487105936911,43.70410881764338,57.94508644887356,-2.0469220365489775,61.01316575639532,1.517295476012362
PedNYC29,PedNYC29_scenario7,7,46.0,-2.886051580746923,59.525610371058136,43.0127788109015,57.9384450423842,-2.0634461788823915,60.78531909504752,1.504508463409784
PedNYC29,PedNYC29_scenario7,7,47.0,-2.931820479347648,59.24912086207038,42.316107258769115,57.93657848948135,-2.0878602811506726,60.574530428674755,1.5712986143273606
PedNYC29,PedNYC29_scenario7,7,48.0,-3.025555786621848,58.979129748847434,41.58744935327647,57.94038092262069,-2.124839174245565,60.37243221107186,1.659090765163635
PedNYC29,PedNYC29_scenario7,7,49.0,-3.057132108343953,58.72507675548183,40.80910233458784,57.949165329655855,-2.1630685110140933,60.17522842371259,1.7036107468969737
PedNYC29,PedNYC29_scenario7,7,50.0,-3.050598371526946,58.396368801823556,39.981107582104784,57.96481647722153,-2.1903117353644093,59.99391684962363,1.8144566297902198
PedNYC29,PedNYC29_scenario7,7,51.0,-3.106937799178641,58.1123865799092,39.101261906692834,57.985465765046904,-2.2144874802290047,59.84895476035874,1.9524693639448294
PedNYC29,PedNYC29_scenario7,7,52.0,-3.264008229050669,57.78169020282918,38.173604009756225,58.00683345153135,-2.248021514000097,59.683057567408575,2.1557891502294093
PedNYC29,PedNYC29_scenario7,7,53.0,-3.3071296054976327,57.504479432787214,37.202708124433244,58.02590665272304,-2.277587970422157,59.52632988763707,2.268884139864891
PedNYC29,PedNYC29_scenario7,7,54.0,-3.280984013110294,57.193850521160016,36.19232815411261,58.03836155493666,-2.301592656893684,59.3659782357695,2.3827182454512776
PedNYC29,PedNYC29_scenario7,7,55.0,-3.2991961393074507,56.89196954056586,35.14899713943899,58.0453579304994,-2.3187361063245047,59.20312763019762,2.510528548243825
PedNYC29,PedNYC29_scenario7,7,56.0,-3.3929410606194947,56.59802831694554,34.07724134715111,58.0482446687674,-2.335983135285132,59.03468440388436,2.656022014581797
PedNYC29,PedNYC29_scenario7,7,57.0,-3.454780083256634,56.31622186829792,32.97656877840494,58.051038273810974,-2.3478834376586577,58.85606527571749,2.7705639711525687
PedNYC29,PedNYC29_scenario7,7,58.0,-3.4006638987820255,56.026503356430304,31.857842408443666,58.05678616708227,-2.356572341355403,58.67640959408112,2.8481801643558753
PedNYC29,PedNYC29_scenario7,7,59.0,-3.321685352310648,55.70828130973417,30.767549891081696,58.063973781437305,-2.3641466241838485,58.48902231670298,2.9409863929812055
PedNYC29,PedNYC29_scenario7,7,60.0,-3.321018475166586,55.41409682299232,29.74568113125372,58.070775053973556,-2.3742515033485385,58.299816905202135,3.037062411573812
PedNYC29,PedNYC29_scenario7,7,61.0,-3.3349365272820197,55.125696282838625,28.793168299320357,58.07121561380733,-2.377963886139109,58.10713509211997,3.131257576339735
PedNYC29,PedNYC29_scenario7,7,62.0,-3.289029590078523,54.84880380795516,27.90277238809367,58.065276819455555,-2.3804198148149536,57.89689128640748,3.1806302834504923
PedNYC29,PedNYC29_scenario7,7,63.0,-3.19007349098657,54.5682509154527,27.02709078152683,58.0528863108682,-2.3849380150197503,57.68907474822599,3.223008614612453
PedNYC29,PedNYC29_scenario7,7,64.0,-3.1576778239843843,54.29662341366488,26.11145704556873,58.03406229907872,-2.3850501616211113,57.48117908866655,3.276941920729488
PedNYC29,PedNYC29_scenario7,7,65.0,-3.197158963661478,54.014471881970074,25.138596831001273,58.012914417703065,-2.3858143160856677,57.27315433712882,3.358167875599635
PedNYC29,PedNYC29_scenario7,7,66.0,-3.202845988547287,53.775537793515,24.100222021076615,57.99251061970395,-2.3926217581637808,57.06570983848314,3.3884650491026704
PedNYC29,PedNYC29_scenario7,7,67.0,-3.135217690983528,53.56902747202756,22.992341368470456,57.97646390761956,-2.398558797595679,56.85803245375493,3.3704925597062054
PedNYC29,PedNYC29_scenario7,7,68.0,-3.017702570530022,53.33188272393476,21.816312064857986,57.96491442927049,-2.4077036072231186,56.641970697922915,3.3658254753888377
PedNYC29,PedNYC29_scenario7,7,69.0,-2.9562679949045023,53.1435819281565,20.57194925448304,57.95821045843111,-2.415015727919912,56.43009099250135,3.330780065770901
PedNYC29,PedNYC29_scenario7,7,70.0,-2.947174336287303,52.90222128791988,19.262090326710155,57.95499379671635,-2.422020393678583,56.214470375648766,3.3536220244085833
PedNYC29,PedNYC29_scenario7,7,71.0,-2.9103262837288026,52.644952055567856,17.891999632057168,57.951800797269634,-2.4269724397469417,56.008479002045576,3.398079524992576
PedNYC29,PedNYC29_scenario7,7,72.0,-2.8240550732797645,52.43008102596817,16.4638760880692,57.951565024520384,-2.4299435337046402,55.79825016558253,3.391148368720662
PedNYC29,PedNYC29_scenario7,7,73.0,-2.7099447764085753,52.21635440473476,14.97926840133798,57.95549262505912,-2.429735116082203,55.60030893962585,3.3955361502935273
PedNYC29,PedNYC29_scenario7,7,74.0,-2.6656070495265145,52.03537517541211,13.441246079603587,57.96211196413668,-2.4283082050858154,55.397561281777115,3.3705498298358894
PedNYC29,PedNYC29_scenario7,7,75.0,-2.674914127094565,51.84113558818752,11.852047668444976,57.96782404419059,-2.421824706729757,55.212276096887436,3.380627542942009
PedNYC29,PedNYC29_scenario7,7,76.0,-2.689589575740973,51.6514515885743,10.214315451575118,57.97286396533556,-2.4286736214789655,55.021437951914315,3.380071777978411
PedNYC29,PedNYC29_scenario7,7,77.0,-2.668267589011556,51.48493615519477,8.531953115669356,57.97704565555018,-2.4301330616127985,54.82563005956742,3.349170616115586
PedNYC29,PedNYC29_scenario7,7,78.0,-2.5904860560847416,51.32893369289814,6.8057034861188415,57.97799306219835,-2.4192704527393323,54.63361400676902,3.309112684650477
PedNYC29,PedNYC29_scenario7,7,79.0,-2.546097433473103,51.227810115284235,5.036802525780836,57.97075064110964,-2.4121458929481774,54.450150393267315,3.225123235214597
PedNYC29,PedNYC29_scenario7,7,80.0,-2.589618128593279,51.137901189976134,3.228504730148684,57.96180530973095,-2.4150029778190207,54.28017516036704,3.147121884496393
PedNYC29,PedNYC29_scenario7,7,81.0,-2.6389700260326943,51.11496734177437,1.3837854913491514,57.95268615603139,-2.419677318184543,54.13106105884797,3.0240553238798777
PedNYC29,PedNYC29_scenario7,7,82.0,-2.6483231693319493,51.15084462659528,-0.48470538745945757,57.9437070208399,-2.4217138474320294,53.98588990119725,2.8440874624059798
PedNYC29,PedNYC29_scenario7,7,83.0,-2.6396270610454198,51.24307603546311,-2.3176924421765674,57.935199947823186,-2.416448032790178,53.8554228040764,2.6218627954447253
PedNYC29,PedNYC29_scenario7,7,84.0,-2.5990950928043652,51.33709670834846,-4.041890020493643,57.927454842557886,-2.401326535180318,53.73853539473803,2.4095684607151444
PedNYC29,PedNYC29_scenario7,7,85.0,-2.5232546752687255,51.43383729903991,-5.647678870730256,57.920481504616845,-2.3882335614430015,53.622922337058654,2.1932450854512986
PedNYC29,PedNYC29_scenario7,7,86.0,-2.4559249291460423,51.497331883850336,-7.14413213471702,57.91418927598937,-2.3730247323670524,53.51437246562652,2.0187434584805493
PedNYC29,PedNYC29_scenario7,7,87.0,-2.402962066503368,51.44569372764387,-8.536651279264305,57.90851596346255,-2.3560070565428965,53.41362143574351,1.9684878047035694
PedNYC29,PedNYC29_scenario7,7,88.0,-2.3412576278402533,51.36046141426808,-9.838600718269895,57.90333663357096,-2.346549734106968,53.308988712921284,1.9485344851927795
PedNYC29,PedNYC29_scenario7,7,89.0,-2.3540596461355827,51.32571374597418,-11.108443397665448,57.89762076748732,-2.345545922200913,53.1990945984884,1.8734001980522357
PedNYC29,PedNYC29_scenario7,7,90.0,-2.357808321637875,51.33948555898196,-12.403791507108016,57.89132643038369,-2.342508721773835,53.09239776554801,1.7529789735431052
PedNYC29,PedNYC29_scenario7,7,91.0,-2.238954976071875,51.31787715752303,-13.736814567793047,57.8852214917913,-2.3279039841640072,53.000645687088635,1.685117755569909
PedNYC29,PedNYC29_scenario7,7,92.0,-2.1763749824638965,51.18999402669339,-15.11432246433904,57.879160375473795,-2.3174661549219384,52.903490603800336,1.7192955646725785
PedNYC29,PedNYC29_scenario7,7,93.0,-2.1297869905523608,51.121195171325496,-16.54493611463772,57.87310609106978,-2.3121221130082104,52.81277449724459,1.7013778865254725
PedNYC29,PedNYC29_scenario7,7,94.0,-2.0411818693902197,51.14971373827145,-18.030517392736765,57.86711797966767,-2.2979602575939535,52.73566537135801,1.6066044077925439
PedNYC29,PedNYC29_scenario7,7,95.0,-1.9343461170068377,51.25522129584502,-19.558463692577735,57.86125656825008,-2.2809311975388096,52.676771167182345,1.4631900952188417
PedNYC29,PedNYC29_scenario7,7,96.0,-1.8704155457408425,51.283250027233684,-21.037993843367783,57.85586255406941,-2.262184356888782,52.629616521065046,1.4022073802045198
PedNYC29,PedNYC29_scenario7,7,97.0,-1.8367660148328857,51.1869603203352,-22.408447965555435,57.85112494359314,-2.243680630893629,52.58158742277772,1.4527781178249766
PedNYC29,PedNYC29_scenario7,7,98.0,-1.837972840104846,51.05732945962998,-23.38721661563371,57.84790371884397,-2.220235810599497,52.52867242029464,1.5201891614232859
PedNYC29,PedNYC29_scenario7,7,99.0,-1.8176780354597224,50.98700421285541,-23.78145282779737,57.84665933454364,-2.1944083224174116,52.4889274365392,1.5484505413321825
PedNYC29,PedNYC29_scenario7,7,100.0,-1.7800582647323608,50.9382209777832,-23.87944602966309,57.84634399414063,-2.202244071733384,52.49667485555013,1.614626688977946
PedNYC2,PedNYC2_scenario7,7,0.0,-1.8201870918273928,70.0701904296875,52.00067901611328,58.36800384521485,-1.7987583564675373,70.12958791981573,0.06314469520598179
PedNYC2,PedNYC2_scenario7,7,1.0,-1.7774857130092254,69.9104657551852,49.014258689925974,58.374065070858656,-1.8044872955447269,70.0647341920194,0.15661365222319965
PedNYC2,PedNYC2_scenario7,7,2.0,-1.6007541623455708,69.67055287583086,45.967935293334996,58.38325823679989,-1.8135075132234157,69.98504923884316,0.37969981650998097
PedNYC2,PedNYC2_scenario7,7,3.0,-1.5409446204651274,69.33701759387343,42.8670908145033,58.395939833808626,-1.8151326907762673,69.89108624097307,0.6181999382075128
PedNYC2,PedNYC2_scenario7,7,4.0,-1.4720715130499327,68.95754720750585,39.71746981755554,58.41222969379088,-1.7891769726512223,69.78299891380624,0.8842660187653721
PedNYC2,PedNYC2_scenario7,7,5.0,-1.3204916890041392,68.58399023507476,36.52928630905307,58.42869478058857,-1.7366350850065908,69.65531823803282,1.1493124100776717
PedNYC2,PedNYC2_scenario7,7,6.0,-1.2660893555360437,68.11588370652392,33.38706803380054,58.43460540952237,-1.6920554512913224,69.51981095759781,1.46712604810933
PedNYC2,PedNYC2_scenario7,7,7.0,-1.340749550017464,67.62257983244146,30.462476219788584,58.42148963070058,-1.6747214486460915,69.38004988468087,1.7889209634838574
PedNYC2,PedNYC2_scenario7,7,8.0,-1.2775577064683705,67.12254063456032,27.781044588794924,58.39609882210311,-1.6684897381483927,69.21820662499455,2.1318170176767377
PedNYC2,PedNYC2_scenario7,7,9.0,-1.24510774211238,66.64712924600518,25.328857215172015,58.372091923549554,-1.663795592994915,69.05173078195773,2.4407802160747707
PedNYC2,PedNYC2_scenario7,7,10.0,-1.1525677851187897,66.22459849193376,23.085287914115604,58.35651893826898,-1.6452506459833909,68.88753958556255,2.7081343521927814
PedNYC2,PedNYC2_scenario7,7,11.0,-1.0856102680143431,65.75940744949732,21.033761272015113,58.34850824316697,-1.624003297740102,68.70632859986135,2.9956988034380494
PedNYC2,PedNYC2_scenario7,7,12.0,-1.1122602346962083,65.26004741325013,19.157081975737466,58.34639902968703,-1.6071961942375586,68.52756931387593,3.3047936357836813
PedNYC2,PedNYC2_scenario7,7,13.0,-1.1472927518718594,64.8004135137608,17.43970077317957,58.34889140677342,-1.6012667235446376,68.33900339191803,3.5675917217015067
PedNYC2,PedNYC2_scenario7,7,14.0,-1.1718067400457697,64.30237203599361,15.939935956895905,58.354544709165054,-1.5995097853220477,68.15482363782705,3.8761209010307733
PedNYC2,PedNYC2_scenario7,7,15.0,-1.3073001504095272,63.82313165624952,14.75199915778196,58.36138662290021,-1.5974975052463378,67.96434182820765,4.1513655817193165
PedNYC2,PedNYC2_scenario7,7,16.0,-1.3017231691932165,63.39784233565275,14.054306758869256,58.36640116598262,-1.5903727079915044,67.77781012651347,4.3894688067266
PedNYC2,PedNYC2_scenario7,7,17.0,-1.329942024968216,62.93855458209045,13.869119839759852,58.367858229203115,-1.5802431883294858,67.57847148321807,4.646663267523239
PedNYC2,PedNYC2_scenario7,7,18.0,-1.5143341574666782,62.483408386668486,13.86856247863243,58.36786651611328,-1.5794076855243375,67.37789560033887,4.894919779612
PedNYC2,PedNYC2_scenario7,7,19.0,-1.6406767969107747,62.054921254264436,13.868501663208008,58.36786651611328,-1.5818540068375722,67.16943870510187,5.114855704274816
PedNYC2,PedNYC2_scenario7,7,20.0,-1.8061729743024495,61.53591037228374,13.868500709533691,58.36786651611328,-1.5769150128696352,66.96860760253605,5.437532382291761
PedNYC2,PedNYC2_scenario7,7,21.0,-1.9445715005288704,61.082642413177396,13.868499777600027,58.36786651611328,-1.5666988025464168,66.77769326555389,5.707573213462513
PedNYC2,PedNYC2_scenario7,7,22.0,-1.9748922245433949,60.59637697047168,13.868477359968072,58.36786651611328,-1.5618601393057432,66.57315760707064,5.991035159424458
PedNYC2,PedNYC2_scenario7,7,23.0,-2.0330915437434243,60.07925681923009,13.868434773489863,58.36786651611328,-1.5702201131748015,66.36136525993687,6.299137752267058
PedNYC2,PedNYC2_scenario7,7,24.0,-2.0343524584625525,59.60243363580963,13.863317248822135,58.367903800635574,-1.5889873941493413,66.14754934562262,6.560250734183222
PedNYC2,PedNYC2_scenario7,7,25.0,-1.9655814810666623,59.11685056610406,13.821224230656755,58.368245350409886,-1.5983587235658678,65.92468469896315,6.817731157368095
PedNYC2,PedNYC2_scenario7,7,26.0,-1.994819110395388,58.63846241062484,13.708032547902224,58.369199703946315,-1.6106631409790304,65.68843563943499,7.060431880259023
PedNYC2,PedNYC2_scenario7,7,27.0,-2.027230424327455,58.16933289550654,13.510790711536423,58.37087517728334,-1.6178168090056293,65.46057403118412,7.302726669334392
PedNYC2,PedNYC2_scenario7,7,28.0,-2.0444392542776404,57.63416099217221,13.242458059601773,58.37323898642279,-1.6273598023634792,65.21168667794487,7.588995374076425
PedNYC2,PedNYC2_scenario7,7,29.0,-2.1676730319903244,57.11361897254828,12.926328066526274,58.376144268415665,-1.6378621832140166,64.9576700068143,7.861923184797141
PedNYC2,PedNYC2_scenario7,7,30.0,-2.1711086694445645,56.656037074544315,12.55772668101338,58.37964748222561,-1.6460094969998118,64.71534507392381,8.076396137496262
PedNYC2,PedNYC2_scenario7,7,31.0,-2.176072536926076,56.08369789406963,12.107759829183872,58.383774217295205,-1.6595010611412317,64.45652561218063,8.388747825913136
PedNYC2,PedNYC2_scenario7,7,32.0,-2.2475373794239855,55.63523477522121,11.527717979762796,58.3892863476208,-1.6803209848633058,64.20696325026942,8.590475160793543
PedNYC2,PedNYC2_scenario7,7,33.0,-2.265509738743542,55.15903136341174,10.77374940489461,58.396792057415595,-1.7027411981139662,63.94745916580432,8.806427860840577
PedNYC2,PedNYC2_scenario7,7,34.0,-2.281655688804917,54.698106983799214,9.830137249086748,58.40671849738242,-1.7314314752423385,63.679596831623236,8.998327987562831
PedNYC2,PedNYC2_scenario7,7,35.0,-2.300848688284847,54.26333151921152,8.701949934930823,58.41937399346094,-1.7623378897891215,63.427240191446934,9.179717644523057
PedNYC2,PedNYC2_scenario7,7,36.0,-2.23503717479916,53.91722632032989,7.4006317327212185,58.43502201543718,-1.7707294303380474,63.17452065580717,9.268930903573851
PedNYC2,PedNYC2_scenario7,7,37.0,-2.1830986326451893,53.586623047709445,5.933537026926153,58.45388802556713,-1.7894204809177605,62.9212609852302,9.342935722338522
PedNYC2,PedNYC2_scenario7,7,38.0,-2.1958099717731865,53.3345284559232,4.30782556877132,58.47584500462334,-1.8274121214029475,62.676255534174345,9.348988275780867
PedNYC2,PedNYC2_scenario7,7,39.0,-2.1949854280427252,53.11891303204002,2.5410568267788176,58.501046363852126,-1.8667239833615077,62.435007495273055,9.321875971280965
PedNYC2,PedNYC2_scenario7,7,40.0,-2.1386659420750957,53.037603833102786,0.6422740675046784,58.525985882421466,-1.8982154123512582,62.19529549440148,9.160847833070042
PedNYC2,PedNYC2_scenario7,7,41.0,-2.1432305186973775,52.99465524999266,-1.3849894848079607,58.54819884438753,-1.9219389665338193,61.96765729282138,8.975730366475325
PedNYC2,PedNYC2_scenario7,7,42.0,-2.101786641055849,52.89490356543302,-3.5324235942273847,58.566839641594704,-1.9555172824774003,61.72462815237138,8.830936020968716
PedNYC2,PedNYC2_scenario7,7,43.0,-2.0839294723051482,52.68896800433195,-5.792225507060728,58.58132448921946,-1.986408654799358,61.48789631599653,8.799468719397753
PedNYC2,PedNYC2_scenario7,7,44.0,-2.1004370521702023,52.40096732206333,-8.142622606529642,58.5910327338215,-2.0172820479248297,61.25086573581006,8.850289073717757
PedNYC2,PedNYC2_scenario7,7,45.0,-2.0492995854696283,52.106233361812436,-10.46374927379072,58.5952097997646,-2.0469220365489775,61.01316575639532,8.906932711905306
PedNYC2,PedNYC2_scenario7,7,46.0,-2.052379074276096,51.853250151583524,-12.700995465010392,58.59406071046076,-2.0634461788823915,60.78531909504752,8.932075799700671
PedNYC2,PedNYC2_scenario7,7,47.0,-2.1409266686606205,51.58557423875291,-14.857048732650496,58.588137323807864,-2.0878602811506726,60.574530428674755,8.989112827516271
PedNYC2,PedNYC2_scenario7,7,48.0,-2.1605050223023494,51.41519698101587,-16.945865918376384,58.57789983351964,-2.124839174245565,60.37243221107186,8.957306236769726
PedNYC2,PedNYC2_scenario7,7,49.0,-2.1306624243911814,51.34938619683543,-18.983133296829266,58.563042460477185,-2.1630685110140933,60.17522842371259,8.825901719834532
PedNYC2,PedNYC2_scenario7,7,50.0,-2.1523815523509704,51.326615065702434,-20.963885764292595,58.54297785152579,-2.1903117353644093,59.99391684962363,8.66738477929456
PedNYC2,PedNYC2_scenario7,7,51.0,-2.3122435167576643,51.33599753772527,-22.815877446017396,58.51990395528076,-2.2144874802290047,59.84895476035874,8.513518480455957
PedNYC2,PedNYC2_scenario7,7,52.0,-2.4706167546569455,51.322627721478845,-24.479163625197558,58.49553798607772,-2.248021514000097,59.683057567408575,8.363392604073761
PedNYC2,PedNYC2_scenario7,7,53.0,-2.509551193069959,51.24118584492047,-25.573826226230985,58.47799526142256,-2.277587970422157,59.52632988763707,8.2883906004256
PedNYC2,PedNYC2_scenario7,7,54.0,-2.5986567141392576,51.049303014985874,-25.744685128884996,58.47523471539603,-2.301592656893684,59.3659782357695,8.32197895828291
PedNYC2,PedNYC2_scenario7,7,55.0,-2.6526063473982235,50.86002869138919,-25.74546044609793,58.47520829234085,-2.3187361063245047,59.20312763019762,8.349776598246267
PedNYC2,PedNYC2_scenario7,7,56.0,-2.6612583402040277,50.78970008334107,-25.745513912841194,58.4752082824707,-2.335983135285132,59.03468440388436,8.251398087896368
PedNYC2,PedNYC2_scenario7,7,57.0,-2.6637817744855594,50.77046959977961,-25.745512008666992,58.475211653343685,-2.3478834376586577,58.85606527571749,8.091764281907585
PedNYC2,PedNYC2_scenario7,7,58.0,-2.664684124021838,50.774609283106855,-25.745511739969494,58.47520774507571,-2.356572341355403,58.67640959408112,7.907805070000834
PedNYC2,PedNYC2_scenario7,7,59.0,-2.659973802741366,50.80374656734915,-25.745511527604283,58.4752082824707,-2.3641466241838485,58.48902231670298,7.690967238467431
PedNYC2,PedNYC2_scenario7,7,60.0,-2.6493932663514808,50.88928445397984,-25.745512008666992,58.47521209716797,-2.3742515033485385,58.299816905202135,7.415638489055887
PedNYC2,PedNYC2_scenario7,7,61.0,-2.6209734101888422,51.016804868120396,-25.745512008666992,58.4752082824707,-2.377963886139109,58.10713509211997,7.094493379667128
PedNYC2,PedNYC2_scenario7,7,62.0,-2.5671733986101954,51.09226021686538,-25.74551244547004,58.4752082824707,-2.3804198148149536,57.89689128640748,6.807193319837339
PedNYC2,PedNYC2_scenario7,7,63.0,-2.5393880869267544,51.11463404683773,-25.745512398357995,58.4752082824707,-2.3849380150197503,57.68907474822599,6.57625466057867
PedNYC2,PedNYC2_scenario7,7,64.0,-2.5320360868025107,51.121825694146466,-25.745510834240235,58.47520446777344,-2.3850501616211113,57.48117908866655,6.361051835867678
PedNYC2,PedNYC2_scenario7,7,65.0,-2.524354870045847,51.13105278399069,-25.745512008666992,58.4752082824707,-2.3858143160856677,57.27315433712882,6.143663807057923
PedNYC2,PedNYC2_scenario7,7,66.0,-2.5075968142789193,51.142692311975956,-25.745512008666992,58.4752082824707,-2.3926217581637808,57.06570983848314,5.924133344451315
PedNYC2,PedNYC2_scenario7,7,67.0,-2.4876738029920773,51.15252989729048,-25.745512507320083,58.4752082824707,-2.398558797595679,56.85803245375493,5.706198463601595
PedNYC2,PedNYC2_scenario7,7,68.0,-2.50122518191932,51.138714739170936,-25.74551108377926,58.4752063175489,-2.4077036072231186,56.641970697922915,5.504050547775957
PedNYC2,PedNYC2_scenario7,7,69.0,-2.5313529281279683,51.12062842402897,-25.745512008666992,58.47521087322836,-2.415015727919912,56.43009099250135,5.310736964881761
PedNYC2,PedNYC2_scenario7,7,70.0,-2.5376189980021144,51.11464583422463,-25.745512008666992,58.47520856746087,-2.422020393678583,56.214470375648766,5.101134519950775
PedNYC2,PedNYC2_scenario7,7,71.0,-2.5537041342816895,51.10630454961953,-25.74551077555847,58.475205816253656,-2.4269724397469417,56.008479002045576,4.903812321492152
PedNYC2,PedNYC2_scenario7,7,72.0,-2.542479620128611,51.101378428129166,-25.745512008666992,58.4752082824707,-2.4299435337046402,55.79825016558253,4.69821971483197
PedNYC2,PedNYC2_scenario7,7,73.0,-2.6140088102724564,51.089861228043226,-25.745512008666992,58.47520562958797,-2.429735116082203,55.60030893962585,4.514210379821861
PedNYC2,PedNYC2_scenario7,7,74.0,-2.717536115766313,51.08869823566217,-25.745512639010375,58.47520954315747,-2.4283082050858154,55.397561281777115,4.318559196594572
PedNYC2,PedNYC2_scenario7,7,75.0,-2.783481744584072,51.10432137198129,-25.745512008666992,58.4752082824707,-2.421824706729757,55.212276096887436,4.12384381795774
PedNYC2,PedNYC2_scenario7,7,76.0,-2.9531818370385823,51.04180532675138,-25.745510925461147,58.47520993075628,-2.4286736214789655,55.021437951914315,4.014048417676444
PedNYC2,PedNYC2_scenario7,7,77.0,-3.0160145984831934,50.95055757721634,-25.745512988273088,58.475210241682895,-2.4301330616127985,54.82563005956742,3.9191126443010322
PedNYC2,PedNYC2_scenario7,7,78.0,-2.9674275207054754,50.81941894002166,-25.745512008666992,58.475205954414506,-2.4192704527393323,54.63361400676902,3.8533829524667196
PedNYC2,PedNYC2_scenario7,7,79.0,-2.980903800020621,50.64324376888353,-25.745512008666992,58.4752082824707,-2.4121458929481774,54.450150393267315,3.8491588176684233
PedNYC2,PedNYC2_scenario7,7,80.0,-2.9738990847407263,50.48912434081371,-25.745512008666992,58.4752082824707,-2.4150029778190207,54.28017516036704,3.8320270321030083
PedNYC2,PedNYC2_scenario7,7,81.0,-2.854841439956945,50.4078303629282,-25.745513465439014,58.47520627007987,-2.419677318184543,54.13106105884797,3.748575012977217
PedNYC2,PedNYC2_scenario7,7,82.0,-2.784545771404745,50.31785768291125,-25.745512008666992,58.4752082824707,-2.4217138474320294,53.98588990119725,3.6859337160939036
PedNYC2,PedNYC2_scenario7,7,83.0,-2.752006207836174,50.16685825083156,-25.745513331904135,58.4752082824707,-2.416448032790178,53.8554228040764,3.703796397251675
PedNYC2,PedNYC2_scenario7,7,84.0,-2.729848652284752,50.12070692501834,-25.745512697764774,58.475209660666266,-2.401326535180318,53.73853539473803,3.6327138089506987
PedNYC2,PedNYC2_scenario7,7,85.0,-2.6999617562141744,50.104336262926346,-25.745512008666992,58.47521209716797,-2.3882335614430015,53.622922337058654,3.5323678218007117
PedNYC2,PedNYC2_scenario7,7,86.0,-2.6777811305441466,50.11356450674993,-25.745512008666992,58.47520882833988,-2.3730247323670524,53.51437246562652,3.4144357125868163
PedNYC2,PedNYC2_scenario7,7,87.0,-2.7295183919566575,50.379449345516925,-25.745512008666992,58.4752082824707,-2.3560070565428965,53.41362143574351,3.0570755618388836
PedNYC2,PedNYC2_scenario7,7,88.0,-2.7512646450525327,50.7061084711843,-25.74551272930435,58.47520590904816,-2.346549734106968,53.308988712921284,2.634156356780374
PedNYC2,PedNYC2_scenario7,7,89.0,-2.6523784489969406,50.866985293639885,-25.745512008666992,58.4752082824707,-2.345545922200913,53.1990945984884,2.35220747581098
PedNYC2,PedNYC2_scenario7,7,90.0,-2.555386681295568,51.01835460381317,-25.745513789119467,58.475211843375654,-2.342508721773835,53.09239776554801,2.084939342616271
PedNYC2,PedNYC2_scenario7,7,91.0,-2.5120978860784207,51.18187845628341,-25.7455108341411,58.47520593341892,-2.3279039841640072,53.000645687088635,1.8280704672832981
PedNYC2,PedNYC2_scenario7,7,92.0,-2.4987291359858474,51.23311386362806,-25.745512008666992,58.4752082824707,-2.3174661549219384,52.903490603800336,1.6801829431382536
PedNYC2,PedNYC2_scenario7,7,93.0,-2.4469826764615155,51.22348565824263,-25.745512008666992,58.4752082824707,-2.3121221130082104,52.81277449724459,1.5950004342792947
PedNYC2,PedNYC2_scenario7,7,94.0,-2.346614260683696,51.16295929705859,-25.745510524957474,58.4752082824707,-2.2979602575939535,52.73566537135801,1.573458486314445
PedNYC2,PedNYC2_scenario7,7,95.0,-2.2110700097040468,51.228790554907405,-25.74551010131836,58.475210368334665,-2.2809311975388096,52.676771167182345,1.4496649402844068
PedNYC2,PedNYC2_scenario7,7,96.0,-2.010648765754951,51.41624602061111,-25.745512008666992,58.4752082824707,-2.262184356888782,52.629616521065046,1.2391683198738075
PedNYC2,PedNYC2_scenario7,7,97.0,-1.7812623190862298,51.46431193507958,-25.745513398086707,58.4752082824707,-2.243680630893629,52.58158742277772,1.2091878309451891
PedNYC2,PedNYC2_scenario7,7,98.0,-1.483232889022169,51.41722309547845,-25.745510579136084,58.4752082824707,-2.220235810599497,52.52867242029464,1.3336014802210914
PedNYC2,PedNYC2_scenario7,7,99.0,-1.1963394559784362,51.4308493058235,-25.745512008666992,58.4752082824707,-2.1944083224174116,52.4889274365392,1.454534562275373
PedNYC2,PedNYC2_scenario7,7,100.0,-1.0029268264770508,51.39379119873047,-25.745513916015625,58.4752082824707,-2.202244071733384,52.49667485555013,1.6293293759240806
PedNYC3,PedNYC3_scenario7,7,0.0,-1.6170523166656494,70.07173156738281,56.03771209716797,58.68232727050781,-1.7987583564675373,70.12958791981573,0.19069463132801526
PedNYC3,PedNYC3_scenario7,7,1.0,-1.6165002639272146,69.97299094913754,54.87561538536377,58.67660540353012,-1.8044872955447269,70.0647341920194,0.20917922141274878
PedNYC3,PedNYC3_scenario7,7,2.0,-1.6427776784753951,69.83341444461364,53.69218943766383,58.676157490335875,-1.8135075132234157,69.98504923884316,0.22834576259286288
PedNYC3,PedNYC3_scenario7,7,3.0,-1.6514828269543556,69.66055900547404,52.488112415899145,58.6812528139817,-1.8151326907762673,69.89108624097307,0.28270847924275855
PedNYC3,PedNYC3_scenario7,7,4.0,-1.615141192106232,69.49408225334436,51.26338419032393,58.690306480126026,-1.7891769726512223,69.78299891380624,0.3372851754855955
PedNYC3,PedNYC3_scenario7,7,5.0,-1.5247156582774262,69.31525439743385,50.0210689005613,58.70015382134956,-1.7366350850065908,69.65531823803282,0.4006909770735312
PedNYC3,PedNYC3_scenario7,7,6.0,-1.4539118289098414,69.13842546826649,48.76143127237997,58.708467696672365,-1.6920554512913224,69.51981095759781,0.4496301550757748
PedNYC3,PedNYC3_scenario7,7,7.0,-1.4315206549582487,68.93348931133592,47.48560331307131,58.71389947563114,-1.6747214486460915,69.38004988468087,0.5084908767289442
PedNYC3,PedNYC3_scenario7,7,8.0,-1.4520794363142295,68.74735659282744,46.194146899239065,58.71566609159082,-1.6684897381483927,69.21820662499455,0.5182018636899322
PedNYC3,PedNYC3_scenario7,7,9.0,-1.454812395266539,68.5312317247976,44.88796485494992,58.71576949643758,-1.663795592994915,69.05173078195773,0.5608861251959745
PedNYC3,PedNYC3_scenario7,7,10.0,-1.4344990981474561,68.3018333305608,43.567946509683715,58.71507832475991,-1.6452506459833909,68.88753958556255,0.6224693021052692
PedNYC3,PedNYC3_scenario7,7,11.0,-1.4016742708318985,68.10882249717709,42.23472418765909,58.71386660274508,-1.624003297740102,68.70632859986135,0.6375294024206937
PedNYC3,PedNYC3_scenario7,7,12.0,-1.3969268332153806,67.85773041793195,40.888109507278315,58.715323627382375,-1.6071961942375586,68.52756931387593,0.702066485957084
PedNYC3,PedNYC3_scenario7,7,13.0,-1.4243012927689969,67.62459056154391,39.528037903799394,58.72193389709115,-1.6012667235446376,68.33900339191803,0.7360043857836466
PedNYC3,PedNYC3_scenario7,7,14.0,-1.456432653725288,67.39125302361356,38.15525683413952,58.73352323256715,-1.5995097853220477,68.15482363782705,0.7768597997556098
PedNYC3,PedNYC3_scenario7,7,15.0,-1.45269357756935,67.14954168675068,36.77017511921026,58.74985660493737,-1.5974975052463378,67.96434182820765,0.8275671863897104
PedNYC3,PedNYC3_scenario7,7,16.0,-1.4254404973064898,66.94398101779541,35.3753167366683,58.76746872324258,-1.5903727079915044,67.77781012651347,0.8499844802506727
PedNYC3,PedNYC3_scenario7,7,17.0,-1.4044694903058907,66.72145415011528,33.97655492461862,58.784786834159576,-1.5802431883294858,67.57847148321807,0.874857189577537
PedNYC3,PedNYC3_scenario7,7,18.0,-1.4088068284533855,66.49757313665539,32.584681750806524,58.79851788962034,-1.5794076855243375,67.37789560033887,0.8967007820332836
PedNYC3,PedNYC3_scenario7,7,19.0,-1.436878002626573,66.30279175938914,31.20630427138701,58.8075742894062,-1.5818540068375722,67.16943870510187,0.8786893480122496
PedNYC3,PedNYC3_scenario7,7,20.0,-1.437654139403344,66.04318928721342,29.846424527063473,58.811766246473084,-1.5769150128696352,66.96860760253605,0.9358379396098293
PedNYC3,PedNYC3_scenario7,7,21.0,-1.4128859717665174,65.81794332855874,28.514156942974846,58.8112781274575,-1.5666988025464168,66.77769326555389,0.9719970825443481
PedNYC3,PedNYC3_scenario7,7,22.0,-1.3786630525341108,65.54398574377251,27.220656468458476,58.80773895503762,-1.5618601393057432,66.57315760707064,1.0453496528942652
PedNYC3,PedNYC3_scenario7,7,23.0,-1.3740700140043391,65.30020996881456,25.968301234178952,58.80295319352608,-1.5702201131748015,66.36136525993687,1.0791317867996821
PedNYC3,PedNYC3_scenario7,7,24.0,-1.391014427789561,65.10067428932162,24.755463941954464,58.799095914473995,-1.5889873941493413,66.14754934562262,1.0654298094733985
PedNYC3,PedNYC3_scenario7,7,25.0,-1.3744412717702688,64.83592252943407,23.581252915127678,58.796460756587855,-1.5983587235658678,65.92468469896315,1.1115494082659103
PedNYC3,PedNYC3_scenario7,7,26.0,-1.3434301946511664,64.60361535189892,22.43086308791694,58.794886476784356,-1.6106631409790304,65.68843563943499,1.117250421281144
PedNYC3,PedNYC3_scenario7,7,27.0,-1.3180627114564631,64.36809001505499,21.283897352489497,58.79275416870441,-1.6178168090056293,65.46057403118412,1.1328609113634196
PedNYC3,PedNYC3_scenario7,7,28.0,-1.3285057033333862,64.13893981092744,20.130225836752366,58.788506368824635,-1.6273598023634792,65.21168667794487,1.1135975993161975
PedNYC3,PedNYC3_scenario7,7,29.0,-1.376914649759774,63.91044246423858,18.96553203165,58.7822671800319,-1.6378621832140166,64.9576700068143,1.0792493415078057
PedNYC3,PedNYC3_scenario7,7,30.0,-1.4199653268108692,63.67900529302469,17.790916616426006,58.77326426473412,-1.6460094969998118,64.71534507392381,1.060705476723137
PedNYC3,PedNYC3_scenario7,7,31.0,-1.4584085807301006,63.45853409837463,16.606976617429915,58.760912985588234,-1.6595010611412317,64.45652561218063,1.0180497273250906
PedNYC3,PedNYC3_scenario7,7,32.0,-1.4810700905957495,63.25272706012197,15.415024871969424,58.74546882636367,-1.6803209848633058,64.20696325026942,0.9748167137742104
PedNYC3,PedNYC3_scenario7,7,33.0,-1.5235209212794432,63.01903087897765,14.215160579896573,58.72810529300889,-1.7027411981139662,63.94745916580432,0.9455680786746878
PedNYC3,PedNYC3_scenario7,7,34.0,-1.5798892916694052,62.79772416091108,13.011449307715388,58.70976766083258,-1.7314314752423385,63.679596831623236,0.8947985475798688
PedNYC3,PedNYC3_scenario7,7,35.0,-1.62708678138406,62.611217889733076,11.808391489105277,58.69142298372297,-1.7623378897891215,63.427240191446934,0.8271549185123546
PedNYC3,PedNYC3_scenario7,7,36.0,-1.664655239612444,62.31736459901307,10.612435013839125,58.67354061474116,-1.7707294303380474,63.17452065580717,0.8636945291229463
PedNYC3,PedNYC3_scenario7,7,37.0,-1.6917364343857277,62.083998647593624,9.445916811985498,58.65882027095173,-1.7894204809177605,62.9212609852302,0.8429415133753542
PedNYC3,PedNYC3_scenario7,7,38.0,-1.7359732082917094,61.8780902647007,8.32566868228088,58.6477532054799,-1.8274121214029475,62.676255534174345,0.8033858800258422
PedNYC3,PedNYC3_scenario7,7,39.0,-1.7880398007201903,61.69898233159772,7.257135413346517,58.63933674096836,-1.8667239833615077,62.435007495273055,0.740219050120461
PedNYC3,PedNYC3_scenario7,7,40.0,-1.8366926494258946,61.484884772293626,6.238903230294947,58.63334499530135,-1.8982154123512582,62.19529549440148,0.7130697332265411
PedNYC3,PedNYC3_scenario7,7,41.0,-1.8322467134323885,61.283333177488174,5.269713522743198,58.62851732971568,-1.9219389665338193,61.96765729282138,0.6901769302816373
PedNYC3,PedNYC3_scenario7,7,42.0,-1.7971123257648378,61.107021415325555,4.345194699244473,58.62419278129701,-1.9555172824774003,61.72462815237138,0.6375972176503755
PedNYC3,PedNYC3_scenario7,7,43.0,-1.7661740764679887,60.95240169602918,3.446978846162211,58.62050901826142,-1.986408654799358,61.48789631599653,0.5790144708958272
PedNYC3,PedNYC3_scenario7,7,44.0,-1.7568644232724309,60.85514618909973,2.566301971771476,58.61733158552887,-2.0172820479248297,61.25086573581006,0.4737206971182789
PedNYC3,PedNYC3_scenario7,7,45.0,-1.8226785026784267,60.75058701855587,1.7005802493036333,58.61453002000362,-2.0469220365489775,61.01316575639532,0.34530096444711866
PedNYC3,PedNYC3_scenario7,7,46.0,-1.871584613939798,60.64997848836704,0.8500846605984942,58.611503960394224,-2.0634461788823915,60.78531909504752,0.23479339837154967
PedNYC3,PedNYC3_scenario7,7,47.0,-1.8697038921266642,60.60052005738997,0.014576951033531654,58.6083986540934,-2.0878602811506726,60.574530428674755,0.219699046135274
PedNYC3,PedNYC3_scenario7,7,48.0,-1.8682547959174773,60.56882876823612,-0.8066916094238441,58.6052446312759,-2.124839174245565,60.37243221107186,0.3231209539289998
PedNYC3,PedNYC3_scenario7,7,49.0,-1.87179903131463,60.56002990680246,-1.6143244310161466,58.60205586839657,-2.1630685110140933,60.17522842371259,0.4826075954567667
PedNYC3,PedNYC3_scenario7,7,50.0,-1.8793761582882844,60.56654121476867,-2.4123914666100488,58.59881082110526,-2.1903117353644093,59.99391684962363,0.6515977260928875
PedNYC3,PedNYC3_scenario7,7,51.0,-1.9284599443992505,60.59764157796988,-3.212946082884098,58.59547472874681,-2.2144874802290047,59.84895476035874,0.8014634752236338
PedNYC3,PedNYC3_scenario7,7,52.0,-2.005800816144186,60.6602366364677,-4.033541836870019,58.59216467114966,-2.248021514000097,59.683057567408575,1.0067521042824121
PedNYC3,PedNYC3_scenario7,7,53.0,-2.075697734152103,60.7172253766706,-4.887222468186748,58.589854901347785,-2.277587970422157,59.52632988763707,1.2078873015731175
PedNYC3,PedNYC3_scenario7,7,54.0,-2.129344338050784,60.74253531282322,-5.779180969915915,58.5898677069892,-2.301592656893684,59.3659782357695,1.387291919435452
PedNYC3,PedNYC3_scenario7,7,55.0,-2.160323669210356,60.743058873869586,-6.710492309162208,58.59335737497384,-2.3187361063245047,59.20312763019762,1.5480577300183382
PedNYC3,PedNYC3_scenario7,7,56.0,-2.1581643178003374,60.71947894279049,-7.681964965075718,58.60057745805663,-2.335983135285132,59.03468440388436,1.6941523456229057
PedNYC3,PedNYC3_scenario7,7,57.0,-2.088156252425393,60.671949678219654,-8.692202648564262,58.611777305531724,-2.3478834376586577,58.85606527571749,1.8343648421183378
PedNYC3,PedNYC3_scenario7,7,58.0,-1.985693773512322,60.63250228299027,-9.74022488090532,58.62533839570111,-2.356572341355403,58.67640959408112,1.9909418674811032
PedNYC3,PedNYC3_scenario7,7,59.0,-1.895502820281767,60.58980088331726,-10.825695055597636,58.63486692773894,-2.3641466241838485,58.48902231670298,2.152416688488027
PedNYC3,PedNYC3_scenario7,7,60.0,-1.8402049216085794,60.532240792478106,-11.946244643151802,58.64138887006518,-2.3742515033485385,58.299816905202135,2.2954132882660785
PedNYC3,PedNYC3_scenario7,7,61.0,-1.8290011387763163,60.45185265401429,-13.10172435537844,58.64493548257087,-2.377963886139109,58.10713509211997,2.408123863726231
PedNYC3,PedNYC3_scenario7,7,62.0,-1.8598502307589304,60.349935048056516,-14.291600375497142,58.64493425207112,-2.3804198148149536,57.89689128640748,2.5076715072771205
PedNYC3,PedNYC3_scenario7,7,63.0,-1.9220233537089304,60.2254189194775,-15.514224341661409,58.64032331974907,-2.3849380150197503,57.68907474822599,2.578241986062985
PedNYC3,PedNYC3_scenario7,7,64.0,-1.9847894939534412,60.08744101702156,-16.768092579308217,58.62847236719509,-2.3850501616211113,57.48117908866655,2.6368181282133487
PedNYC3,PedNYC3_scenario7,7,65.0,-2.011704205438422,59.96350496215207,-18.051313022922738,58.60871571854052,-2.3858143160856677,57.27315433712882,2.7162372614430215
PedNYC3,PedNYC3_scenario7,7,66.0,-1.999382899174353,59.824095626411236,-19.36371397941274,58.582500450445735,-2.3926217581637808,57.06570983848314,2.786275104016655
PedNYC3,PedNYC3_scenario7,7,67.0,-1.9408136276396302,59.62321375055707,-20.69378222446257,58.55496266928008,-2.398558797595679,56.85803245375493,2.802812559698286
PedNYC3,PedNYC3_scenario7,7,68.0,-1.8976713513958618,59.417970217970655,-21.997649185643294,58.534010020925066,-2.4077036072231186,56.641970697922915,2.8224645679422666
PedNYC3,PedNYC3_scenario7,7,69.0,-1.9132498104249955,59.201410355974666,-23.240368882272794,58.523320227392944,-2.415015727919912,56.43009099250135,2.816377114365487
PedNYC3,PedNYC3_scenario7,7,70.0,-2.0016305854255165,58.929665232948125,-24.345865846273714,58.52248588833398,-2.422020393678583,56.214470375648766,2.747546306068004
PedNYC3,PedNYC3_scenario7,7,71.0,-2.0665535465854683,58.69642823283006,-25.264462588703264,58.52922785116525,-2.4269724397469417,56.008479002045576,2.712005318177425
PedNYC3,PedNYC3_scenario7,7,72.0,-2.092070292765877,58.42764051133101,-25.991244565004866,58.5392143736464,-2.4299435337046402,55.79825016558253,2.651009603388451
PedNYC3,PedNYC3_scenario7,7,73.0,-2.113536066719049,58.15971898316693,-26.53162178354348,58.5489833302928,-2.429735116082203,55.60030893962585,2.5788682808156644
PedNYC3,PedNYC3_scenario7,7,74.0,-2.1589310783190965,57.90084355480581,-26.890698712921797,58.55665699708255,-2.4283082050858154,55.397561281777115,2.5177343336588955
PedNYC3,PedNYC3_scenario7,7,75.0,-2.2263470736702535,57.615008781828934,-27.076393227473613,58.5609944143276,-2.421824706729757,55.212276096887436,2.4106712468341103
PedNYC3,PedNYC3_scenario7,7,76.0,-2.2418048217453834,57.36693463171344,-27.1065808395187,58.56172571058308,-2.4286736214789655,55.021437951914315,2.352928945646807
PedNYC3,PedNYC3_scenario7,7,77.0,-2.2303962004507567,57.09642672549447,-27.10699894562559,58.561744689941406,-2.4301330616127985,54.82563005956742,2.2795640617653725
PedNYC3,PedNYC3_scenario7,7,78.0,-2.236108378369258,56.834820863057516,-27.107156153522222,58.5617561340332,-2.4192704527393323,54.63361400676902,2.2088141546221176
PedNYC3,PedNYC3_scenario7,7,79.0,-2.2666984663267162,56.58544212053751,-27.107187823459963,58.5617561340332,-2.4121458929481774,54.450150393267315,2.140239639493515
PedNYC3,PedNYC3_scenario7,7,80.0,-2.3081066659501115,56.34157977536782,-27.107192993164062,58.5617561340332,-2.4150029778190207,54.28017516036704,2.064174364785518
PedNYC3,PedNYC3_scenario7,7,81.0,-2.31024534038904,56.13199257884531,-27.107192993164062,58.56175528827706,-2.419677318184543,54.13106105884797,2.0039217313765323
PedNYC3,PedNYC3_scenario7,7,82.0,-2.277058441023548,55.92536663895702,-27.107192993164062,58.561759100566015,-2.4217138474320294,53.98588990119725,1.9448638006077714
PedNYC3,PedNYC3_scenario7,7,83.0,-2.252773822581491,55.730653225521195,-27.107192993164062,58.56175394728925,-2.416448032790178,53.8554228040764,1.8823597904225084
PedNYC3,PedNYC3_scenario7,7,84.0,-2.256212197865457,55.53011114717195,-27.107192993164062,58.56175994873047,-2.401326535180318,53.73853539473803,1.7974431416886327
PedNYC3,PedNYC3_scenario7,7,85.0,-2.2930033682129842,55.325506843547856,-27.10719398894146,58.56175903715924,-2.3882335614430015,53.622922337058654,1.7052456689403166
PedNYC3,PedNYC3_scenario7,7,86.0,-2.325288966072757,55.13407769186474,-27.107192993164062,58.56175231933594,-2.3730247323670524,53.51437246562652,1.6204085050650339
PedNYC3,PedNYC3_scenario7,7,87.0,-2.3412893132667847,54.89845508316757,-27.107192993164062,58.56175994873047,-2.3560070565428965,53.41362143574351,1.4849065871258644
PedNYC3,PedNYC3_scenario7,7,88.0,-2.336653017496135,54.66046168033115,-27.107192993164062,58.56175692342198,-2.346549734106968,53.308988712921284,1.3515092033128415
PedNYC3,PedNYC3_scenario7,7,89.0,-2.3362177647531257,54.49847953362923,-27.107192993164062,58.5617561340332,-2.345545922200913,53.1990945984884,1.2994184176747328
PedNYC3,PedNYC3_scenario7,7,90.0,-2.370086397007461,54.179124279593154,-27.107192993164062,58.56175800482731,-2.342508721773835,53.09239776554801,1.0870763747317882
PedNYC3,PedNYC3_scenario7,7,91.0,-2.3926996739034543,53.920404312867305,-27.107192993164062,58.5617561340332,-2.3279039841640072,53.000645687088635,0.9220381831047332
PedNYC3,PedNYC3_scenario7,7,92.0,-2.3656752976004314,53.674510454238536,-27.107192993164062,58.56175424580772,-2.3174661549219384,52.903490603800336,0.7725255537569877
PedNYC3,PedNYC3_scenario7,7,93.0,-2.3160446975068014,53.44652238263598,-27.107192993164062,58.5617561340332,-2.3121221130082104,52.81277449724459,0.6337600246995795
PedNYC3,PedNYC3_scenario7,7,94.0,-2.2789218271629794,53.19256788500185,-27.107192993164062,58.5617561340332,-2.2979602575939535,52.73566537135801,0.4572989927906405
PedNYC3,PedNYC3_scenario7,7,95.0,-2.263959660969072,52.965519109196165,-27.107192993164062,58.5617558062806,-2.2809311975388096,52.676771167182345,0.2892462740827522
PedNYC3,PedNYC3_scenario7,7,96.0,-2.2499021667402563,52.76449630517587,-27.107192993164062,58.5617561340332,-2.262184356888782,52.629616521065046,0.13543783945643315
PedNYC3,PedNYC3_scenario7,7,97.0,-2.21346621274253,52.58274453476331,-27.107192993164062,58.56175550052757,-2.243680630893629,52.58158742277772,0.03023656680836334
PedNYC3,PedNYC3_scenario7,7,98.0,-2.1649261220296965,52.42538003156861,-27.107192993164062,58.5617561340332,-2.220235810599497,52.52867242029464,0.11716859314004806
PedNYC3,PedNYC3_scenario7,7,99.0,-2.132191968876593,52.2974091917413,-27.107192993164062,58.56175800259316,-2.1944083224174116,52.4889274365392,0.20137058558385246
PedNYC3,PedNYC3_scenario7,7,100.0,,,,,-2.202244071733384,52.49667485555013,
PedNYC4,PedNYC4_scenario7,7,0.0,-1.7303969860076904,70.12903594970703,84.68988800048828,58.0099983215332,-1.7987583564675373,70.12958791981573,0.06836359880922983
PedNYC4,PedNYC4_scenario7,7,1.0,-1.7311394037493206,70.22144254322376,84.6899944063607,58.00999651559733,-1.8044872955447269,70.0647341920194,0.17302433519022423
PedNYC4,PedNYC4_scenario7,7,2.0,-1.7478195366591496,70.25258223040076,84.68996612134434,58.00999636343705,-1.8135075132234157,69.98504923884316,0.2754792403010928
PedNYC4,PedNYC4_scenario7,7,3.0,-1.7479901794109978,70.2611999054221,84.67903332317381,58.0099983215332,-1.8151326907762673,69.89108624097307,0.3761545446280412
PedNYC4,PedNYC4_scenario7,7,4.0,-1.7235577099487445,70.2620767720985,84.60642129650215,58.01002091513554,-1.7891769726512223,69.78299891380624,0.4835509093606512
PedNYC4,PedNYC4_scenario7,7,5.0,-1.6784720306003469,70.22711254937835,84.42138735150338,58.01008978731311,-1.7366350850065908,69.65531823803282,0.5747448785200003
PedNYC4,PedNYC4_scenario7,7,6.0,-1.6757065499376869,70.17367934466483,84.09573435380862,58.01023286845434,-1.6920554512913224,69.51981095759781,0.6540727437992649
PedNYC4,PedNYC4_scenario7,7,7.0,-1.7130856921593884,70.13403831838939,83.62057645422324,58.01049380792905,-1.6747214486460915,69.38004988468087,0.7549638225415611
PedNYC4,PedNYC4_scenario7,7,8.0,-1.7510119356451068,70.12982139149311,82.99468041941175,58.010928602395545,-1.6684897381483927,69.21820662499455,0.9153422286652729
PedNYC4,PedNYC4_scenario7,7,9.0,-1.751717439691396,70.13740007388901,82.21845311455584,58.011374136743086,-1.663795592994915,69.05173078195773,1.089223605403909
PedNYC4,PedNYC4_scenario7,7,10.0,-1.749106217461794,70.14107323482847,81.29504888959298,58.0118842381681,-1.6452506459833909,68.88753958556255,1.2578285215278895
PedNYC4,PedNYC4_scenario7,7,11.0,-1.746304775662424,70.13905481442612,80.22777472856573,58.01250812035043,-1.624003297740102,68.70632859986135,1.4379367362311424
PedNYC4,PedNYC4_scenario7,7,12.0,-1.7458806084563256,70.13267801997408,79.02180122354133,58.01301473445946,-1.6071961942375586,68.52756931387593,1.61108886320379
PedNYC4,PedNYC4_scenario7,7,13.0,-1.7471812872752095,70.1279441716675,77.68161661093173,58.01344987978441,-1.6012667235446376,68.33900339191803,1.7948816599874529
PedNYC4,PedNYC4_scenario7,7,14.0,-1.752152436128626,70.12709045410156,76.21245630598747,58.013927929421634,-1.5995097853220477,68.15482363782705,1.978164849910861
PedNYC4,PedNYC4_scenario7,7,15.0,-1.7527976840477526,70.12819120909334,74.61851274768411,58.01437290513573,-1.5974975052463378,67.96434182820765,2.16941519509179
PedNYC4,PedNYC4_scenario7,7,16.0,-1.7535787965843626,70.13127040763695,72.9030362512961,58.01480567442874,-1.5903727079915044,67.77781012651347,2.3591124437337796
PedNYC4,PedNYC4_scenario7,7,17.0,-1.7551122521778297,70.1347733579879,71.07150135994226,58.01523963487481,-1.5802431883294858,67.57847148321807,2.562276032054888
PedNYC4,PedNYC4_scenario7,7,18.0,-1.753379580277888,70.13395943993956,69.12738091965325,58.01562643703556,-1.5794076855243375,67.37789560033887,2.7615492224689047
PedNYC4,PedNYC4_scenario7,7,19.0,-1.748049233492198,70.1393483439397,67.07438647962827,58.015963488081255,-1.5818540068375722,67.16943870510187,2.974556120873273
PedNYC4,PedNYC4_scenario7,7,20.0,-1.723429970037602,70.19231267503244,64.91820280617935,58.016241181725185,-1.5769150128696352,66.96860760253605,3.227032851880015
PedNYC4,PedNYC4_scenario7,7,21.0,-1.7310283792097185,70.2503510387122,62.676911589651056,58.016441296272184,-1.5666988025464168,66.77769326555389,3.4765437174359146
PedNYC4,PedNYC4_scenario7,7,22.0,-1.746783323637194,70.27946258842438,60.47041555546373,58.01656105915125,-1.5618601393057432,66.57315760707064,3.7109154125243577
PedNYC4,PedNYC4_scenario7,7,23.0,-1.7460439219943051,70.28578385370642,58.37542417637057,58.01659100703458,-1.5702201131748015,66.36136525993687,3.928355293360305
PedNYC4,PedNYC4_scenario7,7,24.0,-1.6954723284283189,70.25274706717843,56.40155221508219,58.016551770710954,-1.5889873941493413,66.14754934562262,4.106578548414169
PedNYC4,PedNYC4_scenario7,7,25.0,-1.6641698160789773,70.16728728602965,54.546733791944924,58.01644918591705,-1.5983587235658678,65.92468469896315,4.243112985966921
PedNYC4,PedNYC4_scenario7,7,26.0,-1.6699998183798777,70.1173907648601,52.80318753322513,58.01658114251516,-1.6106631409790304,65.68843563943499,4.429352587491135
PedNYC4,PedNYC4_scenario7,7,27.0,-1.6928371994530345,70.04343401901671,51.15509598564646,58.01906815137825,-1.6178168090056293,65.46057403118412,4.583473980187934
PedNYC4,PedNYC4_scenario7,7,28.0,-1.7375341093214933,69.93599189762435,49.554377695521,58.02400900010554,-1.6273598023634792,65.21168667794487,4.7255897183954145
PedNYC4,PedNYC4_scenario7,7,29.0,-1.7492642229155322,69.7893225370878,47.962215039285304,58.03148455318044,-1.6378621832140166,64.9576700068143,4.832936642223648
PedNYC4,PedNYC4_scenario7,7,30.0,-1.7022530374864553,69.61493112421725,46.34479296716,58.03961077835142,-1.6460094969998118,64.71534507392381,4.899908856302994
PedNYC4,PedNYC4_scenario7,7,31.0,-1.5909094367991954,69.39741532111198,44.68946811649231,58.0457654259224,-1.6595010611412317,64.45652561218063,4.941365795683782
PedNYC4,PedNYC4_scenario7,7,32.0,-1.5648434935094195,69.1537330663288,42.98899823193171,58.04974727194729,-1.6803209848633058,64.20696325026942,4.948117486891905
PedNYC4,PedNYC4_scenario7,7,33.0,-1.6020137079248193,68.87813471146094,41.23827822138536,58.05122852510408,-1.7027411981139662,63.94745916580432,4.931704306202479
PedNYC4,PedNYC4_scenario7,7,34.0,-1.6081873278368914,68.62609800354382,39.43591076496882,58.05034685156559,-1.7314314752423385,63.679596831623236,4.948036273480761
PedNYC4,PedNYC4_scenario7,7,35.0,-1.5856718577493678,68.36405024654846,37.5844759500942,58.048118152727206,-1.7623378897891215,63.427240191446934,4.939970081592417
PedNYC4,PedNYC4_scenario7,7,36.0,-1.5599243214943104,68.09226317217033,35.68659741639406,58.044601514333266,-1.7707294303380474,63.17452065580717,4.922258653419232
PedNYC4,PedNYC4_scenario7,7,37.0,-1.5874085151421804,67.82485190292577,33.74602381057236,58.03982891846296,-1.7894204809177605,62.9212609852302,4.907750270992101
PedNYC4,PedNYC4_scenario7,7,38.0,-1.6097140919984723,67.55524568091477,31.7682212218178,58.03375320929414,-1.8274121214029475,62.676255534174345,4.883844518818828
PedNYC4,PedNYC4_scenario7,7,39.0,-1.5985049946475913,67.27242190837646,29.816092583875605,58.0265635953362,-1.8667239833615077,62.435007495273055,4.844844644568828
PedNYC4,PedNYC4_scenario7,7,40.0,-1.6126172924883941,67.0037173112625,27.95773690139697,58.01866020500508,-1.8982154123512582,62.19529549440148,4.81689595641574
PedNYC4,PedNYC4_scenario7,7,41.0,-1.6276023163368156,66.75039446224253,26.20510234134814,58.011063697698866,-1.9219389665338193,61.96765729282138,4.791785564422911
PedNYC4,PedNYC4_scenario7,7,42.0,-1.6320696467173588,66.53009947046152,24.55666985270052,58.00404685759693,-1.9555172824774003,61.72462815237138,4.816344356674029
PedNYC4,PedNYC4_scenario7,7,43.0,-1.6029416825948506,66.25443543231366,23.00722863207939,57.9976497230423,-1.986408654799358,61.48789631599653,4.781939153330262
PedNYC4,PedNYC4_scenario7,7,44.0,-1.5544552192954855,66.00832592157275,21.55109465467481,57.991838539248064,-2.0172820479248297,61.25086573581006,4.779920092681075
PedNYC4,PedNYC4_scenario7,7,45.0,-1.541146713596872,65.72281702543376,20.17708085979703,57.98652274265517,-2.0469220365489775,61.01316575639532,4.736731336403056
PedNYC4,PedNYC4_scenario7,7,46.0,-1.549965195989365,65.4486249757617,18.80276913318909,57.98137553704134,-2.0634461788823915,60.78531909504752,4.691490643377249
PedNYC4,PedNYC4_scenario7,7,47.0,-1.5202974026221932,65.18889166403943,17.317999193386775,57.97600748978262,-2.0878602811506726,60.574530428674755,4.64913510575029
PedNYC4,PedNYC4_scenario7,7,48.0,-1.4576098351456597,64.96991820120367,15.669345971606399,57.9702685263646,-2.124839174245565,60.37243221107186,4.645650914609701
PedNYC4,PedNYC4_scenario7,7,49.0,-1.4244872302244063,64.67644757742413,13.845705567226505,57.96389100552608,-2.1630685110140933,60.17522842371259,4.561411643128973
PedNYC4,PedNYC4_scenario7,7,50.0,-1.4357215387153537,64.39638274206368,11.847100224037277,57.95576104736476,-2.1903117353644093,59.99391684962363,4.466666799636705
PedNYC4,PedNYC4_scenario7,7,51.0,-1.4424692308645366,64.14242468546263,9.681050839701953,57.94546348524436,-2.2144874802290047,59.84895476035874,4.362326922082227
PedNYC4,PedNYC4_scenario7,7,52.0,-1.4231454628953113,63.883014600953594,7.179996072395715,57.94616552386396,-2.248021514000097,59.683057567408575,4.280193872164029
PedNYC4,PedNYC4_scenario7,7,53.0,-1.438007632790446,63.61473235745885,4.657045127400471,57.95378273882792,-2.277587970422157,59.52632988763707,4.173718952994153
PedNYC4,PedNYC4_scenario7,7,54.0,-1.5091405849016999,63.358444682202574,2.160304998601529,57.961320818911446,-2.301592656893684,59.3659782357695,4.070352394117536
PedNYC4,PedNYC4_scenario7,7,55.0,-1.5734928166523132,63.10613252883056,-0.32275771060930214,57.96881760455548,-2.3187361063245047,59.20312763019762,3.9735166791589194
PedNYC4,PedNYC4_scenario7,7,56.0,-1.6162981585385472,62.83778905665021,-2.7887421228146336,57.97626282793678,-2.335983135285132,59.03468440388436,3.8706009178994365
PedNYC4,PedNYC4_scenario7,7,57.0,-1.6488637490170661,62.56205232888318,-5.291129252917377,57.98381795727087,-2.3478834376586577,58.85606527571749,3.771335116817428
PedNYC4,PedNYC4_scenario7,7,58.0,-1.7315270484063794,62.295823582674956,-7.781268843047387,57.991336109213506,-2.356572341355403,58.67640959408112,3.672987780957957
PedNYC4,PedNYC4_scenario7,7,59.0,-1.824444851413289,62.038960122746595,-10.074116671566278,57.99291444268877,-2.3641466241838485,58.48902231670298,3.5907292337782093
PedNYC4,PedNYC4_scenario7,7,60.0,-1.8615427890310905,61.808001918914016,-12.192605444984046,57.992765941998414,-2.3742515033485385,58.299816905202135,3.5454523429556457
PedNYC4,PedNYC4_scenario7,7,61.0,-1.876791847046252,61.54077534765127,-14.18331505243755,57.99514385388855,-2.377963886139109,58.10713509211997,3.4700228842434964
PedNYC4,PedNYC4_scenario7,7,62.0,-1.9378691392503526,61.27204044291959,-16.059054570218795,58.000527676815395,-2.3804198148149536,57.89689128640748,3.4040392079332875
PedNYC4,PedNYC4_scenario7,7,63.0,-2.0182401767332987,61.03900669648865,-17.89077641599737,58.00699296849369,-2.3849380150197503,57.68907474822599,3.3699423381706106
PedNYC4,PedNYC4_scenario7,7,64.0,-2.050596148431669,60.81619912027669,-19.749671123518596,58.01273326344001,-2.3850501616211113,57.48117908866655,3.3517485135641425
PedNYC4,PedNYC4_scenario7,7,65.0,-2.0923118319225735,60.55906101142158,-21.61063108404292,58.01407932324935,-2.3858143160856677,57.27315433712882,3.2989886905492143
PedNYC4,PedNYC4_scenario7,7,66.0,-2.18995415915986,60.33785698997919,-23.25156332562942,58.01449752431985,-2.3926217581637808,57.06570983848314,3.2784174744424672
PedNYC4,PedNYC4_scenario7,7,67.0,-2.2706883204356174,60.10331707656341,-24.257410275690177,58.015102998032184,-2.398558797595679,56.85803245375493,3.2478028175931954
PedNYC4,PedNYC4_scenario7,7,68.0,-2.298890732667469,59.819554666903485,-24.64187795159188,58.015478345482784,-2.4077036072231186,56.641970697922915,3.179446511830539
PedNYC4,PedNYC4_scenario7,7,69.0,-2.2482192085902706,59.52763462725025,-24.656188211174786,58.01549842263236,-2.415015727919912,56.43009099250135,3.1020312132591323
PedNYC4,PedNYC4_scenario7,7,70.0,-2.2282607057820196,59.25700169438901,-24.65683359892472,58.015495620948684,-2.422020393678583,56.214470375648766,3.0486947440124323
PedNYC4,PedNYC4_scenario7,7,71.0,-2.2710103180080674,58.97872673711829,-24.65664673807126,58.015499124545876,-2.4269724397469417,56.008479002045576,2.9743395554512437
PedNYC4,PedNYC4_scenario7,7,72.0,-2.320832200604964,58.72008616022977,-24.656472114167524,58.01549911499024,-2.4299435337046402,55.79825016558253,2.923872579752238
PedNYC4,PedNYC4_scenario7,7,73.0,-2.332700545641841,58.451696131013605,-24.656186639571786,58.01549911499024,-2.429735116082203,55.60030893962585,2.853037788580921
PedNYC4,PedNYC4_scenario7,7,74.0,-2.315923839779937,58.1990885135736,-24.65585546836544,58.01549911499024,-2.4283082050858154,55.397561281777115,2.8037804971257074
PedNYC4,PedNYC4_scenario7,7,75.0,-2.3247096174401523,57.96561533837637,-24.655631648481894,58.01549911499024,-2.421824706729757,55.212276096887436,2.7550514186291637
PedNYC4,PedNYC4_scenario7,7,76.0,-2.380409556059864,57.699631345548184,-24.655323684659404,58.0154972374641,-2.4286736214789655,55.021437951914315,2.6786282447765832
PedNYC4,PedNYC4_scenario7,7,77.0,-2.402283980028977,57.44508419845798,-24.655092157391852,58.0155029296875,-2.4301330616127985,54.82563005956742,2.6196021753495153
PedNYC4,PedNYC4_scenario7,7,78.0,-2.392738262258295,57.16266570707244,-24.654823432806285,58.015499711834714,-2.4192704527393323,54.63361400676902,2.529190870602561
PedNYC4,PedNYC4_scenario7,7,79.0,-2.42947632125709,56.91425201671713,-24.654600609770956,58.01549592207742,-2.4121458929481774,54.450150393267315,2.464162566559556
PedNYC4,PedNYC4_scenario7,7,80.0,-2.4690425565294003,56.63500804466802,-24.654444098178224,58.01549807198255,-2.4150029778190207,54.28017516036704,2.3554528628381592
PedNYC4,PedNYC4_scenario7,7,81.0,-2.484006784326411,56.344445107905116,-24.654402547526228,58.01549911499024,-2.419677318184543,54.13106105884797,2.2143186827633254
PedNYC4,PedNYC4_scenario7,7,82.0,-2.4488958118254884,56.088661864214814,-24.654311035057002,58.01549911499024,-2.4217138474320294,53.98588990119725,2.102947642629516
PedNYC4,PedNYC4_scenario7,7,83.0,-2.431169993553284,55.81176016624309,-24.654061263623916,58.01549911499024,-2.416448032790178,53.8554228040764,1.956392754724379
PedNYC4,PedNYC4_scenario7,7,84.0,-2.473132643099731,55.55946153967736,-24.653983093195485,58.01549911499024,-2.401326535180318,53.73853539473803,1.822341390206055
PedNYC4,PedNYC4_scenario7,7,85.0,-2.5188169229933175,55.32999634359204,-24.653820059222106,58.01550089233159,-2.3882335614430015,53.622922337058654,1.7120612366664163
PedNYC4,PedNYC4_scenario7,7,86.0,-2.499320229847597,55.05365436012786,-24.65371071708903,58.015501288120305,-2.3730247323670524,53.51437246562652,1.5444543707806588
PedNYC4,PedNYC4_scenario7,7,87.0,-2.4779001258995708,54.79767430119221,-24.653485668081178,58.01549911499024,-2.3560070565428965,53.41362143574351,1.3894100383666272
PedNYC4,PedNYC4_scenario7,7,88.0,-2.5252663552294234,54.578486080995454,-24.653391131883193,58.01549911499024,-2.346549734106968,53.308988712921284,1.2820152878233049
PedNYC4,PedNYC4_scenario7,7,89.0,-2.6013072314079873,54.31021637339493,-24.653137842330075,58.01549911499024,-2.345545922200913,53.1990945984884,1.1401778133075349
PedNYC4,PedNYC4_scenario7,7,90.0,-2.6057413446308786,54.0728053626908,-24.652921500147148,58.01550261332153,-2.342508721773835,53.09239776554801,1.015130765109355
PedNYC4,PedNYC4_scenario7,7,91.0,-2.5596311572352675,53.83682980910536,-24.6528549194336,58.015495647941634,-2.3279039841640072,53.000645687088635,0.8676988928496331
PedNYC4,PedNYC4_scenario7,7,92.0,-2.5748731913527,53.58834665989249,-24.65284884165979,58.01549911499024,-2.3174661549219384,52.903490603800336,0.7316325580304388
PedNYC4,PedNYC4_scenario7,7,93.0,-2.6224347259782803,53.357685500771765,-24.65284708505117,58.015501073585845,-2.3121221130082104,52.81277449724459,0.6270740941334654
PedNYC4,PedNYC4_scenario7,7,94.0,-2.611690527543176,53.150611285090555,-24.65289527389118,58.01549911499024,-2.2979602575939535,52.73566537135801,0.5201988020033772
PedNYC4,PedNYC4_scenario7,7,95.0,-2.5396719032653916,52.96191365057601,-24.652733271880905,58.01549903043828,-2.2809311975388096,52.676771167182345,0.3850363471619209
PedNYC4,PedNYC4_scenario7,7,96.0,-2.491964074271305,52.793877672882154,-24.65268701276113,58.01549899500469,-2.262184356888782,52.629616521065046,0.2824543228854448
PedNYC4,PedNYC4_scenario7,7,97.0,-2.5075600246438854,52.651906668053684,-24.652591332353673,58.01550258551463,-2.243680630893629,52.58158742277772,0.27308813724177716
PedNYC4,PedNYC4_scenario7,7,98.0,-2.559458324501429,52.52596793395592,-24.652471734651744,58.015496445147434,-2.220235810599497,52.52867242029464,0.3392332946281995
PedNYC4,PedNYC4_scenario7,7,99.0,-2.563786298303696,52.43449670787207,-24.652509975647096,58.01549911499024,-2.1944083224174116,52.4889274365392,0.37336683475247634
PedNYC4,PedNYC4_scenario7,7,100.0,-2.5420925617218018,52.38512802124024,-24.65237045288086,58.01549911499024,-2.202244071733384,52.49667485555013,0.3576865840256886
PedNYC5,PedNYC5_scenario7,7,0.0,-1.9355037212371824,70.12860870361328,35.71116458668428,58.30360592112822,-1.7987583564675373,70.12958791981573,0.13674887074617628
PedNYC5,PedNYC5_scenario7,7,1.0,-1.9121157015778363,70.0325018131666,32.979428062617735,58.320629117797125,-1.8044872955447269,70.0647341920194,0.11235123511443068
PedNYC5,PedNYC5_scenario7,7,2.0,-1.875593488933937,69.92432770702722,30.032950794152963,58.338990501327224,-1.8135075132234157,69.98504923884316,0.08684338089919141
PedNYC5,PedNYC5_scenario7,7,3.0,-1.8199640144407148,69.79679098551573,27.020672869797362,58.35776193081025,-1.8151326907762673,69.89108624097307,0.09441894349184156
PedNYC5,PedNYC5_scenario7,7,4.0,-1.7360950367096735,69.63959622410536,24.007227227005064,58.37654063709337,-1.7891769726512223,69.78299891380624,0.15291181555638184
PedNYC5,PedNYC5_scenario7,7,5.0,-1.6482823076233704,69.47919012381557,20.965842765258465,58.39549344801856,-1.7366350850065908,69.65531823803282,0.1970465069191873
PedNYC5,PedNYC5_scenario7,7,6.0,-1.5879393581022567,69.29416229787192,17.977433486675913,58.41411613671066,-1.6920554512913224,69.51981095759781,0.24851051989210696
PedNYC5,PedNYC5_scenario7,7,7.0,-1.5618407805898828,69.075689129299,14.996401408148644,58.432692853353,-1.6747214486460915,69.38004988468087,0.32461902999892633
PedNYC5,PedNYC5_scenario7,7,8.0,-1.558804614178554,68.8437875066568,11.924502478883046,58.451835819433065,-1.6684897381483927,69.21820662499455,0.3901544599220939
PedNYC5,PedNYC5_scenario7,7,9.0,-1.547949390142516,68.58152505066607,8.891947938583028,58.4707336054728,-1.663795592994915,69.05173078195773,0.484266220641953
PedNYC5,PedNYC5_scenario7,7,10.0,-1.5229383111942187,68.33122918794119,5.841110258278536,58.48974532544623,-1.6452506459833909,68.88753958556255,0.5695977227335217
PedNYC5,PedNYC5_scenario7,7,11.0,-1.5011205065609916,68.0864328029315,2.771916879138756,58.50887143151382,-1.624003297740102,68.70632859986135,0.6319580519459078
PedNYC5,PedNYC5_scenario7,7,12.0,-1.4883410286047332,67.84824155822947,-0.11754617047570881,58.52687752299731,-1.6071961942375586,68.52756931387593,0.6896468298986485
PedNYC5,PedNYC5_scenario7,7,13.0,-1.4879881908288517,67.55776015556481,-3.198476940712707,58.5460767722525,-1.6012667235446376,68.33900339191803,0.7894130859834374
PedNYC5,PedNYC5_scenario7,7,14.0,-1.4686870505122904,67.28443244356997,-6.318115700845496,58.565517235738575,-1.5995097853220477,68.15482363782705,0.880167835690087
PedNYC5,PedNYC5_scenario7,7,15.0,-1.4425094393079032,67.0092297998603,-9.379509313302577,58.584594736473605,-1.5974975052463378,67.96434182820765,0.9676054398757485
PedNYC5,PedNYC5_scenario7,7,16.0,-1.422796653918445,66.7215940522897,-12.446357077279174,58.60370622551358,-1.5903727079915044,67.77781012651347,1.0694270098269296
PedNYC5,PedNYC5_scenario7,7,17.0,-1.4116565493680298,66.45016480967853,-15.53677382882648,58.62296458798266,-1.5802431883294858,67.57847148321807,1.1408318913802262
PedNYC5,PedNYC5_scenario7,7,18.0,-1.3975345291657464,66.18863702349373,-18.64457546741721,58.64233128679698,-1.5794076855243375,67.37789560033887,1.2030851206808202
PedNYC5,PedNYC5_scenario7,7,19.0,-1.3798289192483641,65.904278654987,-21.308072502425762,58.65892923958436,-1.5818540068375722,67.16943870510187,1.2811885452274747
PedNYC5,PedNYC5_scenario7,7,20.0,-1.36349351470725,65.65456801413704,-23.93788909850975,58.675317308025036,-1.5769150128696352,66.96860760253605,1.3312583429814526
PedNYC5,PedNYC5_scenario7,7,21.0,-1.3732451970051194,65.40011809477767,-26.60172125312728,58.69191734915694,-1.5666988025464168,66.77769326555389,1.3910922502250074
PedNYC5,PedNYC5_scenario7,7,22.0,-1.4124504156349846,65.08857576299866,-29.649278393591757,58.71090862598939,-1.5618601393057432,66.57315760707064,1.4920812703319952
PedNYC5,PedNYC5_scenario7,7,23.0,-1.44015081887809,64.83742982816302,-32.56395791813483,58.72907185744894,-1.5702201131748015,66.36136525993687,1.5294761265003765
PedNYC5,PedNYC5_scenario7,7,24.0,-1.455260569747639,64.57610353681437,-35.58592123447227,58.74790364280125,-1.5889873941493413,66.14754934562262,1.5771254844132019
PedNYC5,PedNYC5_scenario7,7,25.0,-1.4393479945420262,64.28627643814578,-38.71159153962198,58.76738169270026,-1.5983587235658678,65.92468469896315,1.6461063273857182
PedNYC5,PedNYC5_scenario7,7,26.0,-1.427402926150175,64.07822266606853,-40.67377613098255,58.79958571883592,-1.6106631409790304,65.68843563943499,1.6206079494858616
PedNYC5,PedNYC5_scenario7,7,27.0,-1.4224372638776899,63.81125182197094,-42.06396822555066,58.83057263016105,-1.6178168090056293,65.46057403118412,1.6608542730950993
PedNYC5,PedNYC5_scenario7,7,28.0,-1.4358557949037396,63.546060694097456,-43.182261855805045,58.861748249400364,-1.6273598023634792,65.21168667794487,1.6765988497374087
PedNYC5,PedNYC5_scenario7,7,29.0,-1.4446873274684686,63.318306885262054,-44.0200911643372,58.87720010340035,-1.6378621832140166,64.9576700068143,1.6507052944719807
PedNYC5,PedNYC5_scenario7,7,30.0,-1.4428035544985909,63.096328046050715,-44.56914286697986,58.89203448992323,-1.6460094969998118,64.71534507392381,1.631719581181415
PedNYC5,PedNYC5_scenario7,7,31.0,-1.4521929218749514,62.88312312143429,-44.84424381680556,58.900733878505456,-1.6595010611412317,64.45652561218063,1.5870009648682737
PedNYC5,PedNYC5_scenario7,7,32.0,-1.4839592983673027,62.68390411902762,-44.88428947600279,58.90206063064679,-1.6803209848633058,64.20696325026942,1.5356650120330884
PedNYC5,PedNYC5_scenario7,7,33.0,-1.5412685952319138,62.516169638308185,-44.884811697789296,58.90200038490008,-1.7027411981139662,63.94745916580432,1.440369089157918
PedNYC5,PedNYC5_scenario7,7,34.0,-1.6019354529751775,62.36420383201127,-44.88499443462315,58.90198905536708,-1.7314314752423385,63.679596831623236,1.3217518538709079
PedNYC5,PedNYC5_scenario7,7,35.0,-1.6511798196354763,62.22411038810868,-44.8847924289196,58.90196228027344,-1.7623378897891215,63.427240191446934,1.2082538807059697
PedNYC5,PedNYC5_scenario7,7,36.0,-1.6846032049298632,62.05343222036089,-44.88490178253461,58.9019464357009,-1.7707294303380474,63.17452065580717,1.124391838637427
PedNYC5,PedNYC5_scenario7,7,37.0,-1.7167898532590302,61.8854470852968,-44.88475282827331,58.901916230343765,-1.7894204809177605,62.9212609852302,1.0383571848691227
PedNYC5,PedNYC5_scenario7,7,38.0,-1.767129613755829,61.72094878678504,-44.88462249754981,58.90188761393146,-1.8274121214029475,62.676255534174345,0.9572068545177495
PedNYC5,PedNYC5_scenario7,7,39.0,-1.82926778177022,61.58993152836882,-44.884580618900436,58.901871994626276,-1.8667239833615077,62.435007495273055,0.8459056430103602
PedNYC5,PedNYC5_scenario7,7,40.0,-1.9229721305187768,61.437047326158925,-44.88452277449833,58.90185041960212,-1.8982154123512582,62.19529549440148,0.7586522126360747
PedNYC5,PedNYC5_scenario7,7,41.0,-2.014605903202127,61.27800169825192,-44.88440368087261,58.90182663246409,-1.9219389665338193,61.96765729282138,0.6958534330392009
PedNYC5,PedNYC5_scenario7,7,42.0,-2.0965484745614487,61.115021218667664,-44.884340862742874,58.90180786738961,-1.9555172824774003,61.72462815237138,0.6257079276789571
PedNYC5,PedNYC5_scenario7,7,43.0,-2.166169029897905,60.9639198279792,-44.88426488612958,58.90178680419922,-1.986408654799358,61.48789631599653,0.553954106808992
PedNYC5,PedNYC5_scenario7,7,44.0,-2.251721005313239,60.8104586649719,-44.88424333845275,58.90176872525948,-2.0172820479248297,61.25086573581006,0.49891884388707414
PedNYC5,PedNYC5_scenario7,7,45.0,-2.3434318525443545,60.682255480033035,-44.88425266003649,58.90174464302597,-2.0469220365489775,61.01316575639532,0.44431934684838337
PedNYC5,PedNYC5_scenario7,7,46.0,-2.4265069077525956,60.57363771234747,-44.88422530957524,58.90173070886292,-2.0634461788823915,60.78531909504752,0.42026432233722727
PedNYC5,PedNYC5_scenario7,7,47.0,-2.4684935332774534,60.4742752826487,-44.884154503393844,58.90170365090303,-2.0878602811506726,60.574530428674755,0.3936149983541222
PedNYC5,PedNYC5_scenario7,7,48.0,-2.4920095882191133,60.34623762312017,-44.88413310017268,58.90167999267578,-2.124839174245565,60.37243221107186,0.368103612228223
PedNYC5,PedNYC5_scenario7,7,49.0,-2.5033506592408736,60.21762863336142,-44.88409490723782,58.9016579300869,-2.1630685110140933,60.17522842371259,0.3429135724641086
PedNYC5,PedNYC5_scenario7,7,50.0,-2.5127313907032085,60.052800120392405,-44.88410038993807,58.90164032784775,-2.1903117353644093,59.99391684962363,0.3277524580002702
PedNYC5,PedNYC5_scenario7,7,51.0,-2.524462724654063,59.91028674040342,-44.88402089938592,58.90161772176411,-2.2144874802290047,59.84895476035874,0.31598459445450244
PedNYC5,PedNYC5_scenario7,7,52.0,-2.537368174935371,59.78930791956842,-44.884023449326826,58.90159557441086,-2.248021514000097,59.683057567408575,0.30823793979405556
PedNYC5,PedNYC5_scenario7,7,53.0,-2.558388189293743,59.663822173129354,-44.88390715308036,58.90158081054688,-2.277587970422157,59.52632988763707,0.312654588145165
PedNYC5,PedNYC5_scenario7,7,54.0,-2.5853766681860635,59.5039969544302,-44.88382048342826,58.90155792236328,-2.301592656893684,59.3659782357695,0.3155670004387905
PedNYC5,PedNYC5_scenario7,7,55.0,-2.591733784693884,59.334504443455465,-44.883644670058096,58.90153605861078,-2.3187361063245047,59.20312763019762,0.3029646835141973
PedNYC5,PedNYC5_scenario7,7,56.0,-2.571607513686226,59.17347475756779,-44.88351987965452,58.90151596069336,-2.335983135285132,59.03468440388436,0.2734622642568302
PedNYC5,PedNYC5_scenario7,7,57.0,-2.538759644919218,58.98521847061865,-44.88358490372954,58.901505965229724,-2.3478834376586577,58.85606527571749,0.2304653428421561
PedNYC5,PedNYC5_scenario7,7,58.0,-2.518575245178958,58.79827487955897,-44.88362876309916,58.90149309303869,-2.356572341355403,58.67640959408112,0.20272170246882976
PedNYC5,PedNYC5_scenario7,7,59.0,-2.5235534376761914,58.59160481418319,-44.883699569759855,58.90148162841797,-2.3641466241838485,58.48902231670298,0.18956186583028933
PedNYC5,PedNYC5_scenario7,7,60.0,-2.5502610897792874,58.394166147507484,-44.883664722402344,58.90146502972656,-2.3742515033485385,58.299816905202135,0.19970266407616258
PedNYC5,PedNYC5_scenario7,7,61.0,-2.5590987279504094,58.1967896043975,-44.883613645822614,58.90143587580951,-2.377963886139109,58.10713509211997,0.2021082939657035
PedNYC5,PedNYC5_scenario7,7,62.0,-2.5299774499608954,57.973390881559006,-44.88362503051758,58.90141511672786,-2.3804198148149536,57.89689128640748,0.16798712536618335
PedNYC5,PedNYC5_scenario7,7,63.0,-2.4870613779158925,57.746946101578494,-44.88360702117441,58.90139458735806,-2.3849380150197503,57.68907474822599,0.11738089618020238
PedNYC5,PedNYC5_scenario7,7,64.0,-2.4600596882073162,57.53175546435457,-44.88362503051758,58.90138134920698,-2.3850501616211113,57.48117908866655,0.09046766746424954
PedNYC5,PedNYC5_scenario7,7,65.0,-2.4637303724207333,57.29583656773709,-44.88355017974182,58.901353243177645,-2.3858143160856677,57.27315433712882,0.08115044929127485
PedNYC5,PedNYC5_scenario7,7,66.0,-2.4703692679668188,57.07219956901234,-44.88349923940312,58.90133090092832,-2.3926217581637808,57.06570983848314,0.07801789463267494
PedNYC5,PedNYC5_scenario7,7,67.0,-2.465992884128865,56.840178486328355,-44.88337018625974,58.90131428786675,-2.398558797595679,56.85803245375493,0.06975758151939092
PedNYC5,PedNYC5_scenario7,7,68.0,-2.4543690170178976,56.62070732431861,-44.88325198906939,58.901289119353365,-2.4077036072231186,56.641970697922915,0.051281493039408946
PedNYC5,PedNYC5_scenario7,7,69.0,-2.461430004397749,56.39875941705426,-44.883202110818715,58.90126975764739,-2.415015727919912,56.43009099250135,0.05599957750695828
PedNYC5,PedNYC5_scenario7,7,70.0,-2.484890942353732,56.18865706955963,-44.88320640992661,58.90125696393487,-2.422020393678583,56.214470375648766,0.06796346564122231
PedNYC5,PedNYC5_scenario7,7,71.0,-2.507571848476885,56.00505449596932,-44.883395425079414,58.901243056457474,-2.4269724397469417,56.008479002045576,0.08067212609992884
PedNYC5,PedNYC5_scenario7,7,72.0,-2.5233204897130888,55.843523329394465,-44.88349914550781,58.90122373943917,-2.4299435337046402,55.79825016558253,0.10377338423192141
PedNYC5,PedNYC5_scenario7,7,73.0,-2.5268823334967903,55.682096185247374,-44.88342523805407,58.90120697021485,-2.429735116082203,55.60030893962585,0.12699108393014477
PedNYC5,PedNYC5_scenario7,7,74.0,-2.505500319881301,55.47846237001492,-44.88334483985169,58.90119171142578,-2.4283082050858154,55.397561281777115,0.11181953614936901
PedNYC5,PedNYC5_scenario7,7,75.0,-2.485995430290806,55.28155723231366,-44.883232921528446,58.90117263793945,-2.421824706729757,55.212276096887436,0.09443387892221349
PedNYC5,PedNYC5_scenario7,7,76.0,-2.476837490946085,55.07864463517327,-44.883190004290306,58.90115905782262,-2.4286736214789655,55.021437951914315,0.07478210301627002
PedNYC5,PedNYC5_scenario7,7,77.0,-2.488761426110858,54.87024910370177,-44.8831678810592,58.901131229883376,-2.4301330616127985,54.82563005956742,0.07367594059921993
PedNYC5,PedNYC5_scenario7,7,78.0,-2.5070175661095466,54.64033844972974,-44.88324958977434,58.901123046875,-2.4192704527393323,54.63361400676902,0.08800439783293326
PedNYC5,PedNYC5_scenario7,7,79.0,-2.513435629008858,54.41975341638046,-44.88323778477857,58.90109974484175,-2.4121458929481774,54.450150393267315,0.105752479096721
PedNYC5,PedNYC5_scenario7,7,80.0,-2.500950093052431,54.199357183861245,-44.88310312679702,58.90107727050781,-2.4150029778190207,54.28017516036704,0.11797648894350002
PedNYC5,PedNYC5_scenario7,7,81.0,-2.491941905102784,53.99666287847212,-44.88305871602631,58.901065826416016,-2.419677318184543,54.13106105884797,0.15259436886989858
PedNYC5,PedNYC5_scenario7,7,82.0,-2.501977644104008,53.78252212211375,-44.88311496837363,58.901053705472314,-2.4217138474320294,53.98588990119725,0.218633781986124
PedNYC5,PedNYC5_scenario7,7,83.0,-2.5406054134753706,53.54720139851814,-44.883075615447815,58.90103530883789,-2.416448032790178,53.8554228040764,0.3322882634444305
PedNYC5,PedNYC5_scenario7,7,84.0,-2.567332773367983,53.37570036679769,-44.88291158589743,58.90100191820788,-2.401326535180318,53.73853539473803,0.3990079305197938
PedNYC5,PedNYC5_scenario7,7,85.0,-2.5898814683933367,53.17221435842447,-44.88282775878906,58.900983751175325,-2.3882335614430015,53.622922337058654,0.49376063065210435
PedNYC5,PedNYC5_scenario7,7,86.0,-2.60633919242672,52.990280919267455,-44.88274584399036,58.90096483813098,-2.3730247323670524,53.51437246562652,0.5736789923275665
PedNYC5,PedNYC5_scenario7,7,87.0,-2.6347479992116294,52.81949850928161,-44.88272722479153,58.90095266853564,-2.3560070565428965,53.41362143574351,0.6562610493298423
PedNYC5,PedNYC5_scenario7,7,88.0,-2.6858569295794426,52.63419261025728,-44.88276050287571,58.900932077238814,-2.346549734106968,53.308988712921284,0.7553007037398584
PedNYC5,PedNYC5_scenario7,7,89.0,-2.7434167292693914,52.4923389284347,-44.88281525997889,58.90091540955362,-2.345545922200913,53.1990945984884,0.8110516360074619
PedNYC5,PedNYC5_scenario7,7,90.0,-2.804434335186532,52.32168231432454,-44.882783945652214,58.90090081281843,-2.342508721773835,53.09239776554801,0.8985419183773722
PedNYC5,PedNYC5_scenario7,7,91.0,-2.8524147165346907,52.17304278962401,-44.88279650054702,58.90088333575394,-2.3279039841640072,53.000645687088635,0.9798153215090427
PedNYC5,PedNYC5_scenario7,7,92.0,-2.886777482225109,52.040295269302085,-44.882729811879486,58.90086491539205,-2.3174661549219384,52.903490603800336,1.034031707877106
PedNYC5,PedNYC5_scenario7,7,93.0,-2.934316132190449,51.877205442321156,-44.88270489327335,58.900840759277344,-2.3121221130082104,52.81277449724459,1.123572362616879
PedNYC5,PedNYC5_scenario7,7,94.0,-2.9896042315034626,51.74377343746013,-44.88283925747429,58.90082407680099,-2.2979602575939535,52.73566537135801,1.2092233024454246
PedNYC5,PedNYC5_scenario7,7,95.0,-3.0547766407447163,51.607396637775935,-44.88282573721475,58.90081024169922,-2.2809311975388096,52.676771167182345,1.3199994901944951
PedNYC5,PedNYC5_scenario7,7,96.0,-3.0870204112847155,51.50685667631065,-44.882890013307964,58.90079794293651,-2.262184356888782,52.629616521065046,1.3931777293742431
PedNYC5,PedNYC5_scenario7,7,97.0,-3.101084214935917,51.41225894049074,-44.88281101582276,58.90077842218226,-2.243680630893629,52.58158742277772,1.4499896570031616
PedNYC5,PedNYC5_scenario7,7,98.0,-3.097813069415606,51.32295155779106,-44.882778380477504,58.90076446533203,-2.220235810599497,52.52867242029464,1.4912761794743385
PedNYC5,PedNYC5_scenario7,7,99.0,-3.09987076177809,51.273126856275795,-44.88279497118959,58.90074920654297,-2.1944083224174116,52.4889274365392,1.5159265417762904
PedNYC5,PedNYC5_scenario7,7,100.0,-3.1174521446228027,51.24420166015625,-44.88288116455078,58.90073394775391,-2.202244071733384,52.49667485555013,1.5512236853085137
PedNYC6,PedNYC6_scenario7,7,0.0,-1.755243182182312,70.29685974121094,51.258458005465,58.1033456655649,-1.7987583564675373,70.12958791981573,0.17283932603994526
PedNYC6,PedNYC6_scenario7,7,1.0,-1.7353108529555945,70.22132611915409,48.5349598216762,58.11083164686273,-1.8044872955447269,70.0647341920194,0.17119115588441416
PedNYC6,PedNYC6_scenario7,7,2.0,-1.7671077911248483,70.20235315573437,45.92950159580176,58.11799317598262,-1.8135075132234157,69.98504923884316,0.22220244487198318
PedNYC6,PedNYC6_scenario7,7,3.0,-1.7919628823822007,70.2020574499658,43.42807125180713,58.12486876741294,-1.8151326907762673,69.89108624097307,0.31183318111359487
PedNYC6,PedNYC6_scenario7,7,4.0,-1.7985117831403703,70.17533899514302,40.941664465045015,58.13170306413298,-1.7891769726512223,69.78299891380624,0.39245111556755974
PedNYC6,PedNYC6_scenario7,7,5.0,-1.7879201407854455,70.10825466356054,38.57703808208983,58.13820262744627,-1.7366350850065908,69.65531823803282,0.4558306291991271
PedNYC6,PedNYC6_scenario7,7,6.0,-1.7147327111214445,70.04918841683335,36.05859491267599,58.14512498141664,-1.6920554512913224,69.51981095759781,0.5298629563010342
PedNYC6,PedNYC6_scenario7,7,7.0,-1.682368753081874,70.02170963889674,33.69027731142546,58.10220685858476,-1.6747214486460915,69.38004988468087,0.641705322905692
PedNYC6,PedNYC6_scenario7,7,8.0,-1.600302062114034,69.95164299978674,31.711223829786146,58.013530219164295,-1.6684897381483927,69.21820662499455,0.7365992635288731
PedNYC6,PedNYC6_scenario7,7,9.0,-1.5083573691142478,69.86655665458113,29.841304172353528,57.9367753808908,-1.663795592994915,69.05173078195773,0.8295192849715218
PedNYC6,PedNYC6_scenario7,7,10.0,-1.4486154174627237,69.72708161844338,28.07501776850902,57.873816037621665,-1.6452506459833909,68.88753958556255,0.8622622791639729
PedNYC6,PedNYC6_scenario7,7,11.0,-1.435441726990673,69.47517736031742,26.406917198764365,57.82465945105358,-1.624003297740102,68.70632859986135,0.7916336794365949
PedNYC6,PedNYC6_scenario7,7,12.0,-1.4371782289547193,69.26265709062574,24.831738945566002,57.789772440580876,-1.6071961942375586,68.52756931387593,0.754493305501044
PedNYC6,PedNYC6_scenario7,7,13.0,-1.4094166273998034,69.06509819806237,23.34355615297969,57.7590564182909,-1.6012667235446376,68.33900339191803,0.7510127341800384
PedNYC6,PedNYC6_scenario7,7,14.0,-1.356778125532532,68.85151095490546,21.938604428965665,57.72778263080176,-1.5995097853220477,68.15482363782705,0.7377613953319133
PedNYC6,PedNYC6_scenario7,7,15.0,-1.3169546345734064,68.6827960173156,20.611306191954526,57.70123067676063,-1.5974975052463378,67.96434182820765,0.771285112090311
PedNYC6,PedNYC6_scenario7,7,16.0,-1.2896696185671808,68.47678571740003,19.356864273689013,57.68201777118601,-1.5903727079915044,67.77781012651347,0.7609134146830051
PedNYC6,PedNYC6_scenario7,7,17.0,-1.297022399247157,68.2516387381522,18.159620551820986,57.669092143518476,-1.5802431883294858,67.57847148321807,0.7303205929480332
PedNYC6,PedNYC6_scenario7,7,18.0,-1.2993892755497036,68.06320882238475,17.010543025873886,57.6617519759239,-1.5794076855243375,67.37789560033887,0.7403137998414081
PedNYC6,PedNYC6_scenario7,7,19.0,-1.2692170089925174,67.85573772815988,15.917736650707372,57.65938791321759,-1.5818540068375722,67.16943870510187,0.7541539905562729
PedNYC6,PedNYC6_scenario7,7,20.0,-1.2272653107919869,67.65043922455293,14.883634393471992,57.66132089181649,-1.5769150128696352,66.96860760253605,0.7662566638830279
PedNYC6,PedNYC6_scenario7,7,21.0,-1.219243926266381,67.45200731474502,13.906039042773607,57.66685168807669,-1.5666988025464168,66.77769326555389,0.7585672863940981
PedNYC6,PedNYC6_scenario7,7,22.0,-1.2446871587536001,67.23793830948841,12.982238757845726,57.67540513485293,-1.5618601393057432,66.57315760707064,0.736567771423239
PedNYC6,PedNYC6_scenario7,7,23.0,-1.253913952585876,67.01257072457426,12.109576205455918,57.68642406026935,-1.5702201131748015,66.36136525993687,0.7239600433726299
PedNYC6,PedNYC6_scenario7,7,24.0,-1.2256590788905648,66.83680377138306,11.285619639669342,57.699429662158764,-1.5889873941493413,66.14754934562262,0.7791528271777833
PedNYC6,PedNYC6_scenario7,7,25.0,-1.1704730257094191,66.6368713855179,10.504067760353644,57.714028707165525,-1.5983587235658678,65.92468469896315,0.8308405664963323
PedNYC6,PedNYC6_scenario7,7,26.0,-1.147041698868313,66.4453817566305,9.737727741876514,57.730178160427606,-1.6106631409790304,65.68843563943499,0.8876442226039563
PedNYC6,PedNYC6_scenario7,7,27.0,-1.1594205794160422,66.23965233174556,8.949922683404443,57.74799137784757,-1.6178168090056293,65.46057403118412,0.9039303633066248
PedNYC6,PedNYC6_scenario7,7,28.0,-1.1842752116119375,66.01313144166124,8.113064311855046,57.76865050797313,-1.6273598023634792,65.21168667794487,0.9157716221033814
PedNYC6,PedNYC6_scenario7,7,29.0,-1.173061109396385,65.80905453421997,7.213525181009052,57.792884768841716,-1.6378621832140166,64.9576700068143,0.969997758619988
PedNYC6,PedNYC6_scenario7,7,30.0,-1.126706963893819,65.61513543248913,6.248129582168399,57.82197883409453,-1.6460094969998118,64.71534507392381,1.038892588412004
PedNYC6,PedNYC6_scenario7,7,31.0,-1.100800051846767,65.41981697907825,5.2186971643588675,57.85654561907174,-1.6595010611412317,64.45652561218063,1.1135874798713128
PedNYC6,PedNYC6_scenario7,7,32.0,-1.1092368821171106,65.20388938495805,4.126572445856441,57.898060789404944,-1.6803209848633058,64.20696325026942,1.148911994207834
PedNYC6,PedNYC6_scenario7,7,33.0,-1.1248808323478947,64.99944845713316,2.9775843771663486,57.948012620491866,-1.7027411981139662,63.94745916580432,1.2002516700233528
PedNYC6,PedNYC6_scenario7,7,34.0,-1.1158776108599338,64.82608117392223,1.7806918519185184,58.00239422615376,-1.7314314752423385,63.679596831623236,1.301281255952331
PedNYC6,PedNYC6_scenario7,7,35.0,-1.0826691921983644,64.67208125732132,0.5408510805609532,58.061554987217384,-1.7623378897891215,63.427240191446934,1.4183013846753454
PedNYC6,PedNYC6_scenario7,7,36.0,-1.0513387718270721,64.52456611270385,-0.7400147956091182,58.126551405907676,-1.7707294303380474,63.17452065580717,1.5297534622416191
PedNYC6,PedNYC6_scenario7,7,37.0,-1.0455093718075463,64.34953423326355,-2.0608136680603812,58.198704541148615,-1.7894204809177605,62.9212609852302,1.6103938056591445
PedNYC6,PedNYC6_scenario7,7,38.0,-1.0708667286712308,64.13519644005413,-3.4208527897507897,58.27838966036405,-1.8274121214029475,62.676255534174345,1.6434322310679308
PedNYC6,PedNYC6_scenario7,7,39.0,-1.0864024848559297,63.936348913357904,-4.813132656345896,58.36552988466304,-1.8667239833615077,62.435007495273055,1.6920188222023462
PedNYC6,PedNYC6_scenario7,7,40.0,-1.0789794184270793,63.71331759488594,-6.1887005227150205,58.45713529597683,-1.8982154123512582,62.19529549440148,1.7249749886013437
PedNYC6,PedNYC6_scenario7,7,41.0,-1.0574312025634836,63.47563038899309,-7.509032174262173,58.549093818091755,-1.9219389665338193,61.96765729282138,1.738204974317668
PedNYC6,PedNYC6_scenario7,7,42.0,-1.0745566306352783,63.23463852746469,-8.763546731802753,58.629563681349424,-1.9555172824774003,61.72462815237138,1.7482056523714629
PedNYC6,PedNYC6_scenario7,7,43.0,-1.0953196581990592,62.97148402638095,-9.950597745141813,58.68027363883598,-1.986408654799358,61.48789631599653,1.7306276590491128
PedNYC6,PedNYC6_scenario7,7,44.0,-1.1062021802420587,62.74999557221339,-11.073230694494729,58.69743767435971,-2.0172820479248297,61.25086573581006,1.7542681641332782
PedNYC6,PedNYC6_scenario7,7,45.0,-1.133088145027878,62.477848721438335,-12.133938788800592,58.68893722451348,-2.0469220365489775,61.01316575639532,1.726380192593683
PedNYC6,PedNYC6_scenario7,7,46.0,-1.1903315954298261,62.196795679794874,-13.122604596386264,58.67044301577636,-2.0634461788823915,60.78531909504752,1.6596973293729202
PedNYC6,PedNYC6_scenario7,7,47.0,-1.3315263593358575,61.96338282629498,-14.054024616924938,58.65528968752369,-2.0878602811506726,60.574530428674755,1.5814398450978875
PedNYC6,PedNYC6_scenario7,7,48.0,-1.481596935938273,61.75159886373034,-14.93652805962963,58.64826010745693,-2.124839174245565,60.37243221107186,1.521795397859962
PedNYC6,PedNYC6_scenario7,7,49.0,-1.566736338908039,61.53872787240242,-15.802460723300845,58.64985264094342,-2.1630685110140933,60.17522842371259,1.4882011981134113
PedNYC6,PedNYC6_scenario7,7,50.0,-1.6181199719165027,61.31831181645262,-16.70015128754593,58.650905381265495,-2.1903117353644093,59.99391684962363,1.4427146087565574
PedNYC6,PedNYC6_scenario7,7,51.0,-1.6875337172573297,61.114323775045015,-17.6620998211995,58.64047572541219,-2.2144874802290047,59.84895476035874,1.3707074858036385
PedNYC6,PedNYC6_scenario7,7,52.0,-1.7954750554032453,60.89378482104887,-18.702694172315738,58.61917423079771,-2.248021514000097,59.683057567408575,1.2925396627941128
PedNYC6,PedNYC6_scenario7,7,53.0,-1.8558503082018025,60.66026641224936,-19.818950680170087,58.58807898808024,-2.277587970422157,59.52632988763707,1.2098242424356043
PedNYC6,PedNYC6_scenario7,7,54.0,-1.8555629862776002,60.43463069121488,-20.97975918467857,58.554999430428886,-2.301592656893684,59.3659782357695,1.1579985050073833
PedNYC6,PedNYC6_scenario7,7,55.0,-1.8233531189907,60.241477420138125,-22.12743655973611,58.52763876717558,-2.3187361063245047,59.20312763019762,1.1504671183520432
PedNYC6,PedNYC6_scenario7,7,56.0,-1.855658115089978,60.04044001226534,-23.167266766914466,58.50895576393776,-2.335983135285132,59.03468440388436,1.1145655964613614
PedNYC6,PedNYC6_scenario7,7,57.0,-1.9505011393165559,59.830807616645835,-23.88076195202129,58.49972772025392,-2.3478834376586577,58.85606527571749,1.0526325675344268
PedNYC6,PedNYC6_scenario7,7,58.0,-2.0394956157048267,59.648417806787016,-24.13937549987391,58.49725902047786,-2.356572341355403,58.67640959408112,1.0224175348246909
PedNYC6,PedNYC6_scenario7,7,59.0,-2.0759247311197004,59.449322721146785,-24.14480389280383,58.49718475341797,-2.3641466241838485,58.48902231670298,1.0026209285749124
PedNYC6,PedNYC6_scenario7,7,60.0,-2.0708620572272944,59.21438998211558,-24.145315488701797,58.49717712402344,-2.3742515033485385,58.299816905202135,0.9635813764455369
PedNYC6,PedNYC6_scenario7,7,61.0,-2.041115207916362,58.963734890333924,-24.14541412561998,58.497178546787204,-2.377963886139109,58.10713509211997,0.9204511102283502
PedNYC6,PedNYC6_scenario7,7,62.0,-2.0174197595333183,58.661697184400495,-24.14542388916016,58.49717712402344,-2.3804198148149536,57.89689128640748,0.8465796487864393
PedNYC6,PedNYC6_scenario7,7,63.0,-1.988117249994928,58.38228303854383,-24.14542193519713,58.49717712402344,-2.3849380150197503,57.68907474822599,0.7987518095881032
PedNYC6,PedNYC6_scenario7,7,64.0,-1.935914643903767,58.08148000852256,-24.145421981811523,58.49717712402344,-2.3850501616211113,57.48117908866655,0.7497225537858652
PedNYC6,PedNYC6_scenario7,7,65.0,-1.9279621949624082,57.81461647206781,-24.145421981811523,58.49717712402344,-2.3858143160856677,57.27315433712882,0.7090908322561756
PedNYC6,PedNYC6_scenario7,7,66.0,-1.9673768313539208,57.51399722832918,-24.145408630966415,58.49717712402344,-2.3926217581637808,57.06570983848314,0.6178954860431513
PedNYC6,PedNYC6_scenario7,7,67.0,-1.9940336957599258,57.25708802196156,-24.145383349610732,58.49717712402344,-2.398558797595679,56.85803245375493,0.5682305029932311
PedNYC6,PedNYC6_scenario7,7,68.0,-1.9934839567555684,56.987403011451136,-24.145378581677114,58.49717712402344,-2.4077036072231186,56.641970697922915,0.5393527621723269
PedNYC6,PedNYC6_scenario7,7,69.0,-1.992157477744036,56.72035861364122,-24.14541049127582,58.497169494628906,-2.415015727919912,56.43009099250135,0.5128980323846074
PedNYC6,PedNYC6_scenario7,7,70.0,-2.036180475804198,56.46032914322551,-24.145368069906382,58.497169494628906,-2.422020393678583,56.214470375648766,0.4575139077882402
PedNYC6,PedNYC6_scenario7,7,71.0,-2.1001742015026865,56.200228830317954,-24.14533740469127,58.497169494628906,-2.4269724397469417,56.008479002045576,0.3788998352626134
PedNYC6,PedNYC6_scenario7,7,72.0,-2.1282768648656827,55.97248709080624,-24.1454478997257,58.49716858456385,-2.4299435337046402,55.79825016558253,0.34836946651479933
PedNYC6,PedNYC6_scenario7,7,73.0,-2.123336776482928,55.74787599265995,-24.14545006870341,58.49716533347273,-2.429735116082203,55.60030893962585,0.34008231011089385
PedNYC6,PedNYC6_scenario7,7,74.0,-2.133633807186858,55.548230966943805,-24.145368078078253,58.49716567993164,-2.4283082050858154,55.397561281777115,0.3309597480137768
PedNYC6,PedNYC6_scenario7,7,75.0,-2.1689876641059262,55.34783381343552,-24.145279594975097,58.497162259032656,-2.421824706729757,55.212276096887436,0.28688406131832384
PedNYC6,PedNYC6_scenario7,7,76.0,-2.230230463597633,55.121697972792404,-24.145304896365033,58.497161865234375,-2.4286736214789655,55.021437951914315,0.22233254079506748
PedNYC6,PedNYC6_scenario7,7,77.0,-2.2529194072765053,54.93678739787271,-24.14521841842516,58.497161865234375,-2.4301330616127985,54.82563005956742,0.20919042316114736
PedNYC6,PedNYC6_scenario7,7,78.0,-2.2363355677186187,54.74673629945251,-24.14523869211451,58.49716567993164,-2.4192704527393323,54.63361400676902,0.2150856230888289
PedNYC6,PedNYC6_scenario7,7,79.0,-2.1911871513194456,54.53509028297213,-24.145233001448844,58.49716567993164,-2.4121458929481774,54.450150393267315,0.23672251765562666
PedNYC6,PedNYC6_scenario7,7,80.0,-2.169755143120171,54.329466137112306,-24.145370367389788,58.497161865234375,-2.4150029778190207,54.28017516036704,0.25015215532346885
PedNYC6,PedNYC6_scenario7,7,81.0,-2.165512298997348,54.092356829520874,-24.145357670368174,58.49715562019876,-2.419677318184543,54.13106105884797,0.2570950686929478
PedNYC6,PedNYC6_scenario7,7,82.0,-2.1524001901861833,53.893353856493746,-24.1454470463014,58.49715210619449,-2.4217138474320294,53.98588990119725,0.2847679152371301
PedNYC6,PedNYC6_scenario7,7,83.0,-2.122348312848212,53.746694649017606,-24.14558160118967,58.49715423583984,-2.416448032790178,53.8554228040764,0.3135545518285958
PedNYC6,PedNYC6_scenario7,7,84.0,-2.043950857664016,53.56097311075311,-24.145586034058013,58.49715423583984,-2.401326535180318,53.73853539473803,0.3990560606909472
PedNYC6,PedNYC6_scenario7,7,85.0,-1.9740203915313426,53.36450977888116,-24.145612512388755,58.49715423583984,-2.3882335614430015,53.622922337058654,0.4882106106508779
PedNYC6,PedNYC6_scenario7,7,86.0,-1.9183032762503203,53.13756838654864,-24.14552116394043,58.49715423583984,-2.3730247323670524,53.51437246562652,0.5905530599892397
PedNYC6,PedNYC6_scenario7,7,87.0,-1.8845964841123988,52.92725193503382,-24.145669252127856,58.49715042114258,-2.3560070565428965,53.41362143574351,0.6773353814912063
PedNYC6,PedNYC6_scenario7,7,88.0,-1.8411399321400483,52.729034042764816,-24.145594378624676,58.49715423583984,-2.346549734106968,53.308988712921284,0.769276600034434
PedNYC6,PedNYC6_scenario7,7,89.0,-1.7741063487930886,52.542616182469665,-24.14551434928843,58.4971511474524,-2.345545922200913,53.1990945984884,0.8703488362461252
PedNYC6,PedNYC6_scenario7,7,90.0,-1.719009550756869,52.34236566490294,-24.14556194078123,58.49714756980466,-2.342508721773835,53.09239776554801,0.9753457685646113
PedNYC6,PedNYC6_scenario7,7,91.0,-1.72151376256761,52.159935929321634,-24.1455884634339,58.49715042114258,-2.3279039841640072,53.000645687088635,1.036581881788592
PedNYC6,PedNYC6_scenario7,7,92.0,-1.755845149896071,51.98578050251906,-24.14574768910663,58.49714660644531,-2.3174661549219384,52.903490603800336,1.0759228519182726
PedNYC6,PedNYC6_scenario7,7,93.0,-1.779034198158553,51.849136828170636,-24.14572450894646,58.49714660644531,-2.3121221130082104,52.81277449724459,1.1012630395219112
PedNYC6,PedNYC6_scenario7,7,94.0,-1.7799749986560167,51.72899349424556,-24.14574376598848,58.49713979576443,-2.2979602575939535,52.73566537135801,1.1321205751359307
PedNYC6,PedNYC6_scenario7,7,95.0,-1.7688933085369076,51.616539547037604,-24.14576823968352,58.49713897705078,-2.2809311975388096,52.676771167182345,1.1774013284043237
PedNYC6,PedNYC6_scenario7,7,96.0,-1.7813013659624617,51.53336070300725,-24.14579965078759,58.49713516235352,-2.262184356888782,52.629616521065046,1.1970903347650155
PedNYC6,PedNYC6_scenario7,7,97.0,-1.8218214473171228,51.49171281246094,-24.145790100097656,58.49713516235352,-2.243680630893629,52.58158742277772,1.1686709703680491
PedNYC6,PedNYC6_scenario7,7,98.0,-1.8541239636712146,51.47156226396033,-24.145771897204185,58.49713215623176,-2.220235810599497,52.52867242029464,1.1187134427932781
PedNYC6,PedNYC6_scenario7,7,99.0,-1.8441950876692321,51.456781887892724,-24.145739106071055,58.49713516235352,-2.1944083224174116,52.4889274365392,1.0899420825821515
PedNYC6,PedNYC6_scenario7,7,100.0,-1.809458374977112,51.46540069580078,-24.145648956298828,58.49713516235352,-2.202244071733384,52.49667485555013,1.1035429289987049
PedNYC7,PedNYC7_scenario7,7,0.0,-1.7138175964355469,70.02680969238281,57.10494613647461,57.61973190307617,-1.7987583564675373,70.12958791981573,0.13333527946145934
PedNYC7,PedNYC7_scenario7,7,1.0,-1.7314651453427297,69.8966313654688,55.59398667174009,57.619222364878034,-1.8044872955447269,70.0647341920194,0.18327791660323473
PedNYC7,PedNYC7_scenario7,7,2.0,-1.7673863000120094,69.73549721111729,54.065095657301754,57.62176106373841,-1.8135075132234157,69.98504923884316,0.2537782119296
PedNYC7,PedNYC7_scenario7,7,3.0,-1.7798687861819407,69.55309027777456,52.52006073909349,57.62507669664148,-1.8151326907762673,69.89108624097307,0.3398305667619166
PedNYC7,PedNYC7_scenario7,7,4.0,-1.7516220984990478,69.3210361116521,50.959371867709784,57.62783601898569,-1.7891769726512223,69.78299891380624,0.4634867842200944
PedNYC7,PedNYC7_scenario7,7,5.0,-1.7243690644418894,69.08147404118588,49.38309868622498,57.62949404049697,-1.7366350850065908,69.65531823803282,0.5739752760488879
PedNYC7,PedNYC7_scenario7,7,6.0,-1.7194489776073396,68.86112748230599,47.792300846381025,57.62974721045994,-1.6920554512913224,69.51981095759781,0.6592528543029151
PedNYC7,PedNYC7_scenario7,7,7.0,-1.725053003010523,68.58769751328921,46.18856383314656,57.62869311404131,-1.6747214486460915,69.38004988468087,0.7939493345388758
PedNYC7,PedNYC7_scenario7,7,8.0,-1.6963725958102707,68.29289261554693,44.57059827273524,57.6263050249544,-1.6684897381483927,69.21820662499455,0.9257340167842052
PedNYC7,PedNYC7_scenario7,7,9.0,-1.621322629016021,67.99633615109188,42.94074697741851,57.62255146160771,-1.663795592994915,69.05173078195773,1.0562489193034057
PedNYC7,PedNYC7_scenario7,7,10.0,-1.594077533059,67.7226051838478,41.3003664995072,57.617435897898055,-1.6452506459833909,68.88753958556255,1.1660578235168548
PedNYC7,PedNYC7_scenario7,7,11.0,-1.5746194920363252,67.46902572183421,39.68628849552957,57.61130103754906,-1.624003297740102,68.70632859986135,1.238288000523313
PedNYC7,PedNYC7_scenario7,7,12.0,-1.5216650275715333,67.16276364673382,38.14672270072799,57.60443383336451,-1.6071961942375586,68.52756931387593,1.3674831222119213
PedNYC7,PedNYC7_scenario7,7,13.0,-1.4479219865159016,66.85499435423885,36.69442490722367,57.59741865736021,-1.6012667235446376,68.33900339191803,1.491910664982282
PedNYC7,PedNYC7_scenario7,7,14.0,-1.4142757927315917,66.59606534158898,35.33550692775608,57.590928122374656,-1.5995097853220477,68.15482363782705,1.569725790736078
PedNYC7,PedNYC7_scenario7,7,15.0,-1.4154103777749198,66.34526440198933,34.16841626174961,57.585398052326276,-1.5974975052463378,67.96434182820765,1.629284331871067
PedNYC7,PedNYC7_scenario7,7,16.0,-1.4266554138060803,66.08757544142051,33.320899810532865,57.58143501691723,-1.5903727079915044,67.77781012651347,1.6981450595007175
PedNYC7,PedNYC7_scenario7,7,17.0,-1.3907332311262117,65.67581779784001,32.802144146678714,57.57902897815195,-1.5802431883294858,67.57847148321807,1.9120682703193115
PedNYC7,PedNYC7_scenario7,7,18.0,-1.341600410449887,65.37791836014716,32.60119051960371,57.57809779705791,-1.5794076855243375,67.37789560033887,2.014065853283648
PedNYC7,PedNYC7_scenario7,7,19.0,-1.3169876983906001,65.05918124606197,32.59809469672098,57.57808587906431,-1.5818540068375722,67.16943870510187,2.1268146851063126
PedNYC7,PedNYC7_scenario7,7,20.0,-1.3025634826654273,64.76767503889873,32.598140716552734,57.57807922363281,-1.5769150128696352,66.96860760253605,2.2179659401813527
PedNYC7,PedNYC7_scenario7,7,21.0,-1.2868489454507277,64.45506329807031,32.59578420481669,57.578068404448324,-1.5666988025464168,66.77769326555389,2.3394285431210005
PedNYC7,PedNYC7_scenario7,7,22.0,-1.3251330301568625,64.15338053250926,32.56776218822958,57.57794429583048,-1.5618601393057432,66.57315760707064,2.431329022320677
PedNYC7,PedNYC7_scenario7,7,23.0,-1.4332254804778315,63.84394852390482,32.48351522073115,57.57755332929603,-1.5702201131748015,66.36136525993687,2.5211415176943275
PedNYC7,PedNYC7_scenario7,7,24.0,-1.5679349584581914,63.4961838279662,32.330643094483676,57.576848763023776,-1.5889873941493413,66.14754934562262,2.6514490968649653
PedNYC7,PedNYC7_scenario7,7,25.0,-1.6454838240942626,63.15375163123036,32.10312340881184,57.57580508848442,-1.5983587235658678,65.92468469896315,2.771333765708286
PedNYC7,PedNYC7_scenario7,7,26.0,-1.7191768271087906,62.82589673257089,31.800345793336426,57.574426539536816,-1.6106631409790304,65.68843563943499,2.8645949475254193
PedNYC7,PedNYC7_scenario7,7,27.0,-1.8328540050630382,62.440094933638974,31.42525327877405,57.572735856538685,-1.6178168090056293,65.46057403118412,3.0281240024799825
PedNYC7,PedNYC7_scenario7,7,28.0,-1.9065332692966823,62.10431475121743,30.98163065726073,57.570760583100935,-1.6273598023634792,65.21168667794487,3.119887516506532
PedNYC7,PedNYC7_scenario7,7,29.0,-1.9564353391455758,61.667444436547186,30.4721710795432,57.56852370967534,-1.6378621832140166,64.9576700068143,3.3056123727563294
PedNYC7,PedNYC7_scenario7,7,30.0,-1.9771253872099512,61.34906296712837,29.899768663113303,57.566050893251315,-1.6460094969998118,64.71534507392381,3.382527598598544
PedNYC7,PedNYC7_scenario7,7,31.0,-2.049695132240471,61.00912786462359,29.27063633133216,57.56338793634544,-1.6595010611412317,64.45652561218063,3.4694095525005846
PedNYC7,PedNYC7_scenario7,7,32.0,-2.1120598116742624,60.681156482350914,28.590690960654037,57.56056737718854,-1.6803209848633058,64.20696325026942,3.552141857988793
PedNYC7,PedNYC7_scenario7,7,33.0,-2.2174498805538483,60.355857068037224,27.86329019556567,57.557622931445884,-1.7027411981139662,63.94745916580432,3.628295833647525
PedNYC7,PedNYC7_scenario7,7,34.0,-2.346059912781666,60.03845919618475,27.09043120508495,57.55460104115021,-1.7314314752423385,63.679596831623236,3.69264829037895
PedNYC7,PedNYC7_scenario7,7,35.0,-2.4068252850937077,59.7555246712115,26.28981565812855,57.55167859125012,-1.7623378897891215,63.427240191446934,3.727849093545
PedNYC7,PedNYC7_scenario7,7,36.0,-2.3868534588455783,59.47411516109424,25.51302542100165,57.548996754407604,-1.7707294303380474,63.17452065580717,3.751347710331049
PedNYC7,PedNYC7_scenario7,7,37.0,-2.3509038945391634,59.14575095604366,24.77719259594906,57.54659776035454,-1.7894204809177605,62.9212609852302,3.817032827244226
PedNYC7,PedNYC7_scenario7,7,38.0,-2.306066196544509,58.829295590931686,24.0846776646624,57.54446439580718,-1.8274121214029475,62.676255534174345,3.8766235990308866
PedNYC7,PedNYC7_scenario7,7,39.0,-2.2834588565651486,58.46470413168244,23.43275698397973,57.542566061978896,-1.8667239833615077,62.435007495273055,3.992114321194099
PedNYC7,PedNYC7_scenario7,7,40.0,-2.2884305112076784,58.10852716200616,22.819617230160624,57.54086903162037,-1.8982154123512582,62.19529549440148,4.105355432364501
PedNYC7,PedNYC7_scenario7,7,41.0,-2.3740053987308856,57.73089609110563,22.243232057953556,57.53936952037989,-1.9219389665338193,61.96765729282138,4.2608109016340165
PedNYC7,PedNYC7_scenario7,7,42.0,-2.474716883410522,57.330180167417595,21.700931640757794,57.53803669272161,-1.9555172824774003,61.72462815237138,4.425013143265622
PedNYC7,PedNYC7_scenario7,7,43.0,-2.5027332796854185,56.97603776259885,21.19092436065162,57.5368492360049,-1.986408654799358,61.48789631599653,4.541305839087644
PedNYC7,PedNYC7_scenario7,7,44.0,-2.5277046192296164,56.62336133658093,20.711375123984812,57.53579412797679,-2.0172820479248297,61.25086573581006,4.655569585580518
PedNYC7,PedNYC7_scenario7,7,45.0,-2.548625490927686,56.312230516776886,20.260049943284216,57.534851529118434,-2.0469220365489775,61.01316575639532,4.727631381910177
PedNYC7,PedNYC7_scenario7,7,46.0,-2.5426691784675093,56.0083443480362,19.829650532267042,57.53400250846142,-2.0634461788823915,60.78531909504752,4.800952240640932
PedNYC7,PedNYC7_scenario7,7,47.0,-2.5206090722837775,55.69611671520692,19.411111277715214,57.533220859451106,-2.0878602811506726,60.574530428674755,4.897569997047332
PedNYC7,PedNYC7_scenario7,7,48.0,-2.4988151940724115,55.356920651548975,19.001514970067802,57.53249407568647,-2.124839174245565,60.37243221107186,5.02943478604835
PedNYC7,PedNYC7_scenario7,7,49.0,-2.4831419799507217,55.08217739777511,18.600223564401684,57.53182717175207,-2.1630685110140933,60.17522842371259,5.103098644776516
PedNYC7,PedNYC7_scenario7,7,50.0,-2.4710387039878006,54.83206791626602,18.20452742514798,57.531214777742655,-2.1903117353644093,59.99391684962363,5.169476960168947
PedNYC7,PedNYC7_scenario7,7,51.0,-2.430181800387537,54.606122438260506,17.802918777293616,57.530615404314794,-2.2144874802290047,59.84895476035874,5.247267364770598
PedNYC7,PedNYC7_scenario7,7,52.0,-2.400618531180589,54.38044099490671,17.373139661733383,57.53001297376528,-2.248021514000097,59.683057567408575,5.304811812366566
PedNYC7,PedNYC7_scenario7,7,53.0,-2.358649089622842,54.17004297799815,16.895740619730365,57.529410190519464,-2.277587970422157,59.52632988763707,5.356900256997072
PedNYC7,PedNYC7_scenario7,7,54.0,-2.2906736295845533,54.055632807115316,16.36175107886865,57.52881006565634,-2.301592656893684,59.3659782357695,5.310356654386382
PedNYC7,PedNYC7_scenario7,7,55.0,-2.239573868215295,53.957180912256085,15.76709671490356,57.52821688119518,-2.3187361063245047,59.20312763019762,5.2465439698361465
PedNYC7,PedNYC7_scenario7,7,56.0,-2.260589042923673,53.786454192670945,15.111148484921227,57.52767939209865,-2.335983135285132,59.03468440388436,5.248771724799646
PedNYC7,PedNYC7_scenario7,7,57.0,-2.262209716409492,53.638505072924964,14.394077005727988,57.52720811090428,-2.3478834376586577,58.85606527571749,5.218263547989606
PedNYC7,PedNYC7_scenario7,7,58.0,-2.205238630876953,53.48246626365387,13.619751575515227,57.526844043374986,-2.356572341355403,58.67640959408112,5.196147535589893
PedNYC7,PedNYC7_scenario7,7,59.0,-2.1071720664462372,53.34833395617109,12.812396687032226,57.526621524471665,-2.3641466241838485,58.48902231670298,5.147107220899181
PedNYC7,PedNYC7_scenario7,7,60.0,-2.054532168280012,53.18269681804894,12.024229982395477,57.526554107666016,-2.3742515033485385,58.299816905202135,5.127098442546563
PedNYC7,PedNYC7_scenario7,7,61.0,-2.0286446077066653,52.98543821341698,11.27559754890099,57.52663827809162,-2.377963886139109,58.10713509211997,5.133595511490999
PedNYC7,PedNYC7_scenario7,7,62.0,-1.9788278026132171,52.81701456842496,10.567670821575767,57.52684269837916,-2.3804198148149536,57.89689128640748,5.095726014432596
PedNYC7,PedNYC7_scenario7,7,63.0,-1.914813316566332,52.69208914273541,9.885553583372257,57.52716355039125,-2.3849380150197503,57.68907474822599,5.019051939716899
PedNYC7,PedNYC7_scenario7,7,64.0,-1.890647797225935,52.56898803113744,9.214160218795229,57.52759134898371,-2.3850501616211113,57.48117908866655,4.93700867769022
PedNYC7,PedNYC7_scenario7,7,65.0,-1.8898104892563856,52.45896870817896,8.541193146892573,57.52813588603886,-2.3858143160856677,57.27315433712882,4.839669726976903
PedNYC7,PedNYC7_scenario7,7,66.0,-1.9595990919304633,52.37945465291297,7.861330800885457,57.52880303964731,-2.3926217581637808,57.06570983848314,4.706218895648087
PedNYC7,PedNYC7_scenario7,7,67.0,-2.0574397271807707,52.36078054631852,7.170952402889371,57.52959902070172,-2.398558797595679,56.85803245375493,4.510170389147303
PedNYC7,PedNYC7_scenario7,7,68.0,-2.112686049188992,52.30337732168365,6.459675516515066,57.53054046924191,-2.4077036072231186,56.641970697922915,4.348612174463901
PedNYC7,PedNYC7_scenario7,7,69.0,-2.0980545654027156,52.22550249314625,5.719289837835941,57.53166233936641,-2.415015727919912,56.43009099250135,4.216518567189453
PedNYC7,PedNYC7_scenario7,7,70.0,-2.1007777600670403,52.17073764491775,4.946265171662257,57.53297854015585,-2.422020393678583,56.214470375648766,4.056472756870801
PedNYC7,PedNYC7_scenario7,7,71.0,-2.133500049754405,52.14556793876971,4.141720717761609,57.53449653806752,-2.4269724397469417,56.008479002045576,3.8740428400402362
PedNYC7,PedNYC7_scenario7,7,72.0,-2.160647889776609,52.143917513632,3.3057558926792616,57.53623176570015,-2.4299435337046402,55.79825016558253,3.6642417053123593
PedNYC7,PedNYC7_scenario7,7,73.0,-2.1714043620063137,52.15630199735472,2.440375559059183,57.538210104276445,-2.429735116082203,55.60030893962585,3.453681889941973
PedNYC7,PedNYC7_scenario7,7,74.0,-2.173090188180625,52.16109843689135,1.546497132379738,57.540432416873195,-2.4283082050858154,55.397561281777115,3.246510123575633
PedNYC7,PedNYC7_scenario7,7,75.0,-2.173259923251428,52.160655910537194,0.6256309631393953,57.542930117200136,-2.421824706729757,55.212276096887436,3.0617266718840064
PedNYC7,PedNYC7_scenario7,7,76.0,-2.17402200314937,52.16470122129884,-0.3205964110280567,57.545710925448645,-2.4286736214789655,55.021437951914315,2.8680641894430234
PedNYC7,PedNYC7_scenario7,7,77.0,-2.1819226082195016,52.16629761348233,-1.2904080827730902,57.548782143394,-2.4301330616127985,54.82563005956742,2.670890766762026
PedNYC7,PedNYC7_scenario7,7,78.0,-2.185361632312929,52.16521366381843,-2.281982832546187,57.552155302984005,-2.4192704527393323,54.63361400676902,2.4794583257945444
PedNYC7,PedNYC7_scenario7,7,79.0,-2.193393018574783,52.164018108316746,-3.2935669403028083,57.555842022416,-2.4121458929481774,54.450150393267315,2.29657432806777
PedNYC7,PedNYC7_scenario7,7,80.0,-2.2152419870734668,52.16294473997565,-4.324090331414168,57.55981201091274,-2.4150029778190207,54.28017516036704,2.1266332797298015
PedNYC7,PedNYC7_scenario7,7,81.0,-2.2284687968723826,52.164001361451135,-5.372655185428106,57.56357054144013,-2.419677318184543,54.13106105884797,1.9763310835346664
PedNYC7,PedNYC7_scenario7,7,82.0,-2.2361549298326073,52.16670975723575,-6.438098319296471,57.56716043216609,-2.4217138474320294,53.98588990119725,1.828619290088683
PedNYC7,PedNYC7_scenario7,7,83.0,-2.231682938291143,52.17270873742449,-7.518846025415649,57.56993902748997,-2.416448032790178,53.8554228040764,1.6928274484581785
PedNYC7,PedNYC7_scenario7,7,84.0,-2.2192367919264298,52.17475130765468,-8.612777958446914,57.57064522860926,-2.401326535180318,53.73853539473803,1.5743498167857641
PedNYC7,PedNYC7_scenario7,7,85.0,-2.21307668387638,52.17263448597544,-9.706198922900658,57.56939548169535,-2.3882335614430015,53.622922337058654,1.4608267463181406
PedNYC7,PedNYC7_scenario7,7,86.0,-2.215116582350754,52.17032013952802,-10.780082644193799,57.56644244757861,-2.3730247323670524,53.51437246562652,1.3532965821032563
PedNYC7,PedNYC7_scenario7,7,87.0,-2.2231405340816233,52.16726049839081,-11.83300658206805,57.56202833148107,-2.3560070565428965,53.41362143574351,1.253422952937135
PedNYC7,PedNYC7_scenario7,7,88.0,-2.23149522906308,52.16539950615185,-12.865196608632766,57.55618847499554,-2.346549734106968,53.308988712921284,1.1493623505972506
PedNYC7,PedNYC7_scenario7,7,89.0,-2.2414438680535564,52.16482623023493,-13.879850719296114,57.54898735542557,-2.345545922200913,53.1990945984884,1.0394942497423432
PedNYC7,PedNYC7_scenario7,7,90.0,-2.2520839504144003,52.16550676810819,-14.88724636853943,57.54040155868048,-2.342508721773835,53.09239776554801,0.9312913402423487
PedNYC7,PedNYC7_scenario7,7,91.0,-2.2593089068192445,52.171284171191665,-15.900341473623843,57.5303140262316,-2.3279039841640072,53.000645687088635,0.8321933721719094
PedNYC7,PedNYC7_scenario7,7,92.0,-2.2687845784338285,52.17996198930833,-16.927758687232433,57.518646675668386,-2.3174661549219384,52.903490603800336,0.7251644998743985
PedNYC7,PedNYC7_scenario7,7,93.0,-2.2827167769135537,52.18729643538859,-17.974698336853592,57.5052326201785,-2.3121221130082104,52.81277449724459,0.6261688906788475
PedNYC7,PedNYC7_scenario7,7,94.0,-2.304007564598821,52.19512671135295,-19.04122481530577,57.49001525389699,-2.2979602575939535,52.73566537135801,0.5405724862422051
PedNYC7,PedNYC7_scenario7,7,95.0,-2.335920606577787,52.19695715784638,-20.09134202557086,57.47350258091089,-2.2809311975388096,52.676771167182345,0.48295477910619344
PedNYC7,PedNYC7_scenario7,7,96.0,-2.3313822278866003,52.21280892522901,-21.070809118171717,57.45675389424187,-2.262184356888782,52.629616521065046,0.422512623831815
PedNYC7,PedNYC7_scenario7,7,97.0,-2.262604841354991,52.22265304584931,-21.642420945463396,57.446332729027716,-2.243680630893629,52.58158742277772,0.3594329042847521
PedNYC7,PedNYC7_scenario7,7,98.0,-2.1870619958729356,52.20018829179356,-21.687646004948007,57.44547710587593,-2.220235810599497,52.52867242029464,0.3301550009626193
PedNYC7,PedNYC7_scenario7,7,99.0,-2.1333887360150463,52.170760409816246,-21.688476540365407,57.44544999962742,-2.1944083224174116,52.4889274365392,0.32396550251290696
PedNYC7,PedNYC7_scenario7,7,100.0,-2.087052345275879,52.12683868408203,-21.688640594482425,57.44544219970703,-2.202244071733384,52.49667485555013,0.38736020390644615
PedNYC8,PedNYC8_scenario7,7,0.0,-1.906036376953125,70.24765014648438,84.68984985351562,58.0099983215332,-1.7987583564675373,70.12958791981573,0.15952198295302064
PedNYC8,PedNYC8_scenario7,7,1.0,-1.8726120928935401,70.15474102968669,84.68977897054106,58.010001151448634,-1.8044872955447269,70.0647341920194,0.11288143709522222
PedNYC8,PedNYC8_scenario7,7,2.0,-1.887869264153222,70.16844012463325,84.68564894971544,58.0099983215332,-1.8135075132234157,69.98504923884316,0.19789362544614764
PedNYC8,PedNYC8_scenario7,7,3.0,-1.9525032851359192,70.20031126415573,84.65624152595227,58.00995021140525,-1.8151326907762673,69.89108624097307,0.33836488463941145
PedNYC8,PedNYC8_scenario7,7,4.0,-2.0457267302479294,70.15401947376485,84.5659448441188,58.009793929822465,-1.7891769726512223,69.78299891380624,0.451080961729631
PedNYC8,PedNYC8_scenario7,7,5.0,-2.06916866383735,70.13853339286342,84.38477863911469,58.00946445991819,-1.7366350850065908,69.65531823803282,0.5865794634215864
PedNYC8,PedNYC8_scenario7,7,6.0,-1.9941322306465235,70.16717909717755,84.10828652232985,58.00890343683579,-1.6920554512913224,69.51981095759781,0.7143779733226274
PedNYC8,PedNYC8_scenario7,7,7.0,-1.923112534380434,70.17990578213991,83.74002079570106,58.00824634764407,-1.6747214486460915,69.38004988468087,0.8375366190037848
PedNYC8,PedNYC8_scenario7,7,8.0,-1.8711855988411454,70.18743860398438,83.27042586153645,58.007937971178386,-1.6684897381483927,69.21820662499455,0.990200101514087
PedNYC8,PedNYC8_scenario7,7,9.0,-1.8433170871887243,70.20748762121556,82.69629763617787,58.00757570525418,-1.663795592994915,69.05173078195773,1.1696161072629065
PedNYC8,PedNYC8_scenario7,7,10.0,-1.8204967862467452,70.22356701333008,82.0065465622884,58.00720357873535,-1.6452506459833909,68.88753958556255,1.3474718911444252
PedNYC8,PedNYC8_scenario7,7,11.0,-1.8061441497125017,70.23113048289284,81.17743612767622,58.00686813632026,-1.624003297740102,68.70632859986135,1.5356419089272075
PedNYC8,PedNYC8_scenario7,7,12.0,-1.7965414808766598,70.23651784217942,80.19823365116565,58.00672151212582,-1.6071961942375586,68.52756931387593,1.7194059177411027
PedNYC8,PedNYC8_scenario7,7,13.0,-1.7765875364297559,70.24364234388061,79.07097112686624,58.00891658756715,-1.6012667235446376,68.33900339191803,1.912691016542876
PedNYC8,PedNYC8_scenario7,7,14.0,-1.7289037613820764,70.27181344442906,77.81103262267374,58.01308164226868,-1.5995097853220477,68.15482363782705,2.1209405089010454
PedNYC8,PedNYC8_scenario7,7,15.0,-1.7094409971891904,70.29014970459193,76.44373859386666,58.01650230370266,-1.5974975052463378,67.96434182820765,2.3285002948764015
PedNYC8,PedNYC8_scenario7,7,16.0,-1.7203191393323796,70.28448709374186,74.98496253493693,58.02019609422873,-1.5903727079915044,67.77781012651347,2.5100429265356263
PedNYC8,PedNYC8_scenario7,7,17.0,-1.7557159598008387,70.25971928869848,73.43918676314021,58.02435157538089,-1.5802431883294858,67.57847148321807,2.6869835295217857
PedNYC8,PedNYC8_scenario7,7,18.0,-1.8037357507729628,70.2474282720079,71.81290204770396,58.029189020835204,-1.5794076855243375,67.37789560033887,2.8782878304009376
PedNYC8,PedNYC8_scenario7,7,19.0,-1.8442228361745232,70.25202572258897,70.11204611293805,58.035569348137216,-1.5818540068375722,67.16943870510187,3.0937323935640677
PedNYC8,PedNYC8_scenario7,7,20.0,-1.8350931943478863,70.27308589529555,68.33969386904073,58.043618320783466,-1.5769150128696352,66.96860760253605,3.314548651130368
PedNYC8,PedNYC8_scenario7,7,21.0,-1.8432653052512278,70.2531571149508,66.50173620850117,58.05351322438808,-1.5666988025464168,66.77769326555389,3.4864506304955913
PedNYC8,PedNYC8_scenario7,7,22.0,-1.8358334957685227,70.20040889502472,64.60657236002311,58.06672278223561,-1.5618601393057432,66.57315760707064,3.637583443168833
PedNYC8,PedNYC8_scenario7,7,23.0,-1.799235042535255,70.07146582009472,62.660058978877046,58.08584573061862,-1.5702201131748015,66.36136525993687,3.7171620901372457
PedNYC8,PedNYC8_scenario7,7,24.0,-1.7788647238769533,69.8393037567513,60.670605332122406,58.11126294375325,-1.5889873941493413,66.14754934562262,3.6966341491189776
PedNYC8,PedNYC8_scenario7,7,25.0,-1.7954177617620632,69.58252827571405,58.63920539478788,58.14159336358112,-1.5983587235658678,65.92468469896315,3.663147812539466
PedNYC8,PedNYC8_scenario7,7,26.0,-1.771811014314683,69.25696884342453,56.555445415310594,58.176476673538204,-1.6106631409790304,65.68843563943499,3.5721699098806172
PedNYC8,PedNYC8_scenario7,7,27.0,-1.7489311517950439,68.9064883623291,54.40975435119628,58.214282141586914,-1.6178168090056293,65.46057403118412,3.4484078280382424
PedNYC8,PedNYC8_scenario7,7,28.0,-1.7734666966507129,68.52464606522375,52.20616480819104,58.25274095003901,-1.6273598023634792,65.21168667794487,3.316179598019009
PedNYC8,PedNYC8_scenario7,7,29.0,-1.7817586401326626,68.09746741405104,49.950477039395544,58.291202112814986,-1.6378621832140166,64.9576700068143,3.143093054429714
PedNYC8,PedNYC8_scenario7,7,30.0,-1.7582052307070102,67.72420989508042,47.6519465192145,58.32954240899337,-1.6460094969998118,64.71534507392381,3.0109558938410035
PedNYC8,PedNYC8_scenario7,7,31.0,-1.779296192443034,67.26054803797363,45.313040561819655,58.36846599172526,-1.6595010611412317,64.45652561218063,2.806580238980122
PedNYC8,PedNYC8_scenario7,7,32.0,-1.820609401343988,66.85367853156541,42.95412977474204,58.40787275875391,-1.6803209848633058,64.20696325026942,2.6504306480352073
PedNYC8,PedNYC8_scenario7,7,33.0,-1.8150145119769283,66.4568248349414,40.60817333171872,58.44753997180664,-1.7027411981139662,63.94745916580432,2.5118760635130006
PedNYC8,PedNYC8_scenario7,7,34.0,-1.7943939682412322,66.02287849684525,38.3133626017922,58.4870669614556,-1.7314314752423385,63.679596831623236,2.344127393741709
PedNYC8,PedNYC8_scenario7,7,35.0,-1.8128889605684955,65.62315187125445,36.0795903110204,58.52614655054691,-1.7623378897891215,63.427240191446934,2.1964934591917196
PedNYC8,PedNYC8_scenario7,7,36.0,-1.8086116252793094,65.20673335379806,33.90947468119758,58.562428427268294,-1.7707294303380474,63.17452065580717,2.0325657456940878
PedNYC8,PedNYC8_scenario7,7,37.0,-1.7713138042137777,64.78563081269368,31.77973961171845,58.595109643304724,-1.7894204809177605,62.9212609852302,1.8644577510089857
PedNYC8,PedNYC8_scenario7,7,38.0,-1.7693000526192222,64.40036413076172,29.67844219686767,58.62413108588216,-1.8274121214029475,62.676255534174345,1.725087668892453
PedNYC8,PedNYC8_scenario7,7,39.0,-1.7866655725364322,63.92554034626808,27.59032878768123,58.64989963860611,-1.8667239833615077,62.435007495273055,1.4926813219971604
PedNYC8,PedNYC8_scenario7,7,40.0,-1.7587255597888098,63.52605526629912,25.512582767261318,58.674852278214736,-1.8982154123512582,62.19529549440148,1.338050443544245
PedNYC8,PedNYC8_scenario7,7,41.0,-1.753130950990668,63.15412357463845,23.44557450879799,58.69980044481722,-1.9219389665338193,61.96765729282138,1.1984149465024359
PedNYC8,PedNYC8_scenario7,7,42.0,-1.8125557138945172,62.74807756192578,21.400289902104934,58.724862554617886,-1.9555172824774003,61.72462815237138,1.033386038230115
PedNYC8,PedNYC8_scenario7,7,43.0,-1.841408262073081,62.47363448481411,19.3774762231205,58.74978946167596,-1.986408654799358,61.48789631599653,0.9963457489017642
PedNYC8,PedNYC8_scenario7,7,44.0,-1.8359321863895974,62.164499719445494,17.390882400742388,58.77377987140806,-2.0172820479248297,61.25086573581006,0.9314584415487374
PedNYC8,PedNYC8_scenario7,7,45.0,-1.9047827285927628,61.649895159354294,15.486982223161558,58.79634959774818,-2.0469220365489775,61.01316575639532,0.6524016519436222
PedNYC8,PedNYC8_scenario7,7,46.0,-1.8741788540847648,61.310742733779875,13.764440031996807,58.817924388266405,-2.0634461788823915,60.78531909504752,0.5584730256465388
PedNYC8,PedNYC8_scenario7,7,47.0,-1.850822320119936,61.02426098057643,12.4613592442106,58.83635229746205,-2.0878602811506726,60.574530428674755,0.5083744331527627
PedNYC8,PedNYC8_scenario7,7,48.0,-1.9248283633289727,60.692733491866704,11.437948239383319,58.85212716031442,-2.124839174245565,60.37243221107186,0.3776204906547449
PedNYC8,PedNYC8_scenario7,7,49.0,-2.0383652510499726,60.31309573139167,10.587299882224558,58.866014302932996,-2.1630685110140933,60.17522842371259,0.18589862176024138
PedNYC8,PedNYC8_scenario7,7,50.0,-2.092747100415649,60.151855495772,9.81110402162754,58.87930011179416,-2.1903117353644093,59.99391684962363,0.18564340532284956
PedNYC8,PedNYC8_scenario7,7,51.0,-2.1324664266196462,60.239413626180244,9.087293899563933,58.89196484138881,-2.2144874802290047,59.84895476035874,0.398980675138292
PedNYC8,PedNYC8_scenario7,7,52.0,-2.1329880564161474,60.4403288461195,8.411173775597149,58.903588480877644,-2.248021514000097,59.683057567408575,0.7659585406039913
PedNYC8,PedNYC8_scenario7,7,53.0,-2.1978829469278445,60.60680901460769,7.780525405290109,58.914492915168395,-2.277587970422157,59.52632988763707,1.083414987246082
PedNYC8,PedNYC8_scenario7,7,54.0,-2.2470194982896423,60.71661269891237,7.192362772938095,58.92452053701431,-2.301592656893684,59.3659782357695,1.3517365433653346
PedNYC8,PedNYC8_scenario7,7,55.0,-2.2037279875411806,60.82649883023107,6.644355288652504,58.93296051590018,-2.3187361063245047,59.20312763019762,1.6274399898257725
PedNYC8,PedNYC8_scenario7,7,56.0,-2.149401218846477,60.93903299917022,6.1303709123652235,58.93946825234452,-2.335983135285132,59.03468440388436,1.9134671107466548
PedNYC8,PedNYC8_scenario7,7,57.0,-2.1473039801170706,61.00591756266975,5.629417397722427,58.944933050311285,-2.3478834376586577,58.85606527571749,2.159188962203526
PedNYC8,PedNYC8_scenario7,7,58.0,-2.1716245286390605,61.04699248504639,5.113579976079153,58.94981079015894,-2.356572341355403,58.67640959408112,2.3777865624075263
PedNYC8,PedNYC8_scenario7,7,59.0,-2.2092219244730003,61.101647767416274,4.556238674422555,58.9542382596253,-2.3641466241838485,58.48902231670298,2.617214818904888
PedNYC8,PedNYC8_scenario7,7,60.0,-2.2151187220482096,61.15885907266524,3.928503760469495,58.95805010521519,-2.3742515033485385,58.299816905202135,2.8634673662216734
PedNYC8,PedNYC8_scenario7,7,61.0,-2.1721451726829795,61.25593484146052,3.2180589500825243,58.95886546080722,-2.377963886139109,58.10713509211997,3.1555191655662425
PedNYC8,PedNYC8_scenario7,7,62.0,-2.19402350293934,61.33615454322048,2.4156986372833886,58.955711329470006,-2.3804198148149536,57.89689128640748,3.4443105746643683
PedNYC8,PedNYC8_scenario7,7,63.0,-2.2280716477591573,61.38746077197228,1.527232261651535,58.94915199862988,-2.3849380150197503,57.68907474822599,3.7017112580291043
PedNYC8,PedNYC8_scenario7,7,64.0,-2.208291603989956,61.450197386101564,0.5574477148395192,58.93984401529138,-2.3850501616211113,57.48117908866655,3.972952281750912
PedNYC8,PedNYC8_scenario7,7,65.0,-2.167040536660804,61.50073507649804,-0.48772624562570327,58.930969001918456,-2.3858143160856677,57.27315433712882,4.233237635008152
PedNYC8,PedNYC8_scenario7,7,66.0,-2.103280399667145,61.52556665026491,-1.6066634693051252,58.919970843983556,-2.3926217581637808,57.06570983848314,4.4692327309430855
PedNYC8,PedNYC8_scenario7,7,67.0,-2.059851337549526,61.43734595356282,-2.7930555499253082,58.89958096849204,-2.398558797595679,56.85803245375493,4.591822609053369
PedNYC8,PedNYC8_scenario7,7,68.0,-2.146662546620056,61.22496658100132,-4.0361964381152715,58.88421939876532,-2.4077036072231186,56.641970697922915,4.590424130691452
PedNYC8,PedNYC8_scenario7,7,69.0,-2.2609255059783764,61.03025820462686,-5.347600994289872,58.84990521337423,-2.415015727919912,56.43009099250135,4.602747242247026
PedNYC8,PedNYC8_scenario7,7,70.0,-2.275096804563701,60.77747807890726,-6.7126059715784,58.83429637262778,-2.422020393678583,56.214470375648766,4.5653724756075205
PedNYC8,PedNYC8_scenario7,7,71.0,-2.272015251774147,60.47445431329494,-8.12812245452858,58.81669452170068,-2.4269724397469417,56.008479002045576,4.468662798958242
PedNYC8,PedNYC8_scenario7,7,72.0,-2.2794368280108177,60.12860154160737,-9.595434440301773,58.798488304672226,-2.4299435337046402,55.79825016558253,4.332966109756572
PedNYC8,PedNYC8_scenario7,7,73.0,-2.3003443555441283,59.80695171508755,-11.108442526887472,58.77886056237052,-2.429735116082203,55.60030893962585,4.208632249229761
PedNYC8,PedNYC8_scenario7,7,74.0,-2.295640656443215,59.46586325781773,-12.660229574398453,58.75793979597554,-2.4283082050858154,55.397561281777115,4.070464549252188
PedNYC8,PedNYC8_scenario7,7,75.0,-2.3207926687928007,59.11106005454443,-14.243498694416466,58.73574145777989,-2.421824706729757,55.212276096887436,3.900092796482314
PedNYC8,PedNYC8_scenario7,7,76.0,-2.3621478812425742,58.72043593712532,-15.847438286499097,58.71235336950986,-2.4286736214789655,55.021437951914315,3.6995961629222585
PedNYC8,PedNYC8_scenario7,7,77.0,-2.331260339770162,58.34744287589998,-17.474095296362744,58.68782635559084,-2.4301330616127985,54.82563005956742,3.523200438295957
PedNYC8,PedNYC8_scenario7,7,78.0,-2.3075468832092287,57.977738617823896,-19.117328640302727,58.66303848977702,-2.4192704527393323,54.63361400676902,3.3459903721097968
PedNYC8,PedNYC8_scenario7,7,79.0,-2.338162990946668,57.5840202265577,-20.71921137187268,58.63970656332139,-2.4121458929481774,54.450150393267315,3.134742988156455
PedNYC8,PedNYC8_scenario7,7,80.0,-2.3483397625683375,57.21722576026145,-22.00429805513264,58.62336075877121,-2.4150029778190207,54.28017516036704,2.9378070410780364
PedNYC8,PedNYC8_scenario7,7,81.0,-2.3406802784429823,56.865635572535396,-22.67759399419901,58.61714679060636,-2.419677318184543,54.13106105884797,2.7357153183759375
PedNYC8,PedNYC8_scenario7,7,82.0,-2.368903683453553,56.49252200179549,-22.762033550966912,58.61657461614442,-2.4217138474320294,53.98588990119725,2.5071883457708175
PedNYC8,PedNYC8_scenario7,7,83.0,-2.385785316748747,56.134571554458944,-22.762847070236816,58.616566727199505,-2.416448032790178,53.8554228040764,2.279355002742083
PedNYC8,PedNYC8_scenario7,7,84.0,-2.341396129693261,55.7587198316772,-22.762970571283983,58.616568918462114,-2.401326535180318,53.73853539473803,2.021073183423368
PedNYC8,PedNYC8_scenario7,7,85.0,-2.326216488144975,55.402606566027416,-22.76297950744629,58.6165657043457,-2.3882335614430015,53.622922337058654,1.7807644628699744
PedNYC8,PedNYC8_scenario7,7,86.0,-2.3369994092620803,55.042208305293364,-22.762977600097656,58.6165657043457,-2.3730247323670524,53.51437246562652,1.5282605068754813
PedNYC8,PedNYC8_scenario7,7,87.0,-2.313453163664794,54.72722970309938,-22.762977600097656,58.6165657043457,-2.3560070565428965,53.41362143574351,1.3142973460616834
PedNYC8,PedNYC8_scenario7,7,88.0,-2.279819742691236,54.401830530623535,-22.762977600097656,58.6165657043457,-2.346549734106968,53.308988712921284,1.0948772215518519
PedNYC8,PedNYC8_scenario7,7,89.0,-2.288576230762259,54.041171494745086,-22.762977600097656,58.61656432939,-2.345545922200913,53.1990945984884,0.8440018038795343
PedNYC8,PedNYC8_scenario7,7,90.0,-2.28316781383607,53.69474130494732,-22.762977600097656,58.6165657043457,-2.342508721773835,53.09239776554801,0.6052595169106977
PedNYC8,PedNYC8_scenario7,7,91.0,-2.2396121085080454,53.38390220424007,-22.762977600097656,58.61656352911139,-2.3279039841640072,53.000645687088635,0.39329507147420234
PedNYC8,PedNYC8_scenario7,7,92.0,-2.2076657796121357,53.06014733986223,-22.762976698428865,58.6165659123678,-2.3174661549219384,52.903490603800336,0.1913046140889983
PedNYC8,PedNYC8_scenario7,7,93.0,-2.206645465411636,52.73947035045218,-22.762977600097656,58.6165657043457,-2.3121221130082104,52.81277449724459,0.12844773694065262
PedNYC8,PedNYC8_scenario7,7,94.0,-2.1615734266486784,52.39989481299836,-22.762977600097656,58.61656415408326,-2.2979602575939535,52.73566537135801,0.362413073048483
PedNYC8,PedNYC8_scenario7,7,95.0,-2.1148552457039944,52.128246294152014,-22.762977600097656,58.6165657043457,-2.2809311975388096,52.676771167182345,0.5731149606412144
PedNYC8,PedNYC8_scenario7,7,96.0,-2.1078325168316647,51.875629274052734,-22.762977600097656,58.6165657043457,-2.262184356888782,52.629616521065046,0.7696241025242272
PedNYC8,PedNYC8_scenario7,7,97.0,-2.1157822892513862,51.602085945128,-22.762977600097656,58.6165657043457,-2.243680630893629,52.58158742277772,0.9878163445260563
PedNYC8,PedNYC8_scenario7,7,98.0,-2.07625897267543,51.42075914135172,-22.762977600097656,58.616563724245964,-2.220235810599497,52.52867242029464,1.117229234990142
PedNYC8,PedNYC8_scenario7,7,99.0,-2.0401414650813803,51.30618190197184,-22.762977600097656,58.6165657043457,-2.1944083224174116,52.4889274365392,1.1927637078698217
PedNYC8,PedNYC8_scenario7,7,100.0,-2.051666498184204,51.25481414794922,-22.762977600097656,58.6165657043457,-2.202244071733384,52.49667485555013,1.2509562833044972
PedNYC9,PedNYC9_scenario7,7,0.0,-1.6765007972717283,70.21083068847656,56.00823974609375,57.9112663269043,-1.7987583564675373,70.12958791981573,0.14678998004017066
PedNYC9,PedNYC9_scenario7,7,1.0,-1.656295177391582,70.11647999315015,54.91560214934849,57.90608820358347,-1.8044872955447269,70.0647341920194,0.15696665829843853
PedNYC9,PedNYC9_scenario7,7,2.0,-1.6261105706205108,69.97972163829931,53.800170175761224,57.902403653101345,-1.8135075132234157,69.98504923884316,0.18747265780500177
PedNYC9,PedNYC9_scenario7,7,3.0,-1.6010336451019471,69.82649852688108,52.66333964290054,57.896259851971195,-1.8151326907762673,69.89108624097307,0.22362909956059526
PedNYC9,PedNYC9_scenario7,7,4.0,-1.5701123610452374,69.65954642568062,51.504531330968796,57.887536504074696,-1.7891769726512223,69.78299891380624,0.2514554053554782
PedNYC9,PedNYC9_scenario7,7,5.0,-1.540099487370507,69.48069579626599,50.32790933499707,57.87271073127857,-1.7366350850065908,69.65531823803282,0.26290537899933153
PedNYC9,PedNYC9_scenario7,7,6.0,-1.534475451886283,69.27871232939346,49.13739739862993,57.851986380195235,-1.6920554512913224,69.51981095759781,0.28802778465716483
PedNYC9,PedNYC9_scenario7,7,7.0,-1.535930388177374,69.13898143398077,47.941608367888136,57.82800932159015,-1.6747214486460915,69.38004988468087,0.278167137507249
PedNYC9,PedNYC9_scenario7,7,8.0,-1.536616550608018,68.88377912279023,46.759608271320865,57.80150819978404,-1.6684897381483927,69.21820662499455,0.3594889314327768
PedNYC9,PedNYC9_scenario7,7,9.0,-1.525937547951715,68.67213013226942,45.61005814699118,57.77685936061742,-1.663795592994915,69.05173078195773,0.4038582595749688
PedNYC9,PedNYC9_scenario7,7,10.0,-1.5013837529397671,68.47003969942976,44.49951129944107,57.75665502774701,-1.6452506459833909,68.88753958556255,0.441592388787348
PedNYC9,PedNYC9_scenario7,7,11.0,-1.4701417866210422,68.240632212222,43.429461264610396,57.740489436544934,-1.624003297740102,68.70632859986135,0.4904553904935542
PedNYC9,PedNYC9_scenario7,7,12.0,-1.4560297026032822,68.01738482521557,42.401085584072604,57.72844790546183,-1.6071961942375586,68.52756931387593,0.5321085609747751
PedNYC9,PedNYC9_scenario7,7,13.0,-1.454779792014856,67.80605700518558,41.41324315036124,57.7202093622535,-1.6012667235446376,68.33900339191803,0.5527117442575132
PedNYC9,PedNYC9_scenario7,7,14.0,-1.4524305330953982,67.59203674868164,40.46421736201009,57.71531846369792,-1.5995097853220477,68.15482363782705,0.5816883951305226
PedNYC9,PedNYC9_scenario7,7,15.0,-1.430715801102193,67.36760940441894,39.55286436250813,57.71335065046387,-1.5974975052463378,67.96434182820765,0.6196012608427873
PedNYC9,PedNYC9_scenario7,7,16.0,-1.3967803357936162,67.13329710533108,38.678059242657994,57.71415592593197,-1.5903727079915044,67.77781012651347,0.6729599104306725
PedNYC9,PedNYC9_scenario7,7,17.0,-1.3767845913117889,66.88542991047494,37.837676507401085,57.71822316775846,-1.5802431883294858,67.57847148321807,0.722289431080558
PedNYC9,PedNYC9_scenario7,7,18.0,-1.3821466793070234,66.66968134604507,37.02880135714345,57.725465613371036,-1.5794076855243375,67.37789560033887,0.7351729963476629
PedNYC9,PedNYC9_scenario7,7,19.0,-1.396664161697226,66.4318447901213,36.248279129887784,57.73539436456717,-1.5818540068375722,67.16943870510187,0.7604867271422044
PedNYC9,PedNYC9_scenario7,7,20.0,-1.4015771799998118,66.1991271792496,35.49368227489349,57.747757218326306,-1.5769150128696352,66.96860760253605,0.7892043318790037
PedNYC9,PedNYC9_scenario7,7,21.0,-1.3835744626824544,65.97668126547961,34.76249631059921,57.761754731568296,-1.5666988025464168,66.77769326555389,0.8216780075635532
PedNYC9,PedNYC9_scenario7,7,22.0,-1.3529882876717687,65.77144624959963,34.05131171256492,57.774156270080375,-1.5618601393057432,66.57315760707064,0.8284736272827332
PedNYC9,PedNYC9_scenario7,7,23.0,-1.3348928403091989,65.50273341375797,33.35087941956352,57.785574241149284,-1.5702201131748015,66.36136525993687,0.8902963397807292
PedNYC9,PedNYC9_scenario7,7,24.0,-1.337941969050167,65.28160742073898,32.65376116034545,57.79724233791913,-1.5889873941493413,66.14754934562262,0.9015981492518791
PedNYC9,PedNYC9_scenario7,7,25.0,-1.3517786601605066,65.0910665192072,31.953561241398887,57.80801364668091,-1.5983587235658678,65.92468469896315,0.8693221481640776
PedNYC9,PedNYC9_scenario7,7,26.0,-1.3553890423989514,64.8370258265008,31.243537514231186,57.81835096193917,-1.6106631409790304,65.68843563943499,0.8888551822240142
PedNYC9,PedNYC9_scenario7,7,27.0,-1.346448916926844,64.60143941845287,30.519152729788335,57.8289737742945,-1.6178168090056293,65.46057403118412,0.9009732602270524
PedNYC9,PedNYC9_scenario7,7,28.0,-1.3448404063644104,64.37945355550166,29.777686072387983,57.83981257713201,-1.6273598023634792,65.21168667794487,0.8788795020975624
PedNYC9,PedNYC9_scenario7,7,29.0,-1.3675743187619245,64.17596117289594,29.01816131423994,57.85079835966024,-1.6378621832140166,64.9576700068143,0.8271180270651053
PedNYC9,PedNYC9_scenario7,7,30.0,-1.4260178891795974,63.94831550601174,28.240658084429086,57.86190655447967,-1.6460094969998118,64.71534507392381,0.7979540497815074
PedNYC9,PedNYC9_scenario7,7,31.0,-1.4837517144662815,63.73788441710084,27.44624412188751,57.87312159684285,-1.6595010611412317,64.45652561218063,0.7398195726813269
PedNYC9,PedNYC9_scenario7,7,32.0,-1.5322652558038377,63.53265604354774,26.636530094799948,57.88445293199993,-1.6803209848633058,64.20696325026942,0.6903699790287328
PedNYC9,PedNYC9_scenario7,7,33.0,-1.5740944940503183,63.33058396695906,25.8140022400289,57.89592457340159,-1.7027411981139662,63.94745916580432,0.6301467967202683
PedNYC9,PedNYC9_scenario7,7,34.0,-1.6282174769282587,63.113212579957924,24.980564535971293,57.90748833118931,-1.7314314752423385,63.679596831623236,0.5757119505294763
PedNYC9,PedNYC9_scenario7,7,35.0,-1.6993142829390253,62.90159273549528,24.137253505690477,57.91913131200112,-1.7623378897891215,63.427240191446934,0.5294121484900435
PedNYC9,PedNYC9_scenario7,7,36.0,-1.7789322610848874,62.70399369968665,23.28723987936916,57.93079933880038,-1.7707294303380474,63.17452065580717,0.47059845183373233
PedNYC9,PedNYC9_scenario7,7,37.0,-1.8563157844669809,62.492591349036324,22.44320037084382,57.94200689234006,-1.7894204809177605,62.9212609852302,0.43385785532998067
PedNYC9,PedNYC9_scenario7,7,38.0,-1.9178968829892353,62.26772952955045,21.620424410740938,57.952280444869075,-1.8274121214029475,62.676255534174345,0.41842680188210873
PedNYC9,PedNYC9_scenario7,7,39.0,-1.9679023870207613,62.050754404161125,20.824870407213155,57.961707303018244,-1.8667239833615077,62.435007495273055,0.39735061016199263
PedNYC9,PedNYC9_scenario7,7,40.0,-2.0427983190372268,61.83510899896376,20.058913440968965,57.97029577356475,-1.8982154123512582,62.19529549440148,0.38812179583407513
PedNYC9,PedNYC9_scenario7,7,41.0,-2.1367568299893125,61.6499488206465,19.322132695686705,57.978118876238284,-1.9219389665338193,61.96765729282138,0.3835171283675325
PedNYC9,PedNYC9_scenario7,7,42.0,-2.2268714867310604,61.469149086414184,18.61492627456529,57.9852882580545,-1.9555172824774003,61.72462815237138,0.37269646806550044
PedNYC9,PedNYC9_scenario7,7,43.0,-2.284796930779882,61.27174440314178,17.951771834536977,57.991773210606574,-1.986408654799358,61.48789631599653,0.3684524564626976
PedNYC9,PedNYC9_scenario7,7,44.0,-2.3076251489134445,61.12568701674079,17.368192035104375,57.99724861347688,-2.0172820479248297,61.25086573581006,0.3161784749148932
PedNYC9,PedNYC9_scenario7,7,45.0,-2.3178499630216596,60.96984554790687,16.89132063507046,58.001557828290686,-2.0469220365489775,61.01316575639532,0.274369425786237
PedNYC9,PedNYC9_scenario7,7,46.0,-2.361124791853695,60.821210262284815,16.531824246761172,58.004628360486635,-2.0634461788823915,60.78531909504752,0.2998345085312472
PedNYC9,PedNYC9_scenario7,7,47.0,-2.447992679423028,60.67287798769596,16.297983263524422,58.006340336933285,-2.0878602811506726,60.574530428674755,0.3733196842530916
PedNYC9,PedNYC9_scenario7,7,48.0,-2.542922211900872,60.531998254151546,16.13532076937332,58.00742554960939,-2.124839174245565,60.37243221107186,0.44749832231998027
PedNYC9,PedNYC9_scenario7,7,49.0,-2.608182618629378,60.42091937583949,15.982267112542813,58.00840868639484,-2.1630685110140933,60.17522842371259,0.5084197210525708
PedNYC9,PedNYC9_scenario7,7,50.0,-2.651404937860769,60.337485388080026,15.835445135238228,58.00930713883473,-2.1903117353644093,59.99391684962363,0.5750185057938679
PedNYC9,PedNYC9_scenario7,7,51.0,-2.6651066197625237,60.303927942049754,15.694619153571479,58.01014538201991,-2.2144874802290047,59.84895476035874,0.6403578725774955
PedNYC9,PedNYC9_scenario7,7,52.0,-2.6971518924187943,60.20149123266828,15.559373217896017,58.01092016738186,-2.248021514000097,59.683057567408575,0.6859238748528409
PedNYC9,PedNYC9_scenario7,7,53.0,-2.707508056449815,60.16685641371879,15.429477315547263,58.01162556798872,-2.277587970422157,59.52632988763707,0.771430820608269
PedNYC9,PedNYC9_scenario7,7,54.0,-2.6919518037360293,60.07165256118487,15.304736735779702,58.011882365929914,-2.301592656893684,59.3659782357695,0.8064468470233641
PedNYC9,PedNYC9_scenario7,7,55.0,-2.689411796591525,59.87545272849133,15.184956466876834,58.01175492094128,-2.3187361063245047,59.20312763019762,0.7677379143630859
PedNYC9,PedNYC9_scenario7,7,56.0,-2.7445899920074424,59.699630228098435,15.069826681283791,58.01185045080232,-2.335983135285132,59.03468440388436,0.7804566051358773
PedNYC9,PedNYC9_scenario7,7,57.0,-2.802650483498651,59.5170758162649,14.959025114869277,58.01188659667969,-2.3478834376586577,58.85606527571749,0.8023390808734249
PedNYC9,PedNYC9_scenario7,7,58.0,-2.830941376832263,59.353095227905165,14.851178196772056,58.011856389567136,-2.356572341355403,58.67640959408112,0.8263954433823394
PedNYC9,PedNYC9_scenario7,7,59.0,-2.842632650051078,59.135062730497324,14.745314811232724,58.011737111256245,-2.3641466241838485,58.48902231670298,0.8039384884465877
PedNYC9,PedNYC9_scenario7,7,60.0,-2.8381035333012528,58.90930533841913,14.640261798147375,58.011556819242095,-2.3742515033485385,58.299816905202135,0.765920920145521
PedNYC9,PedNYC9_scenario7,7,61.0,-2.851631193065507,58.6991868610039,14.53456391986299,58.01130998804407,-2.377963886139109,58.10713509211997,0.758212380991963
PedNYC9,PedNYC9_scenario7,7,62.0,-2.8751314098764524,58.46267907258366,14.426745228303274,58.01090914640053,-2.3804198148149536,57.89689128640748,0.7515686138167531
PedNYC9,PedNYC9_scenario7,7,63.0,-2.882788903135435,58.191108664537445,14.315335896691792,58.01040853776512,-2.3849380150197503,57.68907474822599,0.7070315126814307
PedNYC9,PedNYC9_scenario7,7,64.0,-2.8785273770968143,57.96811933568864,14.197545310953128,58.00972437350166,-2.3850501616211113,57.48117908866655,0.6932752457455754
PedNYC9,PedNYC9_scenario7,7,65.0,-2.8674874078755606,57.73128783444726,14.069674852591039,58.00889085359614,-2.3858143160856677,57.27315433712882,0.6647520355137361
PedNYC9,PedNYC9_scenario7,7,66.0,-2.8748106814375927,57.484449254142646,13.929152753024537,58.007918061855534,-2.3926217581637808,57.06570983848314,0.6386304533568886
PedNYC9,PedNYC9_scenario7,7,67.0,-2.903080105703763,57.246493846049106,13.774288534326304,58.00679826158326,-2.398558797595679,56.85803245375493,0.6367448497147203
PedNYC9,PedNYC9_scenario7,7,68.0,-2.9490838633438003,57.00080588093681,13.6019838440551,58.00616463476001,-2.4077036072231186,56.641970697922915,0.6495038647197646
PedNYC9,PedNYC9_scenario7,7,69.0,-2.9817630077817285,56.7639534360189,13.405809569639526,58.006451670821605,-2.415015727919912,56.43009099250135,0.6577739812597332
PedNYC9,PedNYC9_scenario7,7,70.0,-2.9967421636125757,56.51175760178697,13.179168893467288,58.00696046421723,-2.422020393678583,56.214470375648766,0.647058581320894
PedNYC9,PedNYC9_scenario7,7,71.0,-2.9942504175954694,56.262776308471764,12.918516561262702,58.00791906296595,-2.4269724397469417,56.008479002045576,0.6216682589673769
PedNYC9,PedNYC9_scenario7,7,72.0,-3.0095439800160344,56.019919545929184,12.622536441714182,58.00978971051056,-2.4299435337046402,55.79825016558253,0.6205433035233213
PedNYC9,PedNYC9_scenario7,7,73.0,-3.0396549103047072,55.78616749191767,12.290299265425292,58.01237455122725,-2.429735116082203,55.60030893962585,0.6376092509087642
PedNYC9,PedNYC9_scenario7,7,74.0,-3.081275584378711,55.556756864132,11.922355256483694,58.01565746489744,-2.4283082050858154,55.397561281777115,0.6720934695873354
PedNYC9,PedNYC9_scenario7,7,75.0,-3.1091947718256967,55.31800832290563,11.518193000280625,58.01933083382688,-2.421824706729757,55.212276096887436,0.695454462929643
PedNYC9,PedNYC9_scenario7,7,76.0,-3.1170653916509083,55.04154210715054,11.078003700937147,58.02372180641802,-2.4286736214789655,55.021437951914315,0.6886852737631488
PedNYC9,PedNYC9_scenario7,7,77.0,-3.0974429159424104,54.804570607494405,10.60059586270348,58.029078415559155,-2.4301330616127985,54.82563005956742,0.6676420764204601
PedNYC9,PedNYC9_scenario7,7,78.0,-3.087731443231469,54.5671853424135,10.081043118891941,58.03481552893413,-2.4192704527393323,54.63361400676902,0.6717535733122578
PedNYC9,PedNYC9_scenario7,7,79.0,-3.0904202200349435,54.32048820841537,9.515623865494565,58.03967839672534,-2.4121458929481774,54.450150393267315,0.6905565472613995
PedNYC9,PedNYC9_scenario7,7,80.0,-3.0879219510377487,54.06405496842381,8.90035211199954,58.04411427955511,-2.4150029778190207,54.28017516036704,0.7067728644220319
PedNYC9,PedNYC9_scenario7,7,81.0,-3.056631801139585,53.83907492901303,8.237259215756092,58.04689313146711,-2.419677318184543,54.13106105884797,0.7006903120298662
PedNYC9,PedNYC9_scenario7,7,82.0,-3.0074228563590393,53.65126080645277,7.527655058946907,58.04698864668937,-2.4217138474320294,53.98588990119725,0.6745603562230509
PedNYC9,PedNYC9_scenario7,7,83.0,-2.948768015803822,53.456494882085494,6.774138493229014,58.04481736819403,-2.416448032790178,53.8554228040764,0.6652127864522951
PedNYC9,PedNYC9_scenario7,7,84.0,-2.901031555956251,53.274363893480086,5.977368498987059,58.04002128318133,-2.401326535180318,53.73853539473803,0.6820266053232301
PedNYC9,PedNYC9_scenario7,7,85.0,-2.853269134084856,53.06342419669378,5.139690927830035,58.03215806856695,-2.3882335614430015,53.622922337058654,0.727527492878509
PedNYC9,PedNYC9_scenario7,7,86.0,-2.792902545571653,52.868459199390884,4.260746971320073,58.02077844479428,-2.3730247323670524,53.51437246562652,0.7703903721624952
PedNYC9,PedNYC9_scenario7,7,87.0,-2.7147305578324445,52.71407784054892,3.3421028466488405,58.00635527889877,-2.3560070565428965,53.41362143574351,0.7861576126675909
PedNYC9,PedNYC9_scenario7,7,88.0,-2.6192405490105957,52.57047647697592,2.3838537669441204,57.99193621109782,-2.346549734106968,53.308988712921284,0.787248755587347
PedNYC9,PedNYC9_scenario7,7,89.0,-2.5337333561959,52.44481181193182,1.387039632303416,57.980697466616824,-2.345545922200913,53.1990945984884,0.7774040342120541
PedNYC9,PedNYC9_scenario7,7,90.0,-2.463995940113359,52.32844810561182,0.3534813944989618,57.97435238287943,-2.342508721773835,53.09239776554801,0.7735491110049134
PedNYC9,PedNYC9_scenario7,7,91.0,-2.415726129225494,52.241655592915656,-0.7154197395034312,57.976515211112016,-2.3279039841640072,53.000645687088635,0.7640541160257623
PedNYC9,PedNYC9_scenario7,7,92.0,-2.3525697849110596,52.121398489566474,-1.8142860605065887,57.982984589209785,-2.3174661549219384,52.903490603800336,0.7828795181796527
PedNYC9,PedNYC9_scenario7,7,93.0,-2.2781061110211254,52.00913091750607,-2.9308976871389385,57.98804348477845,-2.3121221130082104,52.81277449724459,0.8043631590557386
PedNYC9,PedNYC9_scenario7,7,94.0,-2.204007438606694,51.950449390794454,-4.043057717335405,57.98988469215612,-2.2979602575939535,52.73566537135801,0.7908168361435159
PedNYC9,PedNYC9_scenario7,7,95.0,-2.1454406986966617,51.93310870338894,-5.129177297936073,57.98517873029343,-2.2809311975388096,52.676771167182345,0.755904448546093
PedNYC9,PedNYC9_scenario7,7,96.0,-2.0959843419616817,51.91169039006479,-6.178771098378326,57.97385865845049,-2.262184356888782,52.629616521065046,0.7369127319667933
PedNYC9,PedNYC9_scenario7,7,97.0,-2.061289544129395,51.88411801009998,-7.189534993061275,57.960348568511186,-2.243680630893629,52.58158742277772,0.720923081994238
PedNYC9,PedNYC9_scenario7,7,98.0,-2.027997787292309,51.84034687570764,-8.160643176057965,57.946391565941454,-2.220235810599497,52.52867242029464,0.7146660149580696
PedNYC9,PedNYC9_scenario7,7,99.0,-2.0000558924483056,51.79790953098232,-9.094211548009214,57.93250693588571,-2.1944083224174116,52.4889274365392,0.7178290972335392
PedNYC9,PedNYC9_scenario7,7,100.0,-1.980383276939392,51.76662826538086,-9.990323066711426,57.92334365844727,-2.202244071733384,52.49667485555013,0.763013916048983
